S015000062745F7065726970686572616C5F2E7333371F
S31508000000C00A00203D0C0008A7340208A7340208DD
S3150800001055840208A7340208A7340208A734020840
S31508000020A7340208A7340208A7340208A73402082E
S31508000030A7340208A73402083D850208A734020837
S31508000040A7340208A7340208A7340208A73402080E
S31508000050A7340208A7340208A7340208A7340208FE
S31508000060A7340208A7340208A7340208A7340208EE
S31508000070A7340208A7340208A7340208A7340208DE
S31508000080A7340208A7340208A7340208A7340208CE
S31508000090A7340208A7340208A7340208A7340208BE
S315080000A0A7340208A7340208A7340208A7340208AE
S315080000B0A7340208A7340208A7340208A73402089E
S315080000C0A7340208A7340208A7340208A73402088E
S315080000D0A7340208A7340208A73402087B390208A5
S315080000E053390208A7340208A7340208A7340208BD
S315080000F0A7340208F1CA01088DD50108871103083B
S315080001008311030835CD01089D1103088B110308D7
S315080001105DD501088F110308CDD5010839D6010828
S31508000120A7340208A7340208A7340208A73402082D
S31508000130F9800208A7340208A7340208A73402087F
S31508000140A7340208A7340208A7340208A73402080D
S31508000150A7340208A7340208A7340208A7340208FD
S31508000160A7340208A7340208A7340208A7340208ED
S31508000170A7340208A7340208A7340208A7340208DD
S31508000180A7340208A7340208A7340208FD54030856
S315080001909DB00108A73402087111030877110308F6
S315080001A0A7340208A7340208A7340208A7340208AD
S309080001B0A734020858
S315080001B400B583B0184BDB6903F48033002B02D0F7
S315080001C46FF0010324E0144B03F580531A46012308
S315080001D4D360114B03F500531A46012313640E4BDF
S315080001E44FF480721A610021012000F0D3F8034607
S315080001F48DF80730084B03F580531A460123136418
S31508000204054B03F500531A460123D3609DF90730BD
S31508000214184603B05DF804FB0000035000B585B02A
S315080002240190234B03F580531A464FF480339366A3
S31508000234204BDB6903F48033002B14BF012300230E
S315080002448DF80E301B4B41F67132DA63194B03F500
S3150800025480531A460123D360164A019B5361154BF2
S3150800026402221A610021212000F094F803468DF831
S315080002740F309DF90F30002B06D10021212000F004
S3150800028489F803468DF80F300A4B03F500531A46CE
S315080002940123D3609DF80E30002B02D0054B0022B3
S315080002A4DA639DF90F30184605B05DF804FB00BF04
S315080002B4008000500000035000B58BB003900291F3
S315080002C4019200238DF81F30304B03F580531A46EC
S315080002D44FF4803393662E4BDB6903F48033002B8B
S315080002E414BF012300238DF81E30294B41F67132C1
S315080002F4DA63274B03F580531A460123D360039B1D
S315080003040993029B089329E0019B0693099B03F52D
S31508000314005323F4FF5323F01F03099A9B1A0593EA
S31508000324059A069B934228BF13460493049A089990
S31508000334099800F06FF803468DF81F309DF91F30B1
S31508000344002B0FD1099A049B13440993089A049B1A
S3150800035413440893019A049BD31A0193019B002B17
S31508000364D2D100E000BF0A4B03F500531A46012315
S31508000374D3609DF81E30002B02D0054B0022DA63A9
S315080003849DF91F3018460BB05DF804FB0080005039
S315080003940000035084B0019000911B4B03932AE09C
S315080003A41A4BDB690293029B03F00403002B02D069
S315080003B44FF0FF3324E0019B03F00103002B07D120
S315080003C4029A134B1340002B02D06FF0010317E077
S315080003D4029A019B1340009A9A4209D1029A0C4B3D
S315080003E41340002B02D06FF0010309E0002307E055
S315080003F4039B013B0393039B002BD1D16FF00203AC
S31508000404184604B0704700BF809698000000035051
S315080004140200010000B587B0039002910192274AB1
S31508000424039B5361254BDB6903F00403002B02D0BD
S315080004344FF0FF333DE0029B1A1D02921F4A1B68C8
S315080004449361019B043B019319E008210820FFF7F7
S31508000454A1FF03468DF817309DF91730002B05D0F8
S31508000464164B04221A619DF9173022E0029B1A1DC5
S315080004740292124A1B689361019B043B0193019BF8
S31508000484002BE2D10D4B04221A6100212120FFF72B
S3150800049481FF03468DF817309DF91730002B06D1D6
S315080004A400212120FFF776FF03468DF817309DF9C2
S315080004B41730184607B05DF804FB00BF0000035068
S315080004C4000000000000000000000000000000001A
S315080004D8002370B5404C05468AB0E36318B1008816
S315080004E8236011F00DFC3D4830F02EF93C4E3D4B8B
S315080004F8304633603C4B73602DF0B5F90021304621
S3150800050816F000FA32A3D3E90023A062C4E9062349
S315080005182DF0B4F9D4E9062319431043C4E90601B2
S31508000528CDE900014FF0FF334FF0FF32A06A30F0F3
S31508000538B2F902224FF0FF31A06A30F0B1F9012072
S3150800054811F05EF94FF4007300222849A06A30F0CA
S3150800055808FAB0F5007F39D1002394220793099346
S315080005683C23CDE903320593962306935023A06AC4
S3150800057803A9089316F0E0FA35B3287C11F0ACFE07
S315080005880546F0B9A06A30F0E1FA11F053FE11F009
S3150800059819F920B14FF4807000210EF06BF811F0AC
S315080005A821F920B14FF4006000210EF063F82DF010
S315080005B835FA012030F09CF80D4A0E49A06A2DF04C
S315080005C850F928460AB070BDFF20D7E70725F8E78F
S315080005D80DD5015520000000300B0020690345ECB5
S315080005E8A41B002041160108B41B0020A4190020EA
S315080005F813D8020853D802080348044B834202D08A
S31508000608034B03B118477047402B0020402B0020A6
S3150800061800000000064B0749C91A891048BF01316E
S31508000628491003D0044B0BB101481847704700BF5F
S31508000638402B0020402B00200000000010B5064C77
S31508000648237843B9FFF7D8FF044B13B10448AFF32F
S3150800065800800123237010BD7E24002000000000BE
S3150800066864B0030808B5054B1BB105490548AFF33F
S315080006780080BDE80840FFF7CDBF00BF00000000B6
S31508000688B00D002064B00308A3F5803A704700BF90
S31508000698174B002B08BF134B9D46FFF7F5FF0021A4
S315080006A88B460F461348144A121A30F0A7FE0E4B0B
S315080006B8002B00D098470D4B002B00D098470020F8
S315080006C8002104000D000D48002802D00C48AFF39D
S315080006D800801DF00FFB2000290022F02DFE1DF0DA
S315080006E8AFF900BF00000800000000000000000085
S315080006F8C00A0020C00A002080250020000000004B
S31508000708000000002DE9F0438DB000AFBA601A4624
S315080007180346FB730B46BB811346FB806B461E4696
S315080007280023FB85FB8801333C4A1288934203DA87
S31508000738FB8802339BB201E0384B1B887B85798D91
S315080007480B46013B7B628BB20022984691464FF0D6
S3150800075800024FF000034FEAC90343EA58734FEA09
S31508000768C8028BB200221C4615464FF000024FF00D
S315080007780003EB0043EA5473E2000B460733DB0831
S31508000788DB00ADEB030D6B4600333B62FB88DAB240
S315080007983B6A1A70FB881B0A9BB2DAB23B6A5A7024
S315080007A83B6A02337A8DB968184630F032FE7A8D7C
S315080007B8B989F87B3B6A15F029FDF8617A8DFB8DB6
S315080007C813449BB2023BFB85FA887B8DD31A9BB2EE
S315080007D80233BB8518E0114B1B88BA8D934228BF94
S315080007E813467B837C8BFB8DBA681344B989F87BDF
S315080007F8224615F00BFD7861FA8D7B8B1344FB8531
S31508000808BA8D7B8BD31ABB85BB8D002BE3D1B54636
S3150800081800BF3437BD46BDE8F08300BF022B002071
S3150800082808B5044800F0C2FA024822F031FF00BFB2
S3150800083808BD00BFFC58030800B5A9B000F046F982
S31508000848164822F0BCFE0346002B14BF01230023DA
S31508000858DAB2134B1A70134B1B7883F00103DBB219
S31508000868002B13D00E4B1B78002B0FD00E4A6B4665
S315080008781146A022184630F0CCFD0C4B1B88D8B27E
S315080008880B4B19886A46A023FFF73CFF044B1A78D6
S31508000898044B1A7000BF29B05DF804FBFC5803081E
S315080008A8802400207F240020A8550308062B002052
S315080008B83024002030B58FB00390039B1B6823F4BF
S315080008C87F4323F007036A4A934200F0BF80684AC9
S315080008D8934200F2C180674A934200F0BF80654A96
S315080008E8934200F2B980644A93427FD0624A93429F
S315080008F800F2B280614A934200F09D805F4A9342B3
S3150800090800F2AA805E4A934200F0AA805C4A9342A3
S3150800091800F2A2805B4A93424FD05A4A934200F2A9
S315080009289B80594A934235D0574A934200F294809D
S31508000938564A934203D0564A934238D08CE05548D3
S315080009481DF034F954481DF031F9544815F092FB56
S31508000958524B1B780121184615F0C6FB4F4B1B78DE
S315080009680221184615F0D4FB4C4B1878002300933F
S315080009780023A022A02115F095FB494B1B8848495E
S31508000988184612F0EFFB454B1B780221184615F05E
S31508000998D3FB6AE0414B1B780221184615F0B8FBD1
S315080009A83E4B1B780221184615F0C6FB5DE0039BF3
S315080009B81B7B1A463B4B1A8057E0039BB3F8073054
S315080009C89AB2394B1A80039B1879039BB3F80730F8
S315080009D899B2364B1A88324B1C88354B1B8800252A
S315080009E801950093234615F0EBFB3EE0039BDB7964
S315080009F8012B37D1039B1B7AFF2B33D1294B1B8835
S31508000A08DBB2294A11882A4A1288184615F014FCB6
S31508000A18284B05AC1D460FCD0FC40FCD0FC42B6848
S31508000A282360204B1B88D8B21F4B198805AA242394
S31508000A38FFF768FE16E0039BDB79012B14D1039BAD
S31508000A48B3F805309AB21C4B1A800DE0039B1B7944
S31508000A58184615F085FB08E000BF06E000BF04E06D
S31508000A6800BF02E000BF00E000BF00BF0FB030BD06
S31508000A78A0000A05A0004304A0004303A0000A0337
S31508000A88A0000402A0004301A0000601A00001007E
S31508000A98A00006004856030854560308182B0020D9
S31508000AA8022B0020062B002030240020002B0020D3
S31508000AB8042B002070560308082B0020024B00223E
S31508000AC81A8000BF704700BF3224002000B583B0E3
S31508000AD800238DF8073034F0FFF900900A4B1B887D
S31508000AE8002B08D0084B1B88013B9AB2064B1A8084
S31508000AF801238DF80730009834F0E1F99DF807309E
S31508000B08184603B05DF804FB3224002000B589B006
S31508000B180190019B1B6823F47F4323F00703324A9D
S31508000B2893425AD1314B08220021122012F034FB85
S31508000B380790079B002B01D000BEFDE72C4B03222C
S31508000B480021142012F028FB0790079B002B01D0E0
S31508000B5800BEFDE7274B05220021162012F01CFBD4
S31508000B680790079B002B01D000BEFDE70DF1130285
S31508000B7805AB1146184615F005FB0790079B002B91
S31508000B8801D000BEFDE79DF819308DF808309DF8AC
S31508000B9818308DF809309DF817308DF80A30FF237C
S31508000BA88DF80B30FE238DF80C309DF816308DF82D
S31508000BB80D309DF815308DF80E309DF814308DF8E7
S31508000BC80F3002AB08220021182012F0E5FA079028
S31508000BD8079B002B03D000BEFDE700BF00E000BF5F
S31508000BE800BF09B05DF804FBA0000100945603088D
S31508000BF8A0560308A456030808B5024822F09BFC29
S31508000C0800BF08BDFC58030800B583B0064A074B61
S31508000C18D31A9B100193019A0549044822F029FC26
S31508000C2800BF03B05DF804FBD4040008B40100084B
S31508000C388025002000B585B000F04AF8FFF7E4FFE4
S31508000C481F4B039319E0002302930EE0039B1A68CF
S31508000C58029B9B001A44039B5968029B9B000B4402
S31508000C6812681A60029B01330293039B9B68029AD7
S31508000C789A42EBD3039B0C330393039B114A934283
S31508000C88E1D3114B019314E00023009309E0019B7B
S31508000C981A68009B9B00134400221A60009B0133C4
S31508000CA80093019B5B68009A9A42F0D3019B08332C
S31508000CB80193019B054A9342E6D3FFF7E9FC00BF77
S31508000CC86CB0030878B0030878B0030878B003084E
S31508000CD808B5214B214A9A601F4BD3F888301E4A1B
S31508000CE843F47003C2F888301D4B03F580531A463F
S31508000CF84FF4804393661B4B03F500531A464FF08F
S31508000D08FF331366174B03F500531A466FF400337F
S31508000D185366144B03F500531A460D239366124B74
S31508000D2802221A60BFF34F8F00BFBFF36F8F00BF51
S31508000D38002008F003FF0B4B03F500531A464FF43F
S31508000D484033D360002027F0D8F9064B4FF44032D9
S31508000D581A6100BF08BD00BF00ED00E000000008EA
S31508000D680080005000800044D0ED00E082B0019079
S31508000D78024A019B136000BF02B07047442900204D
S31508000D8800B583B00190074A019B1360064B1B6F99
S31508000D9803F00703032B01D132F090FA00BF03B022
S31508000DA85DF804FB3C2900200080005000B58DB092
S31508000DB80390039B0B930B9B1B680A930A9B1B794F
S31508000DC88DF814300A9B5B798DF81530254827F07D
S31508000DD84AF905AB00220121184622F0A4FC0DF1B8
S31508000DE8130205AB1146184622F06BFD9DF8133021
S31508000DF883F00103DBB21A460A9B1A700A9B9B7991
S31508000E08022B29D14FF0FF3307934FF0FF33069390
S31508000E1807A905A80B9B0093134B002200F030F98D
S31508000E280990079BB3F1FF3F09D106A905A80B9BB3
S31508000E3800930D4B042200F03BF809900CE00123BF
S31508000E488DF823309DF8232006A905A80B9B009347
S31508000E58054B00F02DF80990002318460DB05DF8EB
S31508000E6804FB00BFA46B03086D35020808B50F48D4
S31508000E7827F0F9F8272008F043FE0346002B05D08B
S31508000E88272008F05BFE272027F037F9282008F0E6
S31508000E9837FE0346002B05D0282008F04FFE2820E9
S31508000EA827F02BF90023184608BD00BFA46B0308D2
S31508000EB800B587B003900291009313468DF8073062
S31508000EC8039B002B02D0029B002B01D1222393E01F
S31508000ED8039B1B78002B16D0039B1B78012B0FD07E
S31508000EE8039B1B78022B08D0039B1B78032B02D184
S31508000EF840F2FF7309E0002307E043F6FF7304E0B6
S31508000F0840F2FF3301E043F6FF73039A5278D34061
S31508000F1803F00103002B05D1039B1B78FF2B01D097
S31508000F28212369E09DF80730002B0DD09DF807307E
S31508000F38012B09D09DF80730022B05D09DF80730FC
S31508000F48042B01D0212357E033F0E0FF0590039BDB
S31508000F581B78FF2B0AD0029B1B689DF807201946A9
S31508000F68039804F0B3FD0246029B1A60029B1B68AD
S31508000F78B3F1FF3F0FD1039B1B78FF2B0BD104F06E
S31508000F887FFC0490039B5B780499184624F075FF48
S31508000F980246029B1A60029B1B68B3F1FF3F22D0E8
S31508000FA8029B1A68164913465B0013449B000B44B8
S31508000FB80433009A1A60029B1A68114913465B00A3
S31508000FC813449B000B440833089A1A60039B1B7842
S31508000FD8FF2B0DD0029B1B68012202FA03F3184661
S31508000FE804F024FC04E0059833F082FF2D2303E07F
S31508000FF8059833F07DFF0023184607B05DF804FB13
S31508001008C80D002000B585B00190019BB3F1FF3FDC
S3150800101805D0019B0F2B02DC019B002B01DA21234B
S3150800102828E033F073FF03900122019B02FA03F3C9
S31508001038184604F017FC0122019B02FA03F3184626
S3150800104804F002FC0D49019A13465B0013449B0001
S315080010580B44043300221A600849019A13465B00B8
S3150800106813449B000B44083300221A60039833F094
S315080010783FFF0023184605B05DF804FBC80D00209D
S3150800108800B587B003900291009313468DF8073090
S31508001098039B002B02D0029B002B01D122236DE073
S315080010A8039B1B78002B16D0039B1B78012B0FD0AC
S315080010B8039B1B78022B08D0039B1B78032B02D1B2
S315080010C840F2FF7309E0002307E043F6FF7304E0E4
S315080010D840F2FF3301E043F6FF73039A5278D34090
S315080010E803F00103002B05D1039B1B78FF2B01D0C6
S315080010F8212343E033F00AFF0590039B1B78FF2B57
S315080011080AD0029B1B689DF807201946039824F005
S3150800111863FF0246029B1A60029B1B68B3F1FF3FF6
S3150800112823D0029B1A68174913465B0013449B0091
S315080011380B44B833009A1A60029B1A681149134679
S315080011485B0013449B000B44BC33089A1A60039B44
S315080011581B78FF2B0ED0029B1B681033012202FA5C
S3150800116803F3184604F062FB04E0059833F0C0FE62
S315080011782D2303E0059833F0BBFE0023184607B075
S315080011885DF804FBC80D002000B587B0019034E06F
S31508001198019822F0B1FA05900122059B02FA03F399
S315080011A8DB43019A13400193059B0F2B08D8059A30
S315080011B813465B0013449B00144A134404930EE039
S315080011C8059BA3F1100213465B0013449B00B0333A
S315080011D80E4A134404330493059B103B0593049B5A
S315080011E85B68002B09D0049B5B680393059BDAB2FE
S315080011F8049B9968039B10469847019B002BC7D107
S3150800120800BF00BF07B05DF804FB00BFC80D00208B
S3150800121800B593B00790069111461A460B468DF805
S31508001228173013468DF8163000230893069B1B695A
S315080012381946079822F04DFC034683F00103DBB2F2
S31508001248002B01D01C23B6E0079BDB6A1093109984
S315080012585B4801F01FFC08AB02939DF81630019312
S315080012689DF817300093109B554A0699079822F05F
S315080012784EFE0F900F9B002B04D1514B9A68079B83
S31508001288DA627CE01099079822F07AFC0E900E999B
S31508001298079822F067FC0346184624F0C3FC0D900D
S315080012A8079BDB6A1946079822F03BFD0C90079BBB
S315080012B89B6A0C9A9A4261D0079B0C9ADA62404B51
S315080012C89B681946079822F011FD0246079B1B6B77
S315080012D89A1A079B1A63109A0D9BD31A0B93089BA5
S315080012E81946079822F04CFC0A900A9A0E9B9A42CD
S315080012F821D10B9B002B1ED0079BDB6B9B69079A9A
S31508001308D06A0B9A92080D9998471190079BDB6A41
S315080013180B99184622F01DFC0246079BDA62079BC2
S315080013281A6B0B9BD21A079B1A63079B0833184636
S3150800133801F094FA01E0002311930A99079822F01C
S3150800134811FC0990079BDB6B0999184624F071FB79
S31508001358079823F067F9079822F0FFFC0246079BCF
S315080013681A63119B002B0AD0069B1B691946079816
S3150800137822F0AFFB0346002B84D100E000BF0F9B89
S31508001388002B09D0069B1B691946079822F0A1FB72
S315080013980346002B7FF458AF0F9B002B0AD1079BF7
S315080013A803F10800069B1968054B5A689DF816301C
S315080013B801F0D6FA0F9B184613B05DF804FB00BF78
S315080013C8D415002000B587B00390029101920093C6
S315080013D8039B5B69009A9A4201D9622332E0039813
S315080013E823F0EFFB9DF82030032B06D000990398CD
S315080013F822F082FB0346002B01D0012300E00023DC
S315080014088DF817309DF8173083F00103DBB2002BEF
S3150800141801D01C2316E04FF0FF310C4801F03AFBC7
S315080014280A4A029B1360094A009B1361074A019BF3
S31508001438D3609DF82030002204490398FFF7E8FE98
S315080014480490049B184607B05DF804FBA81500200D
S3150800145810B594B00590049103928DF80B300023CB
S315080014688DF84F30059BDB6B5B69039A50680CA9AE
S3150800147801229847059BDB6B5B690BA90122049837
S3150800148898470CAB184624F088F90346002B0BD06E
S31508001498039B00229A75039B00225A75039B4FF0FB
S315080014A8FF329A600023DFE10BAB184624F09EF959
S315080014B81190039B01229A75039B1B7E039A03339B
S315080014C8DB001344049A5A60039B1B7E039A033372
S315080014D8DB00134400221A81039B5B68049A9A422C
S315080014E80FD1039B119A1A600BAB184624F0C3F95F
S315080014F803461A46039B1A75039B4FF0FF329A60F8
S3150800150833E0039B1B68119A9A4202D0039B002278
S315080015189A750BAB184624F0AEF903461A46039B90
S315080015281B7D9A4202D0039B00229A750BAB18467C
S3150800153824F066F903461C460CAB184624F060F9F5
S3150800154803469C4202D0039B00229A750BAB1846A9
S3150800155824F061F904460CAB184624F05CF90346F6
S315080015689C4202D0039B00229A75039B1B7D042B81
S3150800157807D0039B1B7D052B03D0039B1B7D062BDE
S3150800158804D1039B00229A7500236DE10BAB18461C
S3150800159824F036F90346002B0CD0059BDB6B5B69F8
S315080015A809A902220498984709AB184624F042F973
S315080015B8129004E00BAB184624F03CF91290039BF2
S315080015C81B7D032B29D801A252F823F00D16000813
S315080015D8F7150008E515000839160008039B1B7E51
S315080015E8039A0333DB001344CC221A8121E0039BB8
S315080015F81B7E129A91B2039A0333DB0013440A46F8
S315080016081A8116E0039B1B7E129A91B2039A03333A
S31508001618DB0013440A461A810BE0039B1B7E129AC9
S3150800162891B2039A0333DB0013440A461A8100E091
S3150800163800BF039B1B7D184601F05AFA03461A4653
S31508001648169B1A70039B1B7E1C460BAB184624F088
S31508001658B1F803461946039AE31CDB0013440A4605
S315080016689A72039B1B7E039A0333DB0013441B8978
S315080016781293039B1B7E039A0333DB0013449B7A5E
S315080016888DF843300BAB184624F0BAF803468DF8A4
S3150800169842300BAB184624F0BEF80F909DF842303E
S315080016A8002B0FD0059BDB6B5B6907A90222049800
S315080016B8984707AB184624F043F803461A46039B8F
S315080016C85A7507E00BAB184624F015F803461A4670
S315080016D8039B5A75039B5B7D83F00103DBB2002BE2
S315080016E802D0039B00229A75039B9B7D002B21D071
S315080016F8129B002B1ED00F99049822F02AFA0E90F6
S31508001708049A0E99059822F04BFA034683F00103CA
S31508001718DBB2002B02D0039B00229A750E99059816
S3150800172822F0E4FA0D90129A0D9B9A4202D9039B6D
S3150800173800229A75039B9B7D002B30D09DF8433079
S31508001748002B07D1039BDB7D002B28D001238DF8BE
S315080017584F3024E0039B0122DA75039B5B7E83F0F6
S315080017680103DBB2002B0BD09DF84330012B03D1C4
S31508001778039B01225A7612E001238DF84F300EE0BA
S315080017889DF84330012B03D101238DF84F3006E02D
S315080017989DF84330032B02D1039B01229A76039BBB
S315080017A89B7D002B1BD09DF84F3083F00103DBB2DD
S315080017B8002B0BD19DF84F30002B10D09DF84330E5
S315080017C8012B0CD09DF84330002B08D0129B0F9A9A
S315080017D80499059822F06EFB0246039B9A60039BC0
S315080017E89B7D002B05D0039B1A69129B1A44039B01
S315080017F81A61039B1A7E1E4B1B789A4206D2039BD4
S315080018081B7E0133DAB2039B1A7602E0039B002299
S315080018189A759DF80B30002B24D0039B9B7D002BD3
S3150800182820D0039BDB7D002B1CD09DF84F3083F01E
S315080018380103DBB2002B15D09DF84330032B11D0DA
S31508001848039B9B68B3F1FF3F0CD0039B9968169BD3
S3150800185800930123039A0598FFF7FAFD03461A46EB
S31508001868039B9A75039B9B7D184614B010BD00BF51
S315080018783059030800B593B003900291019200937A
S315080018884FF0FF33109300238DF83F3000238DF86F
S315080018983E3000238DF817304FF0FF31019801F0DC
S315080018A8F9F8029822F0DEFA0346002B08D0039BC3
S315080018B808330DF116020299184601F019F8109026
S315080018C8109BB3F1FF3F18D01099019801F0E2F880
S315080018D80DF1170301220199039822F017FE034612
S315080018E88DF83D309DF83D30002B06D001238DF844
S315080018F83F309DF81720009B1A70029822F0A6FA26
S315080019080346002B0CD19DF83F3083F00103DBB268
S31508001918002B00F0BB80039B1B7C002B00F0B680D5
S31508001928039BDB6AB3F1FF3F07D1039B5B6A194642
S31508001938039822F0A4F9119006E0039BDB6A19467E
S31508001948039822F01DF91190029822F07FFA0346AF
S31508001958002B14BF01230023DBB283F00103DBB29B
S315080019688DF83C309DF83C3003F001038DF83C3087
S31508001978039B5B6A119A9A4202D101238DF83E307D
S315080019881199039822F0EEF80E90039BDB6B5B69BE
S3150800199806A905220E98984706AB184624F0D5F8E6
S315080019A803468DF837309DF83730184624F010F975
S315080019B80E9824F037F90C900C9B109333E0109985
S315080019C8394801F067F80DF117039DF83C203649A8
S315080019D8039822F09BFD03468DF83D309DF83D306F
S315080019E8002B1DD09DF83C3083F00103DBB2002B99
S315080019F808D19DF83C30002B12D02B4B1B68029A55
S31508001A089A420DD101238DF83F309DF81720009B87
S31508001A181A70264B1B681A46234901982FF0F9FCB9
S31508001A28214B9B681093109BB3F1FF3F07D00C9A84
S31508001A381099039822F0B4F80346002BBFD11199E0
S31508001A48039822F01CF911909DF83E3083F00103A3
S31508001A58DBB2002B06D09DF83F3083F00103DBB2DA
S31508001A68002B85D19DF83F30002B0FD0029822F025
S31508001A78F9F90346002B09D0039B03F10800019BDB
S31508001A885A68009B1B78029900F06AFF9DF83F3058
S31508001A98002B01D0002300E02D230B930B9B18463F
S31508001AA813B05DF804FB00BFD415002034590308A9
S31508001AB800B587B00190019B4FF0FF32DA620DF14D
S31508001AC80B032A4A6FF001010198FFF7D3FE049029
S31508001AD8049B002B04D1254B9A68019BDA6203E024
S31508001AE8019B9A6A019BDA62019BDB6A0593019B53
S31508001AF8DB6A1946019822F07FF90246019B1A63A8
S31508001B08019B1B6B002B08D1019BDB6A19460198C0
S31508001B1822F007F90246019BDA620599019822F034
S31508001B2800F9059018E00599019822F065F90390DF
S31508001B38019B1A6B039B1A44019B1A630599019822
S31508001B4822F0EFF80590039B002B05D1019B002294
S31508001B581A63019B059ADA62019B9B6A059A9A425F
S31508001B68E1D100BF00BF07B05DF804FBA815002047
S31508001B7810B586B00390019200930B468DF80B308A
S31508001B88039B9B6A059346E00599294800F082FF5E
S31508001B980DF1110301222649039822F0B7FC0346E2
S31508001BA88DF813309DF81330002B10D09DF81120AE
S31508001BB8019C009B1E490398A04703468DF81230DE
S31508001BC89DF8123083F00103DBB2002B2DD1184B98
S31508001BD89B68B3F1FF3F03D0154B9B68059306E056
S31508001BE8134B5B681946039822F09BF805909DF8F5
S31508001BF80B30012B0FD10E4B5B681A4605990398D3
S31508001C0821F0CEFF034683F00103DBB2002B02D096
S31508001C184FF0FF330593039BDB6A059A9A4205D072
S31508001C28059BB3F1FF3FAFD100E000BF06B010BD7A
S31508001C380016002010B588B0039002910093134649
S31508001C488DF807300A9B0793079B1B6806939DF830
S31508001C580730032B79D0079B18680DF11303404A00
S31508001C680299FFF707FE0246079B5A60079B5B68BF
S31508001C78002B6AD1079B1868394B5968079B1B685C
S31508001C889B6A1A4621F08CFF0346002B5DD0079BFA
S31508001C981B7A012B0CD1324B1A69079BDB681A444D
S31508001CA8069B5B699A4203D9079B00221A744CE083
S31508001CB8079B1A68079B1B689B6A1946104621F0FA
S31508001CC85FFF0446079B1A68079B1B68DB6A194669
S31508001CD8104621F055FF03469C421CD1069B5C6CB6
S31508001CE8069BDB6A1946069822F010F80346E31A9B
S31508001CF80593069B1A6B059BD21A069B1A63079BC4
S31508001D081A68079B1B68996A079B1C68104622F085
S31508001D1808F80346E362079BDA68114B1B69134404
S31508001D2803F10802079BDA60079B18689DF80730D5
S31508001D3801220B49FFF76CFA0246079B5A60079B74
S31508001D485B68002B01D0002307E0079B1B7A012B51
S31508001D5802D1079B1B7C00E00123184608B010BD7A
S31508001D68A815002000B587B0039002910093134682
S31508001D788DF80730009B05939DF80730032B42D052
S31508001D88029B19680DF11303254A0398FFF772FD9C
S31508001D980246059B5A60059B5B68002B33D19DF864
S31508001DA81330032B2FD01E4B5A68029B5B689A4246
S31508001DB829D1059B1B7A012B0CD1029B1A69059B15
S31508001DC8DB681A44039B5B699A4203D9059B002280
S31508001DD81A7418E0059BDA68029B1B69134403F119
S31508001DE80802059BDA609DF80730012202990398D4
S31508001DF8FFF70EFA0246059B5A60059B5B68002B9F
S31508001E0801D0002307E0059B1B7A012B02D1059B0D
S31508001E181B7C00E00123184607B05DF804FB00BFE9
S31508001E28A815002000B58FB001900B468DF8033031
S31508001E38019B5B6A1946019821F094FE0D90019B57
S31508001E48DB6B5B6907A905220D98984707AB184607
S31508001E5823F07BFE03468DF833309DF83330012B8B
S31508001E6801D100234FE0019B0293002303939DF8B9
S31508001E7803308DF810300023059301238DF81830A8
S31508001E88019B9A6A019BDB6A9A4212D1019B9B6A5B
S31508001E981946019821F045FF0246019BDA62019B23
S31508001EA81A6B019B5B6CD31A03F11402019B1A6324
S31508001EB814E0019B1B7C83F00103DBB2002B07D0DF
S31508001EC8019B083302AA1249184600F093FD05E05B
S31508001ED802AB104A01210198FFF74AFE039B002B23
S31508001EE810D19DF81830002B0CD0019B5B6A194657
S31508001EF8019821F037FE0D90019BDB6B0D9918466A
S31508001F0823F0B3FD039B18460FB05DF804FB00BF2A
S31508001F183D1C00086D1D000800B585B00190019BA1
S31508001F281B7C83F00103DBB2002B07D0019B083327
S31508001F38019A2049184600F05DFD05E000231E4A6F
S31508001F4801210198FFF714FE019B5B6A194601985F
S31508001F5822F075FC0390039B01330393019B5B6A8C
S31508001F68039A1946019822F0CDFC0290029B002B91
S31508001F7808D1019B1A6B019B5B6C1344A3F11402ED
S31508001F88019B1A63019B9B6A1946019821F0C9FEB1
S31508001F980246019B9A62019B9B6A1946019821F0A1
S31508001FA8EFFD0246019B5A62029B184605B05DF88A
S31508001FB804FB00BF434902088549020800B583B0F7
S31508001FC80190019B0833184600F048FC0023044A90
S31508001FD800210198FFF7CCFD00BF03B05DF804FBAC
S31508001FE8A150020810B586B001900091644B1B6891
S31508001FF80493634B00221A60019B002B01D121230D
S3150800200819E1019B93F83430002B2BD0009B1A68F2
S31508002018019B1B689A4223D1009B5A68019B5B68FF
S315080020289A421DD1009B9A68019B9B689A4217D1D0
S31508002038009BDA68019BDB689A4211D1009B1A69F2
S31508002048019B5B699A420BD1009B9A69019BDB6BE2
S315080020589A4205D1009B5A69019B9A610023EAE0D6
S315080020685D23E8E0019B9B6B0393502200210198AE
S315080020782FF0C4F9019B039A9A63009B1A68019B7F
S315080020881A60009B5A68019B5A60009B1A69019B53
S315080020985A61009B5A69019B9A61019B03F10800E2
S315080020A8009B9968009BDB681A4600F0C5FB009BF5
S315080020B89A69019BDA63009B9B699B68019A40327F
S315080020C8104698470590059B002B0CD1019B5B6C25
S315080020D8002B08D0019B5A68019B5B6CB2FBF3F294
S315080020E8019BDA6102E0019B0022DA61019B93F801
S315080020F84330002B01D121239DE0019B5B6C002B0B
S3150800210803D0019BDB69002B01D15B2393E0019B7C
S315080021181B681A46019B5B6CB2FBF3F101FB03F3E0
S31508002128D31A002B01D0592385E0019B5B68019AD5
S31508002138526CB3FBF2F101FB02F29B1A002B01D099
S31508002148592378E0019B5C68019821F0B2FC0346A4
S315080021589C4201D25A236EE0019B5B69B3F5805F06
S3150800216801D95F2367E0019B5B69CB2B01D85F2305
S3150800217861E0019B5B6CB3F5007F03D25B235AE0F1
S31508002188300F00200321019823F057F8019BDB6BD9
S315080021981B68019A1068019A526811469847059073
S315080021A8019BDB6BDB6802209847059B002B0CD14B
S315080021B80499019822F088FF0590059B642B04D1A1
S315080021C80499019822F080FF0590019B5B6C143BEB
S315080021D80293059B002B0CD1019B1B6A029A02FBF2
S315080021E803F4019821F065FC03469C4201D25A2360
S315080021F80593059B002B0CBF01230023DAB2019B2C
S3150800220883F83420019B93F83430002B04D00B4B09
S315080022181B680133094A1360059B002B07D1019BEC
S315080022281A68019B5B681946104623F077F90198E6
S3150800223823F016F8059B184606B010BD340F002083
S3150800224800B589B0059004910392029301238DF88D
S315080022581B30059B002B01D121234FE0059B93F8E2
S31508002268343083F00103DBB2002B01D0112345E09B
S31508002278049821F0F7FD034683F00103DBB2002B2F
S3150800228801D029233AE00221059822F0D6FF0DF15C
S315080022981A031C4A04990598FFF7ECFA0790079B56
S315080022A8002B1AD19DF81A30012B16D1154B1B692C
S315080022B8029A9A4211D101230193124B0093029B69
S315080022C800220399059822F02EF80790079B002B01
S315080022D814BF012300238DF81B309DF81B30002BF3
S315080022E808D001230093029B039A04990598FFF7DF
S315080022F869F80790059822F0B3FF079B184609B0B6
S315080023085DF804FB7C15002000B589B0059004919A
S3150800231803920293059B002B01D1212348E0059BD4
S3150800232893F8343083F00103DBB2002B01D0112374
S315080023383EE0049821F096FD034683F00103DBB2DC
S31508002348002B01D0292333E00121059822F075FFD7
S315080023580DF11B03184A04990598FFF78BFA07909D
S31508002368079B002B20D19DF81B30012B13D1124B4C
S315080023781B69029A9A420BD1002301930E4B0093CC
S31508002388029B00220399059821F0CDFF07900BE0E0
S315080023986323079308E09DF81B30022B02D16023BC
S315080023A8079301E02D230793059822F059FF079B09
S315080023B8184609B05DF804FB7C15002000B589B0FD
S315080023C80590049103920293059B002B01D12123C2
S315080023D84AE0059B93F8343083F00103DBB2002BFF
S315080023E801D0112340E0049821F03CFD034683F010
S315080023F80103DBB2002B01D0292335E0012105981A
S3150800240822F01BFF0DF11B03194A04990598FFF7DB
S3150800241831FA0790079B002B22D19DF81B30012B18
S3150800242815D1134B1A6902990A9B0B449A420BD386
S31508002438002301930E4B00930A9B029A0399059869
S3150800244821F071FF07900BE06323079308E09DF8D6
S315080024581B30022B02D16023079301E02D23079333
S31508002468059822F0FDFE079B184609B05DF804FB9F
S315080024787C15002000B587B003900291019200935D
S31508002488009B00221A60039B002B01D1212340E000
S31508002498039B93F8343083F00103DBB2002B01D099
S315080024A8112336E0029821F0DDFC034683F0010388
S315080024B8DBB2002B01D029232BE00121039822F057
S315080024C8BCFE0DF11303154A02990398FFF7D2F9D2
S315080024D80590059B002B16D19DF81330032B12D0B7
S315080024E89DF81330022B06D1019B01221A60009B26
S315080024F804221A6009E0019B00221A60074B1A6930
S31508002508009B1A6001E02D230593039822F0A8FE84
S31508002518059B184607B05DF804FB00BF7C1500202C
S3150800252800B589B003900291009313468DF80730D9
S31508002538009B07939DF80730032B0CBF0123002344
S31508002548DBB21A46079B1B7E9A4242D1029B1A683F
S31508002558079B1B689A423CD3029B1A68079B5B68D1
S315080025689A4236D8029B19680DF117031B4A039835
S31508002578FFF780F90690069B002B2AD1174B5A6855
S31508002588029B5B689A4224D19DF81730032B0CBF2F
S3150800259801230023DBB21A46079B1B7E9A4218D1F1
S315080025A8079B5B695A1C079B5A61079B1A69079B15
S315080025B8DB689A420DD2079B9A68079B1B699B00A2
S315080025C81344029A12681A60079B1B695A1C079BD0
S315080025D81A610123184609B05DF804FBA8150020FE
S315080025E800B58DB0039002910192009300230B93D6
S315080025F8039B002B01D100233DE0039B93F834305D
S3150800260883F00103DBB2002B01D0002333E001215C
S31508002618039822F012FE009B04930E9B0593029BD7
S315080026280693019B079300230893002309939DF8B3
S315080026383C308DF82830039B1B7C83F00103DBB202
S31508002648002B07D0039B083304AA0D49184600F047
S31508002658D1F905E004AB0B4A00210398FFF788FA7D
S31508002668019B002B01D1099B00E0089B0B9303985B
S3150800267822F0F6FD0B9B18460DB05DF804FB00BF6B
S31508002688855202082925000800B587B003900291EB
S31508002698039B002B01D1212337E0039B93F83430A1
S315080026A883F00103DBB2002B01D011232DE0029839
S315080026B821F0D8FB034683F00103DBB2002B01D0D7
S315080026C8292322E00221039822F0B7FD0DF113030E
S315080026D8104A02990398FFF7CDF80590059B002B39
S315080026E80DD19DF81330032B09D00323009300233B
S315080026F8002202990398FEF765FE059001E02D234E
S315080027080593039822F0ACFD059B184607B05DF8BB
S3150800271804FB00BF7C15002084B001900091019B42
S315080027281A68009BDB0013441B680393039BC3F3D7
S315080027381303184604B0704784B001900091019BB2
S315080027481A68009BDB0013441B680393039B1B0D45
S31508002758DBB2184604B0704782B001900091019B1D
S315080027681A68009BDB0013445B68184602B070477A
S3150800277886B0039002910192039B1A68029BDB00BC
S3150800278813441B680593059B1B0D1B050593059AA2
S31508002798019B13430593039B1A68029BDB001344AA
S315080027A8059A1A6000BF06B0704700BF86B0039046
S315080027B8029113468DF80730039B1A68029BDB00C3
S315080027C813441B680593059BC3F3130305939DF8E8
S315080027D807301B05059A13430593039B1A68029B42
S315080027E8DB001344059A1A6000BF06B0704700BF9D
S315080027F884B0039002910192039B1A68029BDB003E
S315080028081344019A5A6000BF04B0704782B0019019
S315080028180091019B1A68009BDB0013444FF0FF32B6
S315080028281A60019B1A68009BDB0013444FF0FF32BD
S315080028385A6000BF02B0704700B585B00390029190
S315080028480192039B029A1A60039B019A5A6003989D
S3150800285800F004F800BF05B05DF804FB00B585B0C4
S3150800286801900023039306E003990198FFF7CEFF2A
S31508002878039B01330393019B5B68039A9A42F3D33C
S31508002888019B00221A7200BF05B05DF804FB00BF61
S3150800289800B585B00190009100238DF80B30002310
S315080028A803931BE0019B1A68039BDB0013441B6810
S315080028B8B3F1FF3F0FD003990198FFF72DFF0246A2
S315080028C8009B934207D103990198FFF79FFF0123BD
S315080028D88DF80B3008E0039B01330393019B5B6873
S315080028E8039A9A42DED300BF00BF05B05DF804FB21
S315080028F800B587B00390029101924FF0FF33059314
S315080029080023049321E0039B1A68049BDB00134405
S315080029181B68B3F1FF3F15D004990398FFF7FCFE2F
S315080029280246029B93420DD104990398FFF704FFC8
S3150800293803461A46019B1A7004990398FFF70CFF79
S31508002948059007E0049B01330493039B5B68049A8C
S315080029589A42D8D3059B184607B05DF804FB00BF12
S315080029682DE9F8430546406800283ED00F469146AB
S31508002978984600242B6853F83460013606D0214659
S315080029882846FFF7C9FEB84213D068680134A04242
S31508002998F0D850B300242A6802E00134A04214D0C3
S315080029A852F834300133F8D13A4621462846FFF71B
S315080029B8DFFE424621462846FFF7F8FE4A462146E4
S315080029C82846BDE8F843FFF713BFB8F1030F0CD044
S315080029D8002403E06B680134A34206D92146284639
S315080029E8FFF7AAFE0328F5D1DEE701232B72BDE817
S315080029F8F88300BF2DE9F0439046426883B00AB3CE
S31508002A0805460F4600242B6853F83430013316D090
S31508002A1821462846FFF780FE214681462846FFF7C5
S31508002A288BFE214606462846FFF796FE4946034684
S31508002A3832462846CDF80080B84718B16A68013486
S31508002A489442E0D303B0BDE8F08300BF08B5054B50
S31508002A581B68054A126811461846FFF7C3FA034663
S31508002A68184608BD4C2900206C29002008B532F004
S31508002A7833FA0346014A136000BF08BD78150020DB
S31508002A8808B5034B1B68184632F019FA00BF08BD8B
S31508002A987815002000B583B001900091134B1B6888
S31508002AA81A46002101982EF0A9FC019B4FF0FF3227
S31508002AB81A60019B009A5A60019B00229A75019B2D
S31508002AC800221A61019B4FF0FF329A60019B00228F
S31508002AD8DA75019B00225A76019B00229A76019B99
S31508002AE800221A7600BF03B05DF804FB34590308C0
S31508002AF884B003468DF807309DF80730062B25D88D
S31508002B0801A252F823F000BF3D2B0008352B000818
S31508002B182D2B00084D2B0008452B0008452B0008CF
S31508002B28452B000802238DF80F3013E002238DF891
S31508002B380F300FE001238DF80F300BE000238DF8D6
S31508002B480F3007E003238DF80F3003E001238DF8D3
S31508002B580F3000BF9DF80F30184604B0704700BF05
S31508002B6800B591B0039002910192009300230F9348
S31508002B78009B5B68184622F042FF03465B0303F492
S31508002B886042009BDB781B0303F480531A44009BBE
S31508002B989B78DB0203F400631A44009B1B88C3F383
S31508002BA80A0313440E934FF6FF730D93334B05939D
S31508002BB80021019822F0FFFE034606930121019899
S31508002BC822F0F9FE034607934FF0FF3308930D9B4F
S31508002BD81A040E9B1343099310230C93029A0C9B11
S31508002BE813440B93039B9B6905AA02F11001012262
S31508002BF80B9898470A900A9B002B01D00A9B0F93BB
S31508002C0808230C93029A0C9B13440B93039B9B690A
S31508002C1805AA02F1080101220B9898470A900A9B0F
S31508002C28002B01D00A9B0F9304230C93029A0C9B42
S31508002C3813440B93039B9B6905AA111D01220B9844
S31508002C4898470A900A9B002B01D00A9B0F930023EA
S31508002C580C93029A0C9B13440B93039B9B6905A937
S31508002C6801220B9898470A900A9B002B01D00A9BC9
S31508002C780F930F9B184611B05DF804FB01009AB232
S31508002C8808B500BF0421044823F057F80346002B6B
S31508002C98F8D100BF00BF08BD8440005008B5FFF74B
S31508002CA8EFFF044BD3F884309B0903F00303DBB228
S31508002CB8184608BD00400050034B5B6A024A23F0D9
S31508002CC80103536200BF704700000850054BDB69D3
S31508002CD803F48033002B14BF01230023DBB2184604
S31508002CE8704700BF00000350024B0022DA6300BF9A
S31508002CF8704700BF00000350024B41F67132DA6391
S31508002D0800BF704700000350014B5B6818467047C0
S31508002D180000035082B00190024A019B536000BF2D
S31508002D2802B070470000035084B001900023039353
S31508002D38019BB3F5607F21D0019BB3F5607F34D83A
S31508002D48019BB3F5207F29D0019BB3F5207F2CD8AA
S31508002D58019BB3F5007F19D0019BB3F5007F24D8F2
S31508002D68019B002B03D0019BB3F5C07F1DD1124BE5
S31508002D781B6F1B0B03F00F03039317E00E4BD3F8D7
S31508002D8880301B0903F0030303930FE00A4BD3F8BB
S31508002D9890301B0E03F01F03039307E0064B1B6FC7
S31508002DA89B0A03F00103039300E000BF039B01336A
S31508002DB8184604B0704700BF0080005010B584B0AC
S31508002DC801900091019BB3F5607F4ED0019BB3F546
S31508002DD8607F00F2A280019BB3F5207F00F08D800A
S31508002DE8019BB3F5207F00F29880019BB3F5007F1D
S31508002DF871D0019BB3F5007F00F28F80019B002BF1
S31508002E0804D0019BB3F5C07F40F08780009B012B57
S31508002E180AD0009B022B07D0009B042B04D0009BEA
S31508002E28082B01D0009B102B22F0CAFF22F0C0FF06
S31508002E3801F016FB3C4B1B6F23F47042009B013BC9
S31508002E481B03394913430B6732F070F80446FFF73A
S31508002E5825FF0346C3F102031946204622F094FFCC
S31508002E6801F07EFE01F008FB5AE0304BDB6803F000
S31508002E788073002B14BF012300238DF80F309DF8AB
S31508002E880F30002B05D0294BDB68284A23F08073BE
S31508002E98D360009B012B07D0009B022B04D0009B14
S31508002EA8032B01D0009B042B1F4BD3F8803023F04B
S31508002EB83002009B013B1B011B491343C1F88030B4
S31508002EC89DF80F30002B2AD0184BDB68174A43F0B9
S31508002ED88073D36023E0009B002B01D0009B202B36
S31508002EE8114BD3F8903023F0F852009B013B1B0690
S31508002EF80D491343C1F8903012E0009B012B01D00D
S31508002F08009B022B084B1B6F23F48062009B013B36
S31508002F189B02054913430B6702E000BF00E000BFA8
S31508002F2800BF04B010BD00BF00800050F0ED00E0FF
S31508002F3800B585B001900B468DF80330002303933E
S31508002F48019B5B09002B13D0019B5B09012B02D15E
S31508002F580F4B03930CE0019B5B09022B02D10D4B27
S31508002F68039305E0019B5B09032B01D10A4B0393E5
S31508002F78019B03F01F0302939DF803301A46029932
S31508002F88039822F0C1FE00BF05B05DF804FB00BF38
S31508002F9864800050688000506C80005010B584B07A
S31508002FA801900023039300230293019BB3F5486F0E
S31508002FB800F04383019BB3F5486F00F25683019BE3
S31508002FC8B3F5406F00F00383019BB3F5406F00F239
S31508002FD84C83019BB3F5286F00F03583019BB3F545
S31508002FE8286F00F24283019BB3F5206F00F01F8318
S31508002FF8019BB3F5206F00F23883019BB3F5186F70
S3150800300800F00F83019BB3F5186F00F22E83019B1E
S31508003018B3F5106F00F0F982019BB3F5106F00F253
S315080030282483019BB3F5086F00F01983019BB3F558
S31508003038086F00F21A83019BB3F5F06F00F0098355
S31508003048019BB3F5F06F00F21083019BB3F5E06FAF
S3150800305800F0E182019BB3F5E06F00F20683019B5D
S31508003068B3F5D06F00F0CB82019BB3F5D06F00F2B1
S31508003078FC82019BB3F5C06F00F0BB82019BB3F5D8
S31508003088C06F00F2F282019BB3F5B06F00F0A5821B
S31508003098019BB3F5B06F00F2E882019BB3F5A06F08
S315080030A800F08F82019BB3F5A06F00F2DE82019BC8
S315080030B8B3F5806F00F07F82019BB3F5806F00F24D
S315080030C8D482019BB3F5607F00F06682019BB3F555
S315080030D8607F00F2CA82019BB3F5407F00F04F82F9
S315080030E8019BB3F5407F00F2C082019BB3F5207FB0
S315080030F800F03982019BB3F5207F00F2B682019B66
S31508003108B3F5007F00F02382019BB3F5007F00F238
S31508003118AC82019BB3F5807F00F20A82019BB3F566
S31508003128807F00F2A28201A252F823F04D350008EA
S3150800313873360008733600087336000873360008B5
S3150800314873360008733600087336000873360008A5
S315080031587336000873360008733600087336000895
S315080031687336000873360008733600087336000885
S315080031787336000873360008733600087336000875
S315080031887336000873360008733600087336000865
S315080031987336000873360008733600087336000855
S315080031A87336000873360008733600084D3500086C
S315080031B86F3500084D3500086F350008BF3500081B
S315080031C8BF350008BF350008BF350008BF350008F9
S315080031D86F350008E335000887350008FB35000811
S315080031E807360008873500086F3500086F35000868
S315080031F86F350008733600087336000873360008FA
S3150800320873360008733600087336000873360008E4
S31508003218733600086F3500086F3500086F350008E3
S315080032285B3600081F3600086F3500087336000835
S3150800323873360008733600087336000873360008B4
S3150800324873360008733600087336000873360008A4
S315080032587336000873360008733600082B360008DC
S31508003268BF3500084D3500084D3500084D350008AE
S3150800327813360008873500088735000837360008EA
S315080032884F360008CB350008D735000873360008CE
S315080032987336000873360008733600087336000854
S315080032A8433600084D35000873360008BF35000850
S315080032B8BF350008BF350008BF350008BF35000808
S315080032C8D7350008D73500086F3500087336000863
S315080032D86F3500086F35000873360008733600081E
S315080032E87336000873360008733600087336000804
S315080032F873360008733600087336000873360008F4
S3150800330873360008733600087336000873360008E3
S3150800331873360008733600087336000873360008D3
S3150800332873360008733600087336000843350008F4
S3150800333873360008733600087336000873360008B3
S3150800334873360008733600087336000873360008A3
S315080033587336000873360008733600087336000893
S315080033687336000873360008733600087336000883
S315080033787336000873360008733600087336000873
S315080033887336000873360008733600087336000863
S315080033987336000873360008733600087336000853
S315080033A87336000873360008733600087336000843
S315080033B87336000873360008733600087336000833
S315080033C87336000873360008733600087336000823
S315080033D87336000873360008733600087336000813
S315080033E87336000873360008733600087336000803
S315080033F873360008733600087336000873360008F3
S3150800340873360008733600087336000873360008E2
S3150800341873360008733600087336000873360008D2
S3150800342873360008733600087336000873360008C2
S3150800343873360008733600087336000873360008B2
S3150800344873360008733600087336000873360008A2
S315080034587336000873360008733600087336000892
S315080034687336000873360008733600087336000882
S315080034787336000873360008733600087336000872
S315080034887336000873360008733600087336000862
S315080034987336000873360008733600087336000852
S315080034A87336000873360008733600087336000842
S315080034B87336000873360008733600087336000832
S315080034C87336000873360008733600087336000822
S315080034D87336000873360008733600087336000812
S315080034E87336000873360008733600087336000802
S315080034F873360008733600087336000873360008F2
S3150800350873360008733600087336000873360008E1
S3150800351873360008733600087336000873360008D1
S31508003528733600087336000873360008EF35000846
S31508003538019BB3F5C07F05D097E02FF0E3FE03465D
S31508003548039393E02FF0BAFE034603938EE02FF019
S31508003558D9FE04464FF40070FFF7E6FB0346B4FBB2
S31508003568F3F3039382E02FF0A9FE04464FF4207084
S31508003578FFF7DAFB0346B4FBF3F3039376E02FF081
S315080035889DFE04464FF42070FFF7CEFB0346B4FBB6
S31508003598F3F35B08039369E002AB0021184601F0D0
S315080035A80BF8029C4FF46070FFF7BEFB0346B4FBAA
S315080035B8F3F303935AE003AB0021184601F07AF8AF
S315080035C854E003AB0021184600F098FD4EE003AB23
S315080035D80021184600F0E2FD48E003AB0021184632
S315080035E801F07EFA42E003AB0021184601F0ACFB75
S315080035F83CE003AB0021184601F0B6F836E003AB09
S315080036080021184601F008FB30E003AB00211846F4
S3150800361801F04EFB2AE003AB0021184601F0BAFA7E
S3150800362824E003AB0021184600F010FE1EE003ABA9
S315080036380021184600F046FE18E003AB002118469C
S3150800364800F08EFE12E003AB0021184600F0D6FE05
S315080036580CE003AB0021184601F0C8F806E003ABF6
S315080036680021184600F0E4FF00E000BF039B184657
S3150800367804B010BD00B585B0019000230393019BE3
S31508003688B3F5486F00F0D881019BB3F5486F00F28F
S31508003698DF81019BB3F5406F00F0B681019BB3F556
S315080036A8406F00F2D581019BB3F5286F00F0CA81F7
S315080036B8019BB3F5286F00F2CB81019BB3F5206F08
S315080036C800F0B481019BB3F5206F00F2C181019B1C
S315080036D8B3F5186F00F0A481019BB3F5186F00F2D3
S315080036E8B781019BB3F5106F00F07681019BB3F59E
S315080036F8106F00F2AD81019BB3F5086F00F0728177
S31508003708019BB3F5086F00F2A381019BB3F5F06F2F
S3150800371800F05681019BB3F5F06F00F29981019B81
S31508003728B3F5E06F00F07681019BB3F5E06F00F220
S315080037388F81019BB3F5D06F00F04881019BB3F5E3
S31508003748D06F00F28581019BB3F5C06F00F0328116
S31508003758019BB3F5C06F00F27B81019BB3F5B06F8F
S3150800376800F01681019BB3F5B06F00F27181019BD9
S31508003778B3F5A06F00F04281019BB3F5A06F00F284
S315080037886781019BB3F5806F00F00881019BB3F54B
S31508003798806F00F25D81019BB3F5607F00F0288198
S315080037A8019BB3F5607F00F25381019B802B00F2E1
S315080037B8C780019B242BC0F04B81019B243B5C2BC3
S315080037C800F2468101A252F823F000BFA539000885
S315080037D8A5390008A5390008A5390008A53900083B
S315080037E8593A000899390008593A0008BD390008B5
S315080037F8D5390008593A0008593A0008593A0008CC
S31508003808593A0008593A0008593A0008593A000836
S31508003818593A0008593A0008593A0008593A000826
S31508003828593A0008593A0008593A0008593A000816
S31508003838C93900081D3A0008593A0008593A0008D3
S31508003848593A0008593A0008593A0008593A0008F6
S31508003858593A0008593A0008593A0008593A0008E6
S31508003868593A0008593A0008593A0008293A000806
S31508003878A5390008593A0008593A0008593A00087B
S31508003888E1390008593A0008593A0008353A000853
S315080038984D3A0008053A0008113A0008593A00084E
S315080038A8593A0008593A0008593A0008593A000896
S315080038B8413A0008593A0008593A0008A539000853
S315080038C8A5390008A5390008A5390008A53900084A
S315080038D8113A0008113A0008593A0008593A0008F6
S315080038E8593A0008593A0008593A0008593A000856
S315080038F8593A0008593A0008593A0008593A000846
S31508003908593A0008593A0008593A0008593A000835
S31508003918593A0008593A0008593A0008593A000825
S31508003928593A0008593A0008593A0008593A000815
S31508003938593A0008593A0008593A0008533900080C
S31508003948019BB3F5807F2FD082E0444B1B6F03F0B1
S315080039580703013B032B17D801A252F823F000BF2F
S315080039688B390008793900087F3900088539000835
S31508003978052303930BE00323039308E00823039323
S3150800398805E00223039302E00023039300BF60E0E7
S3150800399803AB1946002001F0A3F85AE003AB194611
S315080039A8002000F087FE54E003AB1946002001F01A
S315080039B8CBF94EE003AB1946002000F0D5FE48E0E7
S315080039C803AB1946002000F011FF42E003AB194685
S315080039D8002001F021F93CE003AB1946002001F06C
S315080039E867F936E003AB1946002000F021FE30E0FF
S315080039F803AB1946002000F0DFFD2AE003AB1946A1
S31508003A08002000F07BFB24E003AB1946002000F0F9
S31508003A18C5FB1EE003AB1946002001F0BBF818E009
S31508003A2803AB1946002000F011FC12E003AB194657
S31508003A38002000F047FC0CE003AB1946002000F014
S31508003A488FFC06E003AB1946002000F0D7FC00E01F
S31508003A5800BF039B184605B05DF804FB00800050BC
S31508003A6808B50121022001F0A7FA4FF42070FFF7E4
S31508003A785BF90346DAB2054B1A7022F0A1F922F06F
S31508003A8897F900F0EDFC00BF08BD00BF81240020AF
S31508003A9810B582B003468DF8073031F047FA044668
S31508003AA8FFF7FCF80346C3F102031946204622F03D
S31508003AB86BF90121002001F051FA9DF80730002B17
S31508003AC802D001F04DF806E0054B1B7819464FF46D
S31508003AD82070FFF773F900F0CFFC00BF02B010BDE5
S31508003AE88124002000B583B0104B5B6E03F4803345
S31508003AF8002B0CBF012300238DF807300B4B03F569
S31508003B0880531A464FF480335366FFF7D5F89DF865
S31508003B180730002B06D0054B03F500531A464FF419
S31508003B288033536600BF03B05DF804FB008000507D
S31508003B3800B585B001900198FFF79CFD0290029B9D
S31508003B48092B07D0029B092B20D3029B0A3B012B82
S31508003B581CD804E0134B1B88ADF80E301BE0124B3B
S31508003B6803F580531A464FF4800353660F4B5B6A76
S31508003B7803F00103002B04D04FF4FA73ADF80E30A6
S31508003B8809E04FF6FF73ADF80E3004E04FF6FF7301
S31508003B98ADF80E3000BFBDF80E30184605B05DF812
S31508003BA804FB00BF0A2B002000800050004002508A
S31508003BB800B585B001900198FFF75CFD0290029B5D
S31508003BC8032B03D0029B052B05D009E00A4B1B885B
S31508003BD8ADF80E3009E04FF6FF73ADF80E3004E085
S31508003BE84FF6FF73ADF80E3000BFBDF80E30184615
S31508003BF805B05DF804FB00BF0C2B002000B589B0A2
S31508003C080190019800F096FE0790079B002B02D0BA
S31508003C18079BB3F1FF3F454B03F580531A464FF40C
S31508003C28C0235366424B5B68012B0CD1404B03F506
S31508003C3800531A460123536000BF3D4B5B6803F0E7
S31508003C480203002BF9D18020FFF714FD0346052B44
S31508003C5805D122F0B5F822F0ABF800F001FC079B75
S31508003C6823F040730793019B324A934204D0019B81
S31508003C78314A934205D009E0079B43F0007307933E
S31508003C8804E0079B43F08073079300BF2FF034FBCB
S31508003C980690019A069B9A4203D90121019801F0D8
S31508003CA85DF900BF254BDB6803F00603002BF9D145
S31508003CB8224B9B680593214A079B9360079B03F44D
S31508003CC8F81304931D4B9B6803F4F8130393049A9B
S31508003CD8039B9A4203D10198FDF748F804E0174A6E
S31508003CE8059B9360069B01938020FFF7C3FC034658
S31508003CF8052B0FD131F01AF90290FEF7CFFF0346CC
S31508003D08C3F102031946029822F03EF800F028FF8C
S31508003D1800F0B2FB019A069B9A4203D801210020BB
S31508003D2801F01CF900BF09B05DF804FB00800050DB
S31508003D3800C0015040420F0080841E000000015058
S31508003D4800B585B001908020FFF794FC0346032B45
S31508003D5800F00C81874B03F580531A464FF48013FD
S31508003D685366854B45F60E02C3F88020824B03F549
S31508003D7880531A464FF0A06393627F4B03F50053AE
S31508003D881A464FF48033936200BF7B4B9B6D03F44E
S31508003D988033002BF9D100BF774B9B6D03F0804326
S31508003DA8002BF9D1019B1B681A06019B5B681B054A
S31508003DB81A43019B1B7B1B041A43019B5B7B1B0352
S31508003DC81A43019B9B7B9B011343019AD27B11469D
S31508003DD8694A0B431361684B9B6903F00042019BD0
S31508003DE81B699B061A43019B5B691B061A43019BC1
S31508003DF81B7E1B041A43019B5B7E1B021343019A15
S31508003E08927E11465C4A0B4393615B4B1B6A23F00F
S31508003E180F03019AD269002A01D1002200E008227C
S31508003E281A43019BDB7E9B001A43019BDB695249B7
S31508003E3813430B62019BDB69002B5CD14E4B9A6AD4
S31508003E484E4B1340019A92F8202052011A43019BBF
S31508003E5893F821301B011A43019B93F82430DB00A1
S31508003E681343454A43F48033936200BF424B9A6D25
S31508003E78434B1340424A9342F8D13F4B03F58053CC
S31508003E881A464FF0807393623B4B1B6923F4700202
S31508003E98019B9B681B05384913430B61364B03F591
S31508003EA880531A464FF000439361019B93F82230DA
S31508003EB883F00103DBB2002B06D02F4B03F5005322
S31508003EC81A464FF080739362019B93F8233083F068
S31508003ED80103DBB2002B3FD0274B03F500531A46E4
S31508003EE84FF48033936200BF234B9B6D03F08043E6
S31508003EF8002BF9D130E0019BDB69022B12D11E4B4E
S31508003F0800221A611C4B00229A6102230393039B21
S31508003F181A03039B1B0213431A464FF47F41194899
S31508003F2821F018FF144B9A6A144B1340019A92F819
S31508003F38202052011A43019B93F822301B061A4384
S31508003F48019B93F82430DB001A43019B93F823302E
S31508003F581B04094913438B62019B93F82530002BF0
S31508003F6805D0054B084AC3F8802000E000BF05B015
S31508003F785DF804FB008000500040005AC7FFFEFEAB
S31508003F88030001003440005AF1A7FFFF024B93F9DA
S31508003F9800301846704700BF192B002082B0034628
S31508003FA8ADF80630034ABDF80630138000BF02B0E4
S31508003FB8704700BF0C2B002000B587B003468DF864
S31508003FC80730002303930023059300230493274B04
S31508003FD803F580531A464FF480035366244B02228E
S31508003FE85A6000BF224B9B6803F48033002BF9D133
S31508003FF89DF80730012B2ED12FF0C4F90390039BA7
S315080040081C4A934205D11C4B059345F67A1304932B
S3150800401817E0039B194A934205D1194B059345F6B0
S315080040281A0304930DE0039A13469B0013445B0A8C
S315080040380593144B0493039B5B0A049AB2FBF3F3A8
S3150800404804930B4A059BD362094A049B1363084BDE
S3150800405801225A6202E0064B00225A62044B0022E9
S315080040685A6000BF07B05DF804FB00BF0080005027
S315080040780040025000F04902D8B80500C01753029C
S31508004088BBCF05006466666600B585B001900198E1
S3150800409800F008FA0390039B002B02D0039BB3F1A8
S315080040A8FF3F134B03F580531A464FF40023536614
S315080040B8039B23F040730393019B0E4A934204D053
S315080040C8019B0D4A934205D009E0039B43F0007310
S315080040D8039304E0039B43F08073039300BF4FF0F8
S315080040E8B442039B936000BF05B05DF804FB00BFAC
S315080040F80080005040420F0080841E0000B585B03D
S315080041080190009100230293234BD3F8203203F041
S315080041180703042B2CD801A252F823F07341000890
S315080041283941000849410008574100086541000817
S3150800413802AB0021184600F031F8122303931AE05F
S315080041482FF02CF9034602930723039313E030F064
S31508004158AEFE034602930A2303930CE02FF098F960
S31508004168034602930923039305E00123039302E018
S315080041780023039300BF019B002B02D0029A019BE0
S315080041881A60009B002B02D0009B039A1A6000BF96
S3150800419805B05DF804FB00BF0080005000B585B087
S315080041A80190009100230393274BD3F8283103F095
S315080041B80703013B052B33D801A252F823F000BFA9
S315080041C8E1410008054200081D420008F9410008B7
S315080041D8ED410008114200082FF08EF803900523D8
S315080041E8029320E02FF088F80390062302931AE03A
S315080041F82FF0D4F803900723029314E02FF0C2F89F
S315080042080390032302930EE02FF0BCF803900423CF
S31508004218029308E02FF0B0F803900223029302E015
S315080042280023029300BF019B002B02D0019B039A2F
S315080042381A60009B002B02D0009B029A1A6000BFE6
S3150800424805B05DF804FB00BF0080005000B585B0D6
S315080042580190009100230393194BD3F8503203F0C9
S315080042680303032B06D0032B16D8012B08D0022BE1
S315080042780CD011E030F01FFE03900C2302930EE0D9
S3150800428830F015FE03900A23029308E02FF000F990
S3150800429803900923029302E00023029300BF019BBF
S315080042A8002B02D0019B039A1A60009B002B02D0B0
S315080042B8009B029A1A6000BF05B05DF804FB00BFB0
S315080042C80080005000B585B0019000910023029344
S315080042D8224BD3F8603203F00703013B032B29D896
S315080042E801A252F823F000BF014300081143000851
S315080042F82F4300082143000802AB0021184600F0A6
S31508004308D9F91023039318E002AB0021184600F0E8
S315080043182BFA1123039310E02FF040F80346029373
S315080043280723039309E02FF027F80346029302238D
S31508004338039302E00023039300BF019B002B02D0DE
S31508004348029A019B1A60009B002B02D0009B039AD5
S315080043581A6000BF05B05DF804FB00BF0080005076
S3150800436800B585B00190009100230293224BD3F83B
S31508004378943203F00703013B032B29D801A252F80C
S3150800438823F000BF9D430008AD430008CB4300084F
S31508004398BD43000802AB0021184600F08BF910232C
S315080043A8039318E002AB0021184600F0DDF9112343
S315080043B8039310E02EF0F2FF0346029307230393B4
S315080043C809E02EF0D9FF034602930223039302E07D
S315080043D80023039300BF019B002B02D0029A019B7E
S315080043E81A60009B002B02D0009B039A1A6000BF34
S315080043F805B05DF804FB00BF0080005000B585B025
S315080044080190009100230293144BD3F8703203F0FD
S315080044180303012B02D0022B08D00CE002AB0021C3
S31508004428184600F0A1F91123039307E00023029325
S315080044381523039302E00023039300BF019B002B77
S3150800444802D0029A019B1A60009B002B02D0009B9F
S31508004458039A1A6000BF05B05DF804FB0080005097
S31508004468044B03F580531A464FF48033136700BF8D
S31508004478704700BF0080005008B58020FEF78EFD03
S315080044880346064A934206D8054B03F500531A46CF
S315080044984FF48033136700BF08BD00BF005A620295
S315080044A80080005084B0019000230393019B384A8A
S315080044B8934260D0019B364A934261D8019B354A9C
S315080044C8934253D0019B334A934259D8019B324AA7
S315080044D8934246D0019B304A934251D8019B2F4AB2
S315080044E8934239D0019B2D4A934249D8019B2C4ABD
S315080044F893422CD0019B2A4A934241D8019B294AC8
S3150800450893421FD0019B274A934239D8019B264AD2
S31508004518934212D0019B244A934231D8019B234ADD
S3150800452893420AD0019B214A934229D8019B002B22
S3150800453828D0019B1E4A934222D11E4BD3F8A0309D
S31508004548039320E01B4BD3F8B83003931BE0194BB1
S31508004558D3F8BC30039316E0164BD3F8C030039350
S3150800456811E0144BD3F8C83003930CE0114BD3F879
S31508004578CC30039307E00F4BD3F8D030039302E00F
S3150800458800BF00E000BF039B184604B0704700BF91
S31508004598005A62020048E80180BA8C01C0EA210183
S315080045A80024F400405DC60000093D0080841E0012
S315080045B840420F000080E00F00B585B001900091D9
S315080045C800230393194BD3F8803003F00303032B16
S315080045D812D0032B16D8012B02D0022B06D011E0D5
S315080045E82EF090FE03900E2302930EE02EF0D6FED0
S315080045F803900723029308E02EF07EFE0390062315
S31508004608029302E00023029300BF019B002B02D00D
S31508004618019B039A1A60009B002B02D0009B029A02
S315080046281A6000BF05B05DF804FB00BF00800050A3
S3150800463800B585B001900091002303931C4BD3F86D
S31508004648003103F00303032B1FD801A252F823F005
S315080046588D46000869460008754600088146000820
S315080046682EF090FE03900323029311E02EF010FF1C
S315080046780390092302930BE02EF08AFE0390082381
S31508004688029305E00123029302E00023029300BF88
S31508004698019B002B02D0019B039A1A60009B002BF2
S315080046A802D0009B029A1A6000BF05B05DF804FBA9
S315080046B80080005000B585B001900091002303934F
S315080046C8284BD3F8203103F00703062B37D801A265
S315080046D852F823F029470008F94600080547000854
S315080046E81D470008114700082F4700083B470008E0
S315080046F82EF002FE03900523029323E02EF042FED5
S315080047080390032302931DE02EF048FE0390072327
S31508004718029317E02EF030FE03900223029311E06D
S31508004728012302930EE02EF0E7FD03900623029379
S3150800473808E02EF027FE03900423029302E00023E4
S31508004748029300BF019B002B02D0019B039A1A60B3
S31508004758009B002B02D0009B029A1A6000BF05B086
S315080047685DF804FB0080005000B585B00190009103
S31508004778002303931C4BD3F8403103F00303032BA0
S315080047881FD801A252F823F0C5470008A147000818
S31508004798AD470008B947000830F089FB03900A239B
S315080047A8029311E02EF074FE0390092302930BE09E
S315080047B830F081FB03900C23029305E00123029352
S315080047C802E00023029300BF019B002B02D0019B45
S315080047D8039A1A60009B002B02D0009B029A1A6063
S315080047E800BF05B05DF804FB0080005000B585B031
S315080047F801900091002303931C4BD3F8603103F012
S315080048080303032B1FD801A252F823F049480008CE
S3150800481825480008314800083D48000830F047FB9D
S3150800482803900A23029311E02EF032FE039009231F
S3150800483802930BE030F03FFB03900C23029305E04C
S315080048480123029302E00023029300BF019B002B79
S3150800485802D0019B039A1A60009B002B02D0009B8A
S31508004868029A1A6000BF05B05DF804FB0080005084
S3150800487884B0019000914FF440130393009B002BDA
S315080048880AD1019B0D4A934203D94FF48013039327
S315080048980FE0002303930CE0009B002B09DD019B26
S315080048A8074A934203D94FF48013039301E0002380
S315080048B80393039B184604B0704700BF005A620268
S315080048C8002D310100B585B001900091184B03F50C
S315080048D880531A464FF4803393660020FEF724FA6D
S315080048E80246019B02FB03F30193FEF7EFF9034621
S315080048F88DF80F30FEF700FAFEF706FA034623F49A
S315080049084013029300990198FFF7B2FF0246029BEB
S31508004918134302930298FEF7FDF99DF80F30002B12
S3150800492801D0FEF7E1F900BF05B05DF804FB00BF4A
S315080049380080005084B0019000230393019B594AD4
S31508004948934200F0A380019B564A934200F2A38043
S31508004958019B554A934200F09480019B524A934220
S3150800496800F29980019B514A934200F08580019B89
S315080049784E4A934200F28F80019B4D4A934276D065
S31508004988019B4B4A934200F28680019B494A93420F
S3150800499868D0019B474A93427DD8019B464A934271
S315080049A85BD0019B444A934275D8019B434A93427C
S315080049B84ED0019B414A93426DD8019B404A934287
S315080049C842D0019B3E4A934265D8019B3D4A934291
S315080049D836D0019B3B4A93425DD8019B3A4A93429B
S315080049E82AD0019B384A934255D8019B374A9342A5
S315080049F81ED0019B354A93424DD8019B344A9342AF
S31508004A0812D0019B324A934245D8019B314A9342B8
S31508004A180AD0019B2F4A93423DD8019B002B3CD0D4
S31508004A28019B2D4A934236D12C4B9B6D039335E057
S31508004A382A4B5B6E039331E0284B1B6F03932DE0DB
S31508004A48264B5B6F039329E0244B9B6F039325E062
S31508004A58224BD3F88030039320E0204BD3F88430D8
S31508004A6803931BE01D4BD3F88830039316E01B4BC2
S31508004A78D3F88C30039311E0184BD3F8903003938E
S31508004A880CE0164BD3F89430039307E0134BD3F88E
S31508004A989830039302E000BF00E000BF039B184666
S31508004AA804B0704700B4C4040090D003007E5603CF
S31508004AB8006CDC0280D543020048E80180BA8C0104
S31508004AC8C0EA21010024F400405DC600C0CF6A0090
S31508004AD800093D0080841E0040420F000080E00F58
S31508004AE800B585B001900091002302931B4BD3F8BB
S31508004AF8803103F00303032B0ED0032B1AD8012B9E
S31508004B0802D0022B0FD015E002AB00211846FFF79A
S31508004B18D1FD1023039310E02EF040FC03460293C0
S31508004B280723039309E02EF027FC03460293022382
S31508004B38039302E00023039300BF019B002B02D0D6
S31508004B48029A019B1A60009B002B02D0009B039ACD
S31508004B581A6000BF05B05DF804FB00BF008000506E
S31508004B6800B583B0022301934FF4C070FEF716FA16
S31508004B780346074A934201D80123019301994FF442
S31508004B882070FEF71BF900BF03B05DF804FB00BFF1
S31508004B9880F0FA0200B585B00190009100230393CE
S31508004BA81C4BD3F8403203F00303032B1FD801A28A
S31508004BB852F823F0F14B0008CD4B0008D94B0008F2
S31508004BC8E54B000830F073F903900A23029311E0C5
S31508004BD82EF05EFC0390092302930BE030F06BF984
S31508004BE803900C23029305E00123029302E00023B5
S31508004BF8029300BF019B002B02D0019B039A1A60FF
S31508004C08009B002B02D0009B029A1A6000BF05B0D1
S31508004C185DF804FB0080005000B585B0019000914E
S31508004C2800230393214BD3F8003203F00703042B20
S31508004C3829D801A252F823F0894C0008554C0008D7
S31508004C48614C00086D4C0008794C000830F02FF9C3
S31508004C5803900A23029319E02EF01AFC03900923FD
S31508004C68029313E030F027F903900C2302930DE022
S31508004C782EF024FB03469B0A03930F23029305E0B1
S31508004C880123029302E00023029300BF019B002B35
S31508004C9802D0019B039A1A60009B002B02D0009B46
S31508004CA8029A1A6000BF05B05DF804FB0080005040
S31508004CB800B585B00190009100230393214BD3F8E2
S31508004CC8083203F00703042B29D801A252F823F067
S31508004CD8214D0008ED4C0008F94C0008054D000860
S31508004CE8114D000830F0E3F803900A23029319E0FF
S31508004CF82EF0CEFB03900923029313E030F0DBF87D
S31508004D0803900C2302930DE02EF0D8FA03469B0A6B
S31508004D1803930F23029305E00123029302E000237D
S31508004D28029300BF019B002B02D0019B039A1A60CD
S31508004D38009B002B02D0009B029A1A6000BF05B0A0
S31508004D485DF804FB0080005000B585B0019000911D
S31508004D5800230393114B1B6803F00403002B06D0AA
S31508004D682EF0ACFA034603930D23029305E002AA34
S31508004D7803AB11461846FFF7F7FC019B002B02D038
S31508004D88039A019B1A60009B002B02D0029A009B8B
S31508004D981A6000BF05B05DF804FB00BF10E000E02C
S31508004DA8024B034A1A6400BF704700BF00800950C7
S31508004DB83254FFFF024B4AF6CD321A6400BF7047D9
S31508004DC80080095082B0019000BF054B5A6B019BC1
S31508004DD81340002BF9D100BF00BF02B0704700BFCF
S31508004DE80080095008B500BF0421044820F0F2FFE6
S31508004DF80346002BF8D100BF00BF08BD8440005009
S31508004E0808B5FFF7EFFF044BD3F884309B0903F086
S31508004E180303DBB2184608BD0040005082B0019073
S31508004E28044B03F500531A46019BC2F8203400BF09
S31508004E3802B0704700C0035000B583B00190019BCB
S31508004E481A78054B1A700121002000F087F800BF70
S31508004E5803B05DF804FB00BF2C16002082B0019051
S31508004E68064B5B6F23F44072019B5B781B02034970
S31508004E7813434B6700BF02B0704700BF004000509D
S31508004E8800B583B003468DF80730124B1B69114AE3
S31508004E9843F0040313612FF0DDF920F0B6FF0E4B3B
S31508004EA85B6E03F08063002B02D00C48FFF7B6FF51
S31508004EB830BF20F0ACFF05F017FF9DF8073083F0E8
S31508004EC80103DBB2002B01D030F036F800BF03B07F
S31508004ED85DF804FB00ED00E0008000500000FF0FBD
S31508004EE800B583B003468DF80730104B1B690F4A87
S31508004EF843F0040313610E4B5B6E03F08063002BCB
S31508004F0802D00C48FFF78AFF2FF0A4F930BF05F046
S31508004F18EBFE9DF8073083F00103DBB2002B01D0C6
S31508004F2830F00AF800BF03B05DF804FB00ED00E0B6
S31508004F38008000500000FF0F82B00190064BDB6E20
S31508004F4823F03003019A12791146034A0B43D366B4
S31508004F5800BF02B0704700BF0040005000B585B0DA
S31508004F6801900B468DF80330019B002B03D12EF0D8
S31508004F78C9F9039001E0019B03930D4B1B78002B9D
S31508004F880AD0039B0B4A934206D89DF80330194664
S31508004F98012000F011F806E09DF8033019460220B2
S31508004FA800F00AF800BF00BF05B05DF804FB00BFB3
S31508004FB82C160020005A620210B586B003460A4627
S31508004FC88DF8073013468DF80630FFF719FF0346A4
S31508004FD81A469DF80730934240D02EF093F905906B
S31508004FE8059B04939DF80730012B03D101210598E9
S31508004FF820F0CAFE2FF070FF03901A4B03F50053F2
S315080050081A464FF0007353669DF80730184620F085
S3150800501804FF144C9DF80730184620F0E8FE0346AE
S31508005028236702E00F4BD3F884300E4B5B6E03F010
S315080050380073002B06D10B4BD3F8843003F02003FA
S31508005048002BEFD003982FF03AFF9DF80730022B74
S3150800505805D10021059820F097FE00E000BF06B0AC
S3150800506810BD00BF0040005000B587B003468DF854
S3150800507807300023059300230493404B03F5805318
S315080050881A464FF0004353663D4B5B6C03F0010329
S31508005098002B14BF012300238DF80F30FFF78AFE73
S315080050A89DF80730002B28D10120FFF78BFE344BDB
S315080050B85B6803F001030293029B002B50D0304B28
S315080050C803F500531A460123536002E0049B013393
S315080050D804932B4B1B6B03F00103002B03D1049B92
S315080050E8284A9342F2D9049B264A934238D9072379
S315080050F8059335E0049B01330493214B1B6B03F09E
S315080051080803002B03D0049B1E4A9342F2D9049B3A
S315080051181C4A934202D90723059321E0184B03F545
S3150800512800531A4620239362154B03F580531A46F3
S31508005138012353600023049302E0049B013304937C
S315080051480F4B9B6A03F02003002B03D1049B0D4ADF
S315080051589342F2D9049B0B4A934201D90723059334
S315080051689DF80F30002B01D0FFF71AFE2BF0B1FB84
S31508005178059B184607B05DF804FB00BF0080005081
S31508005188008009503F420F0000B585B00190254BB5
S3150800519803F580531A464FF000435366224B5B6C5F
S315080051A803F00103002B14BF012300238DF80F30E9
S315080051B8FFF700FE019B5B785B001C4A43F001037E
S315080051C8D3630B20FFF7FEFD174B5B6823F4F872D1
S315080051D8019B9B781B01144913434B60019BDB78A1
S315080051E81B02019A527911460F4A0B439360019B99
S315080051F81B791B02019A927911460B4A0B431361D4
S31508005208019B1B781846FFF72FFF9DF80F30002BD8
S3150800521801D0FFF7C5FD2BF05CFB0123184605B046
S315080052285DF804FB008000500080095000400050DB
S3150800523800B585B0019000238DF80F3000238DF84E
S315080052480E30019B0F2B01D90F2301931E4B5B6E62
S31508005258DB0F8DF80E301C4B03F580531A464FF0BA
S3150800526800435366194B5B6C03F00103002B14BF0C
S31508005278012300238DF80F30FFF79CFD8020FFF7E8
S31508005288A1FD124B1B6A23F00F021049019B134319
S315080052980B629DF80F30002B01D0FFF781FD9DF8B2
S315080052A80E3083F00103DBB2002B06D0064B03F55C
S315080052B800531A464FF0004353662BF00AFB00BF0B
S315080052C805B05DF804FB00BF008000500080095057
S315080052D800B585B003468DF8073000238DF80F30E2
S315080052E800238DF80E301F4B5B6EDB0F8DF80E30E2
S315080052F81C4B03F580531A464FF0004353661A4B66
S315080053085B6C03F00103002B14BF012300238DF8FF
S315080053180F30FFF74FFD8020FFF754FD124B1B6A2D
S3150800532823F4F8529DF807301B020F4913430B6202
S315080053389DF80F30002B01D0FFF732FD9DF80E308F
S3150800534883F00103DBB2002B06D0064B03F50053A6
S315080053581A464FF0004353662BF0BBFA00BF05B058
S315080053685DF804FB0080005000800950094B03F5DE
S3150800537880531A464FF480339366074B41F67132C9
S31508005388DA63054B03F500531A460123D36000BFB9
S31508005398704700BF00800050000003500A4B41F6D2
S315080053A87132DA63084B03F500531A460123D360B2
S315080053B8054B0022DA63054B03F500531A464FF4EA
S315080053C88033936600BF7047000003500080005082
S315080053D884B0019000230393019B372B00F2988031
S315080053E801A252F823F000BFD1540008D754000888
S315080053F819550008195500081955000819550008BF
S3150800540819550008195500081955000819550008AE
S31508005418195500081955000819550008195500089E
S31508005428195500081955000819550008195500088E
S315080054380D55000819550008135500081955000890
S31508005448195500081955000819550008195500086E
S31508005458195500081955000819550008195500085E
S31508005468195500081955000819550008DD5400088B
S31508005478E3540008E9540008EF54000819550008D1
S31508005488195500081955000819550008195500082E
S31508005498195500081955000819550008195500081E
S315080054A8195500081955000819550008195500080E
S315080054B8F55400081955000819550008FB54000842
S315080054C801550008075500080023039321E0032324
S315080054D803931EE0012303931BE00223039318E0BA
S315080054E80423039315E00523039312E00623039385
S315080054F80FE0092303930CE00A23039309E00B231F
S31508005508039306E00723039303E00823039300E0C5
S3150800551800BF039B184604B0704700BF84B00190CB
S315080055280091009B0393019B372B72D8019B212B73
S315080055380CD2019B142B5ED0019B142B69D8019BB6
S31508005548012B32D0019B122B47D062E0019B213BED
S31508005558324A22FA03F303F00103002B14BF01238E
S315080055680023DBB2002B54D0009B042B1BD801A2C6
S3150800557852F823F091550008975500089D550008DC
S31508005588A3550008A9550008002303930CE0012336
S31508005598039309E00223039306E00323039303E036
S315080055A80423039300E000BF34E0009B022B0FD0CE
S315080055B8009B022B0FD8009B002B03D0009B012BC6
S315080055C803D008E00023039306E00123039303E0CE
S315080055D80223039300E000BF1CE0009B012B03D0C5
S315080055E8009B042B03D005E00023039302E0012364
S315080055F8039300BF0EE0009B022B03D0009B052BEC
S3150800560803D005E00023039302E00123039300BFB8
S3150800561800E000BF039B184604B070470F007200ED
S3150800562800B585B001900B468DF803301346ADF8E2
S315080056380030BDF800301B0A03F07F030393BDF85A
S31508005648003003F0070302939DF80330002B0BD1B3
S31508005658039B1A02029B13430E4943F44022019BFB
S31508005668063341F8232011E002990398FFF756FFFD
S3150800567802900398FFF7ACFE0390039B1A020549AC
S31508005688029B1A43019B163341F8232000BF05B035
S315080056985DF804FB0080035084B001900B468DF832
S315080056A803301346ADF800300E4B0393BDF80030AF
S315080056B80293029B23F00303039A13440393BDF84A
S315080056C80030002B0BD09DF80330002B03D1039B29
S315080056D8019A1A6003E0019B1A02039B1A6000BF2D
S315080056E804B0704700800350054B03F580531A46EB
S315080056F84FF480335366034B9B691846704700BFBF
S315080057080080005000000850F0B482B00E4B9B6C25
S3150800571801930D4BDB6C00221E4617464FF000021C
S315080057284FF0000333000022019E00273046394611
S3150800573842EA000443EA010522462B461046194662
S3150800574802B0F0BC704700BF0080E00F82B0074B7C
S315080057589B68DBB20193019B0A3303F01F030122FE
S3150800576802FA03F3184602B0704700BF0080E00F3C
S31508005778024BD3F810331846704700BF00C00350D1
S3150800578882B00190019B1B78002B0AD0019B1B78DD
S31508005798012B06D0019B1B78022B02D0019B1B7894
S315080057A8032B019B5B781A460849019B1B78184608
S315080057B8012303FA02F203465B0003441B010B4468
S315080057C803F501531A6000BF02B0704700C00350C2
S315080057D884B00190019B1B78002B0AD0019B1B788B
S315080057E8012B06D0019B1B78022B02D0019B1B7844
S315080057F8032B0D4A019B1B7819460B465B000B4485
S315080058081B01134444331B68019A5278D34003F0AA
S315080058180103002B14BF012300238DF80F309DF8D0
S315080058280F30184604B0704700C0035082B0019084
S31508005838044B03F580531A46019BC2F8243400BF6B
S3150800584802B0704700C0035082B00190044B03F5BC
S3150800585800531A46019BC2F8243400BF02B07047A9
S3150800586800C0035082B00190044B03F500531A4652
S31508005878019BC2F8203400BF02B0704700C003502D
S31508005888024BD3F824341846704700BF00C00350AB
S3150800589882B0064BD3F824340193044BD3F820245A
S315080058A8019B1340184602B0704700BF00C003505A
S315080058B884B003468DF807300F4BDB6E03F03003D0
S315080058C80393039B202B13D09DF80730002B08D091
S315080058D8094BDB6E23F03003074A43F01003D366FF
S315080058E807E0054BDB6E044A23F03003D36600E075
S315080058F800BF04B0704700BF0040005000B585B02F
S3150800590801900B468DF8033013468DF802300023B4
S315080059188DF80F30019B1B78002B0AD0019B1B784A
S31508005928012B06D0019B1B78022B02D0019B1B7802
S31508005938032BFFF71DFF9DF803300F2B62D801A232
S3150800594852F823F08D590008955900089D59000802
S31508005958A5590008AD590008B5590008BD590008E9
S31508005968C5590008CD590008D5590008DD59000859
S31508005978E5590008ED590008F5590008FD590008C9
S31508005988055A000800238DF80F303CE001238DF8EE
S315080059980F3038E002238DF80F3034E003238DF8F2
S315080059A80F3030E004238DF80F302CE005238DF8EE
S315080059B80F3028E006238DF80F3024E007238DF8EA
S315080059C80F3020E008238DF80F301CE009238DF8E6
S315080059D80F3018E00A238DF80F3014E00B238DF8E2
S315080059E80F3010E00C238DF80F300CE00D238DF8DE
S315080059F80F3008E00E238DF80F3004E00F238DF8DA
S31508005A080F3000E000BF9DF80330002B0AD09DF840
S31508005A180230002B03D001982DF04EFD02E00198C4
S31508005A28FFF7AEFE019B5B78072B1BD8019B1B78FB
S31508005A381A4613465B0013441B011A1D224B1344CE
S31508005A48019A527892000F2101FA02F09DF80F1078
S31508005A58019A5278920001FA02F20146184620F095
S31508005A68A1FA1DE0019B1B781A4613465B001344EE
S31508005A781B0103F10C02144B1344019A5278083A95
S31508005A8892000F2101FA02F09DF80F10019A527838
S31508005A98083A920001FA02F20146184620F082FAFC
S31508005AA89DF80330002B0AD19DF80230002B03D04D
S31508005AB801982DF001FD02E00198FFF761FE00BF8D
S31508005AC805B05DF804FB00BF30C0035000B587B0C9
S31508005AD80390029113468DF80730039B1B78002B19
S31508005AE80AD0039B1B78012B06D0039B1B78022B35
S31508005AF802D0039B1B78032B9DF80730002B0AD08E
S31508005B089DF80730012B06D09DF80730022B02D0E6
S31508005B189DF80730042BFFF72BFE029BB3F1FF3FD6
S31508005B2801D0029B002B029BB3F1FF3F09D1FFF777
S31508005B38A7FE0590039B5B780599184620F09DF902
S31508005B480290029BB3F1FF3F00F08680029B002B70
S31508005B58C0F28280029B072B21DC029B9B00032252
S31508005B6802FA03F1039B1B781A46029B9B0002FA6A
S31508005B7803F31A463B4820F015FA029B9B000322BA
S31508005B8802FA03F1039B5B7803F00302029B9B006E
S31508005B9802FA03F31A46344820F004FA23E0029B73
S31508005BA8083B0493049B9B00032202FA03F1039B18
S31508005BB81B781A46049B9B0002FA03F31A462B48DD
S31508005BC820F0F0F9049B9B00032202FA03F1039BD9
S31508005BD85B7803F00302049B9B0002FA03F31A4658
S31508005BE8234820F0DFF99DF8073003F00103002B5E
S31508005BF805D19DF8073003F00403002B06D0029B55
S31508005C08012219461B482FF09CF905E0029B002241
S31508005C18194618482FF095F99DF8073003F002033E
S31508005C28002B05D19DF8073003F00403002B06D096
S31508005C38029B0122194610482FF083F905E0029BBA
S31508005C48002219460C482FF07CF90122029B02FA19
S31508005C5803F31846FFF706FE029B184607B05DF8D9
S31508005C6804FB00BF00C4035008C4035004C403500F
S31508005C780CC4035010C4035014C4035000B583B0B1
S31508005C8801900091124BD3F83024019BDB4310494D
S31508005C981340C1F830340E4BD3F830240199009BD1
S31508005CA80B400B491343C1F83034094BD3F82C245D
S31508005CB80749019B1343C1F82C340120FFF7F8FD67
S31508005CC80198FFF7CFFD00BF03B05DF804FB00BFDE
S31508005CD800C0035000BF094B9B6803F00203002B62
S31508005CE8F9D1064B5B6803F00203002BF3D1034B8B
S31508005CF8DB69002BEFD100BF00BF704700C00A5010
S31508005D0808B52DF001FC024B02221A6100BF08BD36
S31508005D1800C00A5000B583B001902DF0F5FB034A80
S31508005D28019B936100BF03B05DF804FB00C00A50ED
S31508005D3800B583B00190FFF7CDFF0A4B5B68012BCE
S31508005D4803D100F021F8FFF7C5FF019B1B78002B4C
S31508005D5801D0012300E00023024AD36000BF03B044
S31508005D685DF804FB00C00A5008B5FFF7B3FF054BFA
S31508005D7803F580531A4601235360024B01221A6120
S31508005D8800BF08BD00C00A5008B5074B5B68012B61
S31508005D9808D1FFF7B5FF044B03F500531A4601234C
S31508005DA8536000E000BF08BD00C00A5084B003462F
S31508005DB800918DF80730002303939DF80730002BD0
S31508005DC840D1009B1B78002B01D0012300E000235B
S31508005DD80393009B5B68002B06D0009B5B681B78C7
S31508005DE8DB00039A13430393009B5B78002B01D0CF
S31508005DF8022300E00023039A13430393009B9B683E
S31508005E08002B06D0009B9B681B789B01039A1343BB
S31508005E180393009B9B78002B01D0042300E0002302
S31508005E28039A13430393009BDB68002B06D0009B59
S31508005E38DB681B785B02039A13430393034A039BA5
S31508005E48936400BF00BF04B0704700BF00C00A5083
S31508005E5800B585B00190184B03F580531A464FF4E0
S31508005E688033536600F08CF80390039B1B0BDBB258
S31508005E7803F00F03DAB2019B1A70039B1B0CDBB203
S31508005E8803F00F03DAB2019B5A70039B5B099BB2B6
S31508005E9803F07F039AB2039B9BB203F00F039BB2EE
S31508005EA813439AB2019B5A80019B4FF6FF729A8058
S31508005EB800BF05B05DF804FB0080005000B583B04C
S31508005EC800238DF8073000F053F80346ADF8043080
S31508005ED8BDF80430144AA2FB03239B099BB241333D
S31508005EE8ADF80230BDF80230432B0ED0432B10DC38
S31508005EF8412B02D0422B04D00BE004238DF807303F
S31508005F080BE005238DF8073007E003238DF80730E3
S31508005F1803E000238DF8073000BF9DF807301846C0
S31508005F2803B05DF804FB00BFD34D6210F0B482B02D
S31508005F380E4B9B6C01930D4BDB6C00221E461746D5
S31508005F484FF000024FF0000333000022019E00279D
S31508005F583046394642EA000443EA010522462B46FA
S31508005F681046194602B0F0BC704700BF0080E00F23
S31508005F78024B5B689BB21846704700BF0080E00F6B
S31508005F88014B9B69184670470000085030B585B024
S31508005F98019001982AF0C8FC0390039B002B09D1AD
S31508005FA8064A019B14461D460FCD0FC495E8030003
S31508005FB884E80300039B184605B030BD3016002058
S31508005FC88EB001900B468DF803301346ADF80030B5
S31508005FD8BDF9003047F6FF72934201D1FF23F7E077
S31508005FE89DF80330022B00F2F2809DF803307A4AB6
S31508005FF8D35C012B00F2EB809DF80330764AD35C1C
S31508006008DB00764A13440893089B9B780793089BFA
S315080060181B78012B2BD100230D93089BDB781A4696
S31508006028079BD31A0C9317E00C9A0D9BD31A5B0897
S315080060380C9AD31A0393089B5A68039B5B0013446C
S31508006048B3F90030BDF900209A4203DA039B013BF5
S315080060580C9301E0039B0D930D9A0C9B9A42E3D38C
S315080060680C9BDAB2079BDBB21344DBB2B0E0089BA1
S315080060785B680693069B002B01D10023A8E0069BC4
S31508006088B3F90030BDF900209A4204DD069B1B8847
S31508006098ADF800300AE0069BB3F90230BDF90020D6
S315080060A89A4203DA069B5B88ADF80030C823ADF838
S315080060B82E302823ADF82C300023ADF82A30069B5D
S315080060C89B88FF2B0DD1BDF82A3001339BB2ADF85A
S315080060D82A30069BDB88ADF82E30069B9B68ADF800
S315080060E82C30BDF92E20BDF90030D21ABDF92C3056
S315080060F892FBF3F39AB2BDF82A3013449BB2ADF873
S315080061082A30089B5B781A46BDF92A309A4203DD7D
S31508006118BDF92A30002B05DA089B5B78013B9BB250
S31508006128ADF82A30BDF92A30DB00069A1344043341
S315080061380593059B5A68059BB3F902301946BDF9BC
S31508006148003001FB03F313440493049B002B02DA83
S315080061580023099301E0049B0993099B5C33204AB1
S31508006168A2FB03239B090993BDF92A309BB2013385
S315080061789BB2ADF82A30BDF92A30089A527893426C
S3150800618809DABDF92A30069ADB0013449B881A46B1
S31508006198099B9342C6D9BDF92A30013B069ADB000A
S315080061A813449B881A46099B934207D9BDF92A3096
S315080061B8013B069ADB0013449B880993099A079BB7
S315080061C89A4201D2079B0993099BDBB200E0002398
S315080061D818460EB0704700BF385903083016002015
S315080061E8D34D621088B001900B468DF803301346DC
S315080061F88DF802309DF80330022B00F2C1809DF815
S315080062080330614AD35C012B00F2BA809DF803304B
S315080062185D4AD35CDB005D4A13440693069B1B78EC
S31508006228012B26D1069BDB789DF802209A4203D9D2
S31508006238069BDB788DF80230069B9B789DF8022032
S31508006248D31A8DF802309DF80220069BDB7819468A
S31508006258069B9B78CB1A9A4202DD00238DF80230FA
S31508006268069B5A689DF802305B001344B3F9003060
S3150800627887E0069B5B680593059B002B01D1444B79
S315080062887FE0059B04330493069B9B789DF80220C0
S315080062989A4203D8059BB3F9023072E0069BDB786D
S315080062A89DF802209A4203D3059BB3F9003068E0AB
S315080062B800238DF81F30069B5B78013B8DF80F305D
S315080062C8049B1B88FF2B14D101238DF81F3010E07F
S315080062D89DF81F300133DB00049A13441A889DF889
S315080062E802309BB29A420BD39DF81F3001338DF8C2
S315080062F81F309DF81F209DF80F309A42E8D300E01A
S3150800630800BF9DF802304FF47A7203FB02F29DF83B
S315080063181F30DB0004990B445B68D31A02939DF877
S315080063281F30DB00049A1344B3F90230DA0F13441A
S315080063385B101BB21A46029B13449DF81F20D20015
S3150800634804990A44B2F9022093FBF2F30293059BD7
S31508006358B3F900301A46029B934203DD059BB3F94D
S3150800636800300EE0059BB3F902301A46029B9342A9
S3150800637803DA059BB3F9023003E0029B1BB200E07F
S31508006388034B184608B070473859030830160020DA
S315080063980080FFFF08B50448FFF7F8FD01202AF03A
S315080063A8C7FA00BF08BD00BFA0590308014B184625
S315080063B8704700BF7029002000B587B001AB0022DE
S315080063C81A605A609A60DA601A61064B029301AB42
S315080063D819464FF0FF302AF0F4FA00BF07B05DF807
S315080063E804FB00BF006A180000B595B00390029137
S315080063F8009313468DF80730039B002B0DD0029B9C
S31508006408002B0AD0169B002B07D0179B002B04D00D
S31508006418009B03F00F03002B01D0212368E0039BA0
S3150800642813939DF80730002B01D1334A00E0334A0D
S31508006438039B1A60039B00225A60039B00229A60FA
S31508006448039B0022DA6105AB1946029800F068FC3E
S315080064581290129B002B01D0129B49E0039B059AC8
S31508006468114618462EF0B2FD009913982EF0AEFD87
S315080064780FAB1946029800F009FE1290129B002BE2
S3150800648801D0129B34E0039B0FAA1146184620F048
S3150800649881FA0CAB1946029820F061F81290129B03
S315080064A8002B01D0129B23E0039B0CAA1146184621
S315080064B820F070FA169B099301230A93009B43F070
S315080064C800530B9309AB1946139820F063FA179BE8
S315080064D8069301230793009B43F00053089306ABE2
S315080064E81946139820F072FA03982EF043FD0346CE
S315080064F8184615B05DF804FB000100040001010404
S3150800650800B595B00390029101920093039B002B66
S3150800651808D0029B002B05D0019B002B02D0169BA6
S31508006528002B01D121237BE0039B139300231293AD
S31508006538029B1B68103B102B8CBF01220022D2B28B
S31508006548002A0BD1384A22FA03F303F00103002B79
S3150800655814BF01230023DBB2002B01D121235FE0FE
S3150800656800BF039B314A1A60039B00225A60039BAB
S3150800657800229A60039B0022DA6105AB1946029845
S3150800658800F0CEFB1290129B002B01D0129B47E01D
S31508006598039B059A114618462EF018FD009913987C
S315080065A82EF014FD0FAB1946029800F06FFD1290F5
S315080065B8129B002B01D0129B32E0039B0FAA1146AF
S315080065C8184620F0E7F90CAB194602981FF0C7FFE2
S315080065D81290129B002B01D0129B21E0039B0CAA58
S315080065E81146184620F0D6F9019B099301230A9308
S315080065F8009B43F000530B9309AB1946139820F0F8
S31508006608C9F9169B069301230793094B089306AB0A
S315080066181946139820F0DAF903982EF0ABFC0346CE
S31508006628184615B05DF804FB0101010000000404D2
S315080066381000002000B59DB00590049103920293BE
S3150800664800231B93059B002B08D0049B002B05D021
S31508006658039B002B02D0029B002B01D12123ACE01F
S31508006668059B1B6B0F2B0BD9059B2033059A0192AB
S3150800667800931023012203990498FFF7B5FE1B908F
S315080066881B9B002B40F09880049B1A93049B4D4A49
S315080066981A60049B00225A60049B00229A60049B95
S315080066A80022DA6107AB1946039800F039FB1B90FC
S315080066B81B9B002B01D01B9B7FE0049B079A114666
S315080066C818462EF083FC059B1B6B0F2B09D9059BD7
S315080066D81B6B03F00F03103319461A982EF076FC35
S315080066E805E0059B1B6B19461A982EF06FFC17AB2D
S315080066F81946039800F0CAFC1B901B9B002B01D077
S315080067081B9B5AE0049B17AA1146184620F042F923
S3150800671814AB194603981FF022FF1B901B9B002BEE
S3150800672801D01B9B49E0049B14AA1146184620F081
S3150800673831F9059B119301231293234B1393059B58
S3150800674810330E9301230F93059B1B6B03F00F035E
S3150800675843F000531093059B10330B9301230C93B6
S31508006768059B1B6B43F000530D93059B1B6B0F2B67
S315080067780ED9139B23F00053139311AB19461A9895
S3150800678820F008F90EAB19461A9820F003F904E028
S315080067980BAB19461A9820F0FDF8029B08930123BB
S315080067A80993094B0A9308AB19461A9820F00EF96B
S315080067B804982EF0DFFB1B901B9B18461DB05DF84E
S315080067C804FB00BF000004041000002000B5A3B0B5
S315080067D8039002910192009300232193039B002BB7
S315080067E808D0029B002B05D0019B002B02D0009BEA
S315080067F8002B01D12123DBE0039B1B6B03F00F035E
S315080068082093039B1B6B1A09039B196B249B0B4448
S315080068181B099A4200F0BB80209A249B134423F054
S315080068280F031F93029B1E93029B634A1A60029BDF
S3150800683800225A60029B00229A60029B0022DA61B3
S3150800684804AB1946019800F06BFA2190219B002B9E
S3150800685801D0219BACE0029B049A114618462EF0FB
S31508006868B5FB1F991E982EF0B1FB1AAB194601986D
S3150800687800F00CFC2190219B002B01D0219B97E06E
S31508006888029B1AAA1146184620F084F817AB19462F
S3150800689801981FF064FE2190219B002B01D0219BB3
S315080068A886E0029B17AA1146184620F073F8039B40
S315080068B8149301231593414B169314AB19461E9846
S315080068C820F068F8039B1033119301231293209B39
S315080068D843F000531393009B0E9301230F931F9ABB
S315080068E8209BD31A43F000531093139B23F00053AD
S315080068F8139311AB19461E9820F04CF80EAB19469F
S315080069081E9820F047F800230B9301230C931F9B2E
S31508006918103B43F000530D93039B20330893012340
S315080069280993264B0A930D9B43F080430D930D9BC1
S3150800693823F000530D930BAB19461E9820F046F822
S3150800694808AB19461E9820F041F8039B05930123C6
S3150800695806931A4B079305AB19461E9820F036F886
S3150800696802982EF007FB2190209A249B1A441F9B15
S31508006978D31A1D93039B03F11000249A1D9BD31A5F
S31508006988009A13441D9A19462AF043FD09E0039B09
S3150800699803F11002209B1344249A009918462AF0FA
S315080069A838FD039B1A6B249B1A44039B1A63219B85
S315080069B8184623B05DF804FB030200041000002003
S315080069C800B591B003900291019200230A93039BA4
S315080069D8002B05D0019B002B04D0029B002B01D16C
S315080069E8212381E0039B0E93019B03F003030D9378
S315080069F8019B23F003030193019B002B2BD0039BD8
S31508006A084FF0E0621A60039B00225A60039B00223B
S31508006A189A60039B0022DA61029B07930123089375
S31508006A28019B43F00053099307AB19460E981FF0CC
S31508006A38CDFF01990E982EF0C9FA03982EF09AFA06
S31508006A480C900C9B002B06D0019A002102982AF07C
S31508006A58D5FC0C9B48E00D9B002B44D0039B4FF0BC
S31508006A68E0621A60039B00225A60039B00229A6020
S31508006A78039B0022DA610AAB0493012305931C4B96
S31508006A88069304AB19460E981FF0A0FF04210E982A
S31508006A982EF09CFA03982EF06DFA0C900C9B002B9E
S31508006AA809D0019A0D9B13441A46002102982AF028
S31508006AB8A5FC0C9B18E0029A019B13440B93002330
S31508006AC80F930CE00A9A0F9BDB0022FA03F10B9A44
S31508006AD80F9B1344CAB21A700F9B01330F930F9A70
S31508006AE80D9B9A42EED30023184611B05DF804FBB5
S31508006AF80400002000B59BB0039002910192009310
S31508006B08039B002B08D0029B002B05D0019B002B6A
S31508006B1802D0009B002B01D12123F9E00023002293
S31508006B28019902981FF078FC1990199B002B01D03F
S31508006B38199BEDE014AB194601981FF006FC19904D
S31508006B48199B002B01D0199BE2E0009BDB68022BFE
S31508006B5818D0029B1B68704A934204D0029B1B6894
S31508006B686E4A934206D1009B5A69149B9A4209D2E7
S31508006B782123CDE0149B5A00009B5B699A4201D9F0
S31508006B882123C5E0009B1B68002B01D02123BFE009
S31508006B98039B4FF060621A60039B00225A60039BAE
S31508006BA800229A60039B0022DA6115AB19460298FF
S31508006BB800F0B6F81990199B002B01D0199BA7E08D
S31508006BC8159B23F4F0631593039B159A11461846EB
S31508006BD82EF0FCF916AB1946009800F0A1F81990A2
S31508006BE8199B002B01D0199B92E0039B169A114614
S31508006BF818462EF0EBF90BAB1946029800F046FA40
S31508006C081990199B002B01D0199B81E0039B0BAAAD
S31508006C18114618461FF0BEFE08AB194602981FF023
S31508006C289EFC1990199B002B01D0199B70E0039BB9
S31508006C3808AA114618461FF0ADFE009BDB68002B14
S31508006C4810D00EAB1946009800F020FA1990199B37
S31508006C58002B01D0199B5BE0039B0EAA1146184628
S31508006C681FF098FE11AB194601981FF078FC199089
S31508006C78199B002B01D0199B4AE0019B9B6803F4DA
S31508006C888053002B1AD0019B9B6803F40053002BF2
S31508006C9812D0019BDB691B681793019B1969179A20
S31508006CA813465B0013445B000B441193179B5B0068
S31508006CB843F00053139301E0292329E0039B11AA03
S31508006CC8114618461FF066FE05AB194600981FF0D0
S31508006CD846FC1990199B002B01D0199B18E0039BB9
S31508006CE805AA114618461FF071FE0023189309E0F5
S31508006CF803982EF03FF91990199B012B06D1189B7A
S31508006D0801331893189B022BF2D900E000BF199B90
S31508006D1818461BB05DF804FB200000B0380000B028
S31508006D2800B589B001900091019B002B02D0009B09
S31508006D38002B01D12123A5E1009B00221A60019BA3
S31508006D481B6803F07042009B1A60019BDB68032BE3
S31508006D5824D801A252F823F0716D00087B6D00084B
S31508006D68896D0008976D0008009B1A68009B1A60D1
S31508006D7816E0009B1B6843F00062009B1A600FE050
S31508006D88009B1B6843F08062009B1A6008E0009B22
S31508006D981B6843F08062009B1A6001E0212371E1B9
S31508006DA800230793019B9B6803F08073002B02D08E
S31508006DB84FF080730793019B9B6803F00073002BC1
S31508006DC802D04FF000730793019B9B6803F040734A
S31508006DD8B3F1407F02D14FF040730793019BDB68FC
S31508006DE8002B04D1079B002B01D021234AE1009BE5
S31508006DF81B6823F04072079B03F040731A43009BF5
S31508006E081A60019BDB68022B11D1019B1B69032BB6
S31508006E1801D9212336E1009B1B6823F47F02019BD5
S31508006E281B691B0403F47F031A43009B1A60019B22
S31508006E38DB68032B11D1019B1B69F62B01D821238B
S31508006E4820E1009B1B6823F47F02019B1B691B0436
S31508006E5803F47F031A43009B1A60019B9B6803F49B
S31508006E680043002B05D0009B1B6843F40042009B97
S31508006E781A60019BDB68032B0CD0009B1B6823F464
S31508006E88FF4323F07F03019A1268C2F30E021A43DE
S31508006E98009B1A60019B9B6803F48043002B14BF70
S31508006EA8012300238DF81B30019B9B6803F40053CC
S31508006EB8002B14BF012300238DF81A30019B9B6809
S31508006EC803F48053002B14BF012300238DF81930CF
S31508006ED8019B9B6803F48063002B14BF01230023DE
S31508006EE88DF81830019B1B6803F07043002B2DDAC8
S31508006EF89DF81B30002B05D0009B1B6843F4804285
S31508006F08009B1A609DF81A30002B05D0009B1B6859
S31508006F1843F40052009B1A609DF81930002B05D0DF
S31508006F28009B1B6843F48052009B1A609DF81B302F
S31508006F3883F00103DBB2002B08D09DF81A3083F0E2
S31508006F480103DBB2002B01D021239BE0019B1B68C0
S31508006F5803F07043002B10DA019B1B6803F070439B
S31508006F68B3F1404F09D29DF81830002B05D0009B85
S31508006F781B6843F48062009B1A60019B1B6803F038
S31508006F887043002B0DDB9DF81B30002B07D19DF8AD
S31508006F981A30002B03D19DF81830002B01D0212375
S31508006FA870E00023029302AB194601981FF0CDF949
S31508006FB80590059B002B01D0059B63E0019B1B6888
S31508006FC803F070430493049B002B0CD1009B1B68A9
S31508006FD823F4FF4323F07F03029AC2F30E021A43EF
S31508006FE8009B1A601DE0049BB3F1004F0BD0049B6D
S31508006FF8B3F1204F07D0049BB3F1304F03D0049B5D
S31508007008B3F1404F0BD1009B1B6823F07F02029B0C
S31508007018013B03F07F031A43009B1A6001E0212312
S3150800702830E09DF81930002B2BD0019BDB69002B2B
S3150800703801D1212326E0049BB3F1004F1FD1019B00
S31508007048DB690393039B1B7F002B09D09DF8183037
S31508007058002B05D0009B1B6843F40072009B1A603E
S31508007068039B5B7F002B0CD09DF81830002B08D0AB
S31508007078009B1B6843F48072009B1A6001E00F238B
S3150800708800E00023184609B05DF804FB82B00190B9
S315080070980091019B002B02D0009B002B01D12123D4
S315080070A822E0009B01225A60019BDB68022B03D071
S315080070B8019BDB68012B12D1019B9B69002B07D02A
S315080070C8019B9A69009B1A60009B094A9A600AE024
S315080070D8009B084A1A60009B054A9A6003E0009BD1
S315080070E84FF000529A600023184602B0704700BF56
S315080070F808000020206B030800B593B0039002919E
S315080071080192039B002B05D0029B002B02D0019B02
S31508007118002B01D12123A7E0039B0F93012301220A
S31508007128019902981FF078F91190119B002B01D04C
S31508007138119B99E0029B9B6803F4C043002B01D17D
S31508007148212391E0019B9B6803F40053002B05D08B
S31508007158019B9B6803F48043002B01D0212383E01D
S31508007168039B434A1A60039B00225A60039B00222A
S315080071789A60039B0022DA6104AB19460298FFF766
S31508007188CFFD1190119B002B01D0119B6CE0039B3E
S31508007198049A114618462DF019FF0CAB19460298A1
S315080071A8FFF774FF1190119B002B01D0119B5BE030
S315080071B8039B0CAA114618461FF0ECFB09AB1946A7
S315080071C802981FF0CCF91190119B002B01D0119B46
S315080071D84AE0039B09AA114618461FF0DBFB019BE8
S315080071E8DB68002B0BD1019B9B6803F48043002BBB
S315080071F805D1019B9B6803F40053002B01D1212379
S3150800720832E008AB194601981FF012F81190119B45
S31508007218002B01D0119B27E0019B5A69089B9A42CB
S3150800722801D21D2320E0019B1B69059301230693C0
S31508007238089B43F00053079305AB19460F981FF0B0
S31508007248C5FB0023109309E003982DF093FE1190CF
S31508007258119B012B06D1109B01331093109B022B0F
S31508007268F2D900E000BF119B184613B05DF804FB7D
S315080072780000010282B003468DF807309DF80730F2
S31508007288062B1FD801A252F823F000BFB1720008D6
S31508007298B5720008C5720008B9720008BD72000800
S315080072A8C1720008C9720008DC230CE098230AE0BA
S315080072B8A02308E0D82306E0102304E04C2302E0C4
S315080072C8182300E00023184602B0704700B58BB0B3
S315080072D8019000911F4B0393019B04931E4B059342
S315080072E846F61103069300F01FFA0990099B142B1A
S315080072F804D107AB18461FF071FC04E0099B002B64
S3150800730801D0099B21E04FF0A84303225A634FF0A6
S31508007318A84203AB13604FF0A842009B13614FF0D5
S31508007328A84303229A6300BF4FF0A843DB6B03F018
S315080073380303002BF8D1099B142B03D107AB184676
S315080073481FF064FC00F020FA034618460BB05DF8F7
S3150800735804FB00BF481600200400002010B5BAB088
S3150800736802910192009303468DF80F308F4B31AC8A
S315080073780FCB84E80F00409A019B13445B4203F045
S315080073880F0337933D9B002B04D03D9B5B4203F0CC
S315080073980F0300E010233693419B2D9301232E9368
S315080073A8429B43F000532F93429BC3F110031B02E1
S315080073B803F4F85343F0210330933D9B002B01D186
S315080073C831AB00E0009B29939DF80F3083F0010349
S315080073D8DBB2002B04D0429B002B01D02DAB00E07A
S315080073E801232A933D9B002B03D03D9B43F0005372
S315080073F802E0369B43F000532B939DF80F30002B81
S3150800740802D1429B002B01D1212200E00122369BA2
S315080074181B0203F4F85313432C93029B259329ABB9
S315080074282693019B43F000532793379B1B0203F4CB
S31508007438F85343F0410328933F9B2193019B002B64
S3150800744801D025AB00E029AB2293019B002B01D084
S31508007458002201E04FF00052409B13432393019BFF
S31508007468002B06D1379B1B0203F4F85343F041035C
S3150800747800E0412324933E9B1D9321AB1E934C4B5E
S315080074881F9340F6110320939DF80F30002B01D067
S31508007498484B00E0484B19931DAB1A93474B1B936F
S315080074A811231C9315AB00221A605A609A60DA6099
S315080074B801231693429BC3F1100343F080431793A5
S315080074C811AB00221A605A609A60DA609DF80F308C
S315080074D883F00103DBB2002B01D031AB00E0419BFE
S315080074E81193429B102B01D015AB00E00123129390
S315080074F8429B13930DAB00221A605A609A60DA60B1
S31508007508429B002B01D011AB00E001230E93369B5A
S3150800751843F080430F9309AB00221A605A609A60B9
S31508007528DA603C9B0993369B002B01D00DAB05E02E
S31508007538429B002B01D011AB00E001230A933C9B28
S31508007548002B02D14FF0804200E000223D9B1343F6
S315080075580B9305AB00221A605A609A60DA603D9B65
S31508007568002B01D009AB00E00DAB0693409A019BAE
S315080075781A44379B134443F08043079305AA19AB6B
S3150800758811461846FFF7A2FE3590359B002B01D009
S31508007598359B2BE09DF80F3083F00103DBB2002BF7
S315080075A823D0002339930023389315E0306B03085A
S315080075B810000020286B03082C6B03080400002021
S315080075C831AA389B13441B78DBB21A46399B1343F6
S315080075D83993389B01333893389A429B9A42EFD3AA
S315080075E8399B002B01D02C2300E0002318463AB01B
S315080075F810BD00BF00B5A3B0039002910192009395
S31508007608029BB3F5807F0AD0029BB3F5807F1CD80E
S31508007618029B802B0FD0029BC02B0AD015E0249B17
S31508007628002B02D040F2344301E040F21443219380
S315080076380DE00F2358E0249B002B02D04FF48663F5
S3150800764801E04FF48263219301E029234CE0249B4F
S315080076581D9301231E9310231F9321232093259BF3
S315080076681993249B002B01D01DAB00E001231A9324
S3150800767810231B9301231C93019B1593012316932F
S315080076881023179321231893194B119315AB1293AB
S31508007698184B139342F611031493009B0D9315ABDD
S315080076A80E9310230F9342F61103109321AB0993F7
S315080076B8009B002B01D00DAB00E011AB0A93042305
S315080076C80B9311230C93039B059309AB0693029B13
S315080076D8DB08079340F61103089319AA05AB114668
S315080076E81846FFF7F3FD0346184623B05DF804FB72
S315080076F8506B03081000001000B583B0094B1B68CF
S31508007708002B04D10421074822F091FA0190054B71
S315080077181B68013343F00043024A136000BF03B0F5
S315080077285DF804FB4816002008B5154B5B6E144A2D
S3150800773843F004035366124BD3F88032104A43F0D9
S315080077480103C2F880320F4B5B68C3F30803002BAA
S3150800775809D000BF4FF0A843DB6B03F04303002BA7
S31508007768F8D114230AE000BF4FF0A843DB6B03F0F7
S315080077784303002BF8D1FFF7BFFF0023184608BDBF
S315080077880080005000ED00E0054B5B68C3F3080372
S31508007798002B01D0002300E000231846704700BFDD
S315080077A800ED00E010B582B0019001981FF055FA77
S315080077B80346012202FA03F401981FF043FA034626
S315080077C80F4A52F8232021460A430D4941F8232037
S315080077D801981FF042FA0346012202FA03F3DC4332
S315080077E801981FF02FFA0346064A52F82320214625
S315080077F80A40044941F8232000BF02B010BD00BF63
S315080078084C1600206016002010B586B00190019825
S315080078181FF023FA0346012202FA03F401981FF01F
S3150800782811FA0346164A52F8232021460A431449F0
S3150800783841F82320002305930023049309E0114AFD
S31508007848049B52F82330059A13440593049B013385
S315080078580493049B042BF2D9059B002B0DD1002316
S31508007868039307E0064A039B002142F82310039B6B
S3150800787801330393039B042BF4D900BF06B010BD4C
S31508007888601600204C16002010B582B001900198A9
S315080078981FF0E3F90346012202FA03F401981FF0E0
S315080078A8D1F90346054A52F8232021464A40034996
S315080078B841F8232000BF02B010BD00BF4C160020B7
S315080078C810B582B0019001981FF0BCF90346094A21
S315080078D852F8234001981FF0C0F9034624FA03F327
S315080078E803F00103002B14BF01230023DBB218465B
S315080078F802B010BD4C16002010B582B00190019850
S315080079081FF0A0F90346094A52F8234001981FF0C8
S31508007918A4F9034624FA03F303F00103002B14BF62
S3150800792801230023DBB2184602B010BD60160020FA
S3150800793882B00190019BA3F50622A2F6FF42074BE7
S31508007948A3FB0213D9080B46DB010B44D11A01F530
S31508007958062303F55063184602B07047813FE00FC7
S3150800796800B583B0CDE90001DDE900011FF07DF916
S315080079780146084BA3FB0123DA081346DB01134427
S31508007988CA1A02F5062303F55063184603B05DF8CC
S3150800799804FB00BF813FE00F00B5A9B012AB402237
S315080079A80021184629F02AFD02AB40220021184674
S315080079B829F024FD2A4B279347E0279B1033269363
S315080079C8269B284A934201D9264B2693264B1868A4
S315080079D8269B013B12A90093279B10221DF089FCC0
S315080079E82390002325930BE0259B9B00A0336B442B
S315080079F853F8583C1846FFF7D5FE259B01332593BF
S31508007A08259A239B9A42EFD3174B1868269B013B66
S31508007A1802A90093279B10221DF080FC22900023C0
S31508007A2824930BE0249B9B00A0336B4453F8983CA3
S31508007A381846FFF7E9FE249B01332493249A229BD0
S31508007A489A42EFD3279B10332793279B074A9342DB
S31508007A58B3D9074B01221A7000BF29B05DF804FB99
S31508007A68006D0800007108004C290020FF70080006
S31508007A788224002000B58BB00590049103920293E6
S31508007A88039B002B02D0039B00221A60029B002B43
S31508007A9802D0029B00221A601D4B18681023009317
S31508007AA80023049A0599FAF789FC0990099B002B83
S31508007AB801D0099B27E0039B002B02D0039B1022C9
S31508007AC81A60049B1B68134A934201D0124B1AE0AA
S31508007AD8039B002B16D0029B002B13D00C4B18685F
S31508007AE807AA029B0599FAF7C5FC0890089B002B7C
S31508007AF801D0089B07E0029B1A68039B1B68D21AE9
S31508007B08029B1A60099B18460BB05DF804FB00BF78
S31508007B184C290020105D175EFFDF00F000B589B01C
S31508007B28CDE90201009313468DF807300023069322
S31508007B3800230593DDE90201FFF712FF05904E4B76
S31508007B481B7883F00103DBB2002B09D0FAF77EFF16
S31508007B580346002B02D06FF0910388E0FFF71CFF5D
S31508007B680023049372E00598FFF7AAFE034683F0FC
S31508007B780103DBB2002B23D00598FFF7BDFE0346A9
S31508007B88002B09D0069B002B01D1059B0693059867
S31508007B98FFF7CEFE059056E09DF80730002B0CD06F
S31508007BA8069B002B04D00C9B069A1A6000235EE0FD
S31508007BB80C9B059A1A60002359E06FF08B0356E070
S31508007BC80B9B0A9A00990598FFF754FF0790079B9D
S31508007BD82A4A934202D0079B632B0CD1284B1B6871
S31508007BE805991846FAF750FD0790079B002B02D00F
S31508007BF86FF08B033BE0079B002B06D0079B214AB7
S31508007C08934202D06FF0910331E0009BD3E9022337
S31508007C18DDE90201994208BF904204D00598FFF7AA
S31508007C2887FE05900FE09DF80730002B06D0009BCD
S31508007C385B68012B02D16FF0840318E00C9B059A48
S31508007C481A60002313E0049B01330493049B802BDA
S31508007C5889D99DF80730002B07D0069B002B04D03E
S31508007C680C9B069A1A60002301E06FF08B031846EE
S31508007C7809B05DF804FB00BF82240020FFDF00F08E
S31508007C884C290020FEDF00F000B58FB0CDE90601CB
S31508007C9805920493059B002B05D0049B002B02D163
S31508007CA86FF086037FE0059B40F26C72934202D917
S31508007CB86FF0910377E0109B012B05D0109B002BE2
S31508007CC802D06FF085036EE06FF096030D930023DC
S31508007CD80893059B0C930C9B10331946012020F03A
S31508007CE87FFA0B900B9B002B02D16FF08C035AE09E
S31508007CF80C9B10331A4600210B9829F07FFB0B9B27
S31508007D080A931EF09BFF08AB0293002301930023F6
S31508007D1800930A9B0122DDE90601FFF7FFFE0D9095
S31508007D280D9B002B07D00D9B13F18C0F2DD16FF0EF
S31508007D388D030D9329E00A9B1D4A1A600A99DDE905
S31508007D480623C1E902230A9B109A5A60059B002B51
S31508007D5806D00B9B1033059A0499184629F059FB47
S31508007D68144B186808990C9B10330B9AFAF768FA9B
S31508007D780990099B002B04D1089B1846FFF712FDAA
S31508007D8804E06FF091030D9300E000BF0C9B1033DD
S31508007D981A4600210B9829F031FB0B9820F016FAA1
S31508007DA81EF04EFF0D9B18460FB05DF804FB00BF8A
S31508007DB8105D175E4C29002000B595B0CDE906017F
S31508007DC805920493049B002B05D0179B002B02D120
S31508007DD86FF0860383E0049B002B11D0169B002BBB
S31508007DE80BD0169BB3F1005F07D3049BC3F100536E
S31508007DF803F50023169A934202D26FF086036EE0C3
S31508007E086FF0960313930CAB00221A605A609A60B7
S31508007E18DA6000230B930023129300230A931EF0BB
S31508007E280DFF0CAA09AB02930BAB01930AAB00939F
S31508007E3813460022DDE90601FFF770FE1390139B2F
S31508007E48002B48D10B9B1293049B002B14D0059A40
S31508007E58129B9A4206D3129B002B03D06FF0860317
S31508007E68139339E0129B002B0ED1059B002B0BD0E0
S31508007E786FF0860313932FE0059A129B9A4203D94B
S31508007E886FF08603139327E0129A059BD31A049A70
S31508007E989A4205D9129A059BD21A179B1A6002E0CC
S31508007EA8179B049A1A60104B186809990A9A059B31
S31508007EB81A44179B1B6800931346169AFAF77EFA14
S31508007EC81190119B002B03D06FF09103139303E0D5
S31508007ED80023139300E000BF1EF0B2FE139B18465A
S31508007EE815B05DF804FB00BF4C29002000B591B019
S31508007EF8CDE904016FF096030F930AAB00221A60C6
S31508007F085A609A60DA6000230993002308931EF0E2
S31508007F1895FE0AAA07AB029309AB019308AB00932F
S31508007F2813460022DDE90401FFF7F8FD0F900F9BC1
S31508007F38002B20D10B9B012B03D16FF084030F93E1
S31508007F481AE0114B1B68079A11461846FAF79CFB64
S31508007F580E900E9B002B0AD1079B1846FFF794FC38
S31508007F68079B1846FFF750FC00230F9304E06FF0B1
S31508007F7891030F9300E000BF1EF062FE0F9B1846A0
S31508007F8811B05DF804FB00BF4C29002000B583B08A
S31508007F9801900091019B0B4A934209D100981EF063
S31508007FA839FF0346B3F5105F05D06FF0850304E083
S31508007FB86FF0850301E000BF0023184603B05DF89B
S31508007FC804FB00BF0044400400B59BB0059004912B
S31508007FD803920293049B002B17D0039B002B14D003
S31508007FE81E9B002B02D11F9B002B0ED11C9B002B1E
S31508007FF802D11D9B002B08D1209B002B02D1219B67
S31508008008002B02D1229B002B02D16FF0860394E045
S3150800801805990298FFF7BAFF1990199B002B01D00A
S31508008028199B8AE00FAB24220021184629F0E6F9A5
S3150800803807AB20220021184629F0E0F90FAB1846AD
S315080080481EF0CBF81890189B002B02D06FF09203FD
S3150800805873E007AB039A0499059800F049FC199050
S31508008068199B002B01D0199B67E007AB18461EF031
S31508008078D8FE1990199B002B01D0199B5DE01F9B10
S31508008088002B04D1229B00221A60002355E0209A6F
S315080080981E9B9A4213D91E9A1F9B1344209A9A42EA
S315080080A80DD2219A1F9B9A4202D26FF0860344E0AA
S315080080B81F9A1E99209829F087F9209B1E93029BE0
S315080080C8204A934220D1219A1F9B9A4202D26FF0E6
S315080080D8860332E01F9B03F00F03002B02D06FF0D4
S315080080E886032AE007A90FA8209B01931E9B0093E5
S315080080F81F9B0022FEF778F91890189B002B06D1CB
S31508008108229B1F9A1A6003E06FF0850315E000BFEB
S31508008118189B002B10D0219A0021209829F06EF977
S31508008128229B00221A60189B012B02D16FF08B0341
S3150800813803E06FF0920300E0002318461BB05DF8D1
S3150800814804FB00BF0044400410B5CAB04AACA4F505
S315080081588E7420604AA8A0F5907001604AA9A1F516
S3150800816892710A604AAAA2F5947213603EAB20225D
S315080081780021184629F042F936AB20220021184674
S3150800818829F03CF92EAB20220021184629F036F9A9
S3150800819825AB24220021184629F030F901234993F2
S315080081A86FF0960348934AABA3F58C7300221A60BE
S315080081B8043380220021184629F020F94AABA3F592
S315080081C890731B68002B0ED04AABA3F592731B68F5
S315080081D8002B08D04C9B002B05D04E9B002B02D0B9
S315080081E8509B002B02D16FF08603BAE04AABA3F581
S315080081F8907318681EF02AFE0346ADF81E314AAB7E
S31508008208A3F5907318681EF028FE4690BDF81E312F
S3150800821803F4E043B3F5804F02D16FF08603A0E07C
S315080082284AABA3F58E731A684F4B134043F0106395
S315080082384E4A934202D06FF0850392E0469B073375
S31508008248DB084AAAA2F5947212689A4202D26FF01B
S31508008258860386E0469B0733DB084F9A9A4202D282
S315080082686FF089037DE0BDF81E3147F2121293427A
S3150800827821D1469BB3F5807F06D13D4B369300BF87
S31508008288369B002B1AD002E06FF0850369E04C9BF9
S31508008298591C4D9B5A1E36AB18461EF0FEFD04A9FE
S315080082A82EAB842218461EF0F8FD469B0733DB08DA
S315080082B85B002F9302E06FF0850352E000BF3EABE8
S315080082C84AAAA2F594724AA9A1F592714AA8A0F5F4
S315080082D8907012680968006800F00AFB4890489B85
S315080082E8002B01D0489B3CE0389B43F40053389355
S315080082F800232E9325AB18461DF06FFF4990499B1E
S31508008308002B02D06FF092032BE02EAB36AA3EA9BB
S3150800831825A8FEF7EFFB4990499B002B08D0499BF7
S31508008328482B02D16FF085031BE06FF0860318E02F
S31508008338BDF81E3147F2121293420CD1469B0733F9
S31508008348DA0804AB19464E9829F063F804AB842179
S3150800835818461EF089FD469B0733DA08509B1A60B3
S31508008368002318464AB010BD0000FFF600000209AF
S315080083782000008010B5CCB04CACA4F592742060EF
S315080083884CA8A0F5947001604CA9A1F596710A60ED
S315080083984CAAA2F5987213604CABA3F592731B68A6
S315080083A8002B11D04CABA3F594731B68002B0BD08C
S315080083B84CABA3F596731B68002B05D04CABA3F5FD
S315080083C898731B68002B02D16FF0860346E16FF09D
S315080083D896034B934CABA3F5927318681EF07EFD73
S315080083E80346ADF82A31BDF82A3123F4435323F05E
S315080083F83F03B3F5824F03D1BDF82A31DBB200E05B
S3150800840800238DF829319DF82931122B40F0218156
S31508008418BDF82A3123F0FF03B3F5E24F4AD100230A
S3150800842847934CABA3F5927318681EF05EFD024697
S315080084384CABA3F598731B681A604CABA3F59873F5
S315080084481B681B68002B0AD14CABA3F596731B68EF
S31508008458DA004CABA3F598731B681A600FE04CABAF
S31508008468A3F598731B681B680733DB084CAAA2F5A3
S31508008478967212689A4202D06FF08603EEE04CAB09
S31508008488A3F598731B681B68B3F5807F0FD1754BE6
S31508008498479300BF4CABA3F596724CABA3F5947300
S315080084A81268479918681EF067FD4B90D4E06FF07C
S315080084B88503D3E0BDF82A3123F0FF03B3F5824FCD
S315080084C840F0CA804CABA3F594731B681B78042B41
S315080084D802D06FF08603C1E01CAB2422002118469F
S315080084E828F08CFF1CAB18461DF077FE4990499B6F
S315080084F8002B02D06FF09203B0E00023259326AB39
S3150800850884220021184628F079FF01238DF8943033
S315080085184CABA3F59073184620231A46002128F079
S315080085286DFF4CABA3F594731B685A1C4CABA3F5AB
S3150800853890731A614CABA3F596731B685A1E4CAB1D
S31508008548A3F590735A614CABA3F58073184620239C
S315080085581A46002128F052FF4CABA3F5807325AACA
S315080085681A614CABA3F5807388225A6114AB202292
S315080085780021184628F042FF25AB1893882319933B
S315080085884CABA3F596731B68013BDB005A084CAB4A
S31508008598A3F598731B681A6000238DF823314CAB32
S315080085A8A3F598731B681B68E02B02D0B3F5807F88
S315080085B836D14CABA3F590732B4A1A604CABA3F58E
S315080085C88073294A1A6000BF4CABA3F590739B6861
S315080085D843F400524CABA3F590739A604CABA3F5E1
S315080085E880739B6843F480424CABA3F580739A600A
S315080085F84CABA3F598731B681B680733DA089DF814
S31508008608233113445B00159314AB04AA0CA91CA8C0
S31508008618FEF770FA49909DF82331002B10D102E035
S315080086286FF086031AE04CABA3F598731B681B68B2
S315080086380733DB085A0025AB114618461EF0E8FC36
S31508008648499B002B02D06FF0860307E000234B9363
S3150800865802E06FF0850301E000BF4B9B18464CB05B
S3150800866810BD00BF546B03082000008000B58BB00E
S3150800867803900291019203981EF037FC03460733CC
S31508008688DB080993099B002B06D0099A029B9A4294
S3150800869802D06FF0860324E103981EF01FFC0346F8
S315080086A8ADF8223003981EF012FC079003981EF0C6
S315080086B807FC0690069B1B0A0593202200210198B1
S315080086C828F09CFE059B002B03D0059B012B04D0A4
S315080086D807E0019B0022DA6006E0019B0122DA60C6
S315080086E802E06FF08B03FCE0029B002B02D16FF0CF
S315080086F88603F6E0BDF8223041F20102934209D01A
S31508008708BDF82230B3F5885F04D0BDF82230B3F53A
S31508008718905F06D1019B00221A60019B029A5A6053
S31508008728B5E0BDF82230B3F5105F1FD1029B202BA8
S3150800873811D0029B202B12D8029B102B03D0029B28
S31508008748182B04D00BE0019B10221A600AE0019B43
S3150800875818221A6006E0019B20221A6002E06FF0D0
S315080087688603BEE0019B029A5A6090E0BDF8223063
S3150800877823F4435323F03F03B3F5824F40F0848034
S31508008788BDF8223023F4435323F03F03B3F5824F51
S3150800879817D1BDF82230DBB2122B12D1029B202B3F
S315080087A80CD1019B514A1A6000BF00BFBDF82230A0
S315080087B823F0FF03B3F5E24F0DD105E06FF085030B
S315080087C88FE06FF085038CE0019B9B6843F4804239
S315080087D8019B9A6010E0BDF8223023F0FF03B3F539
S315080087E8824F06D1019B9B6843F40052019B9A600D
S315080087F802E06FF0860374E0079B03F47053002BBE
S3150800880814BF012300238DF81330079B03F486430E
S31508008818002B14BF012300238DF812309DF813305E
S31508008828002B0DD09DF8123083F00103DBB2002B24
S3150800883806D0019B9B6843F48062019B9A6026E0F8
S315080088489DF8133083F00103DBB2002B0AD09DF89C
S315080088581230002B06D0019B9B6823F48062019B8B
S315080088689A6014E09DF81330002B06D09DF8123054
S31508008878002B02D06FF0850333E0019B9B6823F435
S315080088888062019B9A6002E06FF0850329E0059BE8
S31508008898002B25D0079B03F00103002B14BF0123E7
S315080088A800238DF81130079B03F00203002B14BF31
S315080088B8012300238DF810309DF81030002B02D0C4
S315080088C86FF085030DE09DF8113083F00103DBB2E4
S315080088D8002B05D0019B9B6843F08072019B9A6028
S315080088E8002318460BB05DF804FB00BF2000008083
S315080088F800B59BB0039002910192009303981EF06D
S31508008908DFFA1590159B1B0A149300230F93149BE3
S31508008918002B03D0149B012B4CD05EE1029B1993C4
S31508008928019B189303981EF0D9FA0346ADF84A3006
S31508008938BDF84A3023F0FF03B3F5824F26D10398D2
S315080089481EF0D3FA03460733DB080F93BDF84A30FF
S3150800895818461EF0E4FA0346002B14D0029B1B782F
S31508008968042B02D06FF086034EE1199B0133199345
S31508008978189B013B18930F9B5B00189A9A4207D0DD
S315080089886FF0860340E16FF085033DE1019B0F9385
S315080089980F9B009A19460398FFF768FE1190119BDA
S315080089A8002B01D0119B2FE1189A199900981EF0EF
S315080089B8A3FA16E1019B032B02D86FF0860323E17D
S315080089C8029B1393139B1B78012B02D06FF091031C
S315080089D81AE1139B5B78002B00F08380139B5B7866
S315080089E8F73B082B72D801A252F823F0798A0008B7
S315080089F8398A0008D58A0008598A0008D58A0008DD
S31508008A08198A0008D58A0008998A0008B78A0008CA
S31508008A1804AB20220021184628F0F0FC7C4B04936E
S31508008A284FF41053069303230793FC23089350E047
S31508008A3804AB20220021184628F0E0FC744B049366
S31508008A484FF41053069303230793F823089340E03B
S31508008A5804AB20220021184628F0D0FC10230493E2
S31508008A684FF08073069303230793FA23089330E09D
S31508008A7804AB20220021184628F0C0FC20230493C2
S31508008A884FF00073069303230793F723089320E010
S31508008A9804AB20220021184628F0B0FC5C4B04934E
S31508008AA85C4B069303230793FE23089311E004AB54
S31508008AB820220021184628F0A1FC554B0493564B52
S31508008AC8069303230793FF23089302E06FF08B03AB
S31508008AD89AE004AB20221946009828F09AFC00234D
S31508008AE892E0019B2B2B02D86FF086038CE020229C
S31508008AF80021009828F082FC029B1793179B03F124
S31508008B081002009B1A61029B03F00303002B07D08F
S31508008B1804AB2C220299184628F07BFC04AB179361
S31508008B28179B5A68009B1A60179B9A68009B5A609D
S31508008B38179BDA68009B9A60009B0122DA60019B02
S31508008B48A3F11002009B5A61029B03F00303002B52
S31508008B5805D004AB2C220021184628F04FFC0FAB91
S31508008B68194600981DF0F1FB0346002B07D0202272
S31508008B780021009828F042FC6FF0860344E00F9B1A
S31508008B88169303981EF0AAF9034623F4435323F0D1
S31508008B983F03B3F5824F12D103981EF09FF9034697
S31508008BA8DBB2122B0BD103981EF098F9034623F073
S31508008BB8FF03B3F5824F02D1169B5B001693009B01
S31508008BC85A69169B1C339A420AD220220021009819
S31508008BD828F014FC6FF0860316E06FF08B0313E099
S31508008BE800BF0F9B009A194603981EF04DFA10907D
S31508008BF8109B002B07D020220021009828F0FEFBA6
S31508008C086FF0860300E0002318461BB05DF804FBE6
S31508008C1820000080004400020044000300B597B015
S31508008C280590049103920293189B002B05D01A9B72
S31508008C38002B02D0059B002B02D16FF0860379E042
S31508008C486FF0860315930AAB24220021184628F0EC
S31508008C58D5FB0AAB18461DF0C0FA1390139B002BD8
S31508008C6802D06FF0920365E0049B1B0C03F03F03E8
S31508008C781493149B002B02D11023149305E0149B1C
S31508008C88102B02D96FF0860354E0199A149B9A425E
S31508008C9802D26FF089034DE0049B23F47E13274A1A
S31508008CA8934221D10023069307AB00221A605A6023
S31508008CB89A600AA806AB0093029B039A0599FDF7E2
S31508008CC81FFC1390139B002B11D106AB149A194657
S31508008CD8189828F09EFB06AB102118461EF089FE48
S31508008CE81A9B149A1A6002E06FF0850322E0139B18
S31508008CF8212B03D16FF0860315930FE0139B012BE5
S31508008D0803D16FF08B03159308E0139B002B03D050
S31508008D186FF09203159301E0002315930AAB1846E2
S31508008D281DF076FA1390139B002B02D06FF092036E
S31508008D3800E0159B184617B05DF804FB0002C0034F
S31508008D4800B585B0039002910192039B002B02D0CF
S31508008D58029B002B02D16FF0860325E038220021FA
S31508008D68039828F04BFB019B23F47E13104A934281
S31508008D7812D102981EF036FE0346B3F5105F02D0EC
S31508008D886FF0850310E0019B1B0C03F03F03102BC3
S31508008D9805D96FF0860307E06FF0850304E000BF86
S31508008DA8039B019A1A600023184605B05DF804FB70
S31508008DB80002C00300B593B005900491039202938C
S31508008DC8059B002B05D0039B002B05D1029B002B86
S31508008DD802D06FF086034BE007AB24220021184621
S31508008DE828F00CFB07AB18461DF0F7F91090109BF6
S31508008DF8002B02D06FF092033AE06FF085031193C7
S31508008E08059B1B6823F47E131B4A934220D1029BB9
S31508008E18002B02D1002311931EE0059B181D07A9F4
S31508008E28029B0093039B049AFDF7D0FC1090109BB5
S31508008E38012B03D16FF08B0311930DE0109B002BC8
S31508008E4803D06FF09203119306E00023119303E011
S31508008E586FF08803119300BF07AB18461DF0D8F9C1
S31508008E681090109B002B02D06FF0920300E0119B24
S31508008E78184613B05DF804FB0002C00300B595B0A8
S31508008E880390029101920093039B002B08D0019B43
S31508008E98002B05D0009B002B02D0169B002B02D175
S31508008EA86FF086035EE0009B102B01D91023009310
S31508008EB8039B1B681B0C03F03F031393139B002BA0
S31508008EC805D0009A139B9A4201D9139B0093039BDA
S31508008ED81B6823F47E13254A934241D105AB242205
S31508008EE80021184628F08AFA00230E930FAB0022B1
S31508008EF81A605A609A6005AB18461DF06EF912900A
S31508008F08129B002B02D06FF092032BE0039B181DCF
S31508008F180EAB05A9029AFDF78DFB1290129B002B42
S31508008F2805D0169B00221A606FF092031AE005AB6B
S31508008F3818461DF06DF91290129B002B05D0169B4A
S31508008F4800221A606FF092030CE00EAB009A1946DD
S31508008F58019828F05EFA169B009A1A60002301E029
S31508008F686FF08803184615B05DF804FB0002C003C5
S31508008F7800B587B00390029101920093039B002BDA
S31508008F8805D0029B002B02D0019B002B02D16FF063
S31508008F9886035FE098220021039828F02FFA039B9E
S31508008FA86033089A02991846FFF7CAFE0590059B8A
S31508008FB8002B01D0059B4DE0039B009A0199029866
S31508008FC8FFF796FC0590059B002B01D0059B41E011
S31508008FD80023049302981EF044FD0346DA08039B0F
S31508008FE8DA65039BDB6D103B102B8CBF0122002230
S31508008FF8D2B2002A0BD1194A22FA03F303F0010365
S31508009008002B14BF01230023DBB2002B02D16FF01B
S3150800901886031FE000BF039B5A69039BD96D049B0F
S315080090280B441C339A4202D26FF0860312E0039B64
S3150800903803F12000039B1969039BDA6D049B13440B
S315080090481C331A4628F0E5F9039B03F12002039B13
S315080090581A610023184607B05DF804FB01010100F0
S3150800906882B001900091019B0022DA60009B03F10F
S315080090783802019B1A61019B20225A61009B9A6D4E
S31508009088019B5A60009B1B6823F47E13134A93427C
S3150800909802D0134A93421AD1019B5B68102B03D15D
S315080090A8019B10221A6015E0019B5B68182B03D1F7
S315080090B8019B18221A600DE0019B5B68202B03D1DF
S315080090C8019B20221A6005E06FF0880303E06FF021
S315080090D8880300E00023184602B070470001C00361
S315080090E80002C00300B585B0034600918DF8073025
S315080090F8002303932BF00AFF02909DF807301F2BD5
S3150800910800F2F98001A252F823F000BF95910008F1
S3150800911895910008FF920008959100089591000816
S31508009128B7910008FF92000895910008C3910008B6
S31508009138FF920008E7910008FF9200080B920008C2
S315080091482D920008FF9200084F9200085B920008CB
S3150800915867920008FF92000873920008FF920008B9
S3150800916895920008F3920008FF920008A192000859
S31508009178FF920008C3920008FF920008CF920008E1
S31508009188FF920008DB920008E79200088020FAF7A9
S315080091980FFD03461A46009B1A80009B1B884FF64C
S315080091A8FF72934240F0AD800E230393A9E0009B1B
S315080091B800221A800F230393B0E04FF48060FAF771
S315080091C8F7FC03461A46009B1A80009B1B884FF635
S315080091D8FF72934240F097800E23039393E04FF46F
S315080091E84060FAF7E5FC03461A46009B1A80009B7E
S315080091F81B884FF6FF72934240F087800E2303932D
S3150800920883E04FF4C060FAF793FC03461A46009BBE
S315080092181A80009B1B884FF6FF72934277D10E235C
S31508009228039374E04FF4F060FAF782FC03461A4693
S31508009238009B1A80009B1B884FF6FF72934268D1E1
S315080092480E23039365E0009B00221A800F230393DD
S3150800925864E0009B00221A800F2303935EE0009BBC
S3150800926800221A800F23039358E04FF4E060FAF7B8
S315080092785FFC03461A46009B1A80009B1B884FF61C
S31508009288FF72934247D10E23039344E0009B0022C2
S315080092981A800F23039341E04FF41860FAF748FC45
S315080092A803461A46009B1A80009B1B884FF6FF72D6
S315080092B8934232D10E2303932FE0009B00221A8093
S315080092C80F2303932AE0009B00221A800F23039397
S315080092D824E0009B00221A800F2303931EE0009BBC
S315080092E800221A800F23039318E0009B00221A8095
S315080092F80F23039312E0009B00221A80212303936D
S315080093080CE000BF0AE000BF08E000BF06E000BFA7
S3150800931804E000BF02E000BF00E000BF02982BF09F
S31508009328E7FD039B184605B05DF804FB00B587B052
S3150800933801900B468DF8033000230593019B002BFB
S3150800934801D10E2326E0019B1B6803F03F03049313
S31508009358019B1B689B0903F007030393039B002BD8
S3150800936802D10E4B05930DE0039B012B02D10C4B42
S31508009378059307E0039B022B02D10A4B059301E0EC
S315080093880E2307E09DF803301A46049905981EF03F
S3150800939876FE0023184607B05DF804FB6480005083
S315080093A8688000506C80005030B597B02B4B0BACDA
S315080093B81D460FCD0FC40FCD0FC495E8030084E8EA
S315080093C80300002312934FF0FF331593244BD3F869
S315080093D84C3103F40023002B04D1214BD3F8503128
S315080093E8DBB21593159BB3F1FF3F06D11D4B1B88BE
S315080093F8FF2B02D81B4B1B881593159BB3F1FF3F10
S3150800940801D18C231593159BB3F1FF3F18D0159BF3
S31508009418DBB28DF84530FAF7B9FD0246159B1344B9
S315080094281593159B002B02DA0023159304E0159B68
S31508009438FF2B01DDFF231593159BDBB28DF844300E
S315080094480948F7F79DFC0BAB1846FAF779FC322062
S31508009458FAF7A4FD0023184617B030BD746B030845
S315080094680080E00F0001E00FC017530208B5034853
S31508009478FAF7C4FB0023184608BD00BF00B4C404A5
S3150800948808B50348FAF700FE0023184608BD00BFCA
S31508009498C0EA210100B583B0FAF7E2FA664B1B6FFA
S315080094A823F00703644A43F0030313670020FAF717
S315080094B8EFFA614B1B6F604A23F4744313675F4BDB
S315080094C8DB6803F08073002B14BF012300238DF893
S315080094D807309DF80730002B05D0584BDB68574AEC
S315080094E823F08073D360544BD3F8803023F00303FA
S315080094F8514A43F00103C2F880304F4B4E4AD3F81D
S315080095088030C2F880309DF80730002B05D04B4BC9
S31508009518DB684A4A43F08073D360474BD3F8203157
S3150800952823F00703444A43F00203C2F82031424BAA
S31508009538D3F8283123F007033F4A43F00203C2F859
S3150800954828313D4BD3F8803123F003033A4A43F0D8
S315080095580103C2F88031384BD3F8403123F00303AE
S31508009568354A43F00103C2F84031334BD3F860312A
S3150800957823F00303304A43F00103C2F860312E4B47
S31508009588D3F8403223F003032B4A43F00103C2F809
S315080095984032294BD3F8003223F00703264A43F012
S315080095A80103C2F80032244BD3F8083223F0070324
S315080095B8214A43F00103C2F808321F4BD3F8503248
S315080095C823F003031C4A43F00103C2F850321A4B2E
S315080095D8D3F8703223F00303174A43F00103C2F89D
S315080095E87032154BD3F8203223F00703124A43F09A
S315080095F80103C2F82032FAF775FA114B1B68104AAC
S3150800960843F0040313600C4BD3F8603223F00703C6
S31508009618094A43F00103C2F86032074BD3F894327B
S3150800962823F00703044A43F00103C2F894320023DF
S31508009638184603B05DF804FB00800050F0ED00E022
S3150800964810E000E000B583B01E481EF00CFD01903E
S31508009658019B002B01D0019B30E0FFF7A5FE019086
S31508009668019B002B01D0019B28E01EF02AFD0190E2
S31508009678019B002B01D0019B20E0FFF7F7FE019024
S31508009688019B002B01D0019B18E0FFF7F9FE01901A
S31508009698019B002B01D0019B10E01EF019FD0190DB
S315080096A8019B002B01D0019B08E0FFF7F3FE019010
S315080096B8019B002B01D0019B00E00023184603B04C
S315080096C85DF804FBAC6B030800B583B00A4A6B4621
S315080096D892E8030018600433198002330A0C1A70DA
S315080096E86B461846FBF750FD0C20FBF7A1FD002337
S315080096F8184603B05DF804FB9C6B030800B583B0F5
S3150800970801F040FB0090009B002B01D0009B2EE047
S3150800971801F0E4FB2AF0E4FE03464FF4167202FB56
S3150800972803F303F5742303F23F23134AA2FB032327
S315080097389B0C124A136000238DF8073012E09DF837
S3150800974807300E4A12680E4941F823200B4B1A684F
S315080097580C4B1B6813440B4A13609DF807300133FA
S315080097688DF807309DF80730092BE8D900231846E5
S3150800977803B05DF804FB00BF83DE1B4374160020A4
S315080097887C160020A416002008B5054B01221A707D
S315080097982BF036FD0346034A136000BF08BD00BF19
S315080097A884240020A816002010B582B02AF098FE56
S315080097B804462BF080FB03469C420CD92BF030FD5F
S315080097C80190019B002B07D0044A019B1360044BA8
S315080097D801221A7000E000BF02B010BDA8160020CA
S315080097E88424002000B583B0384B1B78DBB283F09D
S315080097F80103DBB2002B64D12BF002FD0246344B81
S315080098081B68D31A334A1360324B1B68002B02D0E5
S31508009818304B1B6800E001232E4A13602AF060FECD
S3150800982803464FF4167202FB03F303F5742303F297
S315080098383F23294AA2FB03239B0C0193254B1B684C
S31508009848244B1B68019A9A4203D2204B00221A70AD
S3150800985838E0224B1B781A46214B53F822301A4611
S315080098681C4B1B68D21A1F4B1B689B1A1D4A136090
S315080098781A4B1B781946174B1B68194A42F82130A8
S31508009888184B1B680933184AA2FB0323DB08174A37
S315080098981360124B1B780133DAB2104B1A700F4B50
S315080098A81A78114BA3FB0213D9080B469B000B44E5
S315080098B85B00D31ADAB2094B1A70044B00221A70E5
S315080098C800E000BF03B05DF804FB00BF8424002055
S315080098D8A81600207816002083DE1B438324002060
S315080098E87C160020A4160020CDCCCCCC74160020FB
S315080098F8014B1B68184670477416002008B50221E4
S315080099083C201EF009FC1F4B03F580531A464FF4FA
S31508009918801353661C4B03F500531A461B4B5367B3
S31508009928194B03F500531A4604235367164B03F5D8
S3150800993800531A46154B1367134B03F500531A467B
S31508009948042313673C2000F0F9F83C201EF0D5FBE9
S315080099580D4B03F580531A460C4B53670A4B03F510
S3150800996880531A4604235367074B9B6A064A23F013
S3150800997800739362044B9B6A034A43F480539362C9
S3150800998800BF08BD008000500040005A010000A032
S3150800999884B003468DF8073000238DF80F30144B32
S315080099A89B6D03F00503002B09D0124B1B78DBB21D
S315080099B883F00103DBB2002B01D0012300E000236A
S315080099C88DF80F309DF80F3003F001038DF80F302E
S315080099D89DF80F3083F00103DBB2002B03D09DF806
S315080099E80730002BDBD19DF80F30184604B07047B6
S315080099F80040005A8524002000B583B0274B1B6F0A
S31508009A080193019B03F00403002B1DD0234A019BF5
S31508009A1803F0040302F500521367204B03F50053BD
S31508009A281A46082393621D4B9B6D03F00103002B0E
S31508009A3801D1FFF7B9FE00F0DFFF00F0B9FF0120FA
S31508009A482AF06CFE2BF0F2FB019B03F00103002BB6
S31508009A580AD0124A019B03F0010302F50052136764
S31508009A68FFF7C0FE00F0A4FF019B03F00053002B8C
S31508009A7806D00A4A019B03F0005302F50052136701
S31508009A88019B002B06DA054A019B03F0004302F501
S31508009A980052136700BF03B05DF804FB0040005A84
S31508009AA800B583B02BF032FA0090144B1B7883F07C
S31508009AB80103DBB2002B09D0104B01221A7000985B
S31508009AC82BF016FAFB238DF8073010E000982BF0D8
S31508009AD80FFA10E09DF90730052118461EF01CFB01
S31508009AE89DF90730DBB20133DBB28DF807309DF9F3
S31508009AF807305C2BEEDD03B05DF804FB86240020F6
S31508009B0882B00190019B002B01DB019B5C2B0A4A62
S31508009B18019B5B1152F82320019B03F01F0322FACD
S31508009B2803F303F00103002B0CBF01230023DBB268
S31508009B38184602B0704700BF00E100E082B0019005
S31508009B48019B002B0BDB019B03F01F020549019BB8
S31508009B585B09012000FA02F2603341F8232000BFAE
S31508009B6802B0704700E100E082B00190019B002B2B
S31508009B780ADB019B03F01F020549019B5B090120CB
S31508009B8800FA02F241F8232000BF02B0704700BF6E
S31508009B9800E100E082B001900091019B002B09DBEF
S31508009BA8009BDAB20A49019B1201D2B20B4483F828
S31508009BB800230AE0009BDAB20649019B03F00F036B
S31508009BC8043B1201D2B20B441A7600BF02B07047A2
S31508009BD800E100E000ED00E000B583B06B461846EA
S31508009BE800F0C0FA124B00221A60124B00221A60C3
S31508009BF8114B00221A60009B104A13600F4B1B6812
S31508009C080F4A13600D4B1B6818461EF0B5FB019BDF
S31508009C18013BDA08094B1B6892B25A80044B1B6849
S31508009C280133034A13600023184603B05DF804FBA2
S31508009C38BC160020AC160020B0160020B41600206A
S31508009C48B816002000B599B00590049102931346FA
S31508009C588DF80F30049BB3F1FF3F0BD0049B002B04
S31508009C6808D0049B5A1E049B1340002B02D1049B60
S31508009C78B3F5007F002308930023179306AB18460D
S31508009C8800F070FA00231593049BB3F1FF3F01D047
S31508009C98049B00E00823149300238DF85B30029B8D
S31508009CA8002B01D1222333E1029B00221A60059B6F
S31508009CB8002B03D0079B059A9A4201D3212327E153
S31508009CC8059B073323F0070313932BF01FF912900C
S31508009CD89DF80F2008AB009300230499139800F009
S31508009CE857FA1190089B002B02D0119B002B04D120
S31508009CF812982BF0FDF819230AE1119A139B9A4238
S31508009D080CBF012300238DF85B30089B5B88DB00BA
S31508009D181093109A119BD31A0F93089B17937E4B8F
S31508009D281B68013B7C4A13600F9B272B40F2AA80CD
S31508009D389DF80F30002B5BD1139B08330A93089BB9
S31508009D4815939DF85B3083F00103DBB2002B08D02E
S31508009D58089B149918461EF08EFA03460893089B22
S31508009D681793089A0A9B13440B930B981EF004FB47
S31508009D78089B5A88139B0F33DB089BB2D31A9AB2EF
S31508009D880B9B5A800A9B0733DB089AB20B9B9A806F
S31508009D98089BDB88002B14D0089A089BDB88DB0015
S31508009DA813440993089BDA880A9B0733DB089BB296
S31508009DB8D31A9AB20B9BDA800B9BDA88099B9A808E
S31508009DC802E00B9B0022DA80139B0733DB089AB262
S31508009DD8179B5A80089B9A88179B9A800B9B9A8888
S31508009DE8179BDA80002215990B9800F00BFB3EE0CA
S31508009DF8089A0F9B1344179317981EF0BDFA119BE0
S31508009E080733DB089AB2179B5A800F9B0733DB0880
S31508009E189AB2179B9A80089BDB88002B18D0089A59
S31508009E28089BDB88DB0013440D93089BDB88DA0064
S31508009E38109BD31A0C93119A0C9B13440733DB080F
S31508009E489AB2179BDA80179BDA880D9B9A8002E0EC
S31508009E58179B0022DA80089B0B930F9B013BDB08B4
S31508009E689AB20B9B5A80179B9A880B9BDA80179A8B
S31508009E78137843F001031370274B1B680133264AEE
S31508009E8813602CE0179B15939DF80F30012B10D102
S31508009E98179B08330E930E9B149AB3FBF2F2149988
S31508009EA801FB02F29B1A002B0CBF012300238DF835
S31508009EB85B309DF85B3083F00103DBB2002B04D0DE
S31508009EC8149917981EF0D7F91790179A137843F02C
S31508009ED80103137001221599179800F093FA0F4B8E
S31508009EE81A68119B13440D4A13600C4B1A680C4BDD
S31508009EF81B689A4203D9094B1B68094A13601298CA
S31508009F082AF0F6FF179B03F10802029B1A60002342
S31508009F18184619B05DF804FBBC160020AC160020DC
S31508009F28B016002000B58DB0019002AB184600F0B7
S31508009F3819F9019B002B01D1222306E12AF0E6FF35
S31508009F480890019B083B0793079B1B7803F00103BE
S31508009F58DBB2002B03D0079B5B88002B04D108983B
S31508009F682AF0C6FF0123F0E0079B5B880133ADF8AA
S31508009F782E30079B0A9300230993764B1A68079B8A
S31508009F885B88DB00D31A734A1360734B1B6801336B
S31508009F98714A1360079B9B88002B47D0079B9B88B1
S31508009FA8DB005B42079A13440693069BDB881A462E
S31508009FB8069B5B88D31A0593069B1B7803F0010357
S31508009FC8DBB2002B1AD1079B1B7803F00203DBB21E
S31508009FD8002B13D1059B012B10D8069B0A93069BC9
S31508009FE85A88BDF82E3013449BB20133ADF82E308B
S31508009FF8594B1B68013B584A136017E0079B1B78A7
S3150800A00803F00203DBB2002B10D0069B0A93079BCA
S3150800A0189A88BDF82E301344ADF82E30079A13786F
S3150800A0286FF3410313700A9B00229A80079BDB880B
S3150800A038002B3ED0079BDB88DA00079B1A44029B55
S3150800A0481946039B0B449A4233D2079BDB88DB00ED
S3150800A058079A13440993079BDB881A46079B5B886C
S3150800A068D31A0493099B1B7803F00103DBB2002B70
S3150800A0781FD1049B012B1CD8099B5A88BDF82E3082
S3150800A08813449BB20133ADF82E30099B00225A803F
S3150800A098099BDB88002B05D0099BDB88DB00099A1E
S3150800A0A8134400E0002309932B4B1B68013B2A4AFB
S3150800A0B81360079A13786FF300031370079B00223F
S3150800A0C85A80BDF82E30013B9AB20A9B5A800A9AE2
S3150800A0D813786FF300031370099B002B0CD0099AA9
S3150800A0E80A9BD31A0733DB089AB20A9BDA800A9BBB
S3150800A0F8DA88099B9A8002E00A9B0022DA80174BC5
S3150800A1081B68002B09D0154B1B680A9A9A4204D378
S3150800A118124B1B685B88002B02D1104A0A9B1360F6
S3150800A1280F4B1B68002B09D00D4B1B680A9A9A42DD
S3150800A13804D80B4B1B685B88002B02D1084A0A9B7C
S3150800A148136008982AF0D4FE002318460DB05DF867
S3150800A15804FB00BFAC160020BC160020B41600206D
S3150800A168B816002084B00190074B0293074A064B9D
S3150800A178D31A0393019B1A4602AB93E8030082E8B5
S3150800A1880300019804B07047402B002000000820FF
S3150800A1988CB00390029111461A460B468DF8073083
S3150800A1A813468DF8063000230B93002308930023E3
S3150800A1B80A93029BB3F1FF3F01D0029B00E00823F4
S3150800A1C8079300238DF81B300C9B00221A609DF814
S3150800A1D80730002B02D1584B1B6801E0574B1B6808
S3150800A1E80B930B9B002B01D10023A1E00B9B5B88EB
S3150800A1F8DB0009939DF80630002B01D0082300E000
S3150800A2080023099A1344099388E00B9B1B7803F0EB
S3150800A2180103DBB2002B55D1099A039B9A4251D305
S3150800A2289DF80730002B2ED10B9B08330893089B03
S3150800A238079AB3FBF2F2079901FB02F29B1A002B65
S3150800A2480CBF012300238DF81B30089B079AB3FB24
S3150800A258F2F2079901FB02F29B1A04939DF81B3048
S3150800A268002B05D1039A049B1344099A9A4229D3C9
S3150800A2789DF81B30002B01D0039B02E0039A049B30
S3150800A28813440A9350E0079B082B02D1039B0A93B1
S3150800A29814E00B9B5B880133DB000B9A1344059388
S3150800A2A8039B5B42059A13440893079B5A42089BEB
S3150800A2B813400893059A089BD31A0A93099A0A9B86
S3150800A2C89A4230D29DF80730002B0CD10B9BDB88BD
S3150800A2D8002B01D100232BE00B9BDB88DB000B9AB4
S3150800A2E813440B930CE00B9B9B88002B01D100238E
S3150800A2F81EE00B9B9B88DB005B420B9A13440B936F
S3150800A3080B9B5B88DB0009939DF80630002B01D070
S3150800A318082300E00023099A134409930B9B002B92
S3150800A3287FF473AF00E000BF0C9B0B9A1A600A9B78
S3150800A33818460CB0704700BFB4160020B81600209F
S3150800A34800B589B0034600918DF8073000230793B6
S3150800A3580023069301238DF81730284B1B68002B1A
S3150800A36801D1002346E0009B002B02D0009B0793EF
S3150800A3780CE003AB1846FFF7F5FE9DF80730002BEF
S3150800A38801D1039B01E01E4B1B680793079B1B78AB
S3150800A39803F00103DBB2002B05D1079B06930023C4
S3150800A3A88DF8173021E09DF80730002B0AD1079B56
S3150800A3B8DB88002B06D0079BDB88DB00079A13444B
S3150800A3C8079312E09DF80730012B0BD1079B9B8852
S3150800A3D8002B07D0079B9B88DB005B42079A134430
S3150800A3E8079302E00023069303E09DF81730002B35
S3150800A3F8CCD1069B184609B05DF804FBBC160020AC
S3150800A408B816002000B585B00390029113468DF85A
S3150800A41807309DF80730002B1ED0224B1B68029A7E
S3150800A4289A4202D0029B002B06D103990020FFF717
S3150800A43887FF03461B4A13601B4B1B68029A9A42FE
S3150800A44802D0029B002B29D103990120FFF778FF38
S3150800A4580346154A136021E0124B1B68029A9A4272
S3150800A46803D1104A039B136007E00E4B1B68039A37
S3150800A4789A4202D20B4A039B13600B4B1B68029A3B
S3150800A4889A4203D1084A039B136007E0064B1B68E8
S3150800A498039A9A4202D9044A039B136000BF05B07F
S3150800A4A85DF804FBB4160020B8160020BFF34F8FDA
S3150800A4B800BF064BDB6803F4E0620449044B134308
S3150800A4C8CB60BFF34F8F00BF00BFFDE700ED00E08C
S3150800A4D80400FA0582B00190BFF35F8F00BF0A4AED
S3150800A4E8019B43F001035360084B5B6A074A43F430
S3150800A4F880335362BFF34F8F00BFBFF36F8F00BF20
S3150800A50800BF02B0704700BF90ED00E000ED00E024
S3150800A518BFF35F8F00BF0A4B5B6A094A23F480338F
S3150800A5285362084B5B68074A23F001035360BFF37D
S3150800A5384F8F00BFBFF36F8F00BF00BF704700BFC4
S3150800A54800ED00E090ED00E000B583B003460A464A
S3150800A5588DF8073013468DF806309DF806209DF8C5
S3150800A5680730194603481DF024FF00BF03B05DF8FD
S3150800A57804FB00BF90ED00E000B585B0039002919A
S3150800A5880192019B029A039903481DF04BFF00BFED
S3150800A59805B05DF804FB00BF90ED00E000B585B096
S3150800A5A80023039300230293FFF7B2FFA02100209C
S3150800A5B8FFF7CAFF4FF000530393294A294B9A42DB
S3150800A5C804D0284B23F01F03203B00E0264B0293B8
S3150800A5D8039A029B9A4215D8039B23F01F0343F05C
S3150800A5E803030193214B1868029B23F01F0343F0CA
S3150800A5F801031A460199FFF7BFFF1C4B1B68013375
S3150800A6081A4A1360164A174B9A421CD0144B1F3322
S3150800A61823F01F030393164B0293039B23F01F0390
S3150800A62843F003030193114B1868029B23F01F0399
S3150800A63843F001031A460199FFF79EFF0B4B1B6867
S3150800A64801330A4A13600420FFF744FFBFF34F8F0C
S3150800A65800BFBFF36F8F00BF00BF05B05DF804FBEE
S3150800A668A02800208025002000000820C016002009
S3150800A678E0FF072000B58DB00390029101920023F0
S3150800A68809930023089300230B934F4B1B68FF2B52
S3150800A69801D91A230B93FFF73BFF00238DF82B30BC
S3150800A6A80023079300230693019B1F2B7ED9039B40
S3150800A6B803F01F03002B04D0039B23F01F0320334A
S3150800A6C800E0039B0993029B03F01F03002B03D0AA
S3150800A6D8029B23F01F0300E0029B089300238DF8D2
S3150800A6E82A3037E0394A9DF82A309360374BDB68B9
S3150800A6F823F01F030793354B1B6923F01F030693A3
S3150800A708099A079B9A4209D1089A069B9A4205D143
S3150800A71801238DF82B3000230B930CE0099A069B2E
S3150800A7289A4208D8089A079B9A4204D301238DF8B7
S3150800A7382B3028230B939DF82B30012B11D0234B54
S3150800A7489B68224A23F0FF0393609DF82A30013359
S3150800A7588DF82A309DF82A201B4B1B689A42C1D3CC
S3150800A76800E000BF9DF82B30002B1FD101210120E6
S3150800A778FFF7EAFE099B23F01F0343F0030305933B
S3150800A7882AF0C4FB0490104B1868089B23F01F0393
S3150800A79843F003031A460599FFF7EEFE04982AF0D4
S3150800A7A8A7FB094B1B680133074A13600420FFF708
S3150800A7B891FEBFF34F8F00BFBFF36F8F00BF0B9B90
S3150800A7C818460DB05DF804FBC016002090ED00E0B1
S3150800A7D800B585B001900091019B009A5A602AF04D
S3150800A7E87BFB0390019B1946044818F062FE039800
S3150800A7F82AF065FB00BF05B05DF804FBC416002007
S3150800A80808B5024818F04DFE00BF08BDC41600205A
S3150800A81800B583B02AF060FB01901F481DF023FCA1
S3150800A8281E4B1B7883F00103DBB2002B22D00023D2
S3150800A838009300F0A7FA0090009B002B04D001981B
S3150800A8482AF03DFB009B23E000F02CFBFFF7D8FF1E
S3150800A8582AF09EF9124B00221A6029F041FE034697
S3150800A868104A1360104B5B6F0F4A43F00103536796
S3150800A8781DF0F1FD00F0DAF81DF017FE03460B4A45
S3150800A8881360064B01221A7001982AF018FB002358
S3150800A898184603B05DF804FBA46B03088724002058
S3150800A8A8F4160020CC16002000400050F0160020B0
S3150800A8B800B585B003468DF807302AF00DFB0390DE
S3150800A8C8284B1B78FF2B05D19DF8073083F0010329
S3150800A8D8DBB2002B234B1B78FF2B07D19DF80730DB
S3150800A8E8002B03D003982AF0EAFA38E01D4B1B78A8
S3150800A8F8002B02D19DF80730002B1A4B1B78002B2A
S3150800A9080AD19DF8073083F00103DBB2002B03D088
S3150800A91803982AF0D4FA22E0134B1B78022B05D9A0
S3150800A9289DF8073083F00103DBB2002B9DF807304A
S3150800A938002B01D0012200E0FF220A4B1B781344A2
S3150800A948DAB2084B1A70074B1B78002B0CBF012389
S3150800A9580023DAB2054B1A7003982AF0B0FA05B044
S3150800A9685DF804FB89240020882400208A24002016
S3150800A97882B0034B1B680193019B184602B07047C7
S3150800A988F416002082B00190074B1B68019A02FB57
S3150800A99803F303F5742303F23F23044AA2FB0323B4
S3150800A9A89B0C184602B07047CC16002083DE1B4362
S3150800A9B808B50C4B1B78002B12D00B4B1B78DBB257
S3150800A9C8002B0DD029F0D0FB074B00221A70074B35
S3150800A9D800221A70064B01221A70064B01221A70B9
S3150800A9E800BF08BD882400208C2400208D24002060
S3150800A9F89124002092240020044B1B78002B02D0B7
S3150800AA08034B01221A7000BF704700BF8824002034
S3150800AA188C240020044B1B69034A23F004031361A2
S3150800AA2830BF00BF704700BF00ED00E02DE9F04FCA
S3150800AA388BB000238DF8203008AB1846FAF7FCF9D6
S3150800AA48002000F00DF97F4B1B6F03F007027E4BC1
S3150800AA581A607C4BD3F8003103F003027B4B1A606B
S3150800AA68784B03F580531A464FF480135366754B93
S3150800AA7803F580531A464FF400335366744B9B69A3
S3150800AA8803F00203002B14BF01230023DBB2714A2B
S3150800AA9813706D4B1B68032B06D06A4BD3F820310D
S3150800AAA803F00703022B01D1012300E0002303F07A
S3150800AAB80103DBB2684A1370674B1B78002B06D173
S3150800AAC8604BD3F8283103F00703022B01D1012381
S3150800AAD800E0002303F00103DBB25F4A13705D4B05
S3150800AAE81B78002B19D05C4B1B7883F00103DBB26B
S3150800AAF8002B12D0584B1B78002B06D1514BD3F894
S3150800AB08003103F00303012B01D1012300E00023E0
S3150800AB1803F00103DBB2504A13704E4B1B78002B27
S3150800AB2800F0838000230993464BD3F8003103F0DD
S3150800AB380303032B0ED0032B10D8012B02D0022BAC
S3150800AB4804D00BE028F01EFC099008E028F0A0FCC9
S3150800AB58099004E028F01CFC099000E000BF099B56
S3150800AB68002B62D03A4BDB68C3F30B035A1C134617
S3150800AB789B00134400229846914642464B464FF09E
S3150800AB8800004FF00001590141EAD261500102461E
S3150800AB980B46B2EB080463EB09054FF000024FF0C9
S3150800ABA800036B0243EAD453620214461D4614EBAB
S3150800ABB8080645EB09074FF000024FF00003BB01F2
S3150800ABC843EA9663B201911B069163EB0703079361
S3150800ABD8DDE906120B4613EB080A134643EB090B85
S3150800ABE8099B013B002200930192DDE900120B46FE
S3150800ABF81AEB0303029313464BEB03030393099BD0
S3150800AC08002204930592DDE90423DDE9020112F026
S3150800AC1887FD02460B4613461846FFF7B3FE02465B
S3150800AC280E4B1B6813440D4A13601F20FFF7AAFE34
S3150800AC3802460A4B1B681344084A136000BF0BB048
S3150800AC48BDE8F08F00800050041700200017002088
S3150800AC5800C00150942400209324002008170020DF
S3150800AC6800B585B003468DF807301D4B1B789DF84F
S3150800AC7807209A4230D000238DF80C3002238DF82D
S3150800AC880D309DF80730002B03D002238DF80D30C0
S3150800AC9802E000238DF80D3003AB1846FAF7DEF804
S3150800ACA89DF80730002B09D04020FFF76BFE0246B7
S3150800ACB80C4B1B689B1A0B4A136008E04020FFF7E9
S3150800ACC861FE0246074B1B681344064A1360044A8A
S3150800ACD89DF80730137000E000BF05B05DF804FB67
S3150800ACE81A2B00200817002008B51E4B03F58053B9
S3150800ACF81A46012353671C4B1B78002B30D00220B9
S3150800AD082AF060FB0346002B2AD029F0E7FC034605
S3150800AD18002B25D0134B9B6D03F48033002B05D0ED
S3150800AD28124B1B6803F00203002B05D10D4B9B6DD4
S3150800AD3803F00103002B07D00A4B03F580531A4684
S3150800AD484FF4803393620BE0094B01221A70FEF721
S3150800AD581BFD044B03F580531A464FF48033936260
S3150800AD6808BD00BF0040005A932400205C40005AE2
S3150800AD7896240020024B01221A7000BF704700BFB4
S3150800AD889324002030B583B02AF0C0F801901E4BF2
S3150800AD981B7883F00103DBB2002B2ED01B4B002255
S3150800ADA81A601B4B00221A601A4B00221A6000F020
S3150800ADB839F801202AF041FB29F098FF0346164A7C
S3150800ADC81360154B1B68002B04D101982AF090F8DC
S3150800ADD8232316E0104B1B6800221C4615462246FC
S3150800ADE82B460E4840F2E73112F09AFC02460B460B
S3150800ADF80B4B1A60044B01221A7001982AF078F84E
S3150800AE080023184603B030BD9724002014170020E5
S3150800AE18181700200C1700201017002018FCFFFF31
S3150800AE281C17002000B587B000238DF814300123BD
S3150800AE388DF8043000238DF8053000238DF8063088
S3150800AE4800230293002303930023049314481DF058
S3150800AE580AF9BFF34F8F00BF05AB1846FAF768FF24
S3150800AE6800238DF8043001AB19460020FAF79EFF37
S3150800AE780F21002028F078FB0F21002028F08AFBF4
S3150800AE88FAF772FF0020FAF745FF5320FEF756FE39
S3150800AE9853201DF032F900BF07B05DF804FB00BF68
S3150800AEA8AC6B030808B50B481DF0DDF840F60152EF
S3150800AEB800210120FAF7B4FB4FF4A2720021012001
S3150800AEC8FAF7EAFB044B9B6C034A43F480739364D2
S3150800AED800BF08BDA86B030800C00A5008B50A4891
S3150800AEE81DF0C1F840F6016200210220FAF798FB26
S3150800AEF84FF49E7200210220FAF7CEFB034B034A51
S3150800AF089B6C936400BF08BDA86B030800C00A5071
S3150800AF1808B5044A044905480BF0A6F90346184635
S3150800AF2808BD00BF346C0308E46B0308BC6B030850
S3150800AF38024B4FF080525A6000BF704700ED00E0A0
S3150800AF4800B585B001900091019B002B02D0009BAB
S3150800AF58002B01D1212325E0144B1B68144A1268DB
S3150800AF6811461846F7F73EF80390039B002B07D1BE
S3150800AF780E4B18680623009A0E49F7F7C5F9039089
S3150800AF88039B002B0DD1094B18680123019A0A491E
S3150800AF98F7F7BAF90290029B002B02D0019B002210
S3150800AFA81A70039B184605B05DF804FB4C29002067
S3150800AFB86C2900202C0004003C00040030B585B03C
S3150800AFC801900091009B002B15D00C4B1B68009A2A
S3150800AFD8002101989847009B1A46013A03920022D5
S3150800AFE81C4615464FF000024FF00003EB0043EAF3
S3150800AFF85473E200019B00BF05B030BD88290020C4
S3150800B00882B00D4B5B78022B0CBF01230023DBB201
S3150800B0188DF807309DF80730002B05D0064B1B78AE
S3150800B028072B01D1012300E000238DF807309DF88E
S3150800B0380730184602B070472017002082B00190E2
S3150800B0480B46ADF80230019A184B1340B3F1607FEE
S3150800B05806D1BDF80230B3F5885F01D1002322E096
S3150800B068019A124B1340B3F1707F1AD1BDF802301A
S3150800B07803F4E043B3F5005F13D1BDF8023003F4D7
S3150800B088E043B3F5005F0CD1BDF802301B0A9BB24A
S3150800B09803F00703012202FA03F3012B01D900235F
S3150800B0A801E06FF08603184602B070470000C07FBB
S3150800B0B800B587B0034602910192ADF80E30019AA1
S3150800B0C8029B9A4201D101235DE2019B23F0FF030B
S3150800B0D8974A934221D0019B23F0FF03954A93424E
S3150800B0E81BD0019B23F0FF03934A934215D0019B7B
S3150800B0F823F4FF7323F00103B3F1062F0DD0019B48
S3150800B10823F0FF038D4A934207D0019B23F4FF736C
S3150800B11823F001038A4A93423BD1029B23F0FF039B
S3150800B128834A934221D0029B23F0FF03814A934224
S3150800B1381BD0029B23F0FF037F4A934215D0029B3C
S3150800B14823F4FF7323F00103B3F1062F0DD0029BF6
S3150800B15823F0FF03794A934207D0029B23F4FF732F
S3150800B16823F00103764A934213D1029BDBB2002BE4
S3150800B1780FD0029BDBB243F00073724A934208D1A0
S3150800B188029A019B5340FF2B94BF01230023DBB28D
S3150800B198F9E1029B03F0FE43B3F1A06F1FD1019BAF
S3150800B1A803F0FE43B3F1A06F19D1029A019B5340ED
S3150800B1B823F47E13002B12D1029B03F40043002BC1
S3150800B1C80DD0029B1B0C03F03F02019B1B0C03F0DE
S3150800B1D83F039A4294BF01230023DBB2D3E1029BC3
S3150800B1E803F0FE43B3F1407F40F0AA81019B03F0C8
S3150800B1F8FE43B3F1407F40F0A381029A019B534076
S3150800B20823F47E13002B40F09B81BDF80E301946B7
S3150800B2180298FFF713FF0346002B01D00023B2E17B
S3150800B228019B03F47C13002B04D0019B1B0C03F031
S3150800B2383F03BFE0019A444B1340B3F1607F40F0E7
S3150800B2489F80019BDBB243F00073404A93426DD05E
S3150800B258019BDBB243F000733D4A934264D0019BDD
S3150800B268DBB243F000733B4A93425BD0019BDBB2E7
S3150800B27843F00073384A934252D0019BDBB243F03D
S3150800B2880073364A934249D0019BDBB243F00073F8
S3150800B298334A934240D0019BDBB243F00073314AEC
S3150800B2A8934237D0019BDBB243F000732E4A934290
S3150800B2B82ED0019BDBB243F000732C4A934225D06B
S3150800B2C8019BDBB243F00073294A93421CD0019BC9
S3150800B2D8DBB243F00073274A934213D0019BDBB2D3
S3150800B2E843F00073244A93420AD0019BDBB243F029
S3150800B2F80073224A934201D140235BE0002359E0B8
S3150800B308302357E0202355E01C2353E0202351E03F
S3150800B3181C234FE040234DE030234BE0202349E02F
S3150800B3281C2347E0142345E0142343E0102341E097
S3150800B33800030006001300060002000600090006BE
S3150800B34800040006FF0000020000C07F0300000298
S3150800B35804000002050000020800000209000002B5
S3150800B3680A0000020B0000020C0000020D00000291
S3150800B3781000000211000002120000021300000269
S3150800B388019A834B1340B3F1707F12D1BDF80E3082
S3150800B39803F4E043B3F5005F09D1BDF80E301B0A84
S3150800B3A89BB203F00703012202FA03F302E0002323
S3150800B3B800E000230593019A754B1340B3F1607FAB
S3150800B3C876D1019BDBB243F00073724A93426DD083
S3150800B3D8019BDBB243F000736F4A934264D0019B2A
S3150800B3E8DBB243F000736D4A93425BD0019BDBB234
S3150800B3F843F000736A4A934252D0019BDBB243F08A
S3150800B4080073684A934249D0019BDBB243F0007344
S3150800B418654A934240D0019BDBB243F00073634A06
S3150800B428934237D0019BDBB243F00073604A9342DC
S3150800B4382ED0019BDBB243F000735E4A934225D0B7
S3150800B448019BDBB243F000735B4A93421CD0019B15
S3150800B458DBB243F00073594A934213D0019BDBB21F
S3150800B46843F00073564A93420AD0019BDBB243F075
S3150800B4780073544A934201D1402333E0002331E054
S3150800B48830232FE020232DE01C232BE0202329E05E
S3150800B4981C2327E0402325E0302323E0202321E04E
S3150800B4A81C231FE014231DE014231BE0102319E0B6
S3150800B4B8019A374B1340B3F1707F12D1BDF80E309D
S3150800B4C803F4E043B3F5005F09D1BDF80E301B0A53
S3150800B4D89BB203F00703012202FA03F302E00023F2
S3150800B4E800E000230493029B1B0C03F03F03002B88
S3150800B4F807D1059A049B9A420CBF01230023DBB2A5
S3150800B50841E0019B1B0C03F03F03002B08D1029B6B
S3150800B5181B0C03F03F03049A9A4201D1012332E037
S3150800B528029B03F40043002B0AD0029B1B0C03F072
S3150800B5383F03059A9A422CBF01230023DBB222E077
S3150800B548029B03F0FE43B3F1106F1BD1029B23F055
S3150800B5581F6323F4702343F00063B3F1006F11D11E
S3150800B568019B03F0FE43B3F1106F0BD1019A164BFA
S3150800B578134043F01063029A9A420CBF0123002332
S3150800B588DBB200E00023184607B05DF804FB00BFED
S3150800B5980000C07F03000002040000020500000244
S3150800B5A808000002090000020A0000020B00000257
S3150800B5B80C0000020D000002100000021100000233
S3150800B5C812000002130000020000FFF600B585B05D
S3150800B5D803900B460192ADF80A30019B002B02D165
S3150800B5E86FF08603A9E0019B23F0FF03554A9342AF
S3150800B5F821D0019B23F0FF03534A93421BD0019B9A
S3150800B60823F0FF03514A934215D0019B23F4FF7395
S3150800B61823F00103B3F1062F0DD0019B23F0FF0396
S3150800B6284B4A934207D0019B23F4FF7323F0010387
S3150800B638484A93423DD1019BDBB2002B39D0019B86
S3150800B64823F0FF033F4A934221D0019B23F0FF03CF
S3150800B6583D4A93421BD0019B23F0FF033B4A934282
S3150800B66815D0019B23F4FF7323F00103B3F1062FCA
S3150800B6780DD0019B23F0FF03354A934207D0019B5F
S3150800B68823F4FF7323F00103324A93420CD1019B3A
S3150800B698DBB2002B08D0019BDBB243F000732E4ABD
S3150800B6A8934201D1012300E0002303F00103DBB232
S3150800B6B824E0019B03F0FE43B3F1407F08D1019BC8
S3150800B6C803F40043002B14BF01230023DBB215E063
S3150800B6D8019B03F0FE43B3F1A06F08D1019B03F465
S3150800B6E80043002B14BF01230023DBB206E0019BAD
S3150800B6F8194A93420CBF01230023DBB2002B02D060
S3150800B7086FF0860319E0039B5968BDF80A30019A59
S3150800B7181846FFF7CDFC0346002B0AD1039B996808
S3150800B728BDF80A30019A1846FFF7C2FC0346002BF3
S3150800B73801D0002301E06FF08403184605B05DF8D0
S3150800B74804FB00BF000300060013000600020006FB
S3150800B7580009000600040006FF00000200B589B0CB
S3150800B7680390029101926FF09603079302981CF0D2
S3150800B77852FF0346ADF81A3002981CF053FF05909D
S3150800B788039B03F0FE43B3F1407F02D06FF08603B4
S3150800B7987CE1BDF81A3019460398FFF74FFC079065
S3150800B7A8079B002B01D0079B70E1039B03F47C13CE
S3150800B7B8002B06D0039B1B0CDBB203F03F03DBB25E
S3150800B7C897E0039A9C4B1340B3F1607F76D1039BAD
S3150800B7D8DBB243F00073994A93426DD0039BDBB200
S3150800B7E843F00073964A934264D0039BDBB243F056
S3150800B7F80073944A93425BD0039BDBB243F0007311
S3150800B808914A934252D0039BDBB243F000738F4AA6
S3150800B818934249D0039BDBB243F000738C4A9342A8
S3150800B82840D0039BDBB243F000738A4A934237D071
S3150800B838039BDBB243F00073874A93422ED0039BDF
S3150800B848DBB243F00073854A934225D0039BDBB2EB
S3150800B85843F00073824A93421CD0039BDBB243F041
S3150800B8680073804A934213D0039BDBB243F00073FC
S3150800B8787D4A93420AD0039BDBB243F000737B4AA6
S3150800B888934201D1402334E0002332E0302330E0EC
S3150800B89820232EE01C232CE020232AE01C2328E062
S3150800B8A8402326E0302324E0202322E01C2320E03E
S3150800B8B814231EE014231CE010231AE0039A5E4B97
S3150800B8C81340B3F1707F13D1BDF81A3003F4E0437F
S3150800B8D8B3F5005F0AD1BDF81A301B0A9BB203F00C
S3150800B8E80703012202FA03F3DBB202E0002300E0B1
S3150800B8F80023019A1370019B1B78032B02D86FF05B
S3150800B9088503C3E0019B1B781946039A4A4B1340E3
S3150800B918B3F1607F76D1039BDBB243F00073474AE5
S3150800B92893426DD0039BDBB243F00073444A9342BB
S3150800B93864D0039BDBB243F00073424A93425BD060
S3150800B948039BDBB243F000733F4A934252D0039BF2
S3150800B958DBB243F000733D4A934249D0039BDBB2FE
S3150800B96843F000733A4A934240D0039BDBB243F054
S3150800B9780073384A934237D0039BDBB243F000730F
S3150800B988354A93422ED0039BDBB243F00073334A01
S3150800B998934225D0039BDBB243F00073304A9342A7
S3150800B9A81CD0039BDBB243F000732E4A934213D094
S3150800B9B8039BDBB243F000732B4A93420AD0039BDE
S3150800B9C8DBB243F00073294A934201D1402350E081
S3150800B9D800234EE030234CE020234AE01C2348E0AD
S3150800B9E8202346E01C2344E0402342E0302340E07D
S3150800B9F820233EE01C233CE014233AE0142338E0D5
S3150800BA08102336E0039A0C4B1340B3F1707F2FD1FD
S3150800BA18BDF81A3003F4E043B3F5005F09D1BDF861
S3150800BA281A301B0A9BB203F00703012202FA03F332
S3150800BA381FE000231DE000BF0000C07F03000002CE
S3150800BA4804000002050000020800000209000002BE
S3150800BA580A0000020B0000020C0000020D0000029A
S3150800BA681000000211000002120000021300000272
S3150800BA7800238B4202D26FF0860307E0019B1B78EE
S3150800BA88142B02D96FF0850300E00023184609B085
S3150800BA985DF804FB00B585B001900091FFF7B0FA90
S3150800BAA80346002B02D16FF0880315E000230293A2
S3150800BAB802AB009A01990A481BF095F90390039B73
S3150800BAC8002B01D0039B07E0029B009A9A4202D0FA
S3150800BAD86FF0930300E00023184605B05DF804FBF1
S3150800BAE82417002070B596B00B900A91099208930E
S3150800BAF86FF0960315936FF096031293002310932D
S3150800BB080023149300231193002313930A9B03F02D
S3150800BB18FE43B3F1806F03D06FF086031593A0E058
S3150800BB2810A90A9B4FF480720B981DF0BDF9159061
S3150800BB38159B002B40F09280109B1B8803F4E0436A
S3150800BB48B3F5005F35D1109B1B881B0A9BB203F01F
S3150800BB580703012202FA03F3012B2AD90A9B554A3D
S3150800BB68934213D00A9B544A93420FD00A9B534ACE
S3150800BB7893420BD00A9B524A934207D00A9B514AD2
S3150800BB88934203D00A9B504A934212D1109B1B88B2
S3150800BB9803F4E043B3F5005F09D1109B1B881B0A21
S3150800BBA89BB203F00703012202FA03F314E0002309
S3150800BBB812E0109B1B8842F20402934203D10A9BA7
S3150800BBC8424A934207D00A9B414A934201D10D2320
S3150800BBD802E0002300E00C231493149B102B03D9CE
S3150800BBE86FF0830315933CE0149B002B10D01B9A27
S3150800BBF8149B9A4203D26FF08903159331E00CAB74
S3150800BC0814991846FFF746FF1590159B002B27D160
S3150800BC18099B11931A9B1393109B1E46109B1C6A2B
S3150800BC28109B5D6A149913981CF0CEFC01461B9A62
S3150800BC38149BD31A1C9A069205930491089B03939E
S3150800BC48119B0293149B01930CAB00930A9B2A46FB
S3150800BC58214630461CF0FEFD159002E000BF00E0C4
S3150800BC6800BF109B18461EF017FD1290159B002B57
S3150800BC7801D1129B1593159B002B0FD1149B002BF2
S3150800BC8805D00CAB149A1946139825F0C2FB1C9BD1
S3150800BC981A68149B1A441C9B1A6002E01C9B002213
S3150800BCA81A600023119300231393159B184616B0A0
S3150800BCB870BD00BF0010C0040011C0040012C00403
S3150800BCC800FF40040040400400414004000180048D
S3150800BCD80013C00400B585B003900291029B009337
S3150800BCE800230022044903981EF013F80346184651
S3150800BCF805B05DF804FB00BF746C030808B51D4B56
S3150800BD081B7803F00403002B06D01A4B1B7823F084
S3150800BD180403DAB2174B1A70164B1B7803F00203A2
S3150800BD28002B08D000F002F9124B1B7823F0020307
S3150800BD38DAB2104B1A700F4B5B78002B02D00E48FC
S3150800BD481DF063FF0B4B00225A7008210A48FFF7BB
S3150800BD5835F9084B1B7803F00103002B08D01CF0B3
S3150800BD6882FC044B1B7823F00103DAB2014B1A70E4
S3150800BD7800BF08BD201700202417002000B585B08D
S3150800BD8803468DF807300023039300238DF80B30FC
S3150800BD989DF80730013B032B5BD801A252F823F024
S3150800BDA8B9BD0008DBBD0008FDBD00083BBE00089C
S3150800BDB8304B1B7803F00103002B4ED11CF039FCDD
S3150800BDC803902C4B1B7843F00103DAB2294B1A70FF
S3150800BDD843E0284B1B7803F00203002B3FD100F001
S3150800BDE89BF80390234B1B7843F00203DAB2214BE6
S3150800BDF81A7034E01F4B1B7803F001038DF80B30DB
S3150800BE081C4B5B78002B2CD19DF80B30002B28D0C7
S3150800BE1819481DF0EEFE174B01225A7016481DF0F8
S3150800BE2800FF0390039B002B1BD1124B02225A706A
S3150800BE3817E0104B1B7803F00403002B13D10D4BA6
S3150800BE481B7843F00403DAB20A4B1A7000230393EB
S3150800BE5809E06FF09603039306E000BF04E000BF0D
S3150800BE6802E000BF00E000BF039B184605B05DF876
S3150800BE7804FB00BF201700202417002082B0019079
S3150800BE88019BB3F1804F05D3019B044A934201D81D
S3150800BE98012300E00023184602B07047030000405B
S3150800BEA882B0054B93F8A0308DF807309DF8073017
S3150800BEB8184602B0704700BF2C17002082B00190C0
S3150800BEC8019B03F1404213469B001344DB00024AD8
S3150800BED81344184602B070472C17002082B0019008
S3150800BEE8019A13469B001344DB00024A134418467A
S3150800BEF802B070472C17002082B001900091009A72
S3150800BF0813469B001344DB00024A1344184602B042
S3150800BF18704700BF2C170020034B012283F8A02086
S3150800BF2800231846704700BF2C17002000B585B0B7
S3150800BF38002303931DE00023029310E00299039857
S3150800BF48FFF7DAFF0190019B0122DA61019B0322C0
S3150800BF581A7601981DF00EF8029B0133029303988E
S3150800BF681EF044FA0246029B9342E7D3039B013329
S3150800BF780393039B002BDED0034B002283F8A020F3
S3150800BF8800BF05B05DF804FB2C17002000B589B082
S3150800BF98019000916FF096030793FFF781FF034618
S3150800BFA8002B03D16FF08803079366E000230493F8
S3150800BFB8049B05930023069322E006990020FFF7C1
S3150800BFC89BFF0390039B1B7E002B02D1039B0593C3
S3150800BFD819E0049B002B10D1039B1B7E022B0CD166
S3150800BFE803981EF0BBF90346002B06D1039B5B6832
S3150800BFF8DBB2002B01D0039B0493069B01330693FF
S3150800C008069B032BD9D9059B002B0ED1049B002B25
S3150800C0180BD0049B059305981EF0C5F905981CF0E6
S3150800C028A9FF0790079B002B24D1059B002B1DD041
S3150800C0380122002105981EF09DF90790079B002B01
S3150800C0481AD1019B002B0CD0059B104A9B1ADB10B2
S3150800C0580F4A02FB03F30693069B03F18042019BF2
S3150800C0681A60009B059A1A6000230AE06FF08C0391
S3150800C078079302E000BF00E000BF009B00221A6099
S3150800C088079B184609B05DF804FB00BF2C1700206B
S3150800C098CDCCCCCC00B595B0039002910192009313
S3150800C0A8009B0F930F9B08223349184625F0B1F9D0
S3150800C0B80F9B0833119300230493049A119B1A6063
S3150800C0C800BF0F9B03F10C02019B5B681092059356
S3150800C0D8059A109B1A6000BF0F9B1033019A1288A5
S3150800C0E812931346ADF81830BDF81820129B1A801B
S3150800C0F800BF0F9B1233019A528813931346ADF863
S3150800C1081A30BDF81A20139B1A8000BF0F9B03F13B
S3150800C1181402019B9B680E920793079A0E9B1A6056
S3150800C12800BF0F9B14331A1D019BDB680D920893F9
S3150800C138089A0D9B1A6000BF0F9B143303F1080277
S3150800C148019B1B690C920993099A0C9B1A6000BFFC
S3150800C1580F9B20330B93029B0A930A9A0B9B1A6030
S3150800C16800BF0F9B2433029A0399184625F051F904
S3150800C17800BF15B05DF804FB786C030800B583B0FA
S3150800C188019008220749019825F00EF90346002B65
S3150800C19802D06FF0980300E00023184603B05DF854
S3150800C1A804FB00BF786C0308F7B505466B461646C8
S3150800C1B8174A0C461068516803C395F82A3008339D
S3150800C1C86B4413F8087CB5F84830DA0609D43346C0
S3150800C1D82246394628461EF005FD00F5FA7003B0D2
S3150800C1E8F0BD204625F028FCB5F8483000F10A04C9
S3150800C1F89B074FEAC40405D0304625F01DFC04F514
S3150800C2080C740444E823781E584304FB0700E4E743
S3150800C218806C03089422144B10B51C68002102FB95
S3150800C2280044204625F0EAF8104B04F108001B687C
S3150800C2380021DB7863761FF0F6FD4FF0082363626A
S3150800C248072384F82A30236A094A43F0130323622A
S3150800C258084B2046A364084BC4E91D32C4E92132B9
S3150800C268BDE810401EF0E4BCD01700209418002042
S3150800C278555555001300FFFFD6BE898EF0B5104BED
S3150800C28802461E6893F804C035464FF0FF3400236B
S3150800C2989C4508DC91B1631C10D0942303FB046009
S3150800C2A880F84A20F0BD95F84A7028469742F9D092
S3150800C2B8FF2F08BF1C4694350133E9E70020F1E74C
S3150800C2C8D017002070B50446234D002842D0083000
S3150800C2D801F00EFE0026FF2304F1300084F84A30E8
S3150800C2E8E66125F024FB04F1340025F020FB04F16F
S3150800C2F8380025F01CFB04F13C0025F018FB04F176
S3150800C308540025F014FB2868144B201A801058434B
S3150800C318C0B21EF045FC014630461EF03CFC606C77
S3150800C32810B100F077FF6664A06E18B11EF055FCD0
S3150800C3380023A366E06E1EF05BFC0023E36670BD6F
S3150800C348286806FB0400FFF7BDFF01342B79A342D2
S3150800C358F6DCF4E79426F9E7D0170020AD1B4C91D4
S3150800C368F7B5044621F051FAC0F30F23542B3ED9EA
S3150800C378AA2B34BF01230223C0B27E288CBF02220F
S3150800C388012203218DF804301344B3FBF1F000EBC6
S3150800C39840001B1A8DF805301344B3FBF1F202EB83
S3150800C3A842029B1A8DF80630002318461D461A467F
S3150800C3B8104901AF4B7517F8016B44FA06FC1CF0D7
S3150800C3C8010F06D053009E40012330430132C0B204
S3150800C3D8D2B20135EDB2032DEDD103B148754B7DC7
S3150800C3E843EA82134B75FF230B7503B0F0BD002390
S3150800C3F8C2E700BFD0170020064B1B68D97ADA783F
S3150800C408437E5B1A9342A8BFDAB2002142761EF031
S3150800C4184BBC00BF94180020B0F864302BB9836869
S3150800C42813F4601F08BFA0F8643011B1012913D0AE
S3150800C43870474369417E23F010034361084B1A6825
S3150800C448D37A92780B449342D8BFDAB2C369427654
S3150800C45823B101211EF028BCFFF7CEBF704700BFE5
S3150800C468941800202DE9F0410025354E8AB0337915
S3150800C478AB4203DC01200AB0BDE8F0819423346896
S3150800C48803FB054494F84A30FF2B0DD0236A98011C
S3150800C49806D504F15408404625F0C6FA074628B9D1
S3150800C4A8226A12F0A06F1ED10135E0E7BB7908A908
S3150800C4B80C333B44D8689A7A1B8AC2F38012ADF8C3
S3150800C4C8243000238DF81F2008901A460DF11F0006
S3150800C4D81EF094FB38469DF81F2094F84A1008ABBE
S3150800C4E81FF034FDD7E7B4F848301D2B18D13C2384
S3150800C4F8FF210020CDE90431CDE902000121CDE96B
S3150800C508000004F15B03C2F3802220F01BF8002820
S3150800C518B1D04FF0A06104F120001EF01AFBC3E762
S3150800C52812F0807F08BF3C214FF0000218BF432154
S3150800C53894F8293094F84A001FF0AAFEE7E700BFE6
S3150800C548D01700202DE9F0411F46C36904460D4659
S3150800C55816468BB169B928F0D9FC06462946E06E15
S3150800C5681EF042FB204629461EF087FB304628F077
S3150800C578BFFC0020BDE8F0810029FAD0036A03F061
S3150800C5881203022B00F0BC80236ADD0700F1C08085
S3150800C59894F84A30FE2B0CD104F14C0001F0CEFF7A
S3150800C5A801F0C4FF28B14FF4800104F120001EF001
S3150800C5B8C8FA256A624B2B40B3F5807F00F0BB802A
S3150800C5C8A80531D5C5F3802504F15B080022414644
S3150800C5D828461EF019FB002184F84B001EF025FB9F
S3150800C5E84146002228461EF014FBB4F8481020B12C
S3150800C5F894F94B00002880F297804FF4007104F1F3
S3150800C60820001EF0A6FAB4F8482002F00302012A10
S3150800C6180AD1414628461EF0FCFA28B14FF40061B3
S3150800C62804F120001EF08DFA236AD90600F18180EC
S3150800C638D4E90C122046FFF7B7FD012F0ED040F2B9
S3150800C6487123A28C5A43904208D9E28C5A439042E5
S3150800C65873D800F51C70B0FBF3F0A084394BE3617E
S3150800C668002384F82930236AE168B4F8645023F46F
S3150800C678803284F82870226221613DB913F0100FC0
S3150800C6880CBFC8253C25257605F2B3154EB140F2F0
S3150800C6987121E38C42F48032C3EB06134B432262C2
S3150800C6A8E362236A43F400232362274B1B68DB787B
S3150800C6B8637628F02BFC6369074643F0100304F1F8
S3150800C6C80800294663611FF0AEFB012003F0A6FDAA
S3150800C6D828B963691A075CBF43F00403636126B186
S3150800C6E821F0CFF8E36A0344E362204603F0A0FD8D
S3150800C6F8384628F0FDFB0121E06E1EF075FA38E78A
S3150800C708406B25F099F900287FF43EAF0C2031E7F5
S3150800C718636C002B7FF43CAF00F026FD60640028AC
S3150800C7287FF436AF092025E701F001011EF07DFAEE
S3150800C73869E7064B93E712201CE745201AE700BF6E
S3150800C7480001400083AB02089418002055C8000869
S3150800C75870B500249426094D2B79A34200DC70BDD8
S3150800C768286806FB040090F84A30FF2B04D00023FB
S3150800C7781A461946FFF7E6FE0134EDE7D0170020FA
S3150800C7882DE9F04304468F798BB00C370DF104096F
S3150800C798CD1901220E460DF1030049461EF03FFA4F
S3150800C7A8636C8046039300236364236AE879C3F3BA
S3150800C7B800138DF825302989F75904F08FFE224B86
S3150800C7C807441B6805975B7905F118026376012308
S3150800C7D806928DF8103005F10C03B8F1000F28D031
S3150800C7E89DF80330CDF81C908DF820309DF825204B
S3150800C7F894F84A308DF821300123FAB98DF8223099
S3150800C80894F8933003F00F038DF823306B7903A857
S3150800C8188DF8243000F0AEFD20F0DAFF012120461D
S3150800C8281EF02BFA304611F00FFE01200BB0BDE8BA
S3150800C838F0830793AB7AC3F38013D5E7AA7AC2F3D2
S3150800C84840128DF82220DFE794180020012810B539
S3150800C8580C461ED0022824D040BB08461EF036FCDB
S3150800C86840F27121A38CE28C94F82A00D21AE36864
S3150800C87803F59C53083301FB02332361FFF770FD68
S3150800C8880B4B20469968236BBDE810400B6003F0F4
S3150800C89805BF03F031FE844208D1BDE8104020F0F8
S3150800C8A897BF0846BDE81040FFF7A6BD10BD00BFF4
S3150800C8B8D017002038B50A4D0020FFF703FDAB68EE
S3150800C8C813B100221A60DA801FF0C2FB00242B7904
S3150800C8D8A34200DC38BD2046FFF79CFC0134F6E786
S3150800C8E8D017002070B52B4C0546A06818B111F072
S3150800C8F8ABFD0023A360FFF7DDFF00201EF054F907
S3150800C90855B9032025712560E58211F00DFD2079BA
S3150800C9181EF04AF928B970BD022025F0CCF9A060A6
S3150800C92848B90025A0682571256070BB00201EF04F
S3150800C9383BF90720EFE70026032025712660E682E3
S3150800C94811F0F2FCB542E2DD05EBC50105EB810104
S3150800C958890033460122032089B211F0A1FC064654
S3150800C9680028DED1032011F001FD20600028D8D068
S3150800C978942231466A4324F041FD2379B342C6DD41
S3150800C9883046FFF747FC0136F7E711F05DFDA5606D
S3150800C998CCE700BFD017002006222DE9F341354B16
S3150800C9A806469C688846A5790C35635D671903F0C1
S3150800C9B84F036355B0F848307A70103B0D2B31D8C1
S3150800C9C8DFE803F055305107300C3030303030305E
S3150800C9D8300C635D6FF30303635523E00123625D3F
S3150800C9E8006A63F3030262550C2210F4006F7A702A
S3150800C9F806F15B0107F108020CD001924FF0FF32ED
S3150800CA08C0F3802000921A461EF001F9635D43F0D0
S3150800CA188003E1E7D6F85B30BB608B889380336A7E
S3150800CA285B05F3D4B6F84820635D304662F34513D0
S3150800CA386355B91C1EF0CFFB635D60F38613635517
S3150800CA48A3797A7802331344E371B6F8483003F0C9
S3150800CA581403142B04D0B8F1000FC4BF42447A70EB
S3150800CA6802B0BDE8F081635D62F30303B4E702220E
S3150800CA78635DF9E7D01700202DE9F0438B79064660
S3150800CA880C33CC18237985B0DA0737D5E77A252FFA
S3150800CA9834D8484B9A6893790C33D118D35CA27A60
S3150800CAA8C3F38013B3EBD21F28D1056A0622EB0617
S3150800CAB84CBF0231043104F1120024F075FCE8B9C0
S3150800CAC894F80A901EF0A7F805F4C04580F001030B
S3150800CAD82A1EC9F3801904F10C08414618BF012219
S3150800CAE84846DBB220F0EDFE014650B1A37A03F0C2
S3150800CAF80F03032B1BD1336A980712D44FF0FF3064
S3150800CB0812E01EF08EF80028F8D1A37A03F00F0376
S3150800CB18002DEED0032B85F4C0451CD1A904EDD50C
S3150800CB28E9E70C2FEAD1032005B0BDE8F083052B09
S3150800CB38E4D1306AC207E1D500F01403142B0FD0EC
S3150800CB48012202A90DF107001EF069F808BBA17AAF
S3150800CB58C1F3801121E0052BD0D16B04E9D4CDE7C8
S3150800CB6806F15B052946C0F380201EF049F800281F
S3150800CB78E6D1A27A336AC2F38012C3F380239A42B3
S3150800CB88BCD106222946404624F00EFC0028B5D119
S3150800CB98D6E79DF807100DF10808404600F068FB2F
S3150800CBA80028ABD104F118001EF0C9FA0028A5D050
S3150800CBB80520B9E7D017002030B5174B826A1B68DD
S3150800CBC81206597926D5028F1C79436B1203B2FBD4
S3150800CBD8F3F2631AB2FBF3F2B0F89C3003B1013BE7
S3150800CBE8D0F8A05005B15B101B02B3FBF2F35B1833
S3150800CBF80CD090F895200F2A08D91209B3EB820FA2
S3150800CC08B8BF00234FEA8201A8BF5B1A9C42A8BF97
S3150800CC181C46E1B2417630BD94180020084B9A7E2E
S3150800CC2882420AD94FF4A4721B6802FB0030836A51
S3150800CC3813F0100F08BF002070470020704700BF88
S3150800CC48E8170020084A09491368C31AD810002BA0
S3150800CC5801FB00F005DB937E8342D8BF4FF0FF3017
S3150800CC6870474FF0FF307047E8170020199C8FC1AE
S3150800CC7870B504460E4628F049F93146054604F1CA
S3150800CC8830001EF0D0FA2046FFF7DCFF012181406C
S3150800CC9805481EF0C8FA4FF4807009F0C7FC284604
S3150800CCA8BDE8704028F024B90C180020F3292DE9AE
S3150800CCB8F84304460D468D4E1ED1338D5BB9A368DD
S3150800CCC813F4601F6ED0238F626B1B01B3FBF2F35C
S3150800CCD8F32D9FB225D120461EF046FBB4F89C30AA
S3150800CCE8002B38D1A26A984612F0800F0CBF3E2254
S3150800CCF8082284F8772030E0736959064BD5836A89
S3150800CD081A0748D5336900F1400143601FF067FEEA
S3150800CD18338D002BD3D0238F626B1B01B3FBF2F341
S3150800CD289FB2618FB4F89C209BB25B1A9A423BDC8F
S3150800CD38736994F836019B074CBF0021022120F03D
S3150800CD4810FE40F2022372699343C4D12046A4F820
S3150800CD589C701EF00AFB4FF001082046FFF72CFFCF
S3150800CD68FFF770FF87B238461DF030FF8146384610
S3150800CD781DF02AFF30B138461DF01CFF0021384641
S3150800CD881DF021FFF32D04D0A36A180701D5628F79
S3150800CD988AB9012334E0318D238F626B00298ED03E
S3150800CDA81B01BBE733858EE7737F002BC9D00321A8
S3150800CDB894F83601C3E713F4C05FEAD1726912F032
S3150800CDC80C0FE6D140F202239343E2D1D4F8A430FB
S3150800CDD8002BDED12046FFF735FF80B21DF0EEFEA8
S3150800CDE80028D6D12046A18F1FF081FF031E6CDDCF
S3150800CDF8628F0132934268DC012BCAD0013B9BB291
S3150800CE08A4F87C3038461DF0D7FEB4F87C301844B0
S3150800CE18A4F87C0038461DF0CEFE236B590409D5C4
S3150800CE284FF4804104F130001EF005FA002120462F
S3150800CE38FFF71EFFA58FB4F87C302B44A387B8F1FB
S3150800CE48000F07D020461DF09FFE2046A18F1FF031
S3150800CE5802FE804638461DF0B9FE48450DD0A36A3D
S3150800CE681A070AD43846A5871DF0A6FEA38F0130EF
S3150800CE7880B2A4F87C001844A087A38FAB4202D2DC
S3150800CE8838461DF09FFEA36A1B0702D4184B1B6879
S3150800CE989847B4F87C20B4F89C3094F870109B1A1C
S3150800CEA8A4F89C3094F86F3002FB01332522B3FBB3
S3150800CEB8F2F102FB113384F86F30B8F1000F07D08E
S3150800CEC82046BDE8F8431EF000BB638F013396E79A
S3150800CED8204608211FF0FBFD20460221FFF7C8FE61
S3150800CEE82046BDE8F843012103F0F0B9E817002009
S3150800CEF81C1800200022074B10B55A772022044632
S3150800CF085A611EF0DCF984F8360120461EF03AFB11
S3150800CF1810BD00BFE8170020012810B50C462AD016
S3150800CF28022830D000283DD191F8953060F30713D0
S3150800CF3881F895300846FFF7DDFFA36A20461B07E8
S3150800CF4816D503F041FD042001F08EFB50B3164AAE
S3150800CF58937F3BB3D37F0133DBB2D37792F8212093
S3150800CF689A421FD8BDE810404FF0806009F05EBBB2
S3150800CF7803F014FFE7E703F0BFFA844212D1BDE8CD
S3150800CF88104003F015BD91F895302046C3F30312F7
S3150800CF98013262F3071381F89530BDE81040F32192
S3150800CFA8FFF784BE10BD00BFE817002010B501F0D2
S3150800CFB8BBFBFB22114B10F0020F1A770CBF01229C
S3150800CFC803224107197E48BF42F0040262F30301AF
S3150800CFD819761A7EC2F3030161F307121A764FF41B
S3150800CFE8417100221984DA76DA835A621A611A8537
S3150800CFF8034BBDE810401B68184700BFE817002018
S3150800D008141800202DE9F843504C0546A06818B1B5
S3150800D01811F01AFA0023A360022011F085F9EFB27D
S3150800D02800201DF0BFFD38461EF065F906460028A3
S3150800D03838D138461EF06AF9A0BB002D52D005EB48
S3150800D048850105EBC101C90033460122022089B2D0
S3150800D05811F026F900BB4FF4A4790220A77611F03F
S3150800D06885F909FB05F831464246206024F0C6F9D9
S3150800D07832462368681E03EB090182422ADB002D23
S3150800D088A8F5A4724FF00001D8BF00223846995077
S3150800D09863601DF08BFD50B30020C4E90000A0763C
S3150800D0A81DF084FD002500201EF025F900201EF03D
S3150800D0B82DF92846C4E90055A5761DF077FD2846BA
S3150800D0C81EF00BF928461DF06DFD022011F02CF90B
S3150800D0D8072637E009FB02FC013243F80C1001F574
S3150800D0E8A471CAE7C4E90055A5761DF05FFD284670
S3150800D0F81DF058FD0028D5D138461EF0EEF8002850
S3150800D108D0D138461EF0EFF807460028CAD1002DB8
S3150800D11816DD022024F0CFFD0223A060C3718379AF
S3150800D1283946C3F102020C33D2B2184424F066F920
S3150800D1380121A3689A7913441A7B61F301021A73C9
S3150800D148FFF734FF3046BDE8F88300BFE81700202C
S3150800D158014B987E704700BFE8170020014BD87E20
S3150800D168704700BFE8170020F8B5284D27F0CEFE0F
S3150800D1786C681CB927F0BCFE2046F8BD4FF4A476A7
S3150800D188012723686B60EB7E0133EB7627F0B0FE48
S3150800D19832460021204624F031F904F128004021BE
S3150800D1A867611EF040F82B8B0722A4F8443194F8DF
S3150800D1B83731002167F3030384F837314FF6FF73D5
S3150800D1C8A4F87A302B7FA4F8866084F8423144F2B2
S3150800D1D89023A4F8403194F8853004F1080062F3E6
S3150800D1E8030384F885300A4BC4F8883003F1CE5314
S3150800D1F803F59813C4F88C3041F61B33A4F890301D
S3150800D2081B2384F892301EF00EFEB5E7E8170020B7
S3150800D2184801480170B5044600261EF032F904F1A3
S3150800D228080000F065FE104B20461B689847C4E9BD
S3150800D2380A6627F06BFE4FF4A47231460546204667
S3150800D24824F0DCF809490B4653F8042F42B91C6048
S3150800D258CB7E2846013BCB76BDE8704027F048BE12
S3150800D26813461268F2E700BF18180020E8170020CE
S3150800D2782DE9F04106464FF480400F4601F0F4F9CF
S3150800D288044630B90E4B1D6893F81A807135A045C7
S3150800D29802D80020BDE8F08155F8493CDA0609D5D8
S3150800D2A8C3F38003BB4205D106222946304624F03B
S3150800D2B87BF818B1013405F5A475E8E70B20E9E70A
S3150800D2C8E8170020B0F8943010B55A1C62F30B031F
S3150800D2D80446A0F89430042001F0C6F9C0B12046E7
S3150800D2E8FFF7B0FC80B21DF063FC78B14188094AA3
S3150800D2F8937F0B44DBB2937792F820209A4207D89B
S3150800D308BDE810404FF0806009F090B90121EEE7BA
S3150800D31810BD00BFE817002038B58B7905460B44C1
S3150800D3289B7D0C4603F00303032B09D101212C30FE
S3150800D3381DF079FF4FF4006105F128001DF073FF11
S3150800D34821460548A56024F0D9FBBDE838404FF0CA
S3150800D358005009F06BB900BFF4170020014B187785
S3150800D368704700BFE8170020014B187F704700BFB9
S3150800D378E81700202DE9F04FD0E9027590F9181042
S3150800D38887B00291417E046890F80480D0F810A00E
S3150800D398037D427D90F816B090F81790002940F062
S3150800D3A8ED80A9F1030101298CBF02260326039300
S3150800D3B82B8984F89B202A4652F8101BBBF10000DB
S3150800D3C818BF0120C4F8281104F14401019305F097
S3150800D3D813F920461FF074FB20461DF099FF20F02C
S3150800D3E8C6FA4946024620461DF08CFFC822204642
S3150800D3F80DF11601ADF816201DF077FF47F6FF72F6
S3150800D408A4F83021AA88039BA4F82C21AA7984F8C1
S3150800D4182E21DAF80020C4F87120BAF8042004F19D
S3150800D428280AA4F875201BB1042150461DF0FBFEF6
S3150800D438BBF1000F04D04FF4005150461DF0F3FE1F
S3150800D4484FF4607001F010F9C0F3C0134FEA831B5C
S3150800D458C30548BF4BF0800B810548BF4BF4807B5A
S3150800D46827F054FD4FF48261039050461DF0DBFE09
S3150800D478594604F12C001DF0D6FE039827F038FD0E
S3150800D488A8F10203012B7BD84FF4002150461DF062
S3150800D498CAFE01212046FFF7EBFB042120461FF0B0
S3150800D4A816FB6B7D2046C3F3040384F870306A893B
S3150800D4B852006263697B2A7B42EA01226287E97B1A
S3150800D4C8AA7B42EA012222876A7D84F86F30C2F372
S3150800D4D8421284F83E2000220523A2870122A4F8D6
S3150800D4E89C30A4F87C2002991DF017FF01F016F964
S3150800D4F820F40060C4E908012046FFF75DFB3D49B2
S3150800D5083D4AB1F828B008F0FD03BBF1000F6CD10D
S3150800D518002B3BD140F2C71B6760E26120460F61CA
S3150800D5281DF092FEB9F1010FE0600AD094F8373180
S3150800D538204669F3030384F8373109F00F011EF012
S3150800D54899F804F1080059461EF06DFC012002F00E
S3150800D55865FE28B963691A075CBF43F0040363616B
S3150800D56840F271216B892046013B59431DF08BFE19
S3150800D578204602F05DFE07B0BDE8F08F012616E7E3
S3150800D588B8F1010F85D140F2014183E74FF4D77B03
S3150800D598E26140F27128019B760006EB430608FB18
S3150800D5A806F6374440F608015046676004F1400716
S3150800D5B81DF039FE394620461FF011FA334639461A
S3150800D5C8204604F1340201F0BDF8EB7901225B002C
S3150800D5D83946204608FB03F31FF007FA236C204652
S3150800D5E89E081DF031FE30449CE76760E261002B17
S3150800D5F8CFD193E7E817002021CF000870B51D465C
S3150800D608C36A04461B07164613D408212C3025F48A
S3150800D61810551DF008FE25F01005064B2D0433405D
S3150800D6282D0C2046C4E90835BDE870404021FFF7AF
S3150800D6381FBB70BD2FCF87F72DE9F04F85B004467D
S3150800D6480191084689B34B799A071FD424F0F4F94F
S3150800D658019D70B96B79DB0705D54FF4803104F164
S3150800D66828001DF0E0FD01A824F061F905B0BDE821
S3150800D678F08FA36ADF0309D54FF4803104F1280037
S3150800D6881DF0D9FD6B7943F001036B71019E27F0F4
S3150800D6983DFC737931469E0705461ED504F1AC0054
S3150800D6A824F03BFA284627F023FCDFF8909127F068
S3150800D6B82DFCA36A0746DD0514D5D4F8AC3043B16A
S3150800D6C89A7913441B7B3A2B03D829FA03F3D8070C
S3150800D6D811D4384627F00CFCC8E704F1A80024F052
S3150800D6E80DFADFE794F94631022BF2DCD4E92A234E
S3150800D6F872B9002BEDD004F1AC0024F036F90546D2
S3150800D708384627F0F5FB294620461EF07BF9CEE772
S3150800D718002BF0D194F89280039304F1A80BD4F85F
S3150800D728A86096F807A0B379AAEB030A5FFA8AFAFB
S3150800D738C24527DC584624F077F90546A8EB0A08B7
S3150800D7486B7929466FF3C3036B7103A824F0D6F9DE
S3150800D758D4F8A8302BB15B79990702D1B8F1000F34
S3150800D768DDD1039B002BB4D09B79022B40D800202F
S3150800D77824F0A1FA014670BB039904F1A80024F025
S3150800D788CCF9A6E7002024F096FA054630B903999D
S3150800D79804F1A80024F0C1F903959AE78079B179CC
S3150800D7A80C300C3142463144284423F032FEEB79DA
S3150800D7B853FA88F3EB71B379727953FA88F3B3712C
S3150800D7C86B794FF0000862F300036B7173796FF396
S3150800D7D800037371B4E7039B4A79587960F300022A
S3150800D7E84A715A7903A86FF300025A7124F090F91E
S3150800D7F8E36A9A0512D50398034600680028FBD100
S3150800D808DB79C3F14503DBB2032B07D824F053FAB7
S3150800D81801460028B0D003A824F070F9D4F8A83037
S3150800D82813B15B79DB0704D5039A537943F00803E8
S3150800D8385371384627F05CFB039965E77C2C020090
S3150800D84870B5036B0446990786B001D51DF019FE15
S3150800D858236BDA0733D5A66A330723D516F4002FC0
S3150800D86814BF032501252046FFF7ECF994F89B30E9
S3150800D878294605930023049394F83E30C6F380029C
S3150800D8880393238F80B20293638F0193636BC3F369
S3150800D8984F03009304F171031EF054FE30B90020BB
S3150800D8A806B070BDB50C05F00205DCE7012104F1E8
S3150800D8B830001DF0C0FC4FF400511DF0B4FC236B7A
S3150800D8C8980410D52046FFF7BDF9A16AC0B2C1F37E
S3150800D8D840311EF054FB0028E1D04FF4005104F102
S3150800D8E830001DF0A8FC236BD90409D50021204671
S3150800D8F8FFF7A2FE4FF4805104F130001DF09BFC9F
S3150800D908236B5A0512D52046FFF79CF9002394F88D
S3150800D9189B50C2B2194628461EF0BAFC0028BED04B
S3150800D9284FF4806104F130001DF085FC236B5B071A
S3150800D93811D52046FFF786F9616B238F628FC1F3ED
S3150800D9484F0180B21EF0DEFD0028A8D0042104F19C
S3150800D95830001DF070FC236B1E0709D520461FF002
S3150800D9681EFC00289BD0082104F130001DF063FC3A
S3150800D978236BDD0618D52046FFF764F9E16A80B2FD
S3150800D98811F4805100F0C58000211EF050FE0028D1
S3150800D99885D04FF4805104F12C001DF04CFC102161
S3150800D9A804F130001DF047FC236B580615D52046B0
S3150800D9B8FFF748F994F8773080B20093D4E908233A
S3150800D9C81EF018FE00283FF46AAF0023402184F8A9
S3150800D9D8773004F130001DF02EFC236B190516D597
S3150800D9E82046FFF72FF900230093B4F89830B4F8C7
S3150800D9F8962094F89A1080B21EF074FA00283FF41C
S3150800DA084EAF4FF4006104F130001DF014FC236B8F
S3150800DA1813F4804532D19A0516D52046FFF712F930
S3150800DA2894F8371194F8772001F00F0180B200F0C6
S3150800DA38DBFC00283FF433AF4FF4007184F87750C5
S3150800DA4804F130001DF0F7FB236B1B0616D520469C
S3150800DA58FFF7F8F8B4F88C3080B2009394F8913050
S3150800DA68B4F88A2094F890101EF013FE00283FF4A4
S3150800DA7816AF802104F130001DF0DDFB236B9E06EE
S3150800DA8812D52046FFF7DEF894F8771080B21EF014
S3150800DA98E5FD00283FF403AF0023202184F87730FA
S3150800DAA804F130001DF0C7FB236BDD0508D504F12A
S3150800DAB830004FF480711DF0BEFB20461FF09AF91E
S3150800DAC8236B180408D504F130004FF400411DF003
S3150800DAD8B2FB20461DF0CAFD236BD90308D504F10D
S3150800DAE830004FF480311DF0A6FB20461DF005FCDA
S3150800DAF8236B9A0308D504F130004FF400311DF062
S3150800DB089AFB20461DF007FC236B9B0704D40120CB
S3150800DB18C6E61EF0A3FD3AE70022204611461DF088
S3150800DB28F8FB20461DF0F7FB2046FFF78BF894F81C
S3150800DB38771080B21EF048FE00283FF4B0AE0221E6
S3150800DB4804F130001DF077FB2046FFF763FB024B14
S3150800DB581B689847DBE700BF14180020F8B50023B0
S3150800DB68124A02F1240151E8004F41E80035002D18
S3150800DB78F7D1012734B9BDB10D4829461DF053FB25
S3150800DB882046F8BD94FAA4F0B0FA80F007FA00F631
S3150800DB9824EA0604FFF742F80028EBD0FFF750FE00
S3150800DBA80028E7D13543E5E70120EAE7E81700202A
S3150800DBB80C1800202DE9F74F04460190002860D07C
S3150800DBC8C5794FF000080C35054427F09FF94646F5
S3150800DBD800904FF4A47A40462B4FBA7E5FFA88F92C
S3150800DBE84A4517D90AFB09FB3A685A44916ACB068B
S3150800DBF844D5B2F89420C2F30B02002A3ED0E27943
S3150800DC08C2F14502D2B2032A15D8022024F053F8E5
S3150800DC18044640B900230098FB8327F069F9304683
S3150800DC2803B0BDE8F08F014601A823F067FF00207E
S3150800DC38E5790C35254404220123002112FB00331B
S3150800DC4805F82090E9543B6802FB005C5B44B3F88E
S3150800DC58943001368CF80230032312FB0032A9549B
S3150800DC683B6801305B44B3F89420C0B261F30B02F9
S3150800DC78A3F89420E379F6B20433E37108F10108AE
S3150800DC88ABE70646CBE700BFE8170020F7B56846B6
S3150800DC9804F0A6FC00254FF4A477124EB37EAB42D7
S3150800DCA801DC03B0F0BD346807FB0544A36A03F03A
S3150800DCB81803102B13D10522694604F1450023F0F1
S3150800DCC873FB60B1012120461FF0B5F838B9012069
S3150800DCD823F0F1FF014610B1204601F073F901352A
S3150800DCE8DCE700BFE81700202DE9F74F27F00EF903
S3150800DCF8424BDA6800920022DA6027F0F9F8009BAE
S3150800DD0813B903B0BDE8F08F684623F02EFE827972
S3150800DD18876802F10C04044401460190A07A0A3285
S3150800DD2810F0200F14BF0320022002448A71FA6AF1
S3150800DD3852050FD5E07AA27A42EA002238461EF042
S3150800DD4841F838B901A823F0F2FD3D2138461DF0FF
S3150800DD5842FFD4E7BA6A94F80AB012F40072019935
S3150800DD680BF0030013D003288A79EBD10A44127BF7
S3150800DD783A2AE7D8224B23FA02F2D307E2D54A7998
S3150800DD88384642F002024A7100F0ECFDB7E703286C
S3150800DD98F5D048790BF0030B62F341004871084641
S3150800DDA894F8069094F905A023F046FE019D0646C8
S3150800DDB8AC793846063CE4B2AC71FEF743FF0C343E
S3150800DDC8C0F3032305EB040843EA0B1388F803306A
S3150800DDD82B46F6B288F80200A8F8046005F804A0ED
S3150800DDE888F801905A796FF341025A711B68002B1B
S3150800DDF8F8D128461EF0DAF881E700BFE8170020B0
S3150800DE087C2C0200104B1A7842F0F0021A701A7C21
S3150800DE1842F0F0021A7493F8202042F0F00283F8D0
S3150800DE28202093F8302042F0F00283F8302093F847
S3150800DE38402042F0F00283F8402093F8502042F040
S3150800DE48F00283F850207047241800200368054A12
S3150800DE5823F07F6323F4002302EAC14213430360D5
S3150800DE68704700BF0000F80FF8B54488054604F067
S3150800DE780704072C1C4E28D127F048F80022110160
S3150800DE88735C06EB02171B090F2B0AD00132062A08
S3150800DE98F5D1164A13880133138027F029F8192073
S3150800DEA8F8BD2B6894B27B801123735427F020F8A9
S3150800DEB81FF0E7FC06EB0413D8602B68002023F450
S3150800DEC8E02343EA04432B60EAE72301F15CC1F344
S3150800DED80312013202F00F02052A28BF002262F354
S3150800DEE80711F154E4E700BF241800203424002061
S3150800DEF838B54488054604F00704072C0FD027F0E0
S3150800DF0805F8074A2401135D43F0F00313552B68F7
S3150800DF1843F4E0232B60BDE8384026F0E9BF38BD56
S3150800DF28241800202DE9F0474588074605F0070517
S3150800DF38072D894637D01D4C4FEA051814F808608E
S3150800DF481FF09FFC04EB051ADAF80C30360906EBC5
S3150800DF58C506C01A04EB4606708014F8083003F0A4
S3150800DF680F02042A9EBF013262F3030304F808303D
S3150800DF78B9F1030F14D114F8081004EB0514A01C02
S3150800DF8801F00F011FF049FB044626F0BFFF3A6867
S3150800DF98074B134023433B60BDE8F04726F0A8BF6C
S3150800DFA84FF6FF74F1E7BDE8F08700BF2418002094
S3150800DFB80000FF7F064A08B59268824207D0427970
S3150800DFC822F0030242F00302427108F089FB08BDF9
S3150800DFD88418002010B5064C204623F0A8FC201DFE
S3150800DFE823F0A5FC04F10800BDE8104023F09FBC07
S3150800DFF88418002010B5022023F05DFE034C6060EB
S3150800E008022023F058FEA06010BD00BF8418002027
S3150800E01808B5FFF7DFFF0022024BDA60BDE80840C3
S3150800E028FFF7E8BF84180020014B5868704700BFFF
S3150800E03884180020014B9868704700BF8418002090
S3150800E04838B50C4CE3681BB1E36898470023E360CE
S3150800E05823686BB1074823F088FC054640B1236856
S3150800E0681BB14FF0004008F0E1FA28461EF0C5FB40
S3150800E07838BD00BF8418002010B5084CE0604FF082
S3150800E088004008F0D3FA00BF00BF00BF00BFE3682E
S3150800E0981BB1E36898470023E36010BD8418002085
S3150800E0A838B58379044603445B7B13F0300F43790C
S3150800E0B823F0030308BF43F00103437126F026FF44
S3150800E0C805462146054823F019FD4FF0004008F09B
S3150800E0D8ADFA2846BDE8384026F00ABF841800205D
S3150800E0E8F0B5184E85B07568AB790C331D4400F049
S3150800E0F81BFBB5F80920B5F807108A421FD8032A6A
S3150800E1081DD903291BD96F79CFB1C04360F0050023
S3150800E11810EA070413D1EB78A879CDE901742C79AC
S3150800E128009401F0F3FB00280CBF0C22002242F2EF
S3150800E1384101B06805B0BDE8F0401DF0CBBE11221C
S3150800E148F5E700BF8418002010B50D4C626893796E
S3150800E1580C331A441179D078003918BF01210038D0
S3150800E168B2F8073018BF0120B2F8052001F0E2FE20
S3150800E17842F242010246A068BDE810401DF0AABE58
S3150800E1888418002010B5084C6068837918440F3045
S3150800E19800F098F90023A0681A46BDE810404FF623
S3150800E1A828411DF055BE00BF84180020242816D81B
S3150800E1B80F2805D802280CD8B0FA80F0400970470D
S3150800E1C8084B103880B2C34003F0010383F00100FE
S3150800E1D870470538012894BF0020012070470120A0
S3150800E1E8704700BF2D2011002DE9F04F95B0FFF7B5
S3150800E1F81BFF42F23603867905460C3630F8068048
S3150800E208841998450ED1FFF70FFF022123F05FFB0B
S3150800E2187F22A3780233A370AA55002320222377E6
S3150800E228627063770121E078FEF728F8002306462E
S3150800E238002800F0D180CDE91233237AE2888DF8D8
S3150800E2484A30E37AADF84820B4F809208DF84E30FC
S3150800E258E378ADF84C20A288FE2B4FF6FF7308BF6B
S3150800E2684FF4804312F0050F25D1DDE912018842E3
S3150800E2781DD900251126FFF7DDFE01233246414642
S3150800E288ACB21DF0E5FD002DCCBF0534053C24B223
S3150800E298002E40F0A4800A2394FBF3F4E4B2FFF7B7
S3150800E2A8C9FEC3791844C47215B0BDE8F08F1F2893
S3150800E2B8DFD99942DDD8D206E77D657E04D5012FD8
S3150800E2C816D000251226D6E7012F74D0032FD0D1F1
S3150800E2D86B1EDBB2022BCCD800F026FA04270742BD
S3150800E2E8C7D0032D08BF04252840C0B20028C0D0CF
S3150800E2F8E0781CF075FC20B1A088FFF757FF0028C6
S3150800E308DFD0384A237F1278002A5CD0042BD8D865
S3150800E318637F042BD5D8A388DB065BD41FF027FBBD
S3150800E3280121C822084004F04DF894F91630B4F8CB
S3150800E33804E003EB8303B0EB430F4FEA4302637B26
S3150800E348677E0F93A37BE188109304F10F0311935B
S3150800E358637F94F80C9094F815A094F818B00546BD
S3150800E368E07DC8BF15B2B4F809200C93237F0328AB
S3150800E3780B93E37E08BF0420032F08BF0427003B3E
S3150800E38818BF01230A93A37E1FFA85FCCDE90873F3
S3150800E398119BCDE9060B0293109BCDE904ACCDF889
S3150800E3A80C9001930F9B304600935FFA8EF31CF08E
S3150800E3B8CEFC06465FE76B1EDBB2022B3FF659AF6B
S3150800E3C800F0B2F98BE7002B7FF453AF637F002B7D
S3150800E3D8A1D04EE70020A3E7054607264BE7002409
S3150800E3E85DE700BF9A240020F8B5074601200D46C8
S3150800E3F8164623F060FC0446C0B106220C211DF01F
S3150800E4083AFD691EC9B2032988BF0022A37998BFB5
S3150800E418074A03F10C0398BF525C234420469F80A1
S3150800E428DE70DA719A71FFF7C5FD0120F8BD00BFE5
S3150800E438886C0308F8B5FFF7F7FD83791844B0F830
S3150800E4480F60B0B2FEF7EAFB0446C0B11DF094FAB5
S3150800E4580138C0B2032814D800270B4B1C5CFFF7F9
S3150800E468E9FD054604233A4642F230011DF0F0FC60
S3150800E478AB790C33E818C68004724472F8BD0227D3
S3150800E488EDE700242746EAE7886C03080B4610B52B
S3150800E4980649074C0622002808BF2146184622F0D6
S3150800E4A883FFB0FA80F0400910BD00BF9C24002005
S3150800E4B8A2240020024B1A6802609B888380704752
S3150800E4C8A224002013B50D4C28B10368236083885D
S3150800E4D8A38002B010BD1FF0E4F9CDE900019DF84C
S3150800E4E80230BDF80020A370BDF805302280A4F8D4
S3150800E4F803309DF807306371EBE700BFA2240020BC
S3150800E50810B5044626F002FD2268064B1A60A28852
S3150800E5189A80054A137843F00103137026F0E8FC3D
S3150800E528012010BD9C2400209B240020024B18784B
S3150800E538003818BF012070479B240020024B1A6830
S3150800E54802609B88838070479C240020024B1869C8
S3150800E55808B108F06BB87047100B0020002310B5F7
S3150800E5683C4A02F1100151E8001F02F1100C4CE870
S3150800E5780034002CF5D140EA0104A10201D501F0C6
S3150800E588C1FE220101D503F0B1FC002C01DAFFF720
S3150800E59857FD630001D501F071FCA00001D5FFF70E
S3150800E5A8A3FBE10007D5FDF75DFF20B94FF08051C1
S3150800E5B829481EF075F9620107D51DF0B1FA20B988
S3150800E5C84FF0806124481EF06BF9A30105D51FF0AA
S3150800E5D8C7F9FFF75BFB1CF008FBE00108D51CF040
S3150800E5E880FE072804D14FF080711B481EF058F9A1
S3150800E5F8610201D51CF0F3FA220201D51CF0CAFA09
S3150800E608E30207D51CF06BFE20B94FF480111248B7
S3150800E6181EF046F9A00507D500F03AF920B94FF4D7
S3150800E62800710D481EF03CF9E10507D5FFF796FA83
S3150800E63820B94FF4807108481EF032F9620503D5EF
S3150800E6481DF004FC1DF003FC230501D51EF030F966
S3150800E65810BD00BF100B0020200B00200146014802
S3150800E6681EF01EB9100B0020014B1B681840704796
S3150800E678100B002010B5044BD3E9064204430A439D
S3150800E688C3E9064210BD00BF100B002070B51E4D29
S3150800E69804462B68002B03DAFFF7BAFC002031E0A2
S3150800E6A84CF20C000021FFF7E5FF0023174E3360F4
S3150800E6B824B163682B60A36803B133604FF0004048
S3150800E6C8FFF7CCFF33680BB9114B3360114B12486F
S3150800E6D8AB6000232B730FF0F3FEFFF793FB20467E
S3150800E6E802F0F0FE70B92CB1B4F90E10B4F90C00AA
S3150800E6F802F022FF1FF03FF903F036FF01F03AF85F
S3150800E7080028C9D070BD00BF100B0020941800203F
S3150800E7181D2B002055E50008140B0020014BD3E9F2
S3150800E72806017047100B0020054B9B69DA054CBF9C
S3150800E738032001201B0548BF40F00400704700BFAE
S3150800E748100B0020F8B517461C460D46064603F07A
S3150800E758D1FA1C4BBA7A1C4953F8222053F82030B0
S3150800E7688C421A4424D9194B9C4214D9184B013C9B
S3150800E77893FBF2F3002BB8BF03339A1004EBA304F8
S3150800E788B4FBF2F371682A68A1EB930102EB430222
S3150800E79871602A60F8BD0F4B0F49A3FB04435B0958
S3150800E7A802FB03F303F6C313A1FB0313DB0AE9E72A
S3150800E7B802FB04F3094A03F574338F33A2FB0323D8
S3150800E7C81B0CDFE7D86C03084C6210001366660654
S3150800E7D840420F001F85EB515917B7D183DE1B43FB
S3150800E7E8024B1A6802601860704700BF9C18002020
S3150800E7F80022024B1A6000F053BA00BF9C1800208A
S3150800E8082DE9F84306461CF0D0FD0446002835D005
S3150800E81845784DB926F07AFB237863701B4B1B683D
S3150800E8282570636026F064FB4FF00108677837B9EE
S3150800E83823781BB34FF4007007F0F8FE1EE097FA2A
S3150800E848A7F5B5FA85F508FA05F55FFA85F963684F
S3150800E85833B90E4B27EA050565701B686360E5E75B
S3150800E8689B681BB963681B686360F0E749463046CE
S3150800E8789847012805D163681B6863600120BDE8CD
S3150800E888F8830228EED10020F9E700BF9C1800207B
S3150800E89870B500250D4EFEF75BFCA84201D801208D
S3150800E8A812E03068FEF7BAF950B93468FEF750FC3A
S3150800E8B80134B4FBF0F303FB104401353460EAE78E
S3150800E8C8FFF79EFF0028F0D170BD00BF98180020FA
S3150800E8D810B50446837903441B7B3A2B96BF044A32
S3150800E8E8FF21D15C22F0F3FFA0790C30204410BD3B
S3150800E8F88C6C0308F8B5174606460C461D461CF0E8
S3150800E9084CFD020713D5022130461DF01FF970B1D8
S3150800E918112120461EF0F3F82046FFF7D9FF457067
S3150800E928877021463046BDE8F840FEF785BE29209F
S3150800E9380B49C5F12002A5F12003E94000FA02F2C5
S3150800E94820FA03F311431943CB07E1D40D212046D6
S3150800E9581EF0D5F82046FFF7BBFF4770E1E700BF72
S3150800E968000040842DE9F34105460C4601911CF048
S3150800E9780CFD830605D501A822F0D9FF02B0BDE82B
S3150800E988F081019FBE790C36BB5D3A2B18D8164A1A
S3150800E99812F80380B8F1FF0F12D0384623F04CF866
S3150800E9A8013840450CD1114B1E6896B921462846B0
S3150800E9B8A37923441A7B02B0BDE8F0411EF0B3B828
S3150800E9C8019822F0B4FF2846BA5D01991EF0ABF803
S3150800E9D8D4E773680BB93668E7E7214628469847A7
S3150800E9E80028F8D0CAE700BF8C6C03089C180020DA
S3150800E9F837B504460D4620211CF0C9FC2946204691
S3150800EA081CF017FD214601201EF034F92146002086
S3150800EA181EF030F9012000232146034A00901EF013
S3150800EA28BAF803B030BD00BF5BCA020837B504465A
S3150800EA381EF09EFA032120461CF0FEFC002503461C
S3150800EA4821460120034A00951EF0A5F8284603B07A
S3150800EA5830BD00BF53CE02082DE9F34104460D46E2
S3150800EA68014601201CF088FC0121074628461EF0AD
S3150800EA7846F82846FFF72CFF064600F101084046E7
S3150800EA8803F0AEFDD6F801300221C7F812307379C3
S3150800EA982046BB751CF0D0FC29460746F080204660
S3150800EAA81EF02BF820232146009301203B46034AF3
S3150800EAB81EF071F8002002B0BDE8F08139CF0208CF
S3150800EAC87FB504460D46014601201CF055FC50E862
S3150800EAD8003F43F4806340E80036002EF7D120460D
S3150800EAE81EF03AFAD8B320461CF057FC430715D54A
S3150800EAF83346324620460DF10F011CF024FF9DF8D7
S3150800EB080F30062B0AD828460FF09EFC0122002350
S3150800EB182046FEF773FD002004B070BD0E21284676
S3150800EB281DF0EDFF2846FFF7D3FE0646FFF7F6FD6C
S3150800EB38C6F80510FFF7F2FD2946C6F80100204673
S3150800EB481DF0DBFF032120461CF076FC0022034655
S3150800EB58009221460120034A1EF01DF8DBE708212A
S3150800EB68DDE700BF57CE0208F7B50D460446174637
S3150800EB781EF0F2F980F001002146C0B21CF0FCFB39
S3150800EB88C668012DB37907D03A462946204603B008
S3150800EB98BDE8F0401EF00BBA0C3320461E44FEF7BB
S3150800EBA851F8718980B21CF014F81022738921462D
S3150800EBB800920020024A1DF0EEFF284603B0F0BD79
S3150800EBC8B7CF02082DE9F74F074688461CF0E5FB3C
S3150800EBD810F480165DD1022023F06DF8054600284A
S3150800EBE859D098F8063031460C334344B3F80490A4
S3150800EBF8B3F806B0B3F808A01DF081FF2846FFF75A
S3150800EC0867FE0221044638461CF016FCA4F8049050
S3150800EC186081A4F806B0A4F808A01EF0F6FD09F16C
S3150800EC280109B0FBF9F303FB19000223608063703E
S3150800EC38AB7988F80630EA7903F10C0088F80720DA
S3150800EC48D21AD2B22918404422F0E3FB39460120E9
S3150800EC581CF092FBC0F80C803846FDF7F3FF618973
S3150800EC6880B201391BF0B5FF1022638939460120A5
S3150800EC7800920A4A1DF08FFF4FF4803138461CF07F
S3150800EC888EFB384629461DF038FF304603B0BDE8E6
S3150800EC98F08F2320FAE70720F8E700BFB7CF020866
S3150800ECA810B5054C054A204605491EF0BFF820460A
S3150800ECB8BDE81040FFF794BDA018002043D002080D
S3150800ECC835EE0008F7B58B7904460C33CE18CB5CBD
S3150800ECD80D46023B0F2B00F2A080DFE803F0089EE2
S3150800ECE89E9E9E739E829E9E2C689E9E9E4F26F092
S3150800ECF80DF97178074620461CF09BFB2021204613
S3150800ED081CF045FB214601201DF0B4FF21460020D2
S3150800ED181DF0B0FF01230093002321461846404AF8
S3150800ED281DF039FF28460FF08FFB384626F0E0F825
S3150800ED38012003B0F0BDB388728871781CF0E9FD2C
S3150800ED4820461CF02AFB830708D4294620461EF0CD
S3150800ED580FF9012120461DF0BAFEE9E721460120F0
S3150800ED681CF00AFB2F4B82689A4203D121460120E0
S3150800ED781DF050FF28460FF067FBEAE77778084644
S3150800ED88B6780FF061FB162F05D1324603212046C7
S3150800ED981EF044FBCCE7214601201CF0EDFA8368F7
S3150800EDA8002BC5D03246032120469847C0E70146BE
S3150800EDB801201CF0E1FA0746284676780FF044FB4E
S3150800EDC8BB68EDE7014601201CF0D6FA0746284637
S3150800EDD876780FF039FBBB68002BA9D03246042198
S3150800EDE8E2E7014601201CF0C7FA0F4B82689A42EF
S3150800EDF803D028460FF028FB9AE7D6F80120D6F85C
S3150800EE0805302046FEF7FAFB28460FF01DFB21467B
S3150800EE1801201DF0FFFE02219CE7002089E700BFBC
S3150800EE286DCF020853CE020857CE02082DE9F341E2
S3150800EE380D4604461EF090F8AB7900287DD00C33B1
S3150800EE4815F80380EE18B8F1010F53D0B8F1080F7A
S3150800EE584BD0B8F1000F63D1204671891DF089FEA1
S3150800EE68B38872889A4294BF07460027092B38BF89
S3150800EE7809237278013B9BB29A421BD8002A08BF1D
S3150800EE8800272046FDF7DEFE1FFA80F840461BF0ED
S3150800EE988FFE88B14388B18800930846F38832897B
S3150800EEA81DF0ADFD50B928460FF0CEFA012002B084
S3150800EEB8BDE8F0814746E4E70123ECE7002FF2D0E6
S3150800EEC8214600201CF058FAC56071894046013968
S3150800EED81BF07FFE102273890092013B1B4A9BB2E6
S3150800EEE8214600201DF057FEE0E7294620461DF07A
S3150800EEF8D1FFDBE72046F1881DF03BFE0746701C6C
S3150800EF081EF047FD0028CED0002FCCD02146002081
S3150800EF181CF032FA2023C5600093F3880C4ADFE711
S3150800EF28294620461EF067FB0028BFD129462046F9
S3150800EF3802B0BDE8F041FFF7C5BE2B441B7B0E2B7C
S3150800EF48D3D0294620461EF045FBEDE771EB0008AD
S3150800EF58F1CE020838B504460D461CF01EFA4207DB
S3150800EF680BD420461CF019FA830706D429462046EE
S3150800EF78BDE83840034A1DF0EEBE28460FF064FA8D
S3150800EF88002038BD35EA000838B504460D461CF099
S3150800EF98FCF900F0180010280CD120461CF0FDF9E1
S3150800EFA810F4C02F06D129462046BDE83840044A41
S3150800EFB81DF0D1BE28460FF047FA0C2038BD00BF11
S3150800EFC8CDEB0008014A1DF0C6BE00BF61EA00087D
S3150800EFD870B505460C46014601201CF0CDF90646D3
S3150800EFE828461CF0DAF9020704D520460FF02CFA51
S3150800EFF8002070BD33685B05F7D428461DF0ACFFC2
S3150800F00840B121462846FFF7A5FF18B922F053FE56
S3150800F018044630B121462846BDE87040024A1DF02C
S3150800F0289ABE0720E5E700BFC9EA000873B5044693
S3150800F0380E461CF0AAF900F0300010284FF002001E
S3150800F04831D122F038FE054678B34379022143F0D8
S3150800F058020343711DF053FD2846FFF739FC29467C
S3150800F068467020461DF049FD162120461CF0E1F998
S3150800F078202120461CF08BF9214601201DF0FAFDB7
S3150800F088214600201DF0F6FD20461DF099FE0121B7
S3150800F09820461CF0D1F90346012021460090044A6F
S3150800F0A81DF079FD002002B070BD0720FBE700BF00
S3150800F0B881CE02082DE9F04387B004460E461CF0B7
S3150800F0C86CF900F4C060B0F5C06F06D1022022F0D2
S3150800F0D8F2FD054610B9072054E00025214601200F
S3150800F0E81CF04AF9814696F8068000F1120208F1E2
S3150800F0F80C08B04408F10F0308F11F0153F8040B74
S3150800F1088B4242F8040BF9D1032130461DF0F7FC6F
S3150800F1183046FFF7DDFB0A22074608F105010130EC
S3150800F12822F052F90C210DEB010000F037FB03AB76
S3150800F13803CBC7F80B00C7F80F10059B07F10B029E
S3150800F148C7F813300DB30A2128461DF0D8FC2846FF
S3150800F158FFF7BEFB294620461DF0CFFC4FF4807109
S3150800F1682046C9F80C601CF012F9032120461CF049
S3150800F17863F900250346214601200C4A00951DF02F
S3150800F1880AFD284607B0BDE8F083204607F11303B1
S3150800F19801211CF076FD204631461DF0AEFC2046BE
S3150800F1A8C9F80C501CF089FDDFE700BF85D00208B6
S3150800F1B8F0B589B00D4604461DF05AFFAB7900280C
S3150800F1C800F0A3800C33EA18EB5C033B082B00F22B
S3150800F1D83881DFE813F00900360136018400360164
S3150800F1E8360136015D007E00D2F80100D2F8051016
S3150800F1F803ABB2F8097003C302F1130301210B32FA
S3150800F20820461CF03EFD042128461DF078FC2846B9
S3150800F218FFF75EFB06460C2105A800F0BFFA05AB0A
S3150800F22803CB3346C6F80100C6F80510079A00212D
S3150800F23843F8092F2046721C1CF023FD214600209E
S3150800F2481CF09AF8034603AA478303CAC3F81200B0
S3150800F258C3F8161020460821FDF70AFD4FF4007179
S3150800F26820461CF094F820461CF027FD294620461F
S3150800F2781DF043FC032120461CF0DEF80346002057
S3150800F2882146714A00901DF086FC012009B0F0BDA0
S3150800F2980B2128461DF033FC2846FFF719FB29469B
S3150800F2A820461DF02AFC25F031FE05464FF440712C
S3150800F2B820461CF06CF84FF4805120461CF06FF875
S3150800F2C8284625F015FE4FF4806120461CF06AF89A
S3150800F2D8DBE728460FF0B8F84FF40071F5E7062182
S3150800F2E828461DF00CFC2846FFF7F2FA20461CF0C3
S3150800F2F83BFB294620461DF000FC20461CF003FD72
S3150800F308214600201DF086FCBFE72B441B7B043BE7
S3150800F318072BBBD801A252F823F000BF45F3000813
S3150800F3286BF30008CDF3000895F2000895F200087B
S3150800F33895F2000895F20008E3F3000820464FF412
S3150800F34800711CF024F8AA7920460C322A4402F1E6
S3150800F3580903002101321CF094FC28460FF074F8C2
S3150800F36893E74FF48060FFF77FF9B0B100274FF4B1
S3150800F378006120461CF00BF82046CDE90577FDF715
S3150800F38861FC064620461BF0FEFF394603460095F3
S3150800F39805AAB0B21DF0C0F977E7214601201BF08F
S3150800F3A8EBFF00F1120120461CF0C2FC0621284694
S3150800F3B81DF0A5FB2846FFF78BFA294620461DF0BF
S3150800F3C89CFB62E728460FF03FF8214601201DF00E
S3150800F3D851FC20461CF097FC57E725F097FD064692
S3150800F3E84FF4007120461BF0D2FF4FF48051204697
S3150800F3F81BF0D5FF304625F07BFD4FF4C06120464B
S3150800F4081BF0D0FF294620461DF077FB2146012030
S3150800F4181BF0B2FFC268054682B1937901210C3305
S3150800F4281A4402F1130320460B321CF02AFC204624
S3150800F4381CF043FC2046E9681DF05FFB0023EB60DF
S3150800F44823E7002022E700BF85D0020810B5074C3D
S3150800F4580749204600221DF0E9FC2046FFF7C0F9B7
S3150800F468BDE8104001200021FFF704B9AC180020B8
S3150800F478B9F1000838B505460C461BF086FF00F0BA
S3150800F4881800102806D121462846BDE83840044AFF
S3150800F4981DF061BC20460EF0D7FF0C2038BD00BF12
S3150800F4A8BDF0000838B50C468B7905460C33194467
S3150800F4B8E35C142B03D0152B0FD0002038BD01317F
S3150800F4C81DF0AEFE1521284622461DF0F1FE2146FE
S3150800F4D828461DF012FB0120F0E7014601201BF023
S3150800F4E84BFF0B4B82689A4203D020460EF0ACFFBE
S3150800F4F8F1E7A179284621440D311DF091FE2046F1
S3150800F5080EF0A2FF294601201DF084FBE3E700BFA1
S3150800F5180DD3020837B504460D460A4614211DF0D0
S3150800F528C7FE294620461DF0E8FA032120461BF0A7
S3150800F53883FF30220346009221460120024A1DF025
S3150800F5482AFB002003B030BD0DD3020810B5074CBE
S3150800F55807492046074A1DF069FC2046FFF740F987
S3150800F568BDE8104020200021FFF784B8B81800200D
S3150800F578ADF4000811D3020873B51E46ADF800208D
S3150800F5888DF80230009B044601A801930D461146E2
S3150800F5981DF030FE9DF80630B34203D1BDF804309D
S3150800F5A88B4205D028460EF04FFF122002B070BDD8
S3150800F5B820461CF05DF89DF80230827A9A4209D1F5
S3150800F5C88288BDF800309A4204D128460EF03CFFDE
S3150800F5D80020EBE7694620461CF029FB2946204609
S3150800F5E8014A1DF0B8FBE1E71DF500082DE9F041D1
S3150800F5F816461A4307460C461D46BDF8188005D117
S3150800F6082046BDE8F04111461DF0D1BE41462046C8
S3150800F6181DF09BFA78B1214638461BF0ADFE40230B
S3150800F6288674C5742146069338464346BDE8F041B4
S3150800F638024A1DF0B0BABDE8F08100BF6FD40208CF
S3150800F648F7B505460E46014601201BF095FE0368E8
S3150800F65813F0F00F03D0294601201DF00BFB2846AE
S3150800F6681CF087F9B3790C3333445F789B781F40CD
S3150800F6780378C3F3030000EA131038401DF071FE3F
S3150800F688044668B928461DF075FE38401DF069FE1F
S3150800F698044628B928461CF06FF901F043FF0446CA
S3150800F6A8284600211BF0E6FF172130461DF027FAE9
S3150800F6B83046FFF70DF931464470847028461DF028
S3150800F6C81CFA032128461BF0B7FE4022034600927F
S3150800F6D829460020024A1DF05EFA03B0F0BD00BFB5
S3150800F6E825D402082DE9FF4107460E461446DFF8D9
S3150800F6F838804346694638460A4A02F011FD00280A
S3150800F708F7D0102C254628BF102530462A466946C4
S3150800F71821F07FFE641B2F442E44EAD104B0BDE8CD
S3150800F728F08100BFB8240020A824002030B589B08D
S3150800F73820226946FFF7D6FF6A460C4D04AB1446E5
S3150800F74803CC9C4228606960224605F10805F6D173
S3150800F758074C08AD1A4603CAAA42206061601346D8
S3150800F76804F10804F6D109B030BD00BFA82400206A
S3150800F778B824002010B588B0694620200EF0FAFF94
S3150800F788044630B96846FFF7D1FF0122024B83F8D1
S3150800F7982020204608B010BDA824002070B5134BB9
S3150800F7A8054693F820300C468CB00BB9FFF7E2FFF4
S3150800F7B80023CDE90033CDE9023354B91C2221468A
S3150800F7C805A8049421F01AFE04A8FFF7AFFF0CB0A9
S3150800F7D870BD102C264628BF10262946324668468C
S3150800F7E8FFF780FF3544A41BE7E700BFA8240020DD
S3150800F7F808B581B207481CF016FB012000F00EFD7B
S3150800F80830B9054A536919075CBF43F004035361C5
S3150800F81808BD00BFCC180020C41800200123834067
S3150800F828DB43064901F1240252E8002F1A4001F188
S3150800F838240C4CE800200028F4D17047C41800208E
S3150800F8480123074A03FA00F002F1240353E8003FAC
S3150800F858034302F1240C4CE800310029F4D170471F
S3150800F868C4180020044A4FF08040536A43F4002322
S3150800F878536206F0DBBE00BFC418002038B54FF047
S3150800F88810131D4C0122E3624FF4E063238647F602
S3150800F898FF730025A4F8603094F86730656262F350
S3150800F8A8030384F86730154A154BC4E91632FEF780
S3150800F8B83BFF4FF48073A4F84830124B84F856007F
S3150800F8C8E361114B65611A6829461378527804F181
S3150800F8D8080013445B106376A4F8BC50A4F8B45027
S3150800F8E81CF0A1FA294604F194001CF09CFABDE81C
S3150800F8F838401EF090B800BFC4180020555555006A
S3150800F908D6BE898E09D70208941800202DE9F8432F
S3150800F918224C9946636A0F46DB0715469DF824600C
S3150800F9289DF8288038D480B30120FFF789FF636AD9
S3150800F9389DF8202023F4C07343EAC213052E636298
S3150800F94884F8546007D101F053FF50B96D00ADB281
S3150800F958BD4228BF3D4694F854001DF0C7FE00F086
S3150800F9680F0694F86730A78566F3030384F86730AB
S3150800F978E585636A84F83090B8F1000F09D043F436
S3150800F988801301206362BDE8F8830120FFF746FF6C
S3150800F998CDE723F48013F4E70020F4E7C418002021
S3150800F9A8024B586AC0F38000704700BFC41800208D
S3150800F9B810B51D4CFFF7F4FF636A13F0010313D162
S3150800F9C8A8B994F8663094F83110253BDBB20133B0
S3150800F9D8DBB2032B28BF002341FA03F2D207F6D578
S3150800F9E8253384F8663018E094F8543010B194F842
S3150800F9F85520134303F00503052BE2D101F0F8FE61
S3150800FA080028DED194F8673003F00F02012A05D1E1
S3150800FA18032262F3030384F8673010BD012262F3F8
S3150800FA28030384F86730CCE7C4180020024B586AE9
S3150800FA3800F00100704700BFC4180020F8B52C4C28
S3150800FA4818B1636943F0100363611DF01AFF40F2A9
S3150800FA587121E28DE66C151F4D43AE42236DA78DC5
S3150800FA6818D2A3F5967301FB0733E768181A238992
S3150800FA783B4483420EDA51436369891B43F01003FA
S3150800FA8863618142D4BF216120611948BDE8F84005
S3150800FA9800F0CEBB40F271277A43A2F5E1722261E3
S3150800FAA8FFF786FF236DA28DAE4207FB023363601C
S3150800FAB823654FF00003E3640E4B0CD31A68616A9A
S3150800FAC8137B4907617E4CBF927912780B4493429F
S3150800FAD80CDC6376D9E7626A1B685207197B4CBF48
S3150800FAE8DA795A78637E5B1A9342F2DA6276CCE759
S3150800FAF8C41800209418002038B505460D4C80B166
S3150800FB080320FFF78BFE002384F845300123A4F869
S3150800FB1846300420FFF782FEBDE838401020FFF77C
S3150800FB287DBE0520FFF77AFE012384F8B650A4F8AF
S3150800FB38B830EEE7C4180020274B70B55A6A0D4648
S3150800FB4809B3160747D503F1450603F1460428B352
S3150800FB58D1061FD52388012B1CD95B0804202380CE
S3150800FB68FFF75CFE1020FFF759FE1DF04EFE2388AE
S3150800FB78B0FBF3F202FB1300307055B30320BDE85F
S3150800FB887040FFF74BBE940625D503F1B60603F178
S3150800FB98B804DCE70420FFF753FEE3E7D20314D5DD
S3150800FBA8B3F84610B3F8482091420ED2228810209E
S3150800FBB8520092B22280B3F84830934228BF1346BF
S3150800FBC82380FFF72BFE0420CDE71020FFF738FE29
S3150800FBD8F9E70520D3E770BDC418002070B58AB0C8
S3150800FBE805466B46484AAC7910685168127A03C3C9
S3150800FBF80C3408201A702C44FEF736FD20B1012271
S3150800FC082846A11D21F06FFE0021A379CDF8211001
S3150800FC188DF80F30A37AADF8251003F00F0303F11A
S3150800FC2828026A4412F8282C8DF82010ADF81020FE
S3150800FC38062B08D8DFE803F0044F07075F074B00D1
S3150800FC480D20FFF7FDFDA37A0DF11301C3F3801309
S3150800FC588DF81230E3680DF11200CDF81330238AB7
S3150800FC6809AEADF8173000231A461AF0C7FFE3792C
S3150800FC781C218DF819304FF47F43ADF81A307F23CD
S3150800FC888DF81C30637928468DF81D300023ADF8A9
S3150800FC981E30AB7903AC1233AB7121F088FEAB7911
S3150800FCA82B440C33224603CAB242186059601446DC
S3150800FCB803F10803F6D1106829461860134821F09D
S3150800FCC81DFF4FF0804006F0B1FC0AB070BD0D204C
S3150800FCD8FFF7A4FDB7E7D4F81230CDF82130E38A48
S3150800FCE8ADF82530EB79063BEB71A37AC3F3C0135D
S3150800FCF88DF82030A7E7064B5B6A9B0444BF42F0A1
S3150800FD080102ADF810209EE7C76C0308E418002026
S3150800FD18C418002070B583790C33C4182379DA0718
S3150800FD2802D44FF0FF3070BDA37AE27A03F00F05CC
S3150800FD38082DF6D8062D01D92846F4E7911F1F295C
S3150800FD48EFD8012D1FD10C2AEBD1244E736A13F074
S3150800FD58060F01D1DB05EFD41AF05DFF20B91AF0BA
S3150800FD6851FF0028E8D1DCE7A37A96F83020C3F3D8
S3150800FD78C010B2EBD31FD4D104F1120100F0010070
S3150800FD88FEF784FBEDE7042DD6D11449144A486AD0
S3150800FD980240002AC5D0C96B0029CDD08A79C3F399
S3150800FDA880130C3288188A5CB3EBD21F08D01AF075
S3150800FDB832FF0028C0D11AF01CFF0028BCDBB0E7C8
S3150800FDC804F10C010622083021F0EEFA04461AF06E
S3150800FDD822FF0028B0D1002CAED0ECE7C4180020CA
S3150800FDE808000400F0B5244C87B0606B00B3A76B15
S3150800FDF8BE79FCF727FF0223FF210C36BA5DCDE949
S3150800FE080431BD1995F8233000215B090393AB8BA0
S3150800FE18D20902936B8B80B201932B8B009305F161
S3150800FE2808031CF08FFB606BFDF7F4F90023636386
S3150800FE38A06B0EF009FB0023A363636A23F0040290
S3150800FE48DB0762620CD594F85450052D0AD101F0E7
S3150800FE58CFFC38B194F8673065F3030384F8673044
S3150800FE6807B0F0BD94F854001DF040FC94F86730CC
S3150800FE7860F30303F2E700BFC418002013B5154C56
S3150800FE8825F044F8236A01930023236225F030F805
S3150800FE98019BA3B9636A1A0406D51CF04AF8A0B1EF
S3150800FEA8636A23F400436362636A1B0305D5FFF795
S3150800FEB899FF636A23F40023636202B010BD01A8A0
S3150800FEC821F053FD1CF0A0F8E2E74FF0804006F059
S3150800FED8ADFBE9E7C418002038B50E4D044600F016
S3150800FEE879FFE86B18B10EF0AFFA0023EB631BF045
S3150800FEF8AAFF0948FDF7FCFFAB6B0BB1FFF7B2FC8D
S3150800FF082146044800F0E2F9BDE83840034821F0E4
S3150800FF180EBD00BFC4180020CC180020E418002025
S3150800FF28034B586A10F0050001D1FFF7D5BF704793
S3150800FF38C418002070B53B4C1646636A03F00102E4
S3150800FF4870B95AB124F0E2FF636A054623F0010343
S3150800FF586362FFF7E5FF284624F0CAFF002070BD54
S3150800FF68002AFBD19B0704D5E36BBBB10120FFF739
S3150800FF78C3FD94F8303003F0FD03012B16D024F0A6
S3150800FF88C5FF0546C6B10E20FFF75AFC1DF079FCD9
S3150800FF9842F2107303FB0600A06210E0022021F06B
S3150800FFA88AFEE0630028E1D10720D8E7FEF7BEFA03
S3150800FFB80028E4D11220D2E70E20FFF72FFC0020F4
S3150800FFC8FFF73EFC636A13F00403C4D140F27122BA
S3150800FFD8E364E38DE260023B534323611DF015FC9D
S3150800FFE80323B0FBF3F303EB4303C31A253384F85F
S3150800FFF86630FFF7DDFC1DF044FC60602065B4F848
S31508010008BC00002808BFF520FFF7F2FB064B054898
S315080100181A681378527813445B10637600F008F966
S3150801002899E700BFC41800209418002038B51A4C5F
S315080100380546636923F01003636100F0CBFEB4F843
S31508010048BC302BB9A36813F4601F08BFA4F8BC30E9
S315080100580121114800F03AF9104BE361636A5A0421
S3150801006805D485F00100BDE83840FFF7E7BCA26A68
S315080100786168521A002AF4DA23F0010343F40043AB
S315080100886362FFF74DFF4FF0804006F0CFFAFFF79E
S3150801009887FC0028E5D138BDC418002009D702080D
S315080100A808B5FFF77DFCB0B10B4B586A20F004027E
S315080100B810F001005A6203D1BDE80840FFF70CBFEA
S315080100C800F088FE1BF0BFFEFFF7CCFBBDE8084031
S315080100D80020FFF7ABBF08BDC41800202DE9F04F73
S315080100E84FF0000B304C89B0A66B636BB779C4E93E
S315080100F80DBB0C37F51901936B6A904682468946FA
S31508010108039301F0BFFEF35D05F108073946C3F30A
S31508010118C01306A88DF818301AF085FDFF238DF847
S315080101281930636A01A8C3F380230E358DF81A308E
S31508010138CDE904578DF808B08DF81BA08DF81C90E9
S315080101488DF81D80FDF716F930460EF07DF9636ABC
S3150801015823F02402DB07626205D40120FFF7BCFEFF
S3150801016809B0BDE8F08F114B94F854501A68052D5B
S315080101781378527813444FEA630363760FD094F8D9
S3150801018854001DF0B3FA00F00F0594F86730012002
S3150801019865F3030384F86730FFF748FFE0E701F0E2
S315080101A827FB0028EBD0F0E7C41800209418002094
S315080101B810B5074C2368DA0607D523F01003236020
S315080101C818B90120A1681AF0D9FC0023A36010BD4B
S315080101D884190020014610B5044602201AF0CEFCFF
S315080101E8054B1B68D90305D463691A075CBF43F035
S315080101F80403636110BD00BF84190020014BD86848
S31508010208DC38704784190020034B10B5DC681DF0EB
S3150801021838FBDC3C201A10BD84190020034B1B68E7
S3150801022813EA004314BF01200020704784190020EF
S3150801023838B5002303604369044658070DD5204697
S3150801024850F8081FC90C01F4FC7141F00501FDF7C6
S31508010258FDFD636923F0040363616369D90602D561
S315080102681DF00FFB60601848024652F8043F8BB927
S315080102782360146083684BB1617E5A7E914219D214
S315080102886269D2060ED50020FFF792FFBDE838400D
S315080102981CF02BBB59686568491B0029E8DA1A4618
S315080102A81B68E4E75A681B69134462689B1A002BA2
S315080102B8ECDBE8E71A895B68D31A62681344E268D3
S315080102C8D342E3D5DFE700BF8419002038B50446D1
S315080102D80A4D0846AB68A34201D1FFF769FF6B6867
S315080102E8074A1BB1A342196804D11160BDE8384011
S315080102F81CF0FBBA1A460B46F3E700BF841900201F
S31508010308881900202DE9F047754D2B685B0700F120
S31508010318AF80AB68002B40F0AB8055E8003F43F04F
S31508010328040345E80032002AF7D16C689CB11DF030
S31508010338A8FAD4E9043717F0100F0646A26819D0A7
S3150801034810FA82F262602068D4F8048038BBDC337C
S315080103584344C5E9024355E8003F23F0040345E849
S315080103680037002FF7D1AC68002C74D1BDE8F047E7
S3150801037801F0D8BB606892B2811AFF07A1EB0601A2
S3150801038809D40029DFDAE768DF1BCF4205D43244EE
S315080103981844831AD6E70029D5DA20464FE0416979
S315080103A80289CF06D0F804E048BF06EB020EAEEB89
S315080103B8020211F0010C11BF1146D0E90371C91BDC
S315080103C8891808EB03077F1A002F28DDBB4205D9D0
S315080103D8E768A1EB0801DC378F423AD9D4F814A0AB
S315080103E81AF0010F1DD12169D0F80C9027894144CB
S315080103F8A1EB0901C91BE768A1EB0E01DC37B94274
S315080104080FDD971BBCF1000F03D10169A1EB0901A7
S315080104180F44002F05DB4B46C0F804E00446006884
S3150801042892E7477E617E8F42F9D2921BBCF1000F93
S3150801043803D1D0E903135B1A1A44002A02DAFFF733
S31508010448C9FE72E71AF0100FA7D0C368C0F804E00E
S31508010458E4E70B46E3E7A36813F4601FC3F3C24056
S3150801046808D121462B6843F010032B601AF086FB46
S31508010478BDE8F08704F108063046FDF7F5FC2B6858
S31508010488214643F010032B60F8B91AF077FBA368E5
S3150801049813F4601F4FEAD341C3F3C24517D0013D90
S315080104A8EDB201F4FC7130462943FDF7CFFC03216F
S315080104B83046FDF737FD75B1A268237E1344120C41
S315080104C89BB212041343A360D2E73846CEE7032149
S315080104D83046FDF727FD3046FDF70AFDECE700BF74
S315080104E88419002008B5034B996809B11AF046FB27
S315080104F808BD00BF84190020014B9868704700BFE2
S31508010508841900200A4B70B59C6884420FD121468C
S3150801051801201AF033FB666825891DF0B2F9AD1B6F
S31508010528C54221464CBF002002201AF027FB70BDA0
S3150801053884190020054B1B681B6A13F0100003D0A9
S3150801054813F0030018BF0120704700BF9419002053
S315080105582DE9F34100264FF0FF31044601A801961B
S3150801056801F068F9019949B12046FCF785FA03288B
S3150801057806D005282FD001A821F0D9F9012023E0B2
S315080105881B4D1C4801F0ECFC2B683046597E01F0DE
S315080105989DFB2F68184E786BD6F8088021F04CFA1F
S315080105A84146024638461AF0F6FD2B68B0685B6B79
S315080105B8036001F03DFB2B681B6ADB0407D520465F
S315080105C801991AF0B0FD002002B0BDE8F08101A832
S315080105D821F0ADF9F7E7019801F0E2F9204601990A
S315080105E81AF056FD0028C9D0304601F0B9FCEAE7E9
S315080105F894190020D5070108D017002038B52649CF
S3150801060804460B7D4A7D0133DBB2B3EB921F0B75AA
S3150801061803D3032300200B7538BD016AC9022ED5F9
S31508010628032390F88220243A92FBF3F303EB43035E
S31508010638D21A2532D2B2B4F8481094F8833011F098
S315080106481001B4F9620084F8822003F00F031CD163
S315080106581DF088F904F17405014628461DF023F9A9
S31508010668284601F0ABFA0022114610461AF088FA14
S3150801067894F8820000211DF074F90120CCE75B008B
S315080106881A4102F003022532D5E702461946002027
S3150801069801F098FEDEE700BFD01700201F4B2DE9B1
S315080106A8F04104461860006B21F0C6F90146204658
S315080106B8FCF772F9B4F84830194E03F01403142BF1
S315080106C80CBF0022226BB36820461A60FFF796FF13
S315080106D8FFF730FF134B051E134808BF184601F0EC
S315080106E83FFC6369676803F010081DF0CAF86D00D6
S315080106F80346627EE8B2B8F1000F03D1FF1AB7F5CF
S315080107089B7F07D5114601F0BFFAB068BDE8F041ED
S3150801071801F08EBA61681DF0BAF8F6E79419002057
S31508010728D0170020C10701081108010870B5054648
S31508010738FFF700FF104B041E104808BF184601F0C2
S315080107480FFC2846FFF75AFF0D4E054660B1336878
S315080107586000597E00F0FE0001F096FABDE8704087
S31508010768084B986801F064BA01F0FAFB2946306823
S31508010778BDE87040FBF750BEC1070108110801081A
S3150801078894190020D0170020034610B5094C052BEB
S3150801079820680AD0062B0CD1002001F0E1FB20685D
S315080107A80121BDE81040FBF737BEBDE81040FFF749
S315080107B8BDBF10BD94190020032803D1024B186840
S315080107C8FFF7B4BFFFF7E0BF941900200C4B0328C5
S315080107D810B51C680FD1206B21F02EF90146204669
S315080107E8FCF7DAF8074B226B9B682046BDE81040F0
S315080107F81A60FFF79BBFBDE81040FFF7C5BF00BFEA
S3150801080894190020D01700200E4A032810B5146839
S3150801081805D0042809D0BDE81040FFF7B5BF617EA9
S315080108280120BDE8104001F0EDB92046FFF790FE1A
S3150801083830B101F027FB2046BDE81040FFF776BF27
S3150801084810BD00BF9419002038B50D46044600208E
S3150801085801F086FB01F016FB29462046FCF726FA25
S315080108680022014B1A6038BD981900200123074A4E
S3150801087803FA00F002F1140353E8003F034302F1B7
S31508010888140C4CE800310029F4D17047E817002008
S31508010898F8B5244F05467B690C4613F4C07F03D087
S315080108A899063BD401200CE039B15A0705D4D5F885
S315080108B8A43013B90820FFF7D9FF7B699B0601D530
S315080108C80020F8BD7B7FAE6A022B06F0080604D91C
S315080108D816B114B90220F4E7E4B995F8921095F817
S315080108E83701063100F00F0000F0F8FD85B20EB9A0
S315080108F804B16D00FFF788FCA8420DDB7B6913F08C
S315080109081C0FDDD11EB1002CDAD10520D9E7002C40
S31508010918FBD1D5E70320D4E70420D2E7002CCFD0B2
S31508010928C3E700BFE817002038B50446114D4FF450
S3150801093880616B69283043F400736B611CF050FFC2
S31508010948012120461AF02EFD00212046FFF7A0FFB7
S31508010958014620B12046BDE83840FFF775BF6869EA
S31508010968617E80F48070C0F30020BDE8384001F04C
S3150801097849B900BFE817002038B504460B4B18607B
S3150801098800F5947001F01AF92046FCF75BF9C4B230
S3150801099820461AF001F9054620461AF0FFF82946B5
S315080109A8024602201AF0ECF838BD00BF9819002053
S315080109B808B5002001F0D4FA01F064FA0022014BC7
S315080109C81A6008BD9819002010B50446FFF7D4FF28
S315080109D8064801F0C5FA6168226C637E1120BDE8F4
S315080109E8104001EB920201F0EFB900BFED0C0108C6
S315080109F8454B37B51C680023A26A01935005D4F8FC
S31508010A08A03012D504F1A400019320F0AEFFC4F872
S31508010A18A00050B194F846314FF48061013B84F83F
S31508010A28463104F128001CF0DBFED4F8A0500DB9B4
S31508010A38364B9D6894F94631022B0DDCD4F8A8305B
S31508010A4813B1A36AD90502D5D4F8AC3023B14FF44A
S31508010A5880512046FCF70CF9D4F8A410A36A00299A
S31508010A6814BF01210021AA794FEA830302F10C0276
S31508010A7803F00C0343EA0113A95C21F01C0143EABC
S31508010A880103AB540DD1214A02F1140353E8003F7F
S31508010A9823F0080302F1140040E800310029F3D1D4
S31508010AA802E00320FFF7E2FE284601F0C1F82046D6
S31508010AB8FCF7C8F8AB792B445B7B1BB1012180B2E3
S31508010AC81AF081F8019B53B15B7903F00A03082BE5
S31508010AD802D12046FCF7F6FB01A820F028FF6B791E
S31508010AE89A070ED5A36A1B040BD50820FFF7BEFE85
S31508010AF84FF4004104F1280003B0BDE830401CF06A
S31508010B086FBE03B030BD00BF98190020E817002052
S31508010B1800232DE9F04385B00446032103A803936E
S31508010B2800F088FE039D35B9F4212046FFF78CFEAF
S31508010B3805B0BDE8F083AB79694F0C331D442A79B2
S31508010B487B69D6074FD4DD064CBF07200420FFF77B
S31508010B588DFE002601212046FFF79AFE054650B963
S31508010B687869617E80F48070C0F30020400001F046
S31508010B78ADF8FFF73DFF039800F012FFDDF80C808A
S31508010B887A6998F80630510603F10C0308EB03094C
S31508010B9815D458F8033006203B61FFF767FEA36AA8
S31508010BA81A060CD404F1280252E8003F43F08003E0
S31508010BB842E800310029F7D10120FFF757FE4946D7
S31508010BC820461AF0F5FB99F80430DB0740F18480D2
S31508010BD8002E52D11DB129462046FFF735FE03A836
S31508010BE800F0DCFCA4E7012023F010037B61FFF782
S31508010BF83DFEAE7AF0062FD50220FFF737FEA36A27
S31508010C08AA7A83F00203C2F38002C3F340039A4225
S31508010C182FD14FF4006104F128001CF0E1FD50E8DA
S31508010C28002F42F4806240E80023002BF7D1A26A1C
S31508010C3882F00202A2627B77AA7AA36AC2F3C00289
S31508010C4803F001018A4284D183F0010316F00306F1
S31508010C5818BF0126A3627DE707F1140353E8003F8D
S31508010C6823F0040307F1140141E80032002AF3D1FD
S31508010C78C5E77B7F0133DBB2DDE72046FBF7E2FFF9
S31508010C88C0B219F089FF06462046FBF7DBFFCDF807
S31508010C980480A38F82B2009331460023022019F0FB
S31508010CA877FF4FF0FF3103A800F0C4FD039B9A793B
S31508010CB81344DB7D002B8DD02046FBF7C3FF0121AA
S31508010CC880B219F080FF20460399FCF725FB002D11
S31508010CD83FF42EAF294628E7002E3FF47BAFE0E71D
S31508010CE8E817002008B50346114A042B10680BD0EB
S31508010CF802D8032B18D008BD053B012BFBD8BDE844
S31508010D080840F121FFF7A0BDFFF702FF094A02F1E2
S31508010D18140353E8003F23F0200302F1140040E8C6
S31508010D2800310029F3D1E6E7BDE80840FFF7FCBD25
S31508010D3898190020E8170020164B033810B51C68C7
S31508010D48032818D8DFE800F00702181E2046BDE870
S31508010D581040FFF7DDBE2046FFF7E6FD0E4A02F111
S31508010D68140353E8003F23F0200302F1140040E876
S31508010D7800310029F3D110BDF1212046BDE8104004
S31508010D88FFF762BD4FF4806104F128001CF028FDC5
S31508010D98F221F2E798190020E817002010B5044651
S31508010DA8FFF7EAFD054801F0DBF8FFF721FE627E49
S31508010DB861680220BDE810401CF069BD410D0108B3
S31508010DC8034B5B6A13F0060F0CBFE220F12070474C
S31508010DD8C418002008B5FFF78FFB054B834206D1D7
S31508010DE801F050F8BDE80840002001F0B9B808BD7F
S31508010DF8C418002070B51E4C1E4801F0B1F894F8C5
S31508010E08673094F8662003F00F030021C8201CF008
S31508010E18A9FD014604F158001CF045FD04F15800E6
S31508010E2800F0CCFE00221146104619F0A9FE6668A4
S31508010E381CF027FD0246FFF7C3FFB61AB6F5FA6F87
S31508010E48054609DCFFF7DAF9627EA0F5E17128465D
S31508010E58BDE8704000F07EBF6668FFF7CFF93146F6
S31508010E68637EA0F5E1722846BDE8704000F0ACBF84
S31508010E78C4180020ED12010838B501F003F8FFF788
S31508010E88C3F9B0F5967F0D4C0CDDFFF799FF0546BA
S31508010E98FFF7B4F9627EA0F5E1712846BDE8384046
S31508010EA800F058BF1CF0EDFCE36C62689B1A03441A
S31508010EB8E3640020BDE838401CF02FBCC4180020A4
S31508010EC8F7B5104C064694F845500F462DB1002043
S31508010ED8013D84F8455003B0F0BD0B4B02201B6851
S31508010EE8597800F0F3FE94F830303A46CDE90053C4
S31508010EF831460323E06B1CF041FCE06B00F098FED9
S31508010F080120E8E7C418002094180020094A02F1CC
S31508010F18240353E8003F43F0080302F1240040E89C
S31508010F2800310029F3D1044B01201B68597800F0D8
S31508010F3869BE00BFC4180020941800200289438995
S31508010F4840F271205B004343D0B25B1A4343120A4D
S31508010F58B3FBF2F3024A126811445818704700BFE6
S31508010F68DC1C002030B58C1AE41A002C08DA124C5D
S31508010F78551A64681D44B5FBF4F505FB0444214478
S31508010F88134440F2E242CB1AB3FBF2F39BB242890D
S31508010F982BB940F27124530004FB0311134601329D
S31508010FA8B3FBF2F402FB1432028140F2E2409B1AC7
S31508010FB800FB131030BD00BFDC1C00202DE970436F
S31508010FC8064618469DF8183089461446E3B9C31EDD
S31508010FD8012B8CBF02250325222100F07FFA40F256
S31508010FE87128154B6D005B6808FB05F581446BB1E3
S31508010FF821463046FFF7A2FF4A460146ABB23046BC
S31508011008BDE87043FFF7AEBF0125E5E77389348963
S315080110180133B4FBF3F203FB1244F37934815B0021
S31508011028640008FB03F308FB04F404EB530404EB1C
S3150801103809002844BDE87083DC1C002070B50A4CF9
S31508011048636A5B070DD58B790C33CD1850B9E879E6
S31508011058CE58298900F042FA064426646B7984F841
S31508011068443070BD0120F3E7C41800202DE9F04F7C
S3150801107816468DB0021E069108BF00211F46954BDC
S3150801108805929D6B5B6AAC7938460C342A5DC3F3C5
S31508011098801A61F345122A55314603F04002039234
S315080110A819F0BBFD05EB04080790285D08F1080B44
S315080110B85946C00919F0B1FD039B8146002B44D155
S315080110C8002844D119F0A7FD80F00103DBB2524686
S315080110D83146384603F001031CF0F3FB0490002857
S315080110E800F08A80039B002B33D1B9F1000F75D123
S315080110F8079B002B72D019F07FFD00286ED00122BC
S315080111080AA90DF1270019F08AFD002874D09DF85F
S3150801111827302A5D591E4B424B41B3EBD21F6BD17F
S31508011128062258460AA920F03FF9002864D13368EF
S31508011138C8F80830B388ABF804302B5D67F3C713D2
S315080111482B554FF00009CA4619E00123BFE7039B4F
S31508011158BDE7604B5B6A13F400791CD115F804A046
S31508011168CAF3801A484619F05FFD3368C8F808308B
S31508011178B388ABF804302B5D67F3C7132B55059B6A
S31508011188544E002B3ED196F8B630002B3AD0013B87
S3150801119886F8B63030E019F02CFD002806DA15F87D
S315080111A804A04FF00009CAF3801ADBE700221146AA
S315080111B8104619F02EFD15F804A08146CAF3801ABF
S315080111C80028CFD0002302211A4608EB01001CF09B
S315080111D8ADFA2B5D60F386132B55C3E77A1E574282
S315080111E82B5D5741B7EBD31F06D106223146584620
S315080111F820F0DAF80028A4D00023049304980DB047
S31508011208BDE8F08F1CF03DFB07461AF0B1F8059BBF
S3150801121802463946009308F10E009DF85830FFF743
S31508011228CDFE2D4B059A07461B68A2B959780220A7
S3150801123800F04CFDB06B00F0FBFCB36B9A791344D4
S315080112481F63FFF759F9254BC361069BBBB9736A37
S3150801125823F4806316E0D979002000F037FDB06BD6
S3150801126800F0E6FCB36B1E489A7913441F6300F035
S3150801127877FE069BC3B9736A23F4806317E0736A1A
S3150801128843F480637362039B9BB1B9F1000FB5D030
S31508011298002351461A4608F102001CF047FA2B5D4D
S315080112A860F386132B55A9E7736A43F4806373625F
S315080112B8EBE72B5D0022C3F3C01359460AA88DF83C
S315080112C8283019F0ACFC2B5D9DF8282062F3C7136A
S315080112D82B55DAE7C4180020941800204DBE0208D9
S315080112E89D14010804282DE9FF471ED005D80328AF
S315080112F800F0C28004B0BDE8F087431F012BF9D876
S3150801130805384FF0010118BF0120FEF715FC1CF03E
S31508011318B8FA5E4AD36C51685B1A03440020D36451
S3150801132804B0BDE8F0471CF0F8B9002303A84FF04C
S31508011338FF31039300F07EFA0398DFF8508158B11C
S31508011348FEF7E8FC0828074603D8514B1E5C310707
S315080113580AD403A820F0EBFAD8F8243013F0060FBC
S3150801136815D0FFF789FD12E00728D8F8242015D1EA
S3150801137812F48012EDD1404603991AF05AFD002855
S31508011388EAD01AF061FD10B10120FEF757FB0121D9
S31508011398084604B0BDE8F047FEF7CEBB12F00404D0
S315080113A8039D10D016F002040DD00120AA790C323B
S315080113B82A44917A0090C1F380130C32C1F3401183
S315080113C8FFF754FE0446284600F0EAFA29460120A2
S315080113D8FFF734FED8F82430DA072DD503F080094B
S315080113E895F806A019F017FC0AF10C0AAA4480F028
S315080113F801039AF80A00B9F1000218BF0122DBB203
S315080114080AF10C01C0F380101CF05BFA60B12CBB21
S31508011418D8F8243028469B0733D5F40710D4730720
S3150801142831D5FEF7DBFB97E7B9F1000F04D1494639
S3150801143819F0F7FB0028EAD028460DF005F818E058
S315080114481CF0EAFA044648B1A8790C302844817A8E
S315080114580C30C1F38011FFF733FD0446042F03D17D
S31508011468D8F824309907E7D57207E5D52846FEF74F
S31508011478B5FB002C8BD16FE704B0BDE8F047FFF741
S3150801148845BD042FCBD10CF0DFFF65E7C418002052
S31508011498FE6C0308032808B50BD1084800F060FD5F
S315080114A80122074B104693F94410BDE80840FEF798
S315080114B815BEBDE80840FFF715BF00BFED120108C4
S315080114C8C418002010B50024034BC3E90044EEF7FD
S315080114D8FFFF204610BD00BF9C190020064B10B51A
S315080114E81B680C4610B101F043F9034618795B8865
S315080114F804FB003010BD00BF9C190020084B10B52D
S315080115081B680C4610B101F033F903465A88A24202
S315080115183DBF1B79A41AB4FBF3F0002010BD00BF28
S315080115289C1900200138C0B203289ABF014B185CE0
S3150801153800207047D16C03088BB200294FF00A01C5
S31508011548B4BF053B05331BB293FBF1F3014A9080FF
S31508011558937170479C190020024B9B79C01A40B2B7
S31508011568704700BF9C190020024B9B88C01A00B21D
S31508011578704700BF9C190020074B186840F20D13E5
S3150801158838B9002BC1BF45224433B3FBF2F0C0B2C8
S3150801159870470068453BF3E7300B00202DE9F04119
S315080115A8064623F0B3FC0746FFF7E6FF3546044629
S315080115B8286818B16CB9284620F0B9F931680A487B
S315080115C820F09CFA384623F093FC00233360BDE8E3
S315080115D8F081D0F8008020F062FB2B68013CC3F843
S315080115E800802D68E4B2E3E7300B0020024BDB6B81
S315080115F803B11847FEF776BF300B0020C04310B574
S31508011608054A131D53E8003F0340141D44E80031F9
S315080116180029F6D110BD00BF300B002010B5054AC8
S31508011628131D53E8003F0343141D44E800310029FC
S31508011638F6D110BD300B0020F8B516461C460746EC
S31508011648194610461CF012F93246234638461CF04C
S3150801165812F9564DD5E9062300EA020401EA0306FA
S3150801166854EA060330D0630104F080601BD56B6821
S315080116781F062AD44E4B2340002B76D024F001139B
S3150801168823F4A043334370D1EB7A012B69D140F295
S3150801169801436A680520934314BF00230323EB72A9
S315080116A8FFF7A4FF0CE0A4F10C0333436BD00D2C10
S315080116B876F1000314D2231F334327D11CF0D8F837
S315080116C8204631461CF0CEF8F8BD2B1D53E8003FDD
S315080116D823F08003291D41E80032002AF5D1F3E7F2
S315080116E8A4F58043083B334326D004F17F433343AB
S315080116F8C0D1EB7A022B34D16B689A074AD50423F1
S31508011708EB722B8C032001332B840FE0A4F1080319
S315080117183343AFD1EB7A012B23D16B68D90735D57A
S315080117280323EB7204206B8C01336B84FFF75EFF8E
S3150801173801201CF09CF8C3E7EB7A012B32D16B68C0
S31508011748D8072BD50323EB726B8C042001336B84E2
S31508011758FFF74CFF01201CF08AF8EB7A012BAFD171
S3150801176895E704201CF068F8AAE7124B06F0200250
S3150801177823401343A4D00420FFF750FF4FF000601D
S3150801178804F054FF9CE71CF072F8C3E713F40063EE
S31508011798C8D1C6E713F02003B3D1B1E713F4006340
S315080117A8D2D1D0E704201CF047F8D6E7300B002041
S315080117B8015001000DD50155014B986A704700BFC4
S315080117C8300B002010B5064CA06A1FF084F928B919
S315080117D8A06A1FF082F900F0010010BD0120FAE79E
S315080117E8300B0020014B986A1FF079B9300B00209D
S315080117F8024B5868C0F34020704700BF300B0020E1
S3150801180810B504464FF40070FFF7F8FE084B986ABE
S315080118181FF067F938B10CB9002010BD4FF40070F4
S31508011828FFF7FCFEF8E7002CF6D00C20F5E700BF19
S31508011838300B00202DE9F04F046806468846574DB7
S3150801184889B0002C48D02046A77920F0F5F80C373E
S3150801185827443C890A38B8F1FF3FA4EB000402D0B3
S315080118684445A8BF4446B5F83890B0EB090713D4E0
S31508011878002C0EDD6D6B36683D44FF2C2246294641
S315080118883046A8BFFF2220F02EF8241A36680544E8
S31508011898F3D109B0BDE8F08FA9EB0009A145A8BFA6
S315080118A8A146296BC846D6F800A001EB000BB9F189
S315080118B8000F0DD04246FF2A59465046A8BFFF22B7
S315080118C820F011F8B8EB0008DAF800A08344F1D142
S315080118D8A4EB09044F44CBE70321A86A03AA1FF01E
S315080118E852F8BDF80E70A14602940A3702ACE862AE
S315080118F809E023601B682B602368C3F800902368F6
S31508011908002F1C4611DD2B68453F002BF1D101201C
S3150801191820F0D1F9034620600028F1D1019002A8E8
S3150801192820F005F8019B3360B3E72B1D53E8003F08
S3150801193843F008032A1D42E80034002CF5D14FF07C
S31508011948006004F073FE0298BDF8102043790A2155
S3150801195843F001034371069B30606B63059B2A8735
S315080119682B638379BDF80E200C3303441C711A8145
S315080119782A7ADC719A719DF80C20072A0BBF012275
S31508011988AB8C1A7101331FBFAB846B8C03F1FF3320
S315080119986B841FF09CFF346855E700BF300B0020A5
S315080119A82DE9F041877905460C37C419237986B09C
S315080119B813F002081BD1174E43F0020323716A4636
S315080119C8D6E90A011EF0E1FF238969460333B06A9D
S315080119D8ADF804301EF0DBFF009B9DF90E00EB51B4
S315080119E8FFF7BAFD6071B37A022B03D8E37106B023
S315080119F8BDE8F0819DF81130012B04D0022B04D0E3
S31508011A082BB90423F2E70323F0E70123EEE784F869
S31508011A180780ECE7300B002037B5124B00F00F04AE
S31508011A281B88012CADF8043015D0022C15D18DF878
S31508011A38044042F222000C4D6B680340A3420ED0C3
S31508011A48FFF7DCFD2046FFF7E9FDA86A01A91EF0A4
S31508011A580AFF03B030BD2024EBE70024E9E700209C
S31508011A68F7E700BFFC6C0308300B00202DE9FF419E
S31508011A781646022300270D46124C8046A06AE372D1
S31508011A88CDE9027704F0A8FF30468DF80C70029567
S31508011A981BF0EAFE00903A46617AA06A02AB1EF08C
S31508011AA833FE0446074648B94046FFF7B5FF3346AD
S31508011AB804463A46012128461BF0D2FE204604B0C0
S31508011AC8BDE8F081300B002037B5144B00F00F0440
S31508011AD81B88012CADF8043014D0022C16D000242A
S31508011AE841F601000E4D6B680340A34213D0FFF778
S31508011AF885FD2046FFF792FDA86A01A91EF0C9FED1
S31508011B0803B030BD04238DF80430E9E78DF80440A5
S31508011B184FF40064E4E70020F2E700BFFC6C030811
S31508011B28300B0020002210B5084C104611461BF050
S31508011B3896FEA06A04F050FF1BF09CFE20461FF093
S31508011B48F6FEBDE810400820FFF758BD300B002007
S31508011B58014B986A1FF003B8300B002038B5154CAD
S31508011B680546A37A834211D0431E042B08D8DFE819
S31508011B7803F0030E12171900A06A05F09FFB28B98E
S31508011B882846A57200F0F4FD0B4B186038BDA06A0B
S31508011B981BF079FEF3E70121A06A1BF076FEEEE752
S31508011BA80321F9E7FFF724FE0028E9D0A06AFFF721
S31508011BB8CFFFE4E7300B00209C19002073B50446D3
S31508011BC8408900F05FFC0E4DA07B002628721BF0A9
S31508011BD81EFE6872E07B00F00F00FFF7BFFF009654
S31508011BE8A37BD4E90021A86A1EF0ECFF32463146E8
S31508011BF8304618F0C5FF20681BF03BFE02B070BDE1
S31508011C08300B00200122094B10B50C46DA72FFF792
S31508011C185BFF10B104201BF00FFE224600210120AC
S31508011C281BF01DFE18F0ADFF10BD00BF300B0020DC
S31508011C38F8B5044618F0A6FF0746A179E279114EC8
S31508011C48521A0C310123B06AD2B221441EF087FE1A
S31508011C58E579A379ED1A57FA85F524680CB935613A
S31508011C68F8BDA179E2790023521A0C31D2B2B06AC9
S31508011C7821441EF074FEE379A2799B1A55FA83F575
S31508011C88EBE700BF300B0020F8B502230E4E0D46D0
S31508011C98F372FFF7C1FE044620B1BDE8F8400420F7
S31508011CA81BF0CABD28461BF0DFFD07462A46214612
S31508011CB801201BF0D4FD3B462246717AB06A1EF014
S31508011CC821FD0028E9D1F8BD300B00200222084B76
S31508011CD810B50C46DA72FFF79FFE10B104201BF007
S31508011CE8ABFD2246002101201BF0B9FD10BD00BF3E
S31508011CF8300B0020014B187B704700BF300B0020C2
S31508011D0868B1084B194653F8042F0AB18242FAD228
S31508011D185B1A9B10013BDBB2034A13737047012315
S31508011D28FAE700BFD86C0308300B002010B5084C39
S31508011D38606810F480700AD0A06A1EF040FE30B9B7
S31508011D480121A06A1EF039FE80F00100C0B210BD5B
S31508011D58300B00200023F0B5012785B0194E0093F2
S31508011D688DF80C30C0F340138DF80E30C0F300130C
S31508011D7804461546F7728DF8047002918DF80D30F0
S31508011D88FFF7A2FE20B104201BF056FD05B0F0BDF1
S31508011D9828461BF069FD717A03466A46B06A1EF041
S31508011DA8B5FC2A46C4F38011064638461BF057FD8A
S31508011DB818F0E7FE230601D5FFF7B8FF002EE2D192
S31508011DC8E4E700BF300B00202DE9F0434FF0010985
S31508011DD885B0244F04460D469046002110226846D0
S31508011DE81E4687F80B901FF009FBB86A04F0F4FD44
S31508011DF80023E20600958DF80430CDF8088006D54B
S31508011E08194B1B681B888DF80D90434402930023D0
S31508011E1830468DF80C30C4F340138DF80E301BF09C
S31508011E2823FD6A460346797AB86A1EF06FFC28B11B
S31508011E3804201BF001FD05B0BDE8F0832046FFF735
S31508011E4843FE33460121C4F38012074628461BF090
S31508011E5807FD18F096FE230601D5FFF767FF002F41
S31508011E68E6D1E8E7300B00209C190020044B5A6894
S31508011E78D20503D50021986A1EF09FBD704700BF99
S31508011E88300B002038B5114CE37A23B100221146EC
S31508011E9810461BF0E4FC00252846E5721BF0E7FC12
S31508011EA801220321A06A1EF01EFC2A460121A06A06
S31508011EB81EF06FFDFFF7DAFF8020FFF79FFBBDE8ED
S31508011EC838404FF44050FFF7A9BB00BF300B00203C
S31508011ED808B5FFF7D7FF044A0620D38C0133D38404
S31508011EE8BDE80840FFF782BB300B0020F8B51B4D4B
S31508011EF86B68590704D50420FFF780FBFFF7E8FF4D
S31508011F086B681A070FD523F001F80646FFF734FB65
S31508011F180446124F24B101201FF0CDFE0146A8B987
S31508011F28304622F0E5FF6B68DB0615D51020FFF76A
S31508011F3865FB00F021F878B122F0E8FF0446FFF7BF
S31508011F48C7FF2046BDE8F84022F0D2BF3846013C13
S31508011F581FF0DEFDE4B2DDE7F8BD00BF300B002057
S31508011F68014BD863704700BF300B0020014B186E30
S31508011F7880B2704700C001B80A4BD86800F0706093
S31508011F88B0F1106F0CD008D8B0F1E06F08D0B0F1F5
S31508011F98006F14BF002001207047B0F1406FF8E7C1
S31508011FA801207047000002B82DE9F04F87B00746AF
S31508011FB891469A46ADF80C101FF03EFDB0F100089F
S31508011FC83DDD002F3ED03C464FF0000B264EA37947
S31508011FD8E57903F10C01ED1AEDB2214406EB0B0084
S31508011FE82A461FF016FA2468AB44002CEFD19DF84F
S31508011FF80C101E4801F023010091C0F808900DF154
S315080120081409424653461849CDF80490A04615F0D6
S31508012018B8FF3C46A379E57903F10C00ED1AEDB250
S3150801202806EB080120442A461FF0F3F92468A84458
S31508012038002CEFD10422494638461FF03AFF07B06B
S31508012048BDE8F08F9DF80C10084801F02301C0F887
S3150801205808900DF114090091534642460249CDF8F4
S31508012068049015F08EFFE5E7C41B00208C29002093
S315080120782DE9F04784B0904699460390ADF80810C3
S315080120881FF0DAFC071F002F25DD039D002D40D020
S315080120984FF0000A204EAB79EC7903F10C01E41AEA
S315080120A8E4B2294406EB0A0022461FF0B2F92D6864
S315080120B8A244002DEFD11948F119C0F808800191F9
S315080120C89DF808104B4601F0230100913A4612493A
S315080120D815F040FF18B1002004B0BDE8F087039D4C
S315080120E87DB10746AB79EC7903F10C00E41AE4B241
S315080120F8F119284422461FF08CF92D682744002D2A
S31508012108F0D103A804211FF039FD012004B0BDE868
S31508012118F087014ECFE700BFC41B00208C29002099
S3150801212830B514460D460246064883B00195802106
S3150801213883602346009415F03BFFB0FA80F0400906
S3150801214803B030BD8C2900200023F0B50E46D168AE
S315080121588BB009BA0291C17890F800C061F30703F8
S3150801216881781A4D61F30F23417802AF61F317435A
S315080121786CF31F630993936851681BBA03938368C1
S3150801218809BA1BBA0793136842681BBA0593C36849
S3150801219812BA1BBA06AC0491AF6008920693234695
S315080121A8802229460120009415F021FF0028F6D13E
S315080121B8DDE90810DDE9063200BA09BA12BA1BBA0E
S315080121C830607160B260F3600BB0F0BD8C290020F5
S315080121D873B50F4B04469B7C0E4EFF2B15D1002376
S315080121E8ADF804000DF10302B06A01A98DF80330B0
S315080121F805F024F89DF8035022462946B06AF3F7F4
S31508012208DFFE40EA052002B070BD034B1D78F3E7EF
S315080122183C240020300B002036240020044BC2B28F
S31508012228C0F30721986A82B002B0F3F7DBBF00BF93
S31508012238300B002010B50D4C0021A06A04F0F6FDFC
S315080122480B49A06A1EF05FFBFE21A06A1EF04AFB35
S31508012258A06A04F003FE074BB3F90C208242C8BFF3
S3150801226898819A891A80DA895A8010BD300B00201C
S31508012278362400203C240020F0B585B0ADF80210BC
S31508012288ADF8042069464FF0C812ADF806304FF08C
S315080122988213ADF80000CDE9022304200B460C4C45
S315080122A802ADB4F90C70B1F9002035F9026BBA42DE
S315080122B8A8BF3A46B242A8BF3246013821F8022BCE
S315080122C8F1D103CB034B6060596005B0F0BD00BF7F
S315080122D83C2400204024002073B50546F4F766F827
S315080122E82F4E0368FF2D336083882E4CB3803378CD
S315080122F818BF1D46A5742C4D8DF801300DF1030341
S31508012308A86A0DF102020DF101011EF0DFFB9DF825
S31508012318013040B90133DBB20B2B8DF80130EDD909
S31508012328212002B070BDA27CFF2A00D0A3748DF8C3
S31508012338053033709DF802308DF804300198FFF79F
S315080123486DFFC828A8BFC8209DF80330A0818DF85D
S3150801235804300198FFF762FF144B9842B8BF184634
S31508012368E081B4F90C00FFF733FFADF804000198D2
S31508012378FFF754FFA081B4F90E00FFF729FFADF85E
S3150801238804000198FFF74AFF4FF6FF732382642377
S31508012398E0811A4618461946FFF76EFF0020C0E77E
S315080123A8362400203C240020300B00200CFEFFFFB9
S315080123B80346034AB2F902000BB1FFF7D5B87047CD
S315080123C83C240020084B10B5B3F9004030B903EB9B
S315080123D84103B3F902309C42A8BF1C46A242A8BFD2
S315080123E82246104610BD00BF3C240020014BB3F914
S315080123F80E0070473C240020014BB3F90C007047C6
S315080124083C24002073B5064622F080FD0C4D04468F
S31508012418B5F90E00B5F90C30B042B8BF3046984246
S31508012428A8BF1846FFF7D4FEADF804000198FFF7D0
S31508012438F5FE6880204602B0BDE8704022F058BD16
S315080124483C24002073B5064622F060FD0C4D04466F
S31508012458B5F90C00B5F90E30B042A8BF3046984216
S31508012468B8BF1846FFF7B4FEADF804000198FFF7A0
S31508012478D5FE2880204602B0BDE8704022F038BD56
S315080124883C240020F0B5C0F3072585B0FE2DADF82C
S31508012498040027D09DF8047022F038FD124C064630
S315080124A8637CAB420ED0114B02A918689B8802902F
S315080124B8ADF80C300E4B8DF80850986A1EF023FAC1
S315080124C8FF232374237CBB4206D0094B3946986AF5
S315080124D81EF008FA27746574304605B0BDE8F04061
S315080124E822F006BD05B0F0BD3C24002036240020A4
S315080124F8300B00202DE9F84FDFF868908246D9F8A5
S3150801250800B088461746BBF1000F28D0002699F86F
S315080125180450B54207D13D7099F80400A84214BF82
S315080125280120022017E074196110C1EBC101594451
S315080125388879C4F3470400F00100B8EB000003D119
S31508012548062250461EF030FF002806DB02D0661C1C
S31508012558F6B2DEE73C70BDE8F88F2546D9E70320D1
S31508012568F9E700BFD41C00200022014B1A717047F5
S31508012578D41C0020F8B5054622F0C8FC104C85F392
S31508012588070563790646AB4205D10024304622F091
S31508012598AFFC2046F8BD002720686571277110B180
S315080125A81FF010FD27606379002BEED0C5EBC50037
S315080125B80CF0B0F820600028E7D160710724E5E738
S315080125C8D41C00204840704700EB0010084480B22C
S315080125D8704700BF90FAA0F000BA80B2704700BFF2
S315080125E8044BD3F8012002605B7903F01F030371DA
S315080125F8704700BFC9240020234B2DE9F041002963
S3150801260814BF0C461C4600250646174613688AB0A9
S31508012618C4F801301379257063715FFA85F8414664
S3150801262838461BF092F938B1237803F128026A442F
S31508012638013302F8288C23700135252DEDD194F83C
S3150801264800803EB142466946A01D1EF0E2FE0AB068
S31508012658BDE8F081B8F1000FF9D00534F5B229467D
S3150801266838461BF072F940B9B5FBF8F308FB135560
S315080126780AAB53FA85F515F8285C0136252E04F8B0
S31508012688015FEBD1E3E700BFC9240020034B00280B
S3150801269818BF03460B449879704700BFC924002020
S315080126A8F8B50D4682EA124296B2314603462846DD
S315080126B8FFF788FFFFF78EFFFFF786FFFFF78AFF09
S315080126C8FFF782FFFFF786FFFFF77EFF0546FFF74D
S315080126D879FF164C002B14BF1F4627460446144B90
S315080126E8781CA3FB0423E21A03EB52035B0903EBE9
S315080126F8C30203EB8203E41AE4B221461BF025F967
S3150801270840B93B786E40B6B206FB03F307EB1347AD
S31508012718B879F8BD7B1D2A3701E09F4204D013F822
S31508012728010F8442F9D1F4E72046F8BDC9240020EF
S315080127384D91CFBA064B074A01201A60064B074A3C
S315080127481A60074B074A1A60074B084A1A60704706
S3150801275820180020C1D902081C1800201DDA020811
S3150801276818180020BFD90208141800201BDA020815
S31508012778052808BF03200622024B013802FB003050
S31508012788704700BF086D03080022034B1A609A8038
S31508012798FF229A71704700BF16250020064A137949
S315080127A8834207D9012312688340134214BF0120C3
S315080127B80020704700207047E81C0020054A034698
S315080127C81068002208B91A607047C10748BF013264
S315080127D84008F7E7E81C0020F0B541EA002087B071
S315080127E840F4902606200F461546F4F743FD1FF0D8
S315080127F8E7FB044640B901461A200DF0CDF96FF0FA
S315080128088C05284607B0F0BD43684661DAB222B995
S3150801281823F0FF0343F001034360F3F74FFB052851
S3150801282804BF40F201136360062F1A4B0CBF40F22E
S3150801283801114FF4807120461BF0F1F8E360164B3D
S315080128482A46236002AB1E4605F110071D46106885
S315080128585168083203C5BA422B46F7D110213046CA
S315080128681FF069FB10223146204601AB16F087FE98
S31508012878054620B1014640F207400DF08DF91021B1
S3150801288830461FF066FB204617F089FB20461FF0E5
S3150801289899FBB6E70044400400248000102A2DE974
S315080128A8FF4706460F46154623D800244FF0010967
S315080128B8DFF84480DFF844A0D8F8002009FA04F3C1
S315080128C8134213D046EA042040EA0A006A46E9B2E6
S315080128D880B203F03DFF48B92A46394668461EF0D4
S315080128E863FD18B960B204B0BDE8F0870134202C3D
S315080128F8E2D14FF0FF30F6E7E81C00200080FFFF21
S315080129082DE9F3411D4E05460146062230461EF0BD
S315080129184BFD20B996F9060002B0BDE8F0810024FE
S31508012928A046EF1C2046FFF739FFD8B13B88CDF8FA
S315080129380080ADF80330BB786946E0B28DF80530FA
S3150801294820F03DF821280DD0A8B903222946684662
S315080129581EF02AFD30B92B6860B23360AB88B071B6
S31508012968B380D9E70134202CDCD12B683360AB88D6
S31508012978B380FF23B3714FF0FF30CDE7162500204A
S31508012988034B93F90630013301D1FFF7FDBE7047B2
S3150801299816250020F7B504461DF0F7FD631C58D126
S315080129A8FFF7F2FE0024624E3379A3422CD84FF47E
S315080129B800410024084603F02BFF20224FF0FF317F
S315080129C85C4834601EF01AFD204600F05DFDFF26BE
S315080129D80446594D5CBB594816F003FB014630B10C
S315080129E810F1880F03D040F207400DF0D5F80C21F5
S315080129F84F4A43F6FF7003F08FFE202138204D4ACF
S31508012A0803F08AFE00202AE02046FFF7C7FE60B1D8
S31508012A1865B2052128461BF004F8032128461BF050
S31508012A2800F8062128461AF0FCFF0134BCE794F998
S31508012A387530013305D02B7843B9132120461FF089
S31508012A489AFD204600F020FD0446C3E784F8756020
S31508012A58F7E72046FFF7A2FE18B940F2064003B089
S31508012A68F0BD6B460622002120461BF01DF80028FA
S31508012A7845D049238DF806304FF47F41304840EA5E
S31508012A880420084003F0C4FE052120461AF0C9FFB0
S31508012A98032120461AF0C5FF062120461AF0C1FF70
S31508012AA801222349E3B29A400B6823EA02030B6021
S31508012AB8244B93F90630A34201D1FFF765FE00209E
S31508012AC805460B791B4A013BC1B2994221DBFF2610
S31508012AD80020D65400F0D8FC0546174F002D86D09D
S31508012AE895F97530A34205D13B78EBB913212846E8
S31508012AF81FF041FD284600F0C7FC0546EEE76B4680
S31508012B080622012120461AF0CFFF0028B4D07223E5
S31508012B18B0E75656A64200D025B1551895F9015081
S31508012B28555401250130CFE785F87560E2E700BFFE
S31508012B38E81C0020F6240020F424002037000400AD
S31508012B480080FFFF162500202DE9FF41354C064672
S31508012B5801A8FFF733FE2379019A93421ED86279B1
S31508012B68012A40D100274FF0FF383D4610E0236877
S31508012B78EB40D9070BD5082202AB114668B21AF001
S31508012B8893FF20B1039B43453CBF2F469846013521
S31508012B9823799D42EBD378B2FFF7FCFE236813F03D
S31508012BA8010529D0002501220135202D18D002FA60
S31508012BB805F71F42F8D13B432360A3680C2101336B
S31508012BC843F6FF70174A7361A36003F0A5FDA8B120
S31508012BD8236823EA07032360A368013BA36073619B
S31508012BE84FF0FF3519E0022AFAD10F4A134413F9AF
S31508012BF8010D421CFBD0CFE70127DCE722790A4CF5
S31508012C08013A2146D2B2601C1EF0DEFB6DB222469D
S31508012C1820213820257003F07FFD284604B0BDE839
S31508012C28F08100BFE81C0020F62400202DE9F043B6
S31508012C38002489B0AF4D04213F2001AA2C7003F066
S31508012C4887FD00B10194019F002F4FD00026781EF9
S31508012C584742474100242C70A74D0C212A4643F6C2
S31508012C68FF7003F075FDC0B10D23AB80019B2C6085
S31508012C78032BAC6011D803AC2246142143F6FF7026
S31508012C8803F066FD48B994E8070085E807002A466F
S31508012C980C2143F6FF7003F03FFD019B042B06D078
S31508012CA804213F200DEB0102019103F035FD202196
S31508012CB83820924A03F04CFD28B120224FF0FF3103
S31508012CC88E481EF09BFB03222B795B00B3FBF2F3BC
S31508012CD88B4A1370FFF758FD17F02FF9014618B1FB
S31508012CE840F207400CF058FF002413E00126374646
S31508012CF8B0E72B68E340D9070BD508224FFA84F8C1
S31508012D081146404603AB1AF0CFFE10B94046FFF705
S31508012D1841FE01342B799C42EBD38EB11021372021
S31508012D2803AA03F015FD002853D10620F4F7A2FAE1
S31508012D381FF046F9044680B901461A200CF02CFF03
S31508012D483FB13D2003F020FD00242B799C42C0F0B9
S31508012D58AC80002009B0BDE8F0836A4A436842613D
S31508012D68DAB222B923F0FF0343F001034360F3F70C
S31508012D78A5F8052804BF40F201136360624B40F2C7
S31508012D88011120461AF04BFEE360604B10212360BF
S31508012D9803A81FF0D0F8102202AB03A9204616F0A3
S31508012DA8EEFB0646102103A81FF0D3F8204617F0B4
S31508012DB8F6F820461FF006F9372003F0E5FC46B178
S31508012DC840F2074031460CF0E7FE4FF0FF30FFF7B7
S31508012DD8E1FD002623E03046FFF7E0FCF0B174B2C6
S31508012DE810220321204603AB1AF05EFE10288146FD
S31508012DF820D10321204603AAFFF7EEFC804649465F
S31508012E0803A81FF0A6F8B8F1000F0CD040F2074046
S31508012E1841460CF0C1FE2046FFF7BCFD01362B7969
S31508012E289E42D8D38CE748F2030040EA062080B2CE
S31508012E3803F0AAFC10220521204603AB1AF034FE3A
S31508012E481028814613D10521204603AAFFF7C4FC99
S31508012E588046494603A81FF07CF8B8F1000FD5D17A
S31508012E6848F2050040EA062080B203F08DFC1022DC
S31508012E780621204603AB1AF017FE10288146CDD144
S31508012E880621204603AAFFF7A7FC8046494603A858
S31508012E981FF05FF8B8F1000FB8D148F2060040EA0A
S31508012EA8062080B203F070FCB8E72046FFF776FCE7
S31508012EB8F0B166B204220C21304602AB1AF0F4FDD1
S31508012EC804280AD1029B0122C3F300238DF80C308A
S31508012ED80C21304603AB1AF0B9FD00231022CDE9BF
S31508012EE80333CDE905330D21304603AB1AF0AEFDA0
S31508012EF801342AE7F4240020E81C0020F6240020DF
S31508012F08F52400203700040000444004002480000A
S31508012F18F8B5104B044618790F4B00221D46D1B255
S31508012F28884204D913F9017B561CA74204D10B4BD5
S31508012F381B788B4202D9F8BD3246F0E70649481C88
S31508012F481EF042FA2C702021BDE8F8403820024AC2
S31508012F5803F0E2BBE81C0020F6240020F524002033
S31508012F6820F00040A0F20540F8B5032817D8DFE895
S31508012F7800F0021728330C790F78A4F11B02534283
S31508012F8853414E88CD8801F10802194899001AF06B
S31508012F98E7FE20B10771A0F80560C4710581F8BD7F
S31508012FA80E784D888C8801F10802124800211AF01A
S31508012FB8D7FE0028F3D00671A0F80550A0F80740F7
S31508012FC8EDE70D480D784C681AF094FE0028E6D00E
S31508012FD80571A0F80540E2E707480C781AF08AFE59
S31508012FE80028DCD007234371002304718371D6E7CF
S31508012FF84C6D0308486D0308446D0308002110B594
S31508013008421D0379044608461EF080FF024648B168
S31508013018618820881CF016F80446034800F096F9DA
S31508013028848010BD1A24F8E720020A0238B50488F4
S31508013038FA2C28BFFA24204600F0F2FB051E04489C
S3150801304818BF002400F082F98580C48038BD00BF06
S3150801305820040A0A40F2055320F0004098422DE957
S31508013068F0410BD840F20153984209D840F201437E
S3150801307898420DD040F20A43984214D0BDE8F0812F
S31508013088A0F20350022816D8DFE800F024495C00AC
S315080130980D784C882D481AF02DFE0028EED00571BA
S315080130A8A0F80540EAE72A480C781AF023FE002812
S315080130B8E4D00471E2E727480F784E880D79CC8861
S315080130C81AF018FE0028D9D00771A0F80560C5714D
S315080130D80481D3E78C684E880D790F7884B1B1F8E5
S315080130E8068001F108021C4800211AF039FE002859
S315080130F8C4D00771A0F80560C571A0F80880BDE7B6
S3150801310823462246214614481AF005FE0028B5D05A
S315080131180771A0F80560C57104724472AEE70F48D5
S3150801312891F800804F880E79CD880C891AF0E2FD4E
S315080131380028A3D080F80480A0F80570C671058117
S3150801314844819BE70D784C680548A4E7786D030820
S31508013158646D0308746D0308706D03086C6D0308C4
S31508013168686D0308F8B5064609480D4600F06EF875
S31508013178044658B9074F3B689E8000F0BDF80446D7
S3150801318815B13B68DB882B8000F0CAF82046F8BDE4
S31508013198846D0308FC1C002038B505460C4607480B
S315080131A8012100F063F838B9054B1B689D80DC805E
S315080131B8BDE838401AF0F1BC38BD00BF7C6D03087C
S315080131C8FC1C0020044A0346106810B102789A428A
S315080131D800D170470069F8E7F81C002008B51AF00D
S315080131E8A5FC02F0F9FE0022014B1A6008BD00BFD2
S315080131F8F81C002038B5094C05462146204614F026
S315080132089DFF4FF48270A847054B014618604FF495
S3150801321882722046BDE8384014F0A5BF8C6D0308B4
S31508013228FC1C0020084A136833B94178036141F048
S315080132380101417010607047197802789142FAD0F5
S3150801324803F110021B69EFE7F81C002010B50446C4
S315080132581DF06FF928B9034B22681C60024B1B68DD
S315080132681A6010BDF41C0020FC1C00202DE9F84F3B
S31508013278046898464FEA042A0AF4E06AC4F307235D
S315080132884AEA030A0AEB0209B9F5807F83460F461B
S31508013298154603D91D263046BDE8F88F1DF049F9AC
S315080132A806460028F7D1124B24F47F44C3F800B028
S315080132B824F0C7040F4B44EA19244FEA09291B6865
S315080132C81FFA89F944EA090443F8044B53442A4680
S315080132D8414618461EF09DF8012F04D1FF2DD9D86D
S315080132E800F8015CD7E7022F08BF20F8025CD2E78D
S315080132F8F41C0020FC1C002010B5064B064C196866
S315080133082268064B52F8040B1B68496898472368D4
S31508013318988810BDF41C0020FC1C0020A029002058
S315080133280022024B1A601DF00CB900BFF41C0020DC
S31508013338054B186808B1C3681BB1003818BF0120C6
S3150801334870470069F6E700BFF81C002010B5034C62
S315080133582368186003F0F2F8206810BDFC1C0020E9
S31508013368F8B504460D460146002017461AF0DFFB54
S315080133780022174E204633681A705A709A70DA7006
S315080133881AF0AFFB18B165B94368220E2BB90F2598
S315080133980DE05979914204D008331D68002DF8D1FA
S315080133A8F5E73846A84733681B684BB9012524F45D
S315080133B87F4020F0C70040F40070FFF7C7FF8580FB
S315080133C83268012052F8041B1AF0B1FBF8BD00BF98
S315080133D8FC1C002070B504460D461B4A13686BB3DE
S315080133E893F87D10586811F0040129D110608C22D0
S315080133F8184693F870601EF001F8034680F8706065
S315080134082268C0F85A20A288A0F85E20A27980F816
S3150801341860202868D864AA79A98883F85220FF22E7
S3150801342883F8752083F8762040F6FF72A3F86E2094
S31508013438064AA3F85010116813605960184670BDFA
S315080134481A1D0346CBE700BF041D0020001D0020F6
S31508013458054A0346106800B97047B0F86E209A42C3
S31508013468FAD04068F7E700BF001D0020054A034661
S31508013478106800B9704790F870209A42FAD04068E7
S31508013488F7E700BF001D002010B9024B18687047FE
S3150801349840687047001D00200023114A2DE9F041B4
S315080134A88C2113608046024601200AF0F9FE04467B
S315080134B820B905460B4E3060454502D32046BDE87E
S315080134C8F08101200AF052FF07468C2200210135B6
S315080134D81DF094FF87F8705037603E1DECE700BF72
S315080134E8001D0020041D0020012310B58B4090F80B
S315080134F87110044621EA030149B280F871100029BE
S3150801350849D11DF025F820461FF084FA102104F147
S3150801351818001EF01EFD204601F016FA04F13800BF
S315080135281EF005FA20461FF007F9214A13681BB150
S315080135389C42596830D11160A36859050BD51A05FB
S3150801354809D443F40063A18994F87000A36004F1CF
S31508013558780202F019FB0023204663601EF001F980
S315080135681AF036FC4FF48072B2FBF0F2424394F833
S3150801357870300344B3FBF2F102FB1133DBB2591E77
S31508013588C9B2FD29F5D884F8703000236360094B60
S315080135981A6852B91C6010BD1A465B68002BCBD055
S315080135A89C42F9D163685360C6E7131D5268F0E770
S315080135B8001D0020041D002010B5084C206830B9EC
S315080135C8BDE81040064B186001200AF0ADBE4368F5
S315080135D890F871102360FFF787FFEFE7001D0020B9
S315080135E8041D002090F8743003F00B03013BDBB28D
S315080135F80A2B9ABF014AD05C002070479A6D0308C6
S315080136081FB5014690F870308DF80430FFF7EAFFC8
S31508013618B1F862308DF80C00ADF80630B1F86430AF
S3150801362801AAADF80A30B1F86630054840F2031127
S31508013638ADF808301EF0A9F805B05DF804FB00BF1F
S31508013648201D002007B590F870308DF8051001AADD
S3150801365840F2072103488DF804301EF096F803B0A6
S315080136685DF804FB201D002038B50A4B04461B6883
S315080136780D462BB143699B0702D51AF06BFD30B18C
S315080136882A4620680421BDE838401CF019BDA369FB
S315080136989D6138BD081D0020014B1860704700BFA1
S315080136A8081D0020024B1868003818BF012070470A
S315080136B8081D002013B50446019120B901A81EF07A
S315080136C836F9212012E008460029FAD01EF0B4F985
S315080136D880B20028F2D0094B20461B6801994BB1E4
S315080136E8984728B92046019900F064FC02B010BD34
S315080136F80020FBE71BF09AFEF3E700BF081D002030
S3150801370800487047331D0020044890F82B1000F133
S315080137180F020830012918BF10467047241D0020DA
S3150801372838B58379044613F0280F25D00368134D55
S31508013738C5F80F308388A5F81330837900206B758F
S315080137480BF04EF940B96B68032043F004036B602C
S31508013758BDE838400BF08CBB436A13F4404FEFD1F0
S31508013768226843F00803C0F80120A288A0F80520BA
S31508013778A2794362C271E3E7212038BD241D0020DE
S315080137884379024A9B09D05C704700BFB56D0308A7
S315080137980B6810B503608B88FF2A0446838002D11B
S315080137A80723A37109E0032A08D8054B9B5C072B55
S315080137B8837102D1FFF7E4FFA07110BD0023F0E77A
S315080137C8B96D03088379024A03F00703D05C704789
S315080137D8AD6D030810B582798B79094C02F0070299
S315080137E803F00703A25CE35C9A4206D106221DF0A0
S315080137F8DBFDB0FA80F0400910BD0020FCE700BFE8
S31508013808A56D0308044908B5084614F097FCF7227C
S31508013818024B1A8008BD00BFBD6D03080E2B002098
S31508013828A0F11703E82B9DBF024B18800020212021
S31508013838704700BF0E2B002010B5044670B3006808
S31508013848836CA34222D163688364224614491DF016
S3150801385864FF04F10C001DF084FF04F144001EF016
S3150801386866F8FFF71FFF58B1A06948B114301EF072
S315080138785EF8A06918301EF05AF8A0691EF0A2FB76
S315080138882046BDE810401EF09DBB1346002BDCD030
S315080138985A68A242F9D162685A60D6E710BD00BFD4
S315080138A8EDE1020870B5054648200E461EF088FB6C
S315080138B8044601464822264814F055FC84B1FFF708
S315080138C8F1FE90B11C201EF07BFB1C220146A0616B
S315080138D81F4814F048FCA3692BB920461EF072FB51
S315080138E80024204670BD00221A70032128461AF0C2
S315080138F867FAAB6C22466360AC64172326810026F7
S315080139086381144928462560267766640AF030FCDF
S3150801391801F064FF3246014604F10C000AF028FC5E
S3150801392802232374FFF7BEFE0028DAD00A4B19884A
S315080139381729D6D920461AF0D0FA0028D1D1132149
S3150801394820461AF014FC636943F002036361C8E769
S31508013958BD6D0308EDE102080E2B0020F8B50546F2
S3150801396810B3002920DB114C2468247E8C421BDD08
S315080139783F2919DC032701F0030600EBA10191F899
S3150801398831407600B74002F0030224EA0704B24040
S31508013998224381F8312013B100211AF09CFC2846EC
S315080139A8BDE8F8401AF0F4BCF8BD00BF141D0020A4
S315080139B870B5164600221A7032800A7A0D46072A09
S315080139C84DD8DFE802F004090D111A1E304AE868D5
S315080139D830F8023B338043E0EB68981D5B88F9E7CA
S315080139E8EB68981D9B88F5E7697B1AF0C1FC0222EA
S315080139F81C4B18801846328032E002231A48338055
S31508013A082EE01A4C2B7BE88923702B88E11C01339D
S31508013A1863702B8801331B12A37000F0D3F90330A6
S31508013A28308020461CE0124CA889EB89020AA3704B
S31508013A381B0A20706270E37000F036FA58B1C36841
S31508013A481A88022A07D19A782271DB7863710623C4
S31508013A580748338004E00423FAE780221A70002015
S31508013A6870BD00BF36250020CD6D0308232500202B
S31508013A781D250020054A064B1860136843F0010303
S31508013A881360828B034B1A80704700BF0C1D0020F8
S31508013A98141D00205024002000232DE9F04FDFF8DB
S31508013AA8AC9191B0CDE90633CDE90833D9F80030A0
S31508013AB8054613F008080AD0614B03F1100253F8BA
S31508013AC8041B934245F8041BF9D1002011E0032091
S31508013AD8F3F7D0FB1EF074FA074648B10620F3F748
S31508013AE8C9FB1EF06DFA064630B938461EF06AFA61
S31508013AF81A2011B0BDE8F08FCDE9048816F01DFA31
S31508013B08044668B138461EF05DFA30461EF05AFA80
S31508013B1840F2074021460CF03FF840F20740E8E733
S31508013B284FF4A053DFF828A11022C6E9023A454BFB
S31508013B383046336006A904AB15F021FD0446A8B939
S31508013B4852463846049915F053FE044670B9C346D9
S31508013B583D4B1FFA88F21B68D988914227D810224B
S31508013B682946384605AB15F082FE0446384615F04F
S31508013B78ADFD38461EF026FA304616F010FA3046DC
S31508013B881EF020FA049815F02CFA002CC0D12C4BFB
S31508013B9805F1100255F8041B954243F8041BF9D19F
S31508013BA8D9F8003043F00803C9F800308DE71A68D8
S31508013BB81FFA88F4210102EB04142046ADF80EB069
S31508013BC8019100921AF0CEFF8246204600F040F98C
S31508013BD830B3DDE90021AAF5205080B2032802D9BD
S31508013BE8BAF5245F1FD1525A00202146ADF828207C
S31508013BF80DF10D030DF10E02ADF82AA0FFF7D8FE57
S31508013C08BDF80E2001460BA81DF003FCBDF80E20D1
S31508013C18384604320AA915F0FBFD04460028A5D141
S31508013C2808F1010894E70AF55640FF3080B20428DE
S31508013C38F6D8525AADF82AA0ADF82820E6E700BF0B
S31508013C483825002000248000141D00200C1D0020A2
S31508013C580002C003134B01461B6870B513F0040331
S31508013C6806D00022104B1C68E38990B2834209D812
S31508013C780E4A14680022E58990B2854209D84FF69A
S31508013C88FF7005E0A56835F8125001328D42ECD16E
S31508013C9870BDA66836F8126001328E42ECD103442B
S31508013CA898B2F5E70C1D0020101D0020141D0020F0
S31508013CB8094B1B685B070AD5084B1A68D3898342DF
S31508013CC803D9936833F810007047C01A80B2044BB9
S31508013CD81B689B68F6E700BF0C1D0020101D002015
S31508013CE8141D002038B5046805460C2220460849E3
S31508013CF81DF05AFB50B90222064904F10E001DF0BF
S31508013D0853FB18B902200C342C6038BD1020FCE787
S31508013D18D06D0308DE6D03082DE9F74310280191D4
S31508013D280BD0022804D04FF6FF7003B0BDE8F08324
S31508013D38019B1888FFF78EFFF7E701A8FFF7D2FF5F
S31508013D480228F5D01028EED11B4B019F1E6816F0E4
S31508013D58040608D00024194BD3F80080B8F8166071
S31508013D68A5B2AE421AD80025154BD3F80080B8F883
S31508013D781690ACB24C45D6D2D8F81000102200EBF2
S31508013D88051039461DF010FB01350028F1D1A01997
S31508013D986FEA40406FEA504080B2C6E7D8F810008B
S31508013DA8102200EB041039461DF0FEFA01340028EA
S31508013DB8D6D145F40040B8E70C1D0020101D002097
S31508013DC8141D0020020408B51DD5124BC0F30E00B8
S31508013DD81B685B0713D5104B1A68D38A98420CD20D
S31508013DE8136903EB001000F1100350F8042B9842ED
S31508013DF841F8042BF9D1102008BDC01A80B2074B27
S31508013E081B681B69EDE7FFF753FF0870000A48703E
S31508013E180220F1E70C1D0020101D0020141D0020AA
S31508013E2838B50446094B1B681D68A54209D22046C0
S31508013E3821B91AF0A1FE30B1103402E01AF0A5FE34
S31508013E4808B1204638BD103CEFE700BF141D002015
S31508013E58437ADA0702D5C3F380007047034BC28851
S31508013E681B881A4214BF01200020704750240020DD
S31508013E780A4B1B68DB0708D570B1094B1B68DB8839
S31508013E88834234BF00200120704728B1054B1B889F
S31508013E98834294BF00200120704700BF0C1D0020F3
S31508013EA8141D00205224002070B50246FFF7E0FFD2
S31508013EB8E8B10F4B1968CD88954209D302F18050AC
S31508013EC80B680138040103EB00101B5B93420ED003
S31508013ED8002398B2854201D8002008E00E681C0123
S31508013EE8345B06EB0310944203F10103F1D170BD6B
S31508013EF8141D00202DE9F34100250E46A846174F43
S31508013F0801903A68ABB2D18899421DD91468ABB207
S31508013F1804EB0314B4F90430002B1CDA2046FFF726
S31508013F2897FFC0B1E1680B889E4214D132460198C1
S31508013F3802311DF0BEFFE36882B21B88934207D09F
S31508013F48114601A81DF01AFE404602B0BDE8F081E7
S31508013F5843441FFA83F80135D3E700BF141D00202F
S31508013F687FB5134B0E46054604460393A0B11AF0CE
S31508013F789BF978B90022314620461AF0C5FA022873
S31508013F8807D10123314600932046042303AA1AF0D0
S31508013F9888FE0DB104B070BD20461AF054F90446DE
S31508013FA80028F7D01AF080F90028F5D1E2E700BF12
S31508013FB80100FFFF2DE9F04F97B0834609911AF0E2
S31508013FC8BFF8099883790C33C45CC5181DF034FD0C
S31508013FD8202C0646099F26D8012C28D9C74BA21E8C
S31508013FE8D2B2D340DA0722D5384697F806801DF0AB
S31508013FF823FDBBF80A2083B29A4228D214F001029B
S3150801400840F0A78004F07F03522B00F0A2801E2CF3
S3150801401800F09F80099B214600935846042319F00E
S315080140286DFF21240CE004F07F03522BDCD02146D6
S31508014038062300225846009719F060FF41F2061434
S3150801404858461AF082F8204617B0BDE8F08F47445B
S315080140583A7B013B202A9BB246D8012ACED9023A95
S315080140681E2ACBD801A151F822F000BF1141010837
S3150801407805400108154101080540010809410108DB
S3150801408805400108FD4001080540010811410108DC
S3150801409805400108154101080540010819410108AB
S315080140A805400108FD400108054001084741010886
S315080140B80540010805400108054001084B4101086A
S315080140C8054001084F410108054001080540010856
S315080140D80540010805400108054001085341010842
S315080140E80540010819410108522A28D0D22A85D142
S315080140F80D2B06E0062B11D0142B7FF47FAF0DE0AC
S31508014108052B7FF67BAF09E0022BF6E7042BF4E7CC
S31508014118032B7FF673AFDB073FF570AF022C00F070
S315080141280281DBF800309B689F0516D40BF1440021
S315080141381DF0FDFB099BCBF84430002480E7012BD1
S31508014148DFE7032BDDE7012BD7E7002B7FF456AF13
S31508014158E4E709A81DF0EBFB63E71E2C00F036839C
S3150801416858461AF0A1F80746002840F082805846B2
S315080141781AF095F800287CD004F07F03522B00F03A
S31508014188CE80082C68D1B6B2152E14BF022010208D
S31508014198691D1AF06FF800285ED0DBF81430D807C5
S315080141A84BBF23F0010343F0010339460121584661
S315080141B84CBFCBF81430CBF814301AF08CF80998A0
S315080141C80D9019F00BFE0446B0F80180B0F803907B
S315080141D80D981DF031FC152814BF02251025053444
S315080141E821462846FFF798FD2146039028461AF0E6
S315080141F841F80490B8F1000F00F05281C84500F261
S315080142084F81022109200D9A19F009FEBBF80A7097
S315080142188246023FBFB23E4640464FF0FF35494601
S31508014228039A1AF023FB0446002800F07B811AF04A
S31508014238F3F8002800F093810122214658461AF01E
S3150801424892F903468DF82E00002800F02E810D9A62
S31508014258009222460821B2E0DBF8143013F0010671
S315080142684ED023F0010300215846CBF814301AF032
S3150801427832F8202C72D8032C75D9231F1C2B72D817
S3150801428801A252F823F000BF7D4501086F430108D2
S315080142986F4601086F430108C74101086F430108C2
S315080142A8594701086F430108774701086F43010811
S315080142B88D4701086F4301087B4301086F430108CD
S315080142C8A54701086F4301086F4301086F430108B1
S315080142D8C14701086F430108CB4701086F43010825
S315080142E86F4301086F4301086F4301086F430108CB
S315080142F8D54701086F4301089B4701085555515091
S3150801430843F0010301215846CBF8143019F0E3FFAD
S315080143181223324621465846009619F0EFFD09A898
S315080143281DF005FB09E7099DBA4C284619F056FD03
S315080143382188B0F801602A46584619F0F4FD238801
S31508014348BBF80A10B34228BF3346172BB8BF172341
S315080143585846ABF80A3019F0DFFEEEE6522C00F0A3
S315080143682482D22CDBD0099B0022009321460623FE
S3150801437825E0099F384619F031FD0546B0F8018050
S31508014388B0F803A038461DF057FB15280CBF204680
S315080143980220691DFFF7C0FCB5F80530049007939C
S315080143A8B8F1000F07D0D04505D81AF0BDFB50B9AA
S315080143B81023009701E00123009742461021584629
S315080143C819F09CFDB9E63A460221112019F027FD94
S315080143D844464FF0FF35BBF80A3005909E1E0393F5
S315080143E8063B9BB2B6B2089351462046049A1AF080
S315080143F83DFA814668B35146079A1AF084FA044683
S3150801440848461AF009F840B94FF6FF739C4201D09D
S315080144180134A4B25445E7D91BE04FF000030DAAAD
S31508014428ADF8343049460CAB58461AF039F9039AAF
S31508014438BDF83430053A9A42089A0690D8BF134609
S31508014448002DADF8343009DB9D4202D1EB1CB3428D
S3150801445808DB691C1CD10A230097AEE7351F9D4264
S31508014468A8BF1D46042211A93846ADF84490ADF8EF
S3150801447846401DF01EFD2A46384606991DF019FDC7
S315080144884FF6FF73043E761B9C42B6B2C0D1E0E7ED
S315080144983946059B04355D705846FFF7E5F84CE63D
S315080144A80D9B009301234246D4E6049B13B120468B
S315080144B819F096FF204619F0C7FFD8B1002D54DC2C
S315080144C80DA81DF034FA082358468BF81C3050F805
S315080144D80C2B40F2025192F870208DF848300023CF
S315080144E88DF8442011AAADF84640ADF84A301DF0BA
S315080144F84CF922E6ADF844000DF12E03214658463B
S3150801450811AA1AF0CDF8BDF844300590BB4228BF68
S315080145183B46002DADF844300ADBAB4202D16B1C91
S31508014528B34209DB6A1C0D9B1FD100930A23BAE71C
S31508014538B51E9D42A8BF1D4602220CA90D98ADF8C5
S3150801454830401DF0B6FC2A4605990D981DF0B1FCB8
S315080145584FF6FF73023E761B9C42B6B2E2D0601C48
S3150801456880B28145BFF45BAEDCE702350D998AF85E
S31508014578015091E7DDF82490484619F02FFCB0F868
S315080145880330B0F801800493B8F1000F44D0984578
S3150801459842D84FF6FF774A460221052019F03FFC13
S315080145A84546BA46BBF80A400590023CA4B22946D4
S315080145B858461AF03DFA504506464CD04FF4006263
S315080145C82946584619F0CFFF00283FD130461AF038
S315080145D8C7FA00280CBF022310235745039321D095
S315080145E830461AF0BDFA069038461AF0B9FA069B0B
S315080145F8834203D1039B0133A34214DB38461AF0DD
S31508014608AFFA059B013019465870584619F05FFCF0
S3150801461893E500BF0E2B00200123CDF800904246F2
S315080146280421CCE637460DF146013046ADF844502B
S31508014638FFF7C8FB039B48469A1C11A91DF039FCCC
S31508014648039B023CE41A5545A4B2D7D0049B01350D
S31508014658ADB2AB42ABD24FF6FF739F42CED10A2316
S31508014668CDF80090DBE7DDF824900024484619F0D8
S31508014678B5FBB0F80530B0F803A0B0F801600746F5
S31508014688484603931DF0D8F9C51FADB2102D0C94F1
S315080146985AD82A46F91D0DA81CF0BBFE002E55D07E
S315080146A8564553D84A460121072019F0B8FBA046B2
S315080146B8074633460A249A45049307D93946BBF867
S315080146C80A0019F08FFB0328049B04D8B8F1000FD8
S315080146D81CD0394699E7ADF84430039B5846ADF8DE
S315080146E848300DAB139300230BAA009311A90DF1BA
S315080146F82E03ADF846A0ADF850501AF030F90A283D
S315080147080446E3D0BDF82C3030B11E46234632465E
S315080147180621CDF8009052E6ADF83030BDF82E30B6
S315080147280CAAADF8323039460423BBF80A0019F049
S3150801473864FB4FF6FF72BDF82E309342C9D0013398
S315080147484FF001089BB2B6E70424DFE70124DDE749
S315080147580A23099C8BF81C30204619F03FFB23468F
S315080147680022B0F8011058461AF06BFBE5E4099CDB
S31508014778204619F033FB0C238BF81C30B0F80320BC
S315080147882346EEE75A460F210E20099B1AF0B2FB7B
S31508014798D3E45A4621212020099BF7E75846099A66
S315080147A8B5F801101AF093FCC7E45846099AB5F802
S315080147B801101AF0E7FCC0E4584609991AF021FDD8
S315080147C8BBE4584669781AF087FDA8E558461AF0F1
S315080147D8A3FDA4E57FB5174A0646136842F60520E0
S315080147E823F0080313601AF07CF8054650B16846A9
S315080147F8FFF752F9002019F026FD044620B9294683
S31508014808FFF7AEFB04B070BD1022684604F121011A
S315080148181CF0CAFD38B10121204619F05CFD63690F
S3150801482823F0010363611EB1314620461AF031F9B6
S315080148382046E0E70C1D002038B5124B04461B88B4
S3150801484842898B4228BF0B46172BB8BF1723114637
S31508014858438119F061FC636923F002036361A36963
S315080148689D693DB10022294620469A61BDE838402E
S31508014878FEF7FABE40F20941204619F075FCA3690C
S315080148881D7038BD0E2B00200148FEF705BF00BF75
S31508014898D94C010801481DF068B800BF881D0020D9
S315080148A840F6FF732DE9F3410D46B0F86E100192F3
S315080148B8994205D101A81DF03AF802B0BDE8F08180
S315080148C81146134601229BBB1E481DF017F9FFF72F
S315080148D8E1FF04460028F0D01DF0AEF863790746D3
S315080148E803F001086FF30003637104212046A668E3
S315080148F81DF0E5F94379044668F300034371DB4380
S315080149088179B6F86E200C31866003F0010362548A
S31508014918C2F30322084442EA031242704780224638
S31508014928304629461BF015FE2046F9F7B9FBCEE7AE
S315080149385C79986024F0030414435C7100221B68AF
S31508014948C1E700BF881D002070B50546064C2068DA
S3150801495800B970BD8368AB4204D1066809F074FDD5
S315080149682660F4E70446F2E7881D00200146014857
S315080149781DF0C4B88C1D002001481CF0F6BF00BF05
S315080149888C1D0020014601481DF0B8B8841D002079
S31508014998034BD86818B103F10C001CF0E6BF704741
S315080149A8781D0020044BDA6822B95869003818BFFF
S315080149B80120704701207047781D0020044B18789C
S315080149C80130C0B2012838BF01201870704700BFEE
S315080149D8181D0020014800F0CFBA00BFE9490108AF
S315080149E82DE9F04F867987B00C3605900546805B28
S315080149F8C0F30B00FEF72CFD044618B905A81CF0F0
S31508014A0896FF4EE090F87230022BF7D1AB5B059A08
S31508014A18C3F30B0103F44053B3F5805F9060A953C0
S31508014A2842D153796FF300035371836B002BE5D099
S31508014A38042105A804F138061DF079F830460599C8
S31508014A481DF05CF8A06B002301465A1CA9BBDBB212
S31508014A58012B01D91DF0C3F8A06B1CF0EDFF032843
S31508014A681FD9D4F83890484699F806701CF0E4FF1F
S31508014A780C3709EB070539F80770A0F1040847450B
S31508014A8822D9524FD4F838A007F1100957F804BBB0
S31508014A985346424629462046D8474F4510D000284E
S31508014AA8F4D007B0BDE8F08F38301CF040FF059AFE
S31508014AB8537943F001035371BAE713460968C4E702
S31508014AC80028EED130469AE7A06B1CF0B5FF0437EB
S31508014AD88742F7D36988A1F140033F2B0BD80421F4
S31508014AE830461DF024F82046A26B69880AF042FF71
S31508014AF80023A363D5E705290BD0062961D0042924
S31508014B08E0D130461DF013F8A16BA06CFEF7D2FD73
S31508014B18EEE7294620460AF0D3FD02460028D1D1F8
S31508014B282B79122B06D0132B36D0204669791BF020
S31508014B38E7FAC7E794F87330022BF6D040F67A40BD
S31508014B4829898B1F9BB2834224D86A89931F9BB2F2
S31508014B5883421FD891421DD8AB89B3F5FA7F19D27A
S31508014B6840F6764CEF89A7F10A0080B2604511D85C
S31508014B78B4F86A000290B4F86800CDE900702046D6
S31508014B8800F064FB021E18BF0122204669791BF052
S31508014B9873FA97E70122F8E794F87330012B03D1E2
S31508014BA8204669791BF0ACFAA3681A048AD523F456
S31508014BB80043A3602B89012B84D120460AF060FAA9
S31508014BC880E72046A16B1DF0FEFE91E7E06D03081C
S31508014BD80138C0B20A289ABF014B185C00207047F1
S31508014BE8F06D0308014902481CF093BDA429002069
S31508014BF8201D002010220A4B2821DA826422C3E9E3
S31508014C0806124FF6FF721A8402225A60002283F8A6
S31508014C182B200F2283F82D0083F82C20704700BF1C
S31508014C28241D002038B5104C94F82B30D3B162688E
S31508014C3812F0010516D104F108000BF031F81BF042
S31508014C48ECFA78B14EF6602294F82C304FF482715A
S31508014C58534306482A4609F069FA18B9636843F0BE
S31508014C680103636038BD00BF241D0020201D0020F4
S31508014C7822F00042052A10B50DD0B2F5827F13D06D
S31508014C88032A06D1114A536823F0020353600AF02E
S31508014C98A5F8002010BD0D4A1B88118D9942F8D137
S31508014CA8002313850120F5E7084B5A6893F82B402A
S31508014CB822F00102012C5A60F4D11DF0E2FAFFF73D
S31508014CC8B1FF20460AF0D4F8ECE700BF241D0020FE
S31508014CD830B5044685B0084603911BF09AFB83074D
S31508014CE808D410F0010003D003A81CF020FE012007
S31508014CF805B030BD03998B7903F10C0288188A5CD3
S31508014D08013A202A00F21781DFE812F0210015017D
S31508014D18B1001501B4001501BD001501C40015013E
S31508014D28CC001501D4001501DB001501E9001501B0
S31508014D38F100150115011501F30015010101150108
S31508014D48030115010C01150115011501E200037985
S31508014D580BB103F588534278023A1E2AC4D801A131
S31508014D6851F822F0E94D0108F14C0108F34D010803
S31508014D78F14C0108FF4D0108F14C01080B4E0108D9
S31508014D88F14C0108174E0108F14C01083B4E010880
S31508014D98F14C0108234E0108F14C0108474E010858
S31508014DA8F14C0108534E0108F14C0108F14C010870
S31508014DB8F14C01085D4E0108F14C01086D4E0108D8
S31508014DC8F14C0108F14C0108F14C0108F14C0108B4
S31508014DD8F14C0108F14C0108F14C01082F4E010864
S31508014DE817212046FFF728FD7EE7002220461146AF
S31508014DF81AF0A5FC78E71A46002120461AF04CFD58
S31508014E0872E70022204611461AF0F6FE6CE70022E0
S31508014E18204611461AF09FFD66E71A4600212046E4
S31508014E281AF08CFE60E71A46002120461AF0A5FEFC
S31508014E385AE71A46002120461AF063FE54E700226B
S31508014E48204611461AF0CBFF4EE7194620461BF0B5
S31508014E582FF849E70093002320461A4619461BF0FE
S31508014E6831F841E7194620461BF07EF83CE7B0F8C9
S31508014E780110B6E702338B710A46002341782046AA
S31508014E881AF05DFC33E70133002220468B711AF0CC
S31508014E9803FD2CE702338B714278002320461AF06A
S31508014EA8ABFE24E701338B71002320461A461AF014
S31508014EB852FD1CE70133002220468B711AF021FEA8
S31508014EC815E70133002220468B711AF037FE0EE7E3
S31508014ED80133002220468B711AF04FFE07E7023389
S31508014EE88B714278002320461AF079FFFFE60021E4
S31508014EF8ACE705338B710023B0F80320B0F801003D
S31508014F0800930B46014620461AF0DCFFEFE600211E
S31508014F18A9E703338B710A46B0F8011020461BF03E
S31508014F2842F8E4E603338B710A46B0F801102046C5
S31508014F381BF042F8DBE60020DAE600BF07B58378FE
S31508014F4801916A46082104488DF800301CF01DFCB9
S31508014F5803B05DF804FB00BF201D00200022054BA5
S31508014F68C3E90322C3E905221A70DA614FF6FF720B
S31508014F785A847047781D0020014B1860704700BF96
S31508014F88741D002082780D4B13B55A60B0F80320BA
S31508014F9891B2102910D040F60344A1420CD04179A8
S31508014FA85B8C8DF80210ADF8042005216A46044881
S31508014FB8ADF800301CF0E9FB02B010BD781D0020E1
S31508014FC8201D002073B5837901900C33C418C35C7E
S31508014FD8132B0ED8042B10D9053B0E2B0DD8DFE859
S31508014FE803F01E0C0C1E0C0C0C0C0C161A0C0C0CD3
S31508014FF82300302B13D03E2B1BD0F9F71BF8019B46
S31508015008834202D001A81CF092FC02B070BD20466A
S31508015018FFF7B8FFF1E7E2780E4B5A60EDE720464D
S3150801502801A90AF03DF8E8E7204601A91BF08CFA20
S31508015038E3E70025084E019B3BB1204656F8043B99
S3150801504801A901359847102DF5D101A81CF06FFC67
S31508015058D3E700BF781D0020FC6D030807B5FFF7E5
S315080150688BFC20B103B05DF804EBFFF7ABBFFFF784
S315080150788FFC019018B1054B1B681BB1984703B003
S315080150885DF804FB01A81CF052FCF8E7741D002022
S31508015098024610B1022804D07047032102481CF0C1
S315080150A82CBBFFF7DBBF00BF201D0020024B1A7877
S315080150B8024B53F822301847781D00203C6E030826
S315080150C810B504460120FFF7F1FF034B00201C70B9
S315080150D8BDE81040FFF7EABF781D002010B5044661
S315080150E8062142F205001AF087FF2368C0F8033043
S315080150F8A388A0F807300648F8F7BEFF1AF0AAFFF2
S31508015108407918B1BDE810401BF0D8B910BD00BFE9
S31508015118BBC0020810B5044606214FF628401AF006
S315080151286BFF2368C0F80330A388A0F80730064840
S31508015138F8F7A2FF1AF08EFF407918B1BDE81040BA
S315080151481BF0BCB910BD00BF8DE1000838B505468E
S315080151580C4669B9022142F21B001AF04DFFB5F84F
S315080151686E30A0F803300D48BDE83840F8F784BF1B
S31508015178122142F21A001AF03FFF2146B5F86E309D
S31508015188053020F8023C04F1100351F8042B994222
S3150801519840F8042BF9D10248E6E700BF47C30208DD
S315080151A883C3020808B5002142F20E001AF024FF4B
S315080151B8BDE808400148F8F75FBF00BFB5C4020853
S315080151C838B590F872300446032B154606D1FFF711
S315080151D8E9FF0123002084F8723019E0C9B9012BC7
S315080151E82DD9032140F206401AF006FFB4F86E30AD
S315080151F84571A0F803301348F8F73EFF1AF02AFF5D
S315080152088378002BE5D01AF025FF807840F4805082
S3150801521838BDA3B102214FF604401AF0EDFEB4F8E1
S315080152286E30A0F803300848F8F726FF1AF012FF7F
S315080152384379002BCDD01AF00DFF4079E6E7022015
S31508015248E6E700BFC9C30208FFC30208F8B507465F
S315080152580E4642F213000E2115461C461AF0CCFEDC
S31508015268B7F86E30A0F80560A0F80330BDF8183015
S31508015278A0F80750A0F80B30BDF81C30A0F8094073
S31508015288A0F80D30BDF82030A0F80F300648F8F719
S31508015298F3FE1AF0DFFE807820B11AF0DBFE80787B
S315080152A840F48050F8BD00BF41C40208F8B5074666
S315080152B80D4642F219001C211C4616461AF09CFE98
S315080152C8B7F86E300F3020F80C3C2B6804F1100241
S315080152D840F80A3C6B6820F8026C40F8063C2346FD
S315080152E853F8041B934240F8041BF9D10648F8F70A
S315080152F8C3FE1AF0AFFE807820B11AF0ABFE8078AB
S3150801530840F48050F8BD00BFF1C2020870B50646E0
S315080153180D4642F27A00042114461AF06DFEA0F8E9
S315080153280360457184710648F8F7A6FE1AF092FEDD
S31508015338407918B1BDE870401BF0D2B870BD00BFFE
S3150801534841C8020810B50446022142F230001AF093
S3150801535853FEB4F86E30A0F803300F48F8F78CFE00
S315080153681AF078FE437963B91AF074FEC088FEF715
S315080153786FF8044628B11AF06DFE017A2046FEF741
S3150801538861F91AF067FE407920B11AF063FE40798F
S3150801539840F4805010BD00BF3DE4000838B5FEF75B
S315080153A8AFF90446FEF70EFA05460648FDF7CEFF9D
S315080153B80023037143712368C0F80630A38805736F
S315080153C8438138BD2009020573B5411D0279044692
S315080153D86846FEF7DDF9684618F05FFB0546684634
S315080153E81DF0E5F806460948E47818F083FC0346F3
S315080153F848B104710098DE72C3F80500BDF80420A7
S315080154081D73A3F8092002B070BD00BF746E0308A6
S3150801541813B5C37A0093B0F80930D0F80520D0F847
S31508015428011000781CF058FF04460348FDF78EFF63
S31508015438848002B010BD00BF2002040310B5064BD4
S31508015448064A417800781A601CF072FF0446044837
S31508015458FDF77CFF848010BD9C1D0020D1530108EF
S3150801546820020405FF2337B50DF107008DF807302B
S3150801547809F0FAFB044604489DF80750FDF766FF4C
S315080154888480857103B030BD2003040138B54B7992
S3150801549805465B070C460CD414212046054A1BF021
S315080154A859F82046217918F0C7FB10B9A3791C4485
S315080154B8257438BD786E0308837810B5132B0C4606
S315080154C808D1054B1B6803B198472046BDE810402B
S315080154D81CF02DBA10BD00BF9C1D002010B5002177
S315080154E8044600781BF006F848B1617820781CF064
S315080154F8E0FE04460348FDF729FF848010BD02240F
S31508015508F8E700BF2002560110B5417800781CF06B
S3150801551872FF04460248FDF719FF848010BD00BFD3
S31508015528200256020020024B1870024B1870704769
S3150801553849250020482500202DE9F04183780D46A4
S315080155480D2B90B04FD109AC2646821C00F11A03DF
S31508015558274610685168083203C79A423C46F7D16C
S3150801556813881C213B8028461CF0E1FABDF8264021
S315080155782F6814F00C043ED138461CF05DFAA0F1E8
S315080155880208A0450DDA4FF0FF3400239C428DF836
S315080155981C301EDB01223946A31C07A81CF0B6F9E4
S315080155A817E0631C0122394605A81CF0AFF99DF8D6
S315080155B81430012BE9D023460122394607A81CF0E5
S315080155C8A5F99DF81C3013B101331C44D9E78DF8A8
S315080155D81C3009F0F5FB012808D0022837D050B944
S315080155E828461CF0A4F910B0BDE8F0819DF81C30D6
S315080155F813F0010FF4D09DF82F0000F033FD04468F
S315080156089DF8300000F02EFD0DF11C089DF82820A4
S315080156180DF12901074605A8FEF7BAF840469DF88F
S3150801562836200DF13701FEF7B3F80D4B1B78DB076A
S3150801563812D405A818F031FACDE901053A462146EA
S315080156483046CDF8008005AB00F00CF8C8E79DF8A0
S315080156581C3013F0030FCDE74FF0FF30ECE700BF1E
S31508015668482500202DE9F74FB0F802C006461CF078
S31508015678100F1C460C9F9DF934A0DDF838B033D0BD
S315080156885FFA8CF51CF0080F184614BF05F00805D3
S3150801569805F00F051CF08BFF814638461CF087FF7D
S315080156A896F90F3080465A460421134801937678AD
S315080156B818F056FB019BA0B105712268C0F80520B0
S315080156C8A28880F80B90A0F8092080F80CA04373EB
S315080156D886733B68C0F80F30BB8880F81580A0F838
S315080156E8133003B0BDE8F08FCDE90DAB0C9703B0C5
S315080156F8BDE8F04F1AF013BFB46E030810461946F1
S31508015708F8B522F0004340F20A4293420ED8B3F59F
S31508015718806F59D96FF480621344092B54D8DFE88E
S3150801572803F00D101F3050505050530D40F20152DE
S31508015738934234D0A3F20253032B45D8FDF78AFCCA
S315080157480CE00D784C688A6901F108031F480021A5
S3150801575818F0E1FA10B10571C0F805400120F8BD45
S315080157680E784D880C798A6901F1080318480021D1
S3150801577818F0D1FA0028F1D00671A0F80550C471BD
S31508015788ECE70D784C884A690B1D1248002118F078
S31508015798C2FA0028E2D00571A0F80540DEE70F78BD
S315080157A84E880D79CC8801F108020B48002118F0BA
S315080157B8D7FA0028D2D00771A0F80560C571048107
S315080157C8CCE7FDF7CDFBC9E70020C8E7C46E030897
S315080157D8C06E0308BC6E0308B86E03080048704714
S315080157E80557010810B5104B1B681C7FD4B1102C3E
S315080157F828BF10241BF0E0FF621C81B20023072092
S31508015808D2B208F04DFD044650B9084908481BF0BC
S3150801581880FF084808491BF07CFF084808F04EFF36
S31508015828204610BD0424E5E7CC1D0020BC2900202C
S31508015838A41D0020A01D0020CC290020B429002081
S3150801584830B5124B0D469942144689B01BD19300BF
S3150801585811D505A906A808F009FD0723002203930F
S31508015868059BE1B20293069B2846CDE9003241F031
S3150801587800511BF023FF064818F03CFA00B10471E1
S31508015888012009B030BD0020FBE700BFA01D00209C
S31508015898006F030822F00042B2F1A04F08B504D1FF
S315080158A8034818F027FA012008BD0020FCE700BFC5
S315080158B8046F030800200A4B10B51871FDF7E4FDBB
S315080158C804463CB909F0EEFABDE810400549064810
S315080158D81BF043BF20461CF052FE6468F1E700BF7F
S315080158E854240020DC290020201D002070B5002042
S315080158F8FDF7CAFD01260446074D04B970BD94F89B
S31508015908723033B12E711AF011FE132120461CF09C
S3150801591832FE6468F1E700BF5424002038B5002335
S31508015928094C2360A3800368236020781CF01FFEB6
S31508015938054630B9054806491BF0EBFE608809F0AB
S31508015948C7FA284638BD00BF54240020201D002068
S31508015958DC29002022F00042B2F5887F2DE9F047BC
S315080159681C4600F0E2800ED840F203139A423CD056
S3150801597840F209139A4200F0C2800E2A00F0B38059
S315080159880020BDE8F08740F207239A4247D0B2F5CE
S31508015998037F56D040F206239A42F1D120684C304B
S315080159A8FDF710FF25680746644895F8736095F86A
S315080159B870A095F9759095F87680A48818F09AF9E3
S315080159C80028DDD0EB6C4360B5F850308772038147
S315080159D8731E5E425E41C67280F80CA080F80D906F
S315080159E880F80E80A0F80F40CAE72078FDF73EFD3B
S315080159F80028C5D0524894F800806788A688E588A3
S31508015A08247A18F077F90028BAD080F80480A0F823
S31508015A180570A0F80760A0F80950C472B0E72078A5
S31508015A28FDF724FD0028ABD060782578FFF7D0F874
S31508015A380446444818F05EF90028A1D00571447156
S31508015A489EE7A578012D1ED0022D2DD0CDB9E37874
S31508015A5894F80080023BDBB2022B8CBF01253A4A37
S31508015A6894F90470667998BFD55C94F90640374865
S31508015A7818F040F928B180F8048045718771C67114
S31508015A88047201207DE7E37894F80080023BDBB2D3
S31508015A98022B98BF2C4A94F90470667998BFD55C8D
S31508015AA894F906402A48E3E7E3782A48023BDBB239
S31508015AB8022B94BF244A012594F80180277898BFB8
S31508015AC8D55C94F90490667994F9064018F012F9A8
S31508015AD80028D6D0A0F804808771C57180F8089087
S31508015AE846728472CDE723460822002113F8014B32
S31508015AF8194818F010F90028C3D00471C1E71748E6
S31508015B0894F800806788A688E588248918F0F2F849
S31508015B180028B6D080F80480A0F80570A0F80760B8
S31508015B28A0F80950A0F80B40ABE70D481C7818F007
S31508015B38E1F800283FF424AF047121E74C6F030804
S31508015B48486F0308406F0308086F0308386F03088E
S31508015B58346F03083C6F0308306F03082C6F03087A
S31508015B68446F030810B50078FDF780FC40B113218E
S31508015B781CF001FD04460348FDF7E8FB848010BDC7
S31508015B882524F8E72002060570B5144606460D468B
S31508015B98204614210A4A1AF0DDFC2046217918F014
S31508015BA84BF858B9A3790C331C44064BA6711B79D3
S31508015BB8A5801BB1BDE870401AF0B9BC70BD00BF1D
S31508015BC8286F03085424002010B5007809F06AFDE7
S31508015BD8044618B9024903481BF09BFD204610BD27
S31508015BE8EC290020002400206FF4E06122F000422D
S31508015BF80A442DE9F047052A00F28280DFE802F017
S31508015C0803153556676F5A88272A79D03D481F786C
S31508015C181E79DD881C8918F06DF818B10771467167
S31508015C28C58004810120BDE8F0875C88272C67D0E8
S31508015C38354893F800A0B3F80490B3F808805F894B
S31508015C489E89DD8818F056F80028EBD080F804A05C
S31508015C58A0F80540A0F80790A0F80980A0F80B70ED
S31508015C68A0F80D60A0F80F50DCE75A88272A47D014
S31508015C78264893F800A0B3F80490B3F808805F891A
S31508015C889E89DD89DC8818F035F80028CAD080F89D
S31508015C9804A0A0F80590A0F80780A0F80970A0F854
S31508015CA80B60A0F80D50A0F80F40BBE75A88272AC1
S31508015CB826D01E789D889C68154818F01BF8002878
S31508015CC8B0D00671A0F80550A0F80740AAE75A8887
S31508015CD8272A15D01E789D88DC880E48EDE75A884C
S31508015CE8272A0DD000210C4803F108021D789C8843
S31508015CF818F036F8002895D00571A0F8054091E7FF
S31508015D08002090E76C6F0308806F03087C6F03080F
S31508015D18706F0308746F0308786F030813B5044690
S31508015D280078FDF7A3FBA0B1B4F809300193B4F8DC
S31508015D3807300093B4F80530B4F80320B4F8011015
S31508015D481CF008FD04460448FDF700FB848002B0F0
S31508015D5810BD2524F7E700BF2002430210B5044603
S31508015D680078FDF783FB58B1B4F80320B4F801109D
S31508015D781CF02EFD04460348FDF7E8FA848010BD99
S31508015D882524F8E72002430410B504460078FDF7F0
S31508015D986DFB58B1E278B4F80110231D1CF05DFDBE
S31508015DA804460348FDF7D2FA848010BD2524F8E78E
S31508015DB820024303024B00201A68024B5A607047B7
S31508015DC8C41D0020FC29002010B500F073FA04460A
S31508015DD830B9044817F0ACFE044608B900F070FB60
S31508015DE8204610BDFC2900207FB51C4640F20A63EF
S31508015DF822F000429A4206D8B2F5C06F06D8032A9D
S31508015E0820D00D2A4AD0002004B070BD6FF4C063B3
S31508015E181A44092AF7D801A353F822F00F5F010893
S31508015E28BD5E0108E15E0108F15E0108075F010828
S31508015E380F5E0108275F01083D5F01085D5F0108DC
S31508015E48A95F0108002402A8F0F702F801A8BDF81D
S31508015E580850019412F09BFB00B101945248019C29
S31508015E6817F048FF0028CED0002343718371C37108
S31508015E78037243726FF0010383724FF0FF33C372E3
S31508015E881C2383744A23C3746FF0450309220375D7
S31508015E9879230271C46005824375B4E7234604224F
S31508015EA8002153F8044B414817F035FF0028AAD0BA
S31508015EB88480A8E72078FDF7D9FA0028A3D03C48BA
S31508015EC8267894F90150A47817F014FF00289AD077
S31508015ED806714571847196E72478364817F00AFFE2
S31508015EE8002890D004718EE725783348646817F03E
S31508015EF801FF002887D00571C0F8054083E7257892
S31508015F082E486468F3E72E482578646817F0F2FE88
S31508015F1800283FF478AF0571A0F8054073E72948CA
S31508015F282578646817F0E6FE00283FF46CAF05711A
S31508015F38447168E7637824480D2B96BF234A0125DF
S31508015F48D55C247817F0D6FE00283FF45CAF0471B7
S31508015F58457158E7637800210D2B98BF1B4A1C48E1
S31508015F6898BFD55C6368A27888BF0125267817F09B
S31508015F78D2FE08B1067145716378012B3FF643AF26
S31508015F888DF8083001220021114802AB247817F050
S31508015F98C2FE00283FF437AF01230471437132E783
S31508015FA824780C489AE700BFC06F0308BC6F03083A
S31508015FB8A86F0308B06F0308B46F0308AC6F03082A
S31508015FC8A46F0308A06F03089C6F0308846F03086E
S31508015FD8986F0308946F03081422002101481BF0DF
S31508015FE80DBA00BFA81D002070B505461EF08EFF24
S31508015FF81A4C064663795B070ED414212046184ABB
S315080160081AF0A8FA2046217917F016FE20B130466B
S31508016018BDE870401EF06CBFA3790C3323442DB933
S315080160281A79FF2AF3D001321A71F0E7012D05D141
S315080160385A79FF2AEBD001325A71E8E7022D05D1C0
S315080160489A79FF2AE3D001329A71E0E7032DDED166
S31508016058DA79FF2A1CBF0132DA71D8E7A81D0020B0
S31508016068B86F0308042828BF0020014B185C70473D
S31508016078C46F030838B505460848FDF7E7F8044626
S3150801608848B9FDF739F904461DB1054B1B689B79D3
S315080160982B70FDF745F9204638BD00BFD86F0308B0
S315080160A8FC1C00202DE9F84380460D480F46164684
S315080160B81D469DF82090FDF7C9F878B9094B1C6863
S315080160C884F80480C4F80570C4F80960A4F80D506A
S315080160D884F80F90BDE8F84317F05FBDBDE8F8836B
S315080160E8D06F0308FC1C002038B5054606480C463F
S315080160F8FDF7ACF838B9054B1B681D715C71BDE82D
S31508016108384017F04ABD38BDC86F0308FC1C002083
S3150801611838B5054606480C46FDF798F838B9054BCB
S315080161281B681D715C71BDE8384017F036BD38BD6E
S31508016138E86F0308FC1C002038B5054606480C46D6
S31508016148FDF784F838B9054B1B681D715C71BDE804
S31508016158384017F022BD38BDE06F0308FC1C002043
S3150801616810B504460548FDF771F830B9044B1B68A4
S315080161781C71BDE8104017F010BD10BDF06F03087B
S31508016188FC1C002070B505460B480E46FDF75EF85F
S31508016198044678B9FDF7B0F8084B04461B6825B1DB
S315080161A8D3F806202A605A89AA800EB11B7B337058
S315080161B8FDF7B6F8204670BDF86F0308FC1C0020E9
S315080161C82DE9F04780460F480F4616461D46BDF885
S315080161D820A0BDF82490FDF739F888B90A4B1C6840
S315080161E884F80480A4F80570A4F80760A4F809508F
S315080161F8A4F80BA0A4F80D90BDE8F04717F0CDBC9C
S31508016208BDE8F08710700308FC1C002038B5054660
S315080162180C4607480121FDF729F840B9054B1B68C3
S315080162281D71A3F80540BDE8384017F0B6BC38BD5E
S3150801623808700308FC1C002070B5064608480D4678
S315080162481446FDF703F850B9064B1B681E71A3F8E7
S315080162580550A3F80740BDE8704017F09EBC70BD0D
S3150801626800700308FC1C002070B50E461546044646
S31508016278A8B10DF04FF898B90A4B1C600A4B1E6075
S315080162880A4B1D6012F05BF908F03EFAFCF7A6FF07
S315080162980748FCF7AFFFBDE87040FFF78BBD212023
S315080162A870BD00BFCC1D0020C81D0020C41D0020DC
S315080162B81DE701082DE9F041764D88B008F0F8F98F
S315080162C80E20754908F046F82B6851215A68542357
S315080162D8B2FBF3F2002392B2184607F0E1FF04462F
S315080162E8002840F0C18008F07BF80A206B4A6C49FF
S315080162F807F0FEFE06460446002840F0B58007F07A
S3150801630855FD12F04DF98DF80E608DF8076002AE4D
S3150801631831460DF10700F4F713FE002840F099807D
S31508016328304619F06DFF002800F09380302800F0F8
S3150801633890809DF80730012B17D172238DF80E30FE
S31508016348EFF7F4FDCDE90601030C8DF81230BDF817
S315080163581D30ADF81000ADF813309DF81F308DF8D3
S31508016368153049238DF816300AE049238DF80E3081
S3150801637896E80300ADF81410090C04908DF8161068
S315080163889DF80E3013F0280F07D1DDE90401ADF8A1
S315080163980C10090C02908DF80E102B681869002844
S315080163A85DD12B685A690AB93E4A12683E490A609C
S315080163B89A690AB93D4A12683D490A6093F8222042
S315080163C8D20755D412F079F804A90246074628686F
S315080163D81AF01FF90446002846D101F0F5F812F01B
S315080163E898F8044600283FD10120FEF703FC314BF3
S315080163F818681BF0C3FD0446B0BB1CF0BAF804467E
S3150801640808F00CFB80461BF0DFFD41460246204694
S3150801641816F04FFA044638BB2B681B689B0511D43E
S31508016428B7F5FA7F0ED91EF057FD0121054608462C
S315080164381DF0C4FA0121204A084612F02BF828460D
S315080164481EF03DFD3046FDF76BF91C4807F04AFE7C
S315080164580AE09DF80E3019077FF572AF88E718F03C
S31508016468DDFF044600289CD0204608B0BDE8F08127
S3150801647893F8232000234FF0FF3006A9CDE9063308
S315080164888DF81A201AF009FAC0B200289AD040F2F3
S315080164980C44E9E7CC1D00201DE70108A9050308F6
S315080164A87D440308686C0308C01D00206C6C03084A
S315080164B8BC1D0020C81D0020187003086565010861
S315080164C80022032101481BF018B900BF201D00202E
S315080164D82DE9F041114817F059FBE8B91DF0CAFF33
S315080164E805460E460D4F07F10C082846314619F0A0
S315080164F83AFE07F097FC0446384617F043FB10B9ED
S3150801650840461BF014FAFCF713FF08B9002CECD126
S31508016518BDE8F0411AF00CB8BDE8F081FC29002065
S3150801652808B5054B1B782BB91AF057F8B0FA80F05D
S31508016538400908BD0020FCE74A250020012310B5BB
S31508016548044C2370044B1B6803B198470023237036
S3150801655810BD00BF4A250020BC1D002050EA0103D2
S3150801656837B504460D4604D103B0BDE83040FFF7F8
S31508016578E5BFB1F1FF3F08BFB0F1FF3F13D01DF0EA
S3150801658879FF221845EB010308490948C1E900239F
S3150801659800239D420CBF21464FF0FF31CDE9003358
S315080165A8044A1EF006FE03B030BD00BF700B00207A
S315080165B8B01E0020C1650108D3B51EF0A7FC044624
S315080165C81DF058FF0B46104AD2E90067B04273EB33
S315080165D8070107D3FFF7B2FF204602B0BDE8D0404E
S315080165E81EF086BCD2E900670022311A67EB03035D
S315080165F89342CDE90022134618BF4FF0FF31034AEB
S3150801660803481EF0D6FDE7E7700B0020C1650108AF
S31508016618B01E00200023044A52E8000F42E8003160
S315080166280029F9D1F7F79ABFD01E0020054A52E882
S31508016638003F034342E800310029F8D1024B1B68A1
S31508016648184700BFD01E0020C01D002037B51C689A
S31508016658E10705D519F07AFD164917481BF059F8C7
S31508016668A20723D5FEF79EF9D0B9144D01901EF05D
S315080166784DFC044628461BF078F9019020461EF081
S3150801668837FC019890B143799B070CD401A80221DC
S315080166981BF04DFA0198FEF775F919F01BFFE6E7A5
S315080166A819F018FFDEE7FEF761F9F6E7002003B0EF
S315080166B830BD00BF102A0020201D0020D41E00204E
S315080166C808B5054807F07EFB044B01211870BDE89B
S315080166D8084007F087BB00BF202A00204B25002069
S315080166E838B5044648B11EF011FC05462146084846
S315080166F81BF004FA28461EF0FBFB064B022193F908
S31508016708000007F06FFBBDE83840FFF717BF00BF69
S31508016718D41E00204B2500202DE9F0410A4B0B4FCA
S3150801672804460E46386819681546EBF75BFC40B906
S3150801673833462A46386844F48021BDE8F041EBF728
S315080167487FBDBDE8F08100BF6C2900204C290020D7
S315080167582DE9F0410A4B0B4F04460E46386819686D
S315080167681546EBF73FFC40B933462A46386844F4E0
S315080167788021BDE8F041EBF7C7BDBDE8F08100BF50
S315080167886C2900204C29002038B5084D084B0446C9
S3150801679819682868EBF726FC30B9286844F480217B
S315080167A8BDE83840EBF770BF38BD00BF4C2900205B
S315080167B86C2900202DE9F043134B0E461968134B33
S315080167C805468DB018681746EBF70CFC80B93346B1
S315080167D80A222846009702A90EF08BFD4FF00008F9
S315080167E804460DF10809444505D1002CEFD1204688
S315080167F80DB0BDE8F083284659F8041BEBF744FFAA
S3150801680808F10108EFE700BF6C2900204C29002090
S31508016818F8B50B4B0B4F06460C4638681968EBF763
S31508016828E1FB054648B9E24316FA82F2386842F4AA
S31508016838802246F48021FFF7BDFF2846F8BD00BF30
S315080168486C2900204C2900201046044A1368591E51
S31508016858033102D80021116018477047302A0020F1
S31508016868034B1868034B002808BF1846704700BF32
S31508016878D81E00204C70030808B504481AF0D1F848
S3150801688880F00100C0B2400008BD00BFE01E00202C
S3150801689813B50B4C0229226005D10A481AF0C1F82A
S315080168A8002002B010BD0A4600930146064B05486A
S315080168B81AF099F8003818BF01204000F1E700BF1F
S315080168C8302A0020E01E00205168010801481AF004
S315080168D8BBB800BFE01E0020002101481AF0D6B84F
S315080168E8E01E002008B5064B1B68013305D0FFF7E3
S315080168F8EDFF80F00100C0B208BD0020FCE700BF2B
S31508016908302A0020F0B50D4604468BB018B9002484
S3150801691820460BB0F0BD1A4E3768002FF7D1202252
S31508016928394602A81AF06AFD236801A80193154B8E
S315080169381B88ADF81430144B1B68079300F0C4F88C
S3150801694804460028E3D0306000F0E4F820463946CA
S3150801695819F0BDFF204619F0FEFE38B10020306057
S3150801696800F0D8F8204619F0F1FED0E7204600F0E5
S315080169788BFA0028F2D1002DCAD02046A847C7E7C6
S31508016988DC1E00208070030884700308024B18680F
S31508016998003818BF01207047DC1E002038B50C46A0
S315080169A802F032F8A3780B4A13705A1E554255411C
S315080169B8A8420CD0012B04D02846BDE8384002F07D
S315080169C805B8204601F0D4FF0028F5D038BD0020C7
S315080169D8FCE700BF4C250020002108B5024B0846F4
S315080169E85B689847002008BD442A002010B5FFF7C0
S315080169F837FF0D4B0C461A1A534253418B4201D1A4
S31508016A08002010BD094B1B683BB9094A064B002CE7
S31508016A1808BF1346074A1360F2E71AF046F9002831
S31508016A28F3D00220EDE700BF24700308DC1E00201E
S31508016A384C700308D81E0020431E033306D8044B9E
S31508016A48984228BF1846642838BF6420704700BF93
S31508016A5840420F0038B5194B05461B680C4603B169
S31508016A68984744B1236833B11B68013303D0E368F7
S31508016A780BB1A3684BB91AF0C3FA00204FF4B672E2
S31508016A88412100F035FA212038BD204602F0EEFFF3
S31508016A9800230B4A85F83C31C5E93743C2E9003377
S31508016AA863694BB1074A422110684FF4C572C31A84
S31508016AB85842584100F01CFA0020E5E76C210020ED
S31508016AC8A0280020A8210020F8B504461EF004FADB
S31508016AD8002607460E4B1B6893B19E68AEB196F819
S31508016AE82420D20711D435460FCC0FC50FCC0FC5B4
S31508016AF823682B6096F8243043F0010386F824307E
S31508016B0838461EF0DCF93046F8BD1B68E4E700BFD5
S31508016B18382A002010B5044618B9054B054A1360EA
S31508016B2810BD00F087FED4F8E830002BF6D1F4E75B
S31508016B383D070308342A002008B502460868FFF706
S31508016B487BFF08604868FFF777FF48608868FFF7A2
S31508016B5873FF8860C868FFF76FFF0B69C860581C20
S31508016B6803D00B48834228BF03460B614B69581C5F
S31508016B7803D00748834228BF034688694B61FFF754
S31508016B885BFFBDE808408861104601F071BE00BF89
S31508016B9840420F00D0F8E0302DE9F04105460C4691
S31508016BA813B1C38D8B424CD0D5F8DC30002B4BD0B2
S31508016BB89E68002E48D0D868002845D0013800B20A
S31508016BC800281ADB002106E0128A591CA24217D2AC
S31508016BD809B2884211DB0B1803EBD3735B1003EB7D
S31508016BE8C30206EB8202B2F80EC003F1FF3EA445C2
S31508016BF8EAD90FFA8EF08842EDDA2120BDE8F0814C
S31508016C084FF6FF7299B29142F7D09BB203EBC303D1
S31508016C1806EB83062846B6F9122095F83011D5F8F9
S31508016C28F080EFF7CDF90746B8F1000F04D0002335
S31508016C38324628461946C047EC85C5F8E06085F806
S31508016C4839710020BDE8F0810E20BDE8F08100BF4A
S31508016C582DE9F04782B004460F46164602F034F885
S31508016C68002863D14F4D2B68D4F8DCA0D4F8E0800E
S31508016C780BB1534576D04FF00009AF6002F09AF888
S31508016C880128074665D120461AF013F9002851D17B
S31508016C982B68DAF80010D8F8002013B1186888426A
S31508016CA86BD020461AF0BAF8C5E900A8D4F8F0500E
S31508016CB88DF80760002D67D00022204611460DF190
S31508016CC80703A847204601F0D9F90546B9F1000F87
S31508016CD80FD076B9D4F88C300BBB012F05D025B166
S31508016CE8314B002103205B689847284602B0BDE866
S31508016CF8F087B5FA85F040F21F423321400900F0C2
S31508016D08F7F83146204601F00DFC284B05461B6865
S31508016D18414620469847D4F88C30002BDDD000220E
S31508016D284FF40073204600F095FDD6E700231D4D64
S31508016D386B6098E794F82530DA07A9D5D4F8943022
S31508016D485B05A5D51A4B0122002120461B689847E1
S31508016D589EE70021012000F0BDFD02F02BF801286D
S31508016D68FBD190E76B68002B85D0434583D1AB6887
S31508016D789F4215D04FF001097FE7696811B1096883
S31508016D88914291D059688CE794F82A1094F83931C8
S31508016D983246994228BF1946204601F0EFF891E78D
S31508016DA80025A2E7A0280020442A0020342A00202A
S31508016DB870210020F8B50F4605461EF08DF83946AC
S31508016DC806462846FFF7E6FE044620B130461EF079
S31508016DD876F82046F8BD01F059FF22463946284675
S31508016DE8FFF736FF04460028F0D128461AF061F85D
S31508016DF80028EBD095F8253013F001030DD0D5F806
S31508016E08942052050DD5B5F82A21BA4205D0B5F808
S31508016E182C31DB1BB3FA83F35B09034A82F8DC30AE
S31508016E28D4E72346F9E700BF003E00B070B504462B
S31508016E380E461EF051F8314605462046FFF7BAFFB9
S31508016E48044620B9044B01465B680320984728463F
S31508016E581EF035F8204670BD442A002013B50446AD
S31508016E68694619F063FD204619F047FFFF280246CF
S31508016E7806D020469DF80010EFF7B4F902B010BD08
S31508016E880048FBE70080FFFF4FF4007307B50A497E
S31508016E980DF10602ADF8063019F073FDBDF8063096
S31508016EA8B3F5007F05D1022808BF002003B05DF8B5
S31508016EB804FB2120FAE700BFF81E0020024B1860E0
S31508016EC8024B1960FEE700BFF82000203C2A002083
S31508016ED838B5044D044C054B286021601A60FFF744
S31508016EE8EDFF38BDF82000203C2A0020FC200020B0
S31508016EF810B550B90548064B01600648026018687E
S31508016F08054B18601868FFF7E3FF10BD3C2A0020F7
S31508016F18DC1E0020FC200020F8200020054B1B68F9
S31508016F280BB918467047834201D01B69F8E7012057
S31508016F38704700BF04210020094A13680BB918468F
S31508016F487047834207D11B6901201360054A1368F4
S31508016F58013B1360704703F110021B69EEE700BF96
S31508016F6804210020002100202DE9F74F06461DF0CF
S31508016F78CDFFDFF82881012398F800B0DFF82091C2
S31508016F880190BBF1000F06D089F8003003B0BDE8BF
S31508016F98F04F1DF0ADBF3F4F88F8003089F800B0B3
S31508016FA819F0C2FD08B119F0BDFD3D683A495DB948
S31508016FB8DFF8F0A0DAF800200024AA423B682FD8A7
S31508016FC84FF0FF3134483BE06B7D8BB12B68B342F8
S31508016FD802D09A1B8A420BD96A6813442B60AB689C
S31508016FE8003A18BF0122003B18BF01236A75AB7521
S31508016FF82D69DCE7907D20B1107D88429CBF01464A
S3150801700814461269002AF5D1002CD9D0D4E9000111
S31508017018A275411AD4E90232204698470135C9E7CB
S315080170281A46FF21EEE75A7D4AB11A68B24224D0B8
S31508017038921B824221D8914201D311461C461B69EB
S31508017048002BF0D15CB12046FFF776FF38B13B68D3
S315080170583C602361DAF800300133CAF800303B682E
S315080170685A7D6AB919F05CFD064699F80030002B75
S3150801707894D1019888F8003088E71C460021DEE794
S31508017088186800F0D3F8044619F04AFD0646002C9C
S3150801709884D1EAE704210020FCFFFFBF4E25002022
S315080170A84D2500200021002038B5054608B31822C9
S315080170B800211AF0A3F91DF029FF02462846FFF711
S315080170C82DFF20B110461DF013FF022038BD0A4BCB
S315080170D81C6854B909491D600B68104601332C61AF
S315080170E80B601DF005FF2046F0E704F1100324693B
S315080170F8EFE72120EAE700BF04210020002100204C
S3150801710838B50446FFF70AFF1DF000FF0546204675
S31508017118FFF704FF637D23B928461DF0E9FE0E2013
S3150801712838BD00236375064B1B68A34203D119F0C2
S31508017138F7FCFFF719FF28461DF0DAFE0020EFE7EE
S31508017148042100202DE9F84FDDF8289098460446D1
S315080171580D469246FFF7E2FEDDF830B01DF0D6FE81
S31508017168074619F0DDFC06462046FFF7D7FE637D7C
S3150801717823B12046FFF7C4FF0023A375BAF1010F0F
S3150801718823D175B9B8F1000F21D1B9F1000F03D090
S315080171985A4631462046C84738461DF0A9FE0020FA
S315080171A819E035440D4BAA1B9A4210D80123637579
S315080171B89DF82C303046C4E90058C4F80890237560
S315080171C8C4F80CB0FFF7D0FEE6E7AE42EAD1384676
S315080171D81DF08EFE2120BDE8F88F00BFFCFFFFBF1A
S315080171E82DE9F04107468846FFF798FE1DF08EFE01
S315080171F83D68064619F094FC7B7D7BB185420DD026
S31508017208094B2C1A9C4209D830461DF071FEB8F173
S31508017218010F08BF25462846BDE8F08130461DF00E
S3150801722867FE0025F7E700BFFCFFFFBF0023024AF8
S31508017238194600F06DBD00BFF30A03080C232DE9B2
S31508017248F74F13700F46144602210022064619F015
S3150801725830FCDFF8648010B1164BC8F800300025F9
S315080172684FF00609EBB209FB03F3D8F80010CA1860
S315080172785079012804D923780C2B14D1212013E03D
S3150801728831F903B01179B2F902A030460022019109
S3150801729819F00FFC58B101992170B7F900305B450F
S315080172A805DB534503DC002003B0BDE8F08F013543
S315080172B8D8E700BF94700308402A0020014919F04D
S315080172C835BC00BFFD8F0108014919F02FBC00BF65
S315080172D8D18F010870B5164E032804460D46337832
S315080172E81ED023FA04F202F00102AA421DD053B1B4
S315080172F80122A240A54023EA02032B43DBB23370DD
S315080173084BB1012070BD2DB10A4B01201B68984766
S315080173183378EDE73570074B00201B689847F0E787
S315080173289A07DED003F0FC03E9E7002070BD00BF29
S315080173385025002044210020F8B505460C461DF0C5
S31508017348CBFD104F06463B7833B1012D04D01CB945
S315080173580D481CF0C9FF3C7021462846FFF7BAFFBD
S315080173680A4B04461B783BB93B782BB919F087FDBC
S3150801737810B1074B1B68984730461DF0A0FD2046FB
S31508017388F8BD00BF512500201821002050250020EE
S31508017398442A0020054A0B46117831B1002111709B
S315080173A8034A012152681878104770475125002069
S315080173B8442A002038B5074D04462B78834207D05E
S315080173C801F0E2FC20462C70BDE83840F3F770BAA4
S315080173D838BD00BF4F2500201B4B022910B5187070
S315080173E802D0032904D010BD184B1B78002BFAD1FB
S315080173F8FFF7CCFA0028F6D04FF40052144BC3F81D
S315080174088420BFF34F8FBFF36F8F01F073FC0028F9
S31508017418E9D001F0BDFA0028E5D10E4B1C6834B154
S3150801742823689847BDE81040002001F0A1BC19F06F
S31508017438D6FA094B18601DF0E3FE084B186020467A
S3150801744801F060FCEEE700BF2F2B00204F25002036
S3150801745800E100E068210020402100203C210020AD
S3150801746838B504460D46FFF791FA80B14FF4005234
S31508017478124B5A6001F03EFC48B9012D07D8012084
S3150801748801F076FC0E4B1B6823B15B6898470D4BD8
S315080174981C7038BD1DF0B4FE0B4B1A68801A1860AB
S315080174A81DF05EF84FF47A72084B1B6802FB003030
S315080174B819F097FA012001F025FCE8E700E100E058
S315080174C8682100202F2B00203C2100204021002084
S315080174D8F0B585B01DF000FD344D04462B7823B16F
S315080174E833481CF001FF002852D11CF0F9FF02AA03
S315080174F803A919F0AEFC0346002838D019F0BDFCDB
S31508017508029B98421CD100202A4B03991B682A4ED4
S315080175189942307020D90027C91A012324482B70AB
S31508017528264A3346CDE900771DF010FE002837D1E3
S31508017538234A1378D90701D53178F9B1204611E0DC
S3150801754819F099FC029B984228D000231846194934
S31508017558194A0968137003910121FFF7BBFE002335
S3150801756820462B701DF0ABFC002005B0F0BD204667
S315080175782B701DF0A4FC212005B0F0BD03F0FE0315
S315080175881370002BDAD10F4B1B6898472046E9E799
S3150801759820461DF094FC0E2005B0F0BD0220B3E785
S315080175A8032320462F703370F3E700BF51250020C7
S315080175B818210020382100202E2B00209D73010850
S315080175C8502500204421002038B51DF085FC144DAE
S315080175D804462B78EBB9134A13491370134B144A0B
S315080175E814481A60144A5A60F3F7F2F8134914480A
S315080175F8F3F7EEF8134A144B1A60144B5B6F03F44E
S315080176084073B3F5007F02BF0222114B1A600123AA
S315080176182B70F3F7AFFB20461DF051FC002038BD4F
S315080176285225002051250020A8700308442A002065
S31508017638D97401080821002041730108B0700308AC
S3150801764810210020BD730108442100200040005084
S315080176583821002037B50C46264D69B90A46012155
S3150801766806F006F8244BEC645C6006F01FF8202245
S31508017678224B5A6603B030BD0122114605F0F8FFC0
S3150801768807221E4B0121DA60237901A885F84C30B7
S315080176986379019319F080FD019BC2B2D34000F0CA
S315080176A80F0040EA031085F84D00A27985F84E20A7
S315080176B8E27985F84F20206828650193BBB1012135
S315080176C802888B420CD821794B1E13440C4A136243
S315080176D8C2F8CC1020220B4B5A6605F0E7FFC9E71A
S315080176E830F811500131AA4228BF2A46E9E71A4655
S315080176F8E9E700BF003F00B04C3F00B0006000B8A2
S31508017708004000B8005000B810B5054C237823B1DD
S3150801771803F0AAFD0020207010BD0E20FCE700BF6B
S315080177285425002008B503F06DFD0122014B002000
S315080177381A7008BD54250020D0F8E43013B11A6828
S31508017748032A10D8094BDB6BC3F3C20213F0380FAF
S3150801775803F0070018BF504313F4E07FC3F38212FE
S3150801776803D050437047986A400E7047008001B8A5
S31508017778431C07D06FF0FF02034B10405A62A3F56A
S3150801778880535862704700BF00E000B810B504235B
S315080177984FF03A4101240A4AD1F81801C2F81831BA
S315080177A8C2F814314C634FF400511163410742BFC3
S315080177B8C2F81431A2F58052C2F8183110BD00BFBB
S315080177C8002000BAF8B504460F4616461DF084FB94
S315080177D80546A047044620B128461DF070FB2046F9
S315080177E8F8BD05F0DFF804220549D1F8F03E23EA89
S315080177F807033343C1F8F03E024B5A64ECE700BF6E
S31508017808003000B0002002B800F01803182B0AD07F
S3150801781803070AD440F2011310F0100018BF1846DE
S31508017828034BD86770470020FAE70120F8E700BF3D
S31508017838003F00B038B10368044A002B08BF134655
S31508017848034A13607047014BFAE700BF050C0308A2
S31508017858542A002010B4D0E9544122400B4052EA78
S31508017868030104D003495DF8044B096808475DF824
S31508017878044B7047542A0020024B986E00F00F00FB
S31508017888704700BF003F00B00F2938B505460C46BA
S315080178980ED801F08FFA01280CD1074A2846936EAB
S315080178A823F00F032343936619F006FB002038BD1E
S315080178B82120FCE70220FAE7003F00B0014BD86E09
S315080178C8704700BF003F00B0014B0020D9667047DA
S315080178D8003F00B003282DE9F347884665D8344B9D
S315080178E813F80090334B1E5C334B13F800A01DF0B8
S315080178F8F3FA074604F076FE054640B1002300224E
S31508017908CDE9003301200023002104F099FC04F095
S3150801791871FE48B100230022CDE900330020002377
S315080179284FF4004104F08CFC002E3CD0234BDC6C50
S3150801793804F00804224B31464846DC6405F090F801
S31508017948012352463146484605F01AF91D4BDC64AF
S31508017958DDB11D4B1868D0F89410F83003F08AFA8F
S315080179681A490868FFF704FF4FF0FF330B60184BF5
S315080179781A68511C06D06FF07E401649C863A1F5EE
S315080179888051CA634FF0FF321A60B8F1000F04D06C
S31508017998114B002103205B689847384602B0BDE8B9
S315080179A8F0471DF08CBA3446C4E702B0BDE8F08743
S315080179B8C0700308BC700308B8700308004000B813
S315080179C8006000B8005000B8DC1E0020502A0020CC
S315080179D84C2A002000E000B8442A00200F4A536CBC
S315080179E813F0A00F15D1906C10F0040013D10C4BAD
S315080179F8D3F8F03E23F07F4323F0FF035BB1D36846
S31508017A08C3F30362092A07D0B2F10C0018BF012093
S31508017A187047002070470120704700BF000002B870
S31508017A28003000B0F8B507460D46164683B1FFF78C
S31508017A38ADFE29463846BC8A01F022FCB44228BF65
S31508017A48344629462246094801F02EFD2046F8BD46
S31508017A584FF03A420124D368D26A03F00703063382
S31508017A689C40C2F30C03E41AA4B2E7E70C0000BA77
S31508017A78074A084B30B10221C2F864120422C3F836
S31508017A88642270470421C2F864120222F7E700BF8C
S31508017A98006001B8005001B870B50D46064620B910
S31508017AA81C4B1B68D3B10E2017E001F083F9012896
S31508017AB82DD1194B93F90040D6F8E430C4F11C04CA
S31508017AC80BB193F92630E41A641BC4F12B03002B76
S31508017AD8B8BF5B42232B0CDD212070BD01F10F03D2
S31508017AE8002BB8BF5B42232BF6DC0B4B1970002021
S31508017AF8F3E786F827501DF0EFF9084A136A23F4C5
S31508017B08FF2343EAC42313621DF0D9F9EFE70220DC
S31508017B18E3E700BFDC1E00205325002000C000B89B
S31508017B28094B08461A6D91020BD4D3F84021D2079E
S31508017B3808D4D3F8803013F4706F14BF01200020DD
S31508017B4870470120704700BF004001B8F8B50D46D7
S31508017B58D0F8943002EA010423EA01032343C0F862
S31508017B6894304D4A01F00B0323EA0401D1642340FA
S31508017B78A2F580526F070646D36410D50121FFF78F
S31508017B88CFFF60B104F00EFF4FF4007314F0040F31
S31508017B9814BF424A424A13650422424B5A64E9060B
S31508017BA806D514F0100F14BF00221B223E4B5A6546
S31508017BB82A0618D5230611D54FF40012374BDA646D
S31508017BC81DF08AF90E210746032003F0DBF840F277
S31508017BD80122354B3846DA621DF071F9214606F15C
S31508017BE8F80003F047F9EF0503D5E0053DD503F09D
S31508017BF8B7F8A90503D5A2053AD503F0BDF815F4D2
S31508017C088C6F1DD014F4806237D096F82530DB07BF
S31508017C180CD5F28DB6F82A3193422CD0B6F82C3108
S31508017C289F1A7B427B41214A82F8DC30D6F8E41058
S31508017C38304618F0E4FF80221D4B98671D4B1A61E0
S31508017C482B0510D504F0AEFE1B4A14F4006FD2F8C2
S31508017C58F03E14BF43F0006323F00063C2F8F03E18
S31508017C680422104B5A640020F8BD03F073F8C0E7E4
S31508017C7803F07CF8C3E70123D5E76805D6D596F856
S31508017C882530D907D2D5094B114683F8DC200B4B89
S31508017C9830461B689847C9E7006000B8005001B824
S31508017CA8006001B8002002B8004000B8003E00B0E4
S31508017CB8003F00B0000002B8003000B07021002073
S31508017CC8014B1868704700BF5821002037B51DF0C9
S31508017CD803F9002401230022CDE9003400230546CF
S31508017CE81946104604F0ACFA022002F069FB064B65
S31508017CF821461C60054B02205B68984728461DF0FB
S31508017D08DEF8204603B030BD60210020442A002051
S31508017D182DE9FF4102290D4616469846039004D1D6
S31508017D28FFF7D4FF04B0BDE8F0811DF0D5F81E4F62
S31508017D3804463B683BB1B34205D01DF0C0F80023A1
S31508017D4821203B60EEE7194B0022C3F800803E600C
S31508017D58002301264FF0000810461946CDE90066AA
S31508017D6804F06EFA124B022083F8008002F028FB11
S31508017D7843462A46022003A902F040FB0D4B039A03
S31508017D881A6008B92046D8E70B4D2B689847212869
S31508017D9804D020461DF093F80020C3E731466B68E6
S31508017DA802209847F5E700BF602100205C210020E2
S31508017DB85625002058210020442A0020044B5B6ED2
S31508017DC85B054EBF0120034B187800F00100704788
S31508017DD800C001B85625002090F826305A1F012AF6
S31508017DE801D9082B05D14B7C93B1012B12D0022B53
S31508017DF812D0D0F858311B0608D5D0F8983003F0B8
S31508017E08FD030D2B02D18B8A1A2B07D818F050BF00
S31508017E180348704703487047034870470348704743
S31508017E2820A1070048E8010040420F0080841E008F
S31508017E380A78022A11D0101F4242424152004B7851
S31508017E481201022B0BD0191F4B424B415B00054906
S31508017E58054842EA8312FFF7B5BC0122EFE7012379
S31508017E68F5E700BFF0FFFF00058E01080B78022B26
S31508017E7810D0181F434243415B004A78022A0BD0A7
S31508017E88111F4A424A4152000F21044843EA820215
S31508017E98FFF798BC0123F0E70122F5E7318E0108BF
S31508017EA82DE9F8430E780446042E0D4690F83081DC
S31508017EB80BD100275FFA87F9484601F079FE08B120
S31508017EC84E4602E00137042FF4D1304601F070FE20
S31508017ED8002849D094F83031B34209D1AA88D4F890
S31508017EE8A4309A4204D16A88B4F832319A4238D011
S31508017EF884F83061AB883046A4F834316B88A4F825
S31508017F083231AB8804F59875C4F8A430FF2384F890
S31508017F182B3019F07EF884F82A00284601F0D8FD96
S31508017F2818BB284601F03AFEF8B9D4F8E03053B13F
S31508017F3894F83011414506D02046B3F91220EEF7D8
S31508017F483FF884F83901204601F0B0FE0949A4F83A
S31508017F5834010123084AD1F8FC1004F1F80003F0AA
S31508017F681DFF0020BDE8F88321200C2384F8303151
S31508017F78F8E700BF004F00B0A43F00B070B505464A
S31508017F8890F830010C460C281FD0FF2901D1212071
S31508017F9870BD1AB14FF0FF320D4B1A6019F039F856
S31508017FA8064695F8300101F073FE844228BF044657
S31508017FB8E4B2B44238BF3446E0B285F82B0001F082
S31508017FC893FFFF28E3D00020E2E70220E0E700BF9D
S31508017FD85C2A002010B590F8303104460C2B44D0A1
S31508017FE8D0F8E03080F82A10DBB3D0F8F020D2B9FF
S31508017FF890F839318B421CD300222046FFF7BEFF81
S3150801800848BB1B4B1B7813F0FD0F23D1204601F003
S315080180184DFE18490123184AD1F8FC1004F1F80055
S3150801802803F0BCFE16E0B0F94220B3F912309A42C1
S31508018038E2DD0022204694F83911FFF79FFF50B96F
S31508018048C4F8E000204618F0F6FB4FF6FF7398428D
S31508018058014601D1002010BD2046BDE81040FEF7B3
S31508018068A9BEFF2380F82B30F4E70220F3E700BF07
S31508018078122B0020004F00B0A43F00B0F0B504460B
S315080180888FB001F0B5F8D4F89C300546012B00D01D
S3150801809810B128460FB0F0BD6C49204619F00FF803
S315080180A8D4F8E0600146E58DC4F8E4003EB13368CA
S315080180B82BB15B681BB11A68032A00F2A4801CF06D
S315080180C80BFF01462046FFF737FB074608461CF013
S315080180D8F6FED4F8E410B3898DF80E70EB1A9BB244
S315080180E8D6E9012000FB03225948ADF80C3003688C
S315080180F80292994207D0204618F081FD80225549F7
S31508018108554B88671A61554D534E00F053FE0128A1
S31508018118FBD12B6CDB07F8D4736CDF01F5D4D4F8E3
S31508018128E41020460D919DF80E20029908AB03F03C
S3150801813897FB002847D100F03DFE0128FBD1464AA6
S315080181484649536CD801FCD40B6CDB07F9D408A94A
S3150801815801A803F0FDFC0546002834D1E28D404B01
S315080181685A6494F8243060F3410384F8243001F002
S3150801817831F9D4F8E0305969431E0E68DBB2FD2B94
S31508018188049624D84B680128059330D10126DF1CAB
S3150801819806D90133334B5B6846D0DA1C41D80593B7
S315080181A8024604A9204601F0D7F8002E7FF471AFDC
S315080181B8D4F85431990529D494F8243043F00203A4
S315080181C884F8243065E7022528460FB0F0BDF71C68
S315080181D813D9244B01361B6818BF0126DA1C1BD88C
S315080181E804934B68FF280593D1D00020D8E70246A7
S315080181F8204604A901F0B0F84BE74B68FF28059318
S31508018208C4D02A46F4E79F6A7F0E64E720464FF4EE
S31508018218803118F08FFB3CE7FF284B6813D005938C
S31508018228C3E7FF28C1D1E0E7DE1C06D80246204687
S3150801823804A9059301F090F8BAE7FF28B8D10022F6
S31508018248204604A9F6E701200593A0E7FC4F00B0EC
S315080182584C210020003F00B0000002B800C002B857
S31508018268008001B8642A002038B590F83C510446C4
S31508018278002D37D01CF030FE1F221B4B013D1A6515
S315080182881540A3F580531D65D4F84021A3F58053FD
S315080182989A67D4F84421DA67D3F84031DB071AD547
S315080182A8D4F8E430DBB11A68102A18D9196D4FF0D9
S315080182B8FF3320290A4628BF202219B1C2F1200214
S315080182C89340DB43084AC2F84431D4F8A020134046
S315080182D8064AC2F84431BDE838401CF0F0BD4FF0F3
S315080182E8FF33EFE738BD00BF006001B8005001B899
S315080182F82DE9F0410B460646154611B92120BDE878
S31508018308F081002AFAD0032905D8002201F0FCFADF
S3150801831803460028F2D01C889A78B4F5804F02F0F3
S31508018328070180F08680A1F1070C1879DF88DCF14E
S31508018338000343EB0C0305292B7394BF0023C2F3EF
S315080183480013C2F3801C6B73930985F810C003F0F8
S315080183580203C2F3C00C43EA0C03C2F34012E874E1
S315080183686B74AA74D6F89430AF82D8064DD40639F8
S3150801837801294AD8B6F81280F76908F1FF38083C86
S3150801838804EA0804395D2C4B80295B6D08BF6FF038
S315080183987F014FF000031CBF323949B2A973AB609C
S315080183A896F82600013404EA080460BB3B5D5B01C4
S315080183B803F47E63FF2B9CBFDB43D8B2D6F8EC30B7
S315080183C803B19847631CE87303EA0803F95C0133A8
S315080183D803EA0803FA5C013303EA080341EA0221BE
S315080183E8FA5C013303EA0803F85C41EA024100230F
S315080183F841EA00616A7C304603F098FD0623286045
S31508018408AB7100207BE71846DCE700230020EB73F5
S315080184180A4BDA69C2F30723120448BF63F0FF035C
S315080184285AB212F1800F1CBF323B5AB2AA730346DD
S31508018438E5E7022063E700BF004000B800C000B8BE
S31508018448F8B507460E468C88FFF7C6FC97F82670D6
S315080184580546082F737C0CD1012B0AD80146012041
S3150801846803F058FD421C01D10220F8BDE30003338D
S315080184780EE0053FFFB2012F8CBF002001202946D7
S3150801848803F048FD431CEFD0012F4FEAC403EED988
S315080184980E4A0344D2F8AC10326801F01F01A2EB68
S315080184A8C10203213260B171002DDDD0B3F5803FD9
S315080184B8DAD84FF22440690900FB03132D09B3FBE7
S315080184C8F5F3D21A00203260CFE700BF003E00B0AC
S315080184D870B54FF03A434FF480640A4DD3F81861E2
S315080184E80020C5F81841C5F8144104F021FB4FF4DA
S315080184F800532B67730542BF034BC5F81441C3F8EC
S31508018508184170BD002000BA001000BA082310B13E
S31508018518024A53647047024AFBE700BF001002B8D3
S31508018528002002B82DE9F04104460E4619B990F81B
S3150801853824305A064AD44FF6FF73618ED4F8E4708C
S31508018548994204D0334B1B680BB120469847324DE4
S315080185582B68BB4256D0314B1B6833B1002F54D018
S31508018568396801B1B968204698474FF00708204687
S3150801857801F09CFB002E3AD0294B93F90030C3F140
S315080185881C0317B197F926209B1A062094F9276028
S3150801859824499B1B0A6ADB0222F4FF2203F4FF2300
S315080185A813430B62D4F8E4201F4B2A60986701F03D
S315080185B837FD002501211D4A1D4B1170204683F8F8
S315080185C8845018F079FC2846BDE8F0814FF6FF710A
S315080185D8114DD0F8E4702A6866F38613BA424186C3
S315080185E880F82430B7D101F061FB4FF00108114A30
S315080185F84346D2F8FC1004F1F800A2F65C7203F0BF
S31508018608CDFBB9E74FF00108B1E739462046984747
S31508018618ABE700BF542100204C210020502100203F
S315080186285325002000C000B8006000B85525002071
S31508018638003F00B0004F00B0054A12681AB190F819
S315080186481E1119B91047084602F0AEBB0148704712
S315080186584821002000FEFFFF3A4B2DE9F7431C6825
S3150801866801F4007900F00103174653EA09020646A0
S315080186780D4640D04FF0000893B30023002201208D
S315080186880021CDE9008803F0DBFD41462046FFF7C6
S31508018698D3FF012241462086104618F099F8D4F8E6
S315080186A8941004F1F80002F0E5FB27490868FFF77A
S315080186B85FF84FF0FF330B60244B1A68511C06D03C
S315080186C86FF07E402249C863A1F58051CA634FF00D
S315080186D8FF321A6094F8243043F0040384F82430EE
S315080186E8B9F1000F07D00121204618F023F925F41E
S315080186F8007506430D432B4632462046FFF7AAF86E
S31508018708FB070FD51349144A086800211368116035
S315080187180121124A117003B19847114B0021022011
S315080187285B68984717F00E0F08D04FF4FD723B2186
S31508018738002003B0BDE8F043FEF7DABB03B0BDE895
S31508018748F08300BFDC1E0020502A00204C2A002096
S3150801875800E000B85C210020602100205625002091
S31508018768442A002008B558220021064818F046FE72
S315080187781022FF21044818F041FE04F097FF002053
S3150801878808BD00BFF43E00B0383F00B06F2273B58C
S31508018798C0F800218622A0F8142164220C23C0E916
S315080187A84122C0E9432207224FF0FF35002680F807
S315080187B830314FF6FF730446C28700F14C028264D2
S315080187C8204AC385A0F840304263038780F82930D8
S315080187D8438580F82760C0F8A450458680F82C5050
S315080187E803F010FF2046FFF7BDFF0122164B20466E
S315080187F8C3F8382294F92710FFF74EF96023134A6C
S3150801880841F6FF71D3644FF03A4211631167104A72
S315080188182946D36440220F4B20465A64D4F894203B
S31508018828FFF794F90E230022CDE9003340F202231B
S315080188381046194603F004FD01F0D4F9304602B092
S3150801884870BD00BF4000FFFF005001B8004000B8E6
S31508018858005000B8002002B8044BD3F8F03E13F0D4
S31508018868806F14BF23200020704700BF003000B076
S315080188780246F8B5B0F8344100F1F805FFF7ECFF00
S315080188880B688E68013304BFD2F800310B604B6858
S31508018898013304BFD2F80C314B60771C3BD1D2F8AF
S315080188A80831CF688B607E1C3CD1D2F804610F6908
S315080188B8CE60013704BFD2F8F8700F614F690137E6
S315080188C804BFD2F8FC704F618F69013704BFD2F82B
S315080188D810718F618F6967BBC0F1640408688C6180
S315080188E810B16F2838BF6F20C2F808314B68C2E942
S315080188F84006C2E943340B692846C2F8F8304B6981
S315080189080F49C2F8FC30D1F8FC1007230D4A03F0C9
S3150801891845FA0020F8BD04F16F031B1AB34238BFA4
S315080189283346BEE704F18606361ABE4238BF3E46C6
S31508018938BDE76F34241ABC4238BF3C46CEE700BFB0
S31508018948004F00B0A43F00B038B50446074D21468C
S315080189582868621C003818BF012002F01DFC2B6824
S315080189680020003B18BF0123A37038BD64210020ED
S3150801897838B5054C054B417800782568236002F01F
S3150801898893FB00B1256038BD64210020CC7003082B
S3150801899870B51CF0A1FA05460B4E00F00BFA012832
S315080189A805D028461CF08BFA0224204670BDF368C8
S315080189B813F0706FF1D1F46814F08054EDD128469C
S315080189C81CF07DFAF1E700BF000002B80A4B10B5A2
S315080189D81B68044673B1094B48B10121084A1A6054
S315080189E8022003F023F90020064B1C7010BD01462E
S315080189F81860F5E70220F9E76421002068210020BC
S31508018A08C470030857250020014B1878704700BF22
S31508018A185725002038B51CF05FFA4FF6FF710A4A48
S31508018A2813888B4203D11CF04AFA0E2038BD074C2D
S31508018A38074D1B046567A4F58054636711801CF00C
S31508018A483EFA0020F2E700BF102B0020006001B8AB
S31508018A580000FFFF2DE9F74304460F4615461E4653
S31508018A68FEF7BCFF28B3204617F09FFF78B97A4B63
S31508018A78D3F8F02E1EB10E2003B0BDE8F08302F03C
S31508018A883003102BF7D002F0C002402AF3D0DFF8E2
S31508018A98F88103F0B5F8D8F81430D907EBD51CF0E6
S31508018AA81BFA0646032001F089FD20B130461CF061
S31508018AB806FA0220E0E7D8F8142012F00608F5D1DC
S31508018AC830461CF0FCF9644B4FF400612046D3F894
S31508018AD8F09ED3F8C86E04F0DFFD40B14FF400727A
S31508018AE801215E4B08465A64424617F071FE94F80E
S31508018AF82530DA0707D5D4F894305B0542BF4FF419
S31508018B080022574B5A6439462046FEF753F9524B09
S31508018B18C3F8F09EC3F8C86E0028ADD194F824307E
S31508018B28980601D4002D58D0C5F3400003F000FF7C
S31508018B38022315F4807F1FBF494A002153644FF069
S31508018B483A420BBF454A91615364536303F02AFFBE
S31508018B584FF4806315F0040F14BF424A424A15F0D0
S31508018B68400F13654FF004023C4B28465A644FF0F0
S31508018B78400314BF3D4A3E4AC2F8B830FEF744FEE0
S31508018B88204618F0C2F838B14FF4807315F0010F72
S31508018B9814BF334A314A5364A90647D54FF6FF72BB
S31508018BA8B4F8403093420FD0324A3349526F100C09
S31508018BB8C2F301120132B3FBF2F30880294A2A49A2
S31508018BC82E481B0448675367003D18BF012594F8CA
S31508018BD8243065F3451384F82430204618F069F9DA
S31508018BE8F0B1204618F091F8D0B14FF4003120467B
S31508018BF804F052FD431C03229BB2214801A918F02F
S31508018C08C5F99DF8042002F00703052B9DF80530E0
S31508018C1815D112070DD443F480731A4AC2F8D03015
S31508018C28002003B0BDE8F04318F0EEB9FFF7F2FEED
S31508018C38CAE713F0040F09D19DF80630EBE703F0EC
S31508018C483002202A05D113F0010FF4E74FF4807397
S31508018C58E3E79DF80630E0E7003000B0002002B8E7
S31508018C68001002B8005001B8006001B800D000B879
S31508018C7800E000B8004001B8102B00200000FFFFF3
S31508018C880C0000BA003E00B000C001B808B50B4B8D
S31508018C98D3F84C114B1C10D011F080410DD1084B5B
S31508018CA81B6813B10320FEF715FE4FF08062054BCA
S31508018CB81A6501225A6102229A6208BD0080E00FEC
S31508018CC8DC1E0020001002B84FF40022034B586C32
S31508018CD803F500535A64C0F3C0407047000002B850
S31508018CE8024B034A00201A60704700BF5021002032
S31508018CF85D760108024B586900F00100704700BF0C
S31508018D0800C001B808B50D4B5A69D10710D518B96D
S31508018D18BDE8084001F02EBB5B69DA070DD401F0FE
S31508018D281BFB0323064A1364A2F58052536404E025
S31508018D385B69DB0701D40028F1D108BD00C001B879
S31508018D4800E0095090F92430002B0CDA4FF08053D3
S31508018D58064A29B19360A2F58052D360002070476C
S31508018D68D3609360FAE70E20704700BF006001B828
S31508018D784FF0806310B1024A53617047014AFBE715
S31508018D88001002B8002002B8202350B1064AC2F8DA
S31508018D98F433064B196C11F0020104D1032002F0D1
S31508018DA845BF034AF3E77047001002B800C002B886
S31508018DB8002002B80F4BDB68C3F30363013B0B2B97
S31508018DC80FD8DFE803F006060C06060606080A08A1
S31508018DD808080220704704207047052070470320B9
S31508018DE87047054B5B6913F0060F0CBF0120042079
S31508018DF8704700BF000002B800C001B8094AD36825
S31508018E08C3F303630B2B08D06FF49050184100F095
S31508018E18010080F0010040007047506C10F4803062
S31508018E28EDD17047000002B80C4AD368C3F303634F
S31508018E38062B07D8042BD8B20BD8C31E584258415B
S31508018E4840007047072B06D1D2F868010028ECD1F3
S31508018E587047022070470020704700BF000002B81B
S31508018E68094BDB68C3F303639A1E012A8CBF0022E8
S31508018E780122012B02701EBF4FF4026222FA03F384
S31508018E8803F001030B707047000002B8024B1B6818
S31508018E9803B11847704700BF7C210020024B1B68A5
S31508018EA803B11847704700BF7821002011F0010364
S31508018EB811D09AB9552391FAA1F193FAA3F34A085D
S31508018EC81B0F490042EAC37201F00203C0F8A02049
S31508018ED880F82830704722B9AA23ECE70023024A0A
S31508018EE8F4E7014AF2E700BFB75635120F2370B502
S31508018EF81B4C11F0010F63671A4B14D09AB901225A
S31508018F085A674FF0FF32C4F84421D0F8A020C3F8B5
S31508018F1844214FF07042C4F8482190F828201207D6
S31508018F28C3F8482170BD4FF0FF3602255D67C4F8BE
S31508018F384461D0F8A060C3F844614FF07046C4F89C
S31508018F48486190F828402407C3F84841002AE9D01F
S31508018F58836C19604FF03A43C3F8F450E2E700BF4F
S31508018F68006001B8005001B813B590F826300446D8
S31508018F78033BDBB2072B96BF104A0021D15CFEF7EB
S31508018F88A3FC012001F05CF94FF4F0620C4BDA649A
S31508018F984FF40072A3F58053DA6494F82630053B3A
S31508018FA8012B08D80421074B01229B6F0DEB010001
S31508018FB8019300F03FFB02B010BD00BFD87003084B
S31508018FC8006000B8004001B8012310B580F81631D1
S31508018FD82823C0F8FC300423044680F82630044BBD
S31508018FE8196817F004FC2046FFF7BEFF002010BDDC
S31508018FF880210020012310B580F816312823C0F8EE
S31508019008FC300223044680F82630044B196817F009
S31508019018EEFB2046FFF7A8FF002010BD0C6B0308DE
S31508019028012910B5044604D90239012915D90E2092
S3150801903812E00C4B19680523012284F816214FF40E
S31508019048BC7284F82630C4F8FC20204617F0CFFBFA
S315080190582046FFF789FF002010BD034B1968062330
S31508019068EAE700BF146B0308186B0308012310B558
S3150801907880F816314FF4BC73C0F8FC30082304464F
S3150801908880F82630044B196817F0B1FB2046FFF71C
S315080190986BFF002010BD00BF1C6B030838B5194BC0
S315080190A804461D6845B1EB6833B1286801F096FD99
S315080190B8AB68186801F092FD134B144A1B681360D4
S315080190C82BB1DA681AB19B68186801F087FD104B4D
S315080190D81B682BB1DA681AB19B68186801F07EFD1E
S315080190E80C4B1B682BB1DA681AB19B68186801F032
S315080190F875FD2046FFF77EFF2046BDE83840FFF795
S3150801910833BF00BF0C6B0308106B030880210020CE
S31508019118146B0308186B0308F8B5D0F840310446F0
S315080191288B420D46164603D190F83C31202B0ED0BA
S31508019138324629462046FFF7B9FE202384F83C31F2
S315080191480023C4F84051C4F84431FFF78DF84FF0AD
S315080191580077074B32465F6429462046FFF7C6FE65
S315080191688022044B1A6103F500535F64F8BD00BFFA
S31508019178001002B8000002B8072330B5144CE3639F
S31508019188144B61B94FF480424FF48041C3F8081172
S31508019198C3F80C21C3F81021C3F8142130BD44259E
S315080191A80D4940F040004D6388630121D9634FF4A6
S315080191B880414AB1C3F80811054BC3F80C11C3F825
S315080191C81011C3F81411E9E7C4F80811F4E700BF48
S315080191D8006000B8005000B8004000B8034BD3F847
S315080191E8F80780F00070C0F340607047000002B8C5
S315080191F810B590F82630022B08D11B4BD3F89C10D2
S3150801920831B9C28D272A0ED90E2002E0042B01D0C6
S31508019218002010BD144BD3F89C30002BF8D1C28D11
S31508019228272AF1D80121114B1868114B984214BF06
S3150801923831246FF003040C4818BF0023A0F8B64080
S3150801924808BF012350246343282404FB0133094931
S315080192581944895CFA31A0F8BC1007490B449A5C91
S31508019268064B1A70D4E700BF003E00B0A8210020BB
S3150801927800F04902D0710308E07003085825002058
S3150801928810B590F82600A0B1304BD3F8A42012F0F7
S31508019298060F01D004280DD94FF470622C4BDA60F9
S315080192A84FF48072A3F58053DA600022274BC3F87E
S315080192B8A02010BD02F0020412F0040202D00B78B5
S315080192C89B0637D4002C39D00B7803F00F03072BEC
S315080192D834D14B78022B31D98B7813F03E0F2DD028
S315080192E8CC7814F0040F29D014F0010F0CBF04230D
S315080192F80A23A40748BF0633CB5CFBB1002A14BF6F
S3150801930802220122042840F6FF7003F01F0108BF54
S315080193184900013940EA01310E4801654FF4706088
S315080193280B491202C860A1F58051CA60074AC2F8FA
S31508019338A030BEE7002CC7D18B7823B90023054A8C
S3150801934813650122EAE70222DCE700BF003E00B006
S31508019358006000B8004000B810B5124B0C68C3F895
S315080193687842C3F87C42C8B1D0F8E030B3B15B693A
S31508019378A3B1501EC0B2FD2812D9013404BF6FF03B
S31508019388010008600868FF2A186007D14A6801328F
S3150801939802D16FF001024A604A685A60002010BD7E
S315080193A8012AF2E7004001B8FF2818BFC3434FF066
S315080193B8180108BF1023064A18BFDB00C2F8FC13B8
S315080193C818BF03F00803A2F58052C2F8FC337047A8
S315080193D8002002B8024BD3F8F807C0F3C04070471B
S315080193E8000002B84FF03A43D3F81421D2031ED528
S315080193F84FF480320E49C1F81421A1F58051C1F8FC
S3150801940818215A6DD1B2C2F30722C3F8A410C3F8BA
S31508019418A4200422C3F8A4200022C3F8A420C3F870
S31508019428A420C3F8A420C3F8A420C3F8A42070472D
S31508019438002000BAF0220B4B01219A64A022A3F559
S3150801944880539A644FF03A43826CC3F8F410FC21AE
S31508019458C3F8CC10C3F8D0204FF40052C3F8F02053
S31508019468704700BF006000B8F8B54FF03A440D469A
S31508019478174606461BF030FD012304226363084B91
S31508019488E76026616561C3F814214FF40042054B6C
S31508019498C3F884211BF013FD0DB102236363F8BDDC
S315080194A8002000BA00E100E02DE9F0410546012453
S315080194B8006800F00700063004FA00F3A868EC68AB
S315080194C85E1EA04262D000EA060E6C6810441E436E
S315080194D80640A3EB0E000EEB040C8242644618D92B
S315080194E8D31A0EEB030298B1431E052B04D94B1C5C
S315080194F8ACEB0303022B59D80B460844ACEB010E17
S3150801950803EB0E0113F8014B83420C70F8D101469F
S315080195186C688AB1531E052B01F1010302D9E01AB9
S31508019528022812D80A44611E00E0013313F8010C17
S31508019538934201F8010FF8D11BF0CEFC0223AE6065
S31508019548AB62BDE8F0411BF0BABC0B46204622F0D7
S31508019558030E8E4453F804CB734540F804CBF9D16E
S3150801956822F00303D01A920701EB030C04EB030755
S31508019578E2D0CA5C0128E254DED09CF80130022800
S315080195887B70D9D09CF80230BB70D5E7042A35D947
S315080195980878043AA86148780431A86111F8020CD8
S315080195A8A86111F8010CA861A8688CE70B4620F098
S315080195B803070F44ACEB010E1C684EF8034004334D
S315080195C8BB42F9D120F0030310F0030F01EB030E98
S315080195D8A0EB03040CEB030728D011F80380012C30
S315080195E80CF8038022D09EF80130022C7B7018BF34
S315080195F89EF80230084418BFBB7088E7013A032A67
S3150801960812D8DFE802F00F1507020B4613F8012BEB
S315080196181946AA610A4612F8013BAB61114611F8C7
S31508019628013BAB610B78AB61BDE8F08108446EE795
S315080196380A46F3E738B50B46154601464FF03A444C
S3150801964868B101221048C4F8F4201A46FFF72CFF1E
S3150801965825B14FF03A430422C3F8F42038BD73B153
S31508019668D4F8D8209A4284BF0122C4F8F4204FF0CE
S315080196783A42C2F8D4300223C2F8F430E8E70123A3
S31508019688C4F8F430E4E700BFCC0000BA38B504469C
S315080196981BF022FC4FF03A420121638F05465167B8
S315080196A84BB3B3FA83F3C3F11903DBB2A069C2F862
S315080196B8B410C2F88C300723C2F89000C2F8B0304B
S315080196C84FF4A02302F50052C2F81431A2F58052CC
S315080196D8C2F8183100220C4B1A600C4B5B6C5B0202
S315080196E809D54FF480020A4B04F1F8005A64D4F8F4
S315080196F8941001F0BFFB4FF4E0232846E363BDE865
S3150801970838401BF0DCBB00BF84210020000002B8EA
S31508019718002002B82DE9F84305460C46B1B1D0F840
S315080197281880478F1BF0D8FBB5F83CC0791E01EAAB
S315080197380C0323F00702032C0646DFF8F8E0424437
S315080197485FD1DEF8004024B91BF0B9FB0E20BDE84D
S31508019758F88324F00104DEF8000020F00100A04295
S3150801976854D10023CEF80030238894426FEA434344
S315080197786FEA534323803FD1EB8F08EB0709184655
S31508019788083880B202F108044C4528BF444608281F
S3150801979804D9B4F800E0BEF5804F41D263440F43BB
S315080197A81B1A3B409BB2AB87E887947811884FF020
S315080197B83A42C1F30C019165C2F89830C2F8B00073
S315080197C84FF48022174B04F00704C3F814214FF409
S315080197D80042154BC3F88421FFF704FE042C0BD16C
S315080197E84FF48002114B05F1F8005B6C104B5A6473
S315080197F8D5F8941001F03EFB30461BF060FB0020BB
S31508019808A5E7601E012898BF1446A4E7E88F4344D4
S31508019818E31A48BFDB1908389842A5DC304693E7AE
S315080198282246ADE7002000BA00E100E0000002B8D0
S31508019838002002B884210020154B10B51968CA8F73
S315080198488B8F488F13440138073B8C69034023F0F3
S3150801985807031C4402F108034FF03A429BB2CB872F
S31508019868C2F8B0304FF480220A4BC3F814214FF4DA
S315080198780042094BC3F88421A07800F007000428A0
S3150801988803D1064AD3681B03FCD4054B1C6010BDDB
S31508019898DC1E0020002000BA00E100E0000002B842
S315080198A88421002010B5064C216839B1CB0703D4A9
S315080198B8044B1868FFF72EFF0023236010BD00BF6D
S315080198C884210020DC1E00204FF480320C4B0D4900
S315080198D8C3F818214FF03A43C1F81421D3F8AC104C
S315080198E8D3F88C20012302F0070206329340C1F30C
S315080198F80C01083B994201D8FFF774BD704700BFB0
S31508019908002000BA001000BA2DE9F04780460C4637
S3150801991816468769458F1BF0DFFAB8F83C2005F12A
S31508019928FF3C02EA0C0323F00701032C824639445B
S31508019938B8F83E0019D14A4C24689CB90244073A3A
S3150801994802EA0C0222F00702BC183B44E31A48BF94
S315080199585B19834210DB50461BF0B1FA00242046F6
S31508019968BDE8F08724F00104EFE7012C02D0022CA8
S31508019978EBD108380C46E8E7002E3FD08C4241D196
S315080199884FF03A42D2F858904FF03A41D1F8AC2004
S31508019998B8F81270C2F30C02934247DA2588B5F56E
S315080199A8804FD8D2A378C5F30C0503F007037A1EAE
S315080199B8A5EB09053A43052B337005EA02052DD8A7
S315080199C82DB2E84340F23D420421C00FFDF790FA53
S315080199D87580E3783374D8F81C207B1E03EA0903DB
S315080199E8D118B160A9B213FA85F5AF422FBF002382
S315080199F8FF1AB780F26024BFB180F36050461BF0A6
S31508019A085EFAACE7A4F10802974284BFED0802EBB7
S31508019A18C502B2F80090C9F30C09B5E7114B5B6D9D
S31508019A28003B18BF0123A5EBC305C9E74B6D7A1E91
S31508019A38A3EB09033A431A400B4915B2002DCB6823
S31508019A480BDCC3F30363D81E43424341DB0033707F
S31508019A58CB6C72801B0A3374BDE70823F7E700BF8E
S31508019A6884210020004000B8000002B8054BA8224E
S31508019A78D3F84C013121431C0CBF0120C0F3807077
S31508019A88FDF736BA0080E00F10B50F4B1C78ACB954
S31508019A980E4BD3F8F8375B0309D490B10F23441E4C
S31508019AA8B4FBF3F410300444E4B2204610BD40F682
S31508019AB81D023F212046FDF71BFAF6E70001C4B24D
S31508019AC8F3E71024F1E700BF122B0020000002B8C3
S31508019AD838B5294D0446297819B92022274817F097
S31508019AE88DFC2378264A6188137051804FF2F0025B
S31508019AF82449C1F8C821244A4BBBA1F50051D1F81C
S31508019B08F81711F4002F4FF0FF011CBF1F48C0F8C2
S31508019B18DC3011704FF040731A4AC2F834311C4BC5
S31508019B28D3F8F83713F480230BD14FF47F01C2F821
S31508019B3830111849C1F8303148F2C801164BC3F833
S31508019B48F4100723C2F8FC330122124B0DE0002456
S31508019B580E48022BC0F8DC404FF0FF001070D9D12F
S31508019B6807230422C1F8FC330A4BC3F8FC23012353
S31508019B7800202B7038BD00BF59250020E03F00B0F2
S31508019B88122B0020002002B8332B0020004001B810
S31508019B98000002B8001002B8003F00B0034B1A686B
S31508019BA802609B8883800020704700BF122B002023
S31508019BB810B5044600F024FF094BD3F8F80734B961
S31508019BC800F44020B0F5402018BF012010BD022C32
S31508019BD80ABF80F400300020C0F34040F6E700BF12
S31508019BE8000002B82049D1F8FC37FF2B31D01F48AD
S31508019BF8C3F303120270D1F8F81703F00F03090328
S31508019C085BBFC2EB02120F3B02F1FF32D2184ABF01
S31508019C1803EB0213D3B2DBB2154A16491370097856
S31508019C28154B1A68E9B1B2F1A06F1AD3D3F85012D5
S31508019C38124A134BB1F1FF3F18BF1346114A136075
S31508019C4841F66A02104B1B68B3FBF2F30F4A13601D
S31508019C587047D1F8F83713F4002F0CBFB4235A23E9
S31508019C68DAE7074BEAE700BF000002B8342B002001
S31508019C785B250020322B00200080E00F5082E00F80
S31508019C88C072030888210020A82100208C21002001
S31508019C9820B1022804D1034B18787047024BFBE719
S31508019CA800207047342B00205B2500202DE9F74F4B
S31508019CB8D0F8A4404C22022C38BF02247B49013C27
S31508019CC8CB6CD1F8DC507A49C3F38213DA400B68B6
S31508019CD80646A34290F83071764BDFF800A2DFF802
S31508019CE80092DFF8008202F0010216D11878904234
S31508019CF813D19AF80000B8420FD1D6F8A80060B176
S31508019D08A8420AD196F82B5099F80000854204D141
S31508019D18B8F8040003B0BDE8F08F98F800001A7087
S31508019D280C60FFF7B5FF0346002A00F0918004236B
S31508019D384FF07F41604AC2F8BC30604BC3F8BC108B
S31508019D4896F82B301B06C2F8BC30002040F2712267
S31508019D585B4B19211B68B3FBF2F36343182BB3FB5F
S31508019D68F1F14FEA004400F29380002C00F09B8041
S31508019D78B4FA84F2C2F12002C2F10F03012B38BFEB
S31508019D880123D440A14201D2013B6408421C03F0D5
S31508019D981F0152008A40121BDFF838B19208CBF826
S31508019DA8B0201A0242EA03121343019300EB002377
S31508019DB800EB0325434B40F6970218682B21003818
S31508019DC818BF0120FDF794F8FA223E4B02FB04F06E
S31508019DD81B6840F6FF72B0FBF3F00A2358433A4B67
S31508019DE800F57A74C3F8D820019AA3F58053C3F805
S31508019DF8D820364AA3F58053C3F8DC50D2F8F82799
S31508019E08520308D4D3F8DC3003F47F02C3F30353AF
S31508019E181343CBF8FC30C6F8A8502D4D00F6B830D8
S31508019E282C6001F045FF4FF47A722A4BC3F8A40057
S31508019E38C3F8F8002B68B4FBF2F0B3FBF2F3A8F801
S31508019E48043096F82B308AF8007089F8003061E7F3
S31508019E5896F82B00984228BF1846C0B22FB1022F90
S31508019E687FF473AFFFF710FE70E7184BD3F8F8378E
S31508019E781903F7D450B10F230138B0FBF3F00130B9
S31508019E88154B1B68034413F8010C5FE70120F7E734
S31508019E98B1FA81F23CB1B4FA84F3D21A002A3FF72F
S31508019EA86BAF0F236EE70F2370E700BF004001B8B9
S31508019EB85C2A00205A250020001002B8002002B8A2
S31508019EC8A82100208C210020006001B8000002B8F2
S31508019ED890210020003F00B088210020312B002066
S31508019EE8302B0020122B002038B5254B05461A7849
S31508019EF8244C0C2A02D1FF20207038BD104617F0D1
S31508019F0888F801461046FFF7C3FEA84228BF284627
S31508019F18C0B2884238BF08462378C0B28342ECD01B
S31508019F2820703ABB184BD3F8F83713F4002321D11C
S31508019F384FF2F001154AC2F8C811C8B10F23013802
S31508019F48C0B2B0FBF3F3591CC3EB0313C01A431C85
S31508019F580D4A1B01D2F8C80143EA01330343C2F883
S31508019F68C831D2F8C8210A4BC3F8FC202078C4E7BF
S31508019F780121EDE7074B1868FFF798FEF6E700BFDA
S31508019F88122B0020332B0020000002B8002002B84B
S31508019F98003F00B0DC1E0020014B1870704700BF57
S31508019FA8322B002010B50446FCF7F0FC78B1154BA6
S31508019FB81B786BB964B1144B1B784BB1134B1B78DF
S31508019FC8013B012B04D84FF40042114B1A6510BD09
S31508019FD8104B1B6D1B04FAD41AF07EFF044602F0D7
S31508019FE8E1FC4FF400420C4B2046BDE810401A65C7
S31508019FF802220A4BC3F814250422054B5A641AF09F
S3150801A0085EBF00BF5C2500205D2500209421002045
S3150801A018002002B8000002B8001002B800D00350A8
S3150801A028054BD3F8843013F0030F4FF4802314BF7C
S3150801A038024A034A93647047004000B8005000B8C2
S3150801A048006000B873B5054600F0DAFC01213A202C
S3150801A058E8F76EFF3D4C3E4B00201D70FFF7A2FF47
S3150801A0682378013B012B08D8E37B01A88DF8043036
S3150801A078237C8DF8053009F0E8FB0022354BC3F837
S3150801A0881425A5B94FF6FF71334AC2F88410F82189
S3150801A098A2F58052C2F88410C3F814552F4B4FF015
S3150801A0A880421A650020FFF7BBFF02B070BD6268DF
S3150801A0B85AB32B4B1B6803EB5203B3FBF2F3013B71
S3150801A0C81B0243F0F80326782349022E254A1ED097
S3150801A0D8032E4FF6FF751F4826D0012E2FD143F0C0
S3150801A0E80203C1F88450C2F884300723C0F814352E
S3150801A0F8E37B01A88DF80430237C8DF8053009F037
S3150801A10868FB0120FFF74EFF17E0F823DBE74FF658
S3150801A118FF7043F00103C1F88400C2F884300622AF
S3150801A1280C4BC3F81425E3E743F00503C1F884503B
S3150801A138C2F884300423C0F814350B4BAFE7C1F8CD
S3150801A1488450C2F884300023F5E700BF9421002023
S3150801A1585D25002000C00350006000B8002002B841
S3150801A168A8210020005000B8001002B8F0B52B4FFE
S3150801A17806463D4604460FCE0FC5336885B02B60A3
S3150801A18800F03EFC01213A20E8F7D2FE0022244BD2
S3150801A198C3F81425A17A627A42EA0142C3F820254E
S3150801A1A8217CE27B42EA0142C3F81C25217B627BBA
S3150801A1B841EA0240C3F818053B78032B2AD8DFE899
S3150801A1C803F022020C178DF8041004218DF80520D6
S3150801A1D80DEB0100002209F0A6FAE37B00228DF8AF
S3150801A1E80830237C042102A88DF8093009F09BFA66
S3150801A1F8637A01228DF80C30A37A042103A88DF815
S3150801A2080D3009F090FA074B187805B0BDE8F0400B
S3150801A218FFF718BF212005B0F0BD00BF9421002023
S3150801A22800C003505D250020034B1B6D002BBCBFE6
S3150801A238024BC3F888007047000002B8004000B80E
S3150801A2484FF0006338B1064A1365064B4FF40032DE
S3150801A258C3F884207047044A1365044BF6E700BF20
S3150801A268001002B8005000B8002002B8006000B813
S3150801A2782DE9F04700F01EFC4FF47A762D4BB0FB1A
S3150801A288F6F618604FF4FA73734307462A48190E07
S3150801A2981B021818294A4FF0000341F1000103F07F
S3150801A2A83FFA274BA0F5807205461A6320B946225C
S3150801A2B82B21FCF71DFE01254FF47A724FF0000A8F
S3150801A2C86A4353465008310203F02AFA1C4B1D4AC1
S3150801A2D8B7F57A7F9A601C4B4FEA056819601B4BDC
S3150801A2E88946044618604FEA152505D298222B2176
S3150801A2F85046FCF7FDFD01264FF47A73A8FB0301C6
S3150801A30803FB05117308C01841F100010023324601
S3150801A31803F006FA0E4B023419600E4B49F100098F
S3150801A328A408186044EA8974054B013C9C63BDE896
S3150801A338F08700BFA821002020A1070040420F008E
S3150801A34800C001B802110100B8210020B42100207B
S3150801A358B0210020AC2100204FF40022034BC3F89A
S3150801A36884215A600122024BDA60704700E100E055
S3150801A37800C001B84FF40022064BC3F88421C3F87C
S3150801A3888420BFF34F8FBFF36F8F0422024BDA6025
S3150801A398704700BF00E100E000C001B810B50446E7
S3150801A3A8A242A2EB0000A3EB010104D2034B013937
S3150801A3B89B6B0133184401F0030110BD00C001B8B5
S3150801A3C838B501250A4B02019D504FF4807304469E
S3150801A3D8084A834053661AF07FFD074AA540137851
S3150801A3E823EA05031370BDE838401AF068BD00BFB3
S3150801A3F800E101B800E001B8662500202DE9F84F0B
S3150801A408164605468A461F461AF066FD022E00F0CC
S3150801A418918080461AF07AFD5A4B5B4AD3F8209008
S3150801A42892F87D405A6EE4B2520744BFD3F8209099
S3150801A438013404F003041AF05BFD4846214600F08E
S3150801A4482BF98446DAF80000012E04BF013060446E
S3150801A458ACEB000C08BFCAF80000BCF1804F7DD3ED
S3150801A46800F02CF98145A1EB040188BF454BDFF8BB
S3150801A47838C188BF01F1FF3101F0030188BF9B6B21
S3150801A488A0EB090E0CF80510A1B1F90742BF41F670
S3150801A4981F723E4B5A67BA0742BF3C4B3C4A5A673A
S3150801A4A87B0742BF0022374B9A673C0742BF002207
S3150801A4B8344B9A6511244FF0010A324B05F1100203
S3150801A4C8120103EB051BCBF80C0132499C501A6A99
S3150801A4D80AFA05F4586E0B78A2EB0902E4B223438B
S3150801A4E872450B7025D34FF48073AB40034220D1D4
S3150801A4F81CF80520002A40D10EB3274AF8075366E7
S3150801A50807D541F61F7140F20110204B596750676C
S3150801A5185967B90706D51D4B1D4A1F491F485A676A
S3150801A52848675A677A0742BF01221D4B1A613B07DA
S3150801A5381AD440461AF0C3FC0120BDE8F88F194A17
S3150801A5482D0142F805A042F89C3C1AF0C5FC1149B0
S3150801A5580B7823EA04030B701AF0B1FC40461AF08B
S3150801A568AEFC0020BDE8F88F2120FFF75DFE4FF409
S3150801A5788032044B4046DA60DCE7074A40465366B0
S3150801A588D8E700BF00C001B8003E00B000E001B836
S3150801A59800001F1F6625002000D001B80000010130
S3150801A5A8000002B800E101B85E250020024B1878C0
S3150801A5B8003818BF0120704766250020034B103064
S3150801A5C80001185800F00100704700BF00C001B823
S3150801A5D8044B01F0F071103041F0030100011950E4
S3150801A5E8704700BF00C001B870B50646FEF782FB82
S3150801A5F8044608B1FFF7BEFE00230A4D3046AB6193
S3150801A608EB612B6200F05AF8074BC9B283F87D1043
S3150801A61828622CB1FFF7A0FE4FF08062034B5A64FB
S3150801A628002070BD00C001B8003E00B0002002B885
S3150801A63808B52220FFF7F8FD4FF48022014BDA60AE
S3150801A64808BD00BF00C001B838B51AF05FFC084B51
S3150801A658084A1D6A92F87D405A6EE4B2520744BF09
S3150801A6681D6A01341AF044FC284604F0030138BD72
S3150801A67800C001B8003E00B00346064A103302EB93
S3150801A68800111B01D1F80C01D158C1F3400116F08C
S3150801A698DABC00BF00C001B8064B1B68434303EB8D
S3150801A6A88171054B1B68A3FB003013F1004341EB8D
S3150801A6B800007047B0210020AC2100200C4A20F088
S3150801A6C84043014610B5002014684FF00042E4FBE8
S3150801A6D80320084A890F126802FB0300064B9B6B85
S3150801A6E8984204D901330131C01A01F0030110BD9A
S3150801A6F8B4210020B821002000C001B840B1836800
S3150801A70833B10649C268096803F13043032A00D8F8
S3150801A718704743F8041B043AF8E700BFEC21002008
S3150801A72870B51646054600B3F9B1F2B14268104B41
S3150801A738006803321B68920800F1304098470446BE
S3150801A74888B9EA68A86803323146920800F13040A8
S3150801A75816F099FC044630B9D5E90402214600F1F8
S3150801A768304016F04BFE204670BD2124FBE700BF9A
S3150801A778602A002070B50C68651C15D0C4F30266FA
S3150801A7889E42C4F3074530D1A4B294422DD804EBAE
S3150801A7988506B24229D2141BA50824F003040E59CA
S3150801A7A8340F04D0012C08D00022212402E06B1CA6
S3150801A7B851F82320C0E9002470BD0E4C34F8133033
S3150801A7C842EA03431A686B1C51F8234001EB8301DB
S3150801A7D84B6822405E4036F0704404D11B0F032BA8
S3150801A7E804BF8B681A430024E4E7013501EB8501A8
S3150801A7F8C1E700BFD472030807B501A80BF014FB1B
S3150801A808264B2749D3F86022D2B2FF2A1DBFD1F8B1
S3150801A8187801130243EA0213D1F878311CBF20F4F0
S3150801A8287F621343C1F8F8330C20EAF751FD012179
S3150801A8383F20E8F77DFB4FF000421A4B42F201012F
S3150801A8485A60C822184B5A654FF4C02203F51043BB
S3150801A858C3F868214FF48032C3F86C21134AC2F849
S3150801A868701202F52042D2F8F827120308D44FF4D9
S3150801A87870610F4AC2F8A0104FF42062C3F8A020ED
S3150801A88801220C4BC3F8002403F53043D3F8682199
S3150801A898094B1A6003B05DF804FB00BF0080E00F9E
S3150801A8A8000002B800900950008001B8006001B89C
S3150801A8B8002002B8005001B874210020134B1B78F8
S3150801A8C8002B20D0124B134A00201A60124B134A48
S3150801A8D81A60134B134A1A60134B1A68134B1A60FA
S3150801A8E8134B144A1A60144B144A1A60144B154A26
S3150801A8F81A60154B154A1A60154B164A1A60164BF3
S3150801A908164A1A6070470220704700BF672500205B
S3150801A918F8210020F47B0308F0210020307303088E
S3150801A928F421002064730308742A0020EC2100200E
S3150801A938102200201873030808220020FC76030851
S3150801A9480C22002060730308042200200073030800
S3150801A958FC210020687303080022002048730308B5
S3150801A9680022012138B51E4B5A649A64DA641D4AD5
S3150801A978516102219162DA68C2F303620D2A01D094
S3150801A988002AF8D111220124174DDA634FF0FF3056
S3150801A9982C7016F0D1FB00232B70144D40F243722C
S3150801A9A828685421C01A18BF0120FCF7A1FA104BD0
S3150801A9B828681A680F4B1968FFF7B2FE01F0DCFA26
S3150801A9C80D4B1868FFF79AFE0C4B1868FFF796FEA9
S3150801A9D84FF08062034B5A6103F580535C6138BDB9
S3150801A9E8000002B8001002B867250020F0210020EF
S3150801A9F8F4210020F821002010220020042200203A
S3150801AA0801230D4A0D49C2F8803291660C4A5360F2
S3150801AA180C4A53600C4A5360A2F580425360A2F56A
S3150801AA284042536002F5C032536002F580425360D2
S3150801AA38A2F500425360704700900050FF0B0016BC
S3150801AA4800D000B8001000BA005001B838B5032480
S3150801AA58FFF7D6FF114A124B124D1A65FFF7CCFEBE
S3150801AA68114BC3F8104101232B6501F0C9F84FF4BE
S3150801AA7860736B614FF400732B65FEF7ABFC00211D
S3150801AA88FEF792FC4FF48002084B1C64A3F5805329
S3150801AA985C64074BC3F884215A6038BD0048F00046
S3150801AAA8000002B8001002B8005001B800E00950C9
S3150801AAB800E100E008B518F025FC044B1B6FC3F349
S3150801AAC800430133B0FBF3F008BD00BF0080005016
S3150801AAD82DE9F04F044687B00290894659F8043B98
S3150801AAE85A1C06D12360029BE01A801007B0BDE8FC
S3150801AAF8F08F3748C3F301615FEA137B30F8110019
S3150801AB0808BFC3F307429BB218BF012243EA0040B4
S3150801AB1816F0C2FA4FEAC20A05460AF104032D4895
S3150801AB28234483421BD807230127C846CB4003F091
S3150801AB38010301939300049307FA0BF705EB8203C4
S3150801AB48039307F0940304F108060593039B08F198
S3150801AB580408AB4208D1049954444944BDE71E4B3D
S3150801AB689C42E0D80020C1E7059B53B917F0420F6C
S3150801AB7819D117F0280F0BD146F8085C58F8042C98
S3150801AB8821E040F6E61232210020FCF7B1F9F3E795
S3150801AB9840F6EA1232210198FCF7AAF905F580521E
S3150801ABA846F8082CEAE740F6F31232210198FCF731
S3150801ABB89FF905F50052BBF1010F46F8082CDDD1BE
S3150801ABC858F8042CD24346F8042C04350836BDE750
S3150801ABD8CC720308DF4F00B0E04F00B0F8B506465F
S3150801ABE8E0B10024144B25461F46144953F8042B93
S3150801ABF8AAB91348314600EB8500FFF769FF30B952
S3150801AC0840F694323621BDE8F840FCF771B90D4B88
S3150801AC180135281847F8246023F81400F8BDB2420C
S3150801AC28FCD001340C2C02D031F81450DEE740F67A
S3150801AC38AE3236210020E6E7BC2100205824002040
S3150801AC48404000B05A24002070B5044698B1B1B105
S3150801AC583A4A52F8043B834213D10023384A116C05
S3150801AC68C907FCD4374800EB830016F015FA364BAA
S3150801AC78106001221A6470BD01330C2B02D1334DC1
S3150801AC882CE0012352F8041BA142F5D1304A32F8C7
S3150801AC981330E3E7C2F3016335F81300110C93B2D5
S3150801ACA811F0FE0F43EA0043606820D00434CAB2A3
S3150801ACB8022A216808D9D4E90160033AC3E90016CA
S3150801ACC898600C340C33F3E704D16268C3E90012BF
S3150801ACD8083403E0012A01D1043419602268531C97
S3150801ACE8D8D10022164B1A6003F58053C1E7120F13
S3150801ACF8072AEDD8DFE802F00704090D1013181D15
S3150801AD08C04303F500531860E2E71A6842401A601F
S3150801AD18DEE703F58053F6E716F08AF9D8E7012244
S3150801AD2803F580538240F2E7012203F50053824076
S3150801AD38EDE71A6830EA0202FBD1C9E7BC2100200F
S3150801AD4800C002B8404000B000D002B8D472030867
S3150801AD58582400200122014B1A657047001002B8D1
S3150801AD680122014B1A657047002002B84022014B9F
S3150801AD781A657047002002B84022014B1A657047C8
S3150801AD88001002B8064BDB68C3F30363984206D181
S3150801AD98044A936E23F0F00343EA0111916670475A
S3150801ADA8000002B8003F00B02DE9F743064616F041
S3150801ADB838F900248046DFF890901AF08DF80DF1DD
S3150801ADC8070105460DF10600FEF74AF89DF8063013
S3150801ADD88BB9721C29D016F024F9A0EB0804284669
S3150801ADE81AF06DF89DF8063013B99DF807303BB38C
S3150801ADF8A642E2D824E0D9F80C3013F4603FE8D02B
S3150801AE08D9F8180016F09CF9731C074603D016F0F2
S3150801AE1808F9A0EB080428461AF051F817F5007F37
S3150801AE28E0D0384603B0BDE8F08328461AF047F85B
S3150801AE389DF80630002BC0D19DF80730002BBCD1F0
S3150801AE48004FEEE700FEFFFF00C000B80122024BE3
S3150801AE5898611A61704700BF000001B8044BD3F81E
S3150801AE68B03010B1C3F30332027003F00F00704714
S3150801AE78000002B8064B01F080015B6C03F48003FD
S3150801AE880B4302BF4FF40012024BDA64704700BF46
S3150801AE98000002B8006001B80F4B1B788BB1012B73
S3150801AEA811D10E4A012102F580528B4291600FD8C1
S3150801AEB80A4A0B49002B08BF0A4693689B07FCD424
S3150801AEC87047074AEEE700224FF480539A60FFDE7F
S3150801AED800239B68FBE700BF68250020004003B8EC
S3150801AEE8000003B838B50B4B0B4C002818BF1C4695
S3150801AEF8A569E3691D4007D0084B1B682BB128468D
S3150801AF08984704F50054A56138BD6B05F9D5FFF7CF
S3150801AF18C3FFF6E7004003B8000003B8142200206F
S3150801AF284FF604014FF60502044B01201B6C9BB230
S3150801AF388B4208BF1346024A136670470080E00F22
S3150801AF4800C001B82DE9F74F81460F464FF0FF3586
S3150801AF58FFF77AFB002601908A462C463046DFF829
S3150801AF68D8B006F110031B015BF8033003F0030898
S3150801AF78B8F1010F15D13046FFF77EFB02460B469D
S3150801AF8801985146FFF70AFADBF8643006F1080218
S3150801AF98D340DB0739D5002F40D000252C463E6023
S3150801AFA840460136082EDCD160B3234A0027D2F879
S3150801AFB808C0916B0CF440330131A4FB01416419B3
S3150801AFC841F10001B3F5003F30D1536B0CF4405CF5
S3150801AFD8013347F10006BCF5805F22D1156B15F5DB
S3150801AFE8807505FB06F647F1000203FB0266A5FB19
S3150801AFF803323244594304FB0212A3FB04341444B2
S3150801B008C9E9003403B0BDE8F08FA84271EB04031F
S3150801B018C6D207B13E6005460C46C1E73D463C46E1
S3150801B028BEE7320242EA13621B02E3E7136B13F522
S3150801B038807347F10002DDE700C001B8F8B50620BC
S3150801B04816F012F8044615F0ECFF42F21073041BC9
S3150801B0589C42054618D94FF080624F240B4B5A6417
S3150801B06841F26F770A4E0BE015F0DBFF401BB84239
S3150801B0784FF0FD0221468CBF00200120FBF738FF5F
S3150801B088736C5B01F0D5F8BD1A24E9E7002002B80C
S3150801B098000002B8034B1A6E596E03F500530A40AD
S3150801B0A81A66704700C00A500F28F8B50D4662D8C7
S3150801B0B8002960D1314C324E84F8791084F8780029
S3150801B0C8706940F253124B2100F00100FBF710FF9B
S3150801B0D811234FF48012B3662A4B7566C3F8882183
S3150801B0E89A6001213B20E7F723FF94F87910264A4D
S3150801B0F894F878300A432549063341F82320244B26
S3150801B1083E201E68E7F74AFF7708F60702462B46E8
S3150801B1183046394602F004FB090241EA1061C0F3D8
S3150801B128C05040EA41001B4BA066186B10F58070A9
S3150801B13805D140F295122B21FBF7DAFE02200246C9
S3150801B14800230020012102F0EBFAE0663E20E7F72A
S3150801B15825FF40F649435843000DFF2828BFFF201D
S3150801B168022838BF0220002184F87C00012000F05B
S3150801B1785DFD0020F8BD2120FCE700BF003E00B0B8
S3150801B18800C00A5000E100E0020D0C0000800350DF
S3150801B198A821002000C001B838B1054B93F87800FA
S3150801B1A8087093F879001070704707230B70FAE74F
S3150801B1B8003E00B02DE9F34105460F46684611469B
S3150801B1C8FFF7C0FE0646B0B1AFB1DDE900321B0A8A
S3150801B1D843EA0263A5FB0384094B120A05FB0244E9
S3150801B1E81A6812B9FFF766FC02460023404621464B
S3150801B1F802F096FA3860304602B0BDE8F08100BF21
S3150801B208A821002070B5FFF719FF0021022000F0D8
S3150801B2180DFD15F006FF04460F4D104ED5F8F4330B
S3150801B2281B070BD519F058FEBDE8704002220C4BD6
S3150801B238DA6001220B4B1A7019F041BE15F0F1FEBE
S3150801B248001BB04240F2FD124FF045018CBF0020A9
S3150801B2580120FBF74DFEE1E7000002B83F420F0067
S3150801B26800C001B869250020224910B50B78002BC2
S3150801B2783ED00122204C94F879300133DBB202FA28
S3150801B28803F31E4A536613664FF400221C4BC3F890
S3150801B298882100230B7003231A4A39211364A2F55E
S3150801B2A880525364184B40F2A922586CC0F3806047
S3150801B2B8FBF71EFE4FF48041144A154BC2F8941049
S3150801B2C8144A216FD26E914202BFD3F86C21626784
S3150801B2D8D3F86431606F08BFA4F87E30B4F87E10DD
S3150801B2E800F0DEF8BDE810400121022000F09EBCFE
S3150801B2F810BD00BF69250020003E00B000E00A50D5
S3150801B30800E100E000E00950000002B800E001B8D9
S3150801B31800C001B800C00A5010B504463E20E7F738
S3150801B3283DFE6043034B00F5F42000F59070B0FB31
S3150801B338F3F010BD40420F002DE9F74FFFF7ECFF78
S3150801B3480446FFF77BFE19F0C7FD00214B4F05465A
S3150801B35868463970FFF7F6FD494B80469E69494BA1
S3150801B368DB6813F0706F1CD1474B5B6913F0060A4B
S3150801B37817D1E0B1454B611D1868A1FB00B93E20FC
S3150801B388E7F70CFE534602464946584602F0C8F9FD
S3150801B398009B090241EA106100029842019B994102
S3150801B3A805D3284603B0BDE8F04F19F088BD00213A
S3150801B3B8022000F03BFC15F034FE8146DFF8C4B0E4
S3150801B3C8DFF8D4A0DBF8F4331B0741D5B8F1000F31
S3150801B3D84DD0DDE900893E20E7F7E0FD4FEA18215F
S3150801B3E841EA09614FEA1923A0FB019800FB038882
S3150801B3F8264B1A6812B9FFF75DFB02460023484631
S3150801B408414602F08DF90121214B013493F879302F
S3150801B418DFF86CC001331F4A361BDFF880E0DBB260
S3150801B42801FA03F30644CEF86030CCF86C6053662B
S3150801B438DCF81820DCF86C60241A921BA24216D292
S3150801B448CEF864300220CEF8603000F0EFFBA8E7AA
S3150801B45815F0E7FDA0EB0900504540F24E224FF0E2
S3150801B46845018CBF00200120FBF742FDAAE702220D
S3150801B478054BDA6001233B7093E700BF6925002075
S3150801B48800C00A50000002B800C001B8A82100206F
S3150801B498003E00B000D00A503F420F0000E00A50B3
S3150801B4A801232DE9F74F9A4F044697F879208A46DA
S3150801B4B89340984A0E46936697F87820964B054620
S3150801B4C8C3F8F0204FF40032944B4FF0000B1A6181
S3150801B4D80223DFF85482C8F80C30914B9B6903F1B3
S3150801B4E8FF39A3EB0903002B40F3D4800BF1010BB9
S3150801B4F8BBF1020F57D9EC220D210020FBF7F8FC06
S3150801B5084FF08053874A884F53664FF40031804B72
S3150801B518C7F86C51C3E91C950025C7F86461A3F8F7
S3150801B5287E6011617C4AC2F8F05093F879200123AC
S3150801B5389340784A936619F0CFFC2A462B464FF46E
S3150801B548807E3E6AD7F864C002F11001090179586C
S3150801B55801F00301012910D10EFA02F111EA0C0FC3
S3150801B5680BD107EB0215B442D5F80C5100F2A580A8
S3150801B578AC4202D2AE4280F0A3800132082AE3D156
S3150801B5886A4D2968012940F29E803BB16049B1F8A4
S3150801B5987A201A43A1F87A20604A536603B0BDE8AF
S3150801B5A8F04F19F08CBC012397F879205C4D93402C
S3150801B5B8584A936619F090FC4FF08052594B0190FE
S3150801B5C85A66AB6903F10109C5F86C90D8F83010C9
S3150801B5D8D8F80830DD036DD53A6FBE6EA9EB0202BD
S3150801B5E8A2FB0626FB6E01F58071A6FB03E5A2FB05
S3150801B5F803C313EB0E03A1FB03EC45F1000501FB9D
S3150801B60805CCB2EB0E0266EB0C06120A42EA066292
S3150801B6185244B2EB112F4FEA112603D3013345F1F0
S3150801B6280005921B043E964228BF1646C8F81860BC
S3150801B63897F87D20D8F82010E318D2B245F100050D
S3150801B6488C42D8F8381084BF02F1FF32D2B2481CAE
S3150801B6580ED04FF0000E01F1010C99427EEB050060
S3150801B66808D20132B3EB0C03D2B265F10005F4E74F
S3150801B6782A44D2B21D4602F0030287F87D20C8F88B
S3150801B6882030012397F8792001989340284A936630
S3150801B69819F015FC224B9B6900BF00BF00BF00BF0C
S3150801B6A800BF00BF00BF00BFD8F86420D2007FF5ED
S3150801B6B818AF25E756462546E3E7AC42BFF45AAF25
S3150801B6C819438BB259E71B4A1478142C01BF002475
S3150801B6D8194E14703470147801341470002B3FF421
S3150801B6E85DAF0B4EB6F87A401C43A6F87A400B4C68
S3150801B6F86366114C23780133DBB2022B23707FF47E
S3150801B7084DAF0023013129601370237046E700BF46
S3150801B718003E00B000E00A500080035000D001B88E
S3150801B72800C00A5000E001B800C001B8382100205D
S3150801B73800D00A506B2500206A2500204FF40052D4
S3150801B748014B5A60704700BF00E100E04FF4005210
S3150801B758034BC3F88420BFF34F8FBFF36F8F70472E
S3150801B76800E100E037B50446FFF74AF901213A2016
S3150801B778E7F7DEFBE17822791B4841EA0243C0F87C
S3150801B788BC35E579A37943EA0543C0F8C03523787A
S3150801B7984BB18DF8041004218DF805200DEB010035
S3150801B7A8002207F0C0FF63785BB10421A379002260
S3150801B7B88DF80430E3790DEB01008DF8053007F0B3
S3150801B7C8B2FF227801235AB1084AC2F8B835627815
S3150801B7D802233AB1054A0020C2F8B83503B030BD8C
S3150801B7E8034AF2E7024AF6E700C0035000D00350BD
S3150801B7F800E00350F8B50B46002213F8044B9442AF
S3150801B80825D91D68854224D106245A791D79124BF2
S3150801B81888181E6804FB0503104F33F8063C7B435A
S3150801B828B3420ED900238A5A7A43964202D804FBB0
S3150801B8380300F8BD9D42FAD9013304FB03F2825A83
S3150801B848F2E740F244423D210020FBF751FB002074
S3150801B858EFE708330132D2E71822002040420F00E9
S3150801B86800202DE9F84FA2FB017BAA4EDFF8DCC2BE
S3150801B878BE1998466BF10003B44570EB030307D26A
S3150801B88840F23E220E21FBF733FB0220BDE8F88F72
S3150801B898D8F814A00C461546BAF1000F04D0DAF800
S3150801B8A80030032B00F2A9809B4B9C4A9B6BD2F86C
S3150801B8B8FCA0C3F314099A4B1B6F58074EBF4FF4E4
S3150801B8C840039B0503F0E07349EA0309954BD3F84E
S3150801B8D8EC30590048BF49F0807949EA456917F0BB
S3150801B8E851FD012D0646D0D10028CED08E4B98425F
S3150801B8F800F0948003F5122303F5F863984200F0E3
S3150801B908B6808A4B984200F0BE80002502462B462F
S3150801B91800204FF0007101F003FF2B46013007FBA9
S3150801B92803F3C9F3130100FB0B33A7FB0070A1FB53
S3150801B9380662034401FB052220339B09C8F8003037
S3150801B9487B4BF60C1C6046EA42367A4B19F4801F83
S3150801B95808BF76421E60784B34441C60BAF1000F62
S3150801B96848D00023C8F80430C8F80830DAF81C505B
S3150801B97819F0807F18BF6408002D53D1DAF80060E2
S3150801B9880023062EC8F80C30C8F8103032D9DAF870
S3150801B99830307BB317F0F6FCDAF83010FFF72AFFD8
S3150801B9A8044618B18378002B40F0998017F0A4FC57
S3150801B9B8DAF83010FFF71EFF0446D8B18378CBB101
S3150801B9C840794FF4AE62003818BF01203D21FBF7D4
S3150801B9D88FFA207940F2715200384FF03D0118BFAD
S3150801B9E80120FBF785FA237962791B0243EA0213D8
S3150801B9F8C8F810300020BDE8F88F042BDAF828902B
S3150801BA087FF46DAF19F0807F14BF4FF4400309F036
S3150801BA18E07329F0E07949EA030960E70023474812
S3150801BA281D467CE73E4FD7F83C21D2022FD4DAF8D7
S3150801BA3800601CB1B4FA84F107291CDD2B462102E2
S3150801BA48B1FBF3F14B0067020133E40D01E0023360
S3150801BA580131A5FB0302874274EB0202F7D2C1F34F
S3150801BA680E01090341F00061C8F8081088E70023A8
S3150801BA7833481D4653E7C1F1080325FA03F304FAC7
S3150801BA8801F10133DCE700232E481D4647E719462D
S3150801BA982D4AC9F3815912F80920002EB8BF7642F2
S3150801BAA892066008C2FB0601224601F039FEDAF859
S3150801BAB800600E2E0ED9184B9A6BBB6CD7F83C1141
S3150801BAC8DB0607D502F4801201F400110A4308BF00
S3150801BAD8C0F58010C0F31300C8F80400A9E7407937
S3150801BAE840F25552003818BF01203D21FBF700FAEC
S3150801BAF8207940F25652003818BF01203D21FBF73C
S3150801BB08F7F9237962791B0243EA0213C8F80C305C
S3150801BB184CE700BF006CCA88008001B8004F00B026
S3150801BB28004001B8000002B800F04902005A620252
S3150801BB38202200201C220020182200200A3BB2DFFE
S3150801BB48313641DCD694BFD6DC720308807C814A3B
S3150801BB5810B5044686B059B9214B4168D3F8FC306B
S3150801BB68827A2048059300686B46FFF779FE69468D
S3150801BB781D4B0A685A631A4BD3F8FC3033B34B6822
S3150801BB8843B11A4B1A4AC3F83C214A68A3F58053AC
S3150801BB98C3F83C218B6843B1144B164AC3F81C21D8
S3150801BBA88A68A3F58053C3F81C21134AC868D2F8D2
S3150801BBB8983123F4EE630343C2F89831D2F89031E9
S3150801BBC8096923F4EE630B43C2F8903100202289F0
S3150801BBD80A4B9A6203F5A033186406B010BD00BF74
S3150801BBE8004F00B0DC1E0020008001B8006001B8D3
S3150801BBF8FFFF0F0000F0FF0F000002B8004000B871
S3150801BC08074BD3F88022D20707D55B6E002B4FF472
S3150801BC188043B4BF034A044A13650020704700BF2E
S3150801BC2800800050002002B8001002B8064B1A6CB2
S3150801BC389207FCD4022240EA01205860034B1A6491
S3150801BC480122034B1A70704700C002B800D002B827
S3150801BC586C25002010B590B10468012C0FD902692A
S3150801BC686AB11168094B102C1960516859609168B5
S3150801BC7888BFD268996094BFD960DA6010BD10226E
S3150801BC880021024815F0BAFBF8E700BF2822002070
S3150801BC98064B586F1B6DC0F30112000C02FB00001E
S3150801BCA803F01F0301331844704700BF004001B869
S3150801BCB8084BC1171A68A2FB000302FB013310F1EE
S3150801BCC8807043F10003400E40EAC310803820EA29
S3150801BCD8E0707047382200200722194B70B51A649C
S3150801BCE8184B194A1D68194BEC08E005C0184FEAA4
S3150801BCF8153141F10001002301F012FD144B154ECF
S3150801BD0818601548FFF7D4FF4042C6F8DC0049F623
S3150801BD185800FFF7CDFFC6F8A8001048FEF7CEFC75
S3150801BD28024660B1E301500818184FEA15714FF039
S3150801BD38000341F1000101F0F3FCC6F8B40070BD37
S3150801BD48000002B8A821002065CD1D00B2E60E0044
S3150801BD5838220020003F00B07011010040420F0050
S3150801BD6810B5044698B10B4BD3F8FC00FFF772FFE0
S3150801BD784FF47A7303FB04F0074BA0F6AC50DA6864
S3150801BD889B681044C01ABDE81040FFF791BF4AF6F0
S3150801BD98C870F8E7004F00B0282200202DE9F843BB
S3150801BDA80546084614461E46FFF754FF05B306F02E
S3150801BDB8020716F004061DD1D7B14FF47A706B68DD
S3150801BDC85843002B40F08C80FFF772FF20636B699C
S3150801BDD8002B00F08C804A4AD0684FF47A7202FB2D
S3150801BDE80300A0F5FA50FFF763FFE062002E58D169
S3150801BDF8BDE8F8832869002869D04FF47A7358434F
S3150801BE083F4BA0F6AC509B68C01AFFF751FFA062DA
S3150801BE18A88B00285ED04FF47A735843384BA0F69E
S3150801BE28AC509B68C01AFFF743FFE061354BE968D8
S3150801BE38D3F80080002950D04FF47A735943304B10
S3150801BE48A1F6AC519A685B68891AC91A2E4BC817A4
S3150801BE581A68DFF8BC90A2FB011302FB003311F143
S3150801BE68807143F10003490E41EAC3118039274B12
S3150801BE782162D3F8C4306362D9F8003053B1404619
S3150801BE8815F017F830B12246D9F800301C49D8F808
S3150801BE98D80098470021A869FFF762FF6063002F59
S3150801BEA88BD1A86830BB47F23050FFF701FF6061B4
S3150801BEB84FF47A702B6858432BB1114B1B6803F55D
S3150801BEC81C5310331844FFF7F3FEA06190E74AF6AE
S3150801BED8C8709AE74AF6C870A5E74AF6C871B5E779
S3150801BEE8074B1B6803F51C53103318446CE747F2D4
S3150801BEF8305078E74FF47A735843A0F5FA50D4E7E7
S3150801BF0828220020DC1E002038220020003F00B02D
S3150801BF182422002008B9FFF7BBBE034881420CBF9B
S3150801BF282F20BC20704700BF48E8010038B50546F0
S3150801BF3808461C4615F09FF8D5F8E430A3B11A68E7
S3150801BF48012A11D91A69094B002A08BF1A465368E2
S3150801BF58074A002BA8BF4FF4FA721A44054B204426
S3150801BF6892FBF3F2104438BD004AF0E7E47203087D
S3150801BF780CFEFFFF18FCFFFF70B588B06D46184C1C
S3150801BF880FCC0FC594E80F0085E80F00EC220021B5
S3150801BF98144815F033FAAC220021134815F02EFA85
S3150801BFA820220021114815F029FA15F0E5F8104B59
S3150801BFB81B783BB16D460A4E0FCD0FC695E80F00A3
S3150801BFC884E80F000B4A0C4B1068516803C3906844
S3150801BFD818600A4BD3F87821094B5A6608B070BD20
S3150801BFE8E03F00B0683E00B0543F00B0E04F00B0F3
S3150801BFF859250020F4720308B03E00B0000002B8C3
S3150801C008003F00B008B518F067FF0E4B1A78A2B9B9
S3150801C0180D4A126812F4843F0FD10C4A1021116592
S3150801C0281B7863B9084B1B68DB0508D4074B202224
S3150801C0381A65BDE8084018F042BF054AEEE7044B01
S3150801C048F5E700BF71250020A80D0020002002B8D9
S3150801C058001002B80A4B197801F0FF0229B100212C
S3150801C068197008499202C1F80821597801F0FF02A6
S3150801C07829B1002159709302024AC2F80C31704756
S3150801C0886D250020005000B8064BD3F8F00E064B74
S3150801C0989B6C1A0103D4054B9B6E1B0401D500F54D
S3150801C0A880707047003000B0000002B8004000B840
S3150801C0B810B518F011FF0E2104460320FEF762FE9B
S3150801C0C840F20122034B2046BDE81040DA6218F017
S3150801C0D8F6BE00BF004000B8064B00201B6893F85F
S3150801C0E82430DB0902BF0322034BC3F85022FBF7AE
S3150801C0F8BFBC00BFDC1E0020006001B80022044B4B
S3150801C1081A70044B197811B11A70FFF77BBF70477B
S3150801C118702500207125002038B518F0DDFE4FF48A
S3150801C1288043274C0546C4F88430BFF34F8FBFF3C5
S3150801C1386F8F4FF40043C4F88430BFF34F8FBFF3B2
S3150801C1486F8F4FF48033C4F88430BFF34F8FBFF332
S3150801C1586F8F4FF40033C4F88430BFF34F8FBFF3A2
S3150801C1686F8F4FF48023C4F88430BFF34F8FBFF322
S3150801C1786F8FFFF7EBFA4FF40023C4F88430BFF347
S3150801C1884F8FBFF36F8F4FF48013C4F88430BFF312
S3150801C1984F8FBFF36F8F4FF40013C4F88430BFF382
S3150801C1A84F8FBFF36F8F4FF40003C4F88430BFF382
S3150801C1B84F8FBFF36F8F2846BDE8384018F07FBE0A
S3150801C1C800E100E038B518F087FE05464FF48043CC
S3150801C1D80E4C63604FF4004363604FF400336360A9
S3150801C1E84FF480236360FFF7A9FA4FF400236360CD
S3150801C1F84FF4801363604FF4001363604FF4000330
S3150801C20863602846BDE8384018F059BE00E100E0E9
S3150801C218012370B5074C2370074B1E68074B32403C
S3150801C228D3E9005319402840FCF716FA002323706E
S3150801C23870BD00BF6F25002040220020A80D0020F0
S3150801C2482DE9F047DDF820A003EA0108099B06460F
S3150801C2580D4602EA000703EA0A09BAF1000F40F097
S3150801C2684F81031F0B4300F00F81052871F1000365
S3150801C27880F0E58050EA010300F07581431E0B43FF
S3150801C28800F02581FFF748FFB84AD2E9004323EAB7
S3150801C298050324EA06043C4343EA0807B44BC2E902
S3150801C2A800471E6826EA0A0646EA09061E60FFF7D7
S3150801C2B8A9FE14F02A4F14BF48F202034FF40043AB
S3150801C2C8AC4AB007D26EAC4848BF43F4005383EA78
S3150801C2D8020122EA0302C266A84A0B408166D366AE
S3150801C2E8C4F380421203210348BF42F48072E3066D
S3150801C2F848BF42F40052A24BA50648BF42F4007251
S3150801C308600648BF42F480622106D96848BF42F4EC
S3150801C318006282EA010323F080539A4819401A40B9
S3150801C328C1608360984B17F4007FDA60974B07F46E
S3150801C338007200F0048101224FF4802583F88820D1
S3150801C348E30448BF45F48035A00348BF45F4801582
S3150801C358A10748BF45F4001514F4001FDFF86882E1
S3150801C36806D0D8F8000014F029FF08B945F40025C5
S3150801C378E20248BF45F40035FB06854B48BF45F43C
S3150801C38880051A6A834985EA020323F001031A40DC
S3150801C3980A621D40CB61804B16F0010F1D627F4B67
S3150801C3A87F4A18BF1A467F4B7D071B6F48BF42F065
S3150801C3B800627D4882EA030123EA020303677B4B8D
S3150801C3C80A4041661A677A4A04F00103D16CA0F556
S3150801C3D8803081EA030221EA0301C16482641A40B2
S3150801C3E8744B2002DA64D8F8002048BF724B92F8D9
S3150801C3F8F62058BF714B610748BF43F4806322B1E1
S3150801C40814F4C06F18BF43F4807332074FF03A42E9
S3150801C418BDE8F047D2F8181148BF43F0004383EA4C
S3150801C428010222F4A02266481140C0F818111340E7
S3150801C438C0F81421634AC2F81831FFF7C3BEA0F53C
S3150801C44880630B4306D020F48063A3F500730B437E
S3150801C4587FF418AF18F040FD4449D1E9003223EAC0
S3150801C468060322EA050242EA08023B43C1E9003209
S3150801C478554A126892F8F610514A09B313F4C06F6F
S3150801C4881ED04FF4807311E018F026FD374AD2E919
S3150801C498003123F004033B4341EA080157EA080738
S3150801C4A8C2E900314FF48063454A0BD0C2F814310A
S3150801C4B8A2F58052C2F81831BDE8F04718F0FFBC5A
S3150801C4C84FF48073C2F81831C2F81431F4E718F03A
S3150801C4D803FD264AD2E9003123F001033B4341EA29
S3150801C4E80801C2E900310123384A57EA08071BBF80
S3150801C4F89364A2F58052D364D36408BF9364DBE7D7
S3150801C50850EA01037FF4BEAEBAF1010F7FF4BAAE61
S3150801C51818F0E2FC164A136823F0010343EA0903F3
S3150801C52813604FF48063204AB9F1000F04D05366AB
S3150801C538A2F580521367BFE713675366BCE793F8FA
S3150801C548881071B183F88820214BD3F8A41003F514
S3150801C5580053C3F8A410C3F8A0104FF05023C3F82A
S3150801C568A4200025ECE6BDE8F08700BFA80D002049
S3150801C57840220020004000B8006000B8005000B80A
S3150801C588004001B8006001B8005001B8003F00B08A
S3150801C598000002B8002002B8001002B8041C000303
S3150801C5A80418000300C001B800E001B800D001B8BA
S3150801C5B800C000B800D000B80D0A0A09090A0A0914
S3150801C5C8002000BA001000BADC1E002000E000B8FE
S3150801C5D800400050024B5868C0F3C000704700BFBE
S3150801C5E8A80D0020024B186800F00100704700BF2B
S3150801C5F8A80D0020024B5868C0F3C030704700BF29
S3150801C608A80D002010B50446FEF720FAFFF784FDA9
S3150801C6182046FCF70FFFFEF7A3F9FDF729FEFDF7FC
S3150801C6289BFEFFF759FB13490723134AD1F8FC1058
S3150801C63804F1F800FFF7B2FB4FF080710020FDF70F
S3150801C648C7FF4FF000720D4B4FF400110120C3F8D4
S3150801C6580021FDF7BDFFFEF763FC20B940F26732FA
S3150801C6681421FAF745FC14F085FDBDE810400120B0
S3150801C678FDF7E8BC004F00B0A43F00B000D001B8F0
S3150801C6888022074B5A64082203F580535A64054ADF
S3150801C698D2F8C03E23F02003C2F8C03E704700BF57
S3150801C6A8001002B8003000B010B518F015FC0121C9
S3150801C6B80446FFF7E5FF054B00201961044B5B6843
S3150801C6C898472046BDE8104018F0F9BB000002B8A3
S3150801C6D8442A0020F0B583B014460646FFF790FAB7
S3150801C6E8FCF708FB002800F0AE805B4B5D6915F086
S3150801C6F8060540F0A88018F0EFFB23790095022B70
S3150801C70805464AD1237B022B36D00320FDF756FF6F
S3150801C71820B9524BDB685B0440F19780A37B277BE2
S3150801C728003B18BF0123A2684D49012F01920B70DE
S3150801C73872D000234B4A4C4C13702278002A76D1C2
S3150801C7480420FDF73DFE0420434E3A46736F0DEB70
S3150801C758000123F0F85323F4F81343F0506343F424
S3150801C768803373670223FDF749FE002863D0012148
S3150801C77830223E4B21701A653D4E33689847212869
S3150801C788044604D1012100207368984700242846E5
S3150801C79818F095FB204603B0F0BD0320FDF70EFF00
S3150801C7A8002852D12279D6F80031012A226830D0D8
S3150801C7B8D01A00900020284B2E4A2F495A679867A5
S3150801C7C8637B2E4A23F040000028C3F380130B70BD
S3150801C7D80CBF012300231370294B294AD3F8C03EFD
S3150801C7E84FF003000CBF43F0200323F02003C2F8DF
S3150801C7F8C03EFDF7E5FD184B224A03205A676946EC
S3150801C80801232279FDF7FAFD08B301221E4B1A7096
S3150801C81878E79A42CDD3CBE72379022B89D0009BB7
S3150801C828D6F8001100270B441344019381E72370B6
S3150801C838FFF7E8FB84E70320FDF7C2FD28460D4B01
S3150801C848736718F03CFB0E24A4E72846F9E728463F
S3150801C85818F035FB21249DE700C001B8000002B88D
S3150801C868742500207025002071250020001002B8C3
S3150801C878442A0020000001017225002073250020A2
S3150801C888003000B0010C0100752500202DE9F3419F
S3150801C89800240D46074618F01FFB204BDFF88C804D
S3150801C8A81C70FFF7EDFE1E4B0646C8F87430C8F82B
S3150801C8B878406879431E58425841FBF727FE40F6E7
S3150801C8C80143C8F878302A792968012AD7F808313E
S3150801C8D801D1994200D3CC1A042303200DEB030195
S3150801C8E80194FDF78BFD50B988220E4B30465A64E0
S3150801C8F818F0E5FA2124204602B0BDE8F0810A4D70
S3150801C9082B6898472128044604D1012100206B6821
S3150801C91898470024304618F0D2FAECE77525002026
S3150801C92800000101002002B8442A002000C001B80D
S3150801C938F8B5194C0546207840F2AA42B0FA80F0B3
S3150801C9483E214009FAF7D4FA55B9607840F2AA4265
S3150801C958BDE8F840B0FA80F03E214009FAF7C8BAAE
S3150801C9684FF440660D4F0E4DD7F8083140F2AA42EA
S3150801C978C3F381232370C5F8086160783E21B0FAAC
S3150801C98880F04009FAF7B4FAD7F80C31C3F38123D2
S3150801C9986370C5F80C61F8BD6D250020004000B824
S3150801C9A8006000B8F8B5084C084D636C0423084FB5
S3150801C9B86B64636C5B0300D4F8BD042602207E64AD
S3150801C9C814F036FB6E64F4E7000002B8001002B8EA
S3150801C9D8002002B8A82238B51A4B5D6C03F5005336
S3150801C9E85A6410229A60A3F5804302F100521A6725
S3150801C9F85A66FFF72FFB144B1B7813B90320FDF76B
S3150801CA08DFFC0024114B9C67FFF7CCFF104A114B3A
S3150801CA18D2F8F01E0B40C2F8F03E04220E4B5A64B7
S3150801CA280E4BAA06C3F8C84008D503F580739B6F51
S3150801CA38B3F5817F22BF8022024B1A61BDE83840CF
S3150801CA48FBF7E8BF000002B87525002000C001B849
S3150801CA58003000B0DF0000FF002002B8003E00B039
S3150801CA6810B528B979B94FF4C062154B9A6510BD46
S3150801CA7849B9144BDB681B0E13F00E0FF3D1124B91
S3150801CA881B6CD907EFD4FFF713FB0E4C0020FEF7F2
S3150801CA98E5F9032801D0092805D1A36ADA07F5D4E7
S3150801CAA8A36CDB03F2D4FFF77DFF0122074B5A611A
S3150801CAB802229A62042203F580535A64D3E700BF17
S3150801CAC8006001B8000002B800C002B8001002B838
S3150801CAD808B503210920FEF755F92022014B1A61E9
S3150801CAE808BD00BF000002B80D4A10B5D2F8A0303B
S3150801CAF8D2F8A4100B40B3F1804F0CD34FF0404045
S3150801CB080849094CC1F8A400D467C1F8A0004FF434
S3150801CB188021064AD161034AC2F8A03010BD00BF78
S3150801CB2800400050006000500000FF01001002B8E4
S3150801CB3838B5054618F0D0F90E4B04461868FCF7BF
S3150801CB48A5FD35B1FFF7DAFA2046BDE8384018F0F1
S3150801CB58B6B9094B1B78002BF6D0084B1D78002D62
S3150801CB68F2D1FFF7CBFA2A464FF480400021FFF7A6
S3150801CB784FFBE9E7DC1E0020702500206F25002001
S3150801CB882DE9F84F5B4B06460D4614465B6C002AA1
S3150801CB9840F0AC8013F0A00F14BF4FF001094FF015
S3150801CBA80009FBF737FFA0234FF0000ADFF8608179
S3150801CBB80320C8F84430FDF703FC0420FDF700FC00
S3150801CBC84D4FFFF79BFA4D4B4FF0040B7B67C7F8A0
S3150801CBD878A0FFF7E7FE4A4B4FF48071D3F8C02EC9
S3150801CBE842F02002C3F8C02EFF22C8F80820414A9D
S3150801CBF81161D3F8F02E43491140C3F8F01EC8F85D
S3150801CC0844B0C3F8C8AE7B6913F0060F04D0FDF724
S3150801CC180FFD5846FDF7D4FBB9F1000F08D04FF4BC
S3150801CC280062394B5A644FF40042A3F5E0339A6619
S3150801CC3866B1364BDB6C180701D4FFF739FAFFF7EB
S3150801CC4847FF0420FDF7BCFBFFF704FA294B5A698D
S3150801CC58D10746D5DA6812F0706FFBD12C4B2D4AED
S3150801CC685A642D4A936E23F0F003936615B120464C
S3150801CC78FFF75EFF294BD3F84C315A1C01D05B00EC
S3150801CC8802D50122224B5A615CB3204BDA6E03F5B1
S3150801CC9800539A6603F5D0331B6A1D4A23F001032C
S3150801CCA8D3611F4BD96803F50053996003F50053FF
S3150801CCB8D3F8841003F5005399674FF03A43D3F82C
S3150801CCC8181103F50053C3F81411164BD96C03F55B
S3150801CCD800539964144903F5803359664FF6084396
S3150801CCE853640020BDE8F84FFCF7D0B84FF00009A7
S3150801CCF857E700BF000002B800C001B800000101EB
S3150801CD08003000B0DF0000FF001002B8004000B88C
S3150801CD18002002B810003000003F00B00080E00F84
S3150801CD28004001B800C000B85000002F9C4B2DE9FF
S3150801CD38F04F9A6EDB6E85B002EA0308994BC3F881
S3150801CD4868804FF03A43D3F81461D3F818311E4076
S3150801CD58954BC3F81461954B9A68DB6802EA030A8E
S3150801CD68934BC3F808A003F52043DA691B6A02EA5C
S3150801CD780309904B09F47702DA618F4BD3F8042239
S3150801CD88110306D4D3F804311A03C3F3C04740F193
S3150801CD98E58018F0A1F8894B5A695F6E1B6F12F086
S3150801CDA8060F07EA0307864A27F0007323F4006388
S3150801CDB814BF4FF0010B4FF0000B53667B0706D5DE
S3150801CDC8804A92F87D300133DBB282F87D3018F05B
S3150801CDD876F8B8F1000F00F0DF8018F4004427D080
S3150801CDE818F07AF80146FFF74FF90446764D2B688D
S3150801CDF818681A689042FCD018689042FCD0FFF768
S3150801CE0843F9A04240F0AC80084618F058F86F4B31
S3150801CE181C606F4B5D6C15F4E05240F0A38024F05A
S3150801CE287F4424F0DF040CB9FFF7D4FD4FF0807472
S3150801CE3818F0020F4FF0000514D0654B5D495B6C7D
S3150801CE4803F460424A64002A00F0A0801D0400F138
S3150801CE58A08013F4005F0CBF4FF000534FF0006336
S3150801CE6800251C43C8F340384FEA4808594B334054
S3150801CE78002B4BD016F4206F0AD040F63112062142
S3150801CE880020FAF735F80020FFF752FE26F4802627
S3150801CE98F00506D5FF22474B44F4C0649A60FFF7AC
S3150801CEA807F916F0090F0BD040F64612082100209B
S3150801CEB8FAF71EF8FFF70CFE4FF03A4301225A63B8
S3150801CEC816F0106F0CD040F64F1209210020FAF718
S3150801CED80FF8FFF7FDFD002211461046FCF7AAFBDD
S3150801CEE816F4202F0AD040F6571207210020F9F721
S3150801CEF8FFFF0020FFF71CFE26F48026F10301D563
S3150801CF08FCF7E2FC002EB8BF48F0080872070ED5F0
S3150801CF184FF03A431B6B13F4005F4FF4005317BFE6
S3150801CF28214A2D4A136344F4000408BF13637305A1
S3150801CF3848BF44F0040416F48023019300F0B58031
S3150801CF48FCF77AFC0138062848D8DFE810F03501DD
S3150801CF58380135013B013E0141014101BB4638E72C
S3150801CF68044644E70192FFF735FD124B019A5A64C4
S3150801CF7815F4805307D115F4806F0CBF4FF0805410
S3150801CF884FF0806454E74FF0804451E74FF000733F
S3150801CF9866E74FF0004363E74446454666E700BF40
S3150801CFA8004000B8006000B8002000BA004001B887
S3150801CFB8006001B8002002B800E100E000C001B82D
S3150801CFC800E001B8003E00B0582A00203C220020A3
S3150801CFD8000002B8090B0B89001000BA40F688123E
S3150801CFE803210020F9F784FF4FF03A420121D2F8CC
S3150801CFF88C30D2F8AC0003F00703063301FA03F3C1
S3150801D008C0F30C001B1A9BB2072B12D97A4B5B6C1F
S3150801D01858020ED47948D36CD26E406D58B103F0D4
S3150801D028070306339940C2F30C03C91A89B20729BB
S3150801D03801D844F40074724B1B78002B35D04FF095
S3150801D0483A43D3F8143113F4A02F2ED16D4B6E4AF7
S3150801D0581B7893B9FB0410D4137873B1E3086B49A9
S3150801D06843EA457383F00103D1F8F01E03F001037F
S3150801D0785B0021FA03F3980717D10420FDF7A0F9F5
S3150801D088634B64495967FFF739F85F4A137843B917
S3150801D098614B1B782BB1614B614A1B6823401342CC
S3150801D0A801D144F4804427F48057BAF1000F27D0F8
S3150801D0B81AF4805F18BF44F480241AF4807F18BFD5
S3150801D0C844F400241AF4005F18BF44F010041AF453
S3150801D0D8007F18BF44F020041AF4806F18BF44F083
S3150801D0E840041AF4006F18BF44F080041AF0805FF0
S3150801D0F806D04C4B0021186845F48055FBF722FEEB
S3150801D108B9F1000F3AD019F4802F18BF45F4007504
S3150801D11819F4803F18BF44F4805419F4801F18BFC6
S3150801D12844F4003419F4001F18BF44F0020419F432
S3150801D138003F18BF44F4801419F4800F18BF45F04E
S3150801D148100519F4002F19D0304BD3F8C03E13F047
S3150801D158C00F13D0284AD368C3F30363032B01D03E
S3150801D168072B05D1936CD90602D4D36C1B0732D584
S3150801D1784FF400222C4B29F40029DA61002F00F01C
S3150801D1881381380540F18A802849DFF884A0CB78CD
S3150801D198274A002B52D04FF40060013BDBB2506698
S3150801D1A8CB7033B9234B1B78C3B140F60142224BE6
S3150801D1B85A67002300226FE044F4803414E744F4E4
S3150801D1C8006411E744F480640EE744F480740BE7BD
S3150801D1D844F0080408E744F40014CFE7DAF878308D
S3150801D1E813F4A05F15BF4FF4807340F60143CAF8DC
S3150801D1F85830CAF87830DCE7000002B8004000B8B1
S3150801D208712500207025002073250020003000B004
S3150801D21800C001B80000010172250020A80D0020F0
S3150801D228088D0100DC1E0020002002B85E250020BA
S3150801D23800E001B87525002000D001B80320FDF7E4
S3150801D248BFF8DAF81430AD4813F0060F04BF41F6F3
S3150801D2581F73AB4AAB4908BF53674FF40062A84B23
S3150801D2685A66DAF8143013F0060308BFCAF8783094
S3150801D278B0F87A3013F400625CD023F40063A0F89E
S3150801D2887A300B7803F0FF0A002B57D1FDF7D0F94E
S3150801D298FFF7A0FB534620221C431543B90009D5BD
S3150801D2A82E20FCF7C1FF4FF00052954B45F00805B3
S3150801D2B81A675A66FA0606D52B20FCF7B5FF102217
S3150801D2C88F4B1A675A6617F0306F05D1FB045FD57D
S3150801D2D8BBF1000F00F0BE80380111D52920FCF7F3
S3150801D2E8A3FFFFF777F948B1874B8849844A5366FC
S3150801D2F80B6701F54051C968490422D445F004056C
S3150801D30817F0007B28D00420FDF75AF82720FCF7E8
S3150801D3188BFFFFF75FFB4FF00072794B5A667C4B20
S3150801D328D3F8F02E51067DD402227A4B9A6045F03D
S3150801D338020528E00B784FF40053ADE74FF4004394
S3150801D34838E7136720205366FCF76EFF2D2045F052
S3150801D3580C05FCF769FFD3E717F0807FDFF8B8A15A
S3150801D3684BD00420FDF72CF82820FCF75DFFDAF8E6
S3150801D3787830002B3ED1FFF72DFB614B624A45F009
S3150801D38801051A675A66FEF7A7FE0022624B9A65D7
S3150801D3987A0509D5614A9378002B00F0AA80013BE2
S3150801D3A89370002348EA0308594BD3F8C03E1B0675
S3150801D3B803D520462946FBF771FD424620462946EC
S3150801D3C8FEF726FF019B0BB1FCF76CFA4FF40042F6
S3150801D3D8534B06F00436C3F81461524B19F4002F5F
S3150801D3E8C3F884211EBF4FF400224A4BDA6105B0FF
S3150801D3F8BDE8F08FCAF878B0BFE7F804C5D50420A8
S3150801D408FCF7DEFF484BCAF87430FDF711F9DAF86C
S3150801D418643013F0407FB8D12A20FCF705FFFFF7DF
S3150801D428D9FA7CE7D3F8C03E9A0680D402223F4B44
S3150801D4389A603F4B1B6893F82530DB077FF577AF72
S3150801D4482E4B93F8DC30002B3FF471AF8022394B11
S3150801D4581A616CE7314A13794BB1013BDBB2137197
S3150801D46813B92A4B344A5A6700231C4390E7042008
S3150801D478FCF7A6FF0320FCF7A3FF274B2A4A5A679E
S3150801D48817F02AFD82460DF10F00FDF7E7FC2B4B35
S3150801D49883461B780BB1FEF70BFEBBF1030F0ED1C2
S3150801D4A8DFF890B00020FDF7D9FC032807D1DBF88F
S3150801D4B82830D807F6D4DBF84830D903F2D49DF8D2
S3150801D4C80F30032B06D101221D4B50461A7017F04F
S3150801D4D8F6FCC9E74FF03A43D3F8143113F4A02FF1
S3150801D4E8F1D1FEF70BFE504617F0E9FC4FF48043DD
S3150801D4F8BBE70220FCF764FF012353E7003E00B0AF
S3150801D50800E001B8752500201000002000D001B8F8
S3150801D518003000B0002002B800C001B85E2500201E
S3150801D528002000BA00E100E000000101001002B87D
S3150801D538DC1E0020000002B80000010D7425002039
S3150801D548702500200122024B1A62DA61704700BF72
S3150801D558002002B8094A08B5D369116A0B40084977
S3150801D56823F47F00DB07C86106D5D1684FF0FF3081
S3150801D578C1F3036113F009FE08BD00BF000002B834
S3150801D588002002B80C4A08B5936CD26C13400B4AB2
S3150801D5989364DB070FD50A4B40F6E1321878122156
S3150801D5A800F00100F9F7A4FCBDE8084000220120B3
S3150801D5B80021FEF72DBE08BD00C000B800E000B87E
S3150801D5C8A80D0020164B10B51C6C5A6C1440154A48
S3150801D5D824F002011164E20705D54FF444620020DC
S3150801D5E81968F9F785FCA30718D502220D4B1A64A1
S3150801D5F80D4AA3F5005314685B687CB1DBB2042BAA
S3150801D60807D100220121094B18682346BDE81040B5
S3150801D6181847052B02D100221146F4E710BD00BFB1
S3150801D62800C0095000E0095070210020DC1E0020C6
S3150801D63838B50C4C0C4DD4F88430DB0706D4A36FE7
S3150801D648D4F884201340094A936738BDD5F80431BC
S3150801D6585A02F0D5FFF7B6FF4FF48003C5F88431AF
S3150801D668E9E700BF008001B800E100E000A001B8C1
S3150801D67870B514460D4617F02FFC064BD3F8C06E45
S3150801D68874402C407440C3F8C04E17F018FC06EADB
S3150801D698050070BD003000B0034BD3F8C03E99436E
S3150801D6A80CBF012000207047003000B0174BD3F893
S3150801D6B8C02E12F0010312D0154B93F84C30154AB7
S3150801D6C843F08073C2F8D0304FF4801302F5005244
S3150801D6D8C2F8B430A2F58052C2F8B83070471106BC
S3150801D6E8EDD40D4B93F84B1121B1D20602D593F817
S3150801D6F84831E4E74FF480120020084B0549C3F87E
S3150801D708B820C1F8D000C3F8B4207047003000B07B
S3150801D718003F00B0004000B8003E00B0006000B805
S3150801D72853B94AB9002908BF00281CBF4FF0FF3171
S3150801D7384FF0FF3000F082B9ADF1080C6DE904CE5F
S3150801D74800F006F8DDF804E0DDE9022304B07047C5
S3150801D7582DE9F04F099D0C46002B4DD18A420F46FB
S3150801D76884469646B2FA82F360D94BB102FA03FEA9
S3150801D778C3F120029F4000FA03FC20FA02F217437C
S3150801D7884FEA1E461FFA8EF44FEA1C42B7FBF6F11A
S3150801D79806FB117701FB04F042EA0742904208D9D1
S3150801D7A81EEB020201F1FF3702D2904200F23181E3
S3150801D7B83946121A1FFA8CFCB2FBF6F006FB102240
S3150801D7C800FB04F44CEA024C644508D91EEB0C0C20
S3150801D7D800F1FF3202D2644500F21E81104640EA82
S3150801D7E80140ACEB040C002125B12CFA03F3002205
S3150801D7F8C5E90032BDE8F08F8B4205D90DB1C5E9F7
S3150801D808000100210846F5E7B3FA83F100294DD14D
S3150801D818A342C0F0F380904280F0F0800646234682
S3150801D8280846002DE6D0C5E90063E3E7002B40F07A
S3150801D838A3808A1A4FEA1E471FFA8EF60121B2FB00
S3150801D848F7F407FB14204FEA1C4242EA004206FB9A
S3150801D85804F090420FD91EEB020204F1FF382CBFDF
S3150801D8684FF001094FF00009904203D9B9F1000FA9
S3150801D87800F0CC804446121A1FFA8CFCB2FBF7F06A
S3150801D88807FB102200FB06F64CEA024C664508D946
S3150801D8981EEB0C0C00F1FF3202D2664500F2B3808A
S3150801D8A81046ACEB060C40EA04409DE7C1F1200698
S3150801D8B88B4004FA01FE22FA06F720FA06FCF44020
S3150801D8C88A401F434EEA0C0300FA01FE4FEA17483D
S3150801D8D84FEA13491FFA87FCB4FBF8F008FB104412
S3150801D8E849EA044400FB0CF9A1450ED93C1900F193
S3150801D8F8FF3A2CBF4FF0010B4FF0000BA14503D996
S3150801D908BBF1000F00F08B805046A4EB09041FFAFF
S3150801D91883F9B4FBF8F308FB134403FB0CFC49EA47
S3150801D9280444A44506D93C1903F1FF3801D2A44594
S3150801D9387BD8434643EA0040A4EB0C04A0FB0298B3
S3150801D9484445CC46434602D306D1CE4504D20138CE
S3150801D958B9EB020C68EB0703002D6CD0BEEB0C0281
S3150801D96864EB030422FA01F304FA06F6CC40002113
S3150801D9781E43C5E900643DE702FA03FEC3F1200127
S3150801D98804FA03F200FA03FCCC404FEA1E4720FAD0
S3150801D99801F11FFA8EF6B4FBF7F00A4307FB1044A8
S3150801D9A8110C41EA044100FB06F48C420ED91EEB20
S3150801D9B8010100F1FF382CBF4FF001094FF00009AA
S3150801D9C88C4202D9B9F1000F2CD04046091B92B2F4
S3150801D9D8B1FBF7F407FB141142EA014204FB06F10D
S3150801D9E8914207D91EEB020204F1FF3801D291428E
S3150801D9F81ED84446521A44EA004120E7861A64EBBF
S3150801DA08030301200DE7F44402384AE7023C72444D
S3150801DA1831E702397244CCE6F4440238DFE60238C3
S3150801DA283C4472E702387144D0E7023B3C4481E73B
S3150801DA38023C7244DEE72946DCE600BF704700BFB0
S3150801DA4808B5064B044613B10021AFF30080044B11
S3150801DA581B6803B19847204605F044FD00000000FD
S3150801DA687C230020002310B504468360818119466A
S3150801DA784366C28108228361C0E90033C0E90433D9
S3150801DA885C3013F0BBFC0D4B246263620C4BA3623A
S3150801DA980C4BE3620C4B23630C4B9C4206D003F1F7
S3150801DAA86802944202D0D0339C4205D104F1580049
S3150801DAB8BDE8104013F0AABC10BD00BFAF12030899
S3150801DAC8D1120308091303082D1303084422002059
S3150801DAD8024A0349034813F073BB00BF782A00209A
S3150801DAE83B150308882A002041680C4B994210B552
S3150801DAF8044601D013F01DFDA168094B994202D0CD
S3150801DB08204613F016FDE168064B994204D02046D3
S3150801DB18BDE8104013F00DBD10BD00BF442200201A
S3150801DB28AC2200201423002010B50B4B04210B4C02
S3150801DB380B4A20461A600022FFF794FF04F1680091
S3150801DB4801220921FFF78EFF04F1D00002221221D2
S3150801DB58BDE81040FFF786BF7C2300204422002039
S3150801DB68D9DA0108014813F052BC00BF762500200E
S3150801DB78014813F04DBC00BF7625002010B50446B0
S3150801DB88FFF7F0FF236A1BB1BDE81040FFF7F0BFA6
S3150801DB98044B2362044B1B68002BF5D1FFF7C4FF1E
S3150801DBA8F2E700BFF1DA01087C230020024B01469F
S3150801DBB8186813F023BB00BF842A002038B5294BFF
S3150801DBC805460C46186818B1036A0BB9FFF7D6FF5C
S3150801DBD8B4F90C30190722D4DA0607D409222A60BF
S3150801DBE843F040034FF0FF30A38133E0580712D5BD
S3150801DBF8616B41B104F14403994202D028460AF0FF
S3150801DC08B0FB00236363A38923F02403A3810023BC
S3150801DC18636023692360A38943F00803A381236901
S3150801DC284BB9A38903F42073B3F5007F03D02146C2
S3150801DC38284613F0CBFCB4F90C3013F001020AD0CC
S3150801DC480022A26062695242A261226942B913F0AE
S3150801DC588000C5D138BD990758BF6269A260F4E743
S3150801DC680020F7E7842A002038B50023054D044625
S3150801DC7808462B6005F02FFC431C02D12B6803B11B
S3150801DC88236038BD8023002038B50446064D08466A
S3150801DC98114600222A601A4605F035FC431C02D1B2
S3150801DCA82B6803B1236038BD8023002038B50446A4
S3150801DCB8064D0846114600222A601A4605F02BFC2D
S3150801DCC8431C02D12B6803B1236038BD8023002089
S3150801DCD838B50446064D0846114600222A601A46F2
S3150801DCE805F021FC431C02D12B6803B1236038BD1A
S3150801DCF88023002070B50D4D00260D4C641BA41019
S3150801DD08A64209D10B4D00260B4C17F035FC641BAE
S3150801DD18A410A64205D170BD55F8043B01369847AB
S3150801DD28EEE755F8043B01369847F2E7382B002009
S3150801DD38382B0020382B00203C2B002038B500232F
S3150801DD48064D0446084611462B6005F0CFFB431CD1
S3150801DD5802D12B6803B1236038BD00BF8023002098
S3150801DD6838B50023054D044608462B6005F0C5FB62
S3150801DD78431C02D12B6803B1236038BD80230020D8
S3150801DD88094A5168C84390FAA0F048B1B0FA80F038
S3150801DD98042805DC012383400B43536040B27047CE
S3150801DDA84FF0FF30704700BFAC2300200021034B1A
S3150801DDB828220348C3E9001113F020BBAC2300202D
S3150801DDC88423002038B50546FFF7DAFF04460448D8
S3150801DDD8294600EBC40013F09CFC204638BD00BF59
S3150801DDE884230020C3B2042B10B515D804230B4A83
S3150801DDF803EBC003134453E8002F0A4343E80024FE
S3150801DE08002CF8D101220649824051E8003F134304
S3150801DE1841E800300028F8D110BD00BF842300204E
S3150801DE28AC230020F7B54FF0040C01260827184A39
S3150801DE381849194D106800B30B7806FA03F42042FD
S3150801DE481DD0E04352E8004F044042E8004EBEF1B7
S3150801DE58000FF7D117FB03C32B4453E8000F43E818
S3150801DE6800E4002CF9D1019048B1087801AA0B49B8
S3150801DE7805EBC00013F089FC012003B0F0BD0B784F
S3150801DE88506883422EBF00230133DBB20B70D1E7FA
S3150801DE98AC230020772500208423002078563412E5
S3150801DEA8024B1868003818BF01207047AC230020B8
S3150801DEB838B505460C4617F029F8084B1B6853B1BF
S3150801DEC8D3E9042395429C412CBF0124002417F069
S3150801DED80FF8204638BD1C46F9E700BFC4230020C1
S3150801DEE82DE9F0414FF0FF3425460746884617F0D5
S3150801DEF80DF8144B1E68A6B916F0FAFFB5F1FF3FDF
S3150801DF0808BFB4F1FF3F08D0BC4275EB080316D326
S3150801DF18E71B65EB08083C46454620462946BDE801
S3150801DF28F0817269D6E903315B1842F10002A3420E
S3150801DF3872EB05013CBF1C4615467668DBE7344695
S3150801DF483546EAE7C42300202DE9F74F109F0E4608
S3150801DF58DDE90CA915469DF83CB008B1026882B9F5
S3150801DF683FB129463046B84740F2034003B0BDE8F9
S3150801DF78F08F002DF8D0002EF6DB284614F022F88B
S3150801DF88F2E7019016F0C2FF8046584600F0EEF90E
S3150801DF980446404616F0ACFF019B8CB947B12946A1
S3150801DFA83046B8470320314600F09EFB1A20DDE7C4
S3150801DFB8002DF7D0002EF5DB284614F003F8F1E713
S3150801DFC8256200252360DFF880800E9BC4E906A92F
S3150801DFD8A660E360A762D8F8003084F824B06560C3
S3150801DFE898471AEB000649EB010916F08FFF144BFF
S3150801DFF80746D3F800E0C4E9046972462AB1D2E9AA
S3150801E0080401864279EB010111D2A5B9C4F804E0E5
S3150801E0181C600C4B1C682CB1D8F800309847FFF7E0
S3150801E0285FFFA047384616F063FF00209EE7516850
S3150801E03815460A46E2E76A6862606C60E9E700BF66
S3150801E048C4230020B4230020BC2300202DE9F74F60
S3150801E0584FF0000881460D4692461E4616F056FFB1
S3150801E0684746DFF87CB00190DBF800408CB9B8F177
S3150801E078000F08D0184B1C682CB1184B1B68984719
S3150801E088FFF72EFFA047019803B0BDE8F04F16F039
S3150801E0982FBF22684A4511D12DB1A268296822F0F5
S3150801E0A800428A420AD126B9626857B9CBF80020D4
S3150801E0B808E05146206AB0470028F5D02746646823
S3150801E0C8D4E77A60D4F80480204613F0CEFA444699
S3150801E0D84FF00108CAE700BFB4230020BC2300207B
S3150801E0E8C4230020014B1860704700BFB4230020E1
S3150801E0F870B50E4609490446084615460AF01EF83B
S3150801E1080023074A30211360064A06201660064A84
S3150801E11815602246BDE8704000F0C2B830AE030863
S3150801E128C4230020BC230020B823002070B5044668
S3150801E138164618460022002386B0CDE904230B4B60
S3150801E1480D461B6813B9212006B070BD04A9984766
S3150801E1580028F8D1DDE904230290CDE900232946F0
S3150801E1683246204613F0BBFAEEE700BFB823002073
S3150801E178F8B5054610200F46164600F0CBFA0446B0
S3150801E18801461022074809F0EEFF44B10123002091
S3150801E198E3602B68C4E9017623602C60F8BD1A2070
S3150801E1A8FCE700BF30AE03082DE9F84F81468846DB
S3150801E1B80027DFF8B4A0294E48464146FFF778FEFE
S3150801E1C8D8B916F0A3FE264B06461B689847FFF7EB
S3150801E1D887FE05460C464FB1B1F1FF3F08BFB0F1BE
S3150801E1E8FF3F03D01F4B1B6803B19847304616F00B
S3150801E1F87FFE28462146BDE8F88F16F087FEDAF82D
S3150801E208004084B16368CAF8003016F071FEA36845
S3150801E218346033F000430AD1306813F026FA002334
S3150801E22801273360C8E716F063FE3460C4E723683C
S3150801E238002BF1D01D68002DEED0A26832F00043FC
S3150801E248EAD0D5E9007B236A2168A868D847002857
S3150801E258E2D1002FE0D03D46EFE700BFC0230020FA
S3150801E268BC230020B4230020C4230020F8B50446A3
S3150801E2780D4616F04BFE094B1B684BB1D3E90667E9
S3150801E288C4E90067DB682B60BDE8F84016F030BEC4
S3150801E29800260027C4E90067F5E700BFC023002068
S3150801E2A82DE9F0474FF6FC78002416461B4F033133
S3150801E2B81B4B07EB001501EA08084FEA001A1B6809
S3150801E2C86A80814627F80A8002FB08F0EC609847BD
S3150801E2D818FB06F39BB2024668602B81D8B111492F
S3150801E2E8284651F8291009F030FF21462A89686815
S3150801E2F813F084F8214623469E4204DC002057443D
S3150801E3087E80BDE8F0876A68E8685418505001337A
S3150801E318EC604144F0E71A20F3E700BFD01D00205E
S3150801E328C823002000AF030838B5094C04EB0015CB
S3150801E3386B682BB1284609F011FF686813F042FE8D
S3150801E3482846BDE838401022002113F057B800BF07
S3150801E358D01D0020034B0201C3E900100021024821
S3150801E36813F04CB8C8230020D01D002038B5094B36
S3150801E378020103EB0015EC68284621469A5A09F06A
S3150801E388F2FE24B12368EB606B88013B6B8020465B
S3150801E39838BD00BFD01D0020024B03EB0013987847
S3150801E3A8704700BFD01D002030B4064C04EB00139B
S3150801E3B8DD685A880D600132184630BCD9605A8022
S3150801E3C809F0D8BED01D0020044A010102EB00134A
S3150801E3D8505A10B11B89B3FBF0F07047D01D0020C5
S3150801E3E80020124B10B51870114B124C1860124BBD
S3150801E3F8206018706060A060FFF7E6FF80B2A0F1A0
S3150801E4080E036380A0F11403013060810B49201DB6
S3150801E418E38009F093FE2046094909F08FFE04F1C5
S3150801E42808000849BDE8104009F088BE792500208A
S3150801E438E8230020722400207825002038AF030835
S3150801E44841AF03084BAF030870B5044680B316F00D
S3150801E4585DFD637905466FF382036371237913F0CA
S3150801E468100605D010232371BDE8704016F040BD8B
S3150801E478104903F0030331F823203046013A21F8FD
S3150801E48823202146FFF790FF0B4B0C4E1C681CB93D
S3150801E4980A4B28461C70E7E7237A1BB933781BB958
S3150801E4A82468F4E7012BFBD1204663689847F7E708
S3150801E4B870BD00BF72240020E823002079250020BA
S3150801E4C810B5044616F022FD034B1A6822601C6033
S3150801E4D8BDE8104016F00CBDE823002010B5064B20
S3150801E4E800F0E0001A78541C1C70044B03F832003B
S3150801E4F803EBC203596010BD78250020D0230020FC
S3150801E5082DE9F04F0446460789B048BF00F0F704DD
S3150801E5180492029116F0FAFC604E04F0030706EB22
S3150801E528870336F827205B8881469A4204F0EF0A62
S3150801E5384FEA870830D20020FFF718FF054638B397
S3150801E54836F827304846013326F8273016F0D0FC26
S3150801E558284613F0A4FB029B029AAB71049B85F823
S3150801E56804A01344EB7116F0D1FC80464C4B1C6889
S3150801E578002C40F08B80404616F0BAFC06EB870063
S3150801E5884522294609F0EFFD284609B0BDE8F08F6E
S3150801E59801224846434B1A7016F0AAFC25071DD5D1
S3150801E5A81F2C1BD904F0E003B044039316F0AEFC04
S3150801E5B8B8F8023036F827904FF0000B99452CBF6A
S3150801E5C800230123DFF8E480019316F091FC06EB9A
S3150801E5D887030593344B1B789B4508D384F00400BD
S3150801E5E85146C0F3800000F07FF80025C6E798F881
S3150801E5F80030039A1A4204D0D8F80490D9F80030A2
S3150801E60823B90BF1010B08F10808E3E707935A79CF
S3150801E618D00708D51A79510705D5019941B98AEA62
S3150801E6280202920704D099461B68002BEFD1E5E749
S3150801E638484613F09AF90579079007A813F077F968
S3150801E6482946002000F050F816F060FC059B36F8BC
S3150801E65827205B8805469A4234BF01230023019384
S3150801E66809D20020FFF782FE079058B136F82730FD
S3150801E678013326F82730284616F03AFC079D002D5F
S3150801E688BCD065E70122074B1A70F4E7237A012BF8
S3150801E69802D1204663689847246869E772240020EE
S3150801E6A8E82300207925002078250020D02300209A
S3150801E6B80022014B1A607047EC23002010B5044666
S3150801E6C816F024FC074A13682BB914602360BDE8C1
S3150801E6D8104016F00DBCA34202D01A461B68F3E790
S3150801E6E810BD00BFEC23002070B505460E46054B44
S3150801E6F81C6804B970BD636831462846984724687A
S3150801E708F7E700BFEC2300200149084609F016BDC2
S3150801E71858AF0308012838BF012038B5C41C24F0AE
S3150801E7280304204609F02CFD0546014622460848F9
S3150801E73809F019FD2DB921460220FFF7D5FF28460C
S3150801E74838BD22460021284612F058FEF7E700BFD1
S3150801E75858AF030810B5064C237823B90BF0EDFB1F
S3150801E76818B901232370002010BD40F20740FBE7C2
S3150801E7787A25002038B50B4B04461B780D464BB154
S3150801E788214628460BF053FA002840F2074008BFED
S3150801E798002038BD04490548FFF7DCFF0028EFD0FB
S3150801E7A8F7E700BF7A250020EFBEADDEBEBAFECA7E
S3150801E7B8436A70B55904044616D4154A03F4004346
S3150801E7C892F82B20012A10D1826A92040DD4002BC3
S3150801E7D800F101010CBF532014200FF066FC18B98B
S3150801E7E8636A43F00803636270BD002BFCD1094DC7
S3150801E7F8661C29463046F4F7EDFF0028F4D12B6844
S3150801E808C4F80130AB88A4F80530AB79E371E7E7BA
S3150801E818241D0020331D00202DE9F041244E86F8D9
S3150801E8282A00002841D000EBC000C10000230122BC
S3150801E8380420FFF735FD054658B90420FFF796FD6C
S3150801E8484FF048082F46306096F82A30AB4203DC69
S3150801E85800252846BDE8F0813468002108FB0544EF
S3150801E8681422A76104F1340012F0C8FDA0224FF45E
S3150801E878A073C4E90723072304F1100084F831308B
S3150801E888E773E77113F053F804F1140013F04FF81E
S3150801E898204613F09BFB40F20113E3857F23A76209
S3150801E8A884F8323067620135CEE73060D0E700BFB9
S3150801E8B8241D0020084A034692F82A10814209D9DC
S3150801E8C8106840B103EBC30300EBC300406A00F0CC
S3150801E8D80100704700207047241D002038B50446FA
S3150801E8E80D46FFF7E7FF034640B10020044B04EB4A
S3150801E8F8C4041B6803EBC4032B6038BD2120FBE75E
S3150801E908241D00202DE9F04F0446344A93B01068B7
S3150801E91851680FAB03C3906812AA1860E37B94F891
S3150801E9282E7002EB430333F80C1C636A94F82F60C4
S3150801E938DA0444D40126374641F0100194F80E80CA
S3150801E948C3F340495B0348BF49F002098BB288F013
S3150801E9580808012F94F800A094F831500B9304F194
S3150801E968080BD4E90723C8F3C00894F9324005D03F
S3150801E978022F03D0042F14BF00270327012E05D021
S3150801E988022E03D0042E14BF002603265046CDE9CD
S3150801E9980C2313F0BFFBDDE90C230121CDE9076040
S3150801E9A8CDE900515046CDE90547CDE903B90B999B
S3150801E9B8CDF8088000F020FD13B0BDE8F08FA26AF3
S3150801E9C8950648BF41F02001500648BF41F040016D
S3150801E9D8DA0348BF41F00401B0E700BF62AF030894
S3150801E9E837B5044648B104782046FFF763FF10B9DE
S3150801E9F8002003B030BD0134E4B2074D95F82A303A
S3150801EA08A342F5D9204601A9FFF768FF08B9019875
S3150801EA18EFE70134E4B2F1E7241D0020014B93F82E
S3150801EA282A007047241D00202DE9F04F054600F1FC
S3150801EA38100A87B0504605F1140B0C46174612F012
S3150801EA4876FF584612F073FF002013F034F906468C
S3150801EA58002800F00381012F40F2726818BF4FF0B1
S3150801EA681F08012C60D0022C0CBF0624042402219D
S3150801EA78304613F0B5FA0121304613F0B1FA2146AA
S3150801EA88304613F0ADFA304612F0D6FF012384B2A8
S3150801EA98A8EB04010A22009389B242F607233046F5
S3150801EAA813F0EEFA04230444A4B2A8EB0401009374
S3150801EAB8122242F60423304689B213F0E1FA0719FD
S3150801EAC8BFB2A8EB0709B9F1010F04962EDC002499
S3150801EAD8644F97F82B30002B00F0A080504612F0AF
S3150801EAE826FF6B6A2E6143F080026A62DB0400F135
S3150801EAF8A78097F82B00002840F0A28013F0DBF8CE
S3150801EB080590002800F09C80414613F074FA002805
S3150801EB1800F0A0805846059C12F009FF6B6A6C61E3
S3150801EB2843F480736B628BE00524A0E7002013F099
S3150801EB38C2F805900028CAD00221F5F7DBF9A8F131
S3150801EB480204E41BA4B28442074611D224F0010147
S3150801EB588BB2411A05A8039313F010F8039B1F46B5
S3150801EB6802233FB90598E0B905A812F0E0FEAEE719
S3150801EB780323F6E7791C0498C9B2039313F030FA0C
S3150801EB88039B0498194613F02BFA059904A813F060
S3150801EB986EF8002013F08FF80590002832D0E41B90
S3150801EBA8A4B2022C38BF0224A31E9BB20F2B30D95C
S3150801EBB810210393F5F79EF9039B044683421ED257
S3150801EBC823F00F018BB2411A05A8039312F0D6FF59
S3150801EBD8039B1C460623611C0498C9B2039313F0C8
S3150801EBE8FFF9039B0498194613F0FAF9059904A83D
S3150801EBF813F03DF8BB1C1C44A4B23FB968E740B101
S3150801EC080723E8E705A812F092FE3C460234A4B2A7
S3150801EC185EE705A812F08BFE3C46EEE7A9EB040170
S3150801EC2889B2304613F0E7F90446504612F07FFEDA
S3150801EC386B6A2E6143F080026A62002C3FF456AF74
S3150801EC48686A10F010000AD0284607B0BDE8F04FE8
S3150801EC5813F09BBA05A812F06AFEF1E71A2007B065
S3150801EC68BDE8F08F241D0020002370B51349054619
S3150801EC7891F82A4008689C4201DC1A2019E0426A80
S3150801EC88D60717D490F83960760713D4DCB2034649
S3150801EC9803F8014BD1F80F10094EC0F80110B188D5
S3150801ECA842F009029980B17999714262FFF72AFE01
S3150801ECB82C7070BD01334830DDE700BF241D0020E4
S3150801ECC8331D00208378F7B5122B0E4635D10B680C
S3150801ECD89A790C321344DD781F790DB145F48055BC
S3150801ECE8384601A9FFF7FAFD88B9019C636A23F03A
S3150801ECF8100363628DB93946A069621C104B00F08E
S3150801ED0889F9222229460E48A56112F077FB304671
S3150801ED1803B0BDE8F04012F00ABE204613F056F9D2
S3150801ED28636A5A0603D523F040036362EFE7384658
S3150801ED3804F13401F6F7AAFBE9E703B0F0BD00BF11
S3150801ED48521D002073B5144D144C6A68236802F0E5
S3150801ED58800103F002030B431BD053064CBF01265F
S3150801ED68A67AF4F7D1FC0196837983F00803C3F3ED
S3150801ED78C0030093E388A288217A607A00F0F8FA3A
S3150801ED8840B9236823F0020323606B6823F08003E4
S3150801ED986B60002002B070BD241D0020F0230020FE
S3150801EDA801210020054BA3F10802C3E9000043F835
S3150801EDB8081C4FF01013517253607047F82300204E
S3150801EDC8014B187B704700BFF0230020024BD87A05
S3150801EDD8003818BF01207047F023002070B5224E6D
S3150801EDE8716811F002013AD1204D2B68580706D5EA
S3150801EDF8084600F0E3FA2B6823F004032B602B6816
S3150801EE08726803F0080302F00402134310D0F4F7FA
S3150801EE187BFC83791A071FD5F6F77CF90446C8B926
S3150801EE282B6823F008032B60736823F004037360C7
S3150801EE38FFF788FF044668B9EB7A5BB12B685B076D
S3150801EE4808D40121084600F0B9FA50B92B6843F0ED
S3150801EE5804032B60204670BDF6F740F9DEE7112456
S3150801EE68F8E70446F6E700BF241D0020F023002032
S3150801EE78032805D10A4A136843F00803136008E012
S3150801EE88012808D1064BDA7A42B11A6842F0080213
S3150801EE981A60FFF7A3BF10F0FD0FEBD000207047EB
S3150801EEA8F02300200020094B10B55862F4F7ECFA54
S3150801EEB804461CB9BDE81040F4F77EBB204641F26A
S3150801EEC8160113F0DAFA6468F3E700BF241D002077
S3150801EED8A0F11B03E02B10B5044618D8042142F209
S3150801EEE8240011F089F86FF06F0343714223A0F8E3
S3150801EEF8034083710748EFF7BFF811F0ABF840797B
S3150801EF0820B111F0A7F8407940F4805010BD2120AE
S3150801EF18FCE700BFE5C4020837B504460D4613F0F9
S3150801EF28D3FA698820460EF048FF6A7E2B7E20466A
S3150801EF3843EA0223A4F862306A7F2B7F43EA022355
S3150801EF48A4F86430EA7EAB7E43EA0223A4F8663065
S3150801EF581B23A4F86C302D4BDA8B1B8CA4F868207C
S3150801EF68A4F86A30022384F8723011F0F0FA2046C0
S3150801EF7813F02BFD94F87330022B15D100F068FDB8
S3150801EF8870B194F9753001330AD105212046A36871
S3150801EF9843F48053A36003B0BDE8304013F0EBBADD
S3150801EFA8002120460EF00CFF00212046F4F77AFCD2
S3150801EFB84FF6FF73288C984225D000F0C3F90094C0
S3150801EFC800F0AEF96A46ADF8040040F20621104889
S3150801EFD812F0DBFB002240F20221204612F08DFBDB
S3150801EFE82046F4F70DFB204613F0FBFC2046F6F7FE
S3150801EFF8A9F9A368012123F480432046A36013F0E5
S3150801F008C2FA03B030BD0020D9E700BF241D00208D
S3150801F018201D0020F7B504460F46164668465A7954
S3150801F028991D1D46F4F7B4FB2CB969463046F4F721
S3150801F038D1F90446A0B140F2032384F87670A4F8FE
S3150801F048723033682946C4F85A30B3882046A4F87A
S3150801F0585E30B37984F86030FFF75EFF03B0F0BD20
S3150801F068032140F2064010F0C7FF6B88A0F8033069
S3150801F0780D2343710148EEF7FFFFEFE7C9C30208FD
S3150801F08807B590F870304FF4887101AA03488DF8CE
S3150801F098043012F07AFB03B05DF804FB201D00204A
S3150801F0A82DE9FF4103780446302B0E4639D006D898
S3150801F0B8052B25D0082B41D004B0BDE8F0813E2B9D
S3150801F0C8FAD183780C2B4BD8022BF5D9033B092B9C
S3150801F0D8F2D801A252F823F079F10108B3F201082E
S3150801F0E8C1F00108C1F001084BF20108C1F0010895
S3150801F0F8C1F00108C1F00108C1F001089FF2010831
S3150801F108B0F80300F4F7A4F928B1617909B141F413
S3150801F118805113F0B2F9304604B0BDE8F04112F057
S3150801F12806BCB0F80300F4F793F90028F3D0A178E0
S3150801F13809B141F4805113F0F9F9ECE7B0F8030085
S3150801F148F4F786F90028E6D0627990F8743022B186
S3150801F15843F0010380F87430E9E703F0FE03F9E7A1
S3150801F168212B00F0B780292B1FD0202BD3D0A3E75A
S3150801F1788088F4F76DF90028CDD0E278002ACAD13B
S3150801F188E179A27942EA0122A0F86220E17AA27A13
S3150801F19842EA0122A0F86420227A617A42EA012227
S3150801F1A8A0F86620F4F72CFAB5E7C778851C3C2F32
S3150801F1B802D113F046F9AEE790F80680B8F1000FC8
S3150801F1C823D1544A546AC2F82480CFB12946204625
S3150801F1D847F4805713F078F9E76084F8728040F2AB
S3150801F1E80121204601AACDE9014712F0CEFAA36802
S3150801F1F8414643F480632046A360F4F775F98AE724
S3150801F20829462046FFF788FE85E74FF6FF73408CA7
S3150801F21898420BD000F096F840B1F4F775FA2B46E8
S3150801F2280246FF210020FFF7F5FE74E73A4B223420
S3150801F23855F8042BA54243F8042BF9D12A881A80D4
S3150801F24869E7B0F80300F4F703F900283FF463AF58
S3150801F25840F20911B4F8053090F87020A0F86C301E
S3150801F2688DF80420ADF80630227AE37943EA0223B9
S3150801F278ADF80830A27A637A43EA0223ADF80A3070
S3150801F288227BE37A43EA0223ADF80C3001AA234824
S3150801F29812F07BFA3FE78088F4F7DAF800283FF49A
S3150801F2A83AAFA179F4F7CEF935E78088F4F7D0F8BB
S3150801F2B800283FF430AF90F870300E218DF80430ED
S3150801F2C8D4F8063001AACDF80530D4F80A30CDF8B5
S3150801F2D80930DCE78088F4F7BBF800283FF41BAF50
S3150801F2E890F870304FF403718DF80430E37801AA69
S3150801F2F88DF80530A3798DF80630E3798DF807304E
S3150801F308237A8DF80830637A8DF80930A37A8DF84F
S3150801F3180A30BCE7241D0020521D0020201D0020AC
S3150801F32850B10C22064B1B68C31AB3FBF2F3807A59
S3150801F33840EA032080B270474FF6FF70704700BF56
S3150801F348D42A0020024609490B7A0968FF2B01D1FC
S3150801F3580020704703EB430301EB830031F82330A0
S3150801F368C3F30B039342F4D0C37AEFE7D42A0020F8
S3150801F378F8B507460E4642F24100082115461C46CD
S3150801F38810F03AFE9DF818304771C3709DF81C3085
S3150801F39886710371A0F80750A0F809400648EEF7E8
S3150801F3A86BFE10F057FE407920B110F053FE4079F4
S3150801F3B840F48050F8BD00BFE9E0000838B50546B5
S3150801F3C80C4642F24200062110F016FE0023C570CB
S3150801F3D843718371C371037204710648EEF74CFED3
S3150801F3E810F038FE407920B110F034FE407940F427
S3150801F3F8805038BD51E100082DE9F0411546064609
S3150801F4080F4642F2360019211C46DDF8248010F011
S3150801F418F3FD2B0AC371230A83729DF81830857187
S3150801F42803739DF81C30447243739DF820302D0CE4
S3150801F438240CC67087800572C4728373D8F80030A5
S3150801F448C0F80F30B8F804308676A0F813309DF85E
S3150801F458283043759DF92C3083759DF83030C3756E
S3150801F468002303769DF8343043769DF83830C37601
S3150801F4780648EEF701FE10F0EDFD407920B110F0CF
S3150801F488E9FD407940F48050BDE8F081F1E10008D2
S3150801F49838B505460C464FF61940052110F0ACFD5E
S3150801F4A8C57044600548EEF7E7FD10F0D3FD4079CD
S3150801F4B818B1BDE8384013F087B838BD5BC00208F3
S3150801F4C838B505460C464FF61A40052110F094FD45
S3150801F4D8C57044600548EEF7CFFD10F0BBFD4079CD
S3150801F4E818B1BDE8384013F06FB838BD8BC00208AB
S3150801F4F870B50D4606460121DAB1FFF7C9FF04467C
S3150801F508A8B9072142F2350010F076FDC6702B68B6
S3150801F5184360AB8803810848EEF7AEFD10F09AFD03
S3150801F528437923B110F096FD447944F48054204672
S3150801F53870BDFFF7C5FFE2E75DC202080A4610B5C6
S3150801F5480421044642F2370010F061FD03230371D2
S3150801F5580023C470437183710548EEF78DFD10F0D9
S3150801F56879FD407918B1BDE8104013F02DB810BDE2
S3150801F57851C102080A4610B50421044642F2380068
S3150801F58810F045FD032303710023C4704371837189
S3150801F5980548EEF771FD10F05DFD407918B1BDE833
S3150801F5A8104013F011B810BD9DC10208F8B50646FA
S3150801F5B80F4642F23900062114461D4610F01CFD75
S3150801F5C801238471240A0371C7704671C4710572CF
S3150801F5D80548EEF751FD10F03DFD407918B1BDE833
S3150801F5E8F84012F0F1BFF8BDE9C102081FB5837CDE
S3150801F5F80446022B22D0042B25D0A37C033B032BDC
S3150801F60812D8636840F2047193F870300F488DF880
S3150801F6180430238A01AAADF80630A389ADF8083063
S3150801F628236A039312F0B1F8204612F09AF8214694
S3150801F6380C2004B0BDE81040FEF7B6BE4FF4805161
S3150801F64812F032F8D9E741F20101F9E7002400205E
S3150801F65838B505460C20FEF789FE0446E0B1242292
S3150801F668002111F0CBFE0D4A51882846A1F13F0326
S3150801F6783F2B8EBF4021013189B2518012F0ABFF71
S3150801F6880028F1D1EB6BA1816560A360224620466B
S3150801F6980349EC63FEF76CFD204638BD181D0020AA
S3150801F6A827260308402108B5044B024659800C2031
S3150801F6B800232421FEF7F4FD002008BD181D0020AB
S3150801F6C8F0B50B790546142B0C4689B074D009D8C0
S3150801F6D8062B1ED0072B57D0012B00F00A810020D4
S3150801F6E809B0F0BD152B00F0BD80162BF7D1098995
S3150801F6F812F079FFB0B1028B6489C2F57F41A6B2CF
S3150801F708FF31B14280F2E080052240F2134182744A
S3150801F7182BE1498912F067FF21890646284612F026
S3150801F7285AFF28B902222846617910F0E9FC93E0C4
S3150801F738002E00F09180864240F08E8040F20D43FB
S3150801F7480C22336204210020677912F075FB024600
S3150801F758C0B1002405214FF0080C80790C30131824
S3150801F7689970DC7002F800C00720187104205F71CF
S3150801F7789871B0895C701881F089DC7158812846BE
S3150801F788F5F78EF8304614E0498912F024FF024647
S3150801F7982189284612F027FF002A5DD000285BD068
S3150801F7A8824259D1937C042B56D16179137F9942A8
S3150801F7B852D112F020FF4FE04A79C36B2BB923893E
S3150801F7C8013BFE2B06D902233DE0597F914243D0DE
S3150801F7D89B68F3E76189A1F140033F2B32D8284694
S3150801F7E812F001FF002839D12846FFF731FF0646EE
S3150801F7F8002835D063794377208930826389F38174
S3150801F808228A3283E189B18295F87050ADF81200DF
S3150801F8188DF81050B089ADF81630ADF81400607B34
S3150801F828237BADF81A1043EA0023ADF81C2040F2F1
S3150801F83802714F4804AAADF8183011F0A6FF012342
S3150801F848B37409E0092302930023CDE900331A4664
S3150801F8582846617912F0F8FE012041E70A23F2E702
S3150801F8680423F0E74B79C66B002EF5D0327F9A420E
S3150801F87865D0B668F8E7F381A089B082E189318352
S3150801F88895F870508DF81050358AADF81250B5892B
S3150801F898ADF81630ADF81450A37AE57AADF81A0022
S3150801F8A843EA0523ADF81C10ADF81E2040F2037192
S3150801F8B82F4804AAADF8183011F067FF238A002BE0
S3150801F8C87FF460AF0323BBE73244028395F87020BF
S3150801F8D840F205718DF81020028A8389ADF8122045
S3150801F8E8234804AAADF81430ADF8164011F04DFFB7
S3150801F8F8B2E74B79C66B002EAED0327F9A4201D059
S3150801F908B668F8E795F8703040F201718DF810304D
S3150801F918338A1748ADF81230B37F8DF81430627AF6
S3150801F928237A43EA0223ADF81630B38904AAADF857
S3150801F938183011F02AFFB37C022B8DD122E7B37C4C
S3150801F948022B89D14FF48051304611F0ADFE228A37
S3150801F958238991B200298ED1A3F140013F298AD979
S3150801F968052340F216413046B37412F0A0FE73E738
S3150801F9780024002070B586B00646019212F02BFEC7
S3150801F988044610460D4612F057F814B1A37C032B0A
S3150801F99804D001A811F0CBFF06B070BD628BC2B1C5
S3150801F9A8E18A83B2994214D3013A628396F8703090
S3150801F9B840F206718DF80C30238A0B48ADF80E30E3
S3150801F9C8019B03AAADF81050059311F0DEFE05A8B0
S3150801F9D8E0E701A811F0ABFF052340F212412046E2
S3150801F9E8A37412F064FED7E7002400200C4B0146E5
S3150801F9F81A789AB95B689B0710D490F97520013271
S3150801FA0818BF012291F8523013F0400005D091F839
S3150801FA18600010F0400018BFD0B270470122F1E724
S3150801FA2804240020024B586800F00200704700BF02
S3150801FA3804240020024B586800F00800704700BFEC
S3150801FA4804240020014B1B68184700BFE02A002040
S3150801FA5808B50DF0F9FF022817BF034B00205868AF
S3150801FA6800F0100008BD00BF0424002007B50246AF
S3150801FA780846042802F0010113D9B1B903200C4B31
S3150801FA885A6002F08003019302F04003009302F0E2
S3150801FA98200302F0040200F073FB002003B05DF8AE
S3150801FAA804FB0029EBD00328E9D12120F6E700BF9A
S3150801FAB80424002038B50D490D48FEF74BFE0446C7
S3150801FAC8054688B90B4B0C4A1A600C4A5A600C4A07
S3150801FAD89A600C4ADA6000F091FB0321044628462D
S3150801FAE8FFF7C4FF084B1D70204638BDEFBEADDED3
S3150801FAF8BEBAFECAE02A00207D010208332D030892
S3150801FB08C9010208910C02080424002038B50446E4
S3150801FB180320FEF7FFFD0546D0B194F8703003704F
S3150801FB2894F8753043702046F3F75CFD2A46A870A9
S3150801FB3840F20261074811F0E0FD074B2046DB68F1
S3150801FB480121984794F97500BDE83840F2F718BFBE
S3150801FB5838BD00BF201D0020E02A002070B50546E3
S3150801FB6808200E46FEF7D6FD044680B195F8703092
S3150801FB7800210370064B4660DB68284698472246EB
S3150801FB88BDE8704040F20161024811F0B6BD70BD8A
S3150801FB98E02A0020201D002038B5054608200C4615
S3150801FBA8FEF7B8FD024638B1C0E90054BDE8384049
S3150801FBB80D21024811F0A1BD38BD00BF201D002046
S3150801FBC838B5054608200C46FEF7A4FD024650B18D
S3150801FBD895F8703040F20561037044600248BDE843
S3150801FBE8384011F08ABD38BD201D002013B50446DA
S3150801FBF80191114612B301A90420FEF7BBFD019B29
S3150801FC08104A2046B3FBF2F102FB113345F21802FA
S3150801FC180021019301AB12F0F3FF0820FEF77AFDE4
S3150801FC28024648B194F8703040F204610370019BAA
S3150801FC384360054811F061FD02B010BD45F218028E
S3150801FC4801ABE8E740420F00201D002010B5044625
S3150801FC580120FEF75FFD024648B194F8703040F27C
S3150801FC6803610370BDE81040014811F046BD10BD97
S3150801FC78201D002038B5054608200C46FEF74AFD22
S3150801FC88024650B195F8703040F207610370446036
S3150801FC980248BDE8384011F030BD38BD201D0020A6
S3150801FCA8014B5B68184700BFE02A002010B50446D7
S3150801FCB8006C30B94FF4B07012F082F9206420B99B
S3150801FCC810BD4FF4B07112F044F9FF23226C82F883
S3150801FCD85E31A3681B0603D5054B01201360EFE7C0
S3150801FCE894F87300034B0449012808BF0B46F4E747
S3150801FCF8E53103085D1102081D0D02082DE9F041D9
S3150801FD088AB006AC884615460346264600F110070A
S3150801FD18224618685968083303C2BB421446F7D104
S3150801FD281021304612F007F9002306200593E7F754
S3150801FD38A1FA12F045F9044610B310274FF4807159
S3150801FD4812F093FE194B1A49036005ABC160324696
S3150801FD5828460293CDE900873B46EBF7C3FE0546DD
S3150801FD68F0B93946404612F0E6F83946304612F0F7
S3150801FD78F0F820460AF013F9204612F023F90BE0A9
S3150801FD886FF08C0140F20740FFF706FF1021304655
S3150801FD9812F0DFF86FF08C0528460AB0BDE8F08145
S3150801FDA8014640F20740FFF7F7FEDEE70024800028
S3150801FDB80044400410B50F4C2368D3B10022D3F888
S3150801FDC8A0001A7783F83D2083F85E2009F009F91F
S3150801FDD820684421603012F0BCF8206821211D30C2
S3150801FDE812F0B7F820682121BDE810403E3012F01C
S3150801FDF8B0B810BD0C24002070B50E460446154649
S3150801FE0892B020223046404911F0CEFA68B920222C
S3150801FE1828463E4911F0C8FA38B93D4B1B681B7D7F
S3150801FE28002B5ED040F203401BE0246C20223046AA
S3150801FE3804F1540111F0B8FA38B92022284604F118
S3150801FE48740111F0B1FA0028ECD00620E7F712FA86
S3150801FE5812F0B6F8044630B901461A20FFF79CFE97
S3150801FE681A2012B070BD00234FF48041009312F096
S3150801FE78FCFD284B06F12002C360274B03600423C7
S3150801FE8830468DF804300DF1050350F8041B9042ED
S3150801FE9843F8041BF9D10DF10500202112F04BF89E
S3150801FEA828460DF1250305F1200250F8041B904256
S3150801FEB843F8041BF9D120210DF1250012F03BF86E
S3150801FEC801A96B464122204609F059FB014650B95A
S3150801FED820460AF064F8204612F074F8009809F0EA
S3150801FEE880F80020BDE710F1870F03D040F20740DC
S3150801FEF8FFF752FE20460AF052F8204612F062F839
S3150801FF08009809F06EF88DE723B0030803B00308D3
S3150801FF180C24002000000209124100012DE9F043D2
S3150801FF289846002387B0044606200E461746CDE9AB
S3150801FF380433E7F79FF912F043F8054638B34FF447
S3150801FF48805112F092FDDFF874901B4B214603602D
S3150801FF581022C0F80C9004AB09F011FB044628BB23
S3150801FF6805AB029310233246CDE9008349463B4641
S3150801FF78049809F04CFD0446C0B9049809F031F80B
S3150801FF8828460AF00CF8284612F01CF80AE06FF021
S3150801FF988C0140F20740FFF7FFFD049809F021F8A4
S3150801FFA86FF08C04204607B0BDE8F083214640F27D
S3150801FFB80740FFF7F1FDE0E7002480000002C003CF
S3150801FFC8036C53B983681B0609D490F87320054B4B
S3150801FFD80548012A08BF1846704718687047034834
S3150801FFE8704700BF1D0D02085D110208E5310308B7
S3150801FFF82DE9FF41044606208846E7F73BF911F043
S31508020008DFFF054648B901461A20FFF7C5FD6FF016
S315080200188C04204604B0BDE8F08122466C46274681
S315080200284FF4807112F021FD144BC360144B036020
S3150802003802F11003264610685168083203C69A4226
S315080200483446F7D11021384611F075FF4346102277
S315080200583946284609F093FA044620B1014640F281
S315080200680740FFF799FD1021384611F072FF284616
S3150802007809F095FF284611F0A5FFCAE7004440048F
S3150802008800248000FF282DE9F74318BF354C81461E
S3150802009818BF44EA00244FF006000F46164608BF62
S315080200A8314CE7F7E7F811F08BFF8046002855D060
S315080200B80146204608F0E3FF0546404609F06FFF69
S315080200C8404611F07FFF15F1880F43D1B9F1FF0FAA
S315080200D842D10620E7F7CEF811F072FF044658B95E
S315080200E801461A20FFF758FD002005463C6006B16E
S315080200F8356003B0BDE8F08300231B4A01934368C1
S315080201084261DAB222B923F0FF0343F001034360DE
S31508020118E5F7D4FE052808BF40F2011340F201119B
S3150802012808BF6360204612F0A0FC104B01A9E360E1
S315080201380F4B2360EBF7CEFD014618B140F2074094
S31508020148FFF72AFD204609F02AFF204611F03AFF52
S31508020158019CC9E7002DC7D02120C8E71A206FF0ED
S315080201688C05C4E7068004003700040000444004EE
S3150802017800248000014B1B68187A70470C2400205B
S31508020188003918BF0121003B18BF012310B50B4CD3
S31508020198003A246818BF0122A3749DF80830207013
S315080201A8003B18BF0123E3749DF80C302174003B09
S315080201B818BF01236274237510BD00BF0C240020E2
S315080201C801280AD002280ED098B90B4B1A689369E7
S315080201D843F00103002093617047074B1A68936935
S315080201E843F00203F6E7044B1A68936943F00403DB
S315080201F8F0E72120704700BF0C24002010B5194CDF
S31508020208236833B9A42011F0DBFE206038B91A2412
S3150802021826E0FFF7CFFDA421206811F09AFE0322F3
S315080202284FF0FF31236810481A70D960002210214E
S315080202381A77197283F83D200C4983F85E201A82C8
S315080202489A749A61FDF794FF044648B909F075FE4F
S3150802025830B122460549044811F05FFA40F20744CC
S31508020268204610BD0C24002010240020A72B0308C2
S315080202782DE9F04383680446590687B040F1B480ED
S3150802028823F040038360FFF79BFE734EB04203D008
S31508020298724B984240F0AB8094F9758004F13409A0
S315080202A8B8F1FF3F1DD10DF0CFFB022872D0636B60
S315080202B804201A888DF808201A4632F8021B090AF9
S315080202C88DF80910D3F8023002A9CDF80A30536816
S315080202D80A22CDF80E30F2F7E1FAB0F1FF3F80466E
S315080202E858D0A56815F4807554D10620E6F7C2FFDA
S315080202F811F066FE074698B901461A20FFF74CFC24
S31508020308204641F20601FFF729FC20460021F4F7A8
S315080203181DFF04F1340007B0BDE8F04312F085BCAE
S315080203282046FFF74DFE864228D14D4D394645EA05
S315080203380825284608F0A3FE0646384609F02FFE81
S3150802034816F1880F1BD1474D394645EA082528462E
S3150802035808F095FE0646384609F021FE384611F099
S3150802036831FE9EB9606B2A4602A90A30FFF7C6FC17
S3150802037878B3102102A811F0ECFDC1E72E462046F3
S31508020388FFF71EFE354B8342E8D1DCE7314640F2D9
S315080203980740B3E794F87430DA0702D4A368DB0592
S315080203A8AED5002301A904F118000193FFF720FE30
S315080203B818B1019808F015FEA2E7606B019A02A91E
S315080203C80A30FFF79BFC0546019808F00AFE002D3D
S315080203D8CFD1204602A9F4F7B9FE02A8102111F0D6
S315080203E8B8FD484612F021FC07B0BDE8F083636BF6
S315080203F81A88002A84D11C4A904203D01B4A904282
S315080204087FF47EAF0022013313F8011F00297FF417
S3150802041877AF0132082AF7D1206C019100F5987056
S3150802042801A9FFF7E5FD0028C3D1606B019A02A965
S315080204380A30FFF763FC0546019808F0D2FD002D3D
S3150802044897D1204602A9F4F781FE02A8102111F0D5
S3150802045880FD04F13400C5E75D1102081D0D020886
S315080204680580040003800400591E0208ED2D0208BF
S3150802047838B504460D460520022112F00CFB024641
S31508020488C0B18379062103445D7320460FF018FE2E
S31508020498204645F49051FFF761FB94F87310064B12
S315080204A8064A2046012914BF11461946BDE83840AE
S315080204B812F082BB38BD00BF1D0D02085D11020885
S315080204C82DE9F043804693B006200F46164699460C
S315080204D8E6F7D0FE11F074FD054648B901461A201A
S315080204E8FFF75AFB6FF08C04204613B0BDE8F08379
S315080204F84FF4804112F0B9FA5A4BC3605A4B03605B
S315080205085A4B1A68137F022B21D102F1600302F1B2
S31508020518800153F8040B8B4247F8040BF9D102F110
S31508020528A00153F8040B8B4246F8040BF9D1D2F80A
S31508020538A0302846C9F8003009F031FD284611F0DE
S3150802054841FDB8F1000F40F085800024CCE7936995
S31508020558DB072DD5464B03F1200253F8041B9342B9
S3150802056847F8041BF9D1434B03F1200253F8041B3D
S31508020578934246F8041BF9D14B4620223E4928469F
S3150802058808F0FDFF0446284609F009FD284611F039
S3150802059819FD002CD5D0214640F20740FFF7FCFA90
S315080205A8B8F1000FA0D008214046FFF761FF9BE784
S315080205B84946EBF78FFB044690B1014640F20740DD
S315080205C8FFF7EAFAB8F1000F03D008214046FFF709
S315080205D84FFF284609F0E3FC284611F0F3FC83E7A7
S315080205E86B46412201A9D9F8000008F072FE0446B2
S315080205F8284609F0D4FC284611F0E4FC4CB12146F9
S3150802060840F20740FFF7C8FAD9F8000008F0E9FCF3
S31508020618C6E73A460DF105030DF1250153F8040B11
S315080206288B4242F8040BF9D132460DF1450153F8CB
S31508020638040B8B4242F8040BF9D101A8412111F0A7
S3150802064888FC3846202111F076FC2021304611F024
S3150802065872FC76E7002245F21601404612F0C2FA03
S3150802066873E700BF00000209127100010C2400207A
S315080206786EAF03088FAF030843B003082DE9F743A3
S3150802068890F873700446012F056C04D195F8503119
S31508020698002B40F0AB8095F85C3195F85181032B15
S315080206A800F2F080DFE803F00286AFD318F0010FF4
S315080206B87BD01121062012F0EEF98146002800F0B7
S315080206C895808679102106440D36304612F0A3FA2B
S315080206D8014658B120460821FFF7CAFE002140F212
S315080206E8074003B0BDE8F043FFF756BAA07CC0F14D
S315080206F81002304410F082FE0DF0A6F9022895F988
S315080207085E010BD032460521F2F766F890B1082148
S31508020718204603B0BDE8F043FFF7AABE33461022C7
S3150802072805210DF093F928B1002140F21B40FFF785
S3150802073833FAECE70DF088F902280FD1012F0DD00C
S3150802074804F1180306F1100256F8041B964243F8F8
S31508020758041BF9D1A36843F48073A3604A460621A9
S3150802076820460FF0ADFC0B21072012F094F98146BA
S3150802077800283BD0867995F95E310C36064443F44F
S315080207883F430821A6F80130F01C12F044FA0A225F
S31508020798042195F95E01731C0DF058F90028C3D196
S315080207A84A46062120460FF08BFC95F85C31013340
S315080207B885F85C3118F0020F20D01121082012F0B2
S315080207C86AF9064690B10023817901AA01440D31D6
S315080207D8FF20019312F08AFA58B108212046FFF73A
S315080207E847FE40F207400199FFF7D6F903B0BDE87C
S315080207F8F0833246062120460FF062FC95F85C31F2
S31508020808013385F85C3118F0020F1BD0082109203C
S3150802081812F041F981460028E8D086790C36064452
S31508020828F2F76EFF83794A4683F00803C3F3C003D7
S31508020838737003680621C6F8023083882046F38057
S315080208480FF03EFC95F85C31013385F85C3118F0F7
S31508020858040F12D011210A2012F01DF906460028A3
S31508020868C4D0807910223044AB210D3010F0C6FD71
S315080208783246062120460FF023FC95F85C310133EF
S3150802088885F85C31012F08D0236C93F85031002B78
S31508020898ACD195F85C31042BA8D1A36C10220B2194
S315080208A895F95E0131330DF0D1F878B140F21B4162
S315080208B82046FFF753F91F4B1F492046012F08BF49
S315080208C8194603B0BDE8F04312F076B9A36C0122C3
S315080208D80C2195F95E0120330DF0B8F80028E5D108
S315080208E8A36C10220D2195F95E0121330DF0AEF89D
S315080208F80028DBD1082295F95E01114604F1100396
S315080209080DF0A4F80028D1D1236C93F85E2184F857
S315080209187520FF2283F85E210DF096F8022808BF93
S31508020928A368204604BF43F48073A360FFF7EEF872
S31508020938C1E700BF1D0D02085D1102082DE9F04F37
S3150802094897B01546DDE9209804AA06468C469246CB
S315080209581C46524B229F03F1100B96461868596893
S315080209680833AEE803005B457246F6D16B46202289
S3150802097861465046FFF7D2FA8346002871D1484B9A
S3150802098805F11002089365238DF824300DF1250325
S31508020998184655F8041B954243F8041BF9D1102149
S315080209A811F0C9FA0DF13503184604F1100254F884
S315080209B8041B944243F8041BF9D1102111F0BBFA1F
S315080209C899F80630062183F00803C3F3C0038DF8A5
S315080209D84530D9F800300DF14600CDF84630B9F859
S315080209E804300124ADF84A3011F0A5FA98F8063011
S315080209F8062183F00803C3F3C0038DF84C30D8F8F0
S31508020A0800300DF14D00CDF84D30B8F80430ADF888
S31508020A18513011F090FA002335228DF85430684681
S31508020A28239B08A98DF85340FFF778FA8346C0B97D
S31508020A381021239811F07FFA3B463522684608A901
S31508020A488DF82040FFF76AFA834650B9B27C014608
S31508020A58C2F11002384610F0D1FC1021384611F0BE
S31508020A686AFA1021684611F074FA352108A811F0B5
S31508020A7870FA1021504611F06CFABBF1000F06D035
S31508020A8808213046FFF7F4FC17B0BDE8F08F5A463E
S31508020A9845F21201304612F0A5F8F5E7B0AF030899
S31508020AA80062746C70B51E460423054696B0144651
S31508020AB88DF8143001F120020DF1150351F8040BD3
S31508020AC8914243F8040BF9D120210DF1150011F0D2
S31508020AD832FA22460DF1350304F1200152F8040BC5
S31508020AE88A4243F8040BF9D120210DF1350011F099
S31508020AF822FA04AB0293202301931A9B31460093E8
S31508020B080E48412305AA08F0F7FF0446412105A81D
S31508020B1811F01FFA54B1214640F20740FFF73CF894
S31508020B2808212846FFF7A4FC16B070BD224645F2EE
S31508020B381501284612F056F8F6E700BF0000020922
S31508020B48F8B50446FEF752FF266C054628B394F90B
S31508020B5875305F1C0BD086F85E31FEF763FF0721F6
S31508020B68012011F098FF024638BB1A2111E02046E7
S31508020B78F1F7EAFF86F85E01236C93F95E310133D1
S31508020B88EBD1FEF74FFF60B1A3685D070FD441F2B8
S31508020B9805212046FEF7E2FF0DE0FF2386F85E31BF
S31508020BA8EFE794F975300133EED10025D7E7052129
S31508020BB82046FFF75DFC0020F8BD324986790968A8
S31508020BC80C3691F800C0831983F801C091F81CE025
S31508020BD8281E18BF0120BEF1010F0DD183F802E0C5
S31508020BE8D870487C00B3D87800071DD4A3685B0779
S31508020BF8DDD441F20321CCE78F69BEF1020F07F073
S31508020C0802070ED191F85EE0BEF1000F09D04FF047
S31508020C18010E83F802E0D870002FE2D140F00800EE
S31508020C28DEE74FF0000EF4E7BCF1030F07D00969B7
S31508020C3811F0FF1F1EBFD97841F00401D97094F844
S31508020C4874108F0708D5D978480705D4BCF1030F5D
S31508020C58CFD041F00401D970002D18BF0325102101
S31508020C685D7119719D71216C9059C1F806009888B1
S31508020C7848819B7920460B7306210FF021FA012039
S31508020C889AE700BF0C240020204B10B51B680446BF
S31508020C989B6913F0040310D141B180F8773090F8B4
S31508020CA87010BDE810401A4810F0FEBC90F8733070
S31508020CB8012B03D18368580705D410BD022B02D12C
S31508020CC883685907F9D494F9772094F87730002A73
S31508020CD8F3DBB3B9012384F8773094F877305B08E5
S31508020CE8EBD04FF47A7294F87010534308480022EE
S31508020CF8FDF71CFA94F8773063F07F0384F87730A7
S31508020D08DBE75A06E9D45B00E5E700BF0C240020B6
S31508020D181024002045F21E0330B5994204461546AA
S31508020D2889B010D845F21603994213D845F2010339
S31508020D38994200F0848145F20C03994222D0B1F512
S31508020D48A04F00F082812A46204609B0BDE8304005
S31508020D5800F0AEB9A1F5A043173B072BF3D801A2B9
S31508020D6852F823F0510E02084F0D02084F0D0208D9
S31508020D784F0D0208011002084F0D0208C90F020892
S31508020D883D0E020890F97730002B02DB826853077A
S31508020D9807D520460921FFF76BFB41F2092009B05E
S31508020DA830BDAB792B44914D5B7C2D6803F0080165
S31508020DB86D7CD5B121B90321FFF75AFB2120EEE74D
S31508020DC813F0040F03F0010308D042F00802826008
S31508020DD893B9A36843F02003A36013E0002BF8D065
S31508020DE8836843F010038360F3E7580744BF42F069
S31508020DF80802A260DB0703D5A36843F01003A360C1
S31508020E080029E6D1A368224643F00403A360784979
S31508020E182046FDF7ADF9022120460CF0D1FF47F22C
S31508020E283053002245F21A012046FDF77FF9A368D6
S31508020E389D054AD5A368580747D594F8700009B09E
S31508020E48BDE8304011F056BD90F87430D90745D53B
S31508020E5890F9753001333AD094F9131001291DDC3B
S31508020E68A26893060DD5614B15071B6801D4187C31
S31508020E7838B1187F10B91878032802D09B699807E1
S31508020E882CD501290AD0594B11071B6801D41A7C9B
S31508020E9822B11A7F12BB1B78032B1FD10023CDE977
S31508020EA80433CDE906330CF0CFFD022801AB2DD168
S31508020EB8A06AE16A228E03C31A802046BDF8042076
S31508020EC804AB0DF10601F4F7F1F9002067E7836828
S31508020ED8DA0616D4FEF7A6FD0028BDD0434B1B68D2
S31508020EE8197F022929D1DA7C3AB393F85E3023BBF3
S31508020EF8A3685A0717D52046FFF7BAFA41F202201D
S31508020F084DE7FEF773FD0028E4D0E7E70A22022137
S31508020F1894F975000CF0C8FD0028CED1CDE9010078
S31508020F28ADF80C00C9E7204641F20221FEF716FE83
S31508020F3801212046FFF7A8FEE0E72046FEF7B6FE9F
S31508020F48A56860B96B0705D508212046FFF790FA08
S31508020F581A2024E71A212046FEF700FEF8E715F0BC
S31508020F68040508D0FEF766FDC8B1204694F975103F
S31508020F78FEF780FEA9E722461D492046FDF7F8F83E
S31508020F88022120460CF01CFF47F230532A4645F246
S31508020F981A012046FDF7CAF8A3685D07E2D4226C4F
S31508020FA8D2F8583143F020032046C2F85831FFF7E1
S31508020FB8C7FD002889D020460E4911F0FDFD84E7B1
S31508020FC8FEF738FD00286AD0226C002A67D0A36883
S31508020FD8580764D5D2F85831990660D42978002971
S31508020FE8E0D105212046FFF743FA6EE70C240020D4
S31508020FF8092C03088124020890F87430D80707D404
S315080210082046284911F0D8FD29462046FEF7A6FDAE
S31508021018A36859077FF559AF204645F21A0110F019
S3150802102843FB20462246204910F077FBA368022193
S3150802103823F03C032046A360F2F756FA45E7024630
S3150802104819491A48FDF794F83FE745F21A0110F0CC
S315080210582BFBA36823F03E03A360236C6BB193F9B9
S315080210685E01421C09D094F97520013203D0D3F8DF
S3150802107858315B0601D5F1F78DFC224620460A4906
S3150802108810F04BFB22460849084810F046FB204652
S315080210980221F2F729FA204611F006FE15E7022080
S315080210A87DE600BF1D0D0208092C0308201D002035
S315080210B845F21703994210B5044640D01AD845F2A4
S315080210C80603994228D019D840F2012321F00201D1
S315080210D8994213D190F870101A4810F0E5FA94F864
S315080210E873300022012B4FF4A041204608D1FFF79E
S315080210F811FE03E045F21A03994204D048200AE091
S3150802110800F028F8FAE7104911F056FD072120469B
S31508021118FEF724FD002010BD93791A44517C41F448
S315080211289051FEF71BFD94F87310084A084B20469F
S31508021138012914BF1146194611F03EFDEAE70220B5
S31508021148E9E700BF10240020E53103085D1102080B
S315080211581D0D020845F21E0399422DE9F34104467C
S31508021168154611D845F21603994214D845F20103D1
S31508021178994200F0468345F20203994200F09C80A0
S31508021188B1F5A04F00F043832A46204602B0BDE8CF
S31508021198F041FFF78DBFA1F5A043173B072BF3D8FC
S315080211A801A252F823F000BFD111020891110208D0
S315080211B89111020891110208C5170208911102082D
S315080211C88F13020855130208864E33681A7F022AB5
S315080211D811D1DA7C7AB193F85E3063B941F2022109
S315080211E8FEF7BCFC20460121FFF74EFD41F202201C
S315080211F802B0BDE8F081A368590701D50220F7E7CE
S315080212082046FEF7F3FB3368051E1A7818BF012530
S31508021218032A07D019696AB211F0FF1F28D042F0CB
S31508021228040503E094F87420920729D49A69960764
S3150802123823D41A7F012A20D045F0080502210B205B
S3150802124811F029FC024600B3837903445D7394F9C5
S315080212587530013303D094F87430DD0703D5A368D3
S3150802126843F00203A360062120460EF029FF0CE08C
S3150802127894F874108F07D2D4D8E75B7C002BDDD09C
S3150802128841F203212046FEF769FCA368224643F089
S315080212980403A36054492046FCF76AFF0221204644
S315080212A80CF08EFD47F23053002245F21A01204609
S315080212B8FCF73CFF00209BE78368580703D494F998
S315080212C87730002B05DB236C53B1D3F85831D9068E
S315080212D806D520460921FFF7CBF841F2092087E708
S315080212E82046FEF7E3FC28B908212046FFF7C0F88E
S315080212F821207DE7206CD0F8583143F01003C0F856
S315080213085831AB790C332B445A68C0F806201A8927
S31508021318428101229B7A0373236C9A71A26812F09E
S31508021328040610D1224630492046FCF721FF02213D
S3150802133820460CF045FD47F23053324645F21A016B
S315080213482046FCF7F3FEA3689A05B3D5236C002B4F
S31508021358B0D0D3F85831DB06ACD5FEF76BFB94F957
S31508021368751030B1A3689F0703D42046FEF782FC9E
S31508021378A0E70846F1F712FA28B194F87430DE079E
S3150802138801D40521B1E7236C002B3FF437AFD3F814
S315080213985831D8067FF532AF99063FF52FAFFEF7D3
S315080213A849FB48B1A3689A0706D42B7823B90521BD
S315080213B82046FFF75DF87DE7A368256C23F002034C
S315080213C8A360D5F85831074F43F02003C5F85831BA
S315080213D83B68AA7A1B7A934202D8A37C934205D918
S315080213E8062182E70C240020092C030894F95210D6
S315080213F894F852300029B2BF012383F00803C3F3D5
S31508021408C003102A28BF10222B7194F86030204690
S3150802141883F00803C3F3C0036B71A2746E7AFEF7EE
S31508021428E5FA90B3F30730D594F97530D4F84080C5
S31508021438581C20D088F85E3106F00D063B689A6972
S31508021448910704D41A7F012A01D0320701D406F07B
S31508021458F7061A78032A1BD01B6913F0FF1F01D057
S3150802146846F004060721022011F015FB0190A8B9D7
S3150802147840F20340BCE62046F1F766FB88F85E01AF
S31508021488236C93F95E310133D6D106F00C06D5E7FB
S315080214981B7F002BE6D106F0FB06E3E790F806C0A9
S315080214A83A680CF10C0C137800EB0C014B70137F9D
S315080214B8012B06D0022B46D192F85E30003B18BFA4
S315080214C801238B701023CE7016F0010608BF324628
S315080214D80B711FBFEB7A2A7B03F003034B71236C4C
S315080214E814BF02F003024E718A7183F851214A79B0
S315080214F883F8502150F80C20C3F80D208A88A3F8DF
S3150802150811208A79DA7406B3206C90F8501111F012
S3150802151802061AD194F85210062281F0080190F9A7
S315080215285E0104F14C03C1F3C0010CF08FFA60B1F5
S315080215383146FEF731FB20460821FEF799FF01A836
S3150802154810F0F5F994E70023BBE7019E002E8FD029
S31508021558FEF768FA95F809C018B994F9753001338F
S315080215680FD01CF0010F04D0236C93F95E310133B6
S3150802157807D105212046FEF77BFF3046FCF764FFB4
S31508021588B6E63B680CF00802597C29B112B12A7CE6
S31508021598100703D40321EDE7002A70D02A7C110725
S315080215A86DD5D5F8581141F00401C5F85811B5F8A2
S315080215B8501121F4807121F00101A5F85011187F04
S315080215C8297A02280FD091B942EA0C0212F00402CB
S315080215D840D185F85D211B7C002BDBD194F8743049
S315080215E89807D7D40DE021B993F85E203ABB0221B1
S315080215F8C0E7012283F83D20DA7C32BB042385F84A
S315080216085D3194F91330022B03D1D5F858315A07AC
S31508021618C0D50CF019FA02284DD094F97500431C66
S3150802162849D0002201A9C0B2FEF72CFD002842D1F2
S31508021638236C93F85021910737D40A219AE783F83D
S315080216483D10DB7C002BD2D1D8E793F85E30002B0D
S31508021658D4D1CCE7EA791978052A28BF03227F4824
S3150802166801EB810101448A5C85F85D211B7C1BB963
S3150802167894F874309907C4D5002AC2D18AE71A7F22
S31508021688012A02D12A7A002AB8D11CF0040F03D1FA
S315080216982A7C12F004029CD0EA791978052A28BF0E
S315080216A803226F4801EB8101DCE793F851319A0767
S315080216B801D40A2119E694F97520531C1CD048F25C
S315080216C80800216C40EA0220D1F8583180B243F06A
S315080216D84003C1F85831F5F757F8052194F975000A
S315080216E80CF09FF9032194F975000CF09AF9062172
S315080216F894F975000CF095F93246062120460EF043
S31508021708DFFC95F85D31206C042B1DD13B6800F58A
S31508021718987003F11D022D3352F8041B9A4240F8B9
S31508021728041BF9D1D5F8583195F85D2103F004015F
S315080217388AB923F00203C5F85831E274B9B149499E
S31508021748204611F039FAB5E51022002100F59870FD
S315080217580FF054FEE6E743F00203C5F8583141B9DB
S315080217680123032AE37412D9042A7FF4A3AD3E4956
S31508021778E6E7A37C0F2B89BF94F87430012343F05C
S31508021788080384F8743088BF0223E374D7E7012A6A
S3150802179807D02046354911F00FFA2046FEF756FAC1
S315080217A888E52046314911F007FA3B682046D96888
S315080217B84D1C6A426A41FEF719FA7BE590F87430BD
S315080217C8D80707D420462A4911F0F6F929462046A9
S315080217D8FEF7C4F9A36859077FF56CAD45F21A01F5
S315080217E820460FF061FF2246204622490FF095FF50
S315080217F8A36823F00403A36002212046F1F774FEC6
S3150802180858E502461B491C48FCF7B2FC52E545F264
S315080218181A010FF049FFA36823F03E03A360236C5D
S315080218286BB193F95E01421C09D094F9752001320D
S3150802183803D0D3F858315B0601D5F1F7ABF822463F
S3150802184820460C490FF069FF22460A490A480FF052
S3150802185864FF204611F028FACEE700BFC1AF030895
S31508021868DAAF03086D23020885180208DD22020882
S315080218785D110208092C0308201D002073B545F2DC
S315080218880406B142044615460DD045F21006B14281
S3150802189822D0B1F5A04F38D111F0EDF8236CD3F860
S315080218A85831D90720D5236CD3F85821D2070BD437
S315080218B8AA7998330C3215446A1D153552F8041B51
S315080218C8AA4243F8041BF9D1216CD1F8583113F00E
S315080218D804030CD00F4904E0016CA83111F01FF972
S315080218E80D49204611F068F9002002B070BD81F84A
S315080218F85C31012301F1B8020093204601F1A803DD
S3150802190801F5987111F085FBEEE702B0BDE8704063
S31508021918FFF7CEBB25190208BD190208B1F5A04F73
S31508021928F7B5044608D045F21105A94236D003B0E0
S31508021938BDE8F040FFF7BCBB006C1021B83011F0C7
S315080219486AF960B108212046FEF792FD40F207407F
S315080219580021FEF721F940F2074003B0F0BD256CD5
S3150802196895F85D6105F1A807013E022E01979CBF0D
S31508021978D5F82C0195F85C6105F154019EBFF04033
S3150802198800F0010040F08000009005F1140220469C
S3150802199805F1B80311F0B0FB0020DEE7016CA831A7
S315080219A811F0BDF82046024911F006F9F4E700BF1E
S315080219B8BD19020845F2100330B59942044685B0A6
S315080219C800F0A6800CD8B1F5A04F27D045F205033A
S315080219D8994228D0204605B0BDE83040FFF768BBD3
S315080219E845F21103994200F0B08045F21203994272
S315080219F8F0D1016C91F85D3113B1043B012B03D880
S31508021A082046B83111F06FF8236C93F85D31042B30
S31508021A1840F2DF80052B03D16F4992E011F02BF8CB
S31508021A28002005B030BD9179036C0C310A44511D6A
S31508021A38C833153251F8040B914243F8040BF9D10D
S31508021A48206CD0F8583113F0040354D090F85D315D
S31508021A58042B22D1614B1B6893F85E5065B10021AD
S31508021A6800F114020091114600F5A07001903E3368
S31508021A78204611F041FBD3E71021B83011F0CBF814
S31508021A8858B108212046FEF7F3FC40F207402946DA
S31508021A98FEF782F840F20740C3E7216C91F85D31F8
S31508021AA801F1C80213B1043B012B12D801F1F8035C
S31508021AB8039301F59873029304F15A03019304F107
S31508021AC85303009301F1B8032046D831FEF736FFCF
S31508021AD8A6E701F5A073019391F85C01D1F82C31B8
S31508021AE8C34003F0010343F080030093134601F150
S31508021AF854021431BCE780F85C3100F1C80200933D
S31508021B0800F5987100F5A073204611F082FA87E766
S31508021B18056C102205F1980105F5A0700FF044FC32
S31508021B2820B104212046FEF7A3FC79E7D5F85831F7
S31508021B382B499B0742BF94F8743043F0020384F892
S31508021B487430204611F038F86AE7056C95F85D3165
S31508021B5805F5A070042B1ED1204B102219684E31A8
S31508021B680FF022FC0028DCD1102105F1B80011F08B
S31508021B7852F8216C01F1F803039301F5987302935D
S31508021B8804F15A03019304F15303009301F1C802BD
S31508021B9801F1B80398E70146102205F198000FF0FB
S31508021BA803FC0028BDD105F1B801204610F09BFFB9
S31508021BB8216C91F85C310133DBB2142B81F85C3164
S31508021BC8D8D0D1F8583123F00103C1F8583105495C
S31508021BD8B7E70549B5E700BFF51B02080C2400203C
S31508021BE8591E020885180208AD1C020845F2140394
S31508021BF8994213B504462BD00CD8B1F5A04F13D089
S31508021C0845F20E03994232D0204602B0BDE810408A
S31508021C18FFF74EBA45F219039942F5D1137813BB61
S31508021C280C21FEF725FC10E010F025FF216C204652
S31508021C3801F59473019301F1B803009301F1540273
S31508021C4801F1C803143111F0CFF8002002B010BD13
S31508021C58036CD3F82821114BB2FBF3F103FB1121CC
S31508021C68FDF7AEFFF1E70E4910F0A6FFEDE7917909
S31508021C78036C0C310A44511D03F58473153251F865
S31508021C88040B914243F8040BF9D1226CD2F8583165
S31508021C9843F00803C2F85831D7E700BF40420F009D
S31508021CA8AD1C0208F0B545F20E06B14204461546C1
S31508021CB88DB00ED045F21306B1425CD0B1F5A04FED
S31508021CC840F0BD8010F0D7FE236CD3F858311907B7
S31508021CD857D5236CD3F8582112070CD4AA7903F5D9
S31508021CE884730C3215446A1D153552F8041BAA4228
S31508021CF843F8041BF9D10023256CCDE90833CDE94D
S31508021D080A3385F85C3195F85D310DF1200C042B00
S31508021D182AD14D4B1B6893F83D205AB1674603F101
S31508021D281D022D333E4610685168083203C69A4288
S31508021D383746F7D105F5A073069304F15A030593B6
S31508021D4804F153030493EB7905F1C80203932B7A3A
S31508021D5802936B7ACDE900C305F1B803204605F16B
S31508021D68F80111F0B5F80CE0013B022B9CBFD5F837
S31508021D782C310893DEE7056C95F85C3123B1012B03
S31508021D8854D000200DB0F0BD102205F5A07105F556
S31508021D9884700FF009FB20B10B212046FEF768FB79
S31508021DA8EFE7D5F858310DF1200C9B0742BF94F896
S31508021DB8743043F0020384F87430012385F85C31E1
S31508021DC80023CDE90833CDE90A3395F85D31042BAA
S31508021DD825D11D4B1B6893F85E205AB1674603F155
S31508021DE83E024E333E4610685168083203C69A4286
S31508021DF83746F7D105F58C73069304F15303059311
S31508021E0804F15A030493AB7B05F1B8020393EB7BFF
S31508021E1802932B7CCDE900C305F1C8039EE7013B73
S31508021E28022B9CBFD5F82C310893E3E705F58C718C
S31508021E3810F03DFE2046054910F0BEFEA1E70DB09A
S31508021E48BDE8F040FFF734B90C240020591E0208F1
S31508021E58B1F5A04F73B50446154677D045F21B0669
S31508021E68B14240F0F68090F87430DB0766D5056C07
S31508021E78B5F850312BB1794910F09EFE002002B010
S31508021E8870BDD5F858315E0747D56B7AD80744D559
S31508021E982B7CD90741D5A36C10220B2195F95E0133
S31508021EA831330BF0D3FD38B140F21B412046FDF71A
S31508021EB855FE40F21B40E2E7A36C206C01220C2176
S31508021EC890F95E0120330BF0C1FD0028ECD1A36C12
S31508021ED8206C10220D2190F95E0121330BF0B6FD14
S31508021EE80028E1D10822206C114690F95E0104F116
S31508021EF810030BF0ABFD0028D6D1236C93F85E21AC
S31508021F0884F87520FF2283F85E212046544910F08A
S31508021F1853FE2046FDF7FAFDB0E705F5987304F176
S31508021F28180205F5A07553F8041BAB4242F8041BC0
S31508021F38F9D1A36843F48073A360E6E7484910F029
S31508021F483BFE29462046FDF709FE97E7036CD3F8B8
S31508021F58582112F0040245D05A7AD2078ED51B7C2C
S31508021F68DB078BD50BF070FD0228206C0ED000F526
S31508021F789872032190F95E01F0F72EFC00283FF4C7
S31508021F887DAF08212046FEF773FA92E700F59873A3
S31508021F981022032190F95E010BF058FD28B10021A1
S31508021FA840F21B40FDF7F8FDEBE7206C102200F51E
S31508021FB89873052190F95E010BF048FD0028EED1C9
S31508021FC8236C04F1180103F5987203F5A07352F805
S31508021FD8040B9A4241F8040BF9D1A36843F48073B7
S31508021FE8A3604BE7D3F8B810C3F8D010D3F8BC10DF
S31508021FF80192C3F8D410006C01A900F59870FDF790
S31508022008F7FF48B1019806F0ECFF20460821FEF7CB
S315080220182FFA40F2074032E7206C019A00F59871C8
S31508022028C830FDF76BFE05460198002DEBD106F080
S31508022038D8FF236CA07C03F598732946C0F11002D1
S3150802204818440FF0DBF9216C2046B83110F04BFD25
S3150802205814E702B0BDE87040FFF72AB86D200208F7
S315080220685D110208B1F5A04F2DE9F041044615465F
S3150802207800F01E81A1F5A043DE1F042E00F21F817F
S315080220889279083B0C321544026C92F85021032BBC
S3150802209805D8DFE813F047009300C4000A01D10700
S315080220A840F1BB8005351022294687480FF07CF98E
S315080220B8002800F09C800BF0C7FC0228206C27D069
S315080220C82A46032190F95E01F0F786FB00260746A1
S315080220D80BF0BAFC022812D194F87330012B0ED1F0
S315080220E82B4604F1180205F1100153F8040B8B422A
S315080220F842F8040BF9D1A36843F48073A36010214C
S3150802210828460FF026FF002E6CD0002130462FE015
S315080221182B461022032190F95E010BF097FC002743
S315080221280646D5E712F0010777D00BF08DFC022890
S3150802213821D0236C062093F95E81E5F79BF80FF008
S315080221483FFF064608B91A26DFE701465F4840EA0E
S31508022158082006F094FF8046304607F020FF3046EE
S315080221680FF030FFB8F1000F05D0414640F207409C
S31508022178FDF712FD37E0206C05F1050843460A22E9
S31508022188022190F95E010BF061FCD5F80530064686
S31508022198A362D5F80930E362B5F80D30238600281C
S315080221A8B3D1226C92F8503123EA070382F85031E8
S315080221B82046FEF763FA0020BDE8F08192072CD57F
S315080221C80BF042FC022805F10505206C16D00621FB
S315080221D82A4690F95E01F0F7FFFA102107462846C3
S315080221E80FF0B7FECFB108212046FEF741F920467F
S315080221F80821FEF73DF940F20340DDE706212B46A2
S31508022208102290F95E010BF021FC06461021284699
S315080222180FF09FFE002E7FF478AF0027C1E79307D9
S31508022228FBD50BF011FC02281AD0236C062093F969
S315080222385E71E5F71FF80FF0C3FE0646002882D03E
S315080222480146234840EA072006F019FF07463046A2
S3150802225807F0A5FE30460FF0B5FE0FB1394685E7F9
S31508022268697989B90A466B1D13F8010F60B90132F3
S31508022278062AF9D194F85210206C81F0080104F163
S315080222884C03C1F3C00106E000394FF0060218BF35
S315080222980121206CAB1D90F95E010BF0D7FB0646AF
S315080222A800287FF432AF02277BE702F0040778E7B3
S315080222B810F0E1FB0022236C83F85C2178E7BDE87D
S315080222C8F041FEF7F5BE00BFF3AF0308038004002A
S315080222D80680040070B545F20406B1420446134660
S315080222E824D045F21806B14206D0B1F5A04F32D12C
S315080222F810F0C1FB002070BD11684D1C03D10121E5
S31508022308FEF7B6F8F6E7026CD2F85801400743BF5B
S31508022318002182F85C111B68C2F830112046104960
S3150802232848BFC2F82C3110F047FCE3E79979026CEA
S315080223380C310B44591D9832153351F8040B99423E
S3150802234842F8040BF9D1226CD2F8583143F001034A
S31508022358C2F85831CEE7BDE87040FEF7A9BE00BFFD
S315080223688518020845F215039942F7B5044651D06D
S315080223780CD8B1F5A04F19D045F20D0399421BD0D6
S31508022388204603B0BDE8F040FEF792BE45F21603B2
S315080223989942F5D1016C01F1D8030093D1F894302A
S315080223A801F134021431FEF77DFB01E010F063FBFC
S315080223B80027384603B0F0BD93790C331A44551DE5
S315080223C802F1250632462946FDF716FD074620B1CB
S315080223D80B212046FEF74CF8EBE72946236C143303
S315080223E851F8042BB14243F8042BF9D1236C01F1B5
S315080223F82002343351F8040B914243F8040BF9D1FD
S31508022408216C204601F1940301F174025431FEF756
S3150802241857F8CDE710F09FFB236C93F85D31052B2F
S31508022428C6D8DFE803F0190311111E1920460E490A
S3150802243810F0C2FB0D4B20461B68D9684B1C5A4242
S315080224485A41FDF7D3FBB3E72046074910F0B4FB18
S315080224582046FDF7FBFBABE70549204610F0ACFB27
S31508022468A6E70449F9E700BFDD2202080C24002082
S3150802247825190208BD19020845F216039942F7B545
S31508022488044600F0B4810CD8B1F5A04F0FD045F236
S315080224980303994210D0204603B0BDE8F040FEF780
S315080224A807BE45F217039942F5D1022002E010F059
S315080224B8E2FA002003B0F0BD9379056C0C33D618FE
S315080224C8F379DF070CD4FDF7ADFA18B994F9753024
S315080224D8013305D005212046FDF7CAFF2120E9E781
S315080224E8A44F337A3A68127A9A4202D8A27C9A4256
S315080224F801D90621EFE7D6F80530C5F80E30B6F841
S3150802250809306B8202236B7394F9523094F852108D
S31508022518002BB2BF012381F00803C3F3C0036B7112
S3150802252894F8603083F00803C3F3C0032B71337A37
S31508022538102B28BF1023A374F379D8072BD56B7AE7
S31508022548DA0728D5737AEA7A134085F85131B37AC5
S315080225582A7B134085F8503195F95E3101331ED02E
S31508022568206C90F850319B0719D481F0080106228D
S3150802257890F95E0104F14C03C1F3C0010BF066FA47
S3150802258868B140F21B412046FDF7E8FAA3685907E5
S31508022598A4D508219FE7002385F85131DAE73B6875
S315080225A8F079597C00F0080229B112B16A7A120741
S315080225B803D403218FE7002A73D06A7A110770D5E4
S315080225C8D5F8581141F00401C5F85811B5F8501153
S315080225D821F4807121F00101A5F8501193F81CC065
S315080225E8B179BCF1020F03D0002937D0022172E76C
S315080225F829B3012283F83D20DA7C52BB042385F8E5
S315080226085D3194F91330022B03D1D5F858315A079C
S31508022618CFD50BF019FA02285CD094F97500431C39
S3150802262858D0002201A9C0B2FDF72CFD002851D1C5
S31508022638236C93F85021960748D40A214BE793F856
S315080226485E20002AD2D083F83D10DB7C002BCDD140
S31508022658D4E793F85E30002BD0D1C7E7024312F0CD
S31508022668040209D185F85D211B7C002BA1D194F8B7
S31508022678743098079DD4C4E772791878052A28BF52
S3150802268803223D4902EB82020A44125C85F85D215F
S315080226981B7C1BB994F874309907B2D5002AB0D1B5
S315080226A887E71A7F012A02D1B279002AA6D14207F8
S315080226B803D46A7A12F00402D4D072791878052AF1
S315080226C828BF03222D4902EB8202DDE793F851312E
S315080226D89807B2D594F97520511C1CD048F20800FF
S315080226E8216C40EA0220D1F8583180B243F04003FF
S315080226F8C1F85831F4F748F8052194F975000BF032
S3150802270890F9032194F975000BF08BF9062194F9CF
S3150802271875000BF086F995F85D31206C042B00F5E7
S31508022728987021D13B6803F11D022D3352F8041B18
S315080227389A4240F8041BF9D1D5F8583195F85D2123
S3150802274803F00401E2B923F00203C5F85831E2742A
S31508022758002947D0216C204601F1940301F174023D
S315080227685431FDF7ADFEA4E6102200210EF046FE0E
S31508022778E2E700BF0C240020C1AF0308DAAF03085A
S3150802278843F00203C5F8583149B90123013AE374FB
S31508022798032A3FF68EAEDFE802F010181025A37C4E
S315080227A80F2B89BF94F87430012343F0080384F881
S315080227B8743088BF0223E374CCE720460E4910F02A
S315080227C8FBF92046FDF742FA73E620460A4910F055
S315080227D8F3F93B682046D9684B1C5A425A41FDF719
S315080227E805FA66E60549204610F0E6F961E610F0AC
S315080227F8B2F90349F7E700BFF9310208D5300208EA
S315080228080D28020845F20D039942F7B5044627D062
S315080228180DD8B1F5A04F1DD045F20403994200F030
S315080228288F80204603B0BDE8F040FEF741BC45F26A
S315080228381103994200F0A68045F215039942F0D190
S31508022848006C90F85D31052B06D8DFE803F0503A9C
S31508022858423A555010F00FF90027384603B0F0BD32
S3150802286893790C331A44561D02F125052A46314630
S31508022878FDF7C2FA074620B10B212046FDF7F8FDF7
S31508022888EBE73146236C143351F8042BA94243F873
S31508022898042BF9D1236C01F12002343351F8040BC5
S315080228A8914243F8040BF9D1216C204601F1D80369
S315080228B80093D1F8943001F134021431FEF7F2F894
S315080228C8CAE720463B4910F077F92046FDF7BEF9D4
S315080228D8C2E72046374910F06FF9374B20461B687E
S315080228E8D9684B1C5A425A41FDF780F9B4E733496D
S315080228F8204610F061F9AFE72F4B1B6893F85E5034
S3150802290865B1002100F1140200F5A070019000914A
S31508022918204611463E3310F0EFFB9DE71021C830DA
S3150802292810F079F900283DD008212046FDF7A0FDC8
S31508022938294640F20740FDF72FF940F207478CE788
S315080229489179036C0C310A44511DA833153251F892
S31508022958040B914243F8040BF9D1256C102205F1B0
S31508022968A80105F198000EF01FFD20B9042120469A
S31508022978FDF77EFD70E7D5F8583143F00103C5F82F
S31508022988583169E70C4B056C196810224E3105F562
S31508022998A0700EF009FD0028E8D1102105F1C8003B
S315080229A810F039F9216C2046C83110F09CF8044910
S315080229B89EE700BFF93102080C2400202D300208D0
S315080229C8CD29020845F21003F0B59942044685B0A6
S315080229D800F087800CD8B1F5A04F1CD045F2050344
S315080229E899421DD0204605B0BDE8F040FEF760BB07
S315080229F845F21103994200F08D8045F21203994275
S31508022A08F0D1036C93F85D31042B40F2B380052BA1
S31508022A1803D159497BE010F02EF8002005B0F0BD25
S31508022A289179036C0C310A44511DB833153251F8A1
S31508022A38040B914243F8040BF9D1256C102205F1CF
S31508022A48C80705F1B806314638460EF0ADFC20B976
S31508022A5804212046FDF70CFDDFE7D5F8583113F0B7
S31508022A68040332D095F85D31042B13D105F1F80326
S31508022A78039305F59873029304F15303019304F13A
S31508022A885A0300933A463346204605F1D801FDF71C
S31508022A9855FFC2E705F5A07005F1140105F15402C0
S31508022AA801900BB1052B06D1002300932046334625
S31508022AB810F022FBB1E795F85C01D5F82C31C34032
S31508022AC803F0010343F08003EFE785F85C313246E9
S31508022AD80093204605F5A07305F5987110F099FA42
S31508022AE89BE7056C102205F1A80105F5A0700EF002
S31508022AF85BFC0028ACD1D5F8583120499B0742BF60
S31508022B0894F8743043F0020384F87430204610F0BF
S31508022B1853F882E7056C102205F1A80105F5A0709D
S31508022B280EF042FC002893D195F85D31013B022B41
S31508022B380FD895F85C310133DBB2142B85F85C3172
S31508022B4807D0D5F858310E4923F00103C5F858318C
S31508022B58DCE705F1F803039305F59873029304F184
S31508022B685303019304F15A03009305F1C80205F1C8
S31508022B78B80389E70349CAE7912B0208ED2D02082B
S31508022B88D5300208112C020873B545F21406B1426B
S31508022B9804461AD045F21906B14221D0B1F5A04F1A
S31508022BA828D10FF068FF216C204601F5947301932A
S31508022BB801F1B803009301F1140201F1C803543173
S31508022BC810F012F9002002B070BD036CD3F8282160
S31508022BD80B4BB2FBF3F103FB1121FCF7F1FFF1E70B
S31508022BE813781BB90C21FDF743FCEBE705490FF0EF
S31508022BF8E3FFE7E702B0BDE87040FEF759BA00BF3F
S31508022C0840420F00112C0208F0B5B1F5A04F05464F
S31508022C188DB008D045F21304A14244D00DB0BDE8E0
S31508022C28F040FEF745BA0023046CCDE90833CDE92E
S31508022C380A3394F85D310DF1200C042B2CD11F4B65
S31508022C481B6893F85E205AB1674603F13E024E3373
S31508022C583E4610685168083203C69A423746F7D183
S31508022C6804F58473069305F15303059305F15A038C
S31508022C780493E37928460393237A04F1C802029354
S31508022C88637A04F1F801CDE900C304F1B80310F038
S31508022C981FF900200DB0F0BD013B022B9CBFD4F8EA
S31508022CA82C310893DCE7016C01F584710FF0FFFEFD
S31508022CB8284603490FF080FFEBE700BF0C240020E3
S31508022CC8CD2C0208F0B545F20E06B1420446134663
S31508022CD88DB00BD045F21303994260D0B1F5A04FD7
S31508022CE877D10FF0C8FE00200DB0F0BD9979026CB5
S31508022CF80C310B44591D02F58C72153351F8040B25
S31508022D08994242F8040BF9D1256C102205F58C7103
S31508022D1805F584700EF048FB20B90B212046FDF70D
S31508022D28A7FBE0E70023CDE90833CDE90A3395F88E
S31508022D385D310DF1200C042B2AD1284B1B6893F818
S31508022D483D205AB1674603F11D022D333E461068E7
S31508022D585168083203C69A423746F7D105F5A07371
S31508022D68069304F15A03059304F153030493AB7BC0
S31508022D7820460393EB7B05F1B80202932B7C05F1F7
S31508022D88F801CDE900C305F1C80310F0A1F8AAE7CE
S31508022D98013B022B9CBFD5F82C310893DEE7056C5C
S31508022DA8102205F5A07105F58C700EF0FDFA0028BB
S31508022DB8B3D1D5F8583120469B0748BF94F87430E2
S31508022DC8074944BF43F0020384F874300FF0F4FE4F
S31508022DD889E70DB0BDE8F040FEF76AB90C24002071
S31508022DE8ED2D020870B5B1F5A04F0446154688B010
S31508022DF877D045F21B06B14240F00A8190F8743042
S31508022E08DB0766D5056CB5F850312BB183490FF047
S31508022E18D3FE002008B070BDD5F858315E0747D5ED
S31508022E286B7AD80744D52B7CD90741D5A36C1022CF
S31508022E380B2195F95E0131330AF008FE38B140F2E2
S31508022E481B412046FCF78AFE40F21B40E2E7A36CC8
S31508022E58206C01220C2190F95E0120330AF0F6FD56
S31508022E680028ECD1A36C206C10220D2190F95E0182
S31508022E7821330AF0EBFD0028E1D10822206C11461D
S31508022E8890F95E0104F110030AF0E0FD0028D6D194
S31508022E98236C93F85E2184F87520FF2283F85E2155
S31508022EA820465F490FF088FE2046FCF72FFEB0E75A
S31508022EB805F5987304F1180205F5A07553F8041B6D
S31508022EC8AB4242F8041BF9D1A36843F48073A360A2
S31508022ED8E6E753490FF070FE29462046FCF73EFE00
S31508022EE897E7036CD3F8582112F0040255D000224A
S31508022EF8CDE90122ADF80C205A7AD2073FD51B7CB8
S31508022F08DB073CD50AF0A0FD0228206C0CD000F598
S31508022F189872032190F95E01EFF75EFC78B30821EF
S31508022F282046FDF7A5FA8FE700F5987310220321C4
S31508022F3890F95E010AF08AFD28B1002140F21B4089
S31508022F48FCF72AFEEBE7206C102200F59873052198
S31508022F5890F95E010AF07AFD0028EED1236C04F195
S31508022F68180103F5987203F5A07352F8040B9A42EE
S31508022F7841F8040BF9D1A36843F48073A3600023CC
S31508022F88BDF80420CDE90433CDE906330DF106016F
S31508022F9804AB2046F2F78AF93BE7D3F8B810C3F828
S31508022FA8D010D3F8BC100092C3F8D410006C694646
S31508022FB800F59870FDF71CF848B1009806F011F864
S31508022FC820460821FDF754FA40F2074022E7206C0A
S31508022FD8009A00F59871C830FCF790FE0546002855
S31508022FE8EBD1009805F0FDFF236CA07C03F59873D6
S31508022FF8C0F11002294618440EF000FA2A46CDE90D
S315080230080155CDE90455CDE9065504AB01A9C0E732
S3150802301808B0BDE87040FEF74BB800BFE1310308B7
S315080230281D0D0208B1F5A04F70B50446154607D01E
S3150802303845F20406B1420CD0BDE87040FEF738B82E
S315080230480FF019FD236CD3F85831D90701D400209B
S3150802305870BD236CD3F85821D20718D4AA79A83395
S315080230680C3215446A1D153552F8041BAA4243F850
S31508023078041BF9D1206C102200F1A80198300EF031
S3150802308893F920B904212046FDF7F2F9DFE7206C07
S315080230981021C8300FF0BFFD58B108212046FDF7A8
S315080230A8E7F940F207400021FCF776FD40F20740AF
S315080230B8CEE7216C2046C8310FF015FD2046024995
S315080230C80FF07AFDC3E700BFCD290208B1F5A04F74
S315080230D813B504460ED0A1F5A043103B012B45D8DB
S315080230E8016C98310FF01BFD204623490FF064FD49
S315080230F8002017E0016CD1F8583101F1C80213F023
S31508023108040328D0102110460FF085FD60B1082166
S315080231182046FDF7ADF940F207400021FCF73CFDD1
S3150802312840F2074002B010BD216C204601F198030F
S31508023138019391F85C21D1F82C31D34003F00103AD
S3150802314843F08003009301F1140201F1C8035431D4
S315080231580FF0D2FFCCE781F85C310123009301F125
S31508023168980301F598710FF054FFC1E702B0BDE85C
S315080231781040FDF79DBF00BF85310208B1F5A04F83
S3150802318870B51346044607D045F20406B14207D07D
S31508023198BDE87040FDF78CBF0FF06DFC002070BDCE
S315080231A89979026C0C310B44591DA832153351F81A
S315080231B8040B994242F8040BF9D1256C102205F141
S315080231C8A80105F198000EF0EFF820B90421204667
S315080231D8FDF74EF9E2E7204605F1C8010FF083FC30
S315080231E8204602490FF0E8FCD8E700BFCD290208B5
S315080231F8B1F5A04F70B50346144607D045F218062E
S31508023208B14207D0BDE87040FDF752BF0FF033FC54
S31508023218002070BD1268551C03D10121FDF728F953
S31508023228F6E7016CD1F85801400743BF002281F836
S315080232385C212268C1F8302148BFC1F82C211846FA
S3150802324801490FF0B9FCE3E7D530020807B5064885
S315080232580EF08BFB042101900DEB01000EF067FCC2
S31508023268019803B05DF804FB14240020F7B5186822
S3150802327810F0020003D0164E316811B9012003B0C6
S31508023288F0BD0024042223460DEB020001940EF039
S315080232983DFBBDF80630DB0702D4FFF7D7FF044625
S315080232A800250C4F57F8043B23B12146BDF8040004
S315080232B8984748B13368002BE0D0074B022193F9A7
S315080232C80000FAF78FFDD9E70135062DEAD1F1E7AD
S315080232D814240020182400207B25002010B509484C
S315080232E8FAF770FD0024084B0849187020200C606C
S315080232F8FBF7F4F8064BC3E90044C3E90244C3E9F9
S31508023308044410BDF02A00207B250020142400203E
S3150802331818240020074BDA69D20407D51B6A40F23B
S31508023328044013F0010F18BF0020704740F204400A
S31508023338704700BF0080E00F08B505F0D2F8DDF740
S315080233486FFADDF7BBFB05F0D9F8DDF775FA10F069
S31508023358C3FB00BFF7E700B583B0E7F7D9FD0190CD
S31508023368F2F732FD019000BF03B05DF804FB00B521
S3150802337883B001900198DDF7C9FB0198DDF79AFA3F
S3150802338800BF03B05DF804FB82B00190012318461A
S3150802339802B0704700B5C5B0F3F79AF80DF013F9FD
S315080233A84390439B002B15D04398FFF7EDFF03463E
S315080233B883F00103DBB2002B0CD101AB18460DF0E2
S315080233C8E9F84290429B002B06D101AB1846FFF753
S315080233D8CEFF02E000BF00E000BF45B05DF804FB7F
S315080233E800BF704708B5FFF7FBFFE6F759FB04F07D
S315080233F862FEE6F769F904F01AFE04F074FEE6F7C7
S31508023408EBFBDFF723FBE7F703FA00BF08BD08B5AE
S31508023418DDF72CFDDDF7F0FB00BF08BD08B5E7F7B9
S31508023428B1FCE6F76BF9E7F7B9F803F0EBFA06F039
S3150802343884FD02F05FFE03F0CAFB03F0C1FB00BF7E
S3150802344808BD08B5E2F7A6FF02F01FFEE2F7B4FFC9
S31508023458FFF781FF00BF08BD00BF704700BF70476E
S3150802346800BF704708B5FFF795FF00BF08BD00BF44
S31508023478704784B003900291019207E0039A131DDC
S315080234880393029B191D029112681A60019B5A1E20
S315080234980192002BF2D100BF00BF04B0704700BFEB
S315080234A8FDE782B00190019B00221A6000BF02B0B4
S315080234B8704782B001900091009B002B01D0019BB6
S315080234C8002B019B1A68009B1A60019B009A1A60D6
S315080234D800BF02B0704782B001904FF0FF3318461A
S315080234E802B0704782B0019000BFFDE782B0019032
S315080234F800910023184602B0704782B00190012352
S31508023508184602B0704784B00390029101920023CC
S31508023518184604B0704784B00390029101920023BA
S31508023528184604B0704784B00390029101920023AA
S31508023538184604B0704700B583B00190019B5B68D2
S31508023548002B05D0019B5B6801989847034600E063
S315080235582223184603B05DF804FB82B0019000BF27
S3150802356802B0704700B587B0034600918DF8073058
S31508023578009B0593059B1B680493049B1B798DF88E
S315080235880C30049B5B798DF80D30049B1B78022B53
S3150802359811D00DF10B0203AB1146184600F091F94A
S315080235A89DF80B3083F00103DBB21A46049B1A70A6
S315080235B80598FFF7D2FF00BF07B05DF804FB84B091
S315080235C80190019B0393039B1B680293029B1B783A
S315080235D8184604B0704700B587B00190019B059359
S315080235E8059B1B680493049B1B798DF80830049B7A
S315080235F85B798DF80930049B1B78022B44D00DF1B0
S315080236080B0202AB1146184600F05BF99DF80B301F
S315080236188DF80F30049B9B79012B28D1049B5B8874
S31508023628ADF80C30BDF80C305B009AB29DF80F3035
S315080236389BB213439BB24FF6C0721343ADF80C30D4
S315080236484FF6E072BDF80C30934202D1049B012270
S315080236581A704FF6DF72BDF80C30934202D1049BFA
S3150802366800221A70049BBDF80C205A800DE0049BB0
S315080236789B79002B09D19DF80F3083F00103DBB241
S315080236881A46049B1A7000E000BF07B05DF804FBEF
S3150802369800B585B00190019B0393039B1B680293AF
S315080236A8029B1B78022B06D1029B00225A8001989C
S315080236B8DDF77CFB00E000BF05B05DF804FB00B54A
S315080236C885B00190019B0393039B1B680293029B97
S315080236D81B78022B0CD0029B9B79022B04D1029BE6
S315080236E85B791846DDF78EFC029B02221A7000E007
S315080236F800BF05B05DF804FB84B00190002303936C
S3150802370805E0039B01330393019B5B080193039B23
S315080237181F2B04D8019B03F00103002BF1D0039B4E
S31508023728184604B0704700B585B001900B468DF867
S31508023738033013468DF80230019B002B01D1222350
S3150802374843E09DF8033003F00F029DF803309A42CE
S3150802375823D1019B1B78002B16D0019B1B78012BC2
S315080237680FD0019B1B78022B08D0019B1B78032BD1
S3150802377802D140F2FF7309E0002307E043F6FF731C
S3150802378804E040F2FF3301E043F6FF73019A5278E8
S31508023798D34003F00103002B01D1212315E0E1F7F9
S315080237A8E7FF0346002B01D002230EE011F0AEFB19
S315080237B803909DF802209DF8033019460198E2F70E
S315080237C89DF8039811F094FB0023184605B05DF896
S315080237D804FB00B585B00190019B002B01D1222379
S315080237E82FE0019B1B78002B16D0019B1B78012B17
S315080237F80FD0019B1B78022B08D0019B1B78032B41
S3150802380802D140F2FF7309E0002307E043F6FF738B
S3150802381804E040F2FF3301E043F6FF73019A527857
S31508023828D34003F00103002B01D1212309E011F04B
S315080238386DFB039001980FF03FFE039811F058FBB1
S315080238480023184605B05DF804FB00B585B001905B
S31508023858019B002B01D122232FE0019B1B78002B09
S3150802386816D0019B1B78012B0FD0019B1B78022BC4
S3150802387808D0019B1B78032B02D140F2FF7309E09B
S31508023888002307E043F6FF7304E040F2FF3301E042
S3150802389843F6FF73019A5278D34003F00103002BCB
S315080238A801D1212309E011F031FB03900198E1F7D0
S315080238B867FF039811F01CFB0023184605B05DF84C
S315080238C804FB00B585B001900091019B002B02D03C
S315080238D8009B002B01D1222333E0019B1B78002B86
S315080238E816D0019B1B78012B0FD0019B1B78022B44
S315080238F808D0019B1B78032B02D140F2FF7309E01B
S31508023908002307E043F6FF7304E040F2FF3301E0C1
S3150802391843F6FF73019A5278D34003F00103002B4A
S3150802392801D121230DE011F0F1FA03900198E1F78C
S315080239384FFF03461A46009B1A70039811F0D8FAE5
S315080239480023184605B05DF804FB00B583B0E1F715
S315080239589FFF034603F0553323F0A04301930198CA
S31508023968E1F780FF0198DDF70FFC00BF03B05DF8A9
S3150802397804FB00B583B0E1F78BFF034603F0AA33CD
S3150802398823F0204301930198E1F76CFF0198DDF7CC
S31508023998FBFB00BF03B05DF804FB86B00190012368
S315080239A80593019B5A69019B5B69D91C019B5B6C50
S315080239B8143BB1FBF3F30133DB0013445A1F019B93
S315080239C85B6C143BB2FBF3F30133049300230393B2
S315080239D8059A049B1A44039B1344184606B0704773
S315080239E882B001900091009BDA1D019B5B6C143B27
S315080239F8B2FBF3F30133DA00009B1344184602B00C
S31508023A08704700B583B001900198FFF7C6FF0246D2
S31508023A18019B5B6C143B02FB03F3184603B05DF883
S31508023A2804FB00B585B0019000910198FFF7E9FFFC
S31508023A380390009BDA1D019B5B6C143BB2FBF3F304
S31508023A480133DB00009A13440293039A029B134438
S31508023A58184605B05DF804FB00B585B00190019BD0
S31508023A685B6919460198FFF7DCFF0390019B5A69BF
S31508023A78019B5B69D91D019B5B6C143BB1FBF3F394
S31508023A880133DB0013440293039A029B1344184634
S31508023A9805B05DF804FB00B583B001900198FFF7FD
S31508023AA8DBFF0246019B9B691344184603B05DF87F
S31508023AB804FB00B585B001900198FFF7ECFF039067
S31508023AC804230293039A029B1344184605B05DF829
S31508023AD804FB10B582B001900091019B1C6B0099FA
S31508023AE80198FFF77DFF03469C422CBF012300235A
S31508023AF8DBB2184602B010BD10B582B0019000912B
S31508023B08019B1C6B00990198FFF78BFF03469C42A1
S31508023B182CBF01230023DBB2184602B010BD10B52C
S31508023B2882B00190019B1C6B0198FFF795FF03462B
S31508023B389C422CBF01230023DBB2184602B010BDF3
S31508023B4882B00190019B033323F00303184602B09F
S31508023B58704782B001900091019A009B1344184657
S31508023B6802B0704782B001900091019B1A68019BC6
S31508023B785B6C009901FB03F31344184602B07047BD
S31508023B8884B001900091019B1B68009AD31A03938B
S31508023B98019B5B6C039AB2FBF3F3184604B07047B1
S31508023BA888B0039002910192039B5B6C013B0793D1
S31508023BB8029B0693019B0593069A059B5A40079B07
S31508023BC8DB431340002B0CBF01230023DBB2184644
S31508023BD808B0704782B001900091009B0133019AA0
S31508023BE8D269B3FBF2F101FB02F29B1A184602B03C
S31508023BF8704782B001900091009B002B02D0009B6F
S31508023C08013B02E0019BDB69013B184602B070479B
S31508023C1800B58BB0019000910023099322E0009920
S31508023C280198FFF7D7FF009000990198FFF79AFFC6
S31508023C380890019BDB6B5B6902A9052208989847DD
S31508023C4802AB184601F081FF03468DF81F309DF82E
S31508023C581F30184601F0BCFF0346002B09D1099B01
S31508023C6801330993019BDB69013B099A9A42D6D328
S31508023C7800E000BF009B18460BB05DF804FB00B5D0
S31508023C888BB0019000910023099322E000990198CC
S31508023C98FFF7AFFF009000990198FFF763FF0890B6
S31508023CA8019BDB6B5B6902A905220898984702AB58
S31508023CB8184601F04AFF03468DF81F309DF81F3053
S31508023CC8184601F085FF0346002B09D1099B0133E3
S31508023CD80993019BDB69013B099A9A42D6D300E00C
S31508023CE800BF009B18460BB05DF804FB84B0019030
S31508023CF80091009B0393019B5A6C019B5B6C591EAE
S31508023D08039B0B40D31A184604B0704782B0019039
S31508023D180091019B5B6C5A1E009B1340184602B021
S31508023D28704700B587B00190009100990198FFF78E
S31508023D3827FF059005990198FFF76AFF05900599E7
S31508023D480198FFF70FFF0490049801F06BFF0390A0
S31508023D58039B184607B05DF804FB10B58CB00190B2
S31508023D6800230B93019BDA6A019B9B6A9A420AD142
S31508023D78019B5968019BDA6913469B0013449B0009
S31508023D88CB1A0B9334E0019BDB6A0A932BE00A9958
S31508023D980198FFF7F5FE099009990198FFF7E2FEDF
S31508023DA80890019BDB6B5B6902A90522089898476C
S31508023DB802AB184601F0C9FE03468DF81F309DF876
S31508023DC81F30012B0AD0019B5C6C0A990198FFF7F0
S31508023DD89DFF0346E31A0B9A13440B930A99019813
S31508023DE8FFF79FFF0A90019B9B6A0A9A9A42CED1CD
S31508023DF80B9B18460CB010BD00B587B00190009110
S31508023E08009B05930023049313E0019BDB6B5B6914
S31508023E1803A9012205989847039BB3F1FF3F02D0ED
S31508023E28002304930DE0049B04330493059B04338F
S31508023E380593059A00990198FFF7B2FE0346002BE7
S31508023E48E3D1049B184607B05DF804FB82B00190DB
S31508023E58019B13F1020F0CBF01230023DBB218469C
S31508023E6802B0704782B00190019BC3F31303019A0B
S31508023E789A420CBF01230023DBB2184602B07047E8
S31508023E8882B00190019B93F84230012B01D1642339
S31508023E9800E03223184602B0704782B00190019BAF
S31508023EA893F84230012B01D1022300E00123184678
S31508023EB802B0704700B587B0039002910192009349
S31508023EC8029A019B1A44009B23F0030313440593A1
S31508023ED8009B03F00303002B02D0059B04330593CA
S31508023EE8029A05990398FFF75BFE034683F00103D6
S31508023EF8DBB2002B06D002990398FFF712FF02904D
S31508023F08029B0593059B184607B05DF804FB00B5A6
S31508023F18A1B0059004910392029300231F93049B70
S31508023F281B691E9300231D9300238DF87330049B87
S31508023F38DB681B93002318930023179300238DF835
S31508023F485B309DF88C30022B04D11E9BCC2B01D0FA
S31508023F587023E4E19DF88C30022B0ED19DF8883047
S31508023F68002B06D00499059801F040F803460893F1
S31508023F7803E0049BDB681B68089302990598FFF718
S31508023F88B5FE12901E9B782B03D8049BDB7D002B6B
S31508023F9801D0012300E000238DF867309DF86730C9
S31508023FA803F001038DF867309DF88830002B0ED090
S31508023FB8059BDB6B5B69049A506807A90122984737
S31508023FC807AB184601F01CFC03468DF867309DF8C6
S31508023FD86730002B01D0082300E0042311931E9BA7
S31508023FE8782B8CBF012300238DF866309DF866303E
S31508023FF883F00103DBB2002B10D01E9B0433129AFE
S315080240089A420BD21E9B002B06D0129B082B03D969
S3150802401801238DF8663001E0042318939DF866306B
S31508024028002B01D0082300E004231093049B1A6886
S31508024038039B1A60039B1E9A1A619DF866209DF8CF
S315080240488C301146184601F021FC03461A46039B92
S315080240581A7502990598FFF749FE12901E9B002BBE
S3150802406809D0109A189B1344129A9A428CBF0123B4
S315080240780023DBB206E0129A109B9A422CBF012350
S315080240880023DBB28DF83F30002318939DF83F30A2
S31508024098002B00F03081129A109BD31A12931E9A9B
S315080240A8129B934228BF13460E93029B0D931099AF
S315080240B80298FFF74EFD02900E9A1E9B9A4212D05C
S315080240C8039B0122DA75039B1B691E9A9A4206D13B
S315080240D801238DF87330039B0D9A5A600EE002236A
S315080240E88DF873300AE09DF87330002B03D003234A
S315080240F88DF8733002E000238DF87330039BDB7D5D
S31508024108002B21D0039B1B7E039A0333DB0013443F
S315080241180D9A5A60039B1B7E0E9A91B2039A033331
S31508024128DB0013440A461A81039B1B7E039A033350
S31508024138DB0013449DF873209A72039B1B7E013396
S31508024148DAB2039B1A7602E0039B0D9A5A600E9B13
S31508024158002B00F08A809DF88C30022B1BD19DF823
S315080241685B3083F00103DBB2002B7ED0179A0E9BD5
S315080241781344032B79D9059BDB6B9B6908A9012292
S31508024188029898471F901F9B002B40F0C480012372
S315080241988DF85B3069E09DF8883083F00103DBB25D
S315080241A8002B3ED01B9B1593029B14930E9B1393CD
S315080241B8139B9B080C930C9B002B16D0059BDB6B59
S315080241C89B690C9A1599149898471F900C9B9B0003
S315080241D8159A134415930C9B9B00149A134414932B
S315080241E80C9B9B00139AD31A13931F9B002B13D16C
S315080241F8139B002B10D04FF0FF33069306AB139A86
S31508024208159918460DF005F9059BDB6B9B6906A9F6
S315080242180122149898471F901B9A0E9B13441B93C6
S3150802422823E00E9B1A931D9B049A1199059800F090
S315080242389DF903460B931D9B04331D93059BDB6B64
S315080242489B690BA90122029898471F901A9B042B6F
S315080242580BD91F9B002B08D11A9B043B1A930421DE
S315080242680298FFF776FC0290DDE71F9B002B02D027
S31508024278249B029A1A601F9B002B1CD1049B19685F
S31508024288039B1A7D09A89DF8733001939DF8663039
S3150802429800930E9B01F09FF9059BDB6B9B69109AAD
S315080242A8920809A90D9898471F901F9B002B02D0C0
S315080242B8249B0D9A1A600E9B109A0D990598FFF77A
S315080242C8F9FD0246039B9A600E98FFF739FC0246E7
S315080242D8109B1344059A126BD21A059B1A631F9BE5
S315080242E8002B1AD11E9A0E9BD31A1E93179A0E9B47
S315080242F81344179305E0059B1A6B129BD21A059B62
S315080243081A6302990598FFF70CFD02901E9B002B6B
S315080243187FF49FAE02E000BF00E000BF1F9B18466D
S3150802432821B05DF804FB00B599B003900291019299
S3150802433800931A9B5B681793029B1393009B12932D
S315080243481A9B1B69129A9A4240F2D7806323D9E0CC
S31508024358039BDB6B5B6909A901221798984709AB86
S31508024368184601F043FA0E901A9B1B680E9A9A424F
S3150802437801D06F23C6E009AB184601F04CFA0D9036
S315080243880D9B042B05D109AB184601F053FA159073
S315080243980BE0039BDB6B5B6907A902221798984710
S315080243A807AB184601F046FA15900D991798FFF7C4
S315080243B8D0FB16909DF86C30002B53D1019A159BA9
S315080243C89A4206D900231493019A159BD31A019384
S315080243D815E0169A019B13441693159A019BD31A4C
S315080243E80C93009B0B930B9A0C9B934228BF13467C
S315080243F8149300230193009A149BD31A0093149BCF
S315080244081193119B9B080A930A9B002B15D0039BB1
S31508024418DB6B5B690A9A1399169898470A9B9B005D
S31508024428119AD31A11930A9B9B00169A1344169348
S315080244380A9B9B00139A13441393119B002B53D080
S31508024448039BDB6B5B6906A901221698984706AB9C
S31508024458119A194613980CF0DCFF139A119B134408
S31508024468139341E0159B1493149B1093109B9B0876
S315080244780F931DE0039BDB6B5B6905A9012216985E
S31508024488984705AB0422194613980CF08DFF034684
S31508024498002B01D0362335E00F9B013B0F93109B67
S315080244A8043B1093169B04331693139B04331393F6
S315080244B80F9B002BDED1109B002B15D0039BDB6BC1
S315080244C85B6905A901221698984705AB109A1946F9
S315080244D813980CF069FF0346002B01D0362311E026
S315080244E8139A109B13441393129A149BD31A129372
S315080244F817990398FFF715FC1790129B002B7FF460
S3150802450827AF0023184619B05DF804FB00B589B031
S3150802451805900491029313468DF80F30049B0022E6
S315080245281A76049B59689DF80F20029B0093134636
S31508024538049A0598DCF78CFF03468DF81F309DF818
S315080245481F30002B0CD0049BDB7D002B03D0049B69
S315080245589B7E002B01D0012200E00022049B9A755B
S31508024568049B9B7D184609B05DF804FB00B589B023
S315080245780390029101920093019B5B680793019B42
S31508024588DB7D83F00103DBB2002B09D0019B586857
S31508024598029A009B13441946FFF7DBFA079035E09F
S315080245A8009B069300238DF8173029E09DF81730EB
S315080245B8019A0333DB0013441B891A46069B934266
S315080245C80ED29DF81730019A0333DB001344586854
S315080245D8029A069B13441946FFF7BBFA079015E099
S315080245E89DF81730019A0333DB0013441B891A46D0
S315080245F8069B9B1A06939DF8173001338DF81730D8
S31508024608019B1B7E9DF817209A42CFD3039BDB6B2F
S315080246185B6904A9012207989847049B184609B0BA
S315080246285DF804FB00B58BB00190019B00221A6263
S315080246380023099322E009990198FFF793FA08904B
S31508024648019BDB6B5B6902A905220898984702ABAE
S31508024658184601F07AFA03468DF81F309DF81F307E
S31508024668184601F0B5FA0346002B04D0019B1B6ACB
S315080246785A1C019B1A62099B01330993019BDB6940
S31508024688099A9A42D7D3019B1B6A18460BB05DF85A
S3150802469804FB00B58FB001904FF0FF330C934FF02F
S315080246A8FF330B9300230A93019B4FF6FF725A6254
S315080246B8019B00221A6200230D933CE00D9901988A
S315080246C8FFF750FA0990019BDB6B5B6902A9052281
S315080246D80998984702AB184601F037FA03468DF847
S315080246E81F3002AB184601F0EBF908909DF81F3007
S315080246F8184601F06DFA0346002B19D0019B1B6A6E
S315080247085A1C019B1A62089A0C9B9A4202D2019B6E
S315080247180D9A5A62089A0B9B9A4201D2089B0B93E6
S31508024728089A0A9B9A4201D9089B0A93089B0C93F2
S315080247380D9B01330D93019BDB690D9A9A42BDD3F2
S315080247480A9A0B9BD31A012B1FD9019B4FF6FF72A4
S315080247585A6200230D9313E00D990198FFF702FA9E
S315080247680990019BDB6B5B6902A9052209989847A0
S3150802477802AB184601F0A4F908900D9B01330D9374
S31508024788019BDB690D9A9A42E6D300BF0FB05DF822
S3150802479804FB00B58DB0019000230A9300230B93FE
S315080247A82FE00B990198FFF7DDF90990019BDB6B5E
S315080247B85B6902A905220998984702AB184601F0CF
S315080247C8C4F903468DF823309DF82330184601F0BC
S315080247D8FFF90346002B11D0099801F023FA03467C
S315080247E819460198FFF708FB0790019B5B6C143B77
S315080247F8079A9A4202D10A9B01330A930B9B013301
S315080248080B93019BDB690B9A9A42CAD30A9B1846F1
S315080248180DB05DF804FB00B585B00190019B5B6A93
S3150802482819460198FFF79EF90390039801F0FAF9D9
S315080248380246019B9A6200BF05B05DF804FB00B503
S315080248488DB00190009100990198FFF78BF90A90AB
S31508024858019BDB6B5B6903A905220A98984703AB98
S31508024868184601F072F903468DF827309DF8273065
S31508024878184601F0ADF90346002B05D003AB1846D6
S3150802488801F01EF90B9020E000990198FFF7F7F955
S31508024898089008990198FFF765F90A90019BDB6B5E
S315080248A85B6903A905220A98984703AB184601F0DB
S315080248B807F90B900B9BB3F1FF3F06D0089A009BAA
S315080248C89A4202D90B9B01330B930B9B18460DB0E0
S315080248D85DF804FB00B587B003900291019202992C
S315080248E80398FFF7ACFF0590059BB3F1FF3F01D18B
S315080248F8019B0593059B01330593059B184607B04B
S315080249085DF804FB00B587B00390029101920299FB
S315080249180398FFF727F90590039BD86B039B403347
S31508024928019A059901F085F904900398FFF77AFE2A
S31508024938049B184607B05DF804FB00B587B00390D8
S315080249480291009313468DF80730089B05939DF844
S315080249580730032B0DD1059B9B6A1A4600990598C1
S31508024968FFF71EF90346002B03D002990398DDF7D1
S315080249788FFF0123184607B05DF804FB00B587B018
S3150802498803900291009313468DF80730039B03F1AF
S315080249980800029B1B680DF113021946DDF7A8FFEA
S315080249A805909DF80730032B0DD1029B5B68059A83
S315080249B89A4208D1039B03F10802029B1B6819460F
S315080249C81046DDF765FF0123184607B05DF804FBB4
S315080249D800B58FB001900091019B5B6A4FF6FF7292
S315080249E893420CBF012300238DF82B309DF82B30F8
S315080249F8002B01D0002301E0019B5B6A0C9300237C
S31508024A080B9338E00C990198FFF7ACF80990019BCB
S31508024A18DB6B5B6903A905220998984703AB184615
S31508024A2801F093F803468DF823309DF82330022BBC
S31508024A3812D09DF82B30002B03D0009B01330D931F
S31508024A4805E0009A0C990198FFF744FF0D900D9A14
S31508024A580C990198FFF756FF0C9B01330C93019B9F
S31508024A68DA690C9BB3FBF2F101FB02F29B1A0C936F
S31508024A780B9B01330B93019BDB690B9A9A42C1D3B1
S31508024A8800BF00BF0FB05DF804FB00B58DB00190FA
S31508024A9800230B9332E00B990198FFF763F8099004
S31508024AA8019BDB6B5B6903A905220998984703AB47
S31508024AB8184601F04AF803468DF823309DF8233044
S31508024AC8012B07D09DF82330184601F096F80346BD
S31508024AD8002B10D00B990198FFF7B1FE0A909DF8A2
S31508024AE82330012B02D10A9B01330A930A9A0B999E
S31508024AF80198FFF707FF0B9B01330B93019BDB69B1
S31508024B080B9A9A42C7D300BF00BF0DB05DF804FBE3
S31508024B1800B58DB00390029113468DF80730039BB2
S31508024B289A6B039B1B6B9A4203D9039B1A6B039BCB
S31508024B389A63039B5B6A19460398FFF713F80A9068
S31508024B48039BDB6B5B6904A905220A98984704ABA1
S31508024B58184600F0FAFF03461A46029B1A70029B89
S31508024B681B78012B07D09DF8073019460398DDF7FD
S31508024B7859F90B9007E00398DDF7CEF90B900398DD
S31508024B88FFF7EBF80990039BDB6B5B6904A905221F
S31508024B980A98984704AB184600F0D7FF03461A4600
S31508024BA8029B1A70039B9A6B039B1B6B9A4203D947
S31508024BB8039B1A6B039B9A630B9B18460DB05DF809
S31508024BC804FB00B587B001900023059300238DF8EE
S31508024BD80F30002304930DE00DF10F030022194646
S31508024BE80198FFF795FF0490049B002B12D1059BA9
S31508024BF8013305930198FEF792FF034683F00103F2
S31508024C08DBB2002B07D0019B1B6A5B00059A9A4206
S31508024C18E2D300E000BF9DF80F30012B07D10DF152
S31508024C280F03002219460198FFF772FF0490049BA6
S31508024C38184607B05DF804FB00B58BB003900291DD
S31508024C48019200930023099308230693039B93F87A
S31508024C584230012B01D1022300E004230593009B6D
S31508024C6800221A70029BDB7D83F00103DBB2002B5C
S31508024C781BD0019B059A02FB03F304330893089B8E
S31508024C8803F00303002B06D0089B23F003030893BB
S31508024C98009B01221A70029B5868069A089B1344BD
S31508024CA81946FEF756FF099045E0019B059A02FB4D
S31508024CB803F304330893089B03F00303002B06D077
S31508024CC8089B23F003030893009B01221A7000230A
S31508024CD88DF81F3029E09DF81F30029A0333DB004E
S31508024CE813441B891A46089B93420ED29DF81F3015
S31508024CF8029A0333DB0013445868069A089B13443E
S31508024D081946FEF726FF099015E09DF81F30029A04
S31508024D180333DB0013441B891A46089B9B1A08931C
S31508024D289DF81F3001338DF81F30029B1B7E9DF8B4
S31508024D381F209A42CFD3099B18460BB05DF804FB8D
S31508024D4800B589B003900291019200930DF11B03F5
S31508024D58019A02990398FFF76FFF0790039B93F846
S31508024D684230012B12D1039BDB6B5B6905A9012231
S31508024D78079898479DF81B30002B02D0059B1B0CF9
S31508024D880593059B9AB2009B1A6006E0039BDB6BA8
S31508024D985B69012200990798984700BF09B05DF830
S31508024DA804FB00B587B003900291019200238DF89F
S31508024DB81730039B93F84230012B15D10398FFF756
S31508024DC85FF80346023B019A9A4222D204AB019A39
S31508024DD802990398FFF7B4FF049BDBB2002B18D19C
S31508024DE801238DF8173014E00398FFF749F80346AC
S31508024DF8013B019A9A420CD204AB019A029903988A
S31508024E08FFF79EFF049B9BB2002B02D101238DF864
S31508024E1817309DF81730184607B05DF804FB00B539
S31508024E2889B0039002910192009300238DF81F30EE
S31508024E38039B93F84230012B40D10398FFF720F8D9
S31508024E480346023B019A9A4267D206AB019A02992D
S31508024E580398FFF775FF019B5A1C05AB029903983D
S31508024E68FFF76EFF019B9A1C04AB02990398FFF79A
S31508024E7867FF08238DF81E3005A90DF11E031022B7
S31508024E88184600F0FCFE04A90DF11E031022184666
S31508024E9800F0F5FE069BDBB2002B3ED1069B1B0AE9
S31508024EA89DF81E20934238D1049B1A04059B1A447E
S31508024EB8009B1A6001238DF81F302EE00398FEF72F
S31508024EC8DFFF0346013B019A9A4226D206AB019AAC
S31508024ED802990398FFF734FF019B5A1C05AB0299FE
S31508024EE80398FFF72DFF10238DF81E3005A90DF13B
S31508024EF81E032022184600F0C2FE069B9BB2002B10
S31508024F080BD1069B1B0C9DF81E20934205D1059AC8
S31508024F18009B1A6001238DF81F309DF81F3018462A
S31508024F2809B05DF804FB00B587B0039002910192B7
S31508024F38009300238DF81630009B00221A6004ABF2
S31508024F48019A02990398FFF7FBFE039B93F84230EE
S31508024F58012B23D1049B4FF6FF72934203D10023F8
S31508024F688DF817303CE004A90DF1160308221846F5
S31508024F7800F085FE049B1B0ADAB29DF816309A429F
S31508024F880CBF012300238DF817309DF81730002B24
S31508024F9826D0049BDAB2009B1A6021E0049BB3F17F
S31508024FA8FF3F03D100238DF8173019E004A90DF144
S31508024FB816031022184600F062FE049B1B0CDAB28E
S31508024FC89DF816309A420CBF012300238DF8173034
S31508024FD89DF81730002B03D0049B9AB2009B1A60DF
S31508024FE89DF81730184607B05DF804FB00B589B076
S31508024FF8019000910023039308230693009B5B689C
S3150802500806991846FEF7A5FD0590019BDB6B5B69B9
S3150802501803A90122059898470023079330E0079ABF
S3150802502800990198FFF7BDFE03468DF813309DF8DF
S315080250381330002B10D003AB079A00990198FFF793
S31508025048EEFE03468DF811300198FEF726FF024652
S31508025058079B1344079310E002AB079A0099019835
S31508025068FFF761FF03468DF812309DF81230002BC0
S3150802507803D0039A029B13440393079B01330793AE
S315080250880198FEF7FDFE0246079B9342C7D3039B88
S31508025098184609B05DF804FB00B585B0039002917D
S315080250A8009313468DF80730039B03F10800029B09
S315080250B81968029B5A689DF80730DDF751FC0123E7
S315080250C8184605B05DF804FB00B591B00190009149
S315080250D8019B4FF6FF725A62019B4FF0FF329A62A2
S315080250E8019B4FF0FF32DA62019B00221A62019B8A
S315080250F800221A63019B08331846DDF7AFFB0198AD
S31508025108FFF790FA0F900F9B002B06D00198FFF72E
S31508025118BCFC0198FFF786FA0F900F9B002B07D164
S3150802512800990198FFF754FC0198FFF77BFA0F904C
S315080251380F9B002B74D00198FFF7ABFA019B5B6AA9
S315080251484FF6FF72934268D0019B5B6A194601982B
S31508025158FEF708FD0B90019BDB6B5B6903A9052229
S315080251680B98984703AB184600F0AAFC0A900198D0
S31508025178FFF751FB0198DCF79BFC019BDB6A194692
S315080251880198FEF7FDFC034619460198FEF7EAFC64
S315080251980B900198FEF701FC09900198FFF7F9FAB6
S315080251A80890089A099B9A4234D2019B5B6A194667
S315080251B80198FEF764FD0D9000230C9324E00C9ADF
S315080251C8089B9A4218D30D990198FEF7CBFC0B90C7
S315080251D8019BDB6B5B6903A905220B98984703AB0E
S315080251E8184600F06DFC0A90019BD86B019B403368
S315080251F80A9A0B9900F01DFD0D990198FEF73FFDD5
S315080252080D900C9B01330C930C9A099B9A42D6D3A0
S3150802521864230EE000230E9304E067230E9301E04D
S315080252285E230E930E9B002B02D10198DCF7C6FE6D
S315080252380E9B184611B05DF804FB00B583B00190C1
S315080252480B468DF80330DDF711FC019BDB6BDB6837
S315080252589DF803201046984700BF03B05DF804FB83
S3150802526800B583B00190019BDB6BDB680020984789
S31508025278DDF706FC00BF03B05DF804FB86B00390B1
S315080252880291009313468DF80730069B05939DF8FD
S315080252980730032B0CBF01230023DBB21A46059BF2
S315080252A81B7E9A4221D1059B1B68029A9A421CD3F5
S315080252B8059B5B68029A9A4217D8059B5B695A1C32
S315080252C8059B5A61059B1A69059BDB689A420CD2AB
S315080252D8059B9A68059B1B699B001344029A1A60E8
S315080252E8059B1B695A1C059B1A610123184606B0B9
S315080252F8704700B587B0059004910392029300237C
S315080253080193089B0093029B039A04990598DDF773
S3150802531867F90346184607B05DF804FB00B587B077
S31508025328059004910392029301230193089B009323
S31508025338029B039A04990598DDF752F9034618461B
S3150802534807B05DF804FB84B003468DF807309DF96B
S315080253580730B3F1FF3F04D0002B05D1002303938E
S3150802536805E06E23039302E07123039300BF039BB0
S31508025378184604B0704786B001900091019B0493C1
S31508025388009B9B080393002305930CE0049B1B6868
S31508025398B3F1FF3F01D000230AE0049B04330493C8
S315080253A8059B01330593059A039B9A42EED301237B
S315080253B8184606B0704700B583B001900091DFF72A
S315080253C8D5FF0023184603B05DF804FB08B5DFF7D6
S315080253D8E5FF00BF08BD00B585B0019003AB1846C6
S315080253E800F022FDBDF80E20019B1A80019B0122BE
S315080253F8DA70019B00229A70E0F7A8F90246019B27
S315080254085A600023184605B05DF804FB82B00346C5
S315080254188DF8073000BF02B0704700B587B0039011
S3150802542802910192039B0593029B0493059B03F041
S315080254380303002B14D1049B03F00303002B0FD19B
S315080254480AE0059A131D0593049B191D049112680F
S315080254581A60019B013B0193019B002BF1D106E0DF
S31508025468019B9B001A46039902980BF0D2FF002368
S31508025478184607B05DF804FB00B58BB00390029195
S315080254880192029B0893039B0793019B9B00069331
S31508025498069A0899079810F07FF803468DF8173088
S315080254A89DF917301846FFF74EFF0990099B002BFE
S315080254B809D1069A089907980BF076FF0346002B36
S315080254C801D03D230993099B18460BB05DF804FBE6
S315080254D800B585B00190019810F05AF803468DF880
S315080254E80B309DF90B301846FFF72DFF0390039BE7
S315080254F8002B0ED1E0F72AF9034619460198FFF759
S315080255083AFF034683F00103DBB2002B01D03E23A0
S315080255180393039B184605B05DF804FB00B583B0F0
S31508025528019000910198019A009B1344013B009A45
S315080255381946E5F79FF800BF03B05DF804FB82B089
S315080255480190019B1B68DB0E184602B0704782B0B1
S315080255580190019B5B689B0E184602B0704784B09F
S315080255680190019B0393039BDBB2184604B070476C
S3150802557884B00190019B0393039BDBB2184604B0DF
S31508025588704700B583B00190019B1B6803F07F033F
S315080255981846FFF7E4FF0346184603B05DF804FB0E
S315080255A800B585B001900198FFF7EBFF03468DF821
S315080255B80F309DF80F30012B03D09DF80F30002BC2
S315080255C801D1012300E0002303F00103DBB21846E8
S315080255D805B05DF804FB00B587B003900291009305
S315080255E813468DF8073000238DF81730029BDB0126
S315080255F823F0784323F07F03039A1360009B23F072
S315080256087C42039B5A609DF80730012B02DC002B6B
S3150802561804DA23E0023B012B20D817E0039B1A6819
S315080256289DF807301A43039B1A60039B1B6843F0CD
S315080256386042039B1A60039B1A689DF82430DB06AE
S3150802564803F0C0531A43039B1A6011E0039B1A68B6
S315080256589DF807301A43039B1A6009E0039B1A68E8
S31508025668009B073303F07F031A43039B1A6000BFA4
S315080256789DF82030002B17D003990DF11703202225
S31508025688184600F0FCFA039B191D0DF117031A2296
S31508025698184600F0F4FA039B5A689DF817309B06D9
S315080256A81A43039B5A600EE003990DF117031B224E
S315080256B8184600F0E4FA039B1A689DF81730DB06C9
S315080256C81A43039B1A609DF82030184600F005F81D
S315080256D80346184607B05DF804FB82B003468DF800
S315080256E807309DF80730002B01D0082300E0042371
S315080256F8184602B0704700B585B0019000238DF8A8
S315080257080D3000238DF80F3001990DF10D031B2278
S31508025718184600F0B4FA0198FFF711FF03468DF808
S315080257280E309DF80D309DF80E209A4202D10123BB
S315080257388DF80F309DF80F30184605B05DF804FB52
S3150802574800B585B0019000238DF80D3000238DF839
S315080257580F3001990DF10D032022184600F08FFA31
S31508025768019B191D0DF10D031A22184600F087FA36
S315080257780198FFF7ECFE03468DF80E309DF80D30BA
S315080257889DF80E209A4202D101238DF80F309DF812
S315080257980F30184605B05DF804FB82B00190019BEC
S315080257A81B68B3F1FF3F0CBF01230023DBB218467F
S315080257B802B0704700B585B00190019B1B68DB0EE5
S315080257C803F003031846FFF7D3FE03468DF80F3096
S315080257D80198FFF7E5FE0346002B02D09DF80F3025
S315080257E800E00023184605B05DF804FB82B0019074
S315080257F8019B1B68DB09C3F31303184602B07047FB
S3150802580800B583B001900198FFF7CAFE0346184609
S3150802581803B05DF804FB00B583B001900198FFF761
S31508025828BFFE03461846FFF758FF0346184603B055
S315080258385DF804FB00B585B001900198FFF7B0FE44
S315080258480346002B05D0019B5B6823F07C43039330
S315080258580CE0019B1B6803F07F030393039B072B4A
S3150802586802D9039B073B00E000230393039B1846D0
S3150802587805B05DF804FB00B583B001900198FFF7FF
S3150802588880FE0346184603B05DF804FB84B0034657
S315080258980A468DF8073013468DF806309DF8073004
S315080258A8032B03D103238DF80F3016E09DF8073032
S315080258B8022B09D19DF80630002B01D0012300E0FE
S315080258C802238DF80F3008E09DF80630002B01D028
S315080258D8002300E007238DF80F309DF80F3018468D
S315080258E804B0704782B00190019B1B68B3F1FF3F71
S315080258F80CBF01230023DBB2184602B0704784B0F6
S315080259080190019B1B681B0CADF80E30019B1B68A6
S31508025918ADF80C30BDF80E304BF29A22934205D1F7
S31508025928BDF80C30012B01D1012300E0002303F056
S315080259380103DBB2184604B0704784B00190019B94
S31508025948DB681B0C0393039B4FF6FF72934214BF43
S3150802595801230023DBB2184604B0704784B00190CD
S31508025968019BDB68ADF80E30BDF80E304FF6FF72B4
S31508025978934214BF01230023DBB2184604B07047CA
S3150802598882B00190019BDB0E184602B0704784B0BC
S3150802599801900B468DF803309DF80330012B02D18E
S315080259A8019BDB4300E0019B0393039B23F07843A7
S315080259B8184604B0704700B585B001900B468DF8B5
S315080259C803309DF80330012B02D1019BDB43019377
S315080259D8019B23F07843019300238DF80F3001A920
S315080259E80DF10F031B22184600F049F99DF80F30EE
S315080259F8DA06019B1343184605B05DF804FB84B022
S31508025A0801900023ADF80E30019B5B0A0193019BB6
S31508025A185B080193019B002B05D0BDF80E300133B4
S31508025A28ADF80E30F3E700BFBDF80E30184604B0DD
S31508025A38704700B587B001900091009B0C33059317
S31508025A48019B5B6904A9012205989847049B9BB2A6
S31508025A580393039B0393019B9B6903A90122059858
S31508025A68984700BF07B05DF804FB00B587B00190F8
S31508025A78009100230593009B0C330493019B5B69F1
S31508025A8803A9012204989847039B9BB24FF6FF7213
S31508025A98934210D1039B1B0C1B040293029B43F4EB
S31508025AA8254343F0A5030293019B9B6902A9012298
S31508025AB8049898470590059B184607B05DF804FBB5
S31508025AC810B584B0019000238DF80F30019B191D7B
S31508025AD80DF10F031B22184600F0D1F89DF80F3076
S31508025AE81C46019B5B681846FFF74AFF03469C4219
S31508025AF807D1019B5B6800211846FFF748FF034652
S31508025B0820E000238DF80F30019B03F108010DF1FF
S31508025B180F031B22184600F0B2F89DF80F301C46F0
S31508025B28019B9B681846FFF72BFF03469C4207D141
S31508025B38019B9B6801211846FFF729FF034601E0E6
S31508025B484FF0FF33184604B010BD00B587B0019070
S31508025B584FF0FF3304930198FFF7D1FE03468DF8F9
S31508025B680F309DF80F30002B03D00198FFF7A8FFD6
S31508025B780490049BB3F1FF3F17D00198FFF7DDFEA7
S31508025B880346002B03D002238DF817301AE0019832
S31508025B98FFF7E4FE0346002B03D001238DF81730DE
S31508025BA810E000238DF817300CE00198FFF79AFEEB
S31508025BB80346002B03D003238DF8173002E004238B
S31508025BC88DF817309DF81730184607B05DF804FBAC
S31508025BD882B003468DF807309DF80730002B03D0AC
S31508025BE89DF80730012B01D1012300E0002303F0B9
S31508025BF80103DBB2184602B0704782B003468DF835
S31508025C0807309DF80730032B03D09DF80730042B7D
S31508025C1801D1012300E0002303F00103DBB2184691
S31508025C2802B0704782B00190019B1433184602B03D
S31508025C38704700B587B00390029101920093039BBF
S31508025C481B69029898470590059B002B0ED1009B65
S31508025C58019A02990398DCF783FF0590059B002BA6
S31508025C6808D002990398FFF7E4FE03E0029903981D
S31508025C78FFF7DFFE059B184607B05DF804FB88B0F8
S31508025C880390029113468DF80730029B1B68079307
S31508025C989DF807301F2B0AD89DF80730012202FA09
S31508025CA803F3013B0693079A069B13400793079B40
S31508025CB85B0803F05533079AD31A0793079B03F031
S31508025CC83332079B9B0803F0333313440793079B26
S31508025CD81A09079B134403F00F3213461B0213448F
S31508025CE81A0413441B0E8DF81730039B1A789DF86D
S31508025CF807109DF81730CB1ADBB21344DAB2039BA6
S31508025D081A7000BF08B0704786B0039002910192D4
S31508025D18019B002B04D0039B03F58053059303E0EC
S31508025D28039B03F500530593059B0121029A01FA81
S31508025D3802F21A6000BF06B0704782B0019000915D
S31508025D48019B1A68009B22FA03F303F0010318461B
S31508025D5802B0704700B587B00390029101920FF01E
S31508025D68BBF80590039B1A68029BDB431A40019904
S31508025D78029B0B401A43039B1A6005980FF09FF87B
S31508025D8800BF07B05DF804FB00B583B00190009127
S31508025D98009B002B04DD01210198DEF793FD03E041
S31508025DA800210198DEF78EFD00BF03B05DF804FBFB
S31508025DB808B502214FF42070DDF700F800BF08BDC8
S31508025DC808B50DF0D3FA034600211846DEF77AFD20
S31508025DD800BF08BD82B001900091019B1A68009B1A
S31508025DE822FA03F303F00103184602B0704782B099
S31508025DF803468DF807309DF80730013B4FF4806259
S31508025E0802FA03F3184602B0704700BF704700BF8C
S31508025E18704700BF704700BF704782B003468DF8C7
S31508025E28073000BF02B0704700B585B00190DFF7AA
S31508025E385BFC0390039B5B099BB203F07F039AB250
S31508025E48039B9BB203F00F039BB213439AB2019BBF
S31508025E585A80039B1B0CDBB203F00F03DAB2019BD1
S31508025E685A70039B1B0BDBB203F00F03DAB2019BD2
S31508025E781A7000BF05B05DF804FB86B003460091A8
S31508025E888DF807309DF8072040F6FC7313400393F4
S31508025E984FF0FF33059300238DF8133019E09DF868
S31508025EA807209DF81330134403F00303039A134497
S31508025EB80293009A029B22FA03F303F00103002BCA
S31508025EC802D1029B059308E09DF8133001338DF839
S31508025ED813309DF81330032BE1D9059B184606B0F3
S31508025EE8704784B00190019B1B78002B06D1019B51
S31508025EF85B78052B02D1002303934FE0019B1B789D
S31508025F08012B06D1019B5B78012B02D1032303934C
S31508025F1844E0019B1B78012B06D1019B5B78032B76
S31508025F2802D10423039339E0019B1B78022B06D17D
S31508025F38019B5B78002B02D1062303932EE0019B73
S31508025F481B78022B06D1019B5B78052B02D1072306
S31508025F58039323E0019B1B78022B06D1019B5B78EE
S31508025F68072B02D10823039318E0019B1B78032BFE
S31508025F7806D1019B5B78022B02D1092303930DE014
S31508025F88019B1B78032B06D1019B5B78052B02D153
S31508025F980A23039302E04FF0FF330393039B184641
S31508025FA804B0704700B587B00390029101920EF0CB
S31508025FB893FF0590039B1A68029BDB431A400199D3
S31508025FC8029B0B401A43039B1A6005980EF077FF4B
S31508025FD800BF07B05DF804FB00B589B003900291CB
S31508025FE813468DF80730039B1B78002B0AD0039BB0
S31508025FF81B78012B06D0039B1B78022B02D0039B26
S315080260081B78032BDFF7B4FB0398FFF76AFF0790A1
S31508026018029BB3F1FF3F01D1079B0293079BB3F19A
S31508026028FF3F03D0029A079B9A4202D04FF0FF33EA
S3150802603827E0029BB3F1FF3F22D09DF80730002BD9
S3150802604814BF01230023DBB283F00103DBB203F09A
S315080260580103DBB21A4603210398DFF74FFC9DF8C2
S315080260680720029B103302FA03F30693029B1033A6
S31508026078012202FA03F3059306990598DFF7FEFD4E
S31508026088029B184609B05DF804FB08B5F1F79CFAB5
S3150802609800BF08BD08B54FF0FF300AF0A9FD034650
S315080260A8184608BD00BF4FF098435B6C03F480138B
S315080260B8002BF8D04FF098435B6D03F4702318460B
S315080260C8704786B0039002910192019B002B04D077
S315080260D8039B03F58053059303E0039B03F50053DB
S315080260E80593059B0121029A01FA02F21A6000BF7A
S315080260F806B0704782B000230193019B184602B086
S31508026108704782B00190019BB3F57F0F5BD0019B64
S31508026118B3F57F0F5DD8019BB3F5302F57D0019B96
S31508026128B3F5302F55D8019BB3F5202F4DD0019BD7
S31508026138B3F5202F4DD8019BB3F5E02F41D0019B2B
S31508026148B3F5E02F45D8019BB3F5C02F37D0019B8D
S31508026158B3F5C02F3DD8019BB3F5A02F2DD0019BCF
S31508026168B3F5A02F35D8019BB3F5802F23D0019B11
S31508026178B3F5802F2DD8019BB3F5403F19D0019B63
S31508026188B3F5403F25D8019BB3F5003F0FD0019BD5
S31508026198B3F5003F1DD8019B002B04D0019BB3F52C
S315080261A8803F02D015E0002314E0482312E02A2390
S315080261B810E02C230EE04B230CE001230AE001230E
S315080261C808E0212306E0062304E0102302E011234F
S315080261D800E00123184602B0704730B58DB0019029
S315080261E803AB2422002118460BF008F9019B002B61
S315080261F801D1212309E0019B1D4603AC0FCC0FC52B
S315080262080FCC0FC523682B60002318460DB030BD86
S3150802621800B583B00190019B002B01D1212303E02D
S315080262280198FFF7DAFF0346184603B05DF804FB40
S3150802623800B587B001900091019B002B02D0009B04
S31508026248002B01D121237CE00023029302AB1946D5
S31508026258019800F07AF80590059B002B01D0059B5A
S315080262686FE0019B1B6803F070430493049B002BA1
S3150802627804D1029A009B1A60002362E0019B9B687C
S3150802628803F48043002B14BF012300238DF80F3033
S31508026298019B9B6803F40053002B14BF01230023B8
S315080262A88DF80E30019B9B6803F48053002B14BFAC
S315080262B8012300238DF80D30049BB3F1004F13D147
S315080262C89DF80F209DF80E305B00D1189DF80D2019
S315080262D813465B0013445B000B441A46029B03FBF6
S315080262E802F2009B1A602BE0049BB3F1204F11D1EE
S315080262F89DF80F209DF80E30D1189DF80D201346EB
S315080263089B0013440B441A46029B03FB02F2009BAA
S315080263181A6015E0049BB3F1304F03D0049BB3F11E
S31508026328404F0BD19DF80F209DF80E3013441A469C
S31508026338029B03FB02F2009B1A6001E0212300E09C
S315080263480023184607B05DF804FB86B00190009151
S31508026358019B002B02D0009B002B01D1212358E078
S31508026368019B1B6803F070430593059B002B06D116
S31508026378019B1B68C3F30E02009B1A603AE0059B51
S31508026388B3F1004F0BD0059BB3F1204F07D0059BFD
S31508026398B3F1304F03D0059BB3F1404F28D1019B87
S315080263A89B6803F48053002B14BF012300238DF83E
S315080263B813309DF81330002B13D0019BDB69002B91
S315080263C801D1212325E0019B1B68002B07DA019BD3
S315080263D8DB690393039B1A68009B1A600AE00F237A
S315080263E817E0019B1B6803F07F02009B1A6001E015
S315080263F821230EE0009B1B68002B09D1019B5B68D1
S31508026408002B01D1212304E0019B5A68009B1A60DC
S315080264180023184606B0704700B58DB0039002915E
S3150802642811461A460B468DF8073013468DF806307C
S31508026438039B002B02D0029B002B01D121238AE061
S31508026448039B1A68029B1B689A4238D0039B1B68EF
S3150802645803F07043B3F1004F06D0039B1B6803F0A1
S315080264687043B3F1404F27D1039B1A68029B1B68F6
S315080264785340B3F1805F21D20023059305AB194631
S315080264880398FFF762FF0346002B13D1039B1A688A
S31508026498059BC3F30E0313430B93029B1A68059BCA
S315080264A8C3F30E0313430A930B9A0A9B9A4205D01F
S315080264B8212350E021234EE021234CE000BF039B11
S315080264C81B6803F07043002B24DA9DF80630002B6C
S315080264D802D04FF4805301E04FF4E04309939DF844
S315080264E80730002B0AD0039B9A68029B9B685A407E
S315080264F8099B1340002B01D021232CE09DF8063076
S31508026508002B07D0029B9B6803F40053002B01D18A
S31508026518212320E00023079307AB19460398FFF7C0
S3150802652814FF0890089B002B01D0089B13E0002350
S31508026538069306AB19460298FFF707FF0890089BC9
S31508026548002B01D0089B06E0079A069B9A4201D0BF
S31508026558212300E0002318460DB05DF804FB00B5B8
S3150802656887B001900091019B002B02D0009B002B5B
S3150802657801D1212347E0009B01225A60019BDB686F
S31508026588002B03D0019BDB68012B2DD10023039333
S3150802659803AB19460198FFF74BFE0490049B002BA0
S315080265A801D0049B2FE000230593019BDB68002B8F
S315080265B802D1039B059306E0019BDB68012B02D1F6
S315080265C8039B1C330593019B5B69059A9A4201D979
S315080265D81D2318E0019B1A69009B1A60059B43F064
S315080265E80052009B9A600DE0019BDB68032B03D0DF
S315080265F8019BDB68022B03D1009B00229A6001E00B
S31508026608212300E00023184607B05DF804FB00B50D
S31508026618A1B001900091019B002B02D0009B002B90
S3150802662801D12123A1E0019B4FF000721A60019B58
S3150802663800225A60019B00229A60019B0022DA61B5
S3150802664803AB19460098E0F76BFB1F901F9B002BBC
S3150802665801D01F9B89E0019B039A114618460EF042
S31508026668B5FC019B1E93009B9B6803F48053002B81
S3150802667854D0009B1B68002B4EDA009BDB691D93DE
S315080266881D9B1B681C9301231A931D9B5B68199310
S315080266981C9B1B9319AB19461E9800F07BF901231C
S315080266A817931D9B9B6816931C9B189316AB194642
S315080266B81E9800F06FF9012314931D9BDB68139348
S315080266C81C9B159313AB19461E9800F063F9012310
S315080266D811931D9B1B6910931C9B129310AB1946A9
S315080266E81E9800F057F901230E931D9B5B690D93BB
S315080266F81C9B0F930DAB19461E9800F04BF9012304
S315080267080B931D9B9B690A931C9B0C930AAB194610
S315080267181E9800F03FF901E00F2326E007AB194659
S315080267280098E0F7B3FC1F901F9B002B01D01F9B14
S315080267381BE0019B07AA1146184600F02BF904AB81
S3150802674819460098FFF70BFF1F901F9B002B01D0D5
S315080267581F9B0AE0019B04AA1146184600F036F95F
S3150802676801980EF007FC1F901F9B184621B05DF88A
S3150802677804FB00B591B0039002910192039B002B8A
S3150802678805D0029B002B02D0019B002B01D12123A5
S315080267986FE00023012201990298FFF73DFE0F9048
S315080267A80F9B002B01D00F9B63E0029BDB68002B33
S315080267B807D1019BDB68022B05D0019BDB68012BFD
S315080267C801D0212355E0039B4FF080721A60039B80
S315080267D800225A60039B00229A60039B0022DA6110
S315080267E805AB19460198E0F79BFA0F900F9B002B09
S315080267F801D00F9B3DE0039B059A114618460EF0F9
S31508026808E5FB0CAB19460298FFF7A9FE0F900F9BFA
S31508026818002B01D00F9B2CE0039B0CAA11461846A5
S3150802682800F0B8F809AB19460198E0F72FFC0F9063
S315080268380F9B002B01D00F9B1BE0039B09AA11464D
S31508026848184600F0A7F806AB19460198FFF787FE1F
S315080268580F900F9B002B01D00F9B0AE0039B06AAF9
S315080268681146184600F0B2F803980EF083FB0F900B
S315080268780F9B184611B05DF804FB00B591B003905A
S3150802688802910192039B002B05D0029B002B02D092
S31508026898019B002B01D121236FE0002301220199D4
S315080268A80298FFF7B9FD0F900F9B002B01D00F9B9B
S315080268B863E0019BDB68002B07D1029BDB68022B8E
S315080268C805D0029BDB68012B01D0212355E0039BE7
S315080268D84FF081721A60039B00225A60039B0022BA
S315080268E89A60039B0022DA6105AB19460298E0F71B
S315080268F817FA0F900F9B002B01D00F9B3DE0039BC5
S31508026908059A114618460EF061FB0CAB1946029811
S31508026918E0F7BCFB0F900F9B002B01D00F9B2CE0D6
S31508026928039B0CAA1146184600F034F809AB194617
S315080269380298FFF714FE0F900F9B002B01D00F9BAE
S315080269481BE0039B09AA1146184600F023F806AB72
S3150802695819460198FFF703FE0F900F9B002B01D0EB
S315080269680F9B0AE0039B06AA1146184600F02EF862
S3150802697803980EF0FFFA0F900F9B184611B05DF8B0
S3150802698804FB82B001904FF09842019B136000BF46
S3150802699802B0704784B001900091019B5B68002B96
S315080269A803D1019B009A5A600DE0019B5B68039329
S315080269B802E0039B5B680393039B5B68012BF8D190
S315080269C8039B009A5A6000BF04B0704784B00190CE
S315080269D80091019B9B68002B03D1019B009A9A6040
S315080269E80DE0019B9B68039302E0039B5B68039394
S315080269F8039B5B68012BF8D1039B009A5A6000BF78
S31508026A0804B0704700B583B0FFF774FB019000BF66
S31508026A1803B05DF804FB00B593B00A91099208938E
S31508026A2803468DF82F3049238DF830300023119309
S31508026A380CE0149A119B1A44119B013312784833B5
S31508026A486B4403F8182C119B01331193119B0C2BD9
S31508026A58EFD9099BDBB21B12DBB28DF83E30099BD4
S31508026A68DBB28DF83F3000238DF8403001238DF8CC
S31508026A7841309DF854308DF842309DF82F00042392
S31508026A880693169B0593132304930CAB0393089B4F
S31508026A980293099B01930A9B00930A9B00220021F1
S31508026AA8E0F75CFC0346184613B05DF804FB00B52C
S31508026AB897B002910192009303468DF80F30019B15
S31508026AC8B3F5807F0AD0019BB3F5807F10D8019B66
S31508026AD8802B09D0019BC02B04D009E04FF482739E
S31508026AE8159307E00F2337E04FF48073159301E0F7
S31508026AF8292331E09DF80F3083F00103DBB21A46E9
S31508026B08159B13431593189B11930123129310236C
S31508026B18139321231493009B0D9301230E93102399
S31508026B280F932123109315AB09930DAB0A930423EC
S31508026B380B9311230C93029B059309AB0693019BAE
S31508026B48DB08079340F61103089311AA05AB114609
S31508026B581846E0F7BBFB0346184617B05DF804FB70
S31508026B6800B589B007900691059204930B9B029388
S31508026B789DF828300193049B0093059B069A07996A
S31508026B880020FFF748FF0346184609B05DF804FBDC
S31508026B9800B589B007900691059204930B9B029358
S31508026BA89DF828300193049B0093059B069A07993A
S31508026BB80120FFF730FF0346184609B05DF804FBC3
S31508026BC808B5E0F7B1FDE0F7DFFD00BF08BD82B002
S31508026BD800230193019B184602B0704700B585B099
S31508026BE801900EF079F903904FF0A8431A68019BB1
S31508026BF81A604FF0A8431A69019B5A6003980EF067
S31508026C085EF90023184605B05DF804FB00B585B0A1
S31508026C1801900EF061F903904FF0A842019B1B6898
S31508026C2813604FF0A842019B5B68136103980EF044
S31508026C3846F90023184605B05DF804FB00BF7047FD
S31508026C4800BF704782B00190019BA3F50623A3F5FE
S31508026C5850635B09184602B0704782B00190019BDF
S31508026C6803F01F03184602B0704786B0CDE9000143
S31508026C78009B0593DDE900014FF000024FF000037F
S31508026C880A000023059B534002930123039316E047
S31508026C98039BDB00029A22FA03F3029A53400493EF
S31508026CA8049B03F00303002B02D0049B9B00049366
S31508026CB8059A049B13440593039B01330393039B89
S31508026CC8032BE5D9059B184606B0704700B593B05D
S31508026CD8CDE906010592059B002B02D16FF08603C2
S31508026CE82CE06FF0960311930CAB00221A605A60D7
S31508026CF89A60DA6000230B9300230A93FFF79EFF34
S31508026D080CAA09AB02930BAB01930AAB0093134681
S31508026D180022DDE90601E0F701FF1190119B002B1D
S31508026D2803D0FFF78DFF119B08E00D9A059B5A6061
S31508026D380B9A059B1A60FFF783FF0023184613B0C0
S31508026D485DF804FB00B583B0FFF7D4F90190019BFF
S31508026D58002B02D06FF0920300E00023184603B016
S31508026D685DF804FB00B583B0FFF7C4F90190019BEF
S31508026D78002B02D06FF0920300E00023184603B0F6
S31508026D885DF804FB00B58FB0039002910192FFF7F4
S31508026D98B1F90D900D9B002B02D06FF092031EE0FD
S31508026DA804AB1846FFF719FA0D900D9B002B02D073
S31508026DB86FF0920313E004AB029A03991846DFF7B9
S31508026DC8FFFD0D900D9B002B04D1019B029A1A60B8
S31508026DD8002304E0019B00221A606FF0920318460A
S31508026DE80FB05DF804FB00B587B0039002910192D3
S31508026DF800936FF096030593009B00221A60009A87
S31508026E0801990298FFF7BEFF0590059B184607B039
S31508026E185DF804FB82B00190019B1B88184602B0F4
S31508026E28704784B00190019B1B680393039B102B40
S31508026E3805D0039B182B02D0039B202B01D10023D4
S31508026E4801E06FF08603184604B0704782B00190D5
S31508026E58019B1B88184602B0704782B00190019BB5
S31508026E685B88184602B0704784B001900091009B6F
S31508026E78002B01D100230DE0019B039304E0039B39
S31508026E885A1C039200221A70009B5A1E0092002B63
S31508026E98F5D10023184604B0704784B003900291CE
S31508026EA80192039B0022DA60039B029A1A61019BEC
S31508026EB8033323F00302039B5A6100BF04B07047E9
S31508026EC882B00190019B5B68184602B0704782B08F
S31508026ED80190019B9B68184602B0704782B00190E0
S31508026EE8019B1B88184602B0704782B00190019B25
S31508026EF85B88184602B0704784B0039002910192E3
S31508026F08039B0022DA60039B029A1A61019B0333E8
S31508026F1823F00302039B5A6100BF04B0704782B08C
S31508026F280346ADF80630BDF8063023F0FF03B3F57D
S31508026F38824F1DD1BDF8063023F4435323F03F038D
S31508026F48B3F5824F04D1BDF80630DBB2412B0FD018
S31508026F58BDF8063023F4435323F03F03B3F5824FB3
S31508026F6804D1BDF80630DBB2422B01D0012300E07A
S31508026F780023184602B0704788B00390029101921E
S31508026F8800238DF81F300023069300230493002359
S31508026F9805932BE0019A059BD31A013B039A1344DE
S31508026FA81A789DF81F3013438DF81F30019A059BEE
S31508026FB8D31A013B039A13441B781946019A059B6F
S31508026FC8D31A013B029A13441B78CB1A0493049BDF
S31508026FD8002B0CBF01230023DBB25A42069B13403F
S31508026FE8049A13430693059B01330593059A019B55
S31508026FF89A42CFD39DF81F30002B02D0069B002B4E
S3150802700802DB6FF0860300E00023184608B07047D3
S3150802701884B001900091009B002B01D100230DE05A
S31508027028019B039304E0039B5A1C039200221A70DD
S31508027038009B5A1E0092002BF5D10023184604B06D
S31508027048704700B587B00390029101920398FFF73B
S3150802705845FF0346ADF81630BDF8163023F0FF0390
S31508027068B3F5E24F0CD1BDF8163023F4435323F097
S315080270783F03B3F5824F03D1BDF81630DBB2412B75
S3150802708800BF07B05DF804FB00B58FB00390029104
S315080270980192019B002B05D0039B002B02D0029B71
S315080270A8002B02D16FF086032FE005AB20220021C0
S315080270B818460AF0A3F905AB1A4602990398E1F7A6
S315080270C8D5FA0D900D9B002B02D06FF086031CE0B3
S315080270D8059A019B1B689A4213D1069A019B5B681B
S315080270E89A420ED1079A019B9B689A4209D10B9A32
S315080270F8019B9B699A4204D10C9A019BDB699A42C5
S3150802710802D06FF0860300E0002318460FB05DF838
S3150802711804FB00B587B00390029101920398FFF722
S31508027128CFFE03461B0A0593019B00221A60059B9C
S31508027138002B03D0059B012B11D016E00398FFF705
S31508027148CDFE03461846FFF7EAFE0346002B02D091
S31508027158029B01330293019B029A1A6008E0029B7A
S3150802716803F12C02019B1A6002E06FF0850300E026
S315080271780023184607B05DF804FB00B587B00390EC
S315080271880291019200930398FFF79AFE03461B0A97
S315080271980593059B002B03D0059B012B0ED020E0F7
S315080271A8019A009B9A4202D26FF08C031DE0089B53
S315080271B8029A1A61089B019A5A6115E0009B2C33B8
S315080271C8019A9A4202D26FF08C030EE0029B03F1EF
S315080271D81002089B1A61009B03F11C02089B5A615C
S315080271E802E06FF08B0300E00023184607B05DF84B
S315080271F804FB00B587B0039002910192019B2B2BE1
S3150802720802D86FF089031BE0029B0593059B0122AE
S315080272181A70059B00225A70059B02330222002126
S3150802722818460AF0EBF8039B1A68059B5A60039BF3
S315080272385A68059B9A60039B9A68059BDA6000233D
S31508027248184607B05DF804FB00B59DB00590049191
S3150802725803920293059B002B05D0049B002B02D0B0
S31508027268039B002B02D16FF08603A4E00598FFF76B
S315080272783CFE1A901A9B0733DB081993199B002BB5
S3150802728802D16FF0850396E00598FFF727FE0346B5
S31508027298ADF86230BDF8623003F4E043B3F5805FB7
S315080272A806D0BDF8623003F4E043B3F5005F07D1B0
S315080272B81A9B03F00703002B02D06FF086037AE0C5
S315080272C8BDF8623003F4E043B3F5804F02D16FF09C
S315080272D8850370E00FAB2022002118460AF08EF8C3
S315080272E80FAB1A4619990598E1F7C0F91B901B9B2B
S315080272F8002B01D01B9B5EE00FAB0093199B039AE8
S3150802730804990598FFF739FF1B901B9B002B01D0A0
S315080273181B9B50E006AB2422002118460AF06EF899
S3150802732806AB1846FEF759FF1790179B002B02D093
S315080273386FF092033FE00FAA06AB11461846FFF70D
S3150802734866F91790179B002B0AD0179B482B03D16F
S315080273586FF085031B9322E06FF092031B931EE0DE
S315080273680598FFF7ADFD03461B0A002B05D11A9AA5
S3150802737804990598FFF765FE09E00FAB039A049985
S315080273881846FFF736FF1B901B9B002B06D1029A5D
S3150802739819990598FFF7BDFE1B9000E000BF06ABDA
S315080273A81846FEF735FF1790179B002B02D06FF089
S315080273B8920300E01B9B18461DB05DF804FB30B526
S315080273C8A3B00390029101920093039B002B0ED05F
S315080273D8029B002B0BD0019B002B08D0009B002B8D
S315080273E805D0269B002B02D0279B002B02D16FF0D3
S315080273F8860392E016AB20220021184609F0FEFF02
S3150802740816AB019A02990398E1F772FA2190219B21
S31508027418002B01D0219B80E0012320930EAC16ADE8
S315080274280FCD0FC495E80F0084E80F0000231F93B9
S31508027438009A209BD118269A209BD21A0EAB184678
S31508027448FFF75AFD109B23F0807323F480431093A9
S31508027458109B43F40053109300230D930DAA0EAB09
S3150802746811461846FEF7E4FE1E901E9B002B02D014
S315080274786FF0920351E00D9A209B1A441F9B5B00FA
S31508027488D31A0D930D9B269A9A4202D26FF0890354
S3150802749843E004AB24220021184609F0AFFF04ABE7
S315080274A81846FEF79AFE1E901E9B002B02D06FF016
S315080274B8920332E00EAA16A904AB1846DFF71CFE99
S315080274C81E901E9B012B03D16FF08B03219318E0A4
S315080274D81E9B002B0AD01E9B482B03D16FF08503EF
S315080274E821930EE06FF0920321930AE00023219379
S315080274F8209B012B02D1009B04221A700D9A279B06
S315080275081A6004AB1846FEF783FE1E901E9B002BD4
S3150802751802D06FF0920300E0219B184623B030BDD3
S3150802752800B585B00390029101920093009B019AD7
S3150802753802990398FFF788FE0346184605B05DF8D0
S3150802754804FB00B587B00590049103920293099B40
S315080275580193089B0093029B039A04990598FFF7DF
S315080275682EFF0346184607B05DF804FB30B5A7B0E8
S3150802757805900491039202936FF096032593059B4F
S31508027588002B11D0029B002B0ED02A9B002B0BD066
S31508027598049B002B08D0039B002B05D02B9B002BA2
S315080275A802D02C9B002B02D16FF08603E1E02B9BBD
S315080275B800221A600598FFF791FC0346ADF8923047
S315080275C8039BDA002C9B1A60BDF8923023F44353C6
S315080275D823F03F03B3F5824F03D1BDF89230DBB2ED
S315080275E800E00023122B1BD1BDF8923023F0FF03CB
S315080275F8B3F5824F0AD12C9B1B68A3F108022C9B70
S315080276081A602C9B1B685A082C9B1A602C9B1B68B1
S31508027618B3F5047F06D12C9B40F209221A6001E0D1
S3150802762800BF00E000BF0023239300232293002310
S315080276382093BDF8923023F4435323F03F03B3F55E
S31508027648824F1ED120AB039A04990598E0F792FE59
S315080276582590259B002B01D0259B8AE0209B073382
S31508027668DB082093BDF892301846FFF758FC034604
S31508027678002B08D0039B013B0393049B0133049315
S3150802768801E0039B209318AB20220021184609F033
S31508027698B5FE209B18AA19460598E0F7E7FF259034
S315080276A8259B002B01D0259B63E010AC18AD0FCDA6
S315080276B80FC495E80F0084E80F0010AB039A0499E3
S315080276C81846FFF719FC07AB24220021184609F0C9
S315080276D895FE00232193039A229B1A4418AB00931A
S315080276E813462A9A02990598FFF747FD2590259B7E
S315080276F8002B38D107AB1846FEF76FFD2190219B60
S31508027708002B03D06FF09203259331E018AA10A92B
S3150802771807AB1846FFF72DF82190219B002B03D0BB
S315080277286FF09203259312E018AB2A9A0299184623
S31508027738FFF75FFD2590259B002B16D1039A229BFE
S3150802774813442B9A19460598FFF7E3FC259007ABCD
S315080277581846FEF75DFD2190219B002B07D06FF096
S315080277689203259304E000BF02E000BF00E000BFD1
S31508027778259B184627B030BD30B5A5B003900291AF
S3150802778801920093039B002B0ED0029B002B0BD071
S31508027798019B002B08D0009B002B05D0289B002BA9
S315080277A802D0299B002B02D16FF0860393E0039837
S315080277B8FFF78DFB034603F00103002B02D16FF096
S315080277C8840388E017AB20220021184609F016FE22
S315080277D817AB019A02990398E1F78AF82390239B33
S315080277E8002B01D0239B76E00FAC17AD0FCD0FC443
S315080277F895E80F0084E80F0000230E930398FFF715
S315080278086DFB0346ADF88A300EAA0FAB1146184629
S31508027818FEF70EFD2190BDF88A301846FFF77FFB62
S315080278282090209B012B08D1009B04221A70009BEA
S3150802783801330093289B013B28930398FFF755FBCE
S315080278481F900FAB289A00991846FFF755FB219BFC
S31508027858002B02D06FF092033DE00E9B289A9A42BB
S3150802786802D26FF0890336E005AB242200211846B6
S3150802787809F0C4FD05AB1846FEF7AFFC2190219B1B
S31508027888002B02D06FF0920325E00FAA17A905ABC1
S315080278981846FEF7F2FF2190219B002B03D06FF0C2
S315080278A8920323930BE0002323931F9A00990398C4
S315080278B8FFF7C7FB0E9A209B1A44299B1A6005AB49
S315080278C81846FEF7A5FC2190219B002B02D06FF0E3
S315080278D8920300E0239B184625B030BD00B587B051
S315080278E803900291019200930398FFF7F7FA034669
S315080278F8ADF81630BDF8163003F4E043B3F5805FE9
S3150802790806D0BDF8163003F4E043B3F5005F02D19A
S315080279186FF0850306E0009B019A02990398FFF720
S3150802792893FC0346184607B05DF804FB00B587B012
S3150802793805900491039202930598FFF7CFFA034636
S3150802794803F4E043B3F5804F02D16FF085030AE0EA
S31508027958099B0193089B0093029B039A049905982D
S31508027968FFF72DFD0346184607B05DF804FB00B578
S3150802797887B003900291019200930398FFF7AEFA33
S31508027988034623F4435323F03F03B3F5824F23D127
S315080279980A9B019A02990398E0F7ECFC0590059B65
S315080279A8002B01D0059B19E0089A019B9A4202D23C
S315080279B86FF0890312E0019A0299009809F029FDE5
S315080279C80A9B1B681A4600990398FFF73AFB099B14
S315080279D8019A1A60002301E06FF08503184607B07A
S315080279E85DF804FB82B00190019B1B88184602B019
S315080279F8704784B001900091009B002B01D10023A7
S31508027A080DE0019B039304E0039B5A1C0392002290
S31508027A181A70009B5A1E0092002BF5D100231846AD
S31508027A2804B0704700B58DB00B900A910992089375
S31508027A38149B0693139B0593129B0493119B03931A
S31508027A48109B02930F9B01930E9B0093089B099A1E
S31508027A580A990B98E0F7B8FA034618460DB05DF886
S31508027A6804FB82B00190019B5B88184602B07047F6
S31508027A7800B593B00790069105920493069B002BCE
S31508027A8802D0079B002B02D16FF086031EE009ABD2
S31508027A9820220021184609F0B1FC09AB059A069975
S31508027AA80798E0F725FF1190119B002B01D0119B2F
S31508027AB80CE009A8189B0293179B0193169B00933F
S31508027AC8159B149A0499E1F7A9F80346184613B0C0
S31508027AD85DF804FB00B587B00590049103920293FA
S31508027AE8089B0093029B039A04990598E1F740FAC2
S31508027AF80346184607B05DF804FB00B585B003903F
S31508027B0802910192039B002B05D0029B002B05D1FB
S31508027B18019B002B02D06FF0860308E0039B03F152
S31508027B2860000399019B029AE1F744F9034618464D
S31508027B3805B05DF804FB00B587B005900491039279
S31508027B480293059B002B08D0049B002B05D0039BA8
S31508027B58002B02D0029B002B02D16FF086030AE0A3
S31508027B68059B03F160000599029B0093039B049AFF
S31508027B78E1F784F90346184607B05DF804FB00B531
S31508027B8883B00190019B002B02D16FF0860305E0B2
S31508027B9898220021019809F031FC0023184603B0FF
S31508027BA85DF804FB00B58BB0099008910792069315
S31508027BB8109B04930F9B03930E9B02930D9B0193B1
S31508027BC80C9B0093069B079A08990998E0F7BCFA52
S31508027BD8034618460BB05DF804FB00B58DB00B904A
S31508027BE80A9109920893149B0693139B0593129B71
S31508027BF80493119B0393109B02930F9B01930E9B6D
S31508027C080093089B099A0A990B98E0F7DDF9034647
S31508027C1818460DB05DF804FB82B00190019B1B88DB
S31508027C28184602B0704782B00190019B5B881846D5
S31508027C3802B0704700B587B003900291019200938B
S31508027C48039B0022DA60039B019A1A61039B009A36
S31508027C585A610298FFF7E0FF0346ADF81630BDF8F9
S31508027C681630B3F5105F2DD10298FFF7DCFF0346ED
S31508027C78B3F5807F15D0B3F5807F19D8802B02D04B
S31508027C88C02B07D014E0039B10225A60039B1022CC
S31508027C981A6010E0039B18225A60039B18221A607E
S31508027CA809E0039B20225A60039B20221A6002E0FD
S31508027CB86FF085030DE000BF039B5B68009A9A4242
S31508027CC806D202E06FF0860303E06FF0860300E04F
S31508027CD80023184607B05DF804FB00B593B0079071
S31508027CE8069105920493069B002B02D0079B002B4C
S31508027CF802D16FF086031EE009AB2022002118463E
S31508027D0809F07CFB09A8059B069A0799FFF792FFD3
S31508027D181190119B002B01D0119B0CE009A8189B06
S31508027D280293179B0193169B0093159B149A049921
S31508027D38E0F774FF0346184613B05DF804FB00B56E
S31508027D4887B00390029101920093039B002B08D0F7
S31508027D58029B002B05D0019B002B05D1009B002B0B
S31508027D6802D06FF0860350E05C220021039809F0DE
S31508027D7845FB039B089A02991846E0F7E1FF059026
S31508027D88059B002B01D0059B3FE00298FFF74BFFA6
S31508027D980346DA08039B9A65039B9B6D202B22D020
S31508027DA8202B2ED8102B02D0182B0ED029E0009B98
S31508027DB80F2B02D86FF0860327E0039B383310226D
S31508027DC80199184609F025FB1EE0009B172B02D8D5
S31508027DD86FF0860319E0039B38331822019918466F
S31508027DE809F017FB10E0009B1F2B02D86FF08603D9
S31508027DF80BE0039B383320220199184609F009FB40
S31508027E0802E06FF0860300E00023184607B05DF823
S31508027E1804FB00B587B00590049103920293089B68
S31508027E280093029B039A04990598FFF788FF03466D
S31508027E38184607B05DF804FB00B58FB003900291A7
S31508027E480192039B002B05D0029B002B05D1019BAF
S31508027E58002B02D06FF0860317E005AB202200211B
S31508027E68184609F0CBFA05AB03991846E1F7F8F86C
S31508027E780D900D9B002B01D00D9B06E0039805A9D2
S31508027E88019B029AE0F796FF034618460FB05DF87B
S31508027E9804FB00B591B00590049103920293059BE1
S31508027EA8002B08D0049B002B05D0039B002B02D07D
S31508027EB8029B002B02D16FF0860319E007AB20223A
S31508027EC80021184609F09AFA07AB05991846E1F708
S31508027ED8C7F80F900F9B002B01D00F9B08E0059857
S31508027EE807A9029B0093039B049AE0F7C7FF034678
S31508027EF8184611B05DF804FB00B583B00190019BE2
S31508027F08002B02D16FF0860305E05C220021019856
S31508027F1809F074FA0023184603B05DF804FB00B5A5
S31508027F288BB00990089107920693109B04930F9BAE
S31508027F3803930E9B02930D9B01930C9B0093069B3E
S31508027F48079A08990998E0F7FFF8034618460BB006
S31508027F585DF804FB00B587B0059004910392029375
S31508027F68059B9A68099B01939DF820300093029B0A
S31508027F7803990498FEF7F4FD0346184607B05DF818
S31508027F8804FB00B587B00590049103920293059BFA
S31508027F989A68099B01939DF820300093029B0399DE
S31508027FA80498FEF7F5FD0346184607B05DF804FB84
S31508027FB800B587B00590049103920293049B802B1F
S31508027FC805D0049BC02B02D0049BB3F5807F059B82
S31508027FD89868099B0193089B0093029B039A049944
S31508027FE8DFF708FB0346184607B05DF804FB00B539
S31508027FF887B004910392029303468DF81730039BC0
S31508028008802B05D0039BC02B02D0039BB3F5807F38
S31508028018049B99689DF81700089B0093029B039A8C
S31508028028FEF745FD0346184607B05DF804FB08B592
S3150802803800F03EF80346184608BD00B583B0034665
S3150802804800918DF80730009B002B01D1222306E008
S315080280589DF8073000991846E1F744F8034618468A
S3150802806803B05DF804FB00B583B0019001210198BD
S31508028078E1F75CF90346184603B05DF804FB86B0D7
S31508028088039002910192019B002B04D0039B03F5EE
S315080280988053059303E0039B03F500530593059B59
S315080280A80121029A01FA02F21A6000BF06B0704765
S315080280B800231846704708B5E1F7C4FA0346184676
S315080280C808BD82B000230193019B184602B0704787
S315080280D808B501213620DAF72BFF0020DBF76CFFFB
S315080280E80023184608BD08B5E1F708FC00BF08BD15
S315080280F808B5E1F781FC00BF08BD00B583B0019059
S31508028108019B002B01DB019B5D2B0198E1F72CFDF6
S3150802811800BF03B05DF804FB00B583B00190009177
S31508028128019B13F1100F01DB019B5D2B0099019846
S31508028138E1F730FD00BF03B05DF804FB82B0019099
S3150802814800910E23184602B0704784B00390029134
S31508028158019200930E23184604B0704782B0019024
S3150802816800BF02B0704784B003900291019200BF23
S3150802817804B0704782B00190009100BF02B0704700
S3150802818800B585B001900023039303AB00224FF094
S31508028198FF310198E1F756FD039B184605B05DF8CD
S315080281A804FB00B587B003900B4601928DF80B3095
S315080281B89DF80B20019B4FF0FF310398E1F742FD2A
S315080281C80590059B184607B05DF804FB00B583B011
S315080281D801900198E1F7A6FE00BF03B05DF804FB1B
S315080281E800B585B0019000910023039303AB0022E2
S315080281F80099019800F005F8039B184605B05DF842
S3150802820804FB00B587B003900291009313468DF8D4
S31508028218073000230593009B002B01D1222326E071
S31508028228009B00221A60029B002B02D0039B002B9C
S3150802823801D121231BE0039B029A02FB03F3049351
S315080282489DF80730009A19460498FFF7AAFF059081
S31508028258059B002B0AD1009B1B68002B06D0009BA6
S315080282681B68049A0021184609F0C8F8059B18469F
S3150802827807B05DF804FB00B589B001900091019B2F
S3150802828808330793019B0693079A009B13445A1EC1
S31508028298009B5B4213400793079B083B019301988F
S315080282A800F06AF8019A069BD31ADB10ADF8163065
S315080282B8069B5A88BDF81630D31A9AB2019B5A8079
S315080282C8069B9A88BDF8163013449AB2019B9A807F
S315080282D8069B9B88002B13D0069B9B88DB005B4278
S315080282E8069A13440493019B9A88049BDA80049B92
S315080282F85A88BDF8163013449AB2049B5A8004E089
S31508028308019A137843F002031370069BDB88002B45
S3150802831812D0069BDB88DB00069A13440393069B56
S31508028328DA88BDF81630D31A9AB2019BDA80019B0D
S31508028338DA88039B9A8002E0019B0022DA80019B75
S31508028348184609B05DF804FB00B585B0019000919E
S315080283580098FFF715FF0390039B184605B05DF8CA
S3150802836804FB00B583B0019000910098FFF72EFF31
S3150802837800BF03B05DF804FB82B00190019A137836
S315080283886FF300031370019A13786FF3410313709E
S31508028398019A13886FF38F031380019B00225A8070
S315080283A8019B00229A80019B0022DA8000BF02B054
S315080283B8704786B001900B468DF8033013468DF840
S315080283C802309DF803309B088DF817309DF8033064
S315080283D803F00303DB000493FF22049B02FA03F368
S315080283E803939DF81730012B19D89DF81720019B7E
S315080283F80C3253F82220039BDB4302EA03019DF859
S315080284080220049B02FA03F31A46039B13409DF8BB
S3150802841817201943019B0C3243F8221000E000BFCB
S3150802842806B0704784B00390029101920093039BA9
S31508028438029A9A60039B019ADA60039B009A1A6168
S3150802844800BF04B0704708B5E2F730F808B5FFF779
S31508028458FAFF00BF08BD00B583B06B4600221A6052
S315080284681A7100238DF804306B461846DCF764FD4A
S3150802847800BF03B05DF804FB00B583B00CF02CFD11
S3150802848801900BF0BDFD01980CF019FD00BF03B071
S315080284985DF804FB82B0034600928DF807300B4656
S315080284A88DF8063000BF02B0704708B54FF4C87099
S315080284B8E2F768FA0346184608BD08B500F003F855
S315080284C80346184608BD00B583B00DF106031946DA
S315080284D81320FFF7B2FDBDF80630184603B05DF85B
S315080284E804FB08B5FAF77EFFFAF791FFFAF796FF43
S315080284F8FAF7A7FFFAF7B0FF00BF08BD08B5FAF7FB
S31508028508ADFFFAF7ADFFFAF7ADFFFAF7B0FF00BF0E
S3150802851808BD00B583B00023019302F087FBE7F78D
S31508028528ADF903F09CFB04F0B9F9019B184603B0B0
S315080285385DF804FB08B5EEF76DF800BF08BD08B587
S3150802854804213020FFF7E8FD04213120FFF7E4FD76
S3150802855804213220FFF7E0FD04213520FFF7DCFD70
S3150802856804213420FFF7D8FD04212F20FFF7D4FD74
S3150802857804213320FFF7D0FD05216FF00100FFF72C
S31508028588CBFD6FF00100E1F7D9FA00BF08BD82B04A
S315080285980190019B00221A600E23184602B0704702
S315080285A800BF704700B583B001900091019B002B6C
S315080285B803D000990198E2F701FD0198FFF706FE34
S315080285C800BF03B05DF804FB82B001900091019BDD
S315080285D8002B03D0019A009B134400E00023184697
S315080285E802B0704782B00190019B002B0CBF012391
S315080285F80023DBB2184602B0704782B00190019B8D
S315080286085B69184602B0704782B00190019B5B68A5
S31508028618184602B0704782B00190019B1B8818461B
S3150802862802B0704782B00190019B5B88184602B077
S31508028638704700B583B06FF096030193FEF782FB85
S315080286480190019B002B01D0019B08E0FEF78AFBEB
S315080286580190019B002B01D0019B00E000231846DC
S3150802866803B05DF804FB00BF704700B587B00390F6
S315080286780291019200930398FFF7C6FF03461B0A65
S3150802868805930398FFF7C7FF0346ADF81230009B18
S3150802869800221A60059B012B08D1009B019A1A60D1
S315080286A80099039801F09CFC034601E06FF08603E3
S315080286B8184607B05DF804FB00B58DB00790069119
S315080286C8059204936FF096030B930798FFF79CFF9E
S315080286D803461B0A0A93012309930A9B002B03D014
S315080286E80A9B012B25D02DE00798FFF794FF03462E
S315080286F803F48043B3F5804F0DD1099B002B0AD0AA
S31508028708109B0F9A0E990798FFF7E8F80B900B9BA0
S3150802871813F1860F1AD1109B02930F9B01930E9B96
S315080287280093049B059A0699079801F0CBFA0B90D1
S315080287380DE0109B0F9A0E990798FEF7F1FE0B901B
S315080287480B9B05E06FF086030B9300E000BF0B9BBB
S3150802875818460DB05DF804FB00B58BB00790069174
S31508028768059204936FF0960309930798FFF74CFF4F
S3150802877803461B0A0893089B002B03D0089B012B68
S3150802878821D02EE00E9B02930D9B01930C9B00931E
S31508028798049B059A06990798FFF7E9F80990099B31
S315080287A813F1860F01D0099B1DE00E9B02930D9BC0
S315080287B801930C9B0093049B059A0699079800F067
S315080287C817FB03460FE00E9B02930D9B01930C9B26
S315080287D80093049B059A06990798FEF7C7FE03466F
S315080287E801E06FF0860318460BB05DF804FB00B586
S315080287F889B005900491039202936FF08603079352
S315080288080598FFF701FF03461B0A0693069B002BEA
S3150802881803D0069B012B0CD017E00B9B01930A9BEE
S315080288280093029B039A0499059800F074FC034680
S315080288380CE00B9B01930A9B0093029B039A0499EB
S315080288480598FEF799FF034600E0079B184609B004
S315080288585DF804FB00B58FB00B900A91099208934C
S315080288686FF096030D930B98FFF7CEFE03461B0A85
S315080288780C930C9B002B03D00C9B012B1ED033E0C8
S31508028888169B0693159B0593149B0493139B0393B4
S31508028898129B0293119B0193109B0093089B099ABA
S315080288A80A990B98FFF799F90D900D9B13F1860F04
S315080288B801D00D9B1AE06FF0850317E0169B069305
S315080288C8159B0593149B0493139B0393129B02937C
S315080288D8119B0193109B0093089B099A0A990B9876
S315080288E8FFF7A0F8034601E06FF0860318460FB0B3
S315080288F85DF804FB00B58DB00990089107920693B6
S315080289086FF096030B930998FFF77EFE03461B0A38
S315080289180A930A9B002B03D00A9B012B1AD02BE039
S31508028928129B0493119B0393109B02930F9B01932B
S315080289380E9B0093069B079A08990998FFF7CDF9A3
S315080289480B900B9B13F1860F01D00B9B16E06FF069
S31508028958850313E0129B0493119B0393109B0293BE
S315080289680F9B01930E9B0093069B079A08990998F1
S31508028978FFF77EF8034601E06FF0860318460DB046
S315080289885DF804FB00B589B0059004910392029339
S315080289986FF0960307930498FFF736FE03461B0AF9
S315080289A80693069B002B03D0069B012B1AD02CE0B4
S315080289B8059B03F108000A9B0093029B039A0499F4
S315080289C8FFF7BDF90790079B002B02D1059B0422E6
S315080289D81A60079B13F1860F01D0079B17E06FF001
S315080289E8850314E0059B03F108000A9B0093029B82
S315080289F8039A0499E0F7BCFA0790079B002B02D161
S31508028A08059B05221A60079B01E06FF08603184644
S31508028A1809B05DF804FB00B589B005900491039284
S31508028A2802936FF0960307930498FFF7EDFD034642
S31508028A381B0A0693069B002B03D0069B012B1AD00A
S31508028A482CE0059B03F108000A9B0093029B039AF4
S31508028A580499FFF7DEF90790079B002B02D1059BBD
S31508028A6804221A60079B13F1860F01D0079B17E0A9
S31508028A786FF0850314E0059B03F108000A9B00932F
S31508028A88029B039A0499FFF725F80790079B002B80
S31508028A9802D1059B05221A60079B01E06FF086033F
S31508028AA8184609B05DF804FB00B585B00390029133
S31508028AB80192039B1B68042B02D0052B09D011E0EF
S31508028AC8039B0833019A02991846FFF7B5F9034634
S31508028AD80AE0039B0833019A02991846FFF70DF82C
S31508028AE8034601E06FF08603184605B05DF804FBF5
S31508028AF800B585B00390029101920093039B1B6807
S31508028B08042B02D0052B0AD013E0039B03F10800B5
S31508028B18009B019A0299FFF7BCF903460BE0039BEF
S31508028B2803F10800009B019A0299FFF704F8034625
S31508028B3801E06FF08603184605B05DF804FB00B538
S31508028B4883B00190019B1B68042B02D0052B07D022
S31508028B580DE0019B08331846FFF7CEF9034608E0ED
S31508028B68019B08331846FFF70AF8034601E06FF037
S31508028B788603184603B05DF804FB00B58DB0099064
S31508028B880891079206936FF096030B930998FFF7D5
S31508028B983BFD03461B0A0A930A9B002B03D00A9B32
S31508028BA8012B2AD03CE0129B0493119B0393109B3A
S31508028BB802930F9B01930E9B0093079B089A0999A8
S31508028BC80698FFF7ACF90B900B9B13F1860F01D0A9
S31508028BD80B9B27E0129B0493119B0393109B02930A
S31508028BE80F9B01930E9B0093069B079A089909986F
S31508028BF800F048FF0B900B9B14E0129B0493119B01
S31508028C080393109B02930F9B01930E9B0093079B5A
S31508028C18089A09990698FEF7C5FF0B900B9B01E07F
S31508028C286FF0850318460DB05DF804FB82B0019013
S31508028C380B468DF8033013468DF80230019B1B7ECE
S31508028C489DF803209A4202D06FF0960304E0019B2E
S31508028C589DF802201A760023184602B0704782B099
S31508028C680190019B1B0A002B14BF01230023DBB2C8
S31508028C78184602B0704782B00346ADF80630BDF80A
S31508028C88063003F4E043B3F5805F06D0BDF8063034
S31508028C9803F4E043B3F5005F01D1012300E00023A2
S31508028CA8184602B0704700B587B003900291019240
S31508028CB8009300230593019B002B0FD0029B002BE0
S31508028CC801D1009B0593039A059BD018019A059B27
S31508028CD8D31A1A46212108F091FB00E000BF07B013
S31508028CE85DF804FB82B003460091ADF80630BDF87C
S31508028CF80630B3F5105F20D0B3F5105F2ADC41F2CF
S31508028D080522934226DCB3F5905F07DA41F201029F
S31508028D18934222D0B3F5885F1FD01BE0A3F5905380
S31508028D28292222FA03F303F00103002B14BF0123B5
S31508028D380023DBB2002B0DD00FE0009B802B0ED050
S31508028D48009BC02B0BD0009BB3F5807F07D06FF032
S31508028D5886030EE06FF085030BE000BF00E000BF54
S31508028D68009B03F00703002B02D06FF0860300E08E
S31508028D780023184602B0704700B583B001900091E7
S31508028D88019B1B6A002B02D06FF08A0311E0009937
S31508028D980120FFF725FA0246019B1A62019B1B6A04
S31508028DA8002B02D16FF08C0303E0019B009A5A62EA
S31508028DB80023184603B05DF804FB00B587B0039094
S31508028DC80291019201990398FFF7D6FF0590059B30
S31508028DD8002B01D0059B07E0039B1B6A019A02999F
S31508028DE8184608F016FB0023184607B05DF804FB78
S31508028DF800B587B003900291019200936FF096032B
S31508028E080593039B1B88ADF81230019B002B02D1F0
S31508028E186FF0850344E0BDF812301846FFF72BFFBA
S31508028E280346002B3AD00A9B1B68002B03D1019BE9
S31508028E38DA000A9B1A60039B1A880A9B1B6819465A
S31508028E481046FFF74FFF0590059B002B01D0059B9F
S31508028E5826E00A9B1B680733DB08019A9A4202D066
S31508028E686FF086031CE00A9B1B680733DB08089A1F
S31508028E789A4202D26FF0890312E00A9B1B680733EB
S31508028E88DB081A460299009808F0C3FA0A9B1B6877
S31508028E980733DA08099B1A60002301E06FF0850395
S31508028EA8184607B05DF804FB00B587B0039002912F
S31508028EB8019200936FF0960305930023049302998F
S31508028EC8039801F04CFB0590059B002B01D0059BE6
S31508028ED832E0029B1B680493049B1B8803F4E04355
S31508028EE8B3F5804F03D1019B23F001030193049B39
S31508028EF89A68019B1340019A9A4203D06FF0840339
S31508028F08059312E0009B002B0CD0049B03F1080082
S31508028F18049B1B88009A1946E2F758FB0590059B9D
S31508028F28002B01D1002307E000BF029B00221A602A
S31508028F38049801F0B1FB059B184607B05DF804FBD7
S31508028F4800B583B00190019B1B6A002B07D0019BD1
S31508028F581A6A019B5B6A19461046FFF723FB019BAF
S31508028F6800221A62019B00225A620023184603B09D
S31508028F785DF804FB00B585B001900198FFF7E0FF9C
S31508028F880390019B1B7E032B1ADC022B04DA002BA7
S31508028F9812D0012B08D013E0019BDB69012B13D0F1
S31508028FA86FF0960303930FE0019BDB69002B0DD044
S31508028FB86FF09603039309E06FF09603039306E0AE
S31508028FC86FF09603039302E000BF00E000BF282271
S31508028FD80021019808F012FA039B184605B05DF8B5
S31508028FE804FB00B587B00190002305930198FFF7A3
S31508028FF8F9FA0346002B01D000233CE003AB1946D5
S31508029008019801F0ACFA0490049B002B01D0049B4A
S3150802901831E0039B032202211846FFF707FE059053
S31508029028059B002B19D1039B5B68DBB2FF2B03D187
S315080290386FF08403059313E0039B5B68DBB2002B8E
S315080290480DD0039B5B69184601F0F3FB0490059B58
S31508029058002B04D1049B059302E000BF00E000BF81
S31508029068039B184601F0E5FA0490049B002B01D0ED
S31508029078049B0593059B184607B05DF804FB30B5B3
S3150802908885B0019000916FF096030393009800F05B
S3150802909886FF02A9002300220198FFF705FF03901D
S315080290A8039B002B01D0039B0EE0029B009A1446F1
S315080290B81D460FCD0FC495E8030084E80300029BFA
S315080290C8184601F0E9FA0346184605B030BD00B558
S315080290D885B00390029101920093029A009B9A42E4
S315080290E802D96FF0890312E0029A0399019808F0E7
S315080290F890F9019A029BD018009A029BD31A1A462B
S31508029108002108F07BF9069B029A1A600023184682
S3150802911805B05DF804FB00B589B005900491039281
S315080291280293059B1B88ADF81E30BDF81E301846FB
S31508029138FFF7A1FD0346002B19D1BDF81E3023F40B
S31508029148405344F20102934211D0BDF81E3023F46B
S31508029158435323F03F03B3F5824F08D0BDF81E30B8
S3150802916823F4435323F03F03B3F5844F09D10B9BEA
S3150802917800930A9B029A03990498FFF7A8FF0346E5
S3150802918801E06FF08503184609B05DF804FB00B5DF
S315080291988BB005900491039202936FF09603099394
S315080291A86FF09603089300230793039B002B02D1BB
S315080291B86FF089032BE0029B00221A6006A9002396
S315080291C801220598FFF770FE0990099B002B01D02A
S315080291D8099B1CE0049B0793069B1846069B196A7B
S315080291E8069B5A6A029B0193039B0093079BFFF708
S315080291F8FEFA0990069B184601F04EFA08900023D3
S315080292080793099B002B01D1089B00E0099B184686
S315080292180BB05DF804FB00B589B00590049103927A
S315080292280293059B1B88ADF81E30BDF81E3003F461
S31508029238E043B3F5804F23D1BDF81E3023F44053DB
S3150802924844F20102934211D0BDF81E3023F4435367
S3150802925823F03F03B3F5824F08D0BDF81E3023F436
S31508029268435323F03F03B3F5844F09D10B9B00936D
S315080292780A9B029A03990498FFF729FF034624E0F2
S31508029288BDF81E3023F4405344F20102934202D138
S315080292986FF0850319E0BDF81E3023F4435323F013
S315080292A83F03B3F5824F02D16FF085030DE0BDF88F
S315080292B81E3023F4435323F03F03B3F5844F02D1F8
S315080292C86FF0850301E06FF08503184609B05DF86B
S315080292D804FB00B58BB005900491039202936FF0D4
S315080292E8960309936FF09603089300230793039B43
S315080292F8002B02D16FF0890335E0029B00221A601F
S3150802930806A9002300220598FFF7CEFD0990099BB6
S31508029318002B01D0099B26E0049B0793069B1B8812
S3150802932803F48043002B03D16FF0860309930DE0FB
S31508029338069B1846069B196A069B5A6A029B01935C
S31508029348039B0093079B00F09BFF0990069B184610
S3150802935801F0A2F9089000230793099B002B01D173
S31508029368089B00E0099B18460BB05DF804FB82B01F
S315080293780190019B1B6823F47F4323F00303002B08
S3150802938802D06FF0860300E00023184602B0704741
S3150802939800B587B0019000916FF08603059301988E
S315080293A8FFF732F904900198FFF727F90390009915
S315080293B8049801F080F90590059B002B01D0059BBE
S315080293C837E0049801F088F90590059B002B01D02F
S315080293D8059B2EE0049BDBB2002B05D1039B002BD1
S315080293E810D06FF0860324E00198FFF706F90346C2
S315080293F80021184601F000F80346002B02D16FF047
S31508029408860316E0019B08331846FFF7B0FF059056
S31508029418059B002B01D0059B0BE00198FFF702F983
S3150802942803464FF6F872934202D96FF0850300E0B5
S315080294380023184607B05DF804FB30B589B00291D7
S315080294480192009303468DF80F30009B00221A609A
S3150802945800990298FFF79CFF0790079B002B01D0FB
S31508029468079B2CE0029B5B68DBB2002B0CBF01232F
S315080294780023DBB20693069B002B01D004AB00E05F
S31508029488002301991846E2F781FD0790079B002BEE
S3150802949801D0079B13E0019B1B680593059A029B5B
S315080294A814461D460FCD0FC495E8030084E8030049
S315080294B8069B002B02D0049A059B5A61002318467C
S315080294C809B030BD00B587B0039002910192002316
S315080294D80593039B5B68DBB2002B08D00398039BB2
S315080294E8196A039B5B6A1A4601F093FA0590059B6B
S315080294F8002B0FD1039B5A69019B1A60022201218C
S315080295080398FFF793FB0590059B002B02D0019B56
S3150802951800221A60059B184607B05DF804FB00B5D9
S3150802952883B001900091019B002B03D00198FFF7A5
S3150802953821FD00E000BF03B05DF804FB82B001908C
S315080295480091009B1B88002B08D0009B1A88019B58
S315080295581B889A4202D06FF086030DE0009B5B884F
S31508029568002B08D0009B5A88019B5B889A4202D036
S315080295786FF0860300E00023184602B0704700B56C
S315080295888FB0079006910592049300230C93002343
S315080295980B9300230A93059B0893049B00221A60DF
S315080295A8059B002B02D16FF086038BE0059BB3F16E
S315080295B8005F02D36FF0850384E0069B0C930AAB1F
S315080295C80BAA07990020FFF738FF0D900D9B002B71
S315080295D863D10B9B1B6A002B1BD1079B5B6818463A
S315080295E8FFF73DFB0346002B09D008AB059A0C99F1
S315080295F80798FFF73AF80D900D9B002B4FD10B9B56
S31508029608089A11461846FFF7B7FB0D900D9B002BD3
S3150802961847D10B9B5B8809930B9B186A0B9B5B6A62
S315080296280B9A243209A90291019200930346059AD4
S315080296380C990798FFF790F80D900D9B002B32D1DD
S315080296480B9B5B88002B04D1099A0B9B92B25A8012
S3150802965809E00B9B5B881A46099B9A4203D06FF06E
S3150802966886030D9322E0099B4FF6F872934203D9B3
S315080296786FF085030D9319E00B9B07991846FFF7B8
S315080296885DFF0D900D9B002B0FD10B9B0A99049A2F
S315080296981846FFF717FF0D9008E000BF06E000BF5F
S315080296A804E000BF02E000BF00E000BF00230C93FD
S315080296B80D9B002B05D00B9B0A9A11461846FFF7F5
S315080296C82EFF0D9B18460FB05DF804FB00B585B052
S315080296D80190019B1B68002B01D100230FE001981A
S315080296E8FFF72DFA0390019B00221A71019A537902
S315080296F86FF300035371019B00221A60039B1846F5
S3150802970805B05DF804FB00B58BB005900491039289
S3150802971802936FF0960309936FF096030893002352
S315080297280793059B1B68002B03D06FF088030993E0
S3150802973849E0029B002B02D04FF4806201E04FF405
S31508029748006207A9039B0498FFF7AEFB0990099BD9
S31508029758002B35D1079B1946059B04331A460398ED
S31508029768E1F7FCFF0990099B002B2BD1029B03F01A
S315080297780103D9B2059A537961F300035371029B1F
S31508029788002B0ED0079B1846079B1A6A079B596A2D
S31508029798039B00930B4601460598FFF7F3F80990D1
S315080297A811E0079B1846079B1A6A079B596A039B87
S315080297B800930B4601460598FFF72DF9099002E032
S315080297C800BF00E000BF099B002B02D00598FFF7EF
S315080297D87DFF079B184600F05FFF0890099B002B40
S315080297E801D1089B00E0099B18460BB05DF804FBFB
S315080297F800B585B00390029101920123019A029954
S315080298080398FFF780FF0346184605B05DF804FB80
S3150802981800B587B00390029101926FF096030593FB
S3150802982800230493039B1B68002B04D16FF088035B
S315080298380593059B17E0019B002B03D1002305938B
S31508029848059B10E0029B0493019A04990398FFF773
S315080298582BF90590059B002B02D00398FFF736FFD4
S3150802986800230493059B184607B05DF804FB00B568
S3150802987889B003900291019200936FF096030793B9
S315080298886FF09603069300230593029B0593039BA1
S315080298981B68002B03D16FF08803079325E0039B07
S315080298A85B7903F00103DBB2002B03D16FF088035F
S315080298B807931AE0039B1B79002B03D16FF08803E1
S315080298C8079312E0039B1B791A46019B934203D21C
S315080298D86FF08903079308E0039B1B791A46009BD6
S315080298E805990398FFF704F90790079B002B05D0FB
S315080298F8009B019A1A60039B00221A71059B002B8A
S3150802990806D0009B1B68019A07990598FFF7CBF9B9
S315080299180398FFF7DBFE069000230593079B002BA7
S3150802992801D1069B00E0079B184609B05DF804FBBF
S3150802993810B58EB009900891079206936FF09603B0
S315080299480D936FF096030C9300238DF82B30139B17
S31508029958002B02D04FF4806201E04FF400620BA993
S31508029968089B0998FFF7A0FA0D900D9B002B2DD19D
S315080299780B9B19460DF12B031A460898E1F7EEFEDA
S315080299880D900D9B002B23D19DF82B301A46119B5F
S31508029998934203D26FF089030D931AE00B9B1C4678
S315080299A80B9B196A0B9B5A6A9DF82B301846129B11
S315080299B804930390109B0293069B0193079B0093BB
S315080299C8089B2046FEF796FF0D9002E000BF00E0CE
S315080299D800BF0D9B002B05D0129B119A1A60002313
S315080299E88DF82B30129B1B68119A0D991098FFF760
S315080299F85AF90B9B184600F04FFE0C900D9B002B4C
S31508029A0801D10C9B00E00D9B18460EB010BD00B59F
S31508029A188DB007900691059204936FF096030B93FF
S31508029A2800230A9300230993059B0A930E9B09931D
S31508029A3801230393109B02930F9B0193099B00939F
S31508029A48049B0A9A06990798FFF772FF0B90002358
S31508029A580A93002309930B9B18460DB05DF804FB7D
S31508029A6882B001900091019B1B68002B01D000234C
S31508029A7805E0009B002B01D0002300E001231846CD
S31508029A8802B0704784B003900291019200936FF076
S31508029A988503184604B0704700B58BB0099008913B
S31508029AA807920693099B03F0FE43B3F1106F09D197
S31508029AB8099B23F01F6323F4702343F00063B3F171
S31508029AC8006F02D06FF0850312E00898089B196A9E
S31508029AD8089B5A6A0E9B04930D9B03930C9B02934D
S31508029AE8069B0193079B0093099BFFF746F80346D3
S31508029AF818460BB05DF804FB00B58FB007900691BF
S31508029B08059204936FF096030D936FF096030C93E0
S31508029B180023089300230B9300230A93109B0A93A6
S31508029B28079B03F0FE43B3F1106F03D06FF0860369
S31508029B380D9338E008A9079B4FF480420698FFF769
S31508029B48B3F90D900D9B002B2CD1089B1B8823F08B
S31508029B58FF03B3F5E24F06D0089B1B8823F0FF03E1
S31508029B68B3F5E44F04D1089B5B880733DB0800E0AA
S31508029B7800230993119A099B9A4203D26FF0890323
S31508029B880D9310E0059B0B930899129B0293119B60
S31508029B9801930A9B0093049B0B9A0798FFF77CFF8D
S31508029BA80D9000E000BF0A9B002B09D00D9B002BE5
S31508029BB806D011990A98E1F76DFF129B119A1A6055
S31508029BC80A9B002B02D1129B00221A60089B184690
S31508029BD800F062FD0C9000230B9300230A930D9B59
S31508029BE8002B01D10C9B00E00D9B18460FB05DF8BF
S31508029BF804FB00B583B0019008220021019807F0FA
S31508029C08FDFB00BF03B05DF804FB00B583B0019005
S31508029C1808220021019807F0F1FB00BF03B05DF89E
S31508029C2804FB82B001900023184602B0704700B5BB
S31508029C3885B00190009100230393019B0393009931
S31508029C480398E1F727FF029000230393029B18461D
S31508029C5805B05DF804FB00B585B003460091ADF87A
S31508029C6806306FF096030393BDF806301846FFF7D9
S31508029C7802F80346002B0BD0BDF8063000991846A1
S31508029C88FFF730F80390039B002B16D0039B15E0C9
S31508029C98BDF8063023F4435323F03F03B3F5824F46
S31508029CA808D1BDF8063003F4E043B3F5E04F01D115
S31508029CB8002303E06FF0850300E00023184605B089
S31508029CC85DF804FB00B587B00390029101920093F0
S31508029CD86FF096030593039B1B88ADF81230BDF8FF
S31508029CE812301846FEF7C7FF0346002B09D0099912
S31508029CF80898E1F7CFFE0590059B002B04D0059B33
S31508029D0803E06FF0850300E00023184607B05DF804
S31508029D1804FB00B58DB007900691059204930023BB
S31508029D280A93002309930E9B00221A600798FEF7E6
S31508029D3879FC0346002B02D16FF08603F9E0079BEC
S31508029D481B8803F4E043B3F5804F02D16FF086030C
S31508029D58EFE004990698FFF783FE0346002B02D123
S31508029D686FF08603E5E009AB0AAA07990120FFF70F
S31508029D7864FB0B900B9B002B40F0BE800A9B1B6A68
S31508029D88002B40F0A180079B5B681B0A002B40F05A
S31508029D988880079B1A88079B5B8819461046FFF72F
S31508029DA85AFF0B900B9B002B40F0A880079B1B8839
S31508029DB803F4E043B3F5805F06D0079B1B8803F4D8
S31508029DC8E043B3F5005F04D1079B5B880733DB08DA
S31508029DD865E0079B1B8823F4435323F03F03B3F537
S31508029DE8844F04D1079B5B880733DB0857E0079B38
S31508029DF81B8847F2010293420AD1079B5B885B08D4
S31508029E089BB20133DA081346DB0013443B3346E0B8
S31508029E18079B1B8844F20102934205D1079B5B887C
S31508029E28DB089BB210333AE0079B1B8847F202020B
S31508029E38934209D1079B5B88DB089BB21A461346ED
S31508029E485B0013445A332AE0079B1B8844F2020232
S31508029E58934209D1079B5B88DB089BB21A461346CD
S31508029E685B0013444A331AE0079B1B8823F0FF0357
S31508029E78B3F5E24F04D1079B5B880733DB080EE08C
S31508029E88079B1B8823F0FF03B3F5824F06D1079B6E
S31508029E985B880733DB085B00013300E0002308937D
S31508029EA808E008AB1946079800F09AF80B900B9B3E
S31508029EB8002B25D10A9B089A11461846FEF75CFF1D
S31508029EC80B900B9B002B1DD10A9B1B6A0A9A526A96
S31508029ED80A992431029101920093049B059A0699DC
S31508029EE80798FEF7E9FB0B900B9B002B0CD00A9BF5
S31508029EF81846FFF725F808E000BF06E000BF04E0A9
S31508029F0800BF02E000BF00E000BF0B9B002B06D192
S31508029F180A9B09990E9A1846FFF7D4FA0B900B9BD7
S31508029F28002B05D00A9B099A11461846FFF7F7FA35
S31508029F380B9B18460DB05DF804FB00B583B0E1F734
S31508029F485FF80346002B01D0002324E00120E1F73D
S31508029F5815FF0190019B002B12D10220E1F70EFF93
S31508029F680190019B002B0DD10320E1F707FF019011
S31508029F78019B002B08D10420E1F700FF019004E0B9
S31508029F8800BF02E000BF00E000BF019B002B01D022
S31508029F98E1F7B4FE019B184603B05DF804FB00B569
S31508029FA883B0019018220021019807F027FA00BF0A
S31508029FB803B05DF804FB82B00190019B5B68184602
S31508029FC802B0704782B00190019B1B88184602B0FE
S31508029FD8704782B00190019B5B88184602B07047A9
S31508029FE800B587B0019000910198FFF7E4FF034690
S31508029FF81B0A04930198FFF7E5FF0346ADF80E30EE
S3150802A0080198FFF7E6FF029000230593049B002BAD
S3150802A01804D0049B012B00F0828028E1BDF80E309B
S3150802A02803F4E043B3F5805F06D0BDF80E3003F4B7
S3150802A038E043B3F5005F03D1029B0733DB0858E018
S3150802A048BDF80E3023F4435323F03F03B3F5844F88
S3150802A05803D1029B0733DB084BE0BDF80E3047F203
S3150802A0680102934208D1029B5B080133DA081346B8
S3150802A078DB0013443B333CE0BDF80E3044F20102E0
S3150802A088934203D1029BDB08103332E0BDF80E3047
S3150802A09847F20202934206D1029BDA0813465B008C
S3150802A0A813445A3325E0BDF80E3044F202029342AD
S3150802A0B806D1029BDA0813465B0013444A3318E0B2
S3150802A0C8BDF80E3023F0FF03B3F5E24F03D1029B26
S3150802A0D80733DB080DE0BDF80E3023F0FF03B3F5AE
S3150802A0E8824F05D1029B0733DB085B00013300E088
S3150802A0F800230593059B002B09D0BDF80E3023F0E3
S3150802A108FF03B3F5824F05D1059B012B02D16FF0E8
S3150802A1188503B1E0009B059A1A600023ACE0BDF8F6
S3150802A1280E3003F4E043B3F5805F06D0BDF80E306F
S3150802A13803F4E043B3F5005F03D1029B0733DB0858
S3150802A14858E0BDF80E3023F4435323F03F03B3F522
S3150802A158844F03D1029B0733DB084BE0BDF80E3068
S3150802A16847F20102934208D1029B5B080133DA08D7
S3150802A1781346DB0013443B333CE0BDF80E3044F289
S3150802A1880102934203D1029BDB08103332E0BDF881
S3150802A1980E3047F20202934206D1029BDA081346A8
S3150802A1A85B0013445A3325E0BDF80E3044F2020226
S3150802A1B8934206D1029BDA0813465B0013444A33D4
S3150802A1C818E0BDF80E3023F0FF03B3F5E24F03D1CA
S3150802A1D8029B0733DB080DE0BDF80E3023F0FF03B8
S3150802A1E8B3F5824F05D1029B0733DB085B000133BF
S3150802A1F800E000230593059B002B09D0BDF80E3015
S3150802A20823F0FF03B3F5824F05D1059B012B02D133
S3150802A218009B1B680593BDF80E3023F0FF03B3F5C0
S3150802A228824F02D1059B013B0593059B033323F015
S3150802A23803030593029B0733DB0803F00303002B8A
S3150802A24803D1029B0733072B09D8BDF80E3023F032
S3150802A258FF03B3F5824F02D1059B04330593059B89
S3150802A2682C330593009B059A1A60002304E0009B89
S3150802A27800221A606FF08603184607B05DF804FBD9
S3150802A28800B589B005900491039202936FF086038C
S3150802A29807930598FFF78FFE03461B0A0693069B44
S3150802A2A8002B03D0069B012B1DD028E00B9B01939C
S3150802A2B80A9B0093029B039A04990598FDF736FBB5
S3150802A2C80790079B13F1860F01D0079B18E00B9B93
S3150802A2D801930A9B0093029B039A04990598FEF731
S3150802A2E89AFF03460CE00B9B01930A9B0093029B79
S3150802A2F8039A04990598FDF724F9034600E0079B93
S3150802A308184609B05DF804FB82B001900091019ADB
S3150802A318009B9A420CBF01230023DBB2184602B0FF
S3150802A328704782B00190019B1B6803F48053002B87
S3150802A33805D0019B1B6843F48062019B1A60019B46
S3150802A3481B6803F40053002B05D0019B1B6843F4D2
S3150802A3580062019B1A6000BF02B0704782B0019082
S3150802A368019BDB69002B14BF01230023DBB21846C5
S3150802A37802B0704782B001900B468DF80330134637
S3150802A3888DF80230019B1B7E9DF803209A4202D063
S3150802A3986FF0960304E0019B9DF802201A760023C3
S3150802A3A8184602B0704782B00190019B1B7E022BA9
S3150802A3B804D1019BDB69B3F1FF3F02D16FF0960323
S3150802A3C805E0019BDB695A1C019BDA6100231846E2
S3150802A3D802B0704782B00190019B1B0A002B14BF7A
S3150802A3E801230023DBB2184602B0704782B00190F7
S3150802A3F80423184602B0704784B001900091019B65
S3150802A4080393039B002B05D0039BB3F1804F01D21C
S3150802A41801230CE0009B002B08D0039BB3F1804F65
S3150802A42804D3039B002B01DB012300E00023184613
S3150802A43804B0704700B587B0019000916FF0960393
S3150802A4480593019B0293002303930298E1F716FDED
S3150802A4580346002B1AD00298E1F730FD0390039BB6
S3150802A468002B0FD0039B1B7E022B0BD1039B5B6928
S3150802A47819460198FFF748FF0346002B02D0002326
S3150802A488059331E06FF08B0305932DE001210198BE
S3150802A498FFF7B2FF0346002B02D16FF0870331E0BC
S3150802A4A80023049313E00498E1F718FD0390039B2D
S3150802A4B81B7E022B08D1039B5B6919460198FFF795
S3150802A4C823FF0346002B06D1049B01330493049BFE
S3150802A4D8032BE8D900E000BF049B032B01D800230D
S3150802A4E801E06FF08B030593059B002B09D10398AE
S3150802A4F8FFF759FF0590059B002B02D1009B039A8B
S3150802A5081A60059B184607B05DF804FB00B587B0C4
S3150802A5180190002305930023049300230393019BC8
S3150802A52803AA04A9184600F0BAFA0590059B002B57
S3150802A53809D1049B039A19460198FEF73EFC059031
S3150802A548059B002B00E000BF049B039A1146184698
S3150802A55800F099FA059B184607B05DF804FB00B5A2
S3150802A56885B0019000916FF096030393009B002231
S3150802A5781A60E1F795FC0346002B02D16FF08803AF
S3150802A58853E000990198FFF755FF0390039B13F1CF
S3150802A5988C0F01D0039B48E000990020E1F7F6FCEE
S3150802A5A80390039B002B01D0039B3EE0009B1B688C
S3150802A5B8019A5A61009B1B6801225A606FF08B0345
S3150802A5C80393039B13F18C0F05D1009B1B6818464E
S3150802A5D8FFF79CFF0390039B002B0CD0009B1B687C
S3150802A5E81846FEF7C7FC039B13F18C0F16D16FF0BA
S3150802A5F88703039312E0009B1B6808331846FFF784
S3150802A60890FE009B1B68022201211846FFF7B2FE3C
S3150802A618009B1B681846FFF7C6FE0390039B002B90
S3150802A62802D0009B00221A60039B184605B05DF803
S3150802A63804FB00B583B00190019B002B01D10023CE
S3150802A64826E0019B1B7E022B06D0019B1B7E032B51
S3150802A65802D06FF096031BE0019B1B7E032B08D1E1
S3150802A668019BDB69012B04D10198FEF783FC03469B
S3150802A6780EE00198FFF772FE0346002B06D0019BEF
S3150802A688DB695A1E019BDA61002301E06FF0960323
S3150802A698184603B05DF804FB00B585B001906FF063
S3150802A6A8960303930198FFF7C4FF0390039B184682
S3150802A6B805B05DF804FB00B583B0019000910198D6
S3150802A6C8FFF788FE0346002B01D0002300E000238B
S3150802A6D8184603B05DF804FB82B00190019BDBB211
S3150802A6E8002B01D1002307E0019BDBB2FF2B02D125
S3150802A6F86FF0860300E00023184602B0704730B4AC
S3150802A70882B00190019B00221C46154622462B461A
S3150802A7181046194602B030BC704700B58DB0059090
S3150802A728049103920598FFF7EAFFCDE90A01002387
S3150802A738069307AB1A46DDE90A01FCF7C7FA099038
S3150802A748099B002B01D0099B12E006AB0193049BD7
S3150802A7580093039B0022DDE90A01DDF72DFB099028
S3150802A768069B039A9A4202D06FF0980300E0099B67
S3150802A77818460DB05DF804FB00B589B0019001983A
S3150802A788FFF7BDFFCDE9060103AB1A46DDE9060167
S3150802A798FCF79CFA0590059B13F18C0F01D100234F
S3150802A7A800E00123184609B05DF804FB00B58DB030
S3150802A7B80590049103920598FFF7A1FFCDE90801D0
S3150802A7C80598FFF7D9FF0346012B02D16FF08A03D2
S3150802A7D82BE000230093049B039ADDE90801DDF7C1
S3150802A7E853FA0B900B9B002B02D06FF098031CE0D0
S3150802A7F806AB1A46DDE90801FCF768FA0B900B9BCB
S3150802A808002B07D1069B039A9A4205D06FF0980344
S3150802A8180B9302E000BF00E000BF0B9B002B03D09E
S3150802A828DDE90801DDF762FB0B9B18460DB05DF8FA
S3150802A83804FB00B589B001900198FFF760FFCDE9DE
S3150802A848060103AB1A46DDE90601FCF73FFA05904D
S3150802A858059B13F18C0F01D1002318E0DDE90601E7
S3150802A868DDF744FB0346002B02D06FF098030EE08F
S3150802A87803AB1A46DDE90601FCF728FA0590059B9B
S3150802A88813F18C0F02D06FF0980300E000231846E4
S3150802A89809B05DF804FB00B589B0019000910198EA
S3150802A8A8FFF72DFFCDE9060103AB1A46DDE90601D6
S3150802A8B8FCF70CFA0590059B002B01D0059B03E0D3
S3150802A8C8039A009B1A600023184609B05DF804FB30
S3150802A8D800B597B00390029101920093039B1593D2
S3150802A8E8029B232B02D86FF098038EE00398E1F7B0
S3150802A8F845FC1490149B002B01D0149B85E0159BEC
S3150802A90808331293129B1B680493049B1393139B95
S3150802A918002B02D06FF0980377E0159B203311932A
S3150802A928119B1B680593059A009B1A60009B1A6877
S3150802A938029B243B9A4204D8009B1B68B3F5005F26
S3150802A94802D36FF0980360E0009B1B68002B03D1C3
S3150802A958019B00221A6019E0009B1B681946012010
S3150802A968FDF73EFC0246019B1A60019B1B68002BF9
S3150802A97802D16FF08C0348E0019B1868159B03F116
S3150802A9882401009B1B681A4606F043FD159B0C33E7
S3150802A9980B930B9B1B680A930A9A189B5A60159B7A
S3150802A9A810330C930C9B1B889BB2ADF82630BDF866
S3150802A9B82620189B1A80159B12330D930D9B1B880C
S3150802A9C89BB2ADF82430BDF82420189B5A80159BF3
S3150802A9D814330E930E9B1B680893089A189B9A6061
S3150802A9E8159B143304330F930F9B1B680793079A17
S3150802A9F8189BDA60159B143308331093109B1B684F
S3150802AA080693069A189B1A610023184617B05DF82A
S3150802AA1804FB00B589B0039002910192029B002BB0
S3150802AA2802D0019B002B02D16FF0860327E0019B17
S3150802AA38B3F5005F02D36FF08D0320E0019B243340
S3150802AA48079307990120FDF7CBFB0690069B002B77
S3150802AA5802D16FF08C0312E0069B039A01990298B9
S3150802AA68E1F718FB039B5B69079A06991846FFF7ED
S3150802AA789DFE059007990698FDF794FD059B1846CD
S3150802AA8809B05DF804FB00B583B0019000910099FE
S3150802AA980198FDF787FD00BF03B05DF804FB00B512
S3150802AAA88BB0059004910392002309930023069319
S3150802AAB8059B5B69089306AB19460898FFF7EBFEF0
S3150802AAC80990099B002B01D0099B36E0069B19467B
S3150802AAD80120FDF785FB0790079B002B02D16FF033
S3150802AAE88C032AE0069B1A4607990898FFF715FE6B
S3150802AAF80990099B002B17D10699059B0093039B7E
S3150802AB08049A0798FFF7E4FE0990099B002B0DD1D2
S3150802AB18049B1B68002B03D0039B1B68002B05D1DB
S3150802AB286FF09103099302E000BF00E000BF069B9D
S3150802AB3819460798FDF736FD099B18460BB05DF8C6
S3150802AB4804FB50E8003F0B4340E80032002AF8D1DC
S3150802AB587047C94350E8003F0B4040E80032002AD4
S3150802AB68F8D17047431E032B06D8DFE803F0020420
S3150802AB78020403207047042070477047CB691847B8
S3150802AB88704770470020704770474FF000007047BB
S3150802AB9800207047704770470020704700207047AA
S3150802ABA80020704700207047002070470020704731
S3150802ABB8002070477047704700207047002070478A
S3150802ABC870477047704770470020704700207047E3
S3150802ABD870477047704711207047002070477047C2
S3150802ABE8002070470020704770477047002070475A
S3150802ABF870474FF0FF30704700207047704770471C
S3150802AC0800207047002070474FF0FF307047112028
S3150802AC1870470020704701207047002070470020BF
S3150802AC2870470020704770477047704701F010BA9E
S3150802AC3838B504460AF06AF9D4E90C1205462046DC
S3150802AC48E1F7B2FAA18CE28CE060521A40F271215D
S3150802AC5801FB020303F59C53083328462361BDE822
S3150802AC6838400AF045B908B52030FFF76AFFBDE84B
S3150802AC7808404FF08050EBF7D9BC38B50D46044664
S3150802AC880830E3F735F9294600252046E5F71EFB7D
S3150802AC98606CE56110B1E2F7BDFA656404F1540027
S3150802ACA8BDE8384006F043BE38B5044619B390F8ED
S3150802ACB828208AB190F829300133DBB29A4280F803
S3150802ACC8293009D10121FFF7D8FF4FF080712046B4
S3150802ACD8BDE83840FFF7C7BF236ADA030BD5E36A2C
S3150802ACE862689B1A002B06DA01212046FFF7C5FF80
S3150802ACF84FF08061EBE7236A1B0426D402F085FD30
S3150802AD081123B0FBF3F303EB0313C01A94F961306A
S3150802AD1885B213FA80F0102888BFC5F110056DB2FE
S3150802AD28083B2B4484F8613020460121E5F7CEFA20
S3150802AD3840F27121A28C63682A4401FB0233204639
S3150802AD486360BDE83840E5F773BA0025ECE72DE9F4
S3150802AD58F84F1D46C3698846044616460C9F9DF851
S3150802AD6838909DF840B09DF848109DF850A0002BE1
S3150802AD7840F0C880EB0600F1B68005F00303032B02
S3150802AD8808BF05F0FD0505F0F705BDF83C30A8062D
S3150802AD98A4F862309DF8540048BF05F0FC05FFF791
S3150802ADA8E1FE47F6FF731BF0020F84F86600A4F863
S3150802ADB87C3040F09B801BF0040F00F0998000F06D
S3150802ADC8FD00012814BF0323042394F883209DF861
S3150802ADD8580063F3030284F88320FFF7C3FE47F695
S3150802ADE8FF738A0784F86700A4F88C3000F182801A
S3150802ADF84B0740F1818000F0FD00012814BF0321AA
S3150802AE08042194F89330A06E61F3030384F893300F
S3150802AE18FFF7E0FE00222046216BE1F7C5F940F26A
S3150802AE287123734398426FD849F6FF7104F12000DB
S3150802AE38FFF78FFEFF2384F84B30BAF1000F03D0D1
S3150802AE48236A43F480532362290705D50626B046A2
S3150802AE58236A43F484132362236A6A0723F4C043E2
S3150802AE6823620CD419F0010F1CBF43F40053236262
S3150802AE78236A19F0020F1CBF43F480432362236A2C
S3150802AE88A4F848502B43236204F15B03B7B33A6824
S3150802AE98C4F85B20BA889A809DF82C30012B03D116
S3150802AEA84FF48061FFF74DFE236A9DF8282023F4A4
S3150802AEB8407343EA0223236202F0A7FC9DF84C304A
S3150802AEC8C0F30B0040EA03309DF83430A4F870004A
S3150802AED8A4F824802046E68484F82A30FFF7A8FED8
S3150802AEE80020BDE8F88F01218B464EE702236CE75E
S3150802AEF801236AE7022184E7012182E7C4F85B7025
S3150802AF089F80D1E70C20ECE74520EAE72DE9F743CD
S3150802AF18894617460446019330B901A806F007FD83
S3150802AF28422003B0BDE8F083012920D0022910D0B7
S3150802AF3889B9C369C3B900F130054FF40036236AE3
S3150802AF48D9061ED55A0726D501A806F0F0FC002010
S3150802AF58E7E7806E20B901A806F0E9FC0C20E0E7CD
S3150802AF681946FFF738FEDCE700F13805E5E7C36955
S3150802AF7823B900F134054FF48026E0E700F13C05D1
S3150802AF88F9E79B0707D5B9F1000F04D101A806F01E
S3150802AF98CEFC1220C5E704F1200840463146FFF7E1
S3150802AFA8D8FDF80702D5284606F0C1FC019921B151
S3150802AFB8284606F0A3FD00230193286806F03CFDFF
S3150802AFC8236AD90605D51F2801DC032F16D0284679
S3150802AFD8DDE740F27262904204DD284606F0A7FCD5
S3150802AFE807209EE7B9F1000F08D1BF2806DD9A07A0
S3150802AFF804D0284606F09BFC452092E72046D4E969
S3150802B0080E12E1F7D1F8E3696BB140F27122A38C0B
S3150802B0185343984207D9E38C8342EAD300F51C7056
S3150802B028B0FBF2F0A08409F071FFE36905467BB12B
S3150802B038BB070DD531464046FFF783FD6368C3F55E
S3150802B0487A7602F01EFCF04202D52046E5F75AFA4D
S3150802B058284609F04DFF7AE708B548B1CB0701D467
S3150802B068002008BD4FF400112030FFF76AFDF7E704
S3150802B0784220F6E708B548B1CB0701D4002008BD37
S3150802B0884FF400112030FFF764FDF7E74220F6E790
S3150802B098E1F776BB38B5C36904460D463BB1036A80
S3150802B0A813F0010010D194F84A30FE2B0BD004F1A4
S3150802B0B820004FF48001FFF744FD01202B68E36462
S3150802B0C8AB88A4F8503038BD0020FCE7036A10B5EF
S3150802B0D8044613F4602025D09A0307D504F13000F4
S3150802B0E806F025FCA36B23630023A363236A5B0389
S3150802B0F807D504F1340006F01AFCE36B63630023F0
S3150802B108E3634FF4602104F12000FFF722FD20468D
S3150802B118FFF78EFD0120B4F870305A1C62F30B0350
S3150802B128A4F8703010BD10B50446543006F0E6FC93
S3150802B1382046BDE810404FF00071FFF794BD012381
S3150802B14813B54189009304468389C289084601F0E2
S3150802B15856FCE0B1E279531E072B1AD86389934243
S3150802B16817D922899A4214D8237C43B9637C33B9FE
S3150802B178A37C23B9E07C10B9237D0F2B07D9607D00
S3150802B1881B3000F01F000B288CBF0020012002B0DC
S3150802B19810BD0020FBE7F8B58D790C460C354B5DDA
S3150802B1A84F1903F0400343F004034B550623B91C11
S3150802B1B87B70164600F00FF8635D002E60F386135F
S3150802B1C86355A3797A7803F102031344E371A4BF9A
S3150802B1D806367E70F8BD37B50246136A084603F482
S3150802B1E8007403F40015DB0505D474B9E3F762F9AC
S3150802B1F8204603B030BD44B9B5FA85F4D16C640962
S3150802B2080160B2F850208280F2E7019092F94B3039
S3150802B218B5FA85F4009300231A4619461846FFF725
S3150802B228F6FC6409E4E750E8003F0B4340E80032BD
S3150802B238002AF8D17047C94350E8003F0B4040E856
S3150802B2480032002AF8D1704738B50446D0F8A0006B
S3150802B25810B9D4F8A40058B194F8375106F098FBF7
S3150802B26805F00F0581B206312846E6F737F980B2A6
S3150802B27840F27122B4F8783000F548705343984280
S3150802B288B8BF184638BD38B505460C4602F071FBF4
S3150802B29820B149F640439C4228BF1C46EA68A242A6
S3150802B2A80BD240F27121B5F87A304B43934238BF34
S3150802B2B81346A34228BF23461A462A6138BD0346BF
S3150802B2C89A6A4430920404D5D3F82821998FE7F765
S3150802B2D8E7B993F86F10E7F7D9B900207047012044
S3150802B2E87047002070470020704701207047C82021
S3150802B2F87047002070470020704770477047112032
S3150802B308704770477047002070477047002070479B
S3150802B3187047012070477047704790F8852010B526
S3150802B328531C03F00F03072B28BF0023044663F3B5
S3150802B3380302034480F8852083F87E1090F8853046
S3150802B3486F2B4FEA13129EBF013262F3071380F876
S3150802B3588530FFF7E1FF94F83711204601F00F010F
S3150802B368FFF7CCFF10BD704770477047002070473B
S3150802B378002070470020704710B101F1B0007047ED
S3150802B38801F1D4007047F8307047806A7047283050
S3150802B398FFF749BF2830FFF74EBFC06A70472C30FF
S3150802B3A8FFF741BF2C30FFF746BF00F59C70704780
S3150802B3B808B50B79DB0702D4FFF7D5FF08BD91F963
S3150802B3C80510BDE80840FFF7A8BF70B540F2712618
S3150802B3D806FB01F345685643826A1D44120704466A
S3150802B3E845600ED500F14005294600F13402E3F717
S3150802B3F8A9F9334629462046BDE87040012201F0DC
S3150802B408F4BA05EB5605456070BD836A590505D435
S3150802B418D0F8A03013B15B799A0708D4D0F8A400FB
S3150802B42800B9704743799B0701D40068F8E70120F9
S3150802B438704780F87710704738B504460D46E1F725
S3150802B44801FC80B2FFF7B4FB78B14288022DA08FBF
S3150802B45811D0032D0BD0012D06D1238F626B1B0148
S3150802B468B3FBF2F3184480B238BD0122EEE74FF473
S3150802B4787A43626BF4E7638F5B00073313FB0200B8
S3150802B488F1E738B5044601F09BFC04F1A40006F07E
S3150802B4984EFA04F1A80006F04AFA04F1AC0006F0DE
S3150802B4A846FA04F1A00006F042FA2046E1F7CAFB7A
S3150802B4B8C4B22046FFF770FB05462046FFF76EFB27
S3150802B4C801462846FFF767FB38BD38B5836A04463E
S3150802B4D81B0713D50246B0F87C3052F8341F4B4383
S3150802B4E840F271214B4300F14001E3F72BF9236C33
S3150802B4F820469D08FFF7A8FE2844E06040F2712519
S3150802B508616B204601396943FFF7BDFE20460121D2
S3150802B518E4F7DCFE636BB4F87C2020465A4363687A
S3150802B52805FB02336360BDE83840E4F781BEB0F82C
S3150802B538303110B5A0F834310446E1F783FBC0B2BE
S3150802B548FFF7D5FE94F8373194F8362103F00F033E
S3150802B55804F1440102F006FA014604F5947002F071
S3150802B568A2F9B4F93421B4F930319A4209D0A36A56
S3150802B5789B0306D52046BDE810404FF40041E1F783
S3150802B58877BB10BDFFF7D3BF836A0A4600F14401A9
S3150802B598C3F34030E7F730B810B5A0F87810A0F82A
S3150802B5A87A200446FFF750FE2169E0602046BDE886
S3150802B5B81040FFF768BE38B504460D463AB94FF447
S3150802B5C8C0212830FFF737FE9DB9002038BDFFF79E
S3150802B5D89AFE98B128344FF4C0212046FFF72BFE6D
S3150802B5E81DB14FF40031FFF71EFE4FF480212046A5
S3150802B5F801E04FF40031FFF716FEE6E71120E5E70A
S3150802B6082DE9FF41836A04469B032CD5B0F930819C
S3150802B618B0F934710020E6F7CBFE8045CCBF002589
S3150802B628012502F0A4F994F83711C82201F00F018E
S3150802B638E6F7C8FE06462046E1F704FBB045B4BF5E
S3150802B64800260126002394F83711A8EB07073FB20C
S3150802B65845EA46051A46CDE90085029701F00F0123
S3150802B66880B200F0A7FC04B0BDE8F081FFF7C8BFB6
S3150802B67886307047F8B504460E4600295AD040F275
S3150802B6887123476B30465F43A7F28A277F083946F4
S3150802B698E5F734FF94F88E30851FADB29D423946D8
S3150802B6A83046A8BF1D46E5F729FF94F88F20831F61
S3150802B6B89BB29342A8BF1346F21E012AB4F8861013
S3150802B6C8B4F888202BD8B1F5296F44F29020B8BF70
S3150802B6D84FF429618142A8BF0146B2F5296FB8BF5E
S3150802B6E84FF429628242A8BF02461B2DB8BF1B2502
S3150802B6F81B2BB8BF1B23304684F8913084F8905028
S3150802B708A4F88A10A4F88C20E5F7F8FE831F9BB2E2
S3150802B718AB42A8BF2B46DBB284F89230F8BDB1F526
S3150802B728A47FB8BF4FF4A471B2F5A47FB8BF4FF48B
S3150802B738A472DAE71B23EFE72DE9F341476B4900C1
S3150802B74889B28F42044616461D463BD040F27122FC
S3150802B7584368416302FB073302FB11334360E1F78F
S3150802B76871FA4FF0000887B2334642460121384635
S3150802B7780195CDF80080FFF723FA3846FFF728FA2D
S3150802B78841463846FFF71DFA0123618F228FB142D7
S3150802B7981AD09542668700D02587238F626B1B01CC
S3150802B7A8B3FBF2F394F837112046A4F89C3001F05B
S3150802B7B80F01FFF75FFF0421204602B0BDE8F041FA
S3150802B7C8E1F756BA0023E0E79542E5D1A26A1207DD
S3150802B7D8E3D5002BE1D102B0BDE8F081F0B585B01A
S3150802B7E804460E466A4600F1860300F18E07154698
S3150802B7F818685968083303C5BB422A46F7D1186838
S3150802B808314628609B882046AB80FFF733FF9DF8B0
S3150802B8180B2094F891309A4211D1BDF80620B4F853
S3150802B8288C309A420BD19DF80A2094F890309A42A5
S3150802B83805D1BDF80420B4F88A309A4207D04FF4E5
S3150802B8488141204605B0BDE8F040E1F711BA05B0D6
S3150802B858F0BD37B5044694F88E50BDF818008D42E7
S3150802B8680BD1B4F88650954207D194F88F509D4269
S3150802B87803D1B4F8885085421DD08DF80610ADF864
S3150802B8880420019D84F88E1094F8371184F88F30B5
S3150802B898A4F88800C4F840512046A4F8862001F086
S3150802B8A80F01FFF79BFFB4F88A30A4F88630B4F87C
S3150802B8B88C30A4F8883003B030BD90F8373170B5AB
S3150802B8C803F00F03044616460D46D9B18B4219D022
S3150802B8D80122FFF716FD294600222046FFF70FFD2B
S3150802B8E894F83731204665F3030384F8373105F0AF
S3150802B8F80F01FFF773FF2046BDE870404FF48441F5
S3150802B908E1F7B6B919462046FFF768FF002EF2D1C5
S3150802B91870BDF8B51D46C36A04465B070F46164648
S3150802B92810D404212C30FFF77EFC84F89A7020463E
S3150802B938A4F89660A4F898504FF40061BDE8F84058
S3150802B948E1F796B9F8BD10B511B190F89A400C709E
S3150802B95812B1B0F89610118013B1B0F898201A806F
S3150802B968C06AC0F3800010BD4FF400412830FFF7C3
S3150802B9785ABC00F5A270704790F8370100F00F001C
S3150802B988704770B5044609F0C1FA6568064601F0BB
S3150802B99878FF2D1AB5F5FA7504D53046BDE8704014
S3150802B9A809F0A6BA40F27122636B94F870105343F1
S3150802B9B8B5FBF3F5A38FAAB29B1AA38794F86F303F
S3150802B9C8154602FB1133252193FBF1F001FB1033CF
S3150802B9D8002BB8BF5B1884F86F30B4F89C30204641
S3150802B9E89B1AA4F89C300021E4F770FC40F27122F5
S3150802B9F8636B20465D43636802FB15336360E4F7AD
S3150802BA0817FCCAE700232DE9F3474E790446B2071D
S3150802BA1858BF06F00106084648BF0326ADF80430A3
S3150802BA2858BF01360D46FFF7B0F8074607F01F0359
S3150802BA38002BE36A15BF4FF001084FF000084FF0D4
S3150802BA4803094FF002099B050CD59DF804302946CF
S3150802BA5866F3010368F345138DF804302046019A04
S3150802BA6800F097F9284605F0E7FF82464946284630
S3150802BA7805F09DFF9DF80430AA7966F3010368F379
S3150802BA8845138DF804308DF805A0BDF804300C323C
S3150802BA98AB529DF80430A91898066B7948BF8F707F
S3150802BAA843F001036B7109F031FA06462046294626
S3150802BAB850F8A47F06F022F894F846312046013356
S3150802BAC884F84631E1F7BEF880B2FFF771F880B11B
S3150802BAD84388A26A12070ED5B4F87C209A4202D97C
S3150802BAE82046FFF74EFF304602B0BDE8F04709F098
S3150802BAF8FFB90123EDE7656801F0C3FE8046E4F75E
S3150802BB08FBFC8442EFD1A5EB0805B5F57A7FEADD99
S3150802BB181FB1D4F8A030002BE5D1E4F769FFE2E7B4
S3150802BB2808B5022006F0C7F810B100F033FE012066
S3150802BB3808BD10B504464FF440712830FFF77BFB61
S3150802BB482046BDE810400021E1F776BD012310B56D
S3150802BB58A1F12002C1F1200423FA04F403FA02F23D
S3150802BB6822438B40D0E9084123400A40134314BFB5
S3150802BB780120002010BDC36A10B5044613F0080058
S3150802BB8812D00123A1F12002C1F1200023FA00F004
S3150802BB9803FA02F202438B40D4E9080103400A4039
S3150802BBA8134314BF0120002010BD10B50C46C9B2B4
S3150802BBB8FFF7E1FF70B1E2F7B1FDC4F12002A4F183
S3150802BBC82003E04001FA02F2104321FA03F318436C
S3150802BBD800F0010010BD70B504460E46E2F708FFEC
S3150802BBE809F094F905460221204684F87760E1F7B8
S3150802BBF83FF820460021E4F769FB2846BDE870406D
S3150802BC0809F076B970B504460D4609F07FF9064675
S3150802BC18E4F772FC844201D1E4F7CAFE304609F019
S3150802BC2867F929462046BDE87040FFF7D4BF0B6876
S3150802BC38C0F84031704738B540F64805D0F8403163
S3150802BC480C460B609BB2AB4204D90B21FFF7ADFF3A
S3150802BC5808B9258038BD44F290232380FAE708B547
S3150802BC6800F0C8F8E1F7A2F900F034FB00F008F88A
S3150802BC78E2F7BEFDE3F7EAFBBDE80840E3F766BC70
S3150802BC88704770B515460E461C46FFF77CFB2B68AF
S3150802BC984EB103606B6843602368C0F82530236891
S3150802BCA8C0F8153070BD83606B68C3602368C0F836
S3150802BCB829302368C0F81930F4E770B50546FFF746
S3150802BCC862FB044609F022F906464FF480712846B3
S3150802BCD8FFF75DFB4FF400612846FFF760FB304625
S3150802BCE809F006F90023284623612375236284F896
S3150802BCF82430FFF74AFB802310F0080F14BF237578
S3150802BD0884F8243070BD10B50446FFF712FF2046A2
S3150802BD18BDE810401021E0F7ABBF10B504464FF452
S3150802BD286061FFF73FFB2046BDE81040FFF701BFF9
S3150802BD387FB506460C46FFF726FB4FF4C061054653
S3150802BD483046FFF72CFB4FF400613046FFF72AFB13
S3150802BD584FF48060E2F788FC224670B9694628469D
S3150802BD68E6F7F2F96B4605F1100213F8011B02F819
S3150802BD78011DAA42F9D104B070BD6C4602F110063B
S3150802BD88234610685168083203C3B2421C46F7D1E3
S3150802BD98E8E737B50D46ADF80420FFF7F4FA044686
S3150802BDA800F12003024601992846E6F7FDF8236AB8
S3150802BDB80133236223B994F82430013384F82430F2
S3150802BDC803B030BD37B50D46ADF80420FFF7DBFAE8
S3150802BDD801990446024600F110032846E6F748F98F
S3150802BDE830B123690133236113B9237D01332375DE
S3150802BDF803B030BD08B54FF40060E2F735FC40B928
S3150802BE084FF48050E2F730FC40B9BDE80840E6F73F
S3150802BE1891BCFFF7ABFA0028F2D008BDFFF7AAFAD9
S3150802BE280028F2D0F9E741F0004141F4E021016027
S3150802BE38704707B501A8019105F079FD002003B0FE
S3150802BE485DF804FB704770470020704770477047D3
S3150802BE5810B5DC1D043383734379C47123F00303D5
S3150802BE6843F003030E244371012344738371C37396
S3150802BE780182827410BDD31CC3713E23437343796E
S3150802BE88827323F0030343F0030343710123C17347
S3150802BE98837170470F234373042383734379A0F886
S3150802BEA8111023F0030343F00303437140F20173AD
S3150802BEB8C3800123C27303747047D31CC3714379C1
S3150802BEC8417323F0030343F0030343710123827387
S3150802BED88371704708B50023FFF7BAFFBDE8084023
S3150802BEE8E2F768B82DE9F8438046022089461746DC
S3150802BEF81E4605F0E0FED0B10C234373082383736C
S3150802BF0840F601334579C38025F003059DF82030AC
S3150802BF1845F003054571A0F8108080F81290A0F83C
S3150802BF281370A0F81560C373E2F744F80120BDE858
S3150802BF38F88308B5022005F0BEFE30B101221121A8
S3150802BF48FFF799FFE2F736F8012008BDF8B5044667
S3150802BF580F46164613211D460922FFF78CFF8379D9
S3150802BF680C331C44A170E77026712B68C4F8053097
S3150802BF78AB88A4F80930BDE8F840E2F71BB870B5F3
S3150802BF88064602200D4605F096FE044668B11421B7
S3150802BF980422FFF770FF83790C331C44A170A4F8B6
S3150802BFA803606571E2F706F8012070BD08B504F06A
S3150802BFB87CFB08BD2DE9F041074602200D4690464E
S3150802BFC81E4605F078FE0446E0B109222121FFF74C
S3150802BFD852FF0A2283790C331C44BDF9183084F8B7
S3150802BFE8038093FBF2F323729DF81C30A7806372D1
S3150802BFF8BDF92030A67193FBF2F3E571A372E1F756
S3150802C008D9FF0120BDE8F08137B5044605F014FDCD
S3150802C0183E22A379C0B20C33E518E254831E6B702C
S3150802C0280D23AB70AB791C38012BE8768DF80730EF
S3150802C03809D10023E91D1A460DF10700FEF7DEFDB0
S3150802C0489DF80730AB712046E1F7B4FF03B030BD5F
S3150802C058704710B5E1F7E8FF837900210C33C41855
S3150802C068E078E0F70BF96168FEF7F6FF0446E1F7B0
S3150802C078E1FF2246BDE8104000234FF61941FFF7B3
S3150802C088E7BE10B5E1F7D0FF837900210C33C4184F
S3150802C098E078E0F7F3F86168FEF7ECFF0446E1F7A3
S3150802C0A8C9FF2246BDE8104000234FF61A41FFF79A
S3150802C0B8CFBE70B5E1F7B8FF002186790446FE209F
S3150802C0C8E0F7DCF80546E3F76BFC50B10C24E1F718
S3150802C0D8B1FF2246BDE87040002342F20501FFF788
S3150802C0E8B7BEE3F7A3FC0028F0D10C363444237A0A
S3150802C0F8E61C9B09022BE9D0012B18D9237AA11C25
S3150802C10803F03F02073443F0C00311F8010F8C42CB
S3150802C11842EA000203EA0003F7D1002AD6D0FF2B27
S3150802C128D4D055B93046E2F7EBF90024CFE73146C1
S3150802C138E2F7ACF90028E1D0C8E731462846FEF707
S3150802C148A9FF0028EED1C1E72DE9F041E1F76CFF16
S3150802C158837900250C33C418E678E1F765FF076882
S3150802C168E1F762FFA6F1FE035942594105603046D6
S3150802C178E0F784F83B4629462279FEF7C7FE0446C5
S3150802C188E1F758FF2B462246BDE8F04142F237014D
S3150802C198FFF75EBE2DE9F041E1F746FF83790025F0
S3150802C1A80C33C418E678E1F73FFF0768E1F73CFF66
S3150802C1B8A6F1FE035942594105603046E0F75EF892
S3150802C1C83B4622790121FEF7A1FE0446E1F732FF32
S3150802C1D82B462246BDE8F04142F23801FFF738BE3F
S3150802C1E82DE9F047E1F720FF83790C33C41827793C
S3150802C1F894F8038027B9B8F1010F27D0E0F7A8FA0F
S3150802C20800260534BE420ADB0025E1F713FF2A4653
S3150802C218BDE8F047002342F23901FFF719BE207834
S3150802C228B4F80150A0F1FE035942594194F8039013
S3150802C2380434E0F723F858B12A464B464146E0F754
S3150802C24881F905460028E0D10136DBE71225DCE745
S3150802C2584225DAE710B5E1F7E7FE837900210C33C0
S3150802C268C418E078E0F70AF880B1211DFEF712FF34
S3150802C27800280CBF0C240024E1F7DCFE2246BDE8A0
S3150802C2881040002342F23501FFF7E2BD4224F3E7E4
S3150802C298FE282DE9F8430646894690461F4616D0D3
S3150802C2A8022005F008FD044690B106221221FFF77E
S3150802C2B8E2FD1223A57920460C352544AB7085F88C
S3150802C2C803902E71A5F80580EF71E1F773FE012038
S3150802C2D8BDE8F883704710B5E3F762FB0446FEF734
S3150802C2E885FC2043C0B210BD38B5E1F79DFE8379B7
S3150802C2F8C17903F10C020244CB1A02200021B2F8D2
S3150802C308035005F003FE044640B9E1F793FE0722F7
S3150802C318BDE8384042F21901FFF7BCBD2846E0F7E6
S3150802C3287DFC38B12146E3F7A5F80446E1F782FE13
S3150802C3382246EDE72046F2F787F80224F6E770B5B3
S3150802C348E1F772FE83791844B0F80F60B0B2E0F7E5
S3150802C35865FC80B1002100F0CAFE0546E1F76AFECF
S3150802C368044602232A4642F21B01FFF771FDA37906
S3150802C3781C44668270BD0225F0E770B5E1F754FEE3
S3150802C38883790C33C418B4F803502846E0F746FCF8
S3150802C398A0B1611D00F0ABFE0646E1F74BFE044666
S3150802C3A80223324642F21A01FFF752FDE379234481
S3150802C3B89D72E3792D0A1C44E57270BD0226ECE7E4
S3150802C3C810B5E1F731FE83790C3318444479B0F88D
S3150802C3D80300E0F723FC60B12146E2F727FE04468C
S3150802C3E8E1F728FEE2B240F20641BDE81040FFF73F
S3150802C3F851BD0224F4E770B5E1F716FE83791844AD
S3150802C408B0F80F5008F082FD04462846E0F706FC05
S3150802C41880B11621FFF7F6FB0025204608F068FDCD
S3150802C428E1F708FE2A46BDE8704000234FF60441A4
S3150802C438FFF70EBD0225F0E7F8B5E1F7F5FD8479B1
S3150802C44805460C340444B4F80300E0F7E7FB06464D
S3150802C45840B9E1F7EFFD0222BDE8F84042F21301BE
S3150802C468FFF718BDAB79E97903F10C020220CB1A5A
S3150802C4782A44002105F04AFD014618B9E1F7DAFD12
S3150802C4880722E9E78379033383713046B4F80D50F6
S3150802C498B4F80F70E2F778FD04463A46294630465C
S3150802C4A8FFF77AF8E1F7C6FD2246D5E738B508F068
S3150802C4B82DFD0446FFF70FFF00280CBF0C250025A3
S3150802C4C8E1F7B8FD2A4642F20E01FFF703FDE3F744
S3150802C4D8E7FD2046BDE8384008F00ABD10B5E1F781
S3150802C4E8A3FD83791844B0F80F00C0B2E0F736FF07
S3150802C4F8E1F7A0FDBDE81040002342F224011A46DE
S3150802C508FFF7A6BC2DE9F843814602208846174656
S3150802C5181E4605F0D0FB044690B10A220321FFF70E
S3150802C528AAFC0023A57920460C352544EB70A5F804
S3150802C5380490A5F806802F816E81E1F73BFD01205C
S3150802C548BDE8F8832DE9F043814685B002200E46F8
S3150802C5581F469DF844808DF80F2005F0ACFB05466A
S3150802C568002844D022222921FFF785FC0022AC792B
S3150802C57830460C342C4404F10E0304F11401C4F8B1
S3150802C5880E209A806261228300913A460DF10F01C4
S3150802C598FEF735FB9DF84030A4F80490E37006F0E0
S3150802C5A80103A3719DF80F3016F0FD0FE3713B687E
S3150802C5B8A360BB88A3814FF6FF7304D0032E08BF76
S3150802C5C843464FF0FF08BDF8302028466283BDF877
S3150802C5D8342084F82180A283BDF838206384E28354
S3150802C5E89DF83C2084F82020E1F7E4FC012005B0F8
S3150802C5F8BDE8F083F8B50746022016461D4605F03B
S3150802C6085AFB044690B10C220421FFF734FCA1799F
S3150802C6189DF818300C31214420468F80C1F80660EF
S3150802C628C1F80A50CB70E1F7C5FC0120F8BD70B510
S3150802C638064602200D4605F03EFB044668B103226B
S3150802C6483021FFF73AFCA37920460C332344A3F892
S3150802C65803609D70E1F7AEFC012070BD70B5064611
S3150802C66802200D4605F027FB044688B10422082154
S3150802C678FFF723FCB5FA85F2A37952090C3323444A
S3150802C6882046A3F803605A719D70E1F793FC0120CE
S3150802C69870BD2DE9F84381460220884617461E468C
S3150802C6A805F009FB0446B0B10B220721FFF7E3FBA5
S3150802C6B8A579BDF820300C3525442046A5F80390FF
S3150802C6C8A5F80580A5F80770A5F80960A5F80B303E
S3150802C6D8E1F770FC0120BDE8F883F8B507460220A1
S3150802C6E80E46154605F0E7FA0446A0B10D220521BD
S3150802C6F8FFF7C1FBA37920460C332344A3F803703A
S3150802C708A3F80D602A68C3F805206A68C3F80920E1
S3150802C718E1F750FC0120F8BD2DE9FF4116466A46A5
S3150802C72880460F4615460A9C03F1100E9446186869
S3150802C73859680833ACE8030073456246F6D124B94A
S3150802C748022005F0B8FA044608B31D22ED21204650
S3150802C758FFF791FBA3790C332344A3F80380A3F8C4
S3150802C7680D702EB13268C3F805207268C3F809201D
S3150802C7780F3304AE2A4603CAB242186059601546F0
S3150802C78803F10803F6D12046E1F714FC012004B0A8
S3150802C798BDE8F08113B51321827901900C32841809
S3150802C7A881544FF44072C280E1F704FAA07020B9A6
S3150802C7B801A805F0BCF802B010BD8000013060700F
S3150802C7C80198E1F7F7FBF6E770B5064602200D462B
S3150802C7D805F071FA044678B104220521FFF76DFBC4
S3150802C7E80022A37920460C332344A3F803605D711B
S3150802C7F89A70E1F7DFFB012070BD13B583790190C2
S3150802C8080C33C418C05CE0F709FA20B901A805F088
S3150802C8188EF802B010BD6378019913F0300F0CBF79
S3150802C828012200228B7904338B714B7962F3000358
S3150802C8384B71E0F701FFECE72DE9F041E1F7F4FB6C
S3150802C84883790C33C418B4F803801FFA88F0E0F722
S3150802C858E5F9054600B3A2796179FEF7ACFE064604
S3150802C868E1F7E8FB07460223324642F27A01FFF766
S3150802C878EFFABB7938463B44A3F81280E1F79AFBEC
S3150802C88846B9A37933B12846FFF776F8014628460A
S3150802C898FEF73BFDBDE8F0810226E1E700F0BCBEE3
S3150802C8A850E8003F0B4340E80032002AF8D17047A7
S3150802C8B8704770B50E461546E0F7A4FB044648B914
S3150802C8C83046E0F70FF8044620B92846E5F752FE3F
S3150802C8D8044640B10020E0F795FB0020E0F702F88D
S3150802C8E80020E5F747FE204670BD4FF40010E9F729
S3150802C8F89DBEE4F761BFE1F7E5BD38B5044601F028
S3150802C90836F8054658B9C820E5F79CFDC82202211B
S3150802C9182846E5F757FD8442A8BF044624B22046AE
S3150802C928E5F790FD01F023F8BDE83840C822022150
S3150802C938E5F748BDB0F90020B1F900302DE9F0470E
S3150802C9489A4204460D4648DC08F0E0FA8046E0F7C3
S3150802C95805FC00283ED1E5F72BFD824601F007F8CB
S3150802C968C8220221E5F72EFD47F6FF73B5F900201E
S3150802C97881469A4202D1E5F73FFD288047F6FF73BA
S3150802C988B4F900209A4202D1E5F730FD2080B5F9BC
S3150802C9980000FFF7B2FFB4F9003007468342C8BF62
S3150802C9A82080B4F90000E5F72DFDFEF7A2FC06463D
S3150802C9B858B15046E5F726FD4846E5F743FD404691
S3150802C9C808F096FA3046BDE8F087E5F7F1FC2080CC
S3150802C9D82F80F4E741F20C06F1E72126F2E74368CD
S3150802C9E8143B4360A0230B6070471AB94268A2EB4E
S3150802C9F8530242600A6802EB83020A607047884259
S3150802CA0810B51BD8052819D9B1F5486F16D8B3F544
S3150802CA18FA7F13D240F67644A2F10A0080B2A042FF
S3150802CA280CD8BDF8080001339BB243434B435B005D
S3150802CA38B3EBC20F94BF0120002010BD0020FCE70B
S3150802CA48C94350E8003F0B4040E80032002AF8D1B3
S3150802CA587047002070472DE9F04104460E46002526
S3150802CA680127214685F00100FEF786FC4FF480511E
S3150802CA78FFF7E6FF8368804633B938460DB1BDE845
S3150802CA88F08101250746ECE7028AB24206D100225E
S3150802CA980121204698470028EFD1EFE70268D10519
S3150802CAA802D500221146F4E79307E6D52046FEF793
S3150802CAB8ACFC02460028E0D10521D8F80830E8E798
S3150802CAC808B5FEF772FC00230380436008BD70B5FB
S3150802CAD806460C4608F01AFA05463046FEF765FC7D
S3150802CAE830B103781C4304704FF40070E9F79EFDD1
S3150802CAF82846BDE8704008F0FBB9E0F79DBD07B5C2
S3150802CB0842798DF8071022F0030242F003024271B5
S3150802CB1840F203320DF10701C280012204F0E3FE56
S3150802CB2803B05DF804FB70B50C4605460721204696
S3150802CB381646FFF7E4FF2046E1F7CAFE2146467085
S3150802CB482846BDE87040E0F777BD38B50C4600219F
S3150802CB580546FEF771FC47F6FE73241AA4B29C42F0
S3150802CB6805D928462821FFF736F8002038BD0120BE
S3150802CB78FCE738B504460D4601460020FEF7FCFBDD
S3150802CB8803689B0505D429462046BDE83840FFF7C1
S3150802CB98DCBF002038BD2DE9F04115461F469DF831
S3150802CBA81880FEF7E9FB044608F0B0F9B8F1010F58
S3150802CBB8064623D154E8003F43F4807344E800321A
S3150802CBC8002AF7D105B354E8002F42F4007244E864
S3150802CBD80023002BF7D1FF212046FFF731FF54E83F
S3150802CBE8002F48EA020244E80023002BF7D1304610
S3150802CBF8A5602782BDE8F04108F07AB94FF480713A
S3150802CC082046FFF71DFFDDE74FF400712046FFF7C0
S3150802CC1817FFE0E773B5064601200C46FEF7ACFB9C
S3150802CC28002305461A46009321463046FFF7B3FF06
S3150802CC386B6863B14FF480712046E0F719F855E836
S3150802CC48003F43F4007345E80032002AF7D108F09A
S3150802CC585DF905462046FEF7A8FB28B103881BB1ED
S3150802CC684FF40070E9F7E2FC284602B0BDE87040C6
S3150802CC7808F03EB938B505460C46FEF77DFB8368CB
S3150802CC884BB1022120460022984721462846BDE88C
S3150802CC983840FFF7BFBF38BD012938B505460C46E7
S3150802CCA808D0CC1E012C03D801460120FFF7E2FF63
S3150802CCB8012038BD2221FEF7BCFB20462946FFF78C
S3150802CCC8D9FF0020F5E708B5FEF756FB006800F01D
S3150802CCD8F00008BD10B5014604460120FFF7F3FF28
S3150802CCE820B92146BDE81040FFF7EDBF10BD70B563
S3150802CCF806460C4601460120FEF73EFB3146054626
S3150802CD080020FEF739FB2B680268014643EA02004F
S3150802CD18C0051ED49B0502F4007203D49AB94FF0D3
S3150802CD28FF3070BD2B8A1B1B98B27AB1098A091B78
S3150802CD3889B28842A8BF08464FF6FF73984208BFC9
S3150802CD484FF0FF30EDE74FF6FF70EFE74FF6FF714A
S3150802CD58EFE70120E5E72DE9F3410446019101468B
S3150802CD6801201546FEF708FB214606460020FEF76F
S3150802CD7803FB80462046FEF708FB810606D501A86E
S3150802CD8804F0D5FD0C2002B0BDE8F08108F0BEF823
S3150802CD98336807469A0503D4D8F800309B0509D59F
S3150802CDA80199301D8D6004F0A9FE384608F0A0F8EE
S3150802CDB80020E8E708F09CF820460199A847E2E728
S3150802CDC838B5014604460120FEF7D6FA05460C3060
S3150802CDD804F0ADFD281D04F0AAFD21460020FEF741
S3150802CDE8CBFA04460C3004F0A2FD201DBDE83840F3
S3150802CDF804F09DBD70B5014605460120FEF7BCFA4A
S3150802CE080646043004F010FE044670B14FF4007169
S3150802CE183046FFF715FE21462846A368984720B1EB
S3150802CE282046BDE87040F1F70FBB70BD002382604B
S3150802CE38C0E90031704708B50B4601461846FEF7A1
S3150802CE489BFA0068C0F3402008BDFFF725BFCB1E32
S3150802CE58012B70B504460D46164606D81A21FEF762
S3150802CE68E8FA40212046DFF703FF324629462046DC
S3150802CE78BDE87040FFF710BF38B504460D46FEF701
S3150802CE88C4FA28B1012D04D122212046FEF7D1FA87
S3150802CE98002038BDF8B50C468B7907460B44D3F8FB
S3150802CEA80D60D3F811303246E0F7A8FB092120466F
S3150802CEB8FFF725FE2046E1F70BFDA579E1F72EFCDB
S3150802CEC80C3566F0FF0625440640C5F80160E1F709
S3150802CED825FC3846C5F805102146FFF70EFE02213D
S3150802CEE83846FFF7F4FDF8BD70B50E460546014605
S3150802CEF80020FEF741FA012E044603D0022E11D06D
S3150802CF08012070BDC16828468B7919440D31FEF790
S3150802CF183BFBE068F1F798FA00202946E060FFF73C
S3150802CF2879FEEDE7C068F1F78FFA0023E360E7E7D1
S3150802CF3838B50D46044601460120FEF71DFA012DAD
S3150802CF4808D100F112012046FEF71EFB21462846A3
S3150802CF58FFF760FE012038BD08B5FEF716FAC0F3DA
S3150802CF68C00008BD08B5FEF718FA00F0010008BDAA
S3150802CF7838B50C4602210546FEF711FA0C21204659
S3150802CF88FFF7BDFD2046E1F7A3FC4FF0FF33837098
S3150802CF980223C3700E2343706FF02F030371052310
S3150802CFA8214643712846BDE83840FFF7A6BDF8B5BD
S3150802CFB804460D46DFF746FE4FF0FF3180B2FDF70D
S3150802CFC808FE2046FFF7C8FF80F00107FFB2214690
S3150802CFD83846FEF7D1F90646C068012D837903D08B
S3150802CFE8022D20D00120F8BD0C33C5182B892046FE
S3150802CFF8EA88A988FEF7A0FB69886A784900520078
S3150802D008204689B2FEF7E1F9F068F1F71DFA00231E
S3150802D01820464FF48031F360FEF7C4F921463846B4
S3150802D028FFF7F8FDDEE7F1F70FFA00234FF4803130
S3150802D0382046F360FEF7B6F9D4E7042910B5044684
S3150802D04801D0002010BDFFF787FFC0F10200E1F703
S3150802D0580BFB0028F5D104F02EFE014608B902207A
S3150802D068F0E72046E1F7B4FF0028F8D10120E9E7FE
S3150802D07808B5FEF78AF9C0F3C00008BD2DE9F041E4
S3150802D0880F4604469046FFF7F3FF80F00105EDB216
S3150802D09821462846FEF770F9012F064603D0032FC4
S3150802D0A80FD001200BE02046FEF737FE2221204644
S3150802D0B8FEF7BFF928462146FFF7DCFD0020BDE842
S3150802D0C8F081C068F1F7C0F900232046F360FEF73D
S3150802D0D824FE20465FFA88F1FEF7ABF9204620219E
S3150802D0E8DFF7C6FD21462846FFF7C4FDD9E737B557
S3150802D0F804460D46FEF751F903054CD5022004F0FD
S3150802D108DAFD0190002848D0204645B3FFF7B0FF5C
S3150802D11850B105210198FFF7F2FC0198E1F7D8FB0F
S3150802D12820460199FFF7E9FC20462946FEF700FE44
S3150802D1382046FFF79DFF78B94FF400612046FEF7AF
S3150802D14829F906210198FFF7DAFC0198E1F7C0FBED
S3150802D15820460199FFF7D1FC002003B030BDFFF73E
S3150802D16887FF68B10199032306222046E1F7C2FB25
S3150802D1782046FEF7D2FD21462846FFF77BFDEBE758
S3150802D18801A804F0D4FB20463D21FEF724FD2046DB
S3150802D198FEF7C3FDE0E70C20DFE70720DDE7F7B572
S3150802D1A8014604460020FEF7E7F8054600F112078D
S3150802D1B84FF48060E1F758FA50B92046DFF742FD86
S3150802D1C83A46698B80B203B0BDE8F040FFF785BAE4
S3150802D1D82046DFF737FD064620466D8BFEF7D3F85D
S3150802D1E800220346009229463A46B0B2FFF794FA55
S3150802D1F803B0F0BD83781A2B09D81B2383700288DB
S3150802D208B2F5A47F07D24FF4A473038007E0FB2B79
S3150802D218F5D9FB23F2E744F290239A42F5D87047E8
S3150802D228F0B50446CA798B7987B043EA0223ADF882
S3150802D2380C308B8803A88DF80E30CA788B7840F69E
S3150802D248480543EA0223ADF810300B8805A98DF87C
S3150802D2581230FFF7CFFF04A8FFF7CCFF2046FEF7E8
S3150802D268EAFC0B212046FEF7A0FC44F2902300288C
S3150802D27818BF1D46BDF80C709DF80E30BDF814602F
S3150802D288BDF810209DF816009DF81210AF42D4BFBB
S3150802D29800970095FB2BA8BFFB23B242A8BF3246CC
S3150802D2A88142A8BF01462046FEF7D3FA07B0F0BD69
S3150802D2B837B5144605461046FFF721FC2046E1F71E
S3150802D2C807FB01A904462846FEF7B5FC0B212846A2
S3150802D2D8FEF76BFC6FF004036370002344F2902296
S3150802D2E8A37040F64803002818BF1346A4F803306B
S3150802D2F89DF80630A4F80530BDF80430A4F80730BE
S3150802D30803B030BDFFF7C8BC022973B505460C46FB
S3150802D31803D00024204602B070BD0521FEF716FC8C
S3150802D3280028F6D0E0F720F81B28F2D94FF4004077
S3150802D338E1F79AF90028ECD104F0BDFC0646002864
S3150802D348E8D0284601A9FEF776FC314628469DF814
S3150802D3580630BDF80420E2F70FF90028D9D10124CE
S3150802D368D8E730B190FAA0F00123B0FA80F08340EA
S3150802D378D8B2704770B50646FEF70FF880F0400433
S3150802D38802060546C4F3801406D408213046FEF779
S3150802D398F2FB08B144F00204EB0506D40B21304629
S3150802D3A8FEF7E9FB08B144F00404204670BD2DE9EE
S3150802D3B8F843044691460F46FDF7EFFFC0F34015BA
S3150802D3C82046FEF7D6FA214680462846FDF7D4FFB8
S3150802D3D8494606462046FEF72CF898F801103846BC
S3150802D3E801F00F0100F005FA062814BF01460021CC
S3150802D3F82A462046FEF761FA21462846FFF70AFC1E
S3150802D40820212046FDF7CEFF56E8003F43F4805315
S3150802D41846E80032002AF7D1BDE8F883F8B50E4681
S3150802D42804461546FDF7B9FF032EC0F340170DD07B
S3150802D438042E16D0012E12D122212046FDF7F9FF15
S3150802D44838462146FFF716FC0020F8BDEAB2002145
S3150802D4582046FFF7ACFF21463846FFF70BFC0120AA
S3150802D468F3E70C22F3E7012910B504460BD1FDF7B9
S3150802D47894FF2146C0F34010FDF77EFF0022817C07
S3150802D4882046FFF794FF012010BD2DE9F7430F4602
S3150802D4980546FDF782FF00F02009C0F34018284622
S3150802D4A8FEF767FABB790C333B445E789B781E40D5
S3150802D4B80378C3F3030000EA13103040FFF751FF5D
S3150802D4C8044648B9B9F1000F06D12846FFF752FFB4
S3150802D4D83040FFF746FF04462846FEF74DFAE4F7BA
S3150802D4E821F8A04223D01CB302212846FDF7A4FF3F
S3150802D4F8002106462846FEF7BDF818213846FFF7E2
S3150802D508FEFA3846E1F7E4F9B6B239464470847049
S3150802D518A0F803602846FFF7F0FA2346224629466A
S3150802D52840460096E2F762F803B0BDE8F0830024A5
S3150802D5382646E2E770B504460D46FFF7CBFB28B93F
S3150802D54829462046BDE87040FFF79FBF402829466E
S3150802D5582046BDE870404FF0160314BF2A2223223C
S3150802D568E1F7C8B938B505460C46FDF716FF83062E
S3150802D57804D42046BDE83840F0F766BF2146284657
S3150802D588BDE83840FFF781BF73B58C7906460C3477
S3150802D5980C440D46FDF701FFA278C0F34010032A92
S3150802D5A814D0052A28BF00226378032B10D0052B2E
S3150802D5B828BF0023B4F8031000913146E2F716F89B
S3150802D5C8284602B0BDE87040F0F73EBF0022EBE7F6
S3150802D5D80023EFE708B58B790B441B7B162B03D080
S3150802D5E8172B05D0002008BDFFF7A4FF0120FAE78C
S3150802D5F8FFF7B8FFFAE708B58B790B441B7B162B9E
S3150802D60803D0182B05D0002008BDE2F719F8012027
S3150802D618FAE7FFF7B9FFFAE770471FB54A1E042A61
S3150802D62803460C465FD8012902D1008804B010BD0A
S3150802D638022905D100885B88984238BF1846F5E75B
S3150802D6484A00014601A803F0E4FE032C07D1002389
S3150802D658ADF80A304FF6FF73ADF80C3001E0042C2A
S3150802D668F8D0BDF80620BDF80430934284BFADF859
S3150802D6780630ADF80420BDF80A30BDF80C209342EE
S3150802D68888BFADF80A20BDF80A2088BFADF80C3065
S3150802D698BDF80430934288BFADF80A30BDF80620B3
S3150802D6A8BDF80C309A4288BFADF80630BDF8082096
S3150802D6B8BDF80630934284BFADF80830ADF80620A7
S3150802D6C8BDF80A30BDF808209A4288BFADF8083076
S3150802D6D8BDF80820BDF806309A4238BFADF80830BA
S3150802D6E8BDF80800A2E74FF6FF709FE7830705D43F
S3150802D6F810F0040F14BF0320012070470220704758
S3150802D708012804D0022804D030B9E3F773BBE3F73B
S3150802D71861BB0020E2F78ABC704710B1012803D022
S3150802D72870470120E2F782BC0020FBE7F7B51F46DF
S3150802D7388B1E012B05460C46164613D8FDF759FAD1
S3150802D7480023CDE90005F01A18BF01201A46394602
S3150802D758FDF75DFA80B1022C0BD12846E0F7AAFE3E
S3150802D768002004E00029F8D0012902D0FF2003B0DE
S3150802D778F0BD2846E0F7E2FE0120F8E770B50D4647
S3150802D78800219DF810600446817106F10C01417367
S3150802D798111E18BF012103F00F00237B40EAC110AE
S3150802D7A803F04003184320732B469DF8141004F11E
S3150802D7B80E00FFF7BBFF237B0E3660F3861323732F
S3150802D7C82B686361AB882383A3793344E37170BDFD
S3150802D7D808B5E4F757FBBDE808400020E4F7C0BBE4
S3150802D7E8C94350E8003F0B4040E80032002AF8D106
S3150802D7F87047022808D0042803D0012818BF062033
S3150802D808704701F00101C81C7047E4F7AFBB0A2844
S3150802D81802D80130C0B27047242801D80230F9E785
S3150802D828252805D0262805D0272818BFFF2070479F
S3150802D838002070470C20704708B5E3F7EFFEBDE8ED
S3150802D84808404FF00060E8F7F1BE08B5E4F794FB24
S3150802D85820B1BDE808401020FFF7EEBF08BD7047A3
S3150802D868704770477047704700207047704770477F
S3150802D87870477047704710461946704700200021BE
S3150802D888704703F0ACB8E9F71FBD03F061B908B5EC
S3150802D898E4F7ECF820B1BDE808400420FFF7CCBF4E
S3150802D8A808BDD7F731BF10B504460846E3F75CFE4C
S3150802D8B8B4F90820824203D02081E4F789FC608102
S3150802D8C810BDF0B587B00D4616468DF8070002B9A1
S3150802D8D8A3B329469DF80700FDF79FF90446B8B988
S3150802D8E829469DF80700FDF79CF940BB16B39DF833
S3150802D8F80710003918BF012128460DF10F02E4F76F
S3150802D908F9FDF8B99DF80F40013418BF012416E04D
S3150802D91804AF012239460DF10700FDF780F90446DE
S3150802D9284EB19DF80730191E18BF0121002818BFE5
S3150802D9383D46E1E70124FDF75FF900B901242046CF
S3150802D94807B0F0BD4FF0FF34DEE7CB08C25C01230F
S3150802D95801F007018B401A4214BF012000207047C4
S3150802D96870477047024619460020E4F72BBD002087
S3150802D97870470020704707B500214FF0FF336A4603
S3150802D988084600938DF80430E4F736FE03B05DF8CE
S3150802D99804FB38B50546006803F054FE04462879A0
S3150802D9A800F01F0003F04EFE2044C0B2012894BFBF
S3150802D9B80020012038BD7047F8B58788C388044611
S3150802D9C89F420E4615460BD2FFF71FFFA288E38829
S3150802D9D89B1A013390FBF3F202FB13000744BBB20E
S3150802D9E83380FFF712FF33880133B0FBF3F202FBE9
S3150802D9F813039BB22B80228961898A4208D839B1D6
S3150802DA08934238BF13462B8062899A4238BF2A80C6
S3150802DA18F8BD7047704770470120704770478160A4
S3150802DA28704741EA002008B540F49020FBF7D9FA76
S3150802DA38014640B110F1880F05D0BDE8084040F20A
S3150802DA480740F2F7A9B808BD0120704770B50C4619
S3150802DA58064611461D46E4F7A1FE58B144EA0620D1
S3150802DA686FEA40406FEA50402A46BDE8704080B2E5
S3150802DA78E8F752BE40F2064070BD837901461A0796
S3150802DA8803D506220020E4F709BF9B0602D506221B
S3150802DA980120F8E74FF0FF3070478379532B01D1FD
S3150802DAA8E4F72EBFFFF7E9BF70B5064614461D46CA
S3150802DAB8E4F774FE10B90024204670BD41EA062030
S3150802DAC86FEA40406FEA50402A46214680B2E8F794
S3150802DAD83FFE0028F0D0EEE708B5E6F7D5FE0020A7
S3150802DAE808BD014608B500F03800E5F76BFB78B1C2
S3150802DAF8D0E901324078C1F3074110F0020F08BF96
S3150802DB081346043B53F8040F10B102788A42F9D136
S3150802DB1808BD38B505460C4604B938BD013C55F862
S3150802DB2824301B69002BF7D09847F5E770477047EA
S3150802DB38F8B543780546DB0701D4E5F773FB0026F3
S3150802DB486B786F6823F00C0343F002036B7057F87F
S3150802DB5826402CB9202005F10C01F0F7BFFC0FE08E
S3150802DB68A3680136002BF2D0984704460028EED05F
S3150802DB7831463846FFF7CDFF6B7823F002036B7000
S3150802DB882046F8BD4078C0F340007047437813F042
S3150802DB980E0F0CBF01200020704710B5E5F7ACFB45
S3150802DBA80446E5F7BDFB204610BD08B5E5F70AFBAE
S3150802DBB8C068003818BF012008BD08B5E5F702FB9A
S3150802DBC820B1BDE80840C06803F0E2BE08BD38B512
S3150802DBD8E5F7F8FA044650B107F098F9054604F14C
S3150802DBE80C0003F0C2FE0446284607F081F92046CF
S3150802DBF838BD37B50D461446C2B1B1F5827F17D37B
S3150802DC08FFF7E5FF01460190A0B100232A46204600
S3150802DC1803F07CFE01A803F08AFE2246022052F887
S3150802DC28041BFFF784FF002003B030BD2220FBE760
S3150802DC382120F9E72D20F7E737B5837901900344C0
S3150802DC480446D86800F03800E5F7BCFA054628B94C
S3150802DC5801A803F06CFE022003B030BD204603F08B
S3150802DC6870FE07F053F90446019905F10C0003F012
S3150802DC7845FF204607F03CF9E8F760FC0020EBE789
S3150802DC882DE9F04104461F462502C4F3072305F485
S3150802DC98E06524F47F441D4324F0C704EE1944F0D2
S3150802DCA880048B7944EA16243602B6B20C33344316
S3150802DCB8084601EB0308CC501146FFF7BDFF20B909
S3150802DCC84544EF704046BDE8F0814FF00008F9E791
S3150802DCD8427810B50432044601F00400D2B2002193
S3150802DCE840F0290004F0A8F818B183792268034499
S3150802DCF8DA6010BD10B50021FFF7EAFF044608B935
S3150802DD08002010BD0179FFF797FF0028F8D1A379FB
S3150802DD180C33E018F5E72DE9F04117461A46036869
S3150802DD2801F004011C0204F4E064C3F307231C434C
S3150802DD3841F02905043406463B462146284604F09E
S3150802DD48E5F8804650B1E1B203F031FE3B462A4671
S3150802DD5841463068BDE8F041FFF792BFBDE8F08159
S3150802DD682DE9F341002401F004010768064641F04B
S3150802DD782905106829461460019003F0E2FD019806
S3150802DD8803F05AFE390201F4E061C7F3072739435B
S3150802DD9880460122043101A803F0CAFF30B101A85E
S3150802DDA803F0C5FD204602B0BDE8F08143462A467F
S3150802DDB801993068FFF764FFF5E7A0F86E10704717
S3150802DDC801238B4090F87110194380F87110704737
S3150802DDD808B50120F0F7F8FAC0B208BD83790C3302
S3150802DDE81844704710B50446A1F1140003F024FE3E
S3150802DDF8201A20EAE07080B210BD70B51C460D469E
S3150802DE081646FFF7EFFFA04207D322463146A5F189
S3150802DE18140004F04EF8012070BD0020FCE770B526
S3150802DE2806460D4614467AB90A462046082104F0DB
S3150802DE3803F8044690B92A460821292003F0FCFF6C
S3150802DE48044658B9204670BD104603F070FD2046B0
S3150802DE5803F025FF08231D44A371E571A3790C3342
S3150802DE681C442670EEE72DE9F0411646069A07463F
S3150802DE7888461D46FFF7D3FF0446F0B114382A46EA
S3150802DE883146069004F015F8854217D9069B06A866
S3150802DE981C7904F0200403F04AFD74B942460821A5
S3150802DEA8292003F0C9FF2A463146069004F001F8EC
S3150802DEB8854206D906A803F03AFD00242046BDE89D
S3150802DEC8F081069A93790C33D418D754F6E711B128
S3150802DED81439E5F7C9BB1A20704738B50022044633
S3150802DEE80D4602200321FFF79AFF014608B1A0F85A
S3150802DEF801502046BDE83840FFF7E9BFF8B50446A1
S3150802DF080F46164605210120069A1D46FFF787FF82
S3150802DF18014638B14770468005712046BDE8F84083
S3150802DF28FFF7D5BFF8BD38B50D460321044608469E
S3150802DF38FFF775FFA0F8015001462046BDE83840AC
S3150802DF48FFF7C5BF73B50546084611466C891A46D2
S3150802DF58641ABDF81830A4B29C4228BF1C46079B0F
S3150802DF68089E00932346FFF77EFF014630B12846EE
S3150802DF78348002B0BDE87040FFF7A9BF1A2002B084
S3150802DF8870BD012110B5002204461320FFF747FF8A
S3150802DF98014620B12046BDE81040FFF798BF10BDDC
S3150802DFA8F7B54489054618460F461646019303F0FF
S3150802DFB843FD053CA4B2844203DA011B01A803F017
S3150802DFC8DDFD0521019803F07AFE014628B901A864
S3150802DFD803F0ADFC1A2003B0F0BD83790C33C218DE
S3150802DFE81720C8542846A2F80170A2F80360E5F774
S3150802DFF83BFBF0E7012110B5002204461920FFF77A
S3150802E0080EFF014620B12046BDE81040FFF75FBF64
S3150802E01810BD73B50E46002144890546033CA4B2D1
S3150802E028A342009128BF234603211B20FFF71BFFA3
S3150802E038014670B1012210F80F3CA0F8016062F39C
S3150802E048071300F80F3C284602B0BDE87040FFF7F0
S3150802E0583EBF1A2002B070BD73B50E460021448928
S3150802E0680546033CA4B2A342009128BF23460321CE
S3150802E0781D20FFF7F8FE014638B1A0F801602846C8
S3150802E08802B0BDE87040FFF722BF1A2002B070BD81
S3150802E0984B88042B07D1836C08885B8998428CBF06
S3150802E0A800200120704700207047532838B50546D6
S3150802E0B80C4604D1BDE838400846F1F7F1BD0620FA
S3150802E0C8F0F758FB68B96379142D03F03F036371B7
S3150802E0D804D0722D08D163F03F0363710020A5713D
S3150802E0E838BD40F20740FBE72120F9E70023036021
S3150802E0F883808371704710B5044660B1806C50B14D
S3150802E108E5F79AFBA06C0028FAD12046BDE810402C
S3150802E1180321E5F7E9B910BD438907B58B420CD047
S3150802E12850F80C2B40F2014192F87020ADF80630EF
S3150802E1388DF8042001AA03F028FB03B05DF804FB56
S3150802E148436943F0040343617047436923F00403B0
S3150802E158436170474069C0F38000704747F23053FD
S3150802E16800220068EFF7E2BF006803F09DBA38B5E7
S3150802E178436904469B070D4603D540F20941FFF752
S3150802E188F3FFE5F78FFA08B1A3691D702046BDE8C3
S3150802E198384040F20941FFF7E1BF07B5027C012A78
S3150802E1A809D00122027440F20942914206D040F28D
S3150802E1B80A4291420ED003B05DF804FB4FF481611E
S3150802E1C850F80C3B01AA93F870308DF8043003F026
S3150802E1D8DCFAF0E750F80C3B01AA93F870308DF890
S3150802E1E80430F4E738B522F000430D46114640F2EA
S3150802E1F80322934204461AD0B3F5017F09D240F2A4
S3150802E2080122934213D040F20222934209D00020F7
S3150802E21838BD6FF481621344012BF8D8FFF7BDFFA6
S3150802E228F5E700F01AF9204601F0A2F8EFE7636964
S3150802E2389B0704D540F209412046FFF795FF284671
S3150802E248FFF759FFE3E708B500B10068E5F71CF9D7
S3150802E25808B9034602E0836C002BF7D0184608BDB6
S3150802E26810B5044642F62A3000F03BFB031B584217
S3150802E278584110BD022806D142F62A330888C31A1D
S3150802E2885842584170470020704710B5044642F66E
S3150802E298293000F026FB031B5842584110BD90F856
S3150802E2A8200000F0010070471FB504466846E5F7E6
S3150802E2B8F3FB1022694604F1210003F075F8B0FA57
S3150802E2C880F0400904B010BD08B5FFF7EDFFB0FAB3
S3150802E2D880F0400908BD70B5044600F1210591B9D8
S3150802E2E82846E5F7D9FB236893F97500E4F756FA41
S3150802E2F878B120682B46BDE8704010220D2190F9A6
S3150802E3087500FFF7A3BB10220021284603F076F80A
S3150802E318E9E770BD38B50446002390F8202041FA8B
S3150802E32803F0C50703D442FA03F0C0071ED4013323
S3150802E338082BF4D101F0010523682A4384F8202022
S3150802E34893F97500E4F72AFA40B1234653F8200BE5
S3150802E35801220C2190F97500FFF778FB0DB9002008
S3150802E36838BD00212046FFF7B6FFF8E71320F7E77E
S3150802E37868B13F290AD800EBA10090F8310001F0EC
S3150802E38803014900084100F003007047002070475E
S3150802E39810B50368044693F97500E4F7FFF950B116
S3150802E3A82346BDE8104053F8310B10220B2190F989
S3150802E3B87500FFF74BBB10BD10B590F87430DB0734
S3150802E3C806D490F97530013314BF0F20052010BD05
S3150802E3D8847CF1F737FB844234BF0C200020F6E729
S3150802E3E830B5044685B06846E5F756FB10216846F7
S3150802E3F803F0A1FD2046E5F757FD6B46C26804AD52
S3150802E40806321C4603CCAC4210605160234602F120
S3150802E4180802F6D105B030BD08B5E5F745FD08B1DD
S3150802E428E5F716FDC0B208BD013810B580B2E5F7A2
S3150802E4383BFD044608B9002010BD408800F083FB5E
S3150802E4480028F8D0207BF7E708B5E5F72DFD18B1BF
S3150802E458007AC31F5842584108BD70B5054655F893
S3150802E468213B044693F97500E4F798F920B928463A
S3150802E478BDE87040E5F710BB234653F8310B102266
S3150802E4880B2190F97500FFF70FFB234653F8200B6B
S3150802E49801220C2190F97500FFF706FB20682B4626
S3150802E4A8BDE8704010220D2190F97500FFF7FCBAF5
S3150802E4B801302DE9F04185B228460E46E5F7F4FC07
S3150802E4C842F60217044642F603089CB12046E5F7C7
S3150802E4D8BFFC78B1204600F045FBB84205D10EB11B
S3150802E4E823883380607BBDE8F081204600F03AFB3A
S3150802E4F8404502D14FF0FF30F5E70135ADB228465F
S3150802E508E5F7D2FC0446E0E72DE9F04707460E464A
S3150802E51890460D4642F6021942F6030A0135ADB28D
S3150802E5282846E5F7C1FC044678B1E5F791FC60B1DF
S3150802E538204600F017FB484505D1237A072B04D154
S3150802E5480320BDE8F0875045E8D141463046FFF733
S3150802E558AFFF431C014604D03846BDE8F047FFF72B
S3150802E56807BF0020EDE770B5054608461646E5F7E3
S3150802E5789BFC044608B9012070BDE5F769FC00282A
S3150802E588F9D0F00713D4B10734D4720702D5A38891
S3150802E5985B0732D516F0060F31D116F40060EBD0B8
S3150802E5A8A38813F4006F14BF00200620E4E7A388A3
S3150802E5B8DA0743D513F0700F0AD1980610D458060D
S3150802E5C8E1D52B6893F975300133DCD10820D3E7F6
S3150802E5D82868FFF7F1FEA388990608D50028CBD143
S3150802E5E82A6892F874209207E9D40520C4E7002815
S3150802E5F8C2D1E4E7A3889907C7D40320BCE7A3884E
S3150802E60813F4E06F09D198050FD45B05C5D52B68B5
S3150802E61893F975300133C0D1D8E72868FFF7CCFEDD
S3150802E628A388990507D50028A6D12A6892F87420DE
S3150802E6389207EAD4D9E700289ED1E6E702209BE7A3
S3150802E64838B504460846E5F72FFC054608B90120F9
S3150802E65838BDE5F7FDFB0028F9D0AB8813F4E04F7F
S3150802E6680CD1980412D413F48040F1D0236893F994
S3150802E6787500431C58425841C000E9E72068FFF76D
S3150802E6889BFEAB88990408D50028E1D1226892F83E
S3150802E69874209207E7D40520DAE70028D8D1E2E7FA
S3150802E6A82DE9F0474FF00009044683F8009008461A
S3150802E6B8A2F80090884616461D46E5F7F5FB074672
S3150802E6C820B9012300202B70BDE8F08774B1E5F75D
S3150802E6D8BFFB0028F5D04046FFF7D7FD30B1012326
S3150802E6E885F8009004F120003380EDE72B46324680
S3150802E6F839462046BDE8F047E5F75AB92DE9FF41FC
S3150802E70807460846884616460393E5F7CDFB0446A8
S3150802E71838B903A803F00BF90125284604B0BDE861
S3150802E728F0811FB1E5F794FB0028F2D0237A072B6C
S3150802E73805D8DFE803F017262F381C17172126BB3A
S3150802E7480398002835D13246257A022D62D0032D40
S3150802E75864D0012D3BD0002F7FD1002503A803F0F2
S3150802E768E6F8DAE703A803F0E2F80325D5E703A8EB
S3150802E77803F0DDF80625D0E703A803F0D8F88025C4
S3150802E788CBE7E3685D88B54209DA03A803F0CFF850
S3150802E7980725C2E7E3689A88B242F6D35D880398E2
S3150802E7A840B9024609E0022EEFDC039868B9024628
S3150802E7B8CAE7354603F040F982B29319AB42C3DD7C
S3150802E7C803A803F0B4F80D25A7E70225F2E7E068DF
S3150802E7D8063000230399304403F098F8002FBCD07A
S3150802E7E8237A032B39D103A803F0A1F8002120467E
S3150802E7F8E5F716FB68B30588617B3846FFF7B8FD67
S3150802E8080122034629463846CDF8008000F047FC1F
S3150802E818002582E7E068B3188380D9E7039B9A79CB
S3150802E828D979891AC9B2481E012810D81344022967
S3150802E8381A7B04BF5B7B42EA0322237B32EA030381
S3150802E8488CD101233846617BE5F788F8C6E70D259A
S3150802E85884E708F1FF35ADB2CEE7039B414600933C
S3150802E868384633463A7F00F000FCD1E7884270B54D
S3150802E87804460D46164611D8012838BF01242046F3
S3150802E888E5F712FB10B14388B34208D00134A4B2A3
S3150802E8982046E5F7EDFA08B1A542F0D2002420464B
S3150802E8A870BD70B50C4616461D460146B8B1B3B1D9
S3150802E8B8022C01D0102C12D1E0B2E5F72DFA4FF648
S3150802E8C8FF718842024602D141F20A1070BD3046EB
S3150802E8D8FFF7CCFF0028F7D028800020F6E721208A
S3150802E8E8F4E7002307B50122ADF80400ADF80630AF
S3150802E8F802210DF1060301A8FFF7D3FFBDF80600AA
S3150802E90803B05DF804FBF8B50F461646441CA4B2D4
S3150802E9182046E5F7C9FA10B9013CA0B2F8BD00F0DD
S3150802E92821F90546304600F0F9F820B1284600F0E4
S3150802E938F5F80028F0D1304600F0E9F820B1284663
S3150802E94800F0E5F80028E7D10134A4B22046E5F735
S3150802E9588FFA08B1BC42DBD94FF6FF70DEE72DE91C
S3150802E968F04F9A4687B08B880D460C88814604A9CB
S3150802E9780220ADF810309046E5F7CEF9AB6800905C
S3150802E988A888AF89059300F0C2F838B1102F05D1C7
S3150802E99805A8E5F7A7F9022808BF02279DF840B097
S3150802E9A80BF0010B38E02046009AFFF75FFF064690
S3150802E9B8A8B3AA886988FFF7A6FF04463046FFF770
S3150802E9C82BFD40EA0B00C0B200B30DF10F03314626
S3150802E9D848460DF11202FFF763FE9DF80F302BB178
S3150802E9E8A8F80060184607B0BDE8F08FBDF81220EF
S3150802E9F8BA420BD13A460599019302F0D5FC019B16
S3150802EA0820B9A8F80060AAF80040EBE74FF6FF73AA
S3150802EA189C4201D00134A4B26988A142C3D20A230E
S3150802EA28E0E708B5E5F740FABDE8084000F09AB805
S3150802EA3838B505460846E5F737FA044610B94FF6D3
S3150802EA48FF7038BD0DB96088FBE7E5F701FA0028BB
S3150802EA58F9D1F4E770B5044642F60520FFF741FFF7
S3150802EA68B0B10021FFF724FD054601462046FFF707
S3150802EA787FFC06461022002104F1310002F0BEFC92
S3150802EA88324629462046BDE870400023E4F766BFA9
S3150802EA9870BD7FB504460D4610220021684602F06D
S3150802EAA8ADFC0026AB575A1C1BD031462046FFF749
S3150802EAB85FFC1946002BB8BFD91C04AA02EBA101B0
S3150802EAC800F00302584200F0030003F0030358BF9C
S3150802EAD843425B0002FA03F311F8102C134301F8B8
S3150802EAE8103C0136402EDDD16B4604F1310504AEE1
S3150802EAF81A4603CAB24228606960134605F1080530
S3150802EB08F6D1204604B0BDE87040FFF741BCA0F52F
S3150802EB18205001288CBF00200120704742F60303C3
S3150802EB28C31A58425841704708B5030409D4E5F789
S3150802EB38BFF8A0F5205080B201288CBF002001201A
S3150802EB4808BD0020FCE7020408B507D4E5F7B0F8C3
S3150802EB5842F60303C31A5842584108BD0020FCE787
S3150802EB68C00B70470346B3F902304088002B01DB15
S3150802EB78E5F79EB80020704708B5FFF7F3FF42F697
S3150802EB880303C31A5842584108BD08B5FFF7EAFFF6
S3150802EB98A0F5205080B201288CBF0020012008BDAC
S3150802EBA81FB550F80C4BADF80A3094F87040069B1E
S3150802EBB8ADF806108DF8082040F2035101AA8DF81F
S3150802EBC80440039302F0E1FD10B906A802F0AFFE6D
S3150802EBD804B010BD2DE9F0414FF0000886B004468E
S3150802EBE80E461546CDF80C8000F1440712B303A861
S3150802EBF802F09DFE384602F09AFE84F81C8000232D
S3150802EC083246009318212B462046FFF777F905F571
S3150802EC188855204650F80C3B40F2055193F8703057
S3150802EC2804AA8DF81030059502F0AFFD002006B04B
S3150802EC38BDE8F08143691A0710D4A846384602F097
S3150802EC4894FE03460390C0B903A802F070FE38463C
S3150802EC5802F06DFE0023237755B1D0E723F00803A7
S3150802EC68436103A802F063FE384602F060FE257780
S3150802EC782046FFF7BFF90025CBE79979204601F127
S3150802EC880C021A44B2F801600531B2F803209971E8
S3150802EC983146FFF733FDCDF80C800028CED005465D
S3150802ECA8D2E72DE9F84F0E4691469A4605469DF84B
S3150802ECB828B010B1037C012B60D02846FFF740FA2A
S3150802ECC83046FFF7B1FB0022314680462846FFF751
S3150802ECD81BFC07463046FFF7A4FE42F60523984270
S3150802ECE81CD118F0300F26D1BBF1000F33D018F01B
S3150802ECF8200F3FD0BA073FD5EB8B002B38D15346A6
S3150802ED084A4631462846FFF7A7F90446E8B940F2C3
S3150802ED180A412846EE83FFF721FA16E02846FFF746
S3150802ED28BEFA0028DDD02846FFF7CEFA0028D8D042
S3150802ED3841F2121409E0B907D6D031462846FFF738
S3150802ED487FFC0028D0D000F588542846FFF7FDF93D
S3150802ED582046BDE8F88F18F0100F0BD0FB070BD525
S3150802ED6853464A4631462846FFF753F90446ECE71E
S3150802ED780524EAE72124E8E70224E6E70724E7E781
S3150802ED882DE9F047002586B09DF8389090F81CA022
S3150802ED9804460F4690460F9E0577B9F1000F09D02B
S3150802EDA80A464B4651460096FFF7A8F8284606B083
S3150802EDB8BDE8F087BAF1080FADF8169026D145894D
S3150802EDC83246043DADB29D424FF002014FF00900AA
S3150802EDD8A8BF1D46FFF723F80222814605A9304631
S3150802EDE8ADF8147003F065F82A464146304603F032
S3150802EDF860F80546831C3146204689F80130E4F74F
S3150802EE0833FCADF81650BDF81600D0E7BAF10A0F6A
S3150802EE180DF116020CBF0B210D21CDE901620093F3
S3150802EE2801224346FFF78EF81A28ECD111233A46EF
S3150802EE3851462046CDF80090ADF81690FFF75EF8D1
S3150802EE48E1E7F0B5002589B01746012204460E46C1
S3150802EE580393ADF81650FFF786FB8DF815000028C0
S3150802EE6846D13046FFF7FCF910B13046FFF7B8FA33
S3150802EE783046FFF7E9FAB8B103A802F058FD20466A
S3150802EE8850F80C2B237F92F8702040F202518DF825
S3150802EE98182006AAADF81A608DF81C30ADF81E704F
S3150802EEA802F073FC09B0F0BD0DF115030DF1160257
S3150802EEB831462046FFF7F4FB9DF8153002465BB942
S3150802EEC8BDF81630BB4235BF0723DB1B8DF8153054
S3150802EED8D21928BFADF81630039B314601939DF81F
S3150802EEE8153020460093BDF81630FFF749FFD9E7D3
S3150802EEF82A46F1E72DE9F04F89B0029018461546D9
S3150802EF0805930C46FEF76AFF8046059802F094FDBB
S3150802EF180023B0F1010AB5F80A908DF81D3000F001
S3150802EF2889801AF0010740F085805046EFF7F2FB10
S3150802EF380646002800F08480524608F1010102F0CC
S3150802EF4868FA01212046059AFEF769FFB8460AEBD0
S3150802EF58DA7A09F1FF3B03904FEA6A0ABA4544DDB1
S3150802EF6836F81740012221462846FFF7FCFA8DF89B
S3150802EF781D0068B92046FFF773F910B12046FFF756
S3150802EF882FFA2046FFF760FA78B180238DF81D30EC
S3150802EF98304603F017F8059B2246009328469DF843
S3150802EFA81D300299FEF7AAFF26E00DF11D03214638
S3150802EFB828460DF11E02FFF773FB9DF81D300490D3
S3150802EFC8002BE5D1029B202B1BD1ABEB0803012BA7
S3150802EFD80BDD0DF11E010222059802F06AFF0128CF
S3150802EFE801460CD805A802F0C9FD304602F0EAFF28
S3150802EFF828460399FEF76BFF09B0BDE8F08F08F1BA
S3150802F0080208BDF81E20ABEB08039A42C2BF09F1F3
S3150802F018FF33A3EB0803ADF81E30BDF81E20DDE961
S3150802F028041002F046FFBDF81E309842DDD3984414
S3150802F038013793E7042300248DF81D302646A7E7EF
S3150802F0481123F8E770B504460D461646FFF708F980
S3150802F05840B933462A462146FFF750FB08B100F560
S3150802F068885070BD41F20310FBE71FB550F80C4BE8
S3150802F078ADF80A3094F87040069BADF806108DF87C
S3150802F088082040F2015101AA8DF80440039302F0C0
S3150802F0987CFB10B906A802F04AFC04B010BD1FB5DD
S3150802F0A850F80C4BADF80A3094F87040BDF8183091
S3150802F0B8ADF806108DF8082040F2045101AA8DF819
S3150802F0C80440ADF80C3002F060FB04B010BDF0B590
S3150802F0D8122785B003920777022205460E46FFF7DE
S3150802F0E842FA044668B103A802F021FC00232B77EA
S3150802F0F8002332460093122123462846FEF7FEFECF
S3150802F1080FE0039A3046937903339371FFF79CF914
S3150802F11848B1039B3A460093314623462846FFF7E9
S3150802F1283FFD05B0F0BD42F62930FFF7DAFBB042DB
S3150802F13820D1039830B903A802F0F9FB00230D245D
S3150802F1482B77D5E702F078FC80B20128F3D1039B26
S3150802F15828469A791344197BFFF7DCF8044603A86C
S3150802F16802F0E5FB00232B77002CC1D12846FEF7CF
S3150802F17808FFD6E7224631462846039BFFF7BEFA1A
S3150802F1880446EFE72DE9FF410392042204460D4699
S3150802F198FFF7E9F9074628B103A802F0C8FB04B045
S3150802F1A8BDE8F0814FF05208039A2846937903334B
S3150802F1B8937184F81C80FFF747F9064640B1039B0A
S3150802F1C84246009329463B462046FFF7E9FCE6E70E
S3150802F1D842F62930FFF785FBA842039B0BD19A7999
S3150802F1E820461344197BFFF795F803A802F09FFBFC
S3150802F1F800232377D3E7324629462046FFF77EFAC5
S3150802F208F6E72DE9FF418B7904460C330B44B3F82C
S3150802F21801700E463846B3F80380FFF7FDF8002852
S3150802F22858D0022239462046FFF79DF90546E8B91D
S3150802F2383846FFF709F968B116222277B3793946AB
S3150802F2480533B371204643460096FFF7A9FC04B076
S3150802F258BDE8F081EFF7A0F833461B680135EDB231
S3150802F268002BFAD10635A8421DDC092504F144000B
S3150802F27802F05DFB2B463A46162120460096FEF713
S3150802F2883DFE092DE3D1204650F80C3B40F20551C4
S3150802F29893F8703002AA8DF8083041F209130393DD
S3150802F2A802F073FAD3E70121304602F0CDFD014692
S3150802F2B80028DAD004F1440002F020FCB379424669
S3150802F2C80533B37139463346204604B0BDE8F041E2
S3150802F2D8FEF766BE0125C9E713B5044641B94430A7
S3150802F2E802F025FB204602B0BDE81040FEF782BEB2
S3150802F2F818224369027713F0080306D00023194631
S3150802F3080093FFF74DFC02B010BD1A46194602B023
S3150802F318BDE81040FFF75EBC7FB5C58B04462DB322
S3150802F32842F60520FFF7DDFAA84207D10021204652
S3150802F338FEF7D1FF636923F001036361002640F2F1
S3150802F3480A412046FEF710FF29460DF10E0220460D
S3150802F358ADF80E60FFF7D8F8BDF80E2003460092FE
S3150802F368294602222046FFF79AFEE68304B070BDB4
S3150802F3782DE9F041054688B042F60520FFF7B1FAAD
S3150802F388064604A8E4F788FB102205F121010DEBCD
S3150802F398020002F009F850B101212846FEF79BFF40
S3150802F3A82846FFF757FB6B6923F001036B6142F6A0
S3150802F3B80303022003A9ADF80C30E4F7ADFC0124D7
S3150802F3C807464FF0000820463A464FF6FF71FFF700
S3150802F3D84DFA044610B908B0BDE8F081FFF71CF8E3
S3150802F3E80134A4B20028EED0A64203D131462846F3
S3150802F3F8E4F7B6FD214628460DF10E02ADF80E8051
S3150802F408FFF782F803460028DDD0BDF80E2021460C
S3150802F418009228460122FFF742FED4E708B5E4F728
S3150802F42829FB0020E5F7D6F9002008BD13B58B7924
S3150802F43804460B441B7B0A4613F0010001910AD0C5
S3150802F4481D2B0AD101211E20FEF7E9FC014620469A
S3150802F458FEF73DFD012002B010BD01A802F067FAC9
S3150802F468F8E710B504468069143002F060FAA06914
S3150802F478BDE81040183002F05ABA2DE9F0410F4695
S3150802F488144605461E46FFF7ECFF23463A46082168
S3150802F4980020D5F8188002F039FDAA69C8F81400C0
S3150802F4A8536923B1002054811682BDE8F0811A20D7
S3150802F4B8FBE770B50446084602F0BEFAA16986B2A9
S3150802F4C88A894D8912B1521B96420CDA6389581EEB
S3150802F4D880B225B90A78082A04BF043B98B2831B66
S3150802F4E85842584170BD0020FCE730B5044654F826
S3150802F4F80C0B8DB09DF8405090F8700042EA014214
S3150802F5088DF804001946029203A82A46079501F0BF
S3150802F51880FF40F20241204601AA02F036F90DB0F0
S3150802F52830BD10B550F80C4B86B094F87040ADF85B
S3150802F5380E10ADF8102040F2064103AA01938DF881
S3150802F5480C40059302F021F910B901A802F0EFF967
S3150802F55806B010BD37B504460D46FFF782FF2046AA
S3150802F56840F20941FEF700FE00222046A36940F24E
S3150802F57807411A7050F80C3B6A4693F870300195A1
S3150802F5888DF8003002F001F903B030BD13B50191C8
S3150802F5980021044600F02DFF0422002320460DEB25
S3150802F5A80201FFF76AFF02B010BDF0B504460F461E
S3150802F5B81E46154685B052B983691B78072B30D083
S3150802F5C8082B14BF15460925002E18BF0D250A98BB
S3150802F5D802F032FAA3699A894AB15B8981B2D21AC8
S3150802F5E8914204DD92B2891A0AA802F0C7FA20469D
S3150802F5F850F80C3B40F2054193F8703001AA8DF891
S3150802F60804300A9BADF806708DF80850ADF80A6002
S3150802F618039302F0BAF810B90AA802F088F905B0F5
S3150802F628F0BD0B25D0E7B0F80AC02DE9F041ACF1D8
S3150802F638020C9C4505460E4617461C4603DDBDE8E0
S3150802F648F04100F083BE83692246198100233946B0
S3150802F658FFF713FF044658B9AB69024631462846EE
S3150802F6680E3300F08CFE044610B12846FFF7F9FE61
S3150802F6782046BDE8F0812DE9F043202A8FB00546D9
S3150802F68817461C4603910BD941F20414214628460B
S3150802F698FFF760FF03A802F04AF90FB0BDE8F08346
S3150802F6A8002B46D10846A2F1060802F0C5F94FF61C
S3150802F6B8FF765FFA88F81FFA80F94C4510D3AB69CA
S3150802F6C8DA88B24239D942F60203ADF8143002236F
S3150802F6D8711C0093284605AB89B200F0E0FD25E0C7
S3150802F6E823463A46039906A802F010F9AB69BDF80B
S3150802F6F818609A88B242C7D8DA88B242C4D3BDF823
S3150802F7081A10BDF81C20B8F1000F09D02846CDF802
S3150802F71800800DF11E033C44FFF7E7FEA4B2CCE7CE
S3150802F72828469E8019815A8100F0D2FD044600288F
S3150802F738B0D041F20A139C42A8D10024A6E72DE9C3
S3150802F748F0471C4696B0836901921B780646062B33
S3150802F75803D0112B60D001A81CE00129104614BF5A
S3150802F7684FF010084FF002080392002C4CD102F011
S3150802F77863F94FF6FF7508F1020987B2A7420ED850
S3150802F788B369DA88AA4237D8002421463046FFF7F1
S3150802F798E1FE03A802F0CBF816B0BDE8F0872346C7
S3150802F7A84A46039904A802F0B1F8B369BDF810509D
S3150802F7B89A88AA422DD8DB88AB422AD39DF81330F9
S3150802F7C8282BE1D0B2465AF80C3B424693F87030D9
S3150802F7D80DF112010DA88DF83030ADF83250CDF87A
S3150802F7E844804C4401F015FE40F2044150460CAAE6
S3150802F7F801F0CBFFA4B2C1E7691C304689B200F012
S3150802F8081EFD04460028C4D041F20A139C42BBD006
S3150802F818BBE741F20414B8E70129104614BF1227B8
S3150802F8280427049284BB02F007F942F602184FF637
S3150802F838FF7185B2A5420DD8B369DB888B4221D9F7
S3150802F84801314FF6FF72304689B200F0F8FC0446D9
S3150802F858A0B119E023463A4604990CA802F056F8CC
S3150802F868BDF83220BDF8301042459DF8333007D12D
S3150802F878B269022330460A32FFF7D5FE04A889E799
S3150802F888282B06D141F20A1421463046FFF762FEB2
S3150802F898F4E73C44A4B2CDE7F0B5836987B003918F
S3150802F8A81B780546022B144653D108460491002AAA
S3150802F8B847D102F0C1F84FF6FF7687B2A7420DD8AC
S3150802F8C8A869C288B2422BD8002421462846FFF7DF
S3150802F8D841FE04A802F02BF807B0F0BD04220499E9
S3150802F8E8234605A802F012F8AA69BDF814109088EA
S3150802F8F8BDF81660814229D3D388994226D886420A
S3150802F90824D39E4222D85069927A837904340C33D6
S3150802F9180092034432462846FFF7E7FDA4B2CDE72C
S3150802F92843694089711C0190987989B20C3003445D
S3150802F938009328464FF4205300F095FC0446002805
S3150802F948C7D041F20A139C42BFD1BDE741F204145B
S3150802F958BBE703A8BEE7F0B587B0054617461C46B7
S3150802F968039153B9FFF7A5FD38B101232246284664
S3150802F978039900F084F807B0F0BDA9690B78082B3B
S3150802F98805D8062B44D8032B0FD003A83DE00F2B26
S3150802F998FBD1039B0593002C6DD1002B6BD0224615
S3150802F9A828460989FFF7BDFD59E00398059018B35B
S3150802F9B8ECB9102683794A890C33098903440096D7
S3150802F9C82846FFF792FDAB699988DA88914217D2D9
S3150802F9D842F60203ADF81030022301310093284695
S3150802F9E80DEB060389B200F05AFC044660B141F2EF
S3150802F9F80A139C4204D101E0002CF8D141F21F04F3
S3150802FA0821462846FFF7A6FD05A801F090FFB2E7AA
S3150802FA18039805907CBB70B302F00EF80FB386B252
S3150802FA28B7421ED2394605A802F0E2F938B905A83E
S3150802FA3801F07DFF1A212846FFF78CFD9BE783799B
S3150802FA48F61BC218023391898371AB6900225B8956
S3150802FA58B6B200902846FFF7A8FDB742E2D9214672
S3150802FA68E9E7AA69284653891189059A0092002264
S3150802FA78FFF79BFDF3E705A801F059FFEFE7F0B595
S3150802FA8885B006461F461446039132BB084601F05E
S3150802FA98D3FF054608B3B1690B784A89082B0BD8F0
S3150802FAA8062B0BD9039B098930460093134622462F
S3150802FAB8FFF77BFD039401E00F2B19D0B1694B8937
S3150802FAC8EA1892B2B2F5007F4A8117D82FB13046A2
S3150802FAD8098900F00EFC044628B10022234611467D
S3150802FAE83046FFF738FF03A801F021FF05B0F0BD3D
S3150802FAF83046039B0989FFF714FDDBE741F2041434
S3150802FB08EBE773B5836901911B780446082B1546FA
S3150802FB180ED8062B0ED9019E20463146FFF7C9FC98
S3150802FB282A46034631462046FFF7A9FF02B070BDAA
S3150802FB380F2BF0D001A801F0FAFEF7E730B5836972
S3150802FB4887B003911B780546092B144611D10591EE
S3150802FB585AB9134600910F222146FFF726FD214678
S3150802FB682846FFF7F7FC07B030BD05A801F0DFFE07
S3150802FB78F5E703A801F0DBFEF5E770B5836986B0F9
S3150802FB8803911B7805460A2B144631D1059132BBD7
S3150802FB98059801F051FF08B9044620E0002302221D
S3150802FBA805A90DF1120001F0BBFE012815D9BDF809
S3150802FBB8126096B1059801F03FFF86420FD8BDF844
S3150802FBC8121005A802F014F948B100230090212260
S3150802FBD819462846FFF7E9FCDAE741F20D1405A8A3
S3150802FBE801F0A5FE21462846FFF7B4FC06B070BD0B
S3150802FBF803A801F09CFEF9E72DE9F04F87699FB043
S3150802FC0803913F780546052F16461C4604D8032F46
S3150802FC1816D810D003A867E0082FFBD10846139117
S3150802FC28002B00F0C28013A801F081FE214628465F
S3150802FC38FFF790FC01E0FFF71EFD1FB0BDE8F08F45
S3150802FC48202A0846049148D8002B40F0A880571F56
S3150802FC5801F0F2FE4FF6FF78FFB21FFA80FA0DF1AD
S3150802FC681C0BA24506D8AB69DA88424500F287809A
S3150802FC78002434E02346324604990BA801F046FECE
S3150802FC88AB69BDF82C809A88424526D8DA88424557
S3150802FC9823D35969F1B9A94659F80C1BBDF82F207F
S3150802FCA891F870109DF82E308DF84C10ADF84E204C
S3150802FCB80DF131013A4615A88DF85030199701F019
S3150802FCC8A8FB40F20341484613AA01F05EFD3444F4
S3150802FCD8A4B2C6E75A89102A09D941F20414214658
S3150802FCE82846FFF737FC04A801F021FEA5E70023FA
S3150802FCF8584601F00BFEAB690DF13101102FCDE91B
S3150802FD08051B93F80A902BD1B9F1020F34D105A82D
S3150802FD18E3F7E8FF0228DAD14A46DDE9051001F0D9
S3150802FD2843FB0028D3D12B4653F80C0BBDF82F10EA
S3150802FD3890F870009DF82E208DF84C00ADF84E10FC
S3150802FD488DF8502059464A4615A80293CDF864906C
S3150802FD5801F05FFB029B40F20341184613AAB4E777
S3150802FD68022F09D1B9F1100F06D106A8E3F7BAFF8F
S3150802FD780228ACD13A46D0E73A465846CFE742F681
S3150802FD880303ADF84C30022308F101010093284613
S3150802FD9813AB89B200F083FA04460028A3D041F2CD
S3150802FDA80A139C423FF464AF99E759B90021002324
S3150802FDB8AA69284693815381118113993246FFF716
S3150802FDC8CAFD3AE701F038FE16B180B28642EDD18D
S3150802FDD8139A9379D118023389899371E7E72DE93A
S3150802FDE8F0431C468FB0836903911B780546012B9D
S3150802FDF817465BD10846059101F01EFE202F0BD93E
S3150802FE0841F2041421462846FFF7A4FB05A801F087
S3150802FE188EFD0FB0BDE8F083002C42D1059801F09B
S3150802FE280BFE4FF6FF76A7F104081FFA88F81FFAA1
S3150802FE3880F95FFA88F8A14505D8AB69DA88B2422B
S3150802FE4820D80024DEE723463A46059906A801F093
S3150802FE585DFDAB69BDF818109A88BDF81A6091421B
S3150802FE68CED3DB889942CBD89642C9D39E42C7D805
S3150802FE7832462846CDF8008007AB3C44FFF735FBE7
S3150802FE88A4B2D8E74FF42053ADF810300223711CF8
S3150802FE980093284604AB89B200F03FFA04460028C4
S3150802FEA8B4D041F20A139C42CBD0ABE703A8AEE71B
S3150802FEB883691B780B2B02D0103B012B01D8FFF75D
S3150802FEC849BB7047F0B585B00193836917461A7816
S3150802FED804460B3A0A9E072A42D8DFE802F004418A
S3150802FEE83041410441290198039001F0A5FD85B2E4
S3150802FEF803A801F01CFD26B131462046FFF746FB4A
S3150802FF080FE0A1697A194B8992B293420BD90A82F0
S3150802FF1801F10E032046098900F031FA0146002844
S3150802FF28EBD105B0F0BD0121204600F062FAF5E7EB
S3150802FF382EB91A8A0198BA420BD04FF48166019BE8
S3150802FF4803A8039301F0F3FC31462046FFF702FBA8
S3150802FF58E7E7DA89596901F07AFD0028EDD1EEE773
S3150802FF6801A801F0E4FCDCE738B58269044613788F
S3150802FF780D460E2B12D0102B01D00B2B12D153691A
S3150802FF8833B1997902F114000B44DD6801F0CFFC0C
S3150802FF9829462046BDE83840FFF78ABFBDE83840FB
S3150802FFA8FFF7D8BA38BD07B5002300921B22FFF718
S3150802FFB8FCFA03B05DF804FB07B583695980009219
S3150802FFC800231D22FFF7F1FA03B05DF804FB70B5AA
S3150802FFD806460D461446DEF727F84379C57523F013
S3150802FFE8030343F00303437140F60943C380A0F8A9
S3150802FFF815602060153070BD13B50C4601AAFFF7C7
S31508030008E6FF019BDA791444DC7102B010BD73B5B7
S31508030018064610460C46154601F00EFD211801AA98
S315080300283046C9B2FFF7D3FF019B0646DA7914446B
S31508030038DC712B4633B901A8294601F05FFD304622
S3150803004802B070BD5C7924F0030444F002045C71C1
S315080300581B68EFE708B5DDF7EDFF83790C3318441A
S3150803006808BD4B88052B05D108880E288CBF0020A8
S315080300780120704700207047F8B505460F4616460F
S3150803008804210A22002001F0D7FE0246B8B1847972
S3150803009805210C3403194FF0060C00209970D87003
S315080300A802F804C013241C7102245F715870D871AE
S315080300B89C7128461E81BDE8F840E4F7F1BBF8BDF4
S315080300C873B50546104601920C4601F0B5FC0421A2
S315080300D886B2019801F0F3FD024628B901A801F092
S315080300E826FC1A2002B070BD837901900C33C11817
S315080300F84C80C65221462846E4F7D2FB0020F1E78E
S315080301082DE9F04106468846174604210A220020A7
S3150803011801F092FE0246B8B1857900240C354319D5
S31508030128052106209970DC705055012018710220A4
S315080301385C70987183F805803046DC711F81E4F793
S31508030148AFFB2046BDE8F0811A20FBE708B5E4F7BC
S3150803015805FFE4F73FFCE4F745FDE3F753FBBDE882
S31508030168084000F0BAB938B505460C46E4F71AFC50
S3150803017828B928462146BDE83840EEF715B8284673
S315080301882146EEF711F800F0A5F9EFE773B50E4621
S31508030198FCF7D0FB044600BB42F60720FEF7A1FB93
S315080301A80546D0B10A22B6F900300021002BCBBF89
S315080301B80533053BB3FBF2F393FBF2F35BB28DF816
S315080301C8073001230DF10702184601F09FFE0022A6
S315080301D8034629461046FEF791FA204602B070BD33
S315080301E8430803F05503C01A00F03303C0F3850028
S315080301F800F03300184400EB101000F00F007047A6
S31508030208002110B5421D441E14F8010FFFF7E8FF35
S3150803021894420144F8D1084610BD10B5EEF7D6FD49
S31508030228044628B10124204610BD436ADB06F9D4DF
S31508030238EEF7D6FB0028F8D1F5E70020704770B526
S3150803024804460E461546052100220420FDF7E7FD58
S31508030258014618B1A0F80160A0F803502046BDE886
S315080302687040FDF734BEF7B51D46002304460093D0
S315080302780F46164607210620BDF82430089AFDF7C7
S31508030288F2FD014628B1A0F80170A0F80360A0F8AA
S315080302980550204603B0BDE8F040FDF718BE73B510
S315080302A815461A460023044600930E4608200521D8
S315080302B89DF81830FDF7D7FD014618B1A0F8016077
S315080302C8A0F80350204602B0BDE87040FDF7FFBD0D
S315080302D838B5002204460D460A200321FDF79FFD7B
S315080302E8014608B1A0F801502046BDE83840FDF795
S315080302F8EEBD70B504460E461546052100220C20A8
S31508030308FDF78DFD014618B1A0F80160A0F8035062
S315080303182046BDE87040FDF7DABD73B515461A469B
S315080303280023044600930E46102005219DF818302D
S31508030338FDF799FD014618B1A0F80160A0F8035026
S31508030348204602B0BDE87040FDF7C1BD73B50E4639
S31508030358002144890546033CA4B2A342009128BF59
S31508030368234603211220FDF77EFD014608B1A0F8AE
S315080303780160284602B0BDE87040FDF7A8BD2DE91F
S31508030388F3410546984683690F465869164601F0A8
S3150803039853FB6C8980B2053CA4B2844228BF044641
S315080303A8A8692146143001F023FD009048B10522B7
S315080303B80821002001F040FD019030B9684601F094
S315080303C8B6FA1A2002B0BDE8F081009901A801F02F
S315080303D895FB1620019A93790C33D118D054A8F8AB
S315080303E800402846A1F80170A1F80360FDF76FFDE0
S315080303F8E8E738B5002204460D4618200221FDF71A
S315080304080EFD014600B145702046BDE83840FDF7A4
S315080304185EBD70B5857904460C35461901F00CFBA3
S31508030428625D431E013A9BB2202A12D8DFE802F01E
S31508030438131118111A112B113111421142114211B4
S315080304483511271111113B112711401140111111AB
S315080304584200002070BD042B14BF01200320F9E7CE
S31508030468022BF9E743B37278022A0AD0012A23D161
S315080304780222013B0232B3FBF2F102FB1133002BD2
S31508030488EAE71022F5E713F0030F14BF0120032048
S31508030498E0E78BB17278013BEDE76BB17278032A13
S315080304A80AD9013BE7E7042B34BF01200320D1E728
S315080304B8022BF9E70320CDE70120CBE708B5FFF7B9
S315080304C8C9FD407940F4805008BD10B90120E4F706
S315080304D8F7BD70470220E4F7E9BD0020E4F7E6BD57
S315080304E808B5FFF7B7FD407940F4805008BD007892
S315080304F8EEF792B913B50C460DF107020DF106018D
S3150803050801F025FE30B19DF80600031B58425841F1
S3150803051802B010BD0120FBE77047EEF741BC7047F0
S31508030528EFF7C8BAE5F760BD704770477047704775
S31508030538704708B502F0B2FF002814BF142000203C
S3150803054808BD704770477047704700207047704763
S3150803055870477047F8B504460F46164613680A46A1
S315080305681D0A0021043500F049FFEDB22122204671
S31508030578394601F023F92046294601F0A8F9A27954
S3150803058833681444E360F8BD70477047704770478B
S315080305987047704702464FF482712020FDF729BB3E
S315080305A813B50C4601A903F0A1FF10B9019BC4E9C9
S315080305B8003002B010BD08B52020FDF7F6FA00385A
S315080305C818BF012008BD08B5FFF7F5FF20B1BDE838
S315080305D808402020FDF7F1BA08BD08B5EDF760FC19
S315080305E808B1012008BD03F045FFEDF761FC0028B3
S315080305F8F7D1E2F79DFE003818BF0120F2E708B5E0
S31508030608E5F78EFF00280CBF0420012008BD00204B
S31508030618704730B50446154687B00846FCF76BF9A4
S31508030628122200210DF1060000F0E8FEA368ADF8D2
S3150803063804500293E3680393E38BADF81030238CD5
S31508030648ADF81230FFF7E3FF029B8DF8140043F465
S3150803065810530293FFF779FF18B1029B43F004037B
S315080306680293029B01A843F480330293DEF70EF83C
S3150803067810F0FF0516D1A38C0DF10201ADF8003071
S31508030688E38C6846ADF80230FFF780FDE6F718F8FD
S31508030698FCF72FF9012100F015F8F2F71FFE284693
S315080306A807B030BD40F20C40FAE7E6F719B802205E
S315080306B870470020704701207047002070470020C4
S315080306C87047704737B504460D4601A8E8F73CF95D
S315080306D801A8FFF7F6FF204601A98DF80650E6F7A5
S315080306E85DF903B030BD08461146012200F070B81B
S315080306F8014608B54FF0FF30E6F778F9B0FA80F007
S31508030708400908BD00F0BDBB00F0C5BB7FB56C4604
S3150803071805460E460FCA84E80F009DF80D30224693
S3150803072843F04003314628468DF80D3000F0BAF8F1
S3150803073804B070BD7047431E012B03D9031F5842E3
S31508030748584170470120704700F05CBC4FF4D872D3
S31508030758002100F053BE70B50446E8F717F80546B6
S31508030768A8B9A169F1B1238AD3B1204604F11002C5
S3150803077800F02AFB48BBE16929B3638AA3B120467B
S3150803078804F1120200F0F5FA78B1054603E00023EE
S31508030798A3612361E361002328466361236270BD6D
S315080307A8A061E8E72082E6E7E361216A0029F2D037
S315080307B8A38A002BEFD02046E38A04F11402BDE886
S315080307C8704000F0A6BA6182EFE76582E561DCE767
S315080307D810B50C461146E7F77DF8E8F7EBFA012852
S315080307E801D1002010BD002CF7D10520FAE7F8B58A
S315080307F806460D46E6F72EF9D8B94FF6FF734FF0B6
S31508030808240CEF68C1B28F4208D81C4621463046E5
S31508030818E6F7D0FA00F0FCFB2046F8BDAA680CFBFD
S315080308280122D4899C4202D2002CEFD023460130F8
S31508030838E8E70024F0E7C08D70470A7838B5054617
S315080308481046FFF778FF60B14C782046FFF773FF29
S3150803085838B12243530704D42846BDE83840E7F796
S31508030868E7BA212038BDFFF7E8BF10B5044608786C
S31508030878FFF761FF58B14A781046FFF75CFF30B1B6
S31508030888042A04D02046BDE81040E7F7EFBA21202A
S3150803089810BDFFF7EABF00F0CBB9084600F02DBB39
S315080308A8E7F754B970B504460D46164600F07DF8C1
S315080308B858B129462046E6F77DFA38B93246294615
S315080308C82046BDE87040EBF705BF0E2070BDE8F774
S315080308D807BA08B5E6F75AF818B1BDE80840EBF7BA
S315080308E88FB908BD38B5044600200D4600F08CFBC1
S315080308F8D4F8F0302BB929462046BDE83840E7F73F
S3150803090869BB022038BD38B5044648880D4600F049
S315080309187BFBD4F8F0302BB929462046BDE8384086
S31508030928E7F7BEBA022038BD00F070BB00F0DCB9A1
S31508030938E9F732BB38B505460C4604F0CDFAD5F8BF
S3150803094890301C40D5F88C302343C5F88C3004F016
S31508030958B6FA211E18BF01210020490238BDE7F758
S3150803096861B807B5ADF8063013460DF1060200F06F
S31508030978D0F920B9BDF8060003B05DF804FB0020DA
S31508030988FAE700F0F6B9E8F7BFBFE7F7B1BCE7F748
S3150803099857BD38B50446154609B100F03DFA15B1F1
S315080309A82046E7F795FD002038BD0346408A18B167
S315080309B8188A003818BF0120704700F03BBA00F0C0
S315080309C845BA0846E9F7D2BB10B5044600F08BF8D2
S315080309D820B92046BDE81040E6F766BB10BD00F00F
S315080309E820BBE9F701BE2DE9FF41984604460E46A2
S315080309F8174604F08BFA05462046FFF7E5FF0A9BD8
S31508030A083A46029300233146CDE900832046E6F7A2
S31508030A1899FB0446284604F06BFA204604B0BDE859
S31508030A28F08138B5044604F071FA05462046FFF7FF
S31508030A38CBFF2046E6F764FB0446284604F058FA33
S31508030A48B4FA84F0400938BD38B5044604F05EFAAA
S31508030A5805462046FFF7B8FF204600F053F8044634
S31508030A68284604F045FA204638BD38B5044604F046
S31508030A784DFA05462046FFF7A7FF204600F048F833
S31508030A880446284604F034FA204638BD70B50446A9
S31508030A980E4604F03BFA05462046FFF795FF31460E
S31508030AA82046E6F79DFB0446284604F021FA204625
S31508030AB870BD134607B500228DF807100DF1070018
S31508030AC8194600F06CFA03B05DF804FB08461146AC
S31508030AD81A4600F064BA0020704701207047E8F701
S31508030AE87DBB00F008BAE6F719BA10B504F00EFA92
S31508030AF8044600F015F8E6F737FA2046BDE810402D
S31508030B0804F0F6B9024608B5E6F708FA507D08BDB3
S31508030B18024608B5E6F702FA507D80F0010008BDDB
S31508030B2800F07FBAE7F7D2B800F0BFB890F82630D6
S31508030B3803B108470220704710B50446E8F7AEFA2A
S31508030B482046BDE810400321E6F79EBEFFF7F4BF2B
S31508030B5890F826300BB1E8F763BA0220704790F885
S31508030B6826300BB1E8F782BA0220704738B590F8F1
S31508030B7826400D46BCB1053C012C8CBF0024012434
S31508030B8849682246E8F7C8FA286890FAA0F0000ADE
S31508030B98EAF75CF9A97A2889224681F00101E8F778
S31508030BA8EBFA002038BD0220FCE730B585B00546C8
S31508030BB80FC96C4684E80F0021462846FFF7D6FF77
S31508030BC805B030BD1FB5ADF808309DF81830CDE926
S31508030BD800128DF80A3000236946ADF80C30FFF782
S31508030BE8E4FF05B05DF804FB002070470020704752
S31508030BF8013001D1E9F762BE212070477047D0F862
S31508030C08943003F06003402B0DD0602B03D0203BB0
S31508030C1858425841704749B10B68012B06D94869A8
S31508030C2840F00100704740F20110704700207047F2
S31508030C38F7B504461046D4E954C7DDE908268CEA0D
S31508030C48020587EA06010540194085EA0C05794035
S31508030C58C4E95451002523F4004106EA010320F0A8
S31508030C68010043F40073024043F00203CDE900553B
S31508030C78EBF7E6FA94F824309A0713D5D4F85431DF
S31508030C889B050FD54FF488112046FFF753FE94F8B2
S31508030C982430024665F3410384F8243020460B467C
S31508030CA8E6F7D8FD002003B0F0BD0220E9F786BCB5
S31508030CB8D0F8E42008B57AB11368022B0CD9536A1D
S31508030CC813F47F4FC3F3072106D0126ADBB25343E3
S31508030CD88B42B3FBF1F006D2002040F614424C21AE
S31508030CE8E6F706F9002008BD0346D0F83001086080
S31508030CF8B3F8343100208B80704790F830310C2BC9
S31508030D0814BF90F82B00FF2070474FF48071ECF757
S31508030D18C3BC2DE9F0410D4615F0030807461446EA
S31508030D28194623D112B310883F281FD9B0FA80F081
S31508030D38C0F11902D2B2062A01D8192814D0062AEC
S31508030D4828BF06220126931DDBB29E40B6B2B142DE
S31508030D5828BF314628462680E8F786FB23883D625E
S31508030D68BB824046BDE8F0814246EBE74FF02108CF
S31508030D78F7E7F8B511F0030607460D46144621D1D9
S31508030D8802B313883F2B1DD9B3FA83F3C3F11901A9
S31508030D98C9B2062901D8192B12D0062928BF062154
S31508030DA801238A1DD2B293402846238000F0E4F82B
S31508030DB823883846FD617B82E8F768FC3046F8BD28
S31508030DC83146EDE72126F9E738B5148811F0030506
S31508030DD84FEAC4041ED13F2C1CD9B4FA84F4C4F1CF
S31508030DE81903DBB2052B01D8192C11D0052B28BFFB
S31508030DF8052301240633DBB204FA03F3C3F3CF044A
S31508030E081480816104824387E8F740FC284638BD85
S31508030E182B46EEE72125F9E7E6F7B8BC10B51446DD
S31508030E2808460121E9F710FF2046BDE810400121CD
S31508030E38E9F70ABF10B50A011021ECF719FC0446AD
S31508030E48ECF734FC201E18BF012010BD1021ECF75F
S31508030E5823BCF8B504460E46174604F03DF83A4649
S31508030E68054631462046EAF7A5F90446284604F016
S31508030E7826F82046F8BD0220704703207047E9F78D
S31508030E8895BB10B50023E7F7E5FD044608B9EBF764
S31508030E980BFC204610BD38B51D4600230446E7F764
S31508030EA8D9FD28B929462046BDE83840EBF7EEBCF4
S31508030EB838BD8021ECF7F0BB38B50546E6F7FEFCE6
S31508030EC804462846E6F7D8FC072811D1D5F8E030B2
S31508030ED824F47F41DB6921F0080103B15B7841EA11
S31508030EE8032141F020012846BDE83840E6F7ECBC63
S31508030EF824F02001F7E7E8F771B910B5EAF732FCE9
S31508030F0804460021E8F766FAE8F74EFA204610BDC4
S31508030F182DE9F74F01251C469DF8303006460193FF
S31508030F280368174603F0070306339D4005F1FF38A0
S31508030F380B46A1B1416804EA080BA5EB0B0A41F075
S31508030F480059524509EB0B0114D95246184600F0C5
S31508030F5860FA49467A1B5A44504400F05AFA019BE8
S31508030F682BB13C4448EA050804EA0804F46003B0CC
S31508030F78BDE8F08F1846F0E74FF03A4301225A675F
S31508030F8841F6FF72D96418651A67704737B500259D
S31508030F9814460095FFF7BCFF204603B030BD70B56D
S31508030FA80E461546044608B9002070BD0378042B77
S31508030FB818D02078E8F7FCFDB0B923780C2BF3D1C1
S31508030FC80EB1FF233370CDB1FF232B7016E02078BB
S31508030FD80130C0B203282070EBD8E8F7E9FD0028EA
S31508030FE8F5D0E6E70020F5E71EB12078E8F750FEC6
S31508030FF830701DB1207800F00CF828700120D4E76A
S31508031008E7F744BE00207047002070470020704762
S31508031018704710F0FD0F14BF4FF0FF300020C0B221
S31508031028704708B5E9F710FBBDE80840E9F734BB8C
S3150803103838B50446FFF7F5FF0546FFF7F2FF431BE6
S31508031048A342FAD338BD38B50D460446E9F7FCFA80
S3150803105835B1844200D90139204601F0030138BD68
S31508031068844238BF0131F7E708B5E9F705FBBDE858
S315080310780840E9F711BB08B50121FFF7E4FFBDE806
S315080310880840E9F709BB08B521B1920000F0C1F990
S31508031098002008BD2120FCE700F06F43B3F1804F19
S315080310A802D0B3F1204F02D120F07040704700F008
S315080310B86043B3F1204F08BF20F0805070470B0CEC
S315080310C8B3F5384FF7B506460D468FB216D04BF625
S315080310D80102934214D04BF60202934212D0B3F597
S315080310E8304F14BF04240324D6F8E0300BB119682B
S315080310F851B9D6F8DC3093B928680EE00024F3E72B
S315080311080124F1E70224EFE7234668463A46E9F756
S3150803111831FBDDE90003002BEBD103B0F0BD1968F9
S315080311280029E9D0234668463A46E9F723FBDDE969
S315080311380003002BE0D1F0E708B5F4F7ABFF08BDC9
S315080311480204C0F3891307D56FEA83536FEA9353E7
S3150803115813F5007F18B206D0A3F1C8006FF4FF731E
S315080311689842B8BF184670470020E9F7BBBE012066
S31508031178E9F7B8BE0E2070477047EBF7D7BDEBF70C
S31508031188D5BDEBF7D3BDEBF7D1BD08B50846ECF7E4
S31508031198D9F908BDEBF7CABD00228A4202D14FF036
S315080311A8FF30704750F8223093FAA3F30BB901328C
S315080311B8F3E7B3FA83F000EB421070470020704751
S315080311C82DE9F8430746884614460026D4E90195C7
S315080311D8B9F1010905D52468002CF7D13046BDE8CD
S315080311E8F883AB89012B07D9B5F90E30013303D038
S315080311F829463846C04706436835E9E7036A70B59A
S3150803120805460E4684680BB9ECF7B8FC636EDB072C
S3150803121805D4A389980502D4A06D00F0F8F8A38924
S31508031228190702D52369002B35D121462846ECF739
S31508031238C5FC80B34FF0FF35636EDA0705D4A38977
S315080312489B0502D4A06D00F0E3F8284670BD002B71
S3150803125815DB23685A1C22601970A36816F8011F40
S31508031268013BA3600029F2D1002B16DA22460A218C
S31508031278284600F05BF80130DCD00A25DCE7A269CA
S315080312889A4201DC0A29E4D12246284600F04EF898
S315080312980130E2D1CEE7013EDFE723685A1C226014
S315080312A80A221A70E9E710B50C46B1F90E10ECF7DD
S315080312B8FDFC0028ABBF636DA3891B1823F4805371
S315080312C8ACBF6365A38110BD2DE9F0411F468B8921
S315080312D805460C46DB05164605D502230022B1F951
S315080312E80E10ECF7D1FCA3893246B4F90E1028463A
S315080312F823F48053A3813B46BDE8F041ECF7E8BCE9
S3150803130810B50C46B1F90E10ECF7BEFC431CA389BD
S3150803131815BF606523F4805343F48053A38118BF2C
S31508031328A38110BDB1F90E10ECF79EBCF8B50E46AD
S315080313381446054618B1036A0BB9ECF71FFCA369EB
S31508031348A360A3891A0701D5236943B92146284601
S31508031358ECF734FC18B14FF0FF373846F8BD236865
S31508031368F6B222693746981A6369834205DC214629
S31508031378284600F0DEF80028EDD1A368013BA360F0
S3150803138823685A1C22601E70431C62699A4204D059
S31508031398A389DB07E1D50A2EDFD12146284600F0C3
S315080313A8C8F80028D9D0D6E70139024410B59042BF
S315080313B801D1002005E0037811F8014FA34201D0B3
S315080313C8181B10BD0130F2E7884210B501EB020479
S315080313D802D98442234607D8431EA14208D011F8E6
S315080313E8012B03F8012FF8E7024401468A4200D184
S315080313F810BD13F8014D02F8014DF7E702440346F9
S31508031408934200D1704703F8011BF9E77047704701
S3150803141870470A44431E914200D1704710B511F824
S31508031428014B914203F8014FF9D110BDB1F90C20CC
S315080314382DE9F041170705460C4656D44B68002B89
S3150803144802DC0B6C002B3DDDE66A002E3AD000233E
S3150803145812F480522F68216A2B6025D0626DA389FE
S31508031468580705D56368D21A636B0BB1236CD21A6E
S31508031478216A0023E66A2846B047411C24D000237C
S31508031488636023692360A389DA0400D56065616B01
S315080314982F60B9B104F14403994202D02846F6F7F6
S315080314A860FF002363630DE001232846B047461C03
S315080314B80246D4D12B68002BD1D01D2B01D0162B6D
S315080314C82AD12F6000202EE02A68B4F90C3042B1DD
S315080314D81D2A01D0162A21D10023636023692360B4
S315080314E8D5E7626022692260CEE70F69002FE9D043
S315080314F893070E680F600CBF4B690023A6EB070812
S315080315088B60B8F1000FDDDD43463A46216A284663
S31508031518A66AB047002808DCB4F90C3043F0400340
S315080315284FF0FF30A381BDE8F0810744A8EB000814
S31508031538E7E738B50B6905460C4613B90025284667
S3150803154838BD18B1036A0BB9ECF718FBB4F90C30B4
S31508031558002BF3D0626ED00704D4990502D4A06D84
S31508031568FFF755FF28462146FFF760FF636E0546D2
S31508031578DA07E4D4A3899B05E1D4A06DFFF748FFEE
S31508031588DDE770B50C46B1F90E1096B01546002975
S315080315981E460CDAA389002113F0800F14BF4023D3
S315080315A84FF48063002031602B6016B070BD6A461D
S315080315B8ECF7C4FB0028EDDB019901F47041A1F5AA
S315080315C80053594259414FF48063EBE78B89F7B5C2
S315080315D89D0706460C4607D504F14703236023618E
S315080315E80123636103B0F0BD01AB6A46FFF7C9FF80
S315080315F8009F054630463946F6F7A6FE48B9B4F9B4
S315080316080C309A05EED423F0030343F00203A381AF
S31508031618E2E7A389206043F08003A381019BC4E919
S3150803162804075BB1B4F90E103046ECF799FB28B1F9
S31508031638A38923F0030343F00103A381A3891D4365
S31508031648A581CFE7430803F05533C01A00F03333AF
S31508031658800800F0333018444FF0013300EB1010BC
S3150803166800F00F305843000E704710B5044688B18A
S31508031678836A016A7BB180689847002394F8240033
S3150803168823620D28636005D82146ECF78DFE0E23E1
S3150803169884F8243010BD0029EFD08368002BECDBCF
S315080316A8084600F08FFCE8E7002307B51A460191B8
S315080316B801A9ECF7CBFC03B05DF804FB002330B5AE
S315080316C887B004939DF83430DDE90A4503930C9BE8
S315080316D8CDE900450293ECF737FC07B030BD06237E
S315080316E830B585B003930A9BDDE908450293CDE92E
S315080316F80045FFF7E3FF05B030BD30B500230024E6
S31508031708002585B0CDE900450293FFF7E8FF05B044
S3150803171830BD03680B60016070472DE9F0410E463A
S31508031728174600240546006808B9BDE8F081D0E9DC
S315080317380083B3420BD18368BB4208D154B9C5F8B1
S315080317480080C368DB0701D500F03CFC2046044645
S315080317584046E9E7C4F80080F3E7D1E90112FFF741
S31508031768DCBF002370B51A46194605460468ECF724
S315080317786DFC0CB92C6070BDE3682668DB0702D5D7
S31508031788204600F01FFC3446F3E72DE9F8430E46D6
S315080317981746054610B90020BDE8F8830468002CE7
S315080317A8F9D0D4E900893B4632462946A068C84792
S315080317B80028F1D14446F2E73020704738B5054684
S315080317C814460A460021FFF719FE24F01C046B7910
S315080317D844F0100443F004032C716B7138BD2DE9EA
S315080317E8F74F1F469DF830308A46804600930028EF
S315080317F850D0002967D00C68002C66D04FF0000B30
S31508031808E679A179761AF6B2BE4208D30C31394479
S3150803181808EB020945462144F61BC84537E0206804
S31508031828A346BF1B002835D00446E9E7AB199945F3
S3150803183838BFA9EB050632462846FFF7EAFD009B9B
S31508031848002B3DD0E279A079F3B237BB1844A071CF
S31508031858E279A37927689A4232D1DAF80030A342A3
S3150803186808BFCAF80070BBF1000F01D0CBF80070A7
S315080318782046ECF7E9FD3C4635444CB10027A379E5
S31508031888E67903F10C01F61A2144F6B24D45CDD390
S31508031898A5EB080003B0BDE8F08F121AD2B2F918FF
S315080318A8914209DA0C302044D21BD21A014438442F
S315080318B80193FFF789FD019BE279D31AE371C7E719
S315080318C8A3462468D8E70846E4E72046E2E710B5BE
S315080318D8C4790246C4F14503D8B2884228BF0846E4
S315080318E80444D47110BD38B50546C079C0F145041A
S315080318F8E4B2944288BFD4B20C3022462844FFF790
S3150803190888FDEB7920462344EB7138BD1FB503914F
S315080319180021009103A9FFF762FF05B05DF804FBF0
S3150803192813B501240094FFF75AFF02B010BD38B562
S315080319380446206800B938BD0568ECF785FD2560B7
S31508031948F7E7034610B501F0EC0103B910BD1A7998
S3150803195802F013020A431A711A1A544254415A795D
S3150803196864F300025A711B68EFE710B558B10168AA
S3150803197802685AB1136823B15C79E40704D50024CD
S3150803198814600360084610BD0360F1E71346F8E7D9
S31508031998034658B10020DA7999791B68521A50FA1E
S315080319A882F01BB15A79D207F5D57047704770B5D7
S315080319B80D460446E8B186798E4203D3751A8571AE
S315080319C8012070BDC27906F145039B1ADBB2994219
S315080319D80FD806F10C010144921BA81BD2B208447E
S315080319E8FFF7F2FC0023A371E3791D44AD1BE571E8
S315080319F8E6E70020E5E710B50C4698B191B1897971
S31508031A08E279C379521AC3F14503D2B2DBB29342D8
S31508031A1808D30C312144FFF766FF2046ECF714FD7B
S31508031A28012010BD0020FCE70346006818B10268C8
S31508031A381A600023036070470346002003B97047FA
S31508031A48DA7999791B68521A50FA82F0F6E72DE97A
S31508031A58F84F894614468246FFF7EEFF0546484679
S31508031A68FFF7EAFFA542074601D3A04208D2BD42BB
S31508031A7808D10024A346A046264647B9384604E0B3
S31508031A882746F6E738D24FF0FF30BDE8F88F5EB938
S31508031A989AF806809AF80760A6EB080608F10C0870
S31508031AA8D044DAF800A0F6B2BBF1000F0BD199F8C7
S31508031AB8064099F807B0ABEB040B0C344C44D9F839
S31508031AC800905FFA8BFB5E45354628BF5D46BD42E7
S31508031AD828BF3D4621462A464046FFF765FC0028A7
S31508031AE8D3D1A8442C447F1BEDB2761BABEB050573
S31508031AF8F6B25FFA85FBC0E70120C6E703680BB9A8
S31508031B08016070471A461B68002BFBD111607047A2
S31508031B18036803B10B600160704739B10B461A466F
S31508031B281B68002BFBD1036813600160704770B507
S31508031B38046806460D4644B12046FFF77DFFA842CA
S31508031B4811D8236813B9E379A37170BD20463360A6
S31508031B58ECF77AFC3468F4E7ED1A23682046336011
S31508031B68ECF772FC3468002DEFD0A279E3799B1A57
S31508031B78DBB2AB42F0D92A44A271E6E7F8B50668A0
S31508031B8805460C4646B13046FFF756FFA0421DD810
S31508031B98336813B9F379B371F8BD30462B60ECF79C
S31508031BA853FC2E68F4E7064638460768002FFAD129
S31508031BB8C2798379D31ADBB2A34202D9121BC2713B
S31508031BC8EAE7E41AECF740FC3EB13760002CE3D0A9
S31508031BD828680028E0D00026E7E72E60F6E7F8B578
S31508031BE804460F46BC4200D1F8BDA179E5796D1ABA
S31508031BF8EDB2C5F14506B6B20EB92468F2E749B19E
S31508031C080C312A46214404F10C00FFF7DDFB0023B7
S31508031C18E571A3712368BB42EFD05A79D207ECD48E
S31508031C289979DD79A0796D1AEDB2B54228BF35469B
S31508031C38E2790C3010440C312A4619442044FFF73C
S31508031C48E8FBE379206853FA85F3E3718379761B0E
S31508031C5853FA85F5C379EDB2AB42B6B2857103D1AA
S31508031C6803682360ECF7F0FB002ED3D1C5E738B534
S31508031C780C46016809B9046038BD0D460968002988
S31508031C88FBD1236823B12046FFF7A9FF2C60F3E7A6
S31508031C9821462846FFF7AFFE0028EDD1F6E748B1F7
S31508031CA8002302794360036083604379027143F032
S31508031CB804034371704700221146ECF721BC38B573
S31508031CC804460D46FFF773FE98B984B12079FFF7E2
S31508031CD8F2FF58B163794279C3F3400363F34102C8
S31508031CE845235D1B04604271C371857138BD0120A4
S31508031CF8EDE72046FAE738B5036804460D469BB16F
S31508031D081879FFF7D8FF88B12368427903605B79A6
S31508031D18C3F3400363F3410245235D1B4271C37151
S31508031D2885712060002038BD0120EAE71920FAE703
S31508031D3838B50C46054640B3006830B309B90020E0
S31508031D4838BD4AB9C9B2FFF732FE0028F7D12B685E
S31508031D589A799871A41A06E0452918D8C9B2FFF7DB
S31508031D6826FE0028EBD1442C07D8002CE7D02846B2
S31508031D78E1B2BDE83840FFF7BEBF45212846FFF75D
S31508031D88BAFF0028DCD1453CEDE72220D8E7212015
S31508031D98D6E72DE9F84390F8078090F806900446A5
S31508031DA8A8EB0907FFB2B9420D4602D30020BDE8DE
S31508031DB8F8830079FFF77FFF06460028F6D0A1794E
S31508031DC880790C317F1B29440C30BAB2214430443C
S31508031DD8FFF71FFBF37901203B44F371E379994431
S31508031DE84D442368A5EB0805E57133602660DEE7ED
S31508031DF8F8B5076806460D463C46002305B12CB9CF
S31508031E080BB100221A6034603846F8BDE379A27923
S31508031E189B1ADBB2AB4207D8E379A2799B1ADBB2E2
S31508031E28ED1A23462468E9E72046E9B2FFF7B1FF26
S31508031E380028F1D10746E7E75318452B02DCC9B250
S31508031E48ECF75EBB00207047F7B5002605460F4634
S31508031E5801960DB9019C09E0002238461146ECF7AC
S31508031E684FFB044628B901A8FFF761FD204603B0CE
S31508031E78F0BDAB798371EA79C27168796179D21A47
S31508031E8860F30001617169796079C1F3400161F30F
S31508031E984100607103F10C002918D2B22044FFF7F8
S31508031EA8B8FA019B03B9019406B1346026462D682E
S31508031EB8CFE72DE9F8430D461446064610B319B37A
S31508031EC8DAB1034699461B68002BFBD12746C84651
S31508031ED83A4629464046FFF706FDC145A7EB0007DC
S31508031EE8054418BFC9F8008037B10022B17930799B
S31508031EF8ECF706FBC14618B9E41B2046BDE8F88388
S31508031F088046E5E70446F8E70C46F6E737B5154687
S31508031F18C9B200221C46ECF7F3FA019040B12246EF
S31508031F282946FFF7C6FF844202D901A8FFF7FFFC33
S31508031F38019803B030BD034610B501391A1A914200
S31508031F4800D810BD445C1A7803F8014B425401398A
S31508031F58F4E700230144884200D1704700F8013B9F
S31508031F68F9E738B505460C4604B938BD013C55F8B2
S31508031F7834305B68002BF7D09847F5E72DE9F0412D
S31508031F880446002654F836302BB904F10408B3423C
S31508031F9803D100250FE00136F4E754F833205F1C14
S31508031FA812685AB158F833009047054630B139468E
S31508031FB82046FFF7D6FF2846BDE8F0813B46E6E705
S31508031FC8ECF7A8BBF6F702B90020704710B5044624
S31508031FD8806920B10021E1F787FA0023A36110BDC0
S31508031FE807B501228DF807100DF10701FFF761FF01
S31508031FF803B05DF804FBF7B505464FF428500C46BD
S31508032008FCF76FFC0646FCF707FAB0B3022C02D8AE
S31508032018002003B0F0BD002731460DF105030DF185
S3150803202806023846ADF80670FCF73AFBBDF80620F3
S31508032038631E934206461EDC072C1AD9023CADF8E2
S3150803204806400824BDF80630002BE1D00133D9B27F
S315080320582846FFF7C5FF21462846FFF7C1FF31463D
S315080320682846BDF80620FFF724FFBDF80600023008
S31508032078CFE7ADF806700924E4E74FF0FF30C8E761
S3150803208802292DE9F34104460D461746184603D88F
S31508032098002002B0BDE8F081FCF723FC0646FCF7EE
S315080320A8BBF90028F4D04FF0000831460DF10503B3
S315080320B80DF106024046ADF80680FCF7F1FABDF8BD
S315080320C80630BDF820200646934228BF1346AB427E
S315080320D828BF2B469DF80500ADF80630C0B9002B76
S315080320E8D7D001339AB29542D3D9D9B22046FFF746
S315080320F877FF39462046FFF773FF31462046BDF872
S315080321080620FFF7D6FEBDF806000230C0B2C0E7C0
S315080321184046BEE707B501A9ECF7E0FB30B9019BD2
S31508032128586AC0F3C02003B05DF804FB0020FAE739
S31508032138002008B5ECF754FC08B9FF2006E0C37B72
S31508032148012BF7D1436ADB06F4D5007808BD73B5C6
S315080321580E4601A91546ECF7C1FB90B9019A546ACC
S3150803216814F010030FD0C4F300343470D37B5A1E0B
S31508032178042A02D8D81E18BF01202870012002B0E5
S3150803218870BD0020FBE71846F9E738B5436A0446E5
S315080321985B0705D5002300781A461946EDF706FAAC
S315080321A8636A9D0706D52046ECF7ACFB636A23F0FA
S315080321B802036362636A18070DD52146E27911F8A3
S315080321C8010BC2F3C002EDF793F90546E8B9636A4A
S315080321D823F008036362204600F0F4F90546A0B91C
S315080321E8626AD10611D5D30404D52046FEF725F825
S315080321F840B11BE01206E37B09D4E37B626A023B20
S31508032208012B15D9616A48071FD4284638BD03F038
S31508032218FB03012BF6D021692078EDF78FF9636A5A
S31508032228256123F0800363620028E6D00546ECE7B8
S31508032238D305E7D561692078EDF79CF9002363612F
S31508032248636A23F480736362D2E7E37BA28D012B67
S3150803225803D1A2B1802A28BF802211F0400F94F82F
S3150803226830304FF0010118BF01232078EDF79EF9A6
S315080322780028DBD1636A23F004036362C5E74022B7
S31508032288EBE7002010B5ECF7ABFB044600B910BD25
S31508032298636ADA060BD55B0409D42046ECF788FA91
S315080322A8636A204643F006036362FFF76EFF204618
S315080322B8E9E713B50C4601A9ECF710FB50B9022C4C
S315080322C807D802462146019802B0BDE81040ECF744
S315080322D8ABBB212002B010BDF7B50E4601A91546BA
S315080322E81F46ECF7FBFAF8B9019C626A93050BD407
S315080322F84FF6DF73A6F12001994217D8A5F12001F5
S31508032308994213D8AE4211D8E369B34202D1236A74
S31508032318AB4204D0C4E9076542F0020262629DF83B
S315080323282030A78584F8303003B0F0BD2120FBE7B9
S3150803233873B50D4601A90646ECF7D0FA044678B9EB
S315080323483046FFF7E7FE2B1E18BF0123834207D043
S31508032358019A536A3DB143F4006343F00203536297
S31508032368204602B070BD23F40063F6E790F83930C7
S3150803237837B55B0704460D462AD4ECF719FA6B1EDC
S31508032388042B14D8032D12D0E379142B22D0A3696E
S315080323986BB96846FBF7AAFEE1F7B6F96946E1F7AA
S315080323A819F818B91A25284603B030BDA061636A17
S315080323B8E57343F016036362E2F734FC2046FFF736
S315080323C8E4FE05460028EED02046FFF7FFFDEAE7B8
S315080323D80225E8E72125E6E707B501A9ECF77EFA1A
S315080323E830B90198C17B03B05DF804EBFFF7BEBFAC
S315080323F803B05DF804FB37B50C4601A9ECF76EFA8A
S3150803240818B9052C019D02D9212003B030BD2869C6
S31508032418FFF712FB1F28F7D86869FFF70DFB1F2874
S31508032428F2D8012CF0D0231F012BEDD921462846D3
S315080324386B6A23F482536B6203B0BDE83040FFF737
S3150803244895BF37B5FFF774FEFF28044613D001A9CD
S31508032458ECF744FA78B9019D6B6A284623F010030A
S315080324686B62FFF7B3FD204605F1340103B0BDE8F7
S315080324783040E3F70BB803B030BD002337B580F80F
S31508032488723040F6FF73A0F86E3083680446DA04A0
S315080324980D46C16010D443F480636A46A36040F2CC
S315080324A803212046CDE90045FFF76FF900212046A9
S315080324B8E1F71AF803B030BD90F87600FFF78CFFFA
S315080324C8A36823F48053E8E773B56E4604464A7946
S315080324D830460D460631E1F75BF996E80300A4F89A
S315080324E85010090C11F0800FE06484F8521004F1B7
S315080324F8530312D00122184605F11201E1F748F9E8
S315080325080C352846FDF77CFE28B10122294604F135
S315080325185A00E1F73DF902B070BDB4F8501094F8C3
S315080325285220C4F8530099809A71E9E71FB590F8C1
S315080325387420044602F0010301908DF808300BB1A4
S3150803254802F002038DF8093094F8753020468DF8A1
S315080325580A30039100F021FA4FF4017101AA2046C3
S31508032568FFF713F92046E1F74BF804B010BDE0F777
S3150803257893BFFBF72DBC0A460021E2F721BE1322B7
S315080325880121E2F71DBE826838B5C2F380320446D4
S31508032598B0F86E000D46E2F7B9FE20B9A3681DB177
S315080325A843F40053A36038BD23F40053FAE7837949
S315080325B81A0705D413F0100F0CBFFF200120704724
S315080325C8002070470020704708B5FDF743FD40799A
S315080325D840F4805008BDC06B00B9704783898B42A5
S315080325E8FBD08068F8E7C06B00B97047C3898B428C
S315080325F8FBD08068F8E788B14268D36B1BB183427E
S3150803260805D18368D363ECF7F1BF002BFBD01A46D1
S315080326189B688342F9D183689360F4E7704722F08D
S315080326280042B2F5805F08B505D041F201039A4224
S3150803263806D0002008BD0622827440F215420262BB
S31508032648FFF7D9FF0120F5E72DE9F047074689463D
S3150803265890460421122200209A46FFF7EDFB02460C
S3150803266818B3002505210E2386790C368419A1701B
S31508032678E5708355152323710A23A371BDF8203002
S315080326883846A381BDF824306570E381BDF8283040
S3150803269884F80590E571A4F80880A4F80AA02382AB
S315080326A8E2F7FEF82846BDE8F0871A20FBE72DE986
S315080326B8F84304460E464FF00609D0F80480E2F7B5
S315080326C87DF90C22207707460421002084F81E90FA
S315080326D8FFF7B2FB024630B940F20E439E4227D1B2
S315080326E81A20BDE8F883002505214FF0080C8079E0
S315080326F80C3013189970DD7002F800C05F7104274F
S3150803270883F80490E0895D701881A0899F715881C0
S31508032718DD714046E2F7C4F847F230532A4641F2D8
S31508032728010120462662A774EBF700FD2846D8E779
S315080327382046FFF760FFD3E770B54FF48265044672
S31508032748C06B08B9E06370BD86680562ECF74EFF8F
S315080327583046F6E72DE9FF4716461D46A2F1170345
S315080327684FF6E6729BB2934207468846BDF8309001
S31508032778BDF834A024D8A5F11703E52B20D8FFF70D
S315080327882AFF0446F0B1837C012B1ED1BAF1000F48
S3150803279813D040F20E430362FFF72DFF617FE582EC
S315080327A8A4F81A90334642463846CDE9019A009565
S315080327B8FFF74AFF04B0BDE8F08703238374EDE700
S315080327C82120F7E740F20F40F4E740F21740F1E714
S315080327D82DE9F84380461646AAB3FFF7FCFE0546D5
S315080327E898B3837C032B33D1E2F7E8F84FF016093D
S315080327F80C22287707460421002085F81E90FFF740
S315080328081BFB024638B36B8B002433446B8390F85F
S3150803281806C005210CF10C0C00EB0C030820997073
S31508032828DC7002F80C00042083F804905F71987131
S31508032838A8895C701881DC7140465E81E2F730F836
S315080328482046BDE8F8832120FBE740F20F40F8E766
S3150803285840F21740F5E71A20F3E770B5064615461A
S315080328681A46FFF7B8FE0446C0B1837C032B18D172
S31508032878038BCBB1DDB1838AAB4218D32B4604212C
S315080328880020FFF743FB024698B13046E189FDF776
S3150803289817FC10B9238B013B238370BD40F20F4005
S315080328A8FBE740F21740F8E740F21440F5E7212022
S315080328B8F3E71A20F1E708B50A464988A1F1400360
S315080328C83F2B0CD8FFF787FE48B11188C28A914275
S315080328D807D9052240F212418274FFF7E8FE002061
S315080328E808BD0120FCE7002070470F2070470F201A
S315080328F87047704710B588B0E0F7B8FD0446002856
S3150803290847D090F87200022845D1A36813F4407F8C
S315080329182AD094F87330012B2FD194F97500DFF771
S315080329283DFF10B9A368DB0527D594F8743013F06F
S31508032938010322D1CDE90133CDE90433CDE90633C1
S31508032948ADF80C30A36813F4807F01AB0ED0A06AE8
S31508032958E16A228E03C31A802046BDF8042004AB15
S315080329680DF10601E2F7A2FC08B010BD0A220221FE
S3150803297894F97500FBF798F8EEE7002345F2170272
S315080329881946204600F03CF9B0FA80F040094000A1
S31508032998EAE72120E8E70220E6E738B545F21B020D
S315080329A80C460B460021054600F02AF930B92CB126
S315080329B821462846BDE83840EDF7D0B838BD00F0BB
S315080329C841B900F05ABC00F063BC10B504464C3054
S315080329D8FBF763F884F875002046BDE8104000F055
S315080329E827BC10B50446FBF72FF802280DD194F82F
S315080329F8733094F97000012B14BF0521032184F859
S31508032A083210BDE8104000F057BCA36843F40073BE
S31508032A18A36010BD00F048B938B5037804463E2BC1
S31508032A280D4604D18378052B02D0ED2B0FD038BD7C
S31508032A38B0F80300E0F70CFD20B1B4F80D10621DD9
S31508032A4800F098F92846BDE83840FEF770BFB0F895
S31508032A580300E0F7FDFC0028F4D0B4F80D1004F1E0
S31508032A680F03621D00F089F9ECE7CB0448BF41F46C
S31508032A7880618160704710B5044645F21A01FEF76E
S31508032A8813FE2046BDE8104047F23053002245F2AC
S31508032A981A01EBF74BBB10B50A4604460821002072
S31508032AA8FFF7CAF910B1837903441C7310BD38B507
S31508032AB805460C460D201121FFF7EDFF024688B19E
S31508032AC82146837903440D3304F1100051F8044B66
S31508032AD8814243F8044BF9D12846BDE83840062114
S31508032AE8FDF7EEBA38BD38B505460C46042011215C
S31508032AF8FFF7D1FF024688B12146837903440D338C
S31508032B0804F1100051F8044B814243F8044BF9D1F8
S31508032B182846BDE838400621FDF7D2BA38BD38B588
S31508032B2805460C4603201121FFF7B5FF024688B16F
S31508032B382146837903440D3304F1100051F8044BF5
S31508032B48814243F8044BF9D12846BDE838400621A3
S31508032B58FDF7B6BA38BD37B500220546082110462B
S31508032B68FFF76AF90446C0B10C2301220DF10701E0
S31508032B788DF80730FFF79DF9296C20225431204632
S31508032B88FFF797F9296C202274312046FFF791F944
S31508032B98224606212846FDF793FA03B030BD08B541
S31508032BA8D0B2E0F763FC28B190F8773003F07F03D7
S31508032BB880F87730012008BD70B50546EDF700FAA9
S31508032BC80C4606460A46284645F20101B0472B6CC9
S31508032BD803B11C60324628462346BDE870404FF4C5
S31508032BE8A041184770B51546044638B1EDF7E8F914
S31508032BF82A4603462046BDE870401847022070BD9A
S31508032C08114608B51A4621F00041FFF7EBFFB0FA5B
S31508032C1880F0400908BD08B50B4601461846EBF788
S31508032C28A9FD003818BF012008BD10B50446006879
S31508032C3838B11A21FFF78DF92068FFF7C3F900237E
S31508032C48236010BD30B58BB00D46002201A9C0B26A
S31508032C58EDF718FA044620BB01460D220DF10B00C1
S31508032C68FEF7CCFBB5F803206B79ADF8082006A95F
S31508032C78019A02A88DF80A30EDF740F840F20343A3
S31508032C88BDF81820002818BF1C469DF81A301021CD
S31508032C9802A82A80AB70FFF75CF9102106A8FFF78C
S31508032CA858F920460BB030BD10B50446EDF782F83F
S31508032CB804F13400FFF7B9FFA3685A0606D523F0CB
S31508032CC8400300212046A360E2F740FA236C63B168
S31508032CD8D3F89400F6F785F90421206CFFF739F938
S31508032CE8206CFFF76FF90023236410BDF7B50D466B
S31508032CF869461646EDF7C6F9044698B929461022D1
S31508032D08009801ABF6F743FA074610212846FFF75A
S31508032D1812F92FB110212846FFF71BF940F2074489
S31508032D2806B13760204603B0F0BD38B50446C51C5E
S31508032D3803212846FFF76FFFC8B9E27863797AB99A
S31508032D4822791A43F4D003F07F0343F040036371EF
S31508032D585323A3712146BDE83840FF20FFF772BF06
S31508032D68FF2AF0D122791A40FF2AE1D0EBE740F28D
S31508032D78074038BD0021E2F7E9B9F8B51D46836867
S31508032D8804465B060F4616462DD41A20FFF718F98C
S31508032D980146606320B92046BDE8F840E2F7D6B98C
S31508032DA8034623F8027B326805F11001C0F80220AE
S31508032DB872685A602A46636B0A3352F8040B8A42C6
S31508032DC843F8040BF9D110212846FFF7C2F8A3687C
S31508032DD843F0400213F4407FA26004D02046BDE8BE
S31508032DE8F840EDF745BAF8BD2DE9F0419CB015460C
S31508032DF808AA1C4606460B469046239F01F1200E51
S31508032E089446186859680833ACE80300734562465C
S31508032E18F6D120214046FFF78EF810AB2A469C4682
S31508032E2805F1200E1D4610685168083203C5724518
S31508032E382B46F7D160462021FFF77DF818AA944652
S31508032E48229B03F1100E154618685968083303C5FB
S31508032E5873452A46F7D160461021FFF76CF804AA8A
S31508032E682346154604F1100C14461868596808339E
S31508032E7803C463452246F7D110212846FFF75BF8B2
S31508032E886B46502241462846EDF748F80446102172
S31508032E982846FFF75EF850214046FFF75AF834B13B
S31508032EA808213046EDF7E4FA1CB0BDE8F081039B28
S31508032EB838463B600421FFF73EF868461021FFF7BA
S31508032EC848F8224645F214013046FFF78BFEEBE72E
S31508032ED82DE9F04796B01D46DDE9229705AB064668
S31508032EE80C469E46DDF8908002F1100A9C46106847
S31508032EF851680832ACE8030052456346F6D1704672
S31508032F081021FFF718F809AA2B46944605F1100E5F
S31508032F18154618685968083303C573452A46F7D109
S31508032F2860461021FFF707F80DAA94461E9B03F17E
S31508032F38100E154618685968083303C573452A4693
S31508032F48F7D160461021FEF7F6FF9DF87C30D9F8CD
S31508032F5800008DF844309DF8803006218DF84530F9
S31508032F689DF8843012908DF8463099F8063012A8E1
S31508032F7883F00803C3F3C0038DF84730B9F8043060
S31508032F88ADF84C30FEF7D7FFBB79062183F0080363
S31508032F98C3F3C0038DF84E303B680DF14F00CDF8E7
S31508032FA84F30BB8804F11007ADF85330FEF7C3FF5B
S31508032FB801AA23461546144618685968083303C4EC
S31508032FC8BB422246F7D110212846FEF7B4FF4346EB
S31508032FD8412205A92846ECF7A1FF044610212846ED
S31508032FE8FEF7B7FF412105A8FEF7B3FF34B1082159
S31508032FF83046EDF73DFA16B0BDE8F087404610218E
S31508033008FEF799FF224645F213013046FFF7EAFD14
S31508033018F1E72DE9F3411D46089B044688461646FB
S3150803302890F873705BB110211046FFF7F4FD30B1C1
S315080330380821204602B0BDE8F041EDF719BA236C1A
S31508033048013EDA1C681E133312F8011F16F801CF5E
S315080330589A4281EA0C0100F8011FF5D1002340467C
S3150803306801A90193ECF7C4FF48B10198F5F7B9FF2D
S3150803307808212046EDF7FCF902B0BDE8F081294698
S315080330882846019AECF73AFE0028EED1022F0CBF20
S315080330980023062304F159022B4404F15F0012F8AE
S315080330A8016F1978904281EA060103F8011BF6D1E4
S315080330B8022F14BF0023062304F152022B4404F1FA
S315080330C8580012F8016F1978904281EA060103F845
S315080330D8011BF6D129462846019AECF70FFE054641
S315080330E80198002DC2D1F5F77CFF2A4645F210014F
S315080330F82046FFF777FDBFE72DE9F04196B0154659
S3150803310805AA1C4606460B4690461D9F01F1200E46
S315080331189446186859680833ACE803007345624649
S31508033128F6D120214046FEF706FF0DAB2A469C46F4
S3150803313805F1200E1D4610685168083203C5724505
S315080331482B46F7D120216046FEF7F5FEAEB3336C5E
S3150803315893F85D31013B022B2FD89DF8703043F065
S31508033168800301AA8DF854301546234604F1100C3A
S31508033178144618685968083303C463452246F7D1C1
S3150803318810212846FEF7D7FE3B46412241462846E4
S31508033198ECF7C4FE044610212846FEF7DAFE412159
S315080331A84046FEF7D6FE54B11EB108213046EDF760
S315080331B85FF9204616B0BDE8F0810023D1E7102150
S315080331C83846FEF7B8FE002EF3D0224645F211011B
S315080331D83046FFF707FDECE7EEF744BFB1F5A04F16
S315080331E870B504460D4616460AD045F206039942B3
S315080331F816D0324629462046BDE87040EDF758BF33
S31508033208836843F08003836090F87330012B03D1F6
S31508033218BDE87040EDF77EBDBDE87040EDF79ABF8F
S3150803322893791344597C41F49051ECF797FCE0E7FA
S31508033238002310B50364044690F97500431C13D09C
S31508033248DFF766FE082204F11003114694F97500A0
S31508033258FAF72AFC94F91330012B07D194F874303A
S3150803326843F0020384F87430002010BD022BFBD107
S3150803327894F8743043F00A03F4E74B88062B05D110
S31508033288088841288CBF0020012070470020704712
S3150803329807B58B790A460B440191197C4B1E0D2BEE
S315080332A804D801F5A0410131FFF79CFC01A8FEF7F4
S315080332B83EFB03B05DF804FB7047000000B583B016
S315080332C800F020F801900A4B1B6F1B0B03F00F0342
S315080332D80093009B0133019AB2FBF3F30193054A62
S315080332E8019B1360019B184603B05DF804FB00BFF6
S315080332F80080005048290020014B1B681846704770
S315080333084429002000B583B000230193134B1B6F90
S3150803331803F00703013B032B19D801A252F823F03C
S315080333284F3303083933030841330308493303087A
S31508033338FFF7E2FF01900BE0094B1B68019307E0CF
S31508033348084B019304E0084B019301E0FFE7FDE707
S31508033358019B184603B05DF804FB00BF00800050C4
S315080333683C29002080D54302002D3101014B18461C
S31508033378704700BF00B4C404014B1846704700BF22
S31508033388002D3101014B1B68184670473C2900205C
S31508033398014B1846704700BF80D5430282B0002305
S315080333A80193314B03F580531A464FF400235366AA
S315080333B84FF0B4439B681B0C03F01F030C2B4DD823
S315080333C801A252F823F000BF05340308653403083D
S315080333D86534030865340308653403086534030844
S315080333E841340308473403084D340308653403088E
S315080333F853340308593403085F3403084FF0B443B6
S315080334089B6803F04073B3F1007F0ED0B3F1007FD6
S315080334180ED8002B03D0B3F1807F03D008E0134BF3
S31508033428019308E0124B019305E0124B019302E05E
S315080334380023019300BF12E00F4B01930FE00F4BD4
S3150803344801930CE00E4B019309E00E4B019306E03A
S315080334580D4B019303E00D4B019300E000BF019B5D
S31508033468184602B0704700BF0080005000093D00A7
S3150803347880841E0040420F00405DC6000024F40005
S31508033488C0EA210180BA8C010048E801005A6202A1
S31508033498014B1B681846704740290020054B5B6893
S315080334A8C3F30803002B14BF01230023DBB2184612
S315080334B8704700BF00ED00E082B00190019B1B78BE
S315080334C8002B0AD0019B1B78012B06D0019B1B787E
S315080334D8022B02D0019B1B78032B019B5B781A46A8
S315080334E80849019B1B781846012303FA02F2034687
S315080334F85B0003441B010B4403F582531A6000BFA0
S3150803350802B0704700C0035000BF064B5B6803F060
S315080335180103002B03D0034BDB69002BF5D100BF4E
S31508033528704700BF00C00A5008B5FFF7EDFF024B06
S315080335389B69184608BD00BF00C00A5082B00346F7
S3150803354800918DF807309DF80730002B06D1054BF7
S3150803355803F580531A46009B536400BF00BF02B0A5
S31508033568704700BF00C00A5082B0034600918DF821
S3150803357807309DF80730002B06D1054B03F5005392
S315080335881A46009B536400BF00BF02B0704700BFCA
S3150803359800C00A5082B0034600918DF807309DF89B
S315080335A80730002B06D1054B03F500531A46009B33
S315080335B8136400BF00BF02B0704700BF00C00A50BB
S315080335C882B003468DF807309DF80730002B02D1E1
S315080335D8034B1B6C00E00023184602B0704700BF74
S315080335E800C00A5082B003460A468DF807301346C8
S315080335F88DF806309DF80730002B0ED19DF8063056
S31508033608002B02D0012B03D005E0064BDB6C05E043
S31508033618044B1B6D02E0002300E00023184602B0A2
S31508033628704700BF00C00A5082B0034600928DF85F
S3150803363807300B468DF806309DF80730002B0FD157
S315080336489DF80630002B02D0012B04D007E0064A62
S31508033658009BD36403E0044A009B136500BF00BFBD
S3150803366800BF02B0704700BF00C00A5082B00346C5
S315080336788DF807309DF80730002B02D1034B5B6D95
S3150803368800E00023184602B0704700BF00C00A507E
S3150803369800B583B000230193019B002B07D10122B0
S315080336A80A210548F2F70DFDBFF34F8F00BF019BAB
S315080336B8184603B05DF804FB6880005008B5002275
S315080336C80A210348F2F7FDFC0023184608BD00BF84
S315080336D86880005000B585B0034600918DF8073019
S315080336E80023039301F012FC02909DF807301F2B61
S315080336F800F2EA8001A252F823F000BF85370308CF
S3150803370891370308D1380308A1370308B1370308E3
S31508033718C1370308D1380308D1370308E137030843
S31508033728D1380308F1370308D138030801380308E1
S3150803373811380308D1380308213803083138030830
S3150803374841380308D138030851380308D138030820
S3150803375861380308C1380308D138030871380308E0
S31508033768D138030881380308D13803089138030880
S31508033778D1380308A1380308B1380308FFF7C2FD8F
S315080337880246009B1A60A5E04FF4C070CFF706FC03
S315080337980246009B1A609DE04FF42070CFF7FEFBA4
S315080337A80246009B1A6095E04FF44070CFF7F6FB84
S315080337B80246009B1A608DE04FF46070CFF7EEFB64
S315080337C80246009B1A6085E04FF40070CFF7E6FBC4
S315080337D80246009B1A607DE04FF48060CFF7DEFB54
S315080337E80246009B1A6075E04FF44060CFF7D6FB94
S315080337F80246009B1A606DE04FF4C060CFF7CEFB14
S315080338080246009B1A6065E04FF4F060CFF7C6FBE3
S315080338180246009B1A605DE04FF4B060CFF7BEFB23
S315080338280246009B1A6055E04FF4D060CFF7B6FB03
S315080338380246009B1A604DE04FF41060CFF7AEFBC3
S315080338480246009B1A6045E04FF4E060CFF7A6FBF3
S315080338580246009B1A603DE04FF4A060CFF79EFB33
S315080338680246009B1A6035E04FF41860CFF796FBBB
S315080338780246009B1A602DE04FF42860CFF78EFBAB
S315080338880246009B1A6025E04FF48070CFF786FB43
S315080338980246009B1A601DE04FF42060CFF77EFBB3
S315080338A80246009B1A6015E04FF44860CFF776FB8B
S315080338B80246009B1A600DE04FF40860CFF76EFBCB
S315080338C80246009B1A6005E0009B00221A60212322
S315080338D8039300BF029801F00BFB039B184605B038
S315080338E85DF804FB00B585B003460A468DF807302C
S315080338F813468DF80630002302939DF80630032BEA
S3150803390816D801A252F823F02139030827390308E0
S315080339182D390308333903080123029308E00423DE
S31508033928029305E01023029302E04023029300BFA3
S315080339389DF80730032B1FD801A252F823F000BFBE
S3150803394859390308633903086D39030877390308AE
S31508033958029B43F0020302930EE0029B43F008031B
S31508033968029309E0029B43F02003029304E0029BB7
S3150803397843F08003029300BF0F4B1B68039312E0BF
S31508033988039B5B681A68029B1340002B08D0039BAA
S315080339985B685B689DF806109DF8072010469847EC
S315080339A8039B1B680393039B002BE9D100BF00BF46
S315080339B805B05DF804FB00BFC416002000B585B042
S315080339C803460A468DF8073013468DF806309DF8E0
S315080339D80730002B02D09DF80730022B9DF80730D5
S315080339E8013B3B4AD35CFF2B05D19DF8063083F090
S315080339F80103DBB2002B9DF80730013B344AD35C3D
S31508033A08FF2B03D19DF80630002B5BD19DF80730B1
S31508033A18013B2F4AD35C002B02D19DF80630002BB5
S31508033A289DF80730013B2A4AD35C002B06D19DF83B
S31508033A38063083F00103DBB2002B45D19DF8073026
S31508033A48013B234AD25C9DF80630002B01D001219D
S31508033A5800E0FF219DF80730013B0A44D1B21C4A0E
S31508033A68D1549DF80630002B2FD01A4B1B78012BFF
S31508033A782BD900F07FF903468DF80F309DF80F30E0
S31508033A88012B02D800F078FA09E0124B1B78032BAE
S31508033A9805D19DF80F30022B01D101F055FB0D4BCB
S31508033AA81B789DF80F209A420FD00A4B1B789DF86E
S31508033AB80F2011461846FFF715FF064A9DF80F30DB
S31508033AC8137002E000BF00E000BF05B05DF804FB11
S31508033AD8C81600208824002000B583B001F0E9FA47
S31508033AE80190AFF3008001F07FF9034683F00103E1
S31508033AF8DBB2002B05D0AFF30080019801F0E5FA95
S31508033B08D7E06D4B1B78002B05D0002000F0C4F9CD
S31508033B18694B00221A7000F02DF903468DF8033015
S31508033B289DF80330184600F03FF900F023F90346D9
S31508033B388DF803309DF80330012B09D95F4B1B78A1
S31508033B48DBB283F00103DBB2002B01D000F090FA55
S31508033B585B4B1B789DF803209A4216D0594B0022D3
S31508033B681A70594B1B78DBB283F00103DBB2002BBF
S31508033B7807D0534B1B789DF8032011461846FFF7C1
S31508033B88B1FE4F4A9DF8033013704E4B1B78002B32
S31508033B9808D04B4B1B78022B04D14A4B00221A70C8
S31508033BA801F0DDFC9DF80330012B13D9434B1B7831
S31508033BB8DBB283F00103DBB2002B0BD0434B1B7834
S31508033BC8002B04D100F06EFA414B01221A703B4BC5
S31508033BD801221A703A4B1B78184601F095FA3A4BA4
S31508033BE81B78DBB2002B03D03A4B1A78344B1A707E
S31508033BF8AFF30080019801F075FA0190364B1B78EC
S31508033C08DBB2002B11D0344B00221A702C4B1A78CE
S31508033C18304B1B789A4208D1294B01221A702D4B2F
S31508033C281B7801211846FFF75DFE2C4800F05CFB5C
S31508033C3801F0FBF80346002B7FF463AF214B002200
S31508033C481A701E4B1B78DBB2002B21D01E4B0022A1
S31508033C581A701F4B1B78002B0CD000F02BFA1C4B41
S31508033C6800221A7006E0012001F04EFA019801F0C5
S31508033C7839FA0190002000F05DFA034683F0010340
S31508033C88DBB2002BEFD100F06FFA0C4B00221A7047
S31508033C98002000F089F80A4B1B7800211846FFF71D
S31508033CA821FE074B00221A70AFF30080019801F032
S31508033CB80CFA03B05DF804FB8E2400208D2400203B
S31508033CC8882400208A2400208C24002089240020A4
S31508033CD88F2400208B24002092240020D01600204D
S31508033CE800B583B001F0F8F801900F4B1B788DF8EF
S31508033CF803300D4B00221A70019801F0E0F800F022
S31508033D08D9FC03461A469DF803301343DBB2002B46
S31508033D1814BF012300238DF803309DF80330184692
S31508033D2803B05DF804FB00BF9124002000B583B0F7
S31508033D380023019301F0D0F800900D4B1B78012B53
S31508033D4804D8009801F0BBF8019B0DE0D6F710FEDE
S31508033D580346019300F060FA0246019B1344019354
S31508033D68009801F0ACF8019B184603B05DF804FB0C
S31508033D788824002082B00123019302E0019B0133C2
S31508033D880193019B022B05D8019B013B054AD35C8A
S31508033D98002BF3D0019B8DF803309DF803301846A2
S31508033DA802B07047C816002000B58BB003468DF8D5
S31508033DB80F309DF80F30032B60DC022B0EDA002B2D
S31508033DC801D0012B5AE02F4B1B78002B53D0002028
S31508033DD800F062F82B4B00221A704CE005AB194623
S31508033DE8002000F0F9FA0890089B002B45D1059A9C
S31508033DF8254B1B689A4206D8012000F04DF8214B3B
S31508033E0801221A7039E000230793002306931F4BF0
S31508033E181B680693079A069B1344079300F0FCF955
S31508033E280246079B13440793059A079B9A4206D8A3
S31508033E38012000F031F8134B01221A701DE0002304
S31508033E48ADF8263000F0E2F90346002B02D0042326
S31508033E58ADF82630059A079BD11ABDF8263043F0E4
S31508033E6802039BB20193002300930023084A0948D7
S31508033E7801F09FF901E000BF00E000BF00BF0BB0E7
S31508033E885DF804FB8E240020F0160020F4160020A3
S31508033E984D3F0308D016002000B583B003468DF8B6
S31508033EA80730254B1B78FF2B05D19DF8073083F080
S31508033EB80103DBB2002B204B1B78FF2B03D19DF89C
S31508033EC80730002B31D11C4B1B78002B02D19DF8E8
S31508033ED80730002B184B1B78002B06D19DF80730A3
S31508033EE883F00103DBB2002B21D1134B1B789DF812
S31508033EF80720002A01D0012200E0FF221344DAB280
S31508033F080D4B1A709DF80730002B11D00B4B1B78F5
S31508033F18012B0DD90A4B1B78DBB283F00103DBB2FD
S31508033F28002B05D000F06CF802E000BF00E000BFE4
S31508033F3803B05DF804FB00BFC816002088240020D8
S31508033F488C24002000B585B00190009100F0C4FFC9
S31508033F580390084B1B78002B03D0039800F0AFFF98
S31508033F6804E000F04DF8039800F0A9FF05B05DF8E2
S31508033F7804FB00BF9024002000B583B000F0ACFF13
S31508033F8801901B4B1B78DBB2002B2AD0194B1B78E5
S31508033F9883F00103DBB2002B05D0164B01221A70F6
S31508033FA8154B00221A70154B1B78002B04D000F00A
S31508033FB881F8124B00221A70019800F080FF01203D
S31508033FC800F0B8F800F088FF01900A4B1B78002B1D
S31508033FD804D000F0C9F8074B00221A70044B0022D4
S31508033FE81A70019800F06BFF00BF03B05DF804FB75
S31508033FF88D240020902400208C2400208F24002060
S3150803400808B5164B1B78DBB2002B24D0144B1B7848
S31508034018002B04D000F04EF8114B00221A7000202A
S3150803402800F088F80346002B0ED000F09DF80B4BDA
S3150803403800221A700B4B1B7801211846FFF752FC0E
S31508034048084B01221A7006E0074B01221A70054B22
S315080340581A78064B1A7000BF08BD00BF8D240020C6
S315080340688F240020882400208C2400208B240020F9
S3150803407808B5094BD3F8203103F00703074A136039
S31508034088054BD3F8283103F00703054A1360F1F7FC
S31508034098C0FE00BF08BD00BF00800050F816002008
S315080340A8FC160020024B01221A7000BF704700BF96
S315080340B89524002008B51B4B1B7883F00103DBB254
S315080340C8002B2DD1184B1B7883F00103DBB2002B89
S315080340D822D0164B9B6D03F48033002B05D0144B63
S315080340E81B6803F00203002B05D1104B9B6D03F0E5
S315080340F80103002B07D00D4B03F580531A464FF4DB
S31508034108803393620DE0D5F73FFB084B03F58053DD
S315080341181A464FF480339362034B00221A7000E061
S3150803412800BF08BD93240020962400200040005AA7
S315080341385C40005A00B583B003468DF80730094B2F
S315080341481B7883F00103DBB2002B01D0012305E0BA
S315080341589DF807301846D5F71BFC0346184603B0DF
S315080341685DF804FB9324002008B5F1F754FE1F4BAA
S315080341781B78002B0CD01E4B03F580531A460123D4
S31508034188536000BF1A4B9B6903F00103002BF9D050
S31508034198184B1B6F23F00702174B1B681549134364
S315080341A80B67144BD3F8203123F00702134B1B680C
S315080341B810491343C1F820310E4BD3F8283123F09D
S315080341C807020F4B1B680B491343C1F828310D4BDC
S315080341D81B78002B06D00C4B03F500531A464FF4ED
S315080341E88033936200F08BFF00BF08BD9424002038
S315080341F800C001500080005004170020F81600205C
S31508034208FC160020932400200040005A014B1B7813
S31508034218184670479324002000B583B000230193FA
S315080342280A4B1B78002B07D0D5F762FB0190019B35
S31508034238DB08019A13440193054B1B68019A134437
S315080342480193019B184603B05DF804FB93240020E9
S315080342580817002008B51F4B1B78002B31D01D4BB8
S3150803426800221A701C4B1B6F23F007031A4A43F0E4
S3150803427801031367184BD3F8203123F00703164AAB
S3150803428843F00303C2F82031134BD3F8283123F03C
S315080342980703114A43F00303C2F828310F4B1B7867
S315080342A8002B0CD00E4B03F500531A460123536013
S315080342B800BF0B4B5B6803F00203002BF9D100F030
S315080342C81EFF084B03F500531A460123536700BF1D
S315080342D808BD00BF952400200080005094240020C0
S315080342E800C001500040005A00B587B0019000236A
S315080342F88DF81730019BDB88062B01D100F052FD98
S31508034308019B002B01D1222329E000F0E5FD049047
S3150803431800F066FB144B1B68019A9A4202D10123E3
S315080343288DF81730019800F0F1FA0390039B002BD8
S3150803433804D0049800F0C3FD039B10E09DF81730DA
S31508034348002B08D000F020FB0390039B222B02D1F5
S31508034358022000F0E1FC049800F0B1FD002318469A
S3150803436807B05DF804FB00BF1417002000B585B035
S3150803437801900091019B002B02D0009B002B01D1D1
S31508034388222322E0009B00221A7000F0BFFD029048
S31508034398104B1B6803930AE0039A019B9A4203D1BD
S315080343A8009B01221A7002E0039B9B680393039BF5
S315080343B8002B06D0009B1B7883F00103DBB2002B86
S315080343C8EAD1029800F094FD0023184605B05DF873
S315080343D804FB00BF1417002000B587B003460091F5
S315080343E8ADF806300023049300F090FD03901F4BA5
S315080343F81B6805932EE0059B5B69049A134404938B
S31508034408059BDB88BDF806209A4203D0BDF806301B
S31508034418FF2B1CD101F003F80246154B1B68D31A68
S31508034428049A9A4209D900F0FAFF0246104B1B6808
S31508034438D31A049AD31A049301E000230493009B1E
S31508034448049A1A60039800F053FD002309E0059BB4
S315080344589B680593059B002BCDD1039800F048FD6F
S315080344681B23184607B05DF804FB00BF1417002082
S31508034478181700202DE9F04385B000F047FD019091
S3150803448800F0CDFF0390154B1B680293012000F03B
S3150803449899FF0346002B05D000F0C1FF0390029B42
S315080344A801330293019800F023FD029B00229846E4
S315080344B891464FF000024FF0000343460022039942
S315080344C800200C46054642EA040643EA050732462F
S315080344D83B461046194605B0BDE8F0830C1700207D
S315080344E8014B1B6818467047101700202DE9F0433F
S315080344F883B001900091184909680198884225D81C
S31508034508019900200E4607461449096800200C46F7
S31508034518054604FB07F006FB05F10144A6FB04233D
S3150803452819440B4640F2E73112EB010843F1000937
S315080345384FF47A724FF0000340464946E9F7F0F814
S3150803454802460B46009B1A60002300E021231846FF
S3150803455803B0BDE8F08300BF1C170020101700201E
S315080345682DE9F04F8DB0099000230B93504B1B6828
S31508034578002B00F098804E4B1B68184600F06DFE1A
S315080345880346002B4FD0099B002200930192DDE9CD
S31508034598004522462B464FF000004FF0000159010B
S315080345A841EAD261500102460B462146561A294664
S315080345B863EB01074FF000024FF00003BB0043EA21
S315080345C89673B20016461F462346F31804932B46DA
S315080345D847EB030305934FF000024FF00003DDE9A9
S315080345E804452946CB00214643EA51732146CA00A6
S315080345F814461D462E4B1B68184600F01CFE034638
S31508034608C3F12001A3F1200224FA03F805FA01F1FC
S3150803461848EA010825FA02F248EA020825FA03F9DC
S3150803462843460B933FE0099B00229A469346524614
S315080346385B464FF000004FF00001590141EAD26189
S31508034648500102460B46B2EB0A0463EB0B054FF01F
S3150803465800024FF00003AB0043EA9473A200144622
S315080346681D4614EB0A03069345EB0B0307934FF012
S3150803467800024FF00003DDE906452946CB0021462B
S3150803468843EA51732146CA0010461946084B1B6864
S31508034698002202930392DDE90223E9F741F8024669
S315080346A80B4613460B930B9B18460DB0BDE8F08FC4
S315080346B81017002000B583B000F028FC0190064BBC
S315080346C81B788DF80330019800F012FC9DF8033027
S315080346D8184603B05DF804FB9924002000B583B097
S315080346E80C4B1B788DF807309DF80730002B0BD039
S315080346F800F086FD0246084B1B689B69D31A022BF2
S3150803470802D900238DF807309DF80730184603B0F9
S315080347185DF804FB982400201417002082B003468A
S315080347288DF80730034A9DF80730137000BF02B0A7
S31508034738704700BF9924002000B589B003468DF851
S3150803474807309DF8073003F00103002B08D0374BD1
S315080347581B680133354A136000F042F900F014F96F
S315080347689DF8073003F00203002B5BD0002306935A
S31508034778002305930023ADF8123000F0C7FB079012
S3150803478800F02EF92AE02A4B1B680393284B1B686B
S3150803479806930AE0069B1A79039B1B799A4201D961
S315080347A8039B0693039B9B680393039B002B03D0E6
S315080347B8039B5B69002BEDD0079800F099FB0698D5
S315080347C800F05CFD069BDB88ADF81230059B0133C8
S315080347D8059300F09BFB079000F002F9144B1B683E
S315080347E8002B04D0124B1B685B69002BCBD0114BEB
S315080347F800221A70059B012B08D1BDF8123003F065
S315080348080203002B02D00B4B01221A7000F0BCF8E6
S315080348180290029B222B02D1022000F07DFA079808
S3150803482800F066FB00BF09B05DF804FB0C1700200F
S31508034838141700209924002000B587B00190009129
S31508034848009B0593019BDB88002B0AD1FFF76EFAB9
S315080348580290059A029B9A4203D2029B0593F3F7A1
S315080348680BFE019B059A5A61274B1B68002B40D000
S3150803487800230493244B1B6803930CE0039B5B698F
S31508034888059AD31A0593019B059A5A61039B0493C0
S31508034898039B9B680393039B002B13D0039B5B69BA
S315080348A8059A9A42EAD2039B5B69002BE6D0039BD7
S315080348B85B69059A9A4205D1019B1A79039B1B7969
S315080348C89A42DBD8049B002B03D0049B019A9A606F
S315080348D802E00D4A019B1360019B039A9A60039BA6
S315080348E8002B0CD0039B5A69059BD21A039B5A6162
S315080348F805E0054A019B1360019B00229A6000BFE5
S3150803490807B05DF804FB00BF1417002084B00190B4
S31508034918002303931B4B1B680293019B002B06D1A9
S3150803492822232BE0029B0393029B9B680293029B19
S31508034938002B03D0029A019B9A42F3D1029A019B50
S315080349489A4201D0022319E0039B002B04D0019B4A
S315080349589A68039B9A6003E0019B9B68094A13605C
S31508034968019B9B68002B08D0019B9B685969019B8F
S315080349785A69019B9B680A445A610023184604B07E
S31508034988704700BF1417002000B583B0124B1B6885
S31508034998002B1CD0104B1B685B69002B0DD00E4BE4
S315080349A81B685A690D4B1B6813440193022000F0D0
S315080349B844FD019800F0FEF805E0022000F03DFDED
S315080349C8022000F0D9F900F0B5F8002300E0222305
S315080349D8184603B05DF804FB1417002018170020BF
S315080349E800B585B000F01BFD0190174B1B680393B0
S315080349F8164B1B68019AD31A029318E0039B5B6943
S31508034A08029A9A4208D8039B5A69029BD21A039BAD
S31508034A185A610023029307E0039B5B69029AD31A38
S31508034A280293039B00225A61039B9B680393039B88
S31508034A38002B02D0029B002BE0D1044A019B13608A
S31508034A4800BF05B05DF804FB1417002018170020EB
S31508034A5800B587B00390029101920093039B9DF8D2
S31508034A6824201A71039B089A1A60039B00229A60EA
S31508034A78039B019A1A61039B009ADA60039BBDF8A4
S31508034A882820DA80019B002B07D100F0C8FC0246D0
S31508034A98029B1A44039B9A6106E000F0C0FC02468F
S31508034AA8019B1A44039B9A61029B002B15D1039B0E
S31508034AB800225A61039BDB68002B06D0039BDB683D
S31508034AC8039A1268114603989847019B002B02D04C
S31508034AD8019B029301E0002323E0BDF82830062B47
S31508034AE80BD1124B9B6A114A43F008039362029B44
S31508034AF8184600F0B5F8002313E000F0EDF9059021
S31508034B08FFF76EFF02990398FFF796FE084B1B6893
S31508034B18039A9A4201D1FFF737FF059800F0CFF9B0
S31508034B280023184607B05DF804FB00BF0040005A87
S31508034B381417002082B0144B1B68019300230093B3
S31508034B48124B00221A7015E0019BDB8803F0020357
S31508034B58002B04D00D4B01221A7000BF10E0019BED
S31508034B689B680193019B002B04D0019B5B69009A00
S31508034B7813440093009B012B02D8019B002BE3D116
S31508034B8800BF02B0704700BF1417002098240020FE
S31508034B9808B5074BD3F8403203F00303013B012B4F
S31508034BA803D8022000F088FC00E000BF00BF08BD58
S31508034BB80080005000B587B00190019B059300F06B
S31508034BC88BF9049000F02BFC039000F02EFC02905E
S31508034BD80020FEF7F5FC034603F00203002B0AD16F
S31508034BE80399029800F07DFC0346032B03D8029A1F
S31508034BF8039B9A421CD10399059800F072FC034655
S31508034C08022B02D8039B03330593059BB3F1FF3F96
S31508034C182CBF0122002252429B1A0593059B013B8E
S31508034C281A4600210020FEF7FFFC022000F005FCC7
S31508034C38049800F044F9084B1B78002B08D0074B57
S31508034C489B6C064A43F001039364034B00221A70CC
S31508034C5800BF07B05DF804FB1B2B002000C00A50F1
S31508034C6800B587B0019000F037F9049000F0D7FB38
S31508034C780390019B039A134405930399059800F037
S31508034C8830FC0346022B02D8039B03330593059B83
S31508034C98B3F1FF3F2CBF0122002252429B1A059308
S31508034CA8059B013B1A4601210020FEF7BDFC049823
S31508034CB800F005F90B4B1B78002B0ED00A4B9B6C9F
S31508034CC8094A43F002039364074B9B6C064A43F06D
S31508034CD804039364034B00221A7000BF07B05DF8F8
S31508034CE804FB00BF1C2B002000C00A5000B583B084
S31508034CF8084800F0D7F903468DF807306A469DF841
S31508034D0807301146184600F0B7F9009B184603B052
S31508034D185DF804FBB06B030800B585B003468DF848
S31508034D280730002303939DF8073003F00103002B8C
S31508034D3803D0039B43F0010303939DF8073003F05D
S31508034D480203002B0CD0039B43F002030393084B7F
S31508034D5801221A70074B9B6C064A23F001039364D6
S31508034D6803990020FEF700FC00BF05B05DF804FBB5
S31508034D781B2B002000C00A5082B003468DF8073063
S31508034D889DF8073003F00203002B05D0044B03F5FF
S31508034D9880531A460223136400BF02B0704700BF44
S31508034DA800C00A500B4B1B7883F00103DBB2002BB8
S31508034DB80ED0094B9B6C084A23F002039364064BEF
S31508034DC89B6C054A23F004039364024B01221A7069
S31508034DD800BF70471C2B002000C00A500123184641
S31508034DE8704701231846704700B583B001238DF829
S31508034DF80730E1F795FB034683F00103DBB2002B83
S31508034E0802D000238DF80730FFF7E8FF034683F03F
S31508034E180103DBB2002B02D000238DF807309DF877
S31508034E280730184603B05DF804FB00B583B00023C2
S31508034E388DF8073000238DF80630FEF751FF034631
S31508034E488DF80730FBF7DBFB03468DF805309DF82D
S31508034E580530042B03D101238DF8063006E09DF8A7
S31508034E680530022B02D101238DF80730FFF7B9FF66
S31508034E7803468DF805309DF80530042B03D1012325
S31508034E888DF8063006E09DF80530022B02D101237A
S31508034E988DF807309DF80630002B02D000238DF8CD
S31508034EA807309DF80730184603B05DF804FB4FF43E
S31508034EB80043184670474FF47A731846704782B00A
S31508034EC80190019B002B04D162B600BFBFF36F8F15
S31508034ED800BF00BF02B0704782B0EFF31083009398
S31508034EE8009B019372B600BF019B184602B0704730
S31508034EF884B00190019B0393039B83F3118800BF36
S31508034F08BFF36F8F00BF00BF04B0704784B0EFF3D9
S31508034F1811830193019B039330230293029B83F323
S31508034F28118800BF039B184604B0704708B5FEF7F7
S31508034F38C5F90346184608BD08B5FEF7BFF900BF05
S31508034F4808BD86B0039002910192019B002B04D0F9
S31508034F58039B03F58053059303E0039B03F500536B
S31508034F680593059B0121029A01FA02F21A6000BF0A
S31508034F7806B0704700B585B00190012303934FF433
S31508034F88A0230293019B002B01D121231AE0FEF7E4
S31508034F987FFB0390039B002B01D0039B12E0019B25
S31508034FA8184600F02BF8F1F77DF80290FEF786FB12
S31508034FB80390029B002B01D1039B03E00298F1F7A8
S31508034FC8A0F80346184605B05DF804FB82B00190BD
S31508034FD80091019BDB69032B0DD8019BDB69019AB9
S31508034FE802339B001344009A5A60019BDB695A1CD7
S31508034FF8019BDA6100E000BF02B0704700B585B0CF
S315080350080190019BDB69042B32D800BF4FF0984304
S315080350181B6C03F48013002BF8D0019BDB6904335C
S315080350284FF098429B001365019B1B681846F1F7D6
S31508035038A8FC019B5B681846F1F7A3FC019B9B68D0
S315080350481846F1F79EFC002303930BE0019A039B8A
S3150803505802339B0013445B681846F1F792FC039BDB
S3150803506801330393019BDB69039A9A42EED300E063
S3150803507800BF05B05DF804FB00B583B0034600918D
S315080350888DF80730009B002B01D1222306E09DF8F3
S31508035098073000991846FEF71DFB0346184603B062
S315080350A85DF804FB82B00190019B1B79184602B090
S315080350B8704782B0EFF310830093009B019372B68F
S315080350C800BF019B184602B0704782B00190019B46
S315080350D8002B04D162B600BFBFF36F8F00BF00BFB2
S315080350E802B0704700B583B001900198FFF7EDFF4A
S315080350F8FFF7DFFF0346184603B05DF804FB08B558
S31508035108FEF7DCF800BF08BD00B583B003468DF883
S3150803511807309DF80730032B0DD0032B0FDC012B23
S3150803512802D0022B03D00AE0D5F774FC08E0002066
S31508035138CFF7A6FE04E00020CFF7D2FE00E000BFB3
S3150803514800BF03B05DF804FB00BF704700B58BB01A
S31508035158079006910592049300238DF82730079B39
S31508035168002B01D1222320E0079B00229A83079B61
S315080351780022DA830DF1270319460798FFF7F6F88D
S315080351889DF82730002B01D003230EE0BDF83430F1
S3150803519802939DF830300193049B0093059B0022E4
S315080351A806990798FFF754FC034618460BB05DF8AB
S315080351B804FB00B589B00790069105920493079BEB
S315080351C8002B01D1222317E0079B00229A83079B0A
S315080351D80022DA830798FFF787F8BDF82C3002937D
S315080351E89DF828300193049B0093059B0022069992
S315080351F80798FFF72DFC0346184609B05DF804FB24
S3150803520800B583B0FFF782FE019000F008F9009015
S315080352180198FFF76DFE009B184603B05DF804FB7B
S3150803522808B500F02DF90346184608BD08B500F079
S315080352383CF900BF08BD84B00190019B0393039B07
S31508035248002B01D1202303E0039BB3FA83F3DBB2D4
S31508035258C3F11F03184604B0704782B00190019B37
S31508035268002B07D0019B5A1E019B1340002B01D123
S31508035278012300E00023184602B070472DE9F04FD2
S315080352888BB00390002309934FF000024FF00003F5
S31508035298CDE9062300238DF81730039B1B69002BDA
S315080352A823D0039B1B69002200930192DDE900239F
S315080352B8CDE9062300F0B3F80246039B9B69D31A84
S315080352C80993099BDA171E461746DDE9062396420C
S315080352D877EB030309DB01238DF81730039B9A69D8
S315080352E8039B1B691A44039B9A619DF8173083F03D
S315080352F80103DBB2002B08D0FFF708FE04900398D6
S31508035308FFF704FB0498FFF7F3FD039B1B69002BC0
S3150803531849D09DF8173083F00103DBB2002B42D03E
S31508035328099BDA171C461546DDE90623B2EB040A78
S3150803533863EB050BCDE906AB039B9B8B002B20D0B0
S31508035348039BDA8B039B9B8B13449AB2039BDA83DF
S31508035358039BDB8BB3F57A7F13D3039BDB8BA3F50D
S315080353687A739AB2039BDA83DDE9062312F1FF38C7
S3150803537843F1FF39CDE90689039B9B695A1E039BAB
S315080353889A61FFF7C3FD0490069B19460398FFF72E
S3150803539853FA039B9A69039B1B691A44039B9A61ED
S315080353A80498FFF7A5FD039BDB68002B06D0039B30
S315080353B8DB68039A126811460398984700BF0BB02F
S315080353C8BDE8F08F00B585B003468DF8073000238E
S315080353D88DF80F300020FEF7F3F802909DF8073092
S315080353E8012B0BD0022B13D1029B03F00203002BCC
S315080353F814BF012300238DF80F300AE0029B03F03C
S315080354080103002B14BF012300238DF80F3000E096
S3150803541800BF9DF80F30184605B05DF804FB08B5BC
S31508035428FEF782F80346184608BD08B5002100208A
S31508035438FEF7D8F80346184608BD00B585B00346EF
S315080354488DF80730002303939DF8073003F001030B
S31508035458002B03D0039B43F0010303939DF80730FE
S3150803546803F00203002B03D0039B43F002030393C1
S3150803547803990020FEF762F800BF05B05DF804FB40
S3150803548808B50020FEF79CF8034603F00803002B2B
S3150803549808D008210020FEF77DF80020FEF7E6F875
S315080354A8034600E00023184608BD08B50421002072
S315080354B8FEF770F800BF08BD00B585B003468DF83A
S315080354C80730FFF709FD03909DF8073001211846B1
S315080354D8FEF774FA0398FFF7F2FC00BF05B05DF808
S315080354E804FB82B001900091019A009BD31A1846CF
S315080354F802B0704700B585B000238DF80F30FFF763
S3150803550805FD02900020FEF75BF80190019B03F066
S315080355180103002B05D09DF80F3043F001038DF8DE
S315080355280F30019B03F00203002B05D09DF80F30BB
S3150803553843F002038DF80F30019B03F00303194662
S315080355480020FEF727F89DF80F301846FFF7F4F8FA
S315080355580298FFF7CDFC00BF05B05DF804FB0221EE
S315080355680120E1F739BF0000000000000000000031
S315080355780000000000000000F8B500BFF8BC08BC2E
S315080355889E467047F8B500BFF8BC08BC9E467047E8
S315080355985FF800F0ED2500205FF800F08926002063
S315080355A87468697320697320646174612067656E1A
S315080355B8657261746564206279207468652070650C
S315080355C8726970686572616C2064657669636520BB
S315080355D82847415454207365727665722920616E8B
S315080355E864206973206D65616E7420746F20626523
S315080355F820766572792C20766572792C2076657201
S3150803560879206C6F6E6720696E206F7264657220E5
S31508035618746F2074657374204C3243415020667244
S3150803562861676D656E746174696F6E20616E642057
S315080356386465667261676D656E746174696F6E0019
S315080356480A3E20426567696E0A00000050455220E3
S315080356582D20426F6F74696E67207065726970686A
S315080356686572616C2E2E000074686973206973204D
S31508035678646174612067656E657261746564207513
S31508035688706F6E207265717565737400425244347F
S31508035698303032410000000041303700392E302EB1
S315080356A830000000002801280328002A012A292A8D
S315080356B8242A272A262A232A052A2A2B292B022992
S315080356C8D17414861968FD890A484A34A0C53C6406
S315080356D8541E98C31087CDAB2E4096503AA71C394B
S315080356E8020020180C0053696C69636F6E204C61BD
S315080356F86273000002000A1802000000020000187C
S3150803570802000118010000000108FFFF000000005D
S3150803571808570308020002000108FFFF05000000F6
S3150803572820000A0003000A000008FFFF0100000022
S315080357382829002004000D000308FFFF03000000C2
S3150803574802000000050002000108FFFF050000002B
S3150803575802000B0006000B000108FFFF010000000A
S3150803576810290020070002000108FFFF05000000B2
S315080357780A000C0008000C000308FFFF01000000DC
S3150803578808290020090000000108FFFF000000009F
S31508035798045703080A0002000108FFFF0500000072
S315080357A80A0003000B0003000308FFFF01000000BB
S315080357B8F42800200C0002000108FFFF050000007A
S315080357C8020004000D0004000108FFFF00000000A2
S315080357D8005703080E0000000108FFFF0000000039
S315080357E8FC5603080F0002000108FFFF0500000026
S315080357F802000500100005000108FFFF000000006D
S31508035808EC560308110002000108FFFF0500000013
S3150803581802000600120006000108FFFF0100000047
S31508035828E4280020130002000108FFFF0500000012
S3150803583802000700140007000108FFFF0100000023
S31508035848D8280020150002000108FFFF05000000FC
S3150803585802000800160008000108FFFF01000000FF
S31508035868CC280020170002000108FFFF05000000E6
S3150803587802000900180009000108FFFF01000000DB
S31508035888BC280020190000000188FFFF000000005B
S31508035898E85603081A0002000108FFFF050000007E
S315080358A80A0000801B0000800308FFFF01000000B0
S315080358B8B42800201C0002000108FFFF05000000A9
S315080358C80A0001801D0001800308FFFF010000008C
S315080358D8AC2800200C5703081D001D00AC56030806
S315080358E80E000E00C8560308020002000100FFFF57
S315080358F8FFFF000034290020B50D0008DF3502082C
S3150803590899360208C7360208C7350208BF5302087C
S31508035918D5530208DF53020815540208D954020856
S315080359282354020881540208020000002C000000D0
S3150803593800020100C800B2FEB400E8087F8DFBFF29
S315080359484E0002036349FFFF2C00AF01EFE5FFFF93
S315080359581B00FF00E61A00001100A700DA2800005A
S315080359680A0062001528000006003B00A82100006B
S3150803597803000B00A10E000006FF6CFFA1FFBCFF86
S31508035988CDFFD8FFE0FFE6FFEAFFEEFFF0FFF3FFE0
S31508035998F4FFF6FFF7FFF7FF000800B43C590308BE
S315080359A80100000F805903080000000000000000EA
S315080359B8193F01060410010000010106001027001B
S315080359C8000C00000000000000000000193F010653
S315080359D8041001000001010600102700000A000050
S315080359E8000000000000000050C30000F22B00006E
S315080359F8EE020000EE02000050C30000761600000F
S31508035A087701000077010000F5DA0200A41F0000F9
S31508035A189001000090010000E5BF0000282300005C
S31508035A286B0300006B03000050C30000E62D00005B
S31508035A38D0070000D007000002000000C017530271
S31508035A4806140000802FA60405380000A0080000E5
S31508035A580000580901040706100A01040707C80ABB
S31508035A6800040807800B00040808380C0004090812
S31508035A786108000000008A0800000000C70901043D
S31508035A8804032C0B01040404920C01040504000006
S31508035A9803050000030200000304000003030000D3
S31508035AA803070000120000002449920000000000C2
S31508035AB8B8590308F059030800000000000000005D
S31508035AC80024F40040420F000101F800C2245003E1
S31508035AD800000000405A0308000000000000000008
S31508035AE8000000002B420F00000000000000000021
S31508035AF80000000012000000666666000000000049
S31508035B08B8590308005A03080000000000000000FB
S31508035B180048E80180841E000101F800F147500295
S31508035B2800000000405A03080000000000000000B7
S31508035B38000000007C841E0000000000000000002E
S31508035B4800000000120000001CC7710000000000D6
S31508035B58D4590308105A030800000000000000007F
S31508035B680051250240420F000108F600F1471002CA
S31508035B7800000000405A0308000000000000000067
S31508035B88000000002A420F00000000000000000081
S31508035B9800000000120000001CC771000000000086
S31508035BA8D4590308205A030800000000000000001F
S31508035BB80051250240420F000102F600F147100280
S31508035BC800000000405A0308000000000000000017
S31508035BD8000000002A420F00000000000000000031
S31508035BE800000000120000001CC771000000000036
S31508035BF8D4590308305A03080000000000000000BF
S31508035C080051250240420F000108F600F147100229
S31508035C1800000000405A03080000000000000000C6
S31508035C28000000002A420F000000000000000000E0
S31508035C38000000000C400100018101002040020019
S31508035C4800000000010000003040030000000000C7
S31508035C5800000000000000004040020000000000A9
S31508035C68004000006040010001010000A84001004F
S31508035C7807000000BC400400000000000000000004
S31508035C8800000000000000000C410300FF4C000060
S31508035C98FF4D0000FF4D000020C0011000F8070063
S31508035CA820C00130F502280124C00110FF000000B6
S31508035CB824C001300013000028C00800EC80B30391
S31508035CC843754051A00F00F800400000A8AA070032
S31508035CD800000000000000000000000070C0090072
S31508035CE8BA10000000042000041880000B3C2001A9
S31508035CF8187C10022FFCE0067F0000000000000055
S31508035D0800000000A8C00500BD4B721511A31805AD
S31508035D1810325476980A000000000000CCC004002C
S31508035D28010000000000000001000A000100280025
S31508035D38080001010807000018000101AAAAAA0019
S31508035D48200001010060DA005C400201000000033C
S31508035D5800000020784004012941767100000000FC
S31508035D688C000C0000000000C44004010000000079
S31508035D78000000000000000000000000E0400101E8
S31508035D880002000010410201331E0500000000004E
S31508035D982041060100000000FF0483078813C83A58
S31508035DA8FF06660CFF0483078813FF03584101019E
S31508035DB800000000644101010C010000844105014B
S31508035DC801010000000000000000000000000000B8
S31508035DD800000000A44102010000000000000000C2
S31508035DE8B04102010000000058923EC0BC410301BD
S31508035DF80000000000003C00699006002C420301DD
S31508035E086018004000000000000000003C42010141
S31508035E1800000000444202011400000000000000CC
S31508035E288042020100000000810000009842050133
S31508035E383F000002FFFF0000FFFF0000FF0300000A
S31508035E48FFFF0000B44201010000000030430A01C5
S31508035E5840002001A0000000085000011F1F1F1F53
S31508035E681F1F1F1B18151311100E0D0C45C1872F5D
S31508035E780000000000000000108001010300000074
S31508035E883C800101010000009C800101000000001C
S31508035E98B080020100030002370000019C000102DA
S31508035EA8000C0004D8000302050040AA8801000074
S31508035EB8C0000000F00001022B01000010010112C6
S31508035EC800FF0F00100101320200003150010112D0
S31508035ED800C0010050010132C100A2007401010289
S31508035EE869F11B0C7801011200001C0078010132C4
S31508035EF81004E0CF800101127907000080010132FE
S31508035F08020000008801010250000000FFFFFFFF9E
S31508035F18FC4F0103AC5A0308104001000141000075
S31508035F283C4001000000000048400100A0070003A8
S31508035F3850400100000000005C400100000000001A
S31508035F4808410100FF4C000054C0070051113000F6
S31508035F580E0009E62D0000000405060708000000E0
S31508035F68D1B60200643500004040070100005051CD
S31508035F780000A01110000000000000861FC0810061
S31508035F8800000020000000006440050100000040EE
S31508035F98B904F80040080000020000009200040053
S31508035FA888400F01B7033B00000000E0000000002B
S31508035FB80002050D1C2F42536269686053402E1F61
S31508035FC8110A08080808070605040303020202015A
S31508035FD801010101000000000000000000000000A4
S31508035FE81C4101010060B18C38410701BC200AF045
S31508035FF8F6625200055B98408E6E82941C78485266
S31508036008893B4000C00300805C410101FFDD0000B5
S3150803601868410701E853FA00000000400000000041
S315080360280000000000000000000000000000000057
S31508036038D0410301000000AAD000000004001200A2
S31508036048E041130100000000FFAB000A5CF10F00F2
S31508036058D341020095EDB100197BD80F1208B9048C
S31508036068EA1B6D1FC9B7C20A0B203B00430600008B
S315080360785962F300727E9600A73D1900D022F13BB8
S31508036088000000A00000000038000000000000001F
S315080360984C4201010800030468420101010000009B
S315080360A838800101C2241000A08002017078030019
S315080360B8D0000000A8800111F0010000A880013172
S315080360C80542CB01AC800111F0010000AC80013117
S315080360D8053EFD00EC000112E00F0000EC0001325A
S315080360E80C2051518401010200100000FFFFFFFF35
S315080360F8FC4F0103FC5A0308104001000141000044
S315080361083C4001000000000048400100A0070003C6
S3150803611850400100000000005C4001000000000038
S3150803612808410100FF4C000054C007005121300004
S315080361380E000DE62A0000000405060708000000FD
S31508036148D1B602006005000040400701000050511F
S315080361580000A02110000000000000861FC081006F
S31508036168000000200000000064400501000000400C
S315080361784902F000400800000200000092000800E7
S3150803618888400F01DA032A00000000E00000000037
S315080361980102071121374B5A6769625440291505C5
S315080361A800000000010203040404030303030302B3
S315080361B802020202020101010000000000000000B9
S315080361C81C41010100B0B18C38410701BC200AF013
S315080361D8B6555200055B98408E6E8294233C485206
S315080361E8893B4000C00300805C410101FFDD0000D4
S315080361F868410701E853FA00000000400000000060
S315080362080000000000000000000000000000000075
S31508036218D04103010000AAAAD00000000400120016
S31508036228E041130100000000FFAB000A5CF10F0010
S31508036238D341020095EDB100197BD80F1208B904AA
S31508036248EA1B6D1FC9B7C20A0B203B0043060000A9
S315080362585962F300727E9600A73D1900D022F13BD6
S31508036268000000A000000000400000000000000035
S315080362784C420101080003046842010101000000B9
S3150803628838800101F1471000A080020170780300E5
S31508036298D5C00000A8800111F0010000A8800131CB
S315080362A80542CB01AC800111F0010000AC80013135
S315080362B805228D00EC000112E00F0000EC00013204
S315080362C80C2051118401010200000000FFFFFFFFA3
S315080362D8FC4F01034C5B0308104001000041000012
S315080362E83C40010010000000484001002007000355
S315080362F850400100000400005C4001000D0F000037
S315080363080841010003C0010054C0070051113000B9
S315080363180E000DE62A000000080B0C0D0D00000000
S31508036328D1B602008005000040400701000020702E
S315080363380000A01110000000300000461FC88100A5
S3150803634800200030008000006440050100000000BA
S31508036358B904F800400800001000000092000A007B
S3150803636888400F01B7031200000000600000000010
S315080363780002050D1C2F42536269686053402E1F9D
S31508036388110A080808080706050403030202020196
S3150803639801010101000000000000000000000000E0
S315080363A81C41010100302C8C38410701BC200AF036
S315080363B849C0510001000040B75635120078085005
S315080363C809084000C00300805C4101010000000081
S315080363D8684107014CD4E83B04190D70080E141AD2
S315080363E820262C32383E10325476980A1D6940B452
S315080363F8D041030100000000D0000000000002009D
S31508036408E041130100000000E2CFDD2C7EB63A0016
S31508036418600919005122E2004CB9510E3982A904C0
S31508036428D8229B29E2CFDD2C7EB63A0060091900EB
S315080364385122E2004CB9510E3982A904D8229B2964
S315080364480000000000000000440000003C3C3C3CFF
S315080364584C420101080000046842010100000000DB
S3150803646838800101F1471000A08002017038030043
S31508036478D0000000A8800111F0010000A8800131AE
S31508036488055AFD01AC800111F0010000AC80013109
S31508036498053EFD00EC000112E00F0000EC00013296
S315080364A80C2051118401010200000000FFFFFFFFC1
S315080364B8FC4F01039C5B03081040010000410000E0
S315080364C83C40010010000000484001002017000363
S315080364D850400100010400005C4001000D0F000054
S315080364E80841010003C0010054C0070051113000D8
S315080364F80E000DE62A000000080B0C0D0D0000001F
S31508036508D1B602008005000040400701000020704C
S315080365180000A01110000000300000461FC88100C3
S3150803652800200030008000006440050100000000D8
S31508036538B904F800400800001000000092000A0099
S3150803654888400F01B703120000000060000000002E
S315080365580002050D1C2F42536269686053402E1FBB
S31508036568110A0808080807060504030302020201B4
S3150803657801010101000000000000000000000000FE
S315080365881C41010100302C8C38410701BC200AF054
S3150803659849C0510001000040B75635120078085023
S315080365A809084000C00300805C410101000000009F
S315080365B8684107014CD4E83B04190D700A10161CE8
S315080365C822282E343A4010325476980A1D6980A434
S315080365D8D041030100000000D000000000000200BB
S315080365E8E041130100000000E2CFDD2C7EB63A0035
S315080365F8600919005122E2004CB9510E3982A904DF
S31508036608D8229B29E2CFDD2C7EB63A006009190009
S315080366185122E2004CB9510E3982A904D8229B2982
S315080366280000000000000000440000003C3C3C3C1D
S315080366384C420101080000046842010100000000F9
S3150803664838800101F1471000A08002017038030061
S31508036658D0000000A8800111F0010000A8800131CC
S31508036668055AFD01AC800111F0010000AC80013127
S31508036678053EFD00EC000112E00F0000EC000132B4
S315080366880C2051118401010200000000FFFFFFFFDF
S31508036698FC4F0103EC5B03081040010000410000AE
S315080366A83C40010010000000484001002007000391
S315080366B850400100000000005C4001000D0F000077
S315080366C808410100FF4C000054C00700511130006F
S315080366D80E000DE62A000000080B0C0D0D0000003D
S315080366E8D1B60200E004000040400701000020700C
S315080366F80000A01110000000000000461FC081001A
S315080367080000002000800000644005010000000026
S31508036718B904F800400800001000000091000400BE
S3150803672888400F01B703120000000060000000004C
S315080367380002050D1C2F42536269686053402E1FD9
S31508036748110A0808080807060504030302020201D2
S31508036758010101010000000000000000000000001C
S315080367681C41010100302C8C38410701BC200BF071
S3150803677849C05100055BA0408E6E82942182485217
S3150803678809084000C00D00805C410101FFDD0000D7
S31508036798684107014CD4E83B04190D50080E141A2E
S315080367A820262C32383E10325476980A1D0040B4F7
S315080367B8D041030100000000D000000004001200C5
S315080367C8E041130100000080E2CFDD2C7EB63A00D3
S315080367D8600919005122E2004CB9510E3982A904FD
S315080367E8D8229B29E2CFDD2C7EB63A006009190028
S315080367F85122E2004CB9510E3982A904D8229B29A1
S315080368080000000000000000440000003C3C3C3C3B
S315080368184C42010108000304684201010000000014
S3150803682838800101F1471000A0800201703803007F
S31508036838D0000000A8800111F0010000A8800131EA
S31508036848055AFD01AC800111F0010000AC80013145
S31508036858053EFD00EC000112E00F0000EC000132D2
S315080368680C2051118401010200000000FFFFFFFFFD
S31508036878185F0308809C2B8F80841E000000000085
S315080368882500FF7F7829002000000000985A03088E
S3150803689800000000185F0308809C2B8F80841E0065
S315080368A8000026002600B70078290020000000000B
S315080368B8985A030800000000185F0308809C2B8F6A
S315080368C880841E000000270027008C0078290020F2
S315080368D800000000985A030800000000F86003083F
S315080368E8809C2B8F80841E00000000002500FF7FF4
S315080368F878290020000000009C5A030800000000BD
S31508036908F8600308809C2B8F80841E0000002600ED
S315080369182600A00078290020000000009C5A0308D6
S3150803692800000000F8600308809C2B8F80841E00F3
S31508036938000027002700FF7F7829002000000000B1
S315080369489C5A030800000000D8620308809C2B8F12
S3150803695880841E00000000002500FF7F8029002090
S3150803696800000000A05A030800000000D8620308C4
S31508036978809C2B8F80841E00000026002600B70003
S315080369888029002000000000A05A03080000000020
S31508036998D8620308809C2B8F80841E00000027007A
S315080369A827008C008029002000000000A05A03084D
S315080369B800000000B8640308809C2B8F80841E009F
S315080369C8000000002500FF7F802900200000000042
S315080369D8A45A030800000000B8640308809C2B8F98
S315080369E880841E00000026002600B70080290020A0
S315080369F800000000A45A030800000000B86403084E
S31508036A08809C2B8F80841E000000270027008C009B
S31508036A188029002000000000A45A0308000000008B
S31508036A2898660308809C2B8F80841E00000000004C
S31508036A382500FF7F8029002000000000A85A0308C4
S31508036A480000000098660308809C2B8F80841E002C
S31508036A58000026002600B700802900200000000051
S31508036A68A85A03080000000098660308809C2B8F21
S31508036A7880841E000000270027008C008029002038
S31508036A8800000000A85A0308000000003C5C03083D
S31508036A9800000000786803080300000000000000EF
S31508036AA8C01753023C5C030800000000E4680308A7
S31508036AB80300000000000000C01753023C5C0308EB
S31508036AC800000000506903080300000000000000E6
S31508036AD8C01753023C5C030800000000BC6903089E
S31508036AE80300000000000000C01753023C5C0308BB
S31508036AF800000000286A03080300000000000000DD
S31508036B08C0175302946A0308AC6A0308C46A0308DD
S31508036B18DC6A0308F46A03080000000000000000A2
S31508036B280020000001200000FFFFFFFFFFFFFFFF13
S31508036B38FFFFFFFFFFFFFFFF4816002001000000C5
S31508036B48040000201168000000000000FFFFFFFF93
S31508036B5800000000FFFFFFFFFFFFFFFFBCE6FAADDB
S31508036B68A7179E84F3B9CAC2FC6325510B00000014
S31508036B780C000000030000000000202000000000AD
S31508036B88020000003C3C3C00000000000000000036
S31508036B980000000001031001010903001A000000A0
S31508036BA81B0000001E00000000C00A501300000066
S31508036BB8AC6B0308000000004E0C00000000000040
S31508036BC800000000DC58030800000000000000006D
S31508036BD80400000000000000E2FF5000F86E0308F6
S31508036BE800000000DC6E030800000000206D03089F
S31508036BF800000000A46E030800000000AC6E03083A
S31508036C08000000006C6E0308606C0308646F0308D1
S31508036C18706C0308206F0308646C03083C6D03084B
S31508036C28000000000000000000000000E46E0308EE
S31508036C38446E0308C86E0308586E03087C6E030877
S31508036C48906E0308506F03080C6F0308286D030832
S31508036C58506D030800000000010000000400FB0053
S31508036C6839AF000800000000020000000000000019
S31508036C78505341004B455900000101020102020322
S31508036C880102070B0B0701160C0000010808000090
S31508036C98050108FFFF02FFFF0808020204FF0100B7
S31508036CA822FFFF23080F030304040A0AFFFF2AFF28
S31508036CB8FF1419191B011C15120400480C14041394
S31508036CC81510801A8012808000010204040000004F
S31508036CD8F4010000FA0000009600000064000000B2
S31508036CE84B000000320000001E00000014000000DC
S31508036CF80000000001010F0E0C080C080D181000FF
S31508036D085000400008005000240004009001500277
S31508036D1840009001AE011000352C01080000000060
S31508036D280900000000000000000000000000000041
S31508036D3800000000E1DA020800000000A0030906C3
S31508036D48A0060905A00709040A00000000000000B8
S31508036D58000000000000000000000000A0010A056A
S31508036D68A0030A04A0080A03A0070A02A0060A0140
S31508036D78A003090020050A020530010820020A0AA9
S31508036D883530010862676170695F627566666572A0
S31508036D9873000100020000000000000003004972A6
S31508036DA85314497207FF000102030405FF1453002D
S31508036DB8724907CDF66761747420636F6E6E6563EF
S31508036DC874696F6E00000000FB349B5F80000080C7
S31508036DD800100000000000006B00030899E0020891
S31508036DE8CB290308BF28030801020C000000040086
S31508036DF80000080041550108C1540108CDEC0108F3
S31508036E08210503089B05030895050308A9F0010846
S31508036E18212A03084D050308970503089905030856
S31508036E283105030891050308330503084F050308C5
S31508036E38454F0108D30403089950010802000000C6
S31508036E480000000000000000000000000000000029
S31508036E580400000000000000000000000000000015
S31508036E6800000000F704030800000000A009040254
S31508036E78A0010401560000000000000000000000FD
S31508036E8800000000000000000500000000000000E4
S31508036E980000000000000000000000002D5501084E
S31508036EA8000000002305030800000000A0130500DE
S31508036EB8A0070A00A0040903A0050902A0060901F8
S31508036EC80F0000000000000000000000000000009A
S31508036ED8000000002905030800000000010000005F
S31508036EE80000000000000000000000000000000089
S31508036EF8ED57010800000000A0010107A0000104DE
S31508036F080204080006000000000000000000000054
S31508036F18F5580108BD58010825590108000000005D
S31508036F28A0030601A0090609A0020608A005060784
S31508036F38A0050606A0070605A0020604A001061072
S31508036F48A0080602A00D0600430000000000000082
S31508036F58000000000000000000000000D15B0108E3
S31508036F6800000000A0064306A0054305A005430440
S31508036F78A0044303A00D4302A00D43010000040225
S31508036F880503060107010108090A0000A0015C02B6
S31508036F98A0035C01A0025C00A0020F09A0030F046A
S31508036FA8A0030F03A0050F02A0010F01A0050F00F8
S31508036FB8A0040108A0030106A012010001010204A6
S31508036FC82002040545540108200C04031954010832
S31508036FD8200004016D5401082002560211550108C0
S31508036FE820025601E5540108200106056D5B0108D0
S31508036FF820000205A553010820054304655D010819
S3150803700820044303915D0108200B4302255D01080B
S31508037018424C455F535441434B00000099680108A5
S31508037028E168010881680108ED680108D56801085F
S31508037038EF0903082B0A0308510A0308730A030806
S31508037048950A0308197D0108C97C0108D57C010836
S31508037058C57D0108B30C0308B7060308BB0603086E
S31508037068C7060308BF060308C3060308000000008B
S31508037078B0010000780B002010000000280D00203E
S315080370880080FF7F00000080FF7F0C0204FF0000DA
S3150803709802000080FF7F00000080FF7F0C020000CB
S315080370A8A00000006974010850000000E173010894
S315080370B80000000100000101000101012D77010804
S315080370C811770108B1B0010841B3010871B2010883
S315080370D80101020300040001020303030304040471
S315080370E8040505000000000101010102020202036A
S315080370F80303030304040404040000000101010153
S315080371080707080803030305040404050505060613
S315080371180607070708030202040404030405050609
S315080371280606060707070202020303030304040401
S3150803713804050505050506060606010202020203F5
S3150803714803030303040404040405050505060606E0
S315080371580C0C0C0C0B0B0B0B0B0B0B0B0B0B0B0B62
S315080371680B0B0B0B0B0B0C0C0C0C0C0C0C0C0C0C4C
S315080371780B0B0B0B0B0B0B0B020101010100000593
S3150803718805050504040404030303030202020201B2
S3150803719801010101050505050404040403030303A2
S315080371A80707080808080909090A0A05050506064E
S315080371B80607070708080808090909090505050642
S315080371C80606060707070808C7BFBEBEBEB5B5B491
S315080371D8B4ABABDCDCDBDBD2D2D1D1C8C8C8C7BFFA
S315080371E8BEBEBEBDB5B5B4B4B4DCDBDBD2D2D2D130
S315080371F81B1B16162E2D2D2A29292925242420203A
S315080372081F1B1B1B162E2D2D2A2A29292524242024
S3150803721820201F1B1B1B2D2DBEB5B5B4B4ABABABBA
S31508037228AAA2A1A1A1A099999898C7BFBEBEBDB5A0
S31508037238B5B4B4B4ABABABAAAAA2A1A1A1999999BF
S315080372480000000003030303030202020202020208
S315080372580303020202020101010101010000000001
S315080372680303030303020202D3CACAC9C9C0C0F285
S31508037278F2F1F1E8E8E7E7DEDEDDDDD4D4D3D3CAF5
S31508037288CAC9C9C9F2F2F1F1E8E8E7E7DEDEDDDDE6
S3150803729822221D1D1D1D18181813132C2C2C2727DD
S315080372A8272222221D1D1D1D181818182C2C2C27B9
S315080372B82727272222221D1DC8C8C8C8C8C8C8C860
S315080372C8C8C8C8C800A801A802A8000000B801B819
S315080372D802B800B00304040808050000000000000B
S315080372E80000000000000000000000000400080079
S315080372F87C0031003B001B00343700009403000070
S31508037308C83A0000180000002C3E000004000000DC
S315080373183C320000F8040000E03A000004000000CC
S31508037328283E000003000000000000003C3200006D
S31508037338E43A000001000000303E00003700000070
S315080373487D37000099370000613800004D39000081
S3150803735867390000CD3900003D32000001000000FE
S315080373680006800F7047944909684143880B70479C
S31508037378924800680104C80F704730B50020904941
S315080373880A680023FA24A401521C6568AA4200D392
S3150803739822681578AD06AD0E9D40054328009B1D4A
S315080373A81E2BF1D30A6030BD84480168090408D541
S315080373B884490A68824B1A604A68C261886882499E
S315080373C80860704780B5FDF761F801207F490870A2
S315080373D87F480068022808D27E480068F021090514
S315080373E80140C02080048142F2D07B480068C01C53
S315080373F87A4901437A48016001BD7A4878490860A1
S3150803740800207949086080218902784A11607849F9
S3150803741808606E4908707047F3B583B01700C0064D
S31508037428000E0090103891282ED2FFF7A1FF0028E6
S315080374382AD000256F4C01260398FFF791FF0028E9
S3150803744802D0022803D003E02068304000D0012583
S315080374580197049F944E0C20205E38180E21615E0E
S315080374684018FFF780FF01994018306000983818CC
S31508037478FFF779FF019940187060C02080018B498E
S31508037488086028038A49086005B0F0BDF8B5894C31
S31508037498554A042502214F4BA068284204D0107D7B
S315080374A88006C50F6D0024E0084024D01069042817
S315080374B807D21868F02636050640C0208004864297
S315080374C8F4D0107D0007000F072814D1507D022831
S315080374D811DD907D8006800E02280CDBD07D009096
S315080374E8284208D0C00700D50A250098084200D0C4
S315080374F8AD1D002D04D1FFF780FF00202061F1BDE3
S31508037508681C1669864207D21F68F02636053E4068
S31508037518C027BF04BE42F4D06748405D2061C30054
S31508037528F8251D4001D04B061360644B1E68012ECF
S3150803753800D16D0055602268002A1CD1284A1568AF
S315080375482026A65F3603AD05AD0D35431560284AD3
S31508037558012515609160810909D11968002901D1A6
S31508037568182100E01A21625E0021FFF755FF207AE9
S31508037578000700D42560F1BD14480078002800D117
S31508037588704780B5FFF739FF47484D4901604160A1
S3150803759801BD06204B49086000204B490860F020C6
S315080375A800014A49086080204000494908603E4866
S315080375B84349016041607047A83E0000C04101A8DD
S315080375C82C3E0000883E00005C4201A8663E000087
S315080375D8D44000A80C0002A8204000A800F0FF3FEA
S315080375E8B84101A8FFF3FF3FC44000A8106001A8EB
S315080375F8044003A8A43E000070B50400A00316D5EA
S315080376082E480068002803D11620FEF75CFA02E024
S315080376180C20FEF70DFB2F48806E0007C10F2E4876
S31508037628017008202D490860C0032D4908602D4DAF
S31508037638286800040CD5FCF729FF0600FFF79DFE0A
S31508037648E861FFF79AFE284908603000FCF727FF28
S31508037658A00727D58020C00221490860FCF739FF0F
S3150803766800281FD0214A1068C0B2002802D0062174
S315080376781F4B1960810915D016490B68012BFBD9CD
S3150803768849680905090D091DC9000C4B1B68012B17
S3150803769800D14908002B01D1182300E01A23D25E2A
S315080376A8FFF7BAFE70BD0000C84101A8C06101A86A
S315080376B8C05101A89C3E0000D84000A86C3F0000B2
S315080376C8FFFF0300006401A8504000A80C6000A847
S315080376D80C5000A81C4000A8E43A0000846000A8DF
S315080376E8106001A8C04101A85C4201A8A03E000099
S315080376F8005401A870B50822814B1A60FB239B0125
S315080377081B68DC0302D50020088070BD0C880019A5
S31508037718401E00787B4DA870641C0C8045076D0FC6
S31508037728052D05D8784E3668F60603D5022D0DD0ED
S31508037738032070BD9604AE401E4001D1082070BDD3
S31508037748052D03D1104201D1641E0C80A94848604F
S31508037758002070BDF3B582B008886C490978491CBE
S31508037768C9B2814204D202990918491E097800E068
S315080377780021644A517093785B075B0F01933023A2
S31508037788019C052C28D1194233D19478E5081E247F
S315080377982C40CD0702D5250001242C430125A14EEB
S315080377A8E6402E4073D0019F9F4EE641402426406B
S315080377B83E434C0602D53400202626439478890886
S315080377C80D40A7080C2139402943C02525400D43F8
S315080377D82021294396705170FB2189010C68557835
S315080377E8022123262E4008D0660302D52B40202BD8
S315080377F801D0052082E0424B196093789B0601D491
S31508037808202203E09278120702D540223C4B1A60DD
S315080378183C4A92786B461A70C022844B1E680E40FF
S3150803782801D1154212D06E46377827263E40232EB5
S3150803783803D1E60207D4012606E0252E03D0212E16
S3150803784804D1260302D504262D4F3E601B6819402A
S315080378582026019F002F1CD11E4027D0294B5B7871
S315080378681A40402A13D00C221A40042A0FD02A0792
S315080378783BD40122002902D0E100CB0F5A406946BE
S315080378880978CB07DB0F1A422FD021012AD4072000
S3150803789834E0022FE2D11E4008D00029DED1CC23DA
S315080378A82B4003D16B461B785B0601D5032025E0DD
S315080378B8A30311D59C4E73691B051B0D5B1C366800
S315080378C8F60205D5994E36683607B60F9B1B5B1E17
S315080378D89BB2052B04D1C1E7029B1B78052BBDD0A8
S315080378E806200BE08021064A1160E90702D4401CEA
S315080378F803990880AB4803994860002004B0F0BD93
S315080379084C1002A8283E0000480002A8443E00007E
S31508037918F2B587494978CA0705D4009A12888018A0
S31508037928401E037800E00023FB2292011068022414
S315080379389D4D2E68F60611D512695340DBB2002B06
S3150803794803D16E68D30973402340002B03D0020280
S3150803795804D40A20F2BDE206944E3260744A1E0223
S31508037968C0230B403343914E336093785E07760FF3
S31508037978022E06D16D682C4003D100200099088091
S31508037988F2BDA0250D409E08102737402F433D0911
S315080379980E0702D42E0010253543CC240C401A268C
S315080379A82E400A2E04D1CC2C02D02E00FD253540B4
S315080379B87F4EEE40F60705D4000416D5412B10D1A1
S315080379C8082912D17B48E840112101402143202088
S315080379D8084310700D210140009808D000F0AAF852
S315080379E8F2BD0B2B01D10029ECD00720F2BD00F01C
S315080379F81FF8F2BD9D32000038B50C006E490B78A6
S31508037A081A0953399500491925881B071B0FEB1AB9
S31508037A189A1A8018FEF7A9FD010002D1200000F082
S31508037A2807F832BDF300A3E3981440684C0002A88C
S31508037A38F8B50400614805683D4F3878D0263042C2
S31508037A4802D00D21014005D008205D490860EF20C2
S31508037A58FEF748FD39782000314204D00909397000
S31508037A6800F068F8F2BD0521294020D00288FB21D9
S31508037A788901CA60534BEC0705D5521C028069066F
S31508037A8807D4514B05E043242C40422C03D1521CFE
S31508037A98028043600DE01022494B1A604B4A096875
S31508037AA88B00DB0F1901116380210903116000217B
S31508037AB801800020F2BD0A888018401E00788306D4
S31508037AC801D4121D0A801822024004D008885208D5
S31508037AD88018C01E088039480068C00702D5088878
S31508037AE8401C08803848486000207047334A1368A2
S31508037AF8DB0708D51268920705D40A888018401E3A
S31508037B08007804280DD110202D4A10602F48FB222F
S31508037B18920112689300DB0F1A010263802212038B
S31508037B2802600020088070470C4000A8080001A8D6
S31508037B38283E000031B581B0254900200090082267
S31508037B48244B1D7802230C24254202D100222249FC
S31508037B5803E02C40082C00D10222EC0703D50C00BD
S31508037B681E21614000931D4207D014490968090676
S31508037B7801D51A4901E00021C943019B184C216024
S31508037B881849FF248C70009C15012543CD7008708D
S31508037B9818880099401880181880134858600020D8
S31508037BA836BD000059340000480002A8481002A848
S31508037BB80D0F0C0D071708504B3F00004C0002A881
S31508037BC84C2002A8FF350000353600001C1002A811
S31508037BD8DE1B2501283E00002084100000FCFF0157
S31508037BE8F43E0000483F000041350000283E0000E7
S31508037BF80932000021320000213200002132000038
S31508037C0821320000213200000000000000000000B5
S31508037C1800000000000000002132000021320000A5
S31508037C28213200007529000021320000B12A00001C
S31508037C38C12A0000F12B0000532C0000DF2C00009A
S31508037C48752E0000112D0000212F0000692D000054
S31508037C58BD2D0000312E000075300000513100009B
S31508037C68832A00009D2600004522000021320000D1
S31508037C78592700002132000051280000192800005E
S31508037C882132000021320000952800002132000025
S31508037C98213200002132000021320000213200007F
S31508037CA821320000FD110000ED110000904880689C
S31508037CB8000200D4704780B580208002AB4908606B
S31508037CC8CF2000F063FA01BDF8B58A4800688A4CE4
S31508037CD8802292032260FB26B601316809051DD561
S31508037CE8110BA023034001D0216017E002403FD1BE
S31508037CF88027824A1760824A1760084038D07C4D25
S31508037D08287A400705D501207E49086000027E497E
S31508037D1808602878002801D0062801DB0020F2BD70
S31508037D2800F094FB716889684E682978052907D194
S31508037D38B905A1606E60B668CC218901724A1160DB
S31508037D4800F08DFB012E00DA0226BC20800588493F
S31508037D580860942080058749086068480021C94354
S31508037D6801647142416484490F6040210160D5E783
S31508037D7882480160FFF79AFF0120F2BD5D48016852
S31508037D88890504D5C06E0004000F022801D0002017
S31508037D9870470120704738B580245848046000F0B6
S31508037DA855FB05007648006800F072F9280000F0CC
S31508037DB856FBFFF77BFF4E48007A000705D5A00058
S31508037DC84D49086000F064FC31BD60036B490860DF
S31508037DD8AE48046031BDFEB50500CC20800169496B
S31508037DE84860012668480660FFF7C8FF00287DD063
S31508037DF83F4C2078002879D031020195052802D00E
S31508037E082A460A4072D1CC27BF015E4A1760914AAF
S31508037E18126881231B02134001D0032301E0530789
S31508037E285B0F022805D1022B5ED308013649086081
S31508037E38F7BD4D01032804D1022B55D932480560ED
S31508037E48F7BD042802D111404ED0F7BD05284BD1FA
S31508037E580198002848D0C005C10F684641700198A3
S31508037E68C004C10F6846017000F0F0FA0290606812
S31508037E7869464978002903D006688021204A116093
S31508037E882C048A496A461278002A0CD0C2680B68F9
S31508037E98D21A874B1B68234001D0066800E0466858
S31508037EA8964200DD1600684640786A461278024309
S31508037EB808D008684242B01E824202DA70428860D5
S31508037EC800E00026029800F0CAFA0198800501D551
S31508037ED8784804600198054001D09D480460002E3F
S31508037EE802D009480760F7BDFFF755FFF7BD00003D
S31508037EF8303E0000440002A8442002A80CC001A88A
S31508037F0890E001A8C4D000A8145001A838B5802465
S31508037F189048046001201C4908608F4D2878052875
S31508037F2802D060008D490860FFF728FF002812D0A1
S31508037F3813480068000A80214140A868000EC9B2A0
S31508037F48814208D2434800684007400F022802D2F4
S31508037F58FFF721FF31BD82480168C0220A4002D1D2
S31508037F68C06F204001D00448046031BD1C1002A824
S31508037F7808E001A808D001A894D001A8441002A8CB
S31508037F8818C000A8106001A8C4E000A8F1B582B01B
S31508037F980F00A020384003D080208000724956E09D
S31508037FA800F054FA01906F480468F80202D5A068ED
S31508037FB80069029000F0D5FB80210903606800F088
S31508037FC897F926780020761C6178B14200D20026F4
S31508037FD81821714365180C3529780829F3DA2670A8
S31508037FE8A56029785C4A1170B9050FD500F02EFAF1
S31508037FF85C4909688968C968009100F030FAF8028B
S3150803800803D400980321884300900098524988604E
S315080380180127384003D100F0A9FC01F0B3F8F904A5
S31508038028686900F065F93C2000F0B0F8F0B200F092
S31508038038ADF860884D4901406180019800F00FFA50
S315080380483805494908604A480760380249490860B3
S315080380580298FEBD184001A810B547480068800570
S3150803806801D4FE2010BDC02080034449086000F0EF
S31508038078EDF93C4909688A78D20702D589688C7864
S3150803808800E00C7800F0EBF9200010BD100002A8F8
S31508038098344909688A688B78DB0704D592781823E4
S315080380A85A438A180C3290607047000048C001A8E2
S315080380B84C0002A84C1002A8F1B582B030480468EF
S315080380C80027200F000702D1E001029031E00126BC
S315080380D82C480068304001D101F054F800F0B6F98D
S315080380E80190F104606800F003F925786D1C60783F
S315080380F8A84200D20025E80020180C300090006832
S315080381080290F1040098406800F0F2F83D2000F068
S315080381183DF8E8B200F03AF825700098A06001988F
S3150803812800F09DF917480068064002D102A801F035
S315080381387FF815480068800408D51148C06901F016
S3150803814808FD02990818029000D502970298FEBD01
S315080381584C2002A894E001A8303E0000146001A848
S3150803816814C001A8C43E0000442002A8FEFF00006C
S31508038178C0E000A8106001A8440002A8441002A899
S31508038188C83E0000784000A8FC0302A84C490968C1
S31508038198002901D54B4908607047F3B581B001003A
S315080381A8494FB868494C42005BD50125000100D5FB
S315080381B82125474A10685668226893069B0E80222B
S315080381C852001A4300928022FD2333400D2B09D10E
S315080381D8FB239B011B68134004D03E4B1B681B2BD0
S315080381E800D31643009B9C463B689B001A4063468C
S315080381F81A4300920A0023D0890601D5012008E00C
S31508038208F021014007D16946097A0C220A4002D0AF
S31508038218022000F03FF83049096809040AD5396885
S31508038228090701D5022605E03968490301D5002659
S3150803823800E003264835009A28490968890003E0B7
S31508038248009A2649896B09094023194011439A005C
S31508038258002E02D01643266608352166024322668F
S315080382682566E06D4407640F00F0DAF8A0070BD01B
S31508038278052C09D0B868000406D400F0E7F80221EB
S31508038288174A116000F0EBF800F0D3F8002000F065
S3150803829801F8F7BD0E490A68F0239A43000110430B
S315080382A80860C0B270478020C0020E49096889076A
S315080382B801D10D4900E00D49086070470000000028
S315080382C8500002A8884000A8480002A8284000A829
S315080382D8683F0000448001A8684101A8184001A81E
S315080382E814D50350844000A8486000A8485000A83D
S315080382F880B56F4A116001F057FCFFF7D4FF01BD3B
S31508038308FEB5FB25AD012878000604D5287F002885
S3150803831801D0182400E0462400F098F8029065482E
S31508038328C0684005C20DD52A01D2D52204E0D1205A
S315080383384000824200D90200100001005E4B0193F7
S315080383482B6B5B011DD55D4B00931D1D5C4E367863
S3150803835806277E43AA530025019B1B7CEB40DB07B4
S315080383680CD5009B06266E439B199B888FB2BB4286
S3150803837800D2190086B29E4200D218006D1C022D3F
S31508038388EAD389B2091909044E4B0B40001BC005E9
S31508038398C00D184347490860C02000064A490860C3
S315080383A84548017D00290CD04849D52A02D9802396
S315080383B8DB050B60D1235B009A4202D280231B0696
S315080383C80B600021424B19604188002900D10280BD
S315080383D8029800F044F800F055FDF7BD80B53D480E
S315080383E83D4908603D48C1680902090A19225143EB
S315080383F8416005210160FFF783FF01BD80B5FB20B6
S3150803840880010178090604D5007F002801D0FFF703
S3150803841877FF32480068C00301D5FFF771FF01BD2E
S315080384288020C002224908602D4800684007FBD40B
S3150803843870478020C0022B490860704701E02A4923
S3150803844808602A4909680140F9D17047284800682D
S315080384582021284A11601021274A116070473021C4
S31508038468014002D110202349086070472048006854
S3150803847830210140102901D1012070470020704797
S315080384881E4801210160C160704701201C49086024
S3150803849870471C4800780621014007D01A48006827
S315080384A8022803D0032801D001207047002070470B
S315080384B8441002A87C400050743F0000543E000054
S315080384C8503E00000000FF01A0600050A450005071
S315080384D818E000E07F1A0601540002A810E000E03D
S315080384E8440002A8442002A8282002A8280002A8B3
S315080384F8600002A8602002A8601002A8789001A864
S3150803850884A001A8A43E00006C3F0000FEB562489B
S3150803851880214902C1610221604A51600021604AEB
S31508038528D162604A118003215C4A11600221016005
S315080385385D4CA068C005C10F68460170012700296C
S3150803854818D057480068F02109050140902000050E
S3150803855881420FD055480268022055493A4002D04D
S31508038568544802220A600864012001F041FB3802D4
S3150803857851490860202051490860802050490860FD
S31508038588CC2080014F4908604F48076024680F26A6
S31508038598200B304001904D480068C505ED0D103D88
S315080385A8C0202843C0B2FFF7F1FD684600780028C3
S315080385B80BD00198092808D0FFF76BFF002802D0CB
S315080385C843480068804701F045F926400096414824
S315080385D80468032E04D0022E07D10198032838D03D
S315080385E800F042FA0098032804D00198062830D1E7
S315080385F8062D2ED038480068C00B384001D001F044
S3150803860817FC36480068000108D5052D06D101254B
S31508038618334807606805FFF711FF00E000252100C6
S31508038628019800F05BFA04002E4E002D05D000F0E1
S31508038638E1FB376002202C490860780570658009D4
S315080386482A490860FFF725FF002802D0284800684A
S3150803865880471248390401620199002908D1022181
S31508038668416000200E49C863C020C0001549486404
S315080386782000FEBD80B5FFF7D3FEFB2080010078F6
S31508038688800602D402201B490860FFF7D2FE01BD03
S3150803869802201949086070472C1002A8282002A846
S315080386A80C0002A8603E0000B00002A8FC0302A85A
S315080386B82C1102A802300000B82002A894E001A8E9
S315080386C80CC001A8146001A8C4E000A804ED00E0E2
S315080386D8D83A0000B44000A800E200E0F03E0000E3
S315080386E8645000A8646000A82C4000A880E200E053
S315080386F8D43A0000081002A8082002A8F8B5594871
S3150803870804680427584DBE01A0070FD5574A012008
S31508038718E021C90093680B4002D02E602F612861B7
S315080387281268114002D02E60AF60A860FFF78EFE6C
S31508038738210506D52E602F61B3490D220A600F223B
S315080387480A60FFF78CFEF1BD80B5FFF77FFE844903
S3150803875801228A600A600021C14A1160FFF77FFE79
S3150803876801BD10B501207F498A680240FCD1BD4A7C
S31508038778042313610C680440FCD19360000210605B
S3150803878810BD794908680122104200D1704710B50F
S31508038798E023DB000340FF24A41CA34204D3B44B01
S315080387A81B689B0600D54868024001D000F01CF9EF
S315080387B810BDF8B504008A4D28683F2188438949BE
S315080387C8097801432960FFF7DCFFC820A862062059
S315080387D88E490860802040038D49086080098D49C1
S315080387E8086020688C4DAF68874200D30700C01B12
S315080387F820600121200000F0C7FB06002068C01985
S315080388082060FFF77BFF854800682860002E11D192
S315080388188348102141620821824A12680A4001D016
S31508038828016000E0416093490968490002D580213F
S31508038838490141623000F2BDFB208001017809062F
S315080388480DD5007F00280AD089484168C90606D489
S315080388580068A0210140481E8041C00F70470020C8
S3150803886870470000500002A8881102A8900102A8C0
S3150803887880B5FFF7E1FF002803D00021042001F0A3
S3150803888871FB01BDF1B57C487C49C860EE20C0047C
S3150803889808607B487B490860FFF7CEFF002803D0AA
S315080388A80021042001F05EFB774C8020C00120607C
S315080388B80827764887650125704845641D20734946
S315080388C88862734E9B204000B061072001F090F937
S315080388D802206E49886253490A68D20603D56B494A
S315080388E86C4A0A6008E00F220968394002D0310049
S315080388F8103101E0310014310A6067490968002913
S3150803890800D4B761E32109013160C021C900634A6C
S315080389181268F823DB01134001D1F16201E0574AD3
S315080389289165216C294008D0616BC90705D45C4950
S315080389380968084001D101F033FB0020C0435949AF
S315080389480860606B054001D1FFF7D8FE009801F06F
S315080389583DF9606B8001FCD4606A53490860F1BD30
S31508038968902102A8940102A8783F000010B5FB20BD
S3150803897880010178090606D5007F002803D000215F
S31508038988052001F0EFFA164801683F229143474A42
S3150803899812780A4302603C4C606BC00701D4FFF7A0
S315080389A8D3FE4349972040000860102008604148D1
S315080389B8E22212018266404ACA6100213F4A1160CF
S315080389C80F210822174B1B68134001D0816700E063
S315080389D8C1670321016002631003206010BD00000C
S315080389E82C8001A8623E0000F0210901344A11606F
S315080389F8014034480160202033490860334909682F
S31508038A080840BA490860704700100C500C9001A832
S31508038A18982002A8A41002A8A03F0000340002A8C0
S31508038A28601102A8FC0302A829482A4982680A4051
S31508038A3802D1C268114001D01149016014480821BE
S31508038A48AB4A13680B4000D081611178C90602D571
S31508038A588C21090101601420A6490860CBE10000AE
S31508038A6800000C50882102A8054806490860704783
S31508038A78440002A8EC0002A8000FFF00242102A85C
S31508038A8801200000706201A8100002A8C01002A8FD
S31508038A98501102A8BD03000028C000A8A88001A891
S31508038AA8383E0000B46000A89C3F0000633E0000FF
S31508038AB8682102A8E82002A810100000C00002A82E
S31508038AC8586001A8585001A8482002A8184001A8C8
S31508038AD8704201A80080008070470000F8B586B088
S31508038AE805000C0084480068400102D5200040248C
S31508038AF804438248C66AFFF7A9FC0590B00503D55F
S31508038B087F480068FFF7C4FA00200190012370061E
S31508038B18C00F02907B4A916800209060B8204000F5
S31508038B28794E30606608B82030401278F026164029
S31508038B38402E02D10200402010430D2D02D10A000F
S31508038B48042111434A0704D50200142010431022AE
S31508038B589443A44A12686D462B70D20506D580221B
S31508038B6852009C4B1A60020001201043029A002AFD
S31508038B7811D10C220240082A0DD002005F4B9B6BC9
S31508038B88DD0601D41025AA439B0601D420239A435C
S31508038B98B12313404FD06A461278002A4ED0994A11
S31508038BA8956B966D01236D076D0FAD1DAB40F504E7
S31508038BB8ED0C5B1B9BB2082B09D2802006234F4D6D
S31508038BC82B604302904D2B6000236D462B7081233F
S31508038BD8034036D00823029D002D00D113620D00E9
S31508038BE80821294310239C4304231D05874E356012
S31508038BF8DD04874E35606D462D78002D1ED0062B6D
S31508038C0825D33D4DEE6CF60621D5824E3668360ECB
S31508038C1801966D69ADB27F4EF66B360603D02E0004
S31508038C2880256D01354315612D1215616D4A126844
S31508038C38D50592D40BE00822724B1A620491009068
S31508038C4832E000BF87A34506ED0E5B5DD3E70491C3
S31508038C5800902A48026B6F4909686A4D2E686F4661
S31508038C683E81282616401E43930CDB013343160020
S31508038C78120E3240102632401A43890040231940FF
S31508038C88114302AA9170406B000A02A9C870FFF73C
S31508038C98E3F902A90871019848715F480068C88012
S31508038CA80298E8660398E8660598FFF7D8FB082547
S31508038CB8600601D555488560FFF7EBFB002805D004
S31508038CC856480078002801D0554805600498C1B26B
S31508038CD80098C0B2FFF761FA200007B0F0BD081A7A
S31508038CE803D2504909684018401C7047481002A81F
S31508038CF8F84F0000703F0000084000A8180002A8B3
S31508038D081CC000A8683F0000B46000A8F8B5464E22
S31508038D180F24012545491027B06B38401BD001207D
S31508038D2808704348006843490968FFF7D8FF42496A
S31508038D380968401801284BDB01F0DAF93F49096845
S31508038D48090B0C40022C41D169053D4A11603D497E
S31508038D580F6435603AE0306CC0001ED53A4800689F
S31508038D68E0218905014033D0344D286821030140A1
S31508038D78780281422CD1FFF769FB344A34490968DA
S31508038D88C90502D53349096811602968090B2140C1
S31508038D980229F3D0FFF763FBF1BD2F4E306800288D
S31508038DA816D00D7000F012FF002811D101F0A0F9B2
S31508038DB822490968090B0C40022C07D12904204AC1
S31508038DC8116002211F4A11600021316001F094F9EC
S31508038DD8F1BD00001C2100AA802080041F490860F1
S31508038DE8704700001C0100AA802040041B4908603C
S31508038DF87047000000BF1A480168490701D0FF21D8
S31508038E0841617047540000AA141100AA441002A825
S31508038E184C5001A8184001A8448001A8E43A000068
S31508038E28845000A838C001A8100002A8653E0000AF
S31508038E381CC101A820C001A8E03E0000B00002A892
S31508038E481C1002A8082002A84C4001A8800000AA02
S31508038E58084000A8904000A83C3E00003C2002A811
S31508038E680C4000A8030107060301070605010606C1
S31508038E780501060603020706030207060502060690
S31508038E88050206063E480068000219D53D480168EA
S31508038E98C902490F0BA2008ACA384009105C081888
S31508038EA840B2082801DB401F02E0002800D5401D10
S31508038EB8AF490A68AF4B1340000680111843086088
S31508038EC87047000002010000FFFEFD00FF2807D0D7
S31508038ED8032805D2BF490978C140C807C00F704798
S31508038EE800207047F0B5802000020821A24A1160C5
S31508038EF80A230121A14A01249C400443C6A5ED5C23
S31508038F0825439560F0259E4E35609B4DC5A6F65CB0
S31508038F18022737432F6004262E60AF4D2D680D4070
S31508038F2806D1CD026D1E03D0966C3603FAD401E03A
S31508038F380220F0BD956CD66C6D036D0BAE4200D25C
S31508038F4820005B1ED7D508238D4C23609060A34B5E
S31508038F581B685B0112D5A24C63785D1C01262E405B
S31508038F6866701D000626754365191268AA80E88087
S31508038F782370984802789940114301700020F0BD80
S31508038F88500002A8643F0000F1B582B0FFF7DCFB86
S31508038F98FB208001006B400101D401241DE09148A0
S31508038FA8826B00208E49C3B206246343CB189B8879
S31508038FB894B2A34204D0401CC3B2022BF3D3FF20B6
S31508038FC808700124FB208001006B400105D5087849
S31508038FD8FFF77CFF002800D00024FB2080010078D7
S31508038FE800060AD5FB208001007F002805D0FB2050
S31508038FF88001407F002800D101247B4DE869019050
S315080390085B480068E861794E02980068316D47182D
S31508039018012F16DB00F051FD3060C001381A01280C
S315080390280FDBFFF79EFB00F0ADF802980068316D79
S31508039038401800F0CBFD002803D00021029A1160DE
S3150803904810E06B4FC020C00038602868072832D064
S3150803905805210840052808D029600C2000F0C8FD1A
S31508039068002802D00199E961FEBD624EFF207A30D5
S3150803907870620420B062FFF774FB02203060E020B8
S31508039088C0045D49486080208004786002203860FF
S31508039098012000F0ADFD802080007062022000F0F8
S315080390A8A7FD8020C00070620820B062022000F085
S315080390B89FFD0220B062514EE02040003060042034
S315080390C800F096FD07003FD102204B49086080024D
S315080390D8B062C001B0621020424908600120F065F9
S315080390E84748006840061CD4FB208001006B4001F2
S315080390F813D53B4800786946087068460078FFF731
S31508039108E5FE002809D036486946097806225143F8
S315080391184018C0883349086403E0FFF7E3FE0700ED
S3150803912812D13048012101600021C167022000F0ED
S315080391385FFD344E40203060C0303060022000F0B6
S3150803914857FD8120C002B062002C05D02C48006860
S31508039158800101D4FFF752F9E869E0214903014080
S315080391680198044A02400A43EA613800FEBD000032
S31508039178F80302A8FFFFE3FF889001A8448001A823
S3150803918888A001A838B5FFF7DFFAFFF7EAFA022439
S31508039198144804601C4D0820A862C00168620120AF
S315080391A800F026FD200268622C600620A86217488C
S315080391B86862E0204000134908600F4804600021EC
S315080391C8094A1160C021C90001601148006811499C
S315080391D8086031BD843F0000140002A8F03E000071
S315080391E8503E00000C8001A85C0102A88C3F0000D1
S315080391F8981002A85C1102A8982002A82C9001A826
S31508039208500002A82CA001A85C2102A8F961000055
S31508039218340002A8943F0000000000010102040874
S315080392281020200050505040404040302020200055
S3150803923870B50600FFF795FAC020C00020490968EB
S31508039248F822D2010A4001D11E4900E01E490860E6
S315080392581E48AC21490081640A2101601C48802103
S31508039268490301608909C1601A4C6069AF21C901BC
S3150803927845183068854200D30500401B3060002135
S315080392883000FFF781FE31684919316012490968C8
S31508039298216070BD8020000110490860000110494B
S315080392A80860704710B50400FFF7D0F80D490A6837
S315080392B80D4B13401C430C60FFF7D1F810BD000093
S315080392C8AC8001A87C1102A87C2102A80C8001A8FD
S315080392D8981002A8903F0000340002A8441002A878
S315080392E8685000A83040005AFFF8FFFFF1B582B06E
S315080392F8E020C000FFF7D6FFBF4800680190BF48C3
S31508039308806BAF21C90140180299884205D2081A09
S3150803931800F05CFC002800D0FDE1B94C6068C00782
S3150803932800D5F8E10420CA49C8628003C949886296
S31508039338FB20800100680090A06B8507AD0F032DFD
S3150803934803D01020C249C86224E00846802189024E
S315080393588162E26B920601D501204FE0009A120654
S3150803936810D5E36B022213400CD1C94B05261E60A0
S31508039378E66B10273E4032431A6000221A60A26B36
S31508039388120A1A600422C262E06B002802D5B048A2
S3150803939881620025A06B400705D5A06BC000802114
S315080393A84900084003E095480069C10701D5FFF756
S315080393B81BFB0098C00708D5B648A9014018006AD8
S315080393C8C004C00C401EB4490860B44801680904BF
S315080393D804D5806FC10F0120484000E00020CE491C
S315080393E8C02292000A602B02002801D0100000E070
S315080393F81800CA4D28604A606B600020216C9422C5
S3150803940892050A40170000D0012780263601350140
S31508039418384300062DD0FB2080013021405CC0214B
S315080394280140402902D1FFF725F901E0FFF730F992
S31508039438202020603F061BD0A06B400709D5680883
S31508039448844988620220B649086000F055FA00285C
S3150803945806D004207E49C8627E488662B0480560FD
S31508039468FB2080010078000602D5280178490860A0
S31508039478F7BD6068C007FBD4A8007649C862FEF73B
S31508039488CFFF8548406E216C294008D1C00606D50A
S31508039498FEF7DCFF0221A34A1160FEF7E0FFFEF799
S315080394A8C8FFE8082060C0200006B0494860A06BDA
S315080394B84007C10F684601700198C00700D4A1E0A8
S315080394C8EE20C004AA490860A848C661964903223B
S315080394D80A647F224A6442220A60A021016008219D
S315080394E8A44A11660421A44A1160216CC90248D505
S315080394F8D0494A68130B0F261E4033019B1B1209D2
S315080395080F271740DB190F3B01D1002200E05A1E2B
S3150803951886A77600BE5B102B33D3384B1B89E72BFC
S315080395282FD395277F00BB4205D8FB1A1B095E4331
S31508039538B30A5F4204E0914FDB191B095E43B70A76
S315080395487BB2D2182D4B9E6BB4467FB25E6C7743BB
S315080395586646F6199E63B32A01D3B32202E00F2A95
S3150803956800D20F2286495143C90C864B824E336073
S315080395784B1C1B030E01891B5118491C0901194366
S3150803958801667B4F8048B864784EC02080017060B6
S3150803959878487E4941677E498167F02000017865E6
S315080395A8680930610A2000F023FB822040023066EE
S315080395B8C42000067060C02040019F490860012046
S315080395C800F016FB01207060062000F011FB756099
S315080395D8082000F00DFB68027060400870604008B8
S315080395E87060C00070604000B864032000F000FB98
S315080395F86800614908600BE0FC0302A86C3F000099
S31508039608100002A8E022D2004021002000F0CEFF75
S315080396188A480021C943C1630121FB2292011278B2
S31508039628120619D5A26B520716D4854A1278FD2352
S3150803963813400D2B10D1834A126852050CD5824A5A
S3150803964812681B2A08D236480161C16405E000BFBF
S315080396581C2002A81C1002A8016000F02EFA784DF7
S31508039668401DC001A96B47188020C00177494E6F72
S315080396780640774908600298874212D2A96B401AAE
S3150803968800F0A4FA00280BD098480660F7BD00BF77
S31508039698E40000AA0C0000AA204000A8684101A813
S315080396A8029F934831494860012000F0A1FA606A8D
S315080396B86863802040002F490860380000F086FA5E
S315080396C8FB27BF0168460078002806D15F4800686B
S315080396D878628020C003874908608448066024485E
S315080396E802218164C02189018164606AE862684647
S315080396F80078002809D0012000F07AFA387800069D
S3150803970803D58020000393490860206CC00202D55C
S3150803971848480068A863F7BD086100A8085100A867
S31508039728685000A814E50350600102A80000000069
S31508039738000400080008010C01100218021C03247F
S31508039748042C04300534000080B5FEF77FFE8249F1
S3150803975800220A600A22CA61FEF781FE7F48C021F1
S31508039768890201607E49416001BD0000681102A8AB
S31508039778242102A8B81002A8C82102A8D6FEFFFF0A
S3150803978889880000F0F000000404000002030000C2
S315080397980004FF007348806B800300D47047F8B54C
S315080397A87148056808277148076071480068C00446
S315080397B803D4704800683840FBD06F4C4C48606542
S315080397C8042000F015FA8820C00460650126354090
S315080397D80BD0F005606580006065012000F008FA83
S315080397E86665F003606540026065644D00262E6071
S315080397F86E60C02000066065C00C614908600120D8
S3150803980800F0F6F9F0200001E0665E480660862057
S3150803981840025D4908605D4860652760A0202065A9
S315080398282E646E64B8024F490860000158490860F7
S31508039838F1BD0000F83F0000B05101A8786000A800
S315080398486C3F0000504001A8448001A820C001A825
S3150803985894E001A8F8B54F4800680D250540082087
S315080398680424002D01D1042504E0092129400929E6
S3150803987800D14540484910270603484A484B1B6800
S315080398882340126814D04A60284004D00220FEF701
S3150803989801FD444806602C4007D04348006807433F
S315080398A841480760B0083F49086002203F4915E068
S315080398B80A60284005D00220FEF7ECFCA0023949C5
S315080398C808602C4006D0384801680F4307607009BA
S315080398D8344908603548066030032D490860FFF7A0
S315080398E859FF00210020FEF758FCF1BD94D001A8C2
S315080398F8024000001C1002A810B580202C490A68EB
S3150803990802400AD02B4B1A680624144005D15C6E0C
S31508039918294A22401B6D9C0101D5002010BD096800
S3150803992808400DD02548824203D1180501D50120E0
S3150803993810BD23480068C107C90F481E8041C00FD8
S3150803994810BD204803210164A821C16310210160C1
S31508039958704700001C2002A8D80000AA442002A8C1
S3150803996804000080100002A8FC0302A8106001A8DE
S31508039978D84001A8104001A8182102A8600102A826
S31508039988B06101A8548001A8C82102A804340000BC
S31508039998482002A8B44000A8E83E00001CC101A854
S315080399A8480002A8441002A8683F0000685000A8A7
S315080399B8440002A814C001A81F1F0000010C0000D8
S315080399C830C101A8082002A86C480068012108428A
S315080399D809D16B4A12686B4B000C1840F032914058
S315080399E80B40984201D00220704700207047F8B50B
S315080399F807000F386A461080604CE0680A0004D1ED
S31508039A086B461B8882B29A423AD200226B461A8060
S31508039A18012502263A0013D02268324007D00029C6
S31508039A282ED059480088401C574908800020390019
S31508039A38216156490E6080B2B84201D369460D8042
S31508039A485348456000E030BF2068304003D1FFF72C
S31508039A58BBFF0028F7D04D484560390010D0216868
S31508039A68314005D048490A886B461B88D2180A80AC
S31508039A78066000202061E068B84201D244480660BF
S31508039A88FFF7A2FFF2BD38B5050000F031FB040065
S31508039A98012199204543A8093E4A126880181238B5
S31508039AA880B2FFF7A4FF05008020C0013A49086081
S31508039AB8200000F021FB280032BD334803883549C6
S31508039AC8096802889342F9D1100408187047FEB545
S31508039AD81238070C6946088000F00AFB0190274CE0
S31508039AE8294D2888B8421ADA01202C490860274ED6
S31508039AF830BF02202168014006D03060400326495A
S31508039B0808602888401C2880FFF75EFF002802D1D2
S31508039B182988B942ECDB0121716000280DD1288810
S31508039B28B8420AD1E06869460988884205D20021FD
S31508039B3868460088FFF75BFF01E0FFF745FF040067
S31508039B488020C00114490860019800F0D5FA20005E
S31508039B58FEBD10B512490A680E4B1B680C68944279
S31508039B68FAD0DB014033141A02D288692418641C14
S31508039B780C4800684443181B10BD0000280002A8B7
S31508039B8804ED00E0FF3F0000603E0000282002A81D
S31508039B98281002A8340002A880E200E02C1002A8C4
S31508039BA820C001A8B43F0000F0B502E00A601C60B3
S31508039BB82E607EC84F1C07D05F1C04D06F1CF5D1D6
S31508039BC80A601C60F0BD0A60F0BD000010B5C40940
S31508039BD8FFF773FF201A312806DAC000183801D4AC
S31508039BE8C01EFDD5002010BD2000FFF770FF10BD6D
S31508039BF8C32148436F3801D41E38FDD50020704762
S31508039C0880B5FEF747FB01208649086001BD80B584
S31508039C18EB2000F001F801BD30B583490B681840FD
S31508039C281022134211D0814BFB24A4012468224035
S31508039C3808D0B04A14682402FF252D0225401D635F
S31508039C4800241460802252031A60086030BDF3B5F5
S31508039C58010016001C0000250095A748019A330041
S31508039C6800270BE0BC464F5D4743AE009E597E402E
S31508039C78575D47433740664637436D1CA542F1D3BC
S31508039C88390939438A080A43510811430840C1095F
S31508039C9801430F208A0B0A4302405040F6BDF1B52B
S31508039CA882B00E00002093490860FD25AD01EF7ABE
S31508039CB8A87A01900F21394000910ED00B468F4A96
S31508039CC88F490298FFF7C3FF019901408948016044
S31508039CD88C4841438C48084001D1012400E04401DB
S31508039CE8380915D032003B0929000298009E6D7A77
S31508039CF875194019FFF7ABFF0199091101407D480A
S31508039D0802680B0113430360002901D04800444342
S31508039D187E480068204001D10420FEBD0020FEBD10
S31508039D2880B50A0000211180794952888018FFF7FF
S31508039D38B6FF02BDF0B50F22764B5C7905780F207E
S31508039D482040C5402009284001259C79C4402C4059
S31508039D5801D10320F0BDFB24A4012468254008D0BB
S31508039D686D4D9E684700F65B761E2E608026B60103
S31508039D78EE60DD78DE79C640F00711D5E0060FD523
S31508039D88002D0DD0654848600888488008881C78DF
S31508039D9800192A4080185A7880182A09801800E07A
S31508039DA8002008800020F0BD10B55D4801685D4AAB
S31508039DB80820014200D09061C90602D58C21090101
S31508039DC811605949594A5A4B1B681B040CD54B68E9
S31508039DD85C0402D5C303136006E0C024A4011C402F
S31508039DE843029C4200D010600B68034005D0514BD0
S31508039DF81B689B0F9B0700D01060FB208001007827
S31508039E08C023034002D1802040051060086820213A
S31508039E180840106048480068C00101D4FFF7F7FEF8
S31508039E2810BD00002C4000A8703F00001C1002A8B3
S31508039E38F8B5424F38687E6806404148304041497C
S31508039E4808608024A403404DF00229D5FB2080012D
S31508039E580168080606D53D480068A86001202870E9
S31508039E68022015E00120014202D03949A9600FE012
S31508039E780020C9060CD52949A960364A91780B07E3
S31508039E881B0F12789A1809095118A980E880A88817
S31508039E98A880A888002801D0264301E0FFF7B7FE63
S31508039EA8264026D0274E74603460A88800280ED02A
S31508039EB8396A81420BD3291D2748AA6890470100A6
S31508039EC8F3D0FEF7E7F9012024490860F1BD01003C
S31508039ED80CD0FC218902F16121490203CA61346065
S31508039EE84C603A6A824204D30C60F1BDEB20FFF753
S31508039EF893FEF1BD403E000001010101F83E000052
S31508039F08383F00001111000021840000F43E0000C8
S31508039F18183F0000483F0000204000A835210000EC
S31508039F28F84F0000502102A8184001A8481002A8B3
S31508039F38684101A84C4201A8D04000A8B44000A82B
S31508039F48FFFFDFFFB46000A8443E0000E03A0000C4
S31508039F5849210000493F0000D84000A82C4000A822
S31508039F68B45000A870B505000C0000F0C1F8060047
S31508039F78FEF786FA200205430648056002200649C5
S31508039F880860FEF782FA300000F0B6F801200349A4
S31508039F98087070BD04C0095040D00950643E0000DB
S31508039FA8FEB5C020C00433490860334833494865B9
S31508039FB83348886533484024046044601020FFF713
S31508039FC817FE002854D1FF2000052F4908602F489B
S31508039FD82F4908602F4829490860A5032A480560B8
S31508039FE82D4807680820FFF703FE002840D10826EE
S31508039FF82A4806600120FFF7FBFD27488068019079
S3150803A0082748066027481D4908601F480560082031
S3150803A018FFF7EEFD00282BD1204806600120FFF73D
S3150803A028E7FD1D48806800901D480660134D1E48C5
S3150803A03828600199009800F03FF88606B60E01983D
S3150803A048C10B0098C00B00F037F80002FC21890100
S3150803A0580140314329601048076060030A490860CC
S3150803A0681248046044601249016412494164002095
S3150803A078FEBD000020E000A8571400004C0102A802
S3150803A088FF3FFF3F601102A8B42002A80000380E5C
S3150803A098B41002A830300000104101A8105101A8D5
S3150803A0A8106101A81010000020200000602102A8F2
S3150803A0B8F703F000FF3F000010B54904CA1040042F
S3150803A0C8C310991A00209A18D30F9A1852105218BF
S3150803A0D88B115B0E5B18DB11D2182023541A01D493
S3150803A0E822001843CC0F611849105B08F6D110BD36
S3150803A0F8EFF3108072B67047002800D162B670472E
S3150803A10810B5C20018231340FF249C40E24389076D
S3150803A118090E9940030004D477489B089B00C01886
S3150803A12806E0764B0007000F0838800880001818E1
S3150803A13803681A401143016010BD80B57322542180
S3150803A148002000F033FA01BD10B5FFF7D1FF6C49BB
S3150803A15801220A606B4B6C4C23606C4C2360032307
S3150803A1686B4C23606B4C23606B4B1A606B4B1A6002
S3150803A1786B4A802313606B4B136011228A63FFF7BC
S3150803A188BBFF3F206849096801400A1D402A00D2D7
S3150803A198081D664A1070A748017010BDFFF7A8FF87
S3150803A1A805000024012160B2FFF7AAFF641C0E2CE0
S3150803A1B8F8D301210F20FFF7A3FF01211120FFF789
S3150803A1C89FFF01211320FFF79BFF01211720FFF7A4
S3150803A1D897FF03210120C043FFF792FF01211E20A1
S3150803A1E8FFF78EFF52485349086002205249086010
S3150803A1F801209B4908604704504C20693840FCD025
S3150803A2082068800101D4FEF7E9F82800FFF774FFF0
S3150803A2184B480068400311D48B225200532100206F
S3150803A22800F0C4F90AE000281CD0FEF70FF919E074
S3150803A23820693840FCD02800FFF75EFF206E00042B
S3150803A248000F022801D1FEF761FDFFF751FF05004C
S3150803A2586B4EFEF70BF900287078E4D0002801D175
S3150803A268FEF7FDF8012034493278002A05D1724AE7
S3150803A2781268920600D4086030BF002232700222A0
S3150803A2880A6077490860D3E77648016842680A404E
S3150803A298754810401C490860800700D4704770B594
S3150803A2A872480188491C0180FB24A401207800060A
S3150803A2B820D56F490A680F20120B0240032A19D1C1
S3150803A2C86C4A12685207520F032A13D80968090BEE
S3150803A2D8084003280ED168480568082667480660B3
S3150803A2E80D20FFF78DFC354001D0AD480660E08A9E
S3150803A2F8401CE08270BD000000E400E01CED00E0AD
S3150803A308040002A80000FF3F282002A82C1002A870
S3150803A31840E002A844C002A804C001A8044001A852
S3150803A328145001A8200060062C8001A8623E00008C
S3150803A338FFFF9B4000E100E0602002A8500002A846
S3150803A348F80702A8F8B58248016844680C40954896
S3150803A35804608048204007D0FEF79BF8002803D0FE
S3150803A36820007D49096888477C4880210C4220D00B
S3150803A378774A936AF825ED011D401AD0C0231B01B5
S3150803A3889D4216D880252D06874E3560976AF82686
S3150803A398F6013E40C76E3F043F0F022F01D0032F35
S3150803A3A803D1002E01D09E42F0D38F4A15607D4A09
S3150803A3B811608E49097806290DDACC2080012040D8
S3150803A3C81DD0FFF795FE05002000FDF704FD2800BC
S3150803A3D8FFF792FEF1BD0068800510D58448204032
S3150803A3E805D0FEF779FB2000FDF7F5FCF1BDA002C1
S3150803A3F805D5802040016B4908607E490860F1BD90
S3150803A408653E000010B57C48016844680C407B48E3
S3150803A418046080210C4205D0416079480160002018
S3150803A428FDF7D9FC600403D5802040057549086003
S3150803A43810BD0000633E0000F40302A838B572484D
S3150803A448016844680C40E00707D5FFF751FE050085
S3150803A458FDF75CFD2800FFF74FFE6C48046031BD25
S3150803A468601002A8280002A8FFFF00C0603E00008B
S3150803A478B00002A8184001A84C4000A84C6000A8E0
S3150803A488FEB5634C206C676C074001252F4216D02E
S3150803A4982E066048066020685F490D60002802D0CA
S3150803A4A80021FDF725FF5D480068A021C9018842F8
S3150803A4B88041C043C00F5A4948705A480660FDF799
S3150803A4C8C5FF0190022007403ED06168CEB20F0A45
S3150803A4D855490822494B4403012E24D0022E31D16B
S3150803A4E8012F22D1514EF6780096504E3778012619
S3150803A4F8BE404F4F3E604D4E3678760590277F040B
S3150803A508F71903263E434B4F3E601C604A4B1C60B3
S3150803A5180B68009C1B194B65444909788D404749C4
S3150803A5280D6047490DE00090DFE7002F0AD1454E35
S3150803A538356000254D655C601C60C104424B196093
S3150803A54842490A60344908600198FDF788FFF7BD50
S3150803A558104001A802000600DC3A0000440002A8DD
S3150803A56870B5FDF773FF0400FFF7C2FD31490A68A2
S3150803A578D2070FD52C4A566D1368354D2E60CE680B
S3150803A5886E604968E9818021C904224E3160297BB6
S3150803A59859185165FFF7B0FD2000FDF760FF70BD38
S3150803A5A84C5000A8106001A8E06101A8002800D053
S3150803A5B8704770B50C00FDF749FF0500FFF798FDCE
S3150803A5C80600FDF75DFF234804600121224A11604E
S3150803A5D8026C0A40FCD1FDF758FF3000FFF78CFDE3
S3150803A5E82800FDF73CFF70BDE05101A8303E000086
S3150803A5F800104006145001A890C001A890E001A8CD
S3150803A6080CC001A804ED00E0C0C000A8C0E000A87B
S3150803A61800C002A8441002A840E002A8404000A8C7
S3150803A628653E0000442002A818C00A50793E000077
S3150803A63868E00A5060C101A894D001A868D00A50F6
S3150803A648F42302A860E101A880E200E0F41302A853
S3150803A658703E000000C0095040D0095080B5FDF788
S3150803A66818FF002802D0B8480068804701BD80B59E
S3150803A678FDF74CFFC548006800030AD4FEF7F4F94A
S3150803A688FFF788F8FEF772F90120FFF75DF8FEF77A
S3150803A69879FD80208005FDF7D1FE01BD80B5FDF75C
S3150803A6A835FF80204002FDF7C9FE01BDFEB505202A
S3150803A6B88E4908608E4806680124264201D1FEF7AA
S3150803A6C843F8FDF723FF8B49086800908A484968C9
S3150803A6D80160B105CA0F69460A710025264210D0DA
S3150803A6E80095AB4949680160A948026897490B6808
S3150803A6F8981A9A4202D38B69C018401C944B9842FD
S3150803A708F5D3A44F3D6068460079002804D0310084
S3150803A7180098FDF73BFC009000263868204003D1D3
S3150803A7286846FEF746F80600FEF786F8002843D07B
S3150803A7389748407C00283FD197489549C9680269D4
S3150803A7480B689A4200D00125944FBA1C9446944A3A
S3150803A7581378062253436246D25A8C462B0018218D
S3150803A7684B436146C9184A60009901918849C968E3
S3150803A77801226A4018235A438D1829680161A96872
S3150803A78801608848E9680160296901626869A2491C
S3150803A798086001A8FEF70DF8002806D1B91C804AF7
S3150803A7A8127806235A43895A6960310006000E430C
S3150803A7B802D177494C7401E0002E02D10098FEF7BE
S3150803A7C861F8A048046002209F490860C820C004AD
S3150803A7D89E4908606004FDF731FEF7BDF8B59C4C41
S3150803A7E88025EF02FEF728F8002808D0994800784C
S3150803A7F8002804D13800FDF721FE2560F1BD206C39
S3150803A808C00506D580200006206000BF00BF4008A3
S3150803A8182060FEF709F9FDF779FEFDF755FA0600F4
S3150803A8288D488E490860FFF719FF3800FDF706FEBD
S3150803A838002E00D025600120AA490870F1BDF8B595
S3150803A848FDF764FEFDF7ECFDA74800680224804976
S3150803A858096C090407D4000705D5FDF7F7FDA349CD
S3150803A8680C60FDF7FCFDFDF7E4FD1020C043A04985
S3150803A878086000257648C5639E480560FDF709FE06
S3150803A88807009D4E002F03D09C480068804700E0C8
S3150803A89835604420305C0521014002D0FDF7EAFE05
S3150803A8A801E0FDF7F5FE706C044002D00120684903
S3150803A8B80860FFF779FA002F02D0914800688047A5
S3150803A8C880200003FDF7BAFDF1BD80B5FDF71EFE2E
S3150803A8D82E480068000303D4FEF748F8FEF752FC2F
S3150803A8E880204003FDF7AAFD01BD00005C1102A8FC
S3150803A8F8440002A8B83F00003C3E000038B5FDF7FF
S3150803A90805FE534C2025FEF7F7FF002806D0606B93
S3150803A918000704D5FFF715F8FEF7BCFC2560FEF714
S3150803A92825F8FEF72FFC774800780C2101400429FF
S3150803A93802D1FDF79FFE01E0FDF7AAFE6804FDF7BD
S3150803A9487DFD4020206031BDC83A000020C001A81B
S3150803A95801FF00001CB505206B490860FDF7D6FD05
S3150803A968FEF7EFFFB848006800906846FEF760FCF4
S3150803A9780400FFF773FE002C02D10098FEF7B6FC15
S3150803A98880204004FDF75AFD13BD00000C0002A8F9
S3150803A998CC3E0000383E0000348001A8543E00002F
S3150803A9A8503E00001C4101A8F8B5FDF7AFFDA74CBA
S3150803A9B8A56A5020284002D0FDF75CFE01E0FDF7A2
S3150803A9C867FE234FFEF798FF00281BD1B86B40078D
S3150803A9D81DD4786BE0214901014018D1A80611D482
S3150803A9E8FDF71EFDA56A9A4E354207D0FF20C043D8
S3150803A9F82D18A5628020000596490860FDF719FDFC
S3150803AA082E4002D00120386001E000202060802013
S3150803AA188004FDF713FDF1BD284000A880B5FDF7AE
S3150803AA2875FD8D480068C00501D5FDF79FFF012010
S3150803AA38FEF78AFEFEF7A6FB8020C004FDF7FEFC98
S3150803AA4801BD0000442002A8305201A8106001A8DD
S3150803AA58100002A8DD3E000070012000B46000A8BB
S3150803AA6870B528480668FDF751FD8024A4037B4D75
S3150803AA782968090303D52000FDF7E0FC70BD032107
S3150803AA88C00601D5314001E0B0080140012902D1C9
S3150803AA98FDF7F0FD0BE0300107D50E20FFF7B0F8F8
S3150803AAA8A3480421016008210160FDF7F1FDFDF7BC
S3150803AAB868FEA04E3069A0490860FFF7CFFD3068E5
S3150803AAC8002807D04000122802D2FFF791F801E0C0
S3150803AAD8FEF7D9FF2000FDF7B1FCA86B8000FCD46C
S3150803AAE870BD0000653E0000844000A814E50350C5
S3150803AAF8482002A8403E0000AC3E0000CC3A0000BD
S3150803AB08D03A0000F03E00005C1102A8F8B584B0FC
S3150803AB18012600240294FDF7F9FC03904F4D286893
S3150803AB28000374D40320A5490864A54802680227C4
S3150803AB38FF2189010F200F231340032B03D0120B80
S3150803AB48104006283ED19F4800684A6800922A6C36
S3150803AB583A4001D089680091FEF7FBFF009940182F
S3150803AB6801D5019400E00190A86B0007C10F684658
S3150803AB7801700320FB218901096B014002291BD1B6
S3150803AB880399C90618D5FB2189010968CA0512D587
S3150803AB98EB6B8D4A1340934203D110208749086407
S3150803ABA80AE0890508D4296C28220A4004D1002614
S3150803ABB82849086000E000266846007802903000B5
S3150803ABC802D10EE008680190FEF796FE002808D021
S3150803ABD8FEF7B7FE0298002802D0FEF75BFB00E0F3
S3150803ABE8002676480760002E12D0FB208001302104
S3150803ABF8405C0C210140042902D0E86BC00602D543
S3150803AC08FDF738FD01E0FDF743FD2020686014E0F1
S3150803AC18FDF7ACFE802000060E4908600020C043F5
S3150803AC286A49086001A8FEF703FB0400FFF716FD47
S3150803AC38002C02D10198FEF759FB80200004FDF782
S3150803AC48FDFB05B0F0BD0000CC3F0000C83E000080
S3150803AC5800FFFF00481002A8680102A80C0002A812
S3150803AC68FEB500240194FDF751FCFFF7F7FC584E8F
S3150803AC78F06E584D0007000F07280ED17068002894
S3150803AC880BD40020FEF760FD28682B490860FDF7FA
S3150803AC98EFFD3068800045D5FBE701210320FB2239
S3150803ACA8920173685B070BD44B4B1B680B4007D0A1
S3150803ACB81368DF050BD55B0502D43368DB0503D4B4
S3150803ACC80191116B890904E01021444B1960116B32
S3150803ACD80909084000900020FEF736FD0098002869
S3150803ACE805D17068C00602D4FDF7D2FC01E0FDF76A
S3150803ACF8C1FC00200199002903D139480068FEF7E9
S3150803AD0828FF6969401801D5009400E00090684651
S3150803AD18FDF74FFD002805D10098FDF7B3FDA8698F
S3150803AD280549086080200005FDF788FBF7BD000084
S3150803AD3880E200E0AC3F00003C3E0000F8B5FDF7B2
S3150803AD48E5FB002400252748466B80277F05300640
S3150803AD5806D5300709D5FEF7F4FDFEF79BFA29E071
S3150803AD6801251D480068284019D00020FEF7ECFC89
S3150803AD780220064002D01C490C60C8611B480468B7
S3150803AD88002D03D02000FDF797F90400FEF7D9FD37
S3150803AD982000FEF7ABFA3800FDF750FBF1BD14485F
S3150803ADA80078C0210140402902D1FDF763FC01E080
S3150803ADB8FDF76EFC20200B490860ECE7082002A87B
S3150803ADC8B00002A80CC101A810000010B46000A8BE
S3150803ADD8440002A8BC3F0000B44000A8481002A8D3
S3150803ADE81CC101A8100002A8180000AAD83F000031
S3150803ADF8F03E0000FFF7A8F9024803494860FFF741
S3150803AE08CDF900BFB12500000000000080B5EFF3B7
S3150803AE1805800B2801D23A2100E02921FF221632A0
S3150803AE280020FFF7C3FBFEE762675F6D657373610F
S3150803AE38676520726563656976657273006267621A
S3150803AE4875660061636C006C6C5F636F6E6E656331
S3150803AE5874696F6E006C6C5F6164765F7365740002
S3150803AE686761705F636F6E74657874006C6C5F7680
S3150803AE78616C696461746F720062675F6D65737389
S3150803AE8861676500736F66745F74696D65725F6D74
S3150803AE98657373616765006C6C5F6164765F737964
S3150803AEA86E63006C6C5F7363616E5F73796E6300C0
S3150803AEB86761705F706572696F6469635F616476F9
S3150803AEC8006761705F706572696F6469635F737938
S3150803AED86E63006C326361705F636F635F63686197
S3150803AEE86E6E656C006D626564746C735F636F6E12
S3150803AEF8746578740000000045AE03084BAE030872
S3150803AF084FAE03085DAE030868AE030874AE0308BC
S3150803AF1881AE03088CAE03089FAE0308ABAE0308DD
S3150803AF28B8AE0308C9AE0308DBAE0308EDAE0308DB
S3150803AF3862676275665F696E0062676275665F6FE8
S3150803AF4875740062676275665F6E6F666C6F770005
S3150803AF5862675F6D616C6C6F630000000D00030028
S3150803AF68020001000500E69D350E480103CCDBFD0A
S3150803AF78F4AC1191F4EFB9A5F9E9A7832C5E2CBEB5
S3150803AF8897F2D203B020008BD28915D08E1C74246D
S3150803AF9830ED8FC24563765C15525ABF9A32636D94
S3150803AFA8EB2A65499C80DC006C888391AAF5A53849
S3150803AFB860370BDB5A6083BE0000000100010005F9
S3150803AFC80100050202030002000000000002050151
S3150803AFD80005000001000100000100010202030048
S3150803AFE80200000000000202010002BF01FB9D4E99
S3150803AFF8F3BC36D874F5394138684C8BD28915D0E1
S3150803B0088E1C742430ED8FC24563765C15525ABF7D
S3150803B0189A32636DEB2A65499C80DCE69D350E48B2
S3150803B0280103CCDBFDF4AC1191F4EFB9A5F9E9A753
S3150803B038832C5E2CBE97F2D203B0203F49F6D4A3DD
S3150803B048C55F3874C9B3E3D2103F504AFF607BEB38
S3110803B05840B7995899B8A6CD3C1ABD001C
S30D0803B0642C56FC7F01000000D5
S3110803B06C78B00308A0280020A800000004
S3150803B0780000000000000000FFFF00000A000100AE
S3150803B088000001000A000100000000000200080091
S3150803B0980000000000000000000000000200050090
S3150803B0A80000302E302E3000020003000000303036
S3150803B0B8300000000200080000003030303030301D
S3150803B0C8303000000A000D000000456D70747920C1
S3150803B0D84578616D706C65000A0001000000000080
S3150803B0E80200100000000000000000000000000035
S3150803B0F80000000000000000200004000000000013
S3150803B108000000000000000001010200C0175302F6
S3150803B11800800000C0EA2101C0EA2101C00A002014
S3150803B1280040310800A00000380F0020C8000000BE
S3150803B138FE000000000000001459030850290020E7
S3150803B1480400E40C0A000000FFFFFFFFFFFFFFFFF0
S3150803B158FFFFFFFFFFFFFFFF0514030800000000BA
S3150803B16801000000000000001000000010000000A5
S3150803B1786933010800000000794C01080000000043
S3150803B18800000000000000002D0503080000000069
S3150803B1989D58010800000000000000000000000098
S3150803B1A849580108000000000000000000000000DC
S3150803B1B85D590108000000000000000000000000B7
S3150803B1C8F15B0108000000000000000020000000F1
S3150803B1D80000000000000000000000000000000056
S3150803B1E800000000F15D01080000000000000000EF
S3150803B1F80000000055660108000000000000000072
S3150803B208FFFFFFFF3D07030874700308FFFFFFFFEF
S3150803B21888700308F50B0308F10B0308FFFFFFFF04
S3150803B228FFFFFFFF050C030820C001B8FFFFFFFF58
S3150803B2388F100308FFFFFFFFFFFFFFFFFFFFFFFF57
S3150803B248FFFFFFFF4F250000000000000300000072
S3150803B25844220020882A00200000000044220020F7
S3150803B268AC22002014230020000000000000000080
S3150803B27800000000000000000000000000000000B5
S3150803B28800000000000000000000000000000000A5
S3150803B2980000000000000000000000000000000095
S3150803B2A8000000000000000000FFFFFFFF00000089
S3150803B2B8EF280308F3280308F7280308FB280308D5
S3150803B2C800000000753202080000000000000000B4
S3150803B2D840027C000800FF00FF00FFFFFFFF17007E
S3150803B2E8FFFF0C0000000000FF28010101BF8FAF14
S3150803B2F87F8700370F10100004040F05140A03018B
S3150803B308FF0C01FF0F0000006D060008450600083C
S70508000C3DA9
