:020000040800F2
:10000000C00A0020490C0008B3340208B3340208C7
:1000100061840208B3340208B3340208B33402081E
:10002000B3340208B3340208B3340208B33402080C
:10003000B3340208B334020849850208B334020815
:10004000B3340208B3340208B3340208B3340208EC
:10005000B3340208B3340208B3340208B3340208DC
:10006000B3340208B3340208B3340208B3340208CC
:10007000B3340208B3340208B3340208B3340208BC
:10008000B3340208B3340208B3340208B3340208AC
:10009000B3340208B3340208B3340208B33402089C
:1000A000B3340208B3340208B3340208B33402088C
:1000B000B3340208B3340208B3340208B33402087C
:1000C000B3340208B3340208B3340208B33402086C
:1000D000B3340208B3340208B33402088739020883
:1000E0005F390208B3340208B3340208B33402089B
:1000F000B3340208FDCA010899D501089311030819
:100100008F11030841CD0108A911030897110308B5
:1001100069D501089B110308D9D5010845D6010806
:10012000B3340208B3340208B3340208B33402080B
:1001300005810208B3340208B3340208B33402085C
:10014000B3340208B3340208B3340208B3340208EB
:10015000B3340208B3340208B3340208B3340208DB
:10016000B3340208B3340208B3340208B3340208CB
:10017000B3340208B3340208B3340208B3340208BB
:10018000B3340208B3340208B33402080955030833
:10019000A9B00108B33402087D11030883110308D4
:1001A000B3340208B3340208B3340208B33402088B
:0401B000B33402085A
:1001B40000B583B0184BDB6903F48033002B02D005
:1001C4006FF0010324E0144B03F580531A46012316
:1001D400D360114B03F500531A46012313640E4BED
:1001E4004FF480721A610021012000F0D3F8034615
:1001F4008DF80730084B03F580531A460123136426
:10020400054B03F500531A460123D3609DF90730CB
:10021400184603B05DF804FB0000035000B585B038
:100224000190234B03F580531A464FF480339366B1
:10023400204BDB6903F48033002B14BF012300231C
:100244008DF80E301B4B41F67132DA63194B03F50E
:1002540080531A460123D360164A019B5361154B00
:1002640002221A610021212000F094F803468DF83F
:100274000F309DF90F30002B06D10021212000F012
:1002840089F803468DF80F300A4B03F500531A46DC
:100294000123D3609DF80E30002B02D0054B0022C1
:1002A400DA639DF90F30184605B05DF804FB00BF12
:1002B400008000500000035000B58BB00390029101
:1002C400019200238DF81F30304B03F580531A46FA
:1002D4004FF4803393662E4BDB6903F48033002B99
:1002E40014BF012300238DF81E30294B41F67132CF
:1002F400DA63274B03F580531A460123D360039B2B
:100304000993029B089329E0019B0693099B03F53B
:10031400005323F4FF5323F01F03099A9B1A0593F8
:10032400059A069B934228BF13460493049A08999E
:10033400099800F06FF803468DF81F309DF91F30BF
:10034400002B0FD1099A049B13440993089A049B28
:1003540013440893019A049BD31A0193019B002B25
:10036400D2D100E000BF0A4B03F500531A46012323
:10037400D3609DF81E30002B02D0054B0022DA63B7
:100384009DF91F3018460BB05DF804FB0080005047
:100394000000035084B0019000911B4B03932AE0AA
:1003A4001A4BDB690293029B03F00403002B02D077
:1003B4004FF0FF3324E0019B03F00103002B07D12E
:1003C400029A134B1340002B02D06FF0010317E085
:1003D400029A019B1340009A9A4209D1029A0C4B4B
:1003E4001340002B02D06FF0010309E0002307E063
:1003F400039B013B0393039B002BD1D16FF00203BA
:10040400184604B0704700BF80969800000003505F
:100414000200010000B587B0039002910192274ABF
:10042400039B5361254BDB6903F00403002B02D0CB
:100434004FF0FF333DE0029B1A1D02921F4A1B68D6
:100444009361019B043B019319E008210820FFF705
:10045400A1FF03468DF817309DF91730002B05D006
:10046400164B04221A619DF9173022E0029B1A1DD3
:100474000292124A1B689361019B043B0193019B06
:10048400002BE2D10D4B04221A6100212120FFF739
:1004940081FF03468DF817309DF91730002B06D1E4
:1004A40000212120FFF776FF03468DF817309DF9D0
:1004B4001730184607B05DF804FB00BF0000035076
:1004C4000000000000000000000000000000000028
:1004D800002370B5404C05468AB0E36318B1008824
:1004E800236011F013FC3D4830F034F93C4E3D4B8D
:1004F800304633603C4B73602DF0BBF90021304629
:1005080016F006FA32A3D3E90023A062C4E9062351
:100518002DF0BAF9D4E9062319431043C4E90601BA
:10052800CDE900014FF0FF334FF0FF32A06A30F001
:10053800B8F902224FF0FF31A06A30F0B7F9012074
:1005480011F064F94FF4007300222849A06A30F0D2
:100558000EFAB0F5007F39D100239422079309934E
:100568003C23CDE903320593962306935023A06AD2
:1005780003A9089316F0E6FA35B3287C11F0B2FE09
:100588000546F0B9A06A30F0E7FA11F059FE11F00B
:100598001FF920B14FF4807000210EF071F811F0AE
:1005A80027F920B14FF4006000210EF069F82DF012
:1005B8003BFA012030F0A2F80D4A0E49A06A2DF04E
:1005C80056F928460AB070BDFF20D7E70725F8E797
:1005D8000DD5015520000000300B0020690345ECC3
:1005E800A41B00204D160108B41B0020A4190020EC
:1005F8001FD802085FD802080348044B834202D080
:10060800034B03B118477047402B0020402B0020B4
:1006180000000000064B0749C91A891048BF01317C
:10062800491003D0044B0BB101481847704700BF6D
:10063800402B0020402B00200000000010B5064C85
:10064800237843B9FFF7D8FF044B13B10448AFF33D
:1006580000800123237010BD7E24002000000000CC
:1006680064B0030808B5054B1BB105490548AFF34D
:100678000080BDE80840FFF7CDBF00BF00000000C4
:10068800B00D002064B00308A3F5803A704700BF9E
:10069800174B002B08BF134B9D46FFF7F5FF0021B2
:1006A8008B460F461348144A121A30F0ADFE0E4B13
:1006B800002B00D098470D4B002B00D09847002006
:1006C800002104000D000D48002802D00C48AFF3AB
:1006D80000801DF015FB2000290022F033FE1DF0DC
:1006E800B5F900BF0000080000000000000000008D
:1006F800C00A0020C00A0020802500200000000059
:10070800000000002DE9F0438DB000AFBA601A4632
:100718000346FB730B46BB811346FB806B461E46A4
:100728000023FB85FB8801333F4A1288934203DA92
:10073800FB8802339BB201E03B4B1B887B85798D9C
:100748000B46013B7B628BB20022984691464FF0E4
:1007580000024FF000034FEAC90343EA58734FEA17
:10076800C8028BB200221C4615464FF000024FF01B
:100778000003EB0043EA5473E2000B460733DB083F
:10078800DB00ADEB030D6B4600333B62FB88DAB24E
:100798003B6A1A70FB881B0A9BB2DAB23B6A5A7032
:1007A8003B6A02337A8DB968184630F038FE7A8D84
:1007B800B989F87B3B6A15F02FFDF8617A8DFB8DBE
:1007C80013449BB2023BFB85FA887B8DD31A9BB2FC
:1007D8000233BB851EE0BB8D0133134A1288934256
:1007E80003DBBB8D02339BB201E00F4B1B887B837D
:1007F8007C8BFB8DBA681344B989F87B224615F0C7
:100808000BFD7861FA8D7B8B1344FB85BA8D7B8B4E
:10081800D31ABB85BB8D002BDDD1B54600BF34375D
:10082800BD46BDE8F08300BF022B002008B5044890
:1008380000F0C2FA024822F031FF00BF08BD00BF35
:10084800FC58030800B5A9B000F046F9164822F094
:10085800BCFE0346002B14BF01230023DAB2134B5E
:100868001A70134B1B7883F00103DBB2002B13D0F3
:100878000E4B1B78002B0FD00E4A6B461146A02258
:10088800184630F0CCFD0C4B1B88D8B20B4B19889E
:100898006A46A023FFF736FF044B1A78044B1A70F8
:1008A80000BF29B05DF804FBFC5803088024002031
:1008B8007F240020A8550308062B002030240020A0
:1008C80030B58FB00390039B1B6823F47F4323F05C
:1008D80007036A4A934200F0BF80684A934200F2D5
:1008E800C180674A934200F0BF80654A934200F294
:1008F800B980644A93427FD0624A934200F2B28040
:10090800614A934200F09D805F4A934200F2AA80B8
:100918005E4A934200F0AA805C4A934200F2A280A9
:100928005B4A93424FD05A4A934200F29B80594AFD
:10093800934235D0574A934200F29480564A9342E4
:1009480003D0564A934238D08CE055481DF034F90C
:1009580054481DF031F9544815F092FB524B1B785E
:100968000121184615F0C6FB4F4B1B78022118468B
:1009780015F0D4FB4C4B1878002300930023A022D9
:10098800A02115F095FB494B1B884849184612F0E1
:10099800EFFB454B1B780221184615F0D3FB6AE0A4
:1009A800414B1B780221184615F0B8FB3E4B1B78CB
:1009B8000221184615F0C6FB5DE0039B1B7B1A4617
:1009C8003B4B1A8057E0039BB3F807309AB2394B78
:1009D8001A80039B1879039BB3F8073099B2364BFA
:1009E8001A88324B1C88354B1B88002501950093CB
:1009F800234615F0EBFB3EE0039BDB79012B37D157
:100A0800039B1B7AFF2B33D1294B1B88DBB2294A66
:100A180011882A4A1288184615F014FC284B05AC90
:100A28001D460FCD0FC40FCD0FC42B682360204B7C
:100A38001B88D8B21F4B198805AA2423FFF762FE2A
:100A480016E0039BDB79012B14D1039BB3F8053027
:100A58009AB21C4B1A800DE0039B1B79184615F0BF
:100A680085FB08E000BF06E000BF04E000BF02E02D
:100A780000BF00E000BF00BF0FB030BDA0000A05F6
:100A8800A0004304A0004303A0000A03A00004023E
:100A9800A0004301A0000601A0000100A00006007C
:100AA8004856030854560308182B0020022B002030
:100AB800062B002030240020002B0020042B0020CF
:100AC80070560308082B0020024B00221A8000BF32
:100AD800704700BF3224002000B583B000238DF892
:100AE800073034F0FFF900900A4B1B88002B08D020
:100AF800084B1B88013B9AB2064B1A8001238DF8DC
:100B08000730009834F0E1F99DF80730184603B033
:100B18005DF804FB3224002000B589B00190019BE8
:100B28001B6823F47F4323F00703324A93425AD1C8
:100B3800314B08220021122012F034FB0790079B4A
:100B4800002B01D000BEFDE72C4B0322002114200E
:100B580012F028FB0790079B002B01D000BEFDE791
:100B6800274B05220021162012F01CFB0790079B3B
:100B7800002B01D000BEFDE70DF1130205AB1146B5
:100B8800184615F005FB0790079B002B01D000BE07
:100B9800FDE79DF819308DF808309DF818308DF86C
:100BA80009309DF817308DF80A30FF238DF80B3087
:100BB800FE238DF80C309DF816308DF80D309DF819
:100BC80015308DF80E309DF814308DF80F3002ABCB
:100BD80008220021182012F0E5FA0790079B002B45
:100BE80003D000BEFDE700BF00E000BF00BF09B0B2
:100BF8005DF804FBA000010094560308A056030802
:100C0800A456030808B5024822F09BFC00BF08BDA3
:100C1800FC58030800B583B0064A074BD31A9B104B
:100C28000193019A0549044822F029FC00BF03B04A
:100C38005DF804FBD4040008B401000880250020F6
:100C480000B585B000F04AF8FFF7E4FF1F4B0393A7
:100C580019E0002302930EE0039B1A68029B9B0095
:100C68001A44039B5968029B9B000B4412681A6044
:100C7800029B01330293039B9B68029A9A42EBD32F
:100C8800039B0C330393039B114A9342E1D3114B0B
:100C9800019314E00023009309E0019B1A68009B6C
:100CA8009B00134400221A60009B01330093019BB0
:100CB8005B68009A9A42F0D3019B08330193019B29
:100CC800054A9342E6D3FFF7E3FC00BF6CB0030884
:100CD80078B0030878B0030878B0030808B5214B4A
:100CE800214A9A601F4BD3F888301E4A43F4700398
:100CF800C2F888301D4B03F580531A464FF48043E1
:100D080093661B4B03F500531A464FF0FF331366E7
:100D1800174B03F500531A466FF400335366144B10
:100D280003F500531A460D239366124B02221A60EC
:100D3800BFF34F8F00BFBFF36F8F00BF002008F0D5
:100D480003FF0B4B03F500531A464FF44033D360AF
:100D5800002027F0D8F9064B4FF440321A6100BF43
:100D680008BD00BF00ED00E0000000080080005052
:100D780000800044D0ED00E082B00190024A019B5F
:100D8800136000BF02B070474429002000B583B04B
:100D98000190074A019B1360064B1B6F03F0070382
:100DA800032B01D132F090FA00BF03B05DF804FBC9
:100DB8003C2900200080005000B58DB00390039BB3
:100DC8000B930B9B1B680A930A9B1B798DF81430B5
:100DD8000A9B5B798DF81530254827F04AF905AB51
:100DE80000220121184622F0A4FC0DF1130205ABE4
:100DF8001146184622F06BFD9DF8133083F001036D
:100E0800DBB21A460A9B1A700A9B9B79022B29D1DE
:100E18004FF0FF3307934FF0FF33069307A905A858
:100E28000B9B0093134B002200F030F90990079BAD
:100E3800B3F1FF3F09D106A905A80B9B00930D4B01
:100E4800042200F03BF809900CE001238DF82330D0
:100E58009DF8232006A905A80B9B0093054B00F0DD
:100E68002DF80990002318460DB05DF804FB00BF6B
:100E7800A46B03087935020808B50F4827F0F9F87C
:100E8800272008F043FE0346002B05D0272008F052
:100E98005BFE272027F037F9282008F037FE0346A5
:100EA800002B05D0282008F04FFE282027F02BF92A
:100EB8000023184608BD00BFA46B030800B587B01F
:100EC80003900291009313468DF80730039B002B83
:100ED80002D0029B002B01D1222393E0039B1B78B5
:100EE800002B16D0039B1B78012B0FD0039B1B787C
:100EF800022B08D0039B1B78032B02D140F2FF730F
:100F080009E0002307E043F6FF7304E040F2FF33F3
:100F180001E043F6FF73039A5278D34003F00103CC
:100F2800002B05D1039B1B78FF2B01D0212369E0FF
:100F38009DF80730002B0DD09DF80730012B09D004
:100F48009DF80730022B05D09DF80730042B01D0FF
:100F5800212357E033F0E0FF0590039B1B78FF2B1C
:100F68000AD0029B1B689DF807201946039804F0D5
:100F7800B3FD0246029B1A60029B1B68B3F1FF3F58
:100F88000FD1039B1B78FF2B0BD104F07FFC04903F
:100F9800039B5B780499184624F075FF0246029B70
:100FA8001A60029B1B68B3F1FF3F22D0029B1A68AC
:100FB800164913465B0013449B000B440433009A04
:100FC8001A60029B1A68114913465B0013449B0080
:100FD8000B440833089A1A60039B1B78FF2B0DD02B
:100FE800029B1B68012202FA03F3184604F024FC52
:100FF80004E0059833F082FF2D2303E0059833F0D1
:101008007DFF0023184607B05DF804FBC80D0020DB
:1010180000B585B00190019BB3F1FF3F05D0019B5E
:101028000F2B02DC019B002B01DA212328E033F08F
:1010380073FF03900122019B02FA03F3184604F0A0
:1010480017FC0122019B02FA03F3184604F002FC84
:101058000D49019A13465B0013449B000B4404336B
:1010680000221A600849019A13465B0013449B004A
:101078000B44083300221A60039833F03FFF002323
:10108800184605B05DF804FBC80D002000B587B010
:1010980003900291009313468DF80730039B002BB1
:1010A80002D0029B002B01D122236DE0039B1B7809
:1010B800002B16D0039B1B78012B0FD0039B1B78AA
:1010C800022B08D0039B1B78032B02D140F2FF733D
:1010D80009E0002307E043F6FF7304E040F2FF3322
:1010E80001E043F6FF73039A5278D34003F00103FB
:1010F800002B05D1039B1B78FF2B01D0212343E054
:1011080033F00AFF0590039B1B78FF2B0AD0029B44
:101118001B689DF807201946039824F063FF0246D0
:10112800029B1A60029B1B68B3F1FF3F23D0029B0E
:101138001A68174913465B0013449B000B44B833E5
:10114800009A1A60029B1A68114913465B001344FF
:101158009B000B44BC33089A1A60039B1B78FF2B37
:101168000ED0029B1B681033012202FA03F31846C3
:1011780004F062FB04E0059833F0C0FE2D2303E081
:10118800059833F0BBFE0023184607B05DF804FB52
:10119800C80D002000B587B0019034E0019822F016
:1011A800B1FA05900122059B02FA03F3DB43019A89
:1011B80013400193059B0F2B08D8059A13465B0033
:1011C80013449B00144A134404930EE0059BA3F1B7
:1011D800100213465B0013449B00B0330E4A1344BD
:1011E80004330493059B103B0593049B5B68002B19
:1011F80009D0049B5B680393059BDAB2049B99684A
:10120800039B10469847019B002BC7D100BF00BF26
:1012180007B05DF804FB00BFC80D002000B593B00F
:101228000790069111461A460B468DF8173013465B
:101238008DF8163000230893069B1B6919460798FA
:1012480022F04DFC034683F00103DBB2002B01D0F2
:101258001C23B6E0079BDB6A109310995B4801F0EA
:101268001FFC08AB02939DF8163001939DF81730C8
:101278000093109B554A0699079822F04EFE0F904E
:101288000F9B002B04D1514B9A68079BDA627CE0D4
:101298001099079822F07AFC0E900E99079822F080
:1012A80067FC0346184624F0C3FC0D90079BDB6AD5
:1012B8001946079822F03BFD0C90079B9B6A0C9AF5
:1012C8009A4261D0079B0C9ADA62404B9B68194698
:1012D800079822F011FD0246079B1B6B9A1A079B81
:1012E8001A63109A0D9BD31A0B93089B19460798FB
:1012F80022F04CFC0A900A9A0E9B9A4221D10B9B31
:10130800002B1ED0079BDB6B9B69079AD06A0B9A50
:1013180092080D9998471190079BDB6A0B9918461C
:1013280022F01DFC0246079BDA62079B1A6B0B9B97
:10133800D21A079B1A63079B0833184601F094FAE0
:1013480001E0002311930A99079822F011FC0990F3
:10135800079BDB6B0999184624F071FB079823F06B
:1013680067F9079822F0FFFC0246079B1A63119B56
:10137800002B0AD0069B1B691946079822F0AFFB81
:101388000346002B84D100E000BF0F9B002B09D03F
:10139800069B1B691946079822F0A1FB0346002B00
:1013A8007FF458AF0F9B002B0AD1079B03F108006D
:1013B800069B1968054B5A689DF8163001F0D6FA55
:1013C8000F9B184613B05DF804FB00BFD41500202E
:1013D80000B587B00390029101920093039B5B696B
:1013E800009A9A4201D9622332E0039823F0EFFB76
:1013F8009DF82030032B06D00099039822F082FB39
:101408000346002B01D0012300E000238DF817309C
:101418009DF8173083F00103DBB2002B01D01C23A9
:1014280016E04FF0FF310C4801F03AFB0A4A029BE4
:101438001360094A009B1361074A019BD3609DF81A
:101448002030002204490398FFF7E8FE0490049B2B
:10145800184607B05DF804FBA815002010B594B035
:101468000590049103928DF80B3000238DF84F30CE
:10147800059BDB6B5B69039A50680CA901229847AE
:10148800059BDB6B5B690BA90122049898470CABA1
:10149800184624F088F90346002B0BD0039B002242
:1014A8009A75039B00225A75039B4FF0FF329A608E
:1014B8000023DFE10BAB184624F09EF91190039B43
:1014C80001229A75039B1B7E039A0333DB001344A6
:1014D800049A5A60039B1B7E039A0333DB00134470
:1014E80000221A81039B5B68049A9A420FD1039BDE
:1014F800119A1A600BAB184624F0C3F903461A4632
:10150800039B1A75039B4FF0FF329A6033E0039BED
:101518001B68119A9A4202D0039B00229A750BAB62
:10152800184624F0AEF903461A46039B1B7D9A42DF
:1015380002D0039B00229A750BAB184624F066F97B
:1015480003461C460CAB184624F060F903469C423F
:1015580002D0039B00229A750BAB184624F061F960
:1015680004460CAB184624F05CF903469C4202D0B2
:10157800039B00229A75039B1B7D042B07D0039BBA
:101588001B7D052B03D0039B1B7D062B04D1039BDE
:1015980000229A7500236DE10BAB184624F036F94A
:1015A8000346002B0CD0059BDB6B5B6909A9022263
:1015B8000498984709AB184624F042F9129004E0C1
:1015C8000BAB184624F03CF91290039B1B7D032BB0
:1015D80029D801A252F823F01916000803160008AA
:1015E800F115000845160008039B1B7E039A033378
:1015F800DB001344CC221A8121E0039B1B7E129A44
:1016080091B2039A0333DB0013440A461A8116E0A9
:10161800039B1B7E129A91B2039A0333DB00134497
:101628000A461A810BE0039B1B7E129A91B2039A19
:101638000333DB0013440A461A8100E000BF039B12
:101648001B7D184601F05AFA03461A46169B1A7073
:10165800039B1B7E1C460BAB184624F0B1F80346CF
:101668001946039AE31CDB0013440A469A72039B4B
:101678001B7E039A0333DB0013441B891293039BDD
:101688001B7E039A0333DB0013449B7A8DF84330A7
:101698000BAB184624F0BAF803468DF842300BAB72
:1016A800184624F0BEF80F909DF84230002B0FD05A
:1016B800059BDB6B5B6907A902220498984707AB77
:1016C800184624F043F803461A46039B5A7507E068
:1016D8000BAB184624F015F803461A46039B5A75B7
:1016E800039B5B7D83F00103DBB2002B02D0039BDD
:1016F80000229A75039B9B7D002B21D0129B002B07
:101708001ED00F99049822F02AFA0E90049A0E9986
:10171800059822F04BFA034683F00103DBB2002B55
:1017280002D0039B00229A750E99059822F0E4FADC
:101738000D90129A0D9B9A4202D9039B00229A752A
:10174800039B9B7D002B30D09DF84330002B07D1A5
:10175800039BDB7D002B28D001238DF84F3024E03C
:10176800039B0122DA75039B5B7E83F00103DBB2E6
:10177800002B0BD09DF84330012B03D1039B012292
:101788005A7612E001238DF84F300EE09DF8433071
:10179800012B03D101238DF84F3006E09DF843302B
:1017A800032B02D1039B01229A76039B9B7D002B7E
:1017B8001BD09DF84F3083F00103DBB2002B0BD117
:1017C8009DF84F30002B10D09DF84330012B0CD0E2
:1017D8009DF84330002B08D0129B0F9A0499059866
:1017E80022F06EFB0246039B9A60039B9B7D002BB5
:1017F80005D0039B1A69129B1A44039B1A61039B29
:101808001A7E1E4B1B789A4206D2039B1B7E01331D
:10181800DAB2039B1A7602E0039B00229A759DF8C0
:101828000B30002B24D0039B9B7D002B20D0039BE7
:10183800DB7D002B1CD09DF84F3083F00103DBB219
:10184800002B15D09DF84330032B11D0039B9B68C8
:10185800B3F1FF3F0CD0039B9968169B00930123BB
:10186800039A0598FFF7FAFD03461A46039B9A75F3
:10187800039B9B7D184614B010BD00BF3059030868
:1018880000B593B003900291019200934FF0FF339B
:10189800109300238DF83F3000238DF83E3000234D
:1018A8008DF817304FF0FF31019801F0F9F80298E0
:1018B80022F0DEFA0346002B08D0039B08330DF113
:1018C80016020299184601F019F81090109BB3F10E
:1018D800FF3F18D01099019801F0E2F80DF11703B5
:1018E80001220199039822F017FE03468DF83D3036
:1018F8009DF83D30002B06D001238DF83F309DF830
:101908001720009B1A70029822F0A6FA0346002BB3
:101918000CD19DF83F3083F00103DBB2002B00F0BF
:10192800BB80039B1B7C002B00F0B680039BDB6A0B
:10193800B3F1FF3F07D1039B5B6A1946039822F076
:10194800A4F9119006E0039BDB6A1946039822F07C
:101958001DF91190029822F07FFA0346002B14BF5C
:1019680001230023DBB283F00103DBB28DF83C30A6
:101978009DF83C3003F001038DF83C30039B5B6A13
:10198800119A9A4202D101238DF83E301199039899
:1019980022F0EEF80E90039BDB6B5B6906A905222B
:1019A8000E98984706AB184624F0D5F803468DF8EC
:1019B80037309DF83730184624F010F90E9824F087
:1019C80037F90C900C9B109333E01099394801F0CB
:1019D80067F80DF117039DF83C203649039822F06B
:1019E8009BFD03468DF83D309DF83D30002B1DD002
:1019F8009DF83C3083F00103DBB2002B08D19DF841
:101A08003C30002B12D02B4B1B68029A9A420DD106
:101A180001238DF83F309DF81720009B1A70264B44
:101A28001B681A46234901982FF0F9FC214B9B6843
:101A38001093109BB3F1FF3F07D00C9A10990398AD
:101A480022F0B4F80346002BBFD11199039822F075
:101A58001CF911909DF83E3083F00103DBB2002B96
:101A680006D09DF83F3083F00103DBB2002B85D10F
:101A78009DF83F30002B0FD0029822F0F9F9034669
:101A8800002B09D0039B03F10800019B5A68009BB7
:101A98001B78029900F06AFF9DF83F30002B01D0B7
:101AA800002300E02D230B930B9B184613B05DF821
:101AB80004FB00BFD41500203459030800B587B0D3
:101AC8000190019B4FF0FF32DA620DF10B032A4AB5
:101AD8006FF001010198FFF7D3FE0490049B002BDF
:101AE80004D1254B9A68019BDA6203E0019B9A6A4C
:101AF800019BDA62019BDB6A0593019BDB6A19464D
:101B0800019822F07FF90246019B1A63019B1B6B27
:101B1800002B08D1019BDB6A1946019822F007F9CE
:101B28000246019BDA620599019822F000F90590B6
:101B380018E00599019822F065F90390019B1A6B4A
:101B4800039B1A44019B1A630599019822F0EFF848
:101B58000590039B002B05D1019B00221A63019B72
:101B6800059ADA62019B9B6A059A9A42E1D100BF05
:101B780000BF07B05DF804FBA815002010B586B0BB
:101B88000390019200930B468DF80B30039B9B6AE0
:101B9800059346E00599294800F082FF0DF11103ED
:101BA80001222649039822F0B7FC03468DF813302A
:101BB8009DF81330002B10D09DF81120019C009B3C
:101BC8001E490398A04703468DF812309DF812303D
:101BD80083F00103DBB2002B2DD1184B9B68B3F1C6
:101BE800FF3F03D0154B9B68059306E0134B5B68DA
:101BF8001946039822F09BF805909DF80B30012BAD
:101C08000FD10E4B5B681A460599039821F0CEFF59
:101C1800034683F00103DBB2002B02D04FF0FF3301
:101C28000593039BDB6A059A9A4205D0059BB3F19D
:101C3800FF3FAFD100E000BF06B010BD0016002086
:101C480010B588B003900291009313468DF80730C1
:101C58000A9B0793079B1B6806939DF80730032B85
:101C680079D0079B18680DF11303404A0299FFF7D2
:101C780007FE0246079B5A60079B5B68002B6AD1E8
:101C8800079B1868394B5968079B1B689B6A1A465B
:101C980021F08CFF0346002B5DD0079B1B7A012B9C
:101CA8000CD1324B1A69079BDB681A44069B5B69A7
:101CB8009A4203D9079B00221A744CE0079B1A68C2
:101CC800079B1B689B6A1946104621F05FFF044674
:101CD800079B1A68079B1B68DB6A1946104621F0A8
:101CE80055FF03469C421CD1069B5C6C069BDB6A35
:101CF8001946069822F010F80346E31A0593069B46
:101D08001A6B059BD21A069B1A63079B1A68079BD6
:101D18001B68996A079B1C68104622F008F803465E
:101D2800E362079BDA68114B1B69134403F108024D
:101D3800079BDA60079B18689DF8073001220B495A
:101D4800FFF76CFA0246079B5A60079B5B68002BFB
:101D580001D0002307E0079B1B7A012B02D1079BC8
:101D68001B7C00E00123184608B010BDA815002010
:101D780000B587B003900291009313468DF80730A1
:101D8800009B05939DF80730032B42D0029B1968EE
:101D98000DF11303254A0398FFF772FD0246059BD0
:101DA8005A60059B5B68002B33D19DF81330032BD9
:101DB8002FD01E4B5A68029B5B689A4229D1059B1B
:101DC8001B7A012B0CD1029B1A69059BDB681A440C
:101DD800039B5B699A4203D9059B00221A7418E099
:101DE800059BDA68029B1B69134403F10802059BF3
:101DF800DA609DF80730012202990398FFF70EFA7E
:101E08000246059B5A60059B5B68002B01D00023A6
:101E180007E0059B1B7A012B02D1059B1B7C00E088
:101E28000123184607B05DF804FB00BFA815002081
:101E380000B58FB001900B468DF80330019B5B6AAB
:101E48001946019821F094FE0D90019BDB6B5B69AC
:101E580007A905220D98984707AB184623F07BFE83
:101E680003468DF833309DF83330012B01D1002320
:101E78004FE0019B0293002303939DF803308DF8F4
:101E880010300023059301238DF81830019B9A6ABE
:101E9800019BDB6A9A4212D1019B9B6A1946019801
:101EA80021F045FF0246019BDA62019B1A6B019BF8
:101EB8005B6CD31A03F11402019B1A6314E0019BB3
:101EC8001B7C83F00103DBB2002B07D0019B083396
:101ED80002AA1249184600F093FD05E002AB104A29
:101EE80001210198FFF74AFE039B002B10D19DF8B2
:101EF8001830002B0CD0019B5B6A1946019821F021
:101F080037FE0D90019BDB6B0D99184623F0B3FD4E
:101F1800039B18460FB05DF804FB00BF491C00087E
:101F2800791D000800B585B00190019B1B7C83F0EA
:101F38000103DBB2002B07D0019B0833019A20492B
:101F4800184600F05DFD05E000231E4A01210198B6
:101F5800FFF714FE019B5B6A1946019822F075FC95
:101F68000390039B01330393019B5B6A039A194611
:101F7800019822F0CDFC0290029B002B08D1019B16
:101F88001A6B019B5B6C1344A3F11402019B1A6347
:101F9800019B9B6A1946019821F0C9FE0246019BE4
:101FA8009A62019B9B6A1946019821F0EFFD02464F
:101FB800019B5A62029B184605B05DF804FB00BFFE
:101FC8004F4902089149020800B583B00190019B6E
:101FD8000833184600F048FC0023044A0021019801
:101FE800FFF7CCFD00BF03B05DF804FBAD5002085D
:101FF80010B586B001900091644B1B680493634B45
:1020080000221A60019B002B01D1212319E1019BB9
:1020180093F83430002B2BD0009B1A68019B1B6867
:102028009A4223D1009B5A68019B5B689A421DD152
:10203800009B9A68019B9B689A4217D1009BDA68BB
:10204800019BDB689A4211D1009B1A69019B5B696D
:102058009A420BD1009B9A69019BDB6B9A4205D18E
:10206800009B5A69019B9A610023EAE05D23E8E03E
:10207800019B9B6B03935022002101982FF0C4F918
:10208800019B039A9A63009B1A68019B1A60009B44
:102098005A68019B5A60009B1A69019B5A61009B10
:1020A8005A69019B9A61019B03F10800009B99689A
:1020B800009BDB681A4600F0C5FB009B9A69019BF0
:1020C800DA63009B9B699B68019A403210469847E7
:1020D8000590059B002B0CD1019B5B6C002B08D055
:1020E800019B5A68019B5B6CB2FBF3F2019BDA61BE
:1020F80002E0019B0022DA61019B93F84330002B38
:1021080001D121239DE0019B5B6C002B03D0019B37
:10211800DB69002B01D15B2393E0019B1B681A4606
:10212800019B5B6CB2FBF3F101FB03F3D31A002BA9
:1021380001D0592385E0019B5B68019A526CB3FB7F
:10214800F2F101FB02F29B1A002B01D0592378E02F
:10215800019B5C68019821F0B2FC03469C4201D2C5
:102168005A236EE0019B5B69B3F5805F01D95F2359
:1021780067E0019B5B69CB2B01D85F2361E0019B82
:102188005B6CB3F5007F03D25B235AE0300F00206D
:102198000321019823F057F8019BDB6B1B68019A18
:1021A8001068019A5268114698470590019BDB6BAD
:1021B800DB6802209847059B002B0CD104990198F5
:1021C80022F088FF0590059B642B04D1049901989F
:1021D80022F080FF0590019B5B6C143B0293059BEA
:1021E800002B0CD1019B1B6A029A02FB03F4019895
:1021F80021F065FC03469C4201D25A230593059BB6
:10220800002B0CBF01230023DAB2019B83F8342092
:10221800019B93F83430002B04D00B4B1B6801331F
:10222800094A1360059B002B07D1019B1A68019B83
:102238005B681946104623F077F9019823F016F8E1
:10224800059B184606B010BD340F002000B589B0B4
:10225800059004910392029301238DF81B30059B8E
:10226800002B01D121234FE0059B93F8343083F0F4
:102278000103DBB2002B01D0112345E0049821F0C3
:10228800F7FD034683F00103DBB2002B01D02923BD
:102298003AE00221059822F0D6FF0DF11A031C4AF4
:1022A80004990598FFF7ECFA0790079B002B1AD1C1
:1022B8009DF81A30012B16D1154B1B69029A9A42C8
:1022C80011D101230193124B0093029B0022039921
:1022D800059822F02EF80790079B002B14BF0123C6
:1022E80000238DF81B309DF81B30002B08D00123EC
:1022F8000093029B039A04990598FFF769F80790E1
:10230800059822F0B3FF079B184609B05DF804FB57
:102318007C15002000B589B00590049103920293C2
:10232800059B002B01D1212348E0059B93F834300D
:1023380083F00103DBB2002B01D011233EE00498A7
:1023480021F096FD034683F00103DBB2002B01D098
:10235800292333E00121059822F075FF0DF11B03B5
:10236800184A04990598FFF78BFA0790079B002BEA
:1023780020D19DF81B30012B13D1124B1B69029AF7
:102388009A420BD1002301930E4B0093029B00222B
:102398000399059821F0CDFF07900BE0632307937D
:1023A80008E09DF81B30022B02D16023079301E05F
:1023B8002D230793059822F059FF079B184609B06B
:1023C8005DF804FB7C15002000B589B005900491E8
:1023D80003920293059B002B01D121234AE0059B20
:1023E80093F8343083F00103DBB2002B01D01123C2
:1023F80040E0049821F03CFD034683F00103DBB282
:10240800002B01D0292335E00121059822F01BFF7C
:102418000DF11B03194A04990598FFF731FA079043
:10242800079B002B22D19DF81B30012B15D1134B94
:102438001A6902990A9B0B449A420BD30023019311
:102448000E4B00930A9B029A0399059821F071FF9D
:1024580007900BE06323079308E09DF81B30022BDD
:1024680002D16023079301E02D230793059822F0FA
:10247800FDFE079B184609B05DF804FB7C1500209B
:1024880000B587B00390029101920093009B00224F
:102498001A60039B002B01D1212340E0039B93F892
:1024A800343083F00103DBB2002B01D0112336E076
:1024B800029821F0DDFC034683F00103DBB2002B18
:1024C80001D029232BE00121039822F0BCFE0DF155
:1024D8001303154A02990398FFF7D2F90590059B53
:1024E800002B16D19DF81330032B12D09DF8133012
:1024F800022B06D1019B01221A60009B04221A605C
:1025080009E0019B00221A60074B1A69009B1A60B8
:1025180001E02D230593039822F0A8FE059B184699
:1025280007B05DF804FB00BF7C15002000B589B03A
:1025380003900291009313468DF80730009B079390
:102548009DF80730032B0CBF01230023DBB21A468A
:10255800079B1B7E9A4242D1029B1A68079B1B6805
:102568009A423CD3029B1A68079B5B689A4236D80A
:10257800029B19680DF117031B4A0398FFF780F9AE
:102588000690069B002B2AD1174B5A68029B5B6862
:102598009A4224D19DF81730032B0CBF0123002346
:1025A800DBB21A46079B1B7E9A4218D1079B5B69D0
:1025B8005A1C079B5A61079B1A69079BDB689A425A
:1025C8000DD2079B9A68079B1B699B001344029ACC
:1025D80012681A60079B1B695A1C079B1A61012322
:1025E800184609B05DF804FBA815002000B58DB0A9
:1025F800039002910192009300230B93039B002BFD
:1026080001D100233DE0039B93F8343083F00103AC
:10261800DBB2002B01D0002333E00121039822F024
:1026280012FE009B04930E9B0593029B0693019B4D
:10263800079300230893002309939DF83C308DF8F5
:102648002830039B1B7C83F00103DBB2002B07D0EF
:10265800039B083304AA0D49184600F0D1F905E098
:1026680004AB0B4A00210398FFF788FA019B002B63
:1026780001D1099B00E0089B0B93039822F0F6FD1B
:102688000B9B18460DB05DF804FB00BF9152020881
:102698003525000800B587B003900291039B002BF5
:1026A80001D1212337E0039B93F8343083F00103F1
:1026B800DBB2002B01D011232DE0029821F0D8FBCA
:1026C800034683F00103DBB2002B01D0292322E06B
:1026D8000221039822F0B7FD0DF11303104A029965
:1026E8000398FFF7CDF80590059B002B0DD19DF8B9
:1026F8001330032B09D003230093002300220299EF
:102708000398FEF765FE059001E02D2305930398D5
:1027180022F0ACFD059B184607B05DF804FB00BF2E
:102728007C15002084B001900091019B1A68009BE1
:10273800DB0013441B680393039BC3F3130318467E
:1027480004B0704784B001900091019B1A68009B07
:10275800DB0013441B680393039B1B0DDBB2184675
:1027680004B0704782B001900091019B1A68009BE9
:10277800DB0013445B68184602B0704786B00390CC
:1027880002910192039B1A68029BDB0013441B68A9
:102798000593059B1B0D1B050593059A019B134388
:1027A8000593039B1A68029BDB001344059A1A6081
:1027B80000BF06B0704700BF86B003900291134671
:1027C8008DF80730039B1A68029BDB0013441B68D3
:1027D8000593059BC3F3130305939DF807301B0569
:1027E800059A13430593039B1A68029BDB00134465
:1027F800059A1A6000BF06B0704700BF84B0039006
:1028080002910192039B1A68029BDB001344019A10
:102818005A6000BF04B0704782B001900091019BDC
:102828001A68009BDB0013444FF0FF321A60019BCB
:102838001A68009BDB0013444FF0FF325A6000BF58
:1028480002B0704700B585B0039002910192039BD6
:10285800029A1A60039B019A5A60039800F004F8E0
:1028680000BF05B05DF804FB00B585B001900023FA
:10287800039306E003990198FFF7CEFF039B01330A
:102888000393019B5B68039A9A42F3D3019B00224E
:102898001A7200BF05B05DF804FB00BF00B585B033
:1028A8000190009100238DF80B30002303931BE067
:1028B800019B1A68039BDB0013441B68B3F1FF3FBD
:1028C8000FD003990198FFF72DFF0246009B934212
:1028D80007D103990198FFF79FFF01238DF80B306B
:1028E80008E0039B01330393019B5B68039A9A42B8
:1028F800DED300BF00BF05B05DF804FB00B587B0AC
:102908000390029101924FF0FF3305930023049343
:1029180021E0039B1A68049BDB0013441B68B3F196
:10292800FF3F15D004990398FFF7FCFE0246029B6F
:1029380093420DD104990398FFF704FF03461A4602
:10294800019B1A7004990398FFF70CFF059007E0A4
:10295800049B01330493039B5B68049A9A42D8D37F
:10296800059B184607B05DF804FB00BF2DE9F84346
:102978000546406800283ED00F46914698460024F8
:102988002B6853F83460013606D021462846FFF7F5
:10299800C9FEB84213D068680134A042F0D850B3D9
:1029A80000242A6802E00134A04214D052F83430DE
:1029B8000133F8D13A4621462846FFF7DFFE424662
:1029C80021462846FFF7F8FE4A4621462846BDE834
:1029D800F843FFF713BFB8F1030F0CD0002403E04E
:1029E8006B680134A34206D921462846FFF7AAFEA0
:1029F8000328F5D1DEE701232B72BDE8F88300BF79
:102A08002DE9F0439046426883B00AB305460F4665
:102A180000242B6853F83430013316D02146284659
:102A2800FFF780FE214681462846FFF78BFE2146A8
:102A380006462846FFF796FE49460346324628468C
:102A4800CDF80080B84718B16A6801349442E0D3E1
:102A580003B0BDE8F08300BF08B5054B1B68054A05
:102A6800126811461846FFF7C3FA0346184608BD10
:102A78004C2900206C29002008B532F033FA0346AF
:102A8800014A136000BF08BD7815002008B5034B44
:102A98001B68184632F019FA00BF08BD78150020E7
:102AA80000B583B001900091134B1B681A460021B2
:102AB80001982EF0A9FC019B4FF0FF321A60019B90
:102AC800009A5A60019B00229A75019B00221A61A4
:102AD800019B4FF0FF329A60019B0022DA75019B3F
:102AE80000225A76019B00229A76019B00221A76D0
:102AF80000BF03B05DF804FB3459030884B00346F3
:102B08008DF807309DF80730062B25D801A252F81A
:102B180023F000BF492B0008412B0008392B00087F
:102B2800592B0008512B0008512B0008512B000885
:102B380002238DF80F3013E002238DF80F300FE0D9
:102B480001238DF80F300BE000238DF80F3007E0DC
:102B580003238DF80F3003E001238DF80F3000BFF9
:102B68009DF80F30184604B0704700BF00B591B00B
:102B7800039002910192009300230F93009B5B68DE
:102B8800184622F042FF03465B0303F46042009BB1
:102B9800DB781B0303F480531A44009B9B78DB0209
:102BA80003F400631A44009B1B88C3F30A0313440D
:102BB8000E934FF6FF730D93334B05930021019845
:102BC80022F0FFFE034606930121019822F0F9FE48
:102BD800034607934FF0FF3308930D9B1A040E9B8F
:102BE8001343099310230C93029A0C9B13440B93E1
:102BF800039B9B6905AA02F1100101220B989847D3
:102C08000A900A9B002B01D00A9B0F9308230C9370
:102C1800029A0C9B13440B93039B9B6905AA02F130
:102C2800080101220B9898470A900A9B002B01D0B3
:102C38000A9B0F9304230C93029A0C9B13440B9347
:102C4800039B9B6905AA111D01220B9898470A90BE
:102C58000A9B002B01D00A9B0F9300230C93029A26
:102C68000C9B13440B93039B9B6905A901220B98AA
:102C780098470A900A9B002B01D00A9B0F930F9B41
:102C8800184611B05DF804FB01009AB208B500BF00
:102C98000421044823F057F80346002BF8D100BF5D
:102CA80000BF08BD8440005008B5FFF7EFFF044B94
:102CB800D3F884309B0903F00303DBB2184608BD40
:102CC80000400050034B5B6A024A23F00103536241
:102CD80000BF704700000850054BDB6903F48033E0
:102CE800002B14BF01230023DBB21846704700BF36
:102CF80000000350024B0022DA6300BF704700BF98
:102D080000000350024B41F67132DA6300BF70478E
:102D180000000350014B5B681846704700000350E1
:102D280082B00190024A019B536000BF02B0704715
:102D38000000035084B0019000230393019BB3F576
:102D4800607F21D0019BB3F5607F34D8019BB3F538
:102D5800207F29D0019BB3F5207F2CD8019BB3F5A8
:102D6800007F19D0019BB3F5007F24D8019B002B6D
:102D780003D0019BB3F5C07F1DD1124B1B6F1B0BFA
:102D880003F00F03039317E00E4BD3F880301B09B1
:102D980003F0030303930FE00A4BD3F890301B0EA4
:102DA80003F01F03039307E0064B1B6F9B0A03F016
:102DB8000103039300E000BF039B0133184604B0EE
:102DC800704700BF0080005010B584B0019000919A
:102DD800019BB3F5607F4ED0019BB3F5607F00F295
:102DE800A280019BB3F5207F00F08D80019BB3F595
:102DF800207F00F29880019BB3F5007F71D0019B82
:102E0800B3F5007F00F28F80019B002B04D0019B5B
:102E1800B3F5C07F40F08780009B012B0AD0009B50
:102E2800022B07D0009B042B04D0009B082B01D059
:102E3800009B102B22F0CAFF22F0C0FF01F016FB06
:102E48003C4B1B6F23F47042009B013B1B03394929
:102E580013430B6732F070F80446FFF725FF03466B
:102E6800C3F102031946204622F094FF01F07EFECA
:102E780001F008FB5AE0304BDB6803F08073002B4D
:102E880014BF012300238DF80F309DF80F30002B5D
:102E980005D0294BDB68284A23F08073D360009B58
:102EA800012B07D0009B022B04D0009B032B01D0E1
:102EB800009B042B1F4BD3F8803023F03002009B7B
:102EC800013B1B011B491343C1F880309DF80F30AB
:102ED800002B2AD0184BDB68174A43F08073D36065
:102EE80023E0009B002B01D0009B202B114BD3F833
:102EF800903023F0F852009B013B1B060D49134309
:102F0800C1F8903012E0009B012B01D0009B022BEE
:102F1800084B1B6F23F48062009B013B9B02054911
:102F280013430B6702E000BF00E000BF00BF04B01E
:102F380010BD00BF00800050F0ED00E000B585B086
:102F480001900B468DF8033000230393019B5B0926
:102F5800002B13D0019B5B09012B02D10F4B03936C
:102F68000CE0019B5B09022B02D10D4B039305E09A
:102F7800019B5B09032B01D10A4B0393019B03F0CF
:102F88001F0302939DF803301A460299039822F012
:102F9800C1FE00BF05B05DF804FB00BF64800050AF
:102FA800688000506C80005010B584B001900023F8
:102FB800039300230293019BB3F5486F00F043830A
:102FC800019BB3F5486F00F25683019BB3F5406F40
:102FD80000F00383019BB3F5406F00F24C83019B23
:102FE800B3F5286F00F03583019BB3F5286F00F225
:102FF8004283019BB3F5206F00F01F83019BB3F55B
:10300800206F00F23883019BB3F5186F00F00F832F
:10301800019BB3F5186F00F22E83019BB3F5106F77
:1030280000F0F982019BB3F5106F00F22483019B35
:10303800B3F5086F00F01983019BB3F5086F00F230
:103048001A83019BB3F5F06F00F00983019BB3F578
:10305800F06F00F21083019BB3F5E06F00F0E1829E
:10306800019BB3F5E06F00F20683019BB3F5D06FC7
:1030780000F0CB82019BB3F5D06F00F2FC82019B7C
:10308800B3F5C06F00F0BB82019BB3F5C06F00F2CF
:10309800F282019BB3F5B06F00F0A582019BB3F5F6
:1030A800B06F00F2E882019BB3F5A06F00F08F8249
:1030B800019BB3F5A06F00F2DE82019BB3F5806F30
:1030C80000F07F82019BB3F5806F00F2D482019BF0
:1030D800B3F5607F00F06682019BB3F5607F00F274
:1030E800CA82019BB3F5407F00F04F82019BB3F584
:1030F800407F00F2C082019BB3F5207F00F0398247
:10310800019BB3F5207F00F2B682019BB3F5007FE7
:1031180000F02382019BB3F5007F00F2AC82019B93
:10312800B3F5807F00F20A82019BB3F5807F00F23D
:10313800A28201A252F823F0593500087F36000810
:103148007F3600087F3600087F3600087F36000883
:103158007F3600087F3600087F3600087F36000873
:103168007F3600087F3600087F3600087F36000863
:103178007F3600087F3600087F3600087F36000853
:103188007F3600087F3600087F3600087F36000843
:103198007F3600087F3600087F3600087F36000833
:1031A8007F3600087F3600087F3600087F36000823
:1031B8007F3600087F360008593500087B3500083F
:1031C800593500087B350008CB350008CB35000899
:1031D800CB350008CB350008CB3500087B35000817
:1031E800EF35000893350008073600081336000845
:1031F800933500087B3500087B3500087B350008CF
:103208007F3600087F3600087F3600087F360008C2
:103218007F3600087F3600087F3600087F360008B2
:103228007B3500087B3500087B35000867360008C9
:103238002B3600087B3500087F3600087F360008EB
:103248007F3600087F3600087F3600087F36000882
:103258007F3600087F3600087F3600087F36000872
:103268007F3600087F36000837360008CB3500085F
:103278005935000859350008593500081F36000827
:103288009335000893350008433600085B3600087C
:10329800D7350008E33500087F3600087F36000878
:1032A8007F3600087F3600087F3600084F36000852
:1032B800593500087F360008CB350008CB350008A3
:1032C800CB350008CB350008CB350008E3350008BE
:1032D800E33500087B3500087F3600087B35000899
:1032E8007B3500087F3600087F3600087F360008E7
:1032F8007F3600087F3600087F3600087F360008D2
:103308007F3600087F3600087F3600087F360008C1
:103318007F3600087F3600087F3600087F360008B1
:103328007F3600087F3600087F3600087F360008A1
:103338007F3600087F3600084F3500087F360008C2
:103348007F3600087F3600087F3600087F36000881
:103358007F3600087F3600087F3600087F36000871
:103368007F3600087F3600087F3600087F36000861
:103378007F3600087F3600087F3600087F36000851
:103388007F3600087F3600087F3600087F36000841
:103398007F3600087F3600087F3600087F36000831
:1033A8007F3600087F3600087F3600087F36000821
:1033B8007F3600087F3600087F3600087F36000811
:1033C8007F3600087F3600087F3600087F36000801
:1033D8007F3600087F3600087F3600087F360008F1
:1033E8007F3600087F3600087F3600087F360008E1
:1033F8007F3600087F3600087F3600087F360008D1
:103408007F3600087F3600087F3600087F360008C0
:103418007F3600087F3600087F3600087F360008B0
:103428007F3600087F3600087F3600087F360008A0
:103438007F3600087F3600087F3600087F36000890
:103448007F3600087F3600087F3600087F36000880
:103458007F3600087F3600087F3600087F36000870
:103468007F3600087F3600087F3600087F36000860
:103478007F3600087F3600087F3600087F36000850
:103488007F3600087F3600087F3600087F36000840
:103498007F3600087F3600087F3600087F36000830
:1034A8007F3600087F3600087F3600087F36000820
:1034B8007F3600087F3600087F3600087F36000810
:1034C8007F3600087F3600087F3600087F36000800
:1034D8007F3600087F3600087F3600087F360008F0
:1034E8007F3600087F3600087F3600087F360008E0
:1034F8007F3600087F3600087F3600087F360008D0
:103508007F3600087F3600087F3600087F360008BF
:103518007F3600087F3600087F3600087F360008AF
:103528007F3600087F3600087F3600087F3600089F
:103538007F3600087F360008FB350008019BB3F58D
:10354800C07F05D097E02FF0E3FE0346039393E096
:103558002FF0BAFE034603938EE02FF0D9FE0446FF
:103568004FF40070FFF7E6FB0346B4FBF3F3039355
:1035780082E02FF0A9FE04464FF42070FFF7DAFB33
:103588000346B4FBF3F3039376E02FF09DFE044665
:103598004FF42070FFF7CEFB0346B4FBF3F35B0850
:1035A800039369E002AB0021184601F00BF8029C76
:1035B8004FF46070FFF7BEFB0346B4FBF3F30393CD
:1035C8005AE003AB0021184601F07AF854E003AB47
:1035D8000021184600F098FD4EE003AB0021184684
:1035E80000F0E2FD48E003AB0021184601F07EFA46
:1035F80042E003AB0021184601F0ACFB3CE003AB12
:103608000021184601F0B6F836E003AB0021184651
:1036180001F008FB30E003AB0021184601F04EFB37
:103628002AE003AB0021184601F0BAFA24E003AB04
:103638000021184600F010FE1EE003AB00211846DA
:1036480000F046FE18E003AB0021184600F08EFE9D
:1036580012E003AB0021184600F0D6FE0CE003ABE5
:103668000021184601F0C8F806E003AB002118460F
:1036780000F0E4FF00E000BF039B184604B010BD53
:1036880000B585B0019000230393019BB3F5486F03
:1036980000F0D881019BB3F5486F00F2DF81019BF0
:1036A800B3F5406F00F0B681019BB3F5406F00F2AF
:1036B800D581019BB3F5286F00F0CA81019BB3F552
:1036C800286F00F2CB81019BB3F5206F00F0B48125
:1036D800019BB3F5206F00F2C181019BB3F5186F10
:1036E80000F0A481019BB3F5186F00F2B781019B2C
:1036F800B3F5106F00F07681019BB3F5106F00F2FF
:10370800AD81019BB3F5086F00F07281019BB3F5A1
:10371800086F00F2A381019BB3F5F06F00F05681AA
:10372800019BB3F5F06F00F29981019BB3F5E06F4F
:1037380000F07681019BB3F5E06F00F28F81019B69
:10374800B3F5D06F00F04881019BB3F5D06F00F25C
:103758008581019BB3F5C06F00F03281019BB3F501
:10376800C06F00F27B81019BB3F5B06F00F016814A
:10377800019BB3F5B06F00F27181019BB3F5A06FA7
:1037880000F04281019BB3F5A06F00F26781019BB5
:10379800B3F5806F00F00881019BB3F5806F00F2EC
:1037A8005D81019BB3F5607F00F02881019BB3F533
:1037B800607F00F25381019B802B00F2C780019B40
:1037C800242BC0F04B81019B243B5C2B00F24681EB
:1037D80001A252F823F000BFB1390008B13900083E
:1037E800B1390008B1390008B1390008653A000854
:1037F800A5390008653A0008C9390008E139000808
:10380800653A0008653A0008653A0008653A000814
:10381800653A0008653A0008653A0008653A000804
:10382800653A0008653A0008653A0008653A0008F4
:10383800653A0008653A0008653A0008D539000875
:10384800293A0008653A0008653A0008653A000810
:10385800653A0008653A0008653A0008653A0008C4
:10386800653A0008653A0008653A0008653A0008B4
:10387800653A0008653A0008353A0008B139000889
:10388800653A0008653A0008653A0008ED3900080D
:10389800653A0008653A0008413A0008593A0008B4
:1038A800113A00081D3A0008653A0008653A000810
:1038B800653A0008653A0008653A00084D3A00087C
:1038C800653A0008653A0008B1390008B1390008BE
:1038D800B1390008B1390008B13900081D3A0008AB
:1038E8001D3A0008653A0008653A0008653A00087C
:1038F800653A0008653A0008653A0008653A000824
:10390800653A0008653A0008653A0008653A000813
:10391800653A0008653A0008653A0008653A000803
:10392800653A0008653A0008653A0008653A0008F3
:10393800653A0008653A0008653A0008653A0008E3
:10394800653A0008653A00085F390008019BB3F53D
:10395800807F2FD082E0444B1B6F03F00703013BAD
:10396800032B17D801A252F823F000BF973900089B
:10397800853900088B39000891390008052303931D
:103988000BE00323039308E00823039305E00223D5
:10399800039302E00023039300BF60E003AB1946E2
:1039A800002001F0A3F85AE003AB1946002000F00C
:1039B80087FE54E003AB1946002001F0CBF94EE036
:1039C80003AB1946002000F0D5FE48E003AB1946CA
:1039D800002000F011FF42E003AB1946002001F07F
:1039E80021F93CE003AB1946002001F067F936E005
:1039F80003AB1946002000F021FE30E003AB194666
:103A0800002000F0DFFD2AE003AB1946002000F09B
:103A18007BFB24E003AB1946002000F0C5FB1EE049
:103A280003AB1946002001F0BBF818E003AB1946B8
:103A3800002000F011FC12E003AB1946002000F052
:103A480047FC0CE003AB1946002000F08FFC06E0B1
:103A580003AB1946002000F0D7FC00E000BF039B31
:103A6800184605B05DF804FB0080005008B5012138
:103A7800022001F0A7FA4FF42070FFF75BF9034624
:103A8800DAB2054B1A7022F0A1F922F097F900F08A
:103A9800EDFC00BF08BD00BF8124002010B582B036
:103AA80003468DF8073031F047FA0446FFF7FCF873
:103AB8000346C3F102031946204622F06BF901219F
:103AC800002001F051FA9DF80730002B02D001F0D8
:103AD8004DF806E0054B1B7819464FF42070FFF7A8
:103AE80073F900F0CFFC00BF02B010BD81240020A4
:103AF80000B583B0104B5B6E03F48033002B0CBF12
:103B0800012300238DF807300B4B03F580531A4629
:103B18004FF480335366FFF7D5F89DF80730002B34
:103B280006D0054B03F500531A464FF4803353660D
:103B380000BF03B05DF804FB0080005000B585B0FD
:103B480001900198FFF79CFD0290029B092B07D07A
:103B5800029B092B20D3029B0A3B012B1CD804E0B3
:103B6800134B1B88ADF80E301BE0124B03F5805346
:103B78001A464FF4800353660F4B5B6A03F0010348
:103B8800002B04D04FF4FA73ADF80E3009E04FF66D
:103B9800FF73ADF80E3004E04FF6FF73ADF80E304A
:103BA80000BFBDF80E30184605B05DF804FB00BF35
:103BB8000A2B0020008000500040025000B585B05C
:103BC80001900198FFF75CFD0290029B032B03D044
:103BD800029B052B05D009E00A4B1B88ADF80E3077
:103BE80009E04FF6FF73ADF80E3004E04FF6FF73AF
:103BF800ADF80E3000BFBDF80E30184605B05DF8C0
:103C080004FB00BF0C2B002000B589B0019001987F
:103C180000F096FE0790079B002B02D0079BB3F19C
:103C2800FF3F454B03F580531A464FF4C0235366B4
:103C3800424B5B68012B0CD1404B03F500531A46ED
:103C48000123536000BF3D4B5B6803F00203002B68
:103C5800F9D18020FFF714FD0346052B05D122F08A
:103C6800B5F822F0ABF800F001FC079B23F0407395
:103C78000793019B324A934204D0019B314A9342F5
:103C880005D009E0079B43F00073079304E0079B06
:103C980043F08073079300BF2FF034FB0690019A1E
:103CA800069B9A4203D90121019801F05DF900BFF2
:103CB800254BDB6803F00603002BF9D1224B9B68E8
:103CC8000593214A079B9360079B03F4F813049319
:103CD8001D4B9B6803F4F8130393049A039B9A42C1
:103CE80003D10198FDF748F804E0174A059B936053
:103CF800069B01938020FFF7C3FC0346052B0FD1D9
:103D080031F01AF90290FEF7CFFF0346C3F1020320
:103D18001946029822F03EF800F028FF00F0B2FBA6
:103D2800019A069B9A4203D80121002001F01CF950
:103D380000BF09B05DF804FB0080005000C00150CE
:103D480040420F0080841E000000015000B585B07D
:103D580001908020FFF794FC0346032B00F00C81B0
:103D6800874B03F580531A464FF480135366854BEF
:103D780045F60E02C3F88020824B03F580531A469D
:103D88004FF0A06393627F4B03F500531A464FF43C
:103D98008033936200BF7B4B9B6D03F48033002B11
:103DA800F9D100BF774B9B6D03F08043002BF9D10D
:103DB800019B1B681A06019B5B681B051A43019B44
:103DC8001B7B1B041A43019B5B7B1B031A43019B50
:103DD8009B7B9B011343019AD27B1146694A0B4393
:103DE8001361684B9B6903F00042019B1B699B06AA
:103DF8001A43019B5B691B061A43019B1B7E1B042C
:103E08001A43019B5B7E1B021343019A927E114663
:103E18005C4A0B4393615B4B1B6A23F00F03019AC7
:103E2800D269002A01D1002200E008221A43019B2E
:103E3800DB7E9B001A43019BDB69524913430B62EB
:103E4800019BDB69002B5CD14E4B9A6A4E4B1340A9
:103E5800019A92F8202052011A43019B93F82130CD
:103E68001B011A43019B93F82430DB001343454A96
:103E780043F48033936200BF424B9A6D434B134027
:103E8800424A9342F8D13F4B03F580531A464FF00C
:103E9800807393623B4B1B6923F47002019B9B6800
:103EA8001B05384913430B61364B03F580531A46FB
:103EB8004FF000439361019B93F8223083F0010394
:103EC800DBB2002B06D02F4B03F500531A464FF0F8
:103ED80080739362019B93F8233083F00103DBB274
:103EE800002B3FD0274B03F500531A464FF480337D
:103EF800936200BF234B9B6D03F08043002BF9D1E5
:103F080030E0019BDB69022B12D11E4B00221A61A3
:103F18001C4B00229A6102230393039B1A03039B01
:103F28001B0213431A464FF47F41194821F018FF2A
:103F3800144B9A6A144B1340019A92F820205201AC
:103F48001A43019B93F822301B061A43019B93F8EE
:103F58002430DB001A43019B93F823301B040949E2
:103F680013438B62019B93F82530002B05D0054B3A
:103F7800084AC3F8802000E000BF05B05DF804FBE4
:103F8800008000500040005AC7FFFEFE03000100F9
:103F98003440005AF1A7FFFF024B93F9003018464E
:103FA800704700BF192B002082B00346ADF80630D9
:103FB800034ABDF80630138000BF02B0704700BF47
:103FC8000C2B002000B587B003468DF8073000237E
:103FD80003930023059300230493274B03F5805391
:103FE8001A464FF480035366244B02225A6000BFDE
:103FF800224B9B6803F48033002BF9D19DF80730DE
:10400800012B2ED12FF0C4F90390039B1C4A934235
:1040180005D11C4B059345F67A13049317E0039BCF
:10402800194A934205D1194B059345F61A0304938F
:104038000DE0039A13469B0013445B0A0593144B47
:104048000493039B5B0A049AB2FBF3F304930B4AB1
:10405800059BD362094A049B1363084B01225A62E9
:1040680002E0064B00225A62044B00225A6000BF4D
:1040780007B05DF804FB00BF00800050004002500C
:1040880000F04902D8B80500C0175302BBCF05009D
:104098006466666600B585B00190019800F008FA7C
:1040A8000390039B002B02D0039BB3F1FF3F134BFC
:1040B80003F580531A464FF400235366039B23F0FD
:1040C80040730393019B0E4A934204D0019B0D4A0F
:1040D800934205D009E0039B43F00073039304E087
:1040E800039B43F08073039300BF4FF0B442039BDC
:1040F800936000BF05B05DF804FB00BF008000506E
:1041080040420F0080841E0000B585B001900091E8
:1041180000230293234BD3F8203203F00703042B28
:104128002CD801A252F823F07F410008454100082D
:1041380055410008634100087141000802AB0021A5
:10414800184600F031F8122303931AE02FF02CF9E7
:10415800034602930723039313E030F0AEFE0346B1
:1041680002930A2303930CE02FF098F90346029375
:104178000923039305E00123039302E0002303933B
:1041880000BF019B002B02D0029A019B1A60009B82
:10419800002B02D0009B039A1A6000BF05B05DF89F
:1041A80004FB00BF0080005000B585B0019000916D
:1041B80000230393274BD3F8283103F00703013B6F
:1041C800052B33D801A252F823F000BFED410008B7
:1041D800114200082942000805420008F941000878
:1041E8001D4200082FF08EF803900523029320E06B
:1041F8002FF088F80390062302931AE02FF0D4F8E2
:1042080003900723029314E02FF0C2F803900323CE
:1042180002930EE02FF0BCF803900423029308E009
:104228002FF0B0F803900223029302E000230293D8
:1042380000BF019B002B02D0019B039A1A60009BD0
:10424800002B02D0009B029A1A6000BF05B05DF8EF
:1042580004FB00BF0080005000B585B001900091BC
:1042680000230393194BD3F8503203F00303032BB5
:1042780006D0032B16D8012B08D0022B0CD011E046
:1042880030F01FFE03900C2302930EE030F015FE71
:1042980003900A23029308E02FF000F90390092302
:1042A800029302E00023029300BF019B002B02D07F
:1042B800019B039A1A60009B002B02D0009B029A74
:1042C8001A6000BF05B05DF804FB00BF0080005015
:1042D80000B585B00190009100230293224BD3F8DA
:1042E800603203F00703013B032B29D801A252F8DF
:1042F80023F000BF0D4300081D4300083B4300089E
:104308002D43000802AB0021184600F0D9F910230C
:10431800039318E002AB0021184600F02BFA112392
:10432800039310E02FF040F803460293072303930A
:1043380009E02FF027F8034602930223039302E0D3
:104348000023039300BF019B002B02D0029A019B1C
:104358001A60009B002B02D0009B039A1A6000BFD2
:1043680005B05DF804FB00BF0080005000B585B0C3
:104378000190009100230293224BD3F8943203F06A
:104388000703013B032B29D801A252F823F000BFF1
:10439800A9430008B9430008D7430008C9430008E7
:1043A80002AB0021184600F08BF91023039318E0A4
:1043B80002AB0021184600F0DDF91123039310E049
:1043C8002EF0F2FF034602930723039309E02EF031
:1043D800D9FF034602930223039302E000230393C9
:1043E80000BF019B002B02D0029A019B1A60009B20
:1043F800002B02D0009B039A1A6000BF05B05DF83D
:1044080004FB00BF0080005000B585B0019000910A
:1044180000230293144BD3F8703203F00303012BEB
:1044280002D0022B08D00CE002AB0021184600F0A5
:10443800A1F91123039307E00023029315230393A3
:1044480002E00023039300BF019B002B02D0029AD5
:10445800019B1A60009B002B02D0009B039A1A60F4
:1044680000BF05B05DF804FB00800050044B03F565
:1044780080531A464FF48033136700BF704700BF5C
:104488000080005008B58020FEF78EFD0346064ADE
:10449800934206D8054B03F500531A464FF4803370
:1044A800136700BF08BD00BF005A620200800050B9
:1044B80084B0019000230393019B384A934260D053
:1044C800019B364A934261D8019B354A934253D0A7
:1044D800019B334A934259D8019B324A934246D0B2
:1044E800019B304A934251D8019B2F4A934239D0BD
:1044F800019B2D4A934249D8019B2C4A93422CD0C8
:10450800019B2A4A934241D8019B294A93421FD0D2
:10451800019B274A934239D8019B264A934212D0DD
:10452800019B244A934231D8019B234A93420AD0E3
:10453800019B214A934229D8019B002B28D0019B3B
:104548001E4A934222D11E4BD3F8A030039320E099
:104558001B4BD3F8B83003931BE0194BD3F8BC308E
:10456800039316E0164BD3F8C030039311E0144BB5
:10457800D3F8C83003930CE0114BD3F8CC30039335
:1045880007E00F4BD3F8D030039302E000BF00E000
:1045980000BF039B184604B0704700BF005A620270
:1045A8000048E80180BA8C01C0EA21010024F40027
:1045B800405DC60000093D0080841E0040420F0097
:1045C8000080E00F00B585B00190009100230393AF
:1045D800194BD3F8803003F00303032B12D0032BBD
:1045E80016D8012B02D0022B06D011E02EF090FE37
:1045F80003900E2302930EE02EF0D6FE03900723BD
:10460800029308E02EF07EFE03900623029302E058
:104618000023029300BF019B002B02D0019B039A49
:104628001A60009B002B02D0009B029A1A6000BF00
:1046380005B05DF804FB00BF0080005000B585B0F0
:1046480001900091002303931C4BD3F8003103F031
:104658000303032B1FD801A252F823F09946000840
:1046680075460008814600088D4600082EF090FE29
:1046780003900323029311E02EF010FF0390092307
:1046880002930BE02EF08AFE03900823029305E0C4
:104698000123029302E00023029300BF019B002B39
:1046A80002D0019B039A1A60009B002B02D0009B4A
:1046B800029A1A6000BF05B05DF804FB0080005044
:1046C80000B585B00190009100230393284BD3F8DF
:1046D800203103F00703062B37D801A252F823F044
:1046E8003547000805470008114700082947000812
:1046F8001D4700083B470008474700082EF002FE08
:1047080003900523029323E02EF042FE0390032337
:1047180002931DE02EF048FE03900723029317E052
:104728002EF030FE03900223029311E0012302933E
:104738000EE02EF0E7FD03900623029308E02EF02A
:1047480027FE03900423029302E00023029300BF94
:10475800019B002B02D0019B039A1A60009B002B3F
:1047680002D0009B029A1A6000BF05B05DF804FBF6
:104778000080005000B585B001900091002303939C
:104788001C4BD3F8403103F00303032B1FD801A2BD
:1047980052F823F0D1470008AD470008B947000890
:1047A800C547000830F089FB03900A23029311E003
:1047B8002EF074FE0390092302930BE030F081FB86
:1047C80003900C23029305E00123029302E00023E7
:1047D800029300BF019B002B02D0019B039A1A6031
:1047E800009B002B02D0009B029A1A6000BF05B004
:1047F8005DF804FB0080005000B585B00190009181
:10480800002303931C4BD3F8603103F00303032BFD
:104818001FD801A252F823F0554800083148000873
:104828003D4800084948000830F047FB03900A2338
:10483800029311E02EF032FE0390092302930BE05D
:1048480030F03FFB03900C23029305E00123029311
:1048580002E00023029300BF019B002B02D0019BC2
:10486800039A1A60009B002B02D0009B029A1A60E0
:1048780000BF05B05DF804FB0080005084B00190D3
:1048880000914FF440130393009B002B0AD1019B26
:104898000D4A934203D94FF4801303930FE000238A
:1048A80003930CE0009B002B09DD019B074A934210
:1048B80003D94FF48013039301E000230393039B70
:1048C800184604B0704700BF005A6202002D31013B
:1048D80000B585B001900091184B03F580531A4636
:1048E8004FF4803393660020FEF724FA0246019BBA
:1048F80002FB03F30193FEF7EFF903468DF80F303F
:10490800FEF700FAFEF706FA034623F44013029373
:1049180000990198FFF7B2FF0246029B13430293E6
:104928000298FEF7FDF99DF80F30002B01D0FEF735
:10493800E1F900BF05B05DF804FB00BF008000503E
:1049480084B0019000230393019B594A934200F0DD
:10495800A380019B564A934200F2A380019B554ACB
:10496800934200F09480019B524A934200F299804E
:10497800019B514A934200F08580019B4E4A934225
:1049880000F28F80019B4D4A934276D0019B4B4A9F
:10499800934200F28680019B494A934268D0019B6A
:1049A800474A93427DD8019B464A93425BD0019B7C
:1049B800444A934275D8019B434A93424ED0019B87
:1049C800414A93426DD8019B404A934242D0019B91
:1049D8003E4A934265D8019B3D4A934236D0019B9B
:1049E8003B4A93425DD8019B3A4A93422AD0019BA5
:1049F800384A934255D8019B374A93421ED0019BAF
:104A0800354A93424DD8019B344A934212D0019BB8
:104A1800324A934245D8019B314A93420AD0019BBE
:104A28002F4A93423DD8019B002B3CD0019B2D4A35
:104A3800934236D12C4B9B6D039335E02A4B5B6E2A
:104A4800039331E0284B1B6F03932DE0264B5B6FDC
:104A5800039329E0244B9B6F039325E0224BD3F863
:104A68008030039320E0204BD3F8843003931BE07D
:104A78001D4BD3F88830039316E01B4BD3F88C30CA
:104A8800039311E0184BD3F8903003930CE0164BC6
:104A9800D3F89430039307E0134BD3F8983003937B
:104AA80002E000BF00E000BF039B184604B0704757
:104AB80000B4C4040090D003007E5603006CDC02EE
:104AC80080D543020048E80180BA8C01C0EA210180
:104AD8000024F400405DC600C0CF6A0000093D0014
:104AE80080841E0040420F000080E00F00B585B0B2
:104AF80001900091002302931B4BD3F8803103F0FF
:104B08000303032B0ED0032B1AD8012B02D0022B40
:104B18000FD015E002AB00211846FFF7D1FD102396
:104B2800039310E02EF040FC0346029307230393FF
:104B380009E02EF027FC034602930223039302E0C8
:104B48000023039300BF019B002B02D0029A019B14
:104B58001A60009B002B02D0009B039A1A6000BFCA
:104B680005B05DF804FB00BF0080005000B583B0BD
:104B7800022301934FF4C070FEF716FA0346074A62
:104B8800934201D80123019301994FF42070FEF755
:104B98001BF900BF03B05DF804FB00BF80F0FA0208
:104BA80000B585B001900091002303931C4BD3F806
:104BB800403203F00303032B1FD801A252F823F05D
:104BC800FD4B0008D94B0008E54B0008F14B0008E5
:104BD80030F073F903900A23029311E02EF05EFC83
:104BE8000390092302930BE030F06BF903900C2338
:104BF800029305E00123029302E00023029300BF21
:104C0800019B002B02D0019B039A1A60009B002B8A
:104C180002D0009B029A1A6000BF05B05DF804FB41
:104C28000080005000B585B00190009100230393E7
:104C3800214BD3F8003203F00703042B29D801A233
:104C480052F823F0954C0008614C00086D4C0008A0
:104C5800794C0008854C000830F02FF903900A239E
:104C6800029319E02EF01AFC03900923029313E033
:104C780030F027F903900C2302930DE02EF024FB6B
:104C880003469B0A03930F23029305E00123029333
:104C980002E00023029300BF019B002B02D0019B7E
:104CA800039A1A60009B002B02D0009B029A1A609C
:104CB80000BF05B05DF804FB0080005000B585B06A
:104CC8000190009100230393214BD3F8083203F09D
:104CD8000703042B29D801A252F823F02D4D000810
:104CE800F94C0008054D0008114D00081D4D00083D
:104CF80030F0E3F803900A23029319E02EF0CEFB7C
:104D080003900923029313E030F0DBF803900C239F
:104D180002930DE02EF0D8FA03469B0A03930F2363
:104D2800029305E00123029302E00023029300BFEF
:104D3800019B002B02D0019B039A1A60009B002B59
:104D480002D0009B029A1A6000BF05B05DF804FB10
:104D58000080005000B585B00190009100230393B6
:104D6800114B1B6803F00403002B06D02EF0ACFA9D
:104D7800034603930D23029305E002AA03AB1146F1
:104D88001846FFF7F7FC019B002B02D0039A019B02
:104D98001A60009B002B02D0029A009B1A6000BF89
:104DA80005B05DF804FB00BF10E000E0024B034AC9
:104DB8001A6400BF704700BF008009503254FFFFDB
:104DC800024B4AF6CD321A6400BF70470080095082
:104DD80082B0019000BF054B5A6B019B1340002B1A
:104DE800F9D100BF00BF02B0704700BF0080095072
:104DF80008B500BF0421044820F0F2FF0346002B49
:104E0800F8D100BF00BF08BD8440005008B5FFF7C7
:104E1800EFFF044BD3F884309B0903F00303DBB2A4
:104E2800184608BD0040005082B00190044B03F5BD
:104E380000531A46019BC2F8203400BF02B07047E5
:104E480000C0035000B583B00190019B1A78054B50
:104E58001A700121002000F087F800BF03B05DF848
:104E680004FB00BF2C16002082B00190064B5B6F3C
:104E780023F44072019B5B781B02034913434B6781
:104E880000BF02B0704700BF0040005000B583B0BB
:104E980003468DF80730124B1B69114A43F004038F
:104EA80013612FF0DDF920F0B6FF0E4B5B6E03F0B7
:104EB8008063002B02D00C48FFF7B6FF30BF20F00C
:104EC800ACFF05F017FF9DF8073083F00103DBB254
:104ED800002B01D030F036F800BF03B05DF804FBBA
:104EE80000ED00E0008000500000FF0F00B583B027
:104EF80003468DF80730104B1B690F4A43F0040333
:104F080013610E4B5B6E03F08063002B02D00C48DC
:104F1800FFF78AFF2FF0A4F930BF05F0EBFE9DF8EC
:104F2800073083F00103DBB2002B01D030F00AF820
:104F380000BF03B05DF804FB00ED00E00080005006
:104F48000000FF0F82B00190064BDB6E23F03003A8
:104F5800019A12791146034A0B43D36600BF02B087
:104F6800704700BF0040005000B585B001900B4667
:104F78008DF80330019B002B03D12EF0C9F9039063
:104F880001E0019B03930D4B1B78002B0AD0039B78
:104F98000B4A934206D89DF803301946012000F0C9
:104FA80011F806E09DF803301946022000F00AF8CF
:104FB80000BF00BF05B05DF804FB00BF2C16002041
:104FC800005A620210B586B003460A468DF80730CB
:104FD80013468DF80630FFF719FF03461A469DF869
:104FE8000730934240D02EF093F90590059B049327
:104FF8009DF80730012B03D10121059820F0CAFE46
:105008002FF070FF03901A4B03F500531A464FF028
:10501800007353669DF80730184620F004FF144CBF
:105028009DF80730184620F0E8FE0346236702E0A3
:105038000F4BD3F884300E4B5B6E03F00073002BDC
:1050480006D10B4BD3F8843003F02003002BEFD0AC
:1050580003982FF03AFF9DF80730022B05D1002165
:10506800059820F097FE00E000BF06B010BD00BF15
:105078000040005000B587B003468DF80730002384
:10508800059300230493404B03F580531A464FF0D1
:10509800004353663D4B5B6C03F00103002B14BFC8
:1050A800012300238DF80F30FFF78AFE9DF80730A3
:1050B800002B28D10120FFF78BFE344B5B6803F0EF
:1050C80001030293029B002B50D0304B03F5005391
:1050D8001A460123536002E0049B013304932B4BCF
:1050E8001B6B03F00103002B03D1049B284A934256
:1050F800F2D9049B264A934238D90723059335E011
:10510800049B01330493214B1B6B03F00803002B12
:1051180003D0049B1E4A9342F2D9049B1C4A934233
:1051280002D90723059321E0184B03F500531A46CB
:1051380020239362154B03F580531A4601235360CD
:105148000023049302E0049B013304930F4B9B6AF2
:1051580003F02003002B03D1049B0D4A9342F2D99C
:10516800049B0B4A934201D9072305939DF80F30FE
:10517800002B01D0FFF71AFE2BF0B1FB059B184658
:1051880007B05DF804FB00BF0080005000800950A4
:105198003F420F0000B585B00190254B03F58053C1
:1051A8001A464FF000435366224B5B6C03F0010331
:1051B800002B14BF012300238DF80F30FFF700FEEA
:1051C800019B5B785B001C4A43F00103D3630B200F
:1051D800FFF7FEFD174B5B6823F4F872019B9B7881
:1051E8001B01144913434B60019BDB781B02019A96
:1051F800527911460F4A0B439360019B1B791B029E
:10520800019A927911460B4A0B431361019B1B7853
:105218001846FFF72FFF9DF80F30002B01D0FFF73E
:10522800C5FD2BF05CFB0123184605B05DF804FBB7
:1052380000800050008009500040005000B585B043
:10524800019000238DF80F3000238DF80E30019B5C
:105258000F2B01D90F2301931E4B5B6EDB0F8DF8CB
:105268000E301C4B03F580531A464FF0004353662B
:10527800194B5B6C03F00103002B14BF01230023BF
:105288008DF80F30FFF79CFD8020FFF7A1FD124B32
:105298001B6A23F00F021049019B13430B629DF810
:1052A8000F30002B01D0FFF781FD9DF80E3083F001
:1052B8000103DBB2002B06D0064B03F500531A4658
:1052C8004FF0004353662BF00AFB00BF05B05DF8B2
:1052D80004FB00BF008000500080095000B585B075
:1052E80003468DF8073000238DF80F3000238DF822
:1052F8000E301F4B5B6EDB0F8DF80E301C4B03F529
:1053080080531A464FF0004353661A4B5B6C03F008
:105318000103002B14BF012300238DF80F30FFF782
:105328004FFD8020FFF754FD124B1B6A23F4F852FF
:105338009DF807301B020F4913430B629DF80F308D
:10534800002B01D0FFF732FD9DF80E3083F00103EA
:10535800DBB2002B06D0064B03F500531A464FF07C
:10536800004353662BF0BBFA00BF05B05DF804FBA1
:105378000080005000800950094B03F580531A46FD
:105388004FF480339366074B41F67132DA63054B6D
:1053980003F500531A460123D36000BF704700BFCE
:1053A80000800050000003500A4B41F67132DA6366
:1053B800084B03F500531A460123D360054B00221E
:1053C800DA63054B03F500531A464FF480339366AE
:1053D80000BF7047000003500080005084B0019067
:1053E80000230393019B372B00F2988001A252F807
:1053F80023F000BFDD540008E354000825550008D9
:10540800255500082555000825550008255500088C
:10541800255500082555000825550008255500087C
:10542800255500082555000825550008255500086C
:105438002555000825550008255500081955000868
:10544800255500081F550008255500082555000852
:10545800255500082555000825550008255500083C
:10546800255500082555000825550008255500082C
:105478002555000825550008E9540008EF54000890
:10548800F5540008FB540008255500082555000868
:1054980025550008255500082555000825550008FC
:1054A80025550008255500082555000825550008EC
:1054B8002555000825550008255500080155000800
:1054C8002555000825550008075500080D55000802
:1054D800135500080023039321E0032303931EE0E0
:1054E800012303931BE00223039318E0042303938F
:1054F80015E00523039312E0062303930FE0092325
:1055080003930CE00A23039309E00B23039306E0BB
:105518000723039303E00823039300E000BF039BE2
:10552800184604B0704700BF84B001900091009BFA
:105538000393019B372B72D8019B212B0CD2019B23
:10554800142B5ED0019B142B69D8019B012B32D000
:10555800019B122B47D062E0019B213B324A22FA81
:1055680003F303F00103002B14BF01230023DBB274
:10557800002B54D0009B042B1BD801A252F823F017
:105588009D550008A3550008A9550008AF55000807
:10559800B5550008002303930CE00123039309E0A9
:1055A8000223039306E00323039303E004230393F6
:1055B80000E000BF34E0009B022B0FD0009B022BC1
:1055C8000FD8009B002B03D0009B012B03D008E0D1
:1055D8000023039306E00123039303E002230393CC
:1055E80000E000BF1CE0009B012B03D0009B042BB4
:1055F80003D005E00023039302E00123039300BFD7
:105608000EE0009B022B03D0009B052B03D005E086
:105618000023039302E00123039300BF00E000BFCF
:10562800039B184604B070470F00720000B585B0A0
:1056380001900B468DF803301346ADF80030BDF8E5
:1056480000301B0A03F07F030393BDF8003003F01A
:10565800070302939DF80330002B0BD1039B1A021A
:10566800029B13430E4943F44022019B063341F841
:10567800232011E002990398FFF756FF0290039840
:10568800FFF7ACFE0390039B1A020549029B1A43DD
:10569800019B163341F8232000BF05B05DF804FBD9
:1056A8000080035084B001900B468DF803301346F8
:1056B800ADF800300E4B0393BDF800300293029B07
:1056C80023F00303039A13440393BDF80030002B1F
:1056D8000BD09DF80330002B03D1039B019A1A606D
:1056E80003E0019B1A02039B1A6000BF04B07047D5
:1056F80000800350054B03F580531A464FF480335E
:105708005366034B9B691846704700BF00800050E2
:1057180000000850F0B482B00E4B9B6C01930D4B07
:10572800DB6C00221E4617464FF000024FF00003C4
:1057380033000022019E00273046394642EA000421
:1057480043EA010522462B461046194602B0F0BC32
:10575800704700BF0080E00F82B0074B9B68DBB248
:105768000193019B0A3303F01F03012202FA03F39A
:10577800184602B0704700BF0080E00F024BD3F814
:1057880010331846704700BF00C0035082B0019024
:10579800019B1B78002B0AD0019B1B78012B06D09C
:1057A800019B1B78022B02D0019B1B78032B019BCA
:1057B8005B781A460849019B1B781846012303FAAF
:1057C80002F203465B0003441B010B4403F501533B
:1057D8001A6000BF02B0704700C0035084B0019047
:1057E800019B1B78002B0AD0019B1B78012B06D04C
:1057F800019B1B78022B02D0019B1B78032B0D4ABF
:10580800019B1B7819460B465B000B441B01134494
:1058180044331B68019A5278D34003F00103002BEC
:1058280014BF012300238DF80F309DF80F30184660
:1058380004B0704700C0035082B00190044B03F5D8
:1058480080531A46019BC2F8243400BF02B0704747
:1058580000C0035082B00190044B03F500531A4670
:10586800019BC2F8243400BF02B0704700C0035047
:1058780082B00190044B03F500531A46019BC2F80D
:10588800203400BF02B0704700C00350024BD3F869
:1058980024341846704700BF00C0035082B0064B3E
:1058A800D3F824340193044BD3F82024019B1340EC
:1058B800184602B0704700BF00C0035084B00346CA
:1058C8008DF807300F4BDB6E03F030030393039B17
:1058D800202B13D09DF80730002B08D0094BDB6E26
:1058E80023F03003074A43F01003D36607E0054B63
:1058F800DB6E044A23F03003D36600E000BF04B037
:10590800704700BF0040005000B585B001900B46BD
:105918008DF8033013468DF8023000238DF80F30D0
:10592800019B1B78002B0AD0019B1B78012B06D00A
:10593800019B1B78022B02D0019B1B78032BFFF7DE
:105948001DFF9DF803300F2B62D801A252F823F0F7
:1059580099590008A1590008A9590008B159000827
:10596800B9590008C1590008C9590008D159000897
:10597800D9590008E1590008E9590008F159000807
:10598800F9590008015A0008095A0008115A000874
:1059980000238DF80F303CE001238DF80F3038E0FC
:1059A80002238DF80F3034E003238DF80F3030E0F8
:1059B80004238DF80F302CE005238DF80F3028E0F4
:1059C80006238DF80F3024E007238DF80F3020E0F0
:1059D80008238DF80F301CE009238DF80F3018E0EC
:1059E8000A238DF80F3014E00B238DF80F3010E0E8
:1059F8000C238DF80F300CE00D238DF80F3008E0E4
:105A08000E238DF80F3004E00F238DF80F3000E0DF
:105A180000BF9DF80330002B0AD09DF80230002B00
:105A280003D001982DF04EFD02E00198FFF7AEFE7D
:105A3800019B5B78072B1BD8019B1B781A461346E2
:105A48005B0013441B011A1D224B1344019A527820
:105A580092000F2101FA02F09DF80F10019A527876
:105A6800920001FA02F20146184620F0A1FA1DE060
:105A7800019B1B781A4613465B0013441B0103F174
:105A88000C02144B1344019A5278083A92000F21E1
:105A980001FA02F09DF80F10019A5278083A920024
:105AA80001FA02F20146184620F082FA9DF8033006
:105AB800002B0AD19DF80230002B03D001982DF05D
:105AC80001FD02E00198FFF761FE00BF05B05DF837
:105AD80004FB00BF30C0035000B587B003900291AB
:105AE80013468DF80730039B1B78002B0AD0039BC5
:105AF8001B78012B06D0039B1B78022B02D0039B3B
:105B08001B78032B9DF80730002B0AD09DF807302F
:105B1800012B06D09DF80730022B02D09DF80730E4
:105B2800042BFFF72BFE029BB3F1FF3F01D0029B32
:105B3800002B029BB3F1FF3F09D1FFF7A7FE0590A9
:105B4800039B5B780599184620F09DF90290029B0B
:105B5800B3F1FF3F00F08680029B002BC0F28280E9
:105B6800029B072B21DC029B9B00032202FA03F114
:105B7800039B1B781A46029B9B0002FA03F31A4602
:105B88003B4820F015FA029B9B00032202FA03F11E
:105B9800039B5B7803F00302029B9B0002FA03F36A
:105BA8001A46344820F004FA23E0029B083B049389
:105BB800049B9B00032202FA03F1039B1B781A46FD
:105BC800049B9B0002FA03F31A462B4820F0F0F9D5
:105BD800049B9B00032202FA03F1039B5B7803F00A
:105BE8000302049B9B0002FA03F31A46234820F0A1
:105BF800DFF99DF8073003F00103002B05D19DF86C
:105C0800073003F00403002B06D0029B012219463B
:105C18001B482FF09CF905E0029B00221946184802
:105C28002FF095F99DF8073003F00203002B05D1FA
:105C38009DF8073003F00403002B06D0029B0122D5
:105C4800194610482FF083F905E0029B00221946F7
:105C58000C482FF07CF90122029B02FA03F3184644
:105C6800FFF706FE029B184607B05DF804FB00BF6D
:105C780000C4035008C4035004C403500CC40350A8
:105C880010C4035014C4035000B583B001900091B0
:105C9800124BD3F83024019BDB4310491340C1F861
:105CA80030340E4BD3F830240199009B0B400B493C
:105CB8001343C1F83034094BD3F82C240749019B0E
:105CC8001343C1F82C340120FFF7F8FD0198FFF7C2
:105CD800CFFD00BF03B05DF804FB00BF00C0035058
:105CE80000BF094B9B6803F00203002BF9D1064B58
:105CF8005B6803F00203002BF3D1034BDB69002B35
:105D0800EFD100BF00BF704700C00A5008B52DF0A2
:105D180001FC024B02221A6100BF08BD00C00A50F4
:105D280000B583B001902DF0F5FB034A019B936108
:105D380000BF03B05DF804FB00C00A5000B583B093
:105D48000190FFF7CDFF0A4B5B68012B03D100F0F0
:105D580021F8FFF7C5FF019B1B78002B01D0012319
:105D680000E00023024AD36000BF03B05DF804FBE3
:105D780000C00A5008B5FFF7B3FF054B03F5805381
:105D88001A4601235360024B01221A6100BF08BD65
:105D980000C00A5008B5074B5B68012B08D1FFF714
:105DA800B5FF044B03F500531A460123536000E086
:105DB80000BF08BD00C00A5084B0034600918DF8AA
:105DC8000730002303939DF80730002B40D1009B38
:105DD8001B78002B01D0012300E000230393009BD4
:105DE8005B68002B06D0009B5B681B78DB00039A7E
:105DF80013430393009B5B78002B01D0022300E040
:105E08000023039A13430393009B9B68002B06D03F
:105E1800009B9B681B789B01039A13430393009B89
:105E28009B78002B01D0042300E00023039A13433E
:105E38000393009BDB68002B06D0009BDB681B7874
:105E48005B02039A13430393034A039B936400BFC3
:105E580000BF04B0704700BF00C00A5000B585B04D
:105E68000190184B03F580531A464FF4803353665C
:105E780000F08CF80390039B1B0BDBB203F00F03BD
:105E8800DAB2019B1A70039B1B0CDBB203F00F0301
:105E9800DAB2019B5A70039B5B099BB203F07F0344
:105EA8009AB2039B9BB203F00F039BB213439AB2BF
:105EB800019B5A80019B4FF6FF729A8000BF05B084
:105EC8005DF804FB0080005000B583B000238DF816
:105ED800073000F053F80346ADF80430BDF804303D
:105EE800144AA2FB03239B099BB24133ADF802304D
:105EF800BDF80230432B0ED0432B10DC412B02D0CF
:105F0800422B04D00BE004238DF807300BE0052367
:105F18008DF8073007E003238DF8073003E00023EE
:105F28008DF8073000BF9DF80730184603B05DF8BC
:105F380004FB00BFD34D6210F0B482B00E4B9B6CD3
:105F480001930D4BDB6C00221E4617464FF00002F2
:105F58004FF0000333000022019E002730463946E7
:105F680042EA000443EA010522462B461046194638
:105F780002B0F0BC704700BF0080E00F024B5B68C6
:105F88009BB21846704700BF0080E00F014B9B6929
:105F9800184670470000085030B585B00190019848
:105FA8002AF0C8FC0390039B002B09D1064A019BE9
:105FB80014461D460FCD0FC495E8030084E803007E
:105FC800039B184605B030BD301600208EB00190F6
:105FD8000B468DF803301346ADF80030BDF900309C
:105FE80047F6FF72934201D1FF23F7E09DF8033093
:105FF800022B00F2F2809DF803307A4AD35C012B21
:1060080000F2EB809DF80330764AD35CDB00764AD9
:1060180013440893089B9B780793089B1B78012BD4
:106028002BD100230D93089BDB781A46079BD31AC4
:106038000C9317E00C9A0D9BD31A5B080C9AD31A91
:106048000393089B5A68039B5B001344B3F9003021
:10605800BDF900209A4203DA039B013B0C9301E04F
:10606800039B0D930D9A0C9B9A42E3D30C9BDAB2D7
:10607800079BDBB21344DBB2B0E0089B5B68069376
:10608800069B002B01D10023A8E0069BB3F9003042
:10609800BDF900209A4204DD069B1B88ADF800304C
:1060A8000AE0069BB3F90230BDF900209A4203DAF0
:1060B800069B5B88ADF80030C823ADF82E30282346
:1060C800ADF82C300023ADF82A30069B9B88FF2BB7
:1060D8000DD1BDF82A3001339BB2ADF82A30069BAA
:1060E800DB88ADF82E30069B9B68ADF82C30BDF9E7
:1060F8002E20BDF90030D21ABDF92C3092FBF3F3F3
:106108009AB2BDF82A3013449BB2ADF82A30089BE6
:106118005B781A46BDF92A309A4203DDBDF92A3068
:10612800002B05DA089B5B78013B9BB2ADF82A305F
:10613800BDF92A30DB00069A134404330593059B06
:106148005A68059BB3F902301946BDF9003001FBC6
:1061580003F313440493049B002B02DA00230993EE
:1061680001E0049B0993099B5C33204AA2FB0323AB
:106178009B090993BDF92A309BB201339BB2ADF854
:106188002A30BDF92A30089A5278934209DABDF9C3
:106198002A30069ADB0013449B881A46099B9342CF
:1061A800C6D9BDF92A30013B069ADB0013449B8807
:1061B8001A46099B934207D9BDF92A30013B069A32
:1061C800DB0013449B880993099A079B9A4201D2E2
:1061D800079B0993099BDBB200E0002318460EB029
:1061E800704700BF3859030830160020D34D62109D
:1061F80088B001900B468DF8033013468DF80230B5
:106208009DF80330022B00F2C1809DF80330614AEB
:10621800D35C012B00F2BA809DF803305D4AD35C51
:10622800DB005D4A13440693069B1B78012B26D19D
:10623800069BDB789DF802209A4203D9069BDB78FF
:106248008DF80230069B9B789DF80220D31A8DF8B2
:1062580002309DF80220069BDB781946069B9B7846
:10626800CB1A9A4202DD00238DF80230069B5A6849
:106278009DF802305B001344B3F9003087E0069BB9
:106288005B680593059B002B01D1444B7FE0059B80
:1062980004330493069B9B789DF802209A4203D806
:1062A800059BB3F9023072E0069BDB789DF802206B
:1062B8009A4203D3059BB3F9003068E000238DF8B8
:1062C8001F30069B5B78013B8DF80F30049B1B88C1
:1062D800FF2B14D101238DF81F3010E09DF81F30DB
:1062E8000133DB00049A13441A889DF802309BB2EC
:1062F8009A420BD39DF81F3001338DF81F309DF85B
:106308001F209DF80F309A42E8D300E000BF9DF8A7
:1063180002304FF47A7203FB02F29DF81F30DB0063
:1063280004990B445B68D31A02939DF81F30DB0075
:10633800049A1344B3F90230DA0F13445B101BB20A
:106348001A46029B13449DF81F20D20004990A4460
:10635800B2F9022093FBF2F30293059BB3F90030E4
:106368001A46029B934203DD059BB3F900300EE009
:10637800059BB3F902301A46029B934203DA059B48
:10638800B3F9023003E0029B1BB200E0034B18464E
:1063980008B0704738590308301600200080FFFF06
:1063A80008B50448FFF7F8FD01202AF0C7FA00BF36
:1063B80008BD00BFA0590308014B1846704700BF2D
:1063C8007029002000B587B001AB00221A605A601E
:1063D8009A60DA601A61064B029301AB19464FF0D6
:1063E800FF302AF0F4FA00BF07B05DF804FB00BFE5
:1063F800006A180000B595B0039002910093134607
:106408008DF80730039B002B0DD0029B002B0AD080
:10641800169B002B07D0179B002B04D0009B03F082
:106428000F03002B01D0212368E0039B13939DF8F1
:106438000730002B01D1334A00E0334A039B1A602E
:10644800039B00225A60039B00229A60039B002250
:10645800DA6105AB1946029800F068FC1290129BAD
:10646800002B01D0129B49E0039B059A1146184660
:106478002EF0B2FD009913982EF0AEFD0FAB194621
:10648800029800F009FE1290129B002B01D0129B7B
:1064980034E0039B0FAA1146184620F081FA0CAB92
:1064A8001946029820F061F81290129B002B01D037
:1064B800129B23E0039B0CAA1146184620F070FAA1
:1064C800169B099301230A93009B43F000530B93F7
:1064D80009AB1946139820F063FA179B069301231A
:1064E8000793009B43F00053089306AB1946139893
:1064F80020F072FA03982EF043FD0346184615B0B3
:106508005DF804FB000100040001010400B595B02A
:106518000390029101920093039B002B08D0029BE9
:10652800002B05D0019B002B02D0169B002B01D11C
:1065380021237BE0039B139300231293029B1B6888
:10654800103B102B8CBF01220022D2B2002A0BD1A3
:10655800384A22FA03F303F00103002B14BF012386
:106568000023DBB2002B01D121235FE000BF039B96
:10657800314A1A60039B00225A60039B00229A60EA
:10658800039B0022DA6105AB1946029800F0CEFBA6
:106598001290129B002B01D0129B47E0039B059A97
:1065A800114618462EF018FD009913982EF014FD88
:1065B8000FAB1946029800F06FFD1290129B002B4A
:1065C80001D0129B32E0039B0FAA1146184620F017
:1065D800E7F90CAB194602981FF0C7FF1290129BFF
:1065E800002B01D0129B21E0039B0CAA11461846F0
:1065F80020F0D6F9019B099301230A93009B43F0ED
:1066080000530B9309AB1946139820F0C9F9169B50
:10661800069301230793094B089306AB1946139871
:1066280020F0DAF903982EF0ABFC0346184615B0B3
:106638005DF804FB010101000000040410000020C3
:1066480000B59DB0059004910392029300231B931B
:10665800059B002B08D0049B002B05D0039B002B27
:1066680002D0029B002B01D12123ACE0059B1B6BC0
:106678000F2B0BD9059B2033059A01920093102309
:10668800012203990498FFF7B5FE1B901B9B002B72
:1066980040F09880049B1A93049B4D4A1A60049B0F
:1066A80000225A60049B00229A60049B0022DA614F
:1066B80007AB1946039800F039FB1B901B9B002B76
:1066C80001D01B9B7FE0049B079A114618462EF0C9
:1066D80083FC059B1B6B0F2B09D9059B1B6B03F0D8
:1066E8000F03103319461A982EF076FC05E0059B27
:1066F8001B6B19461A982EF06FFC17AB19460398B6
:1067080000F0CAFC1B901B9B002B01D01B9B5AE07E
:10671800049B17AA1146184620F042F914AB1946F3
:1067280003981FF022FF1B901B9B002B01D01B9B83
:1067380049E0049B14AA1146184620F031F9059B3C
:10674800119301231293234B1393059B10330E933C
:1067580001230F93059B1B6B03F00F0343F00053BA
:106768001093059B10330B9301230C93059B1B6B14
:1067780043F000530D93059B1B6B0F2B0ED9139BF6
:1067880023F00053139311AB19461A9820F008F917
:106798000EAB19461A9820F003F904E00BAB194622
:1067A8001A9820F0FDF8029B089301230993094BDE
:1067B8000A9308AB19461A9820F00EF904982EF09F
:1067C800DFFB1B901B9B18461DB05DF804FB00BF48
:1067D800000004041000002000B5A3B0039002914B
:1067E8000192009300232193039B002B08D0029B66
:1067F800002B05D0019B002B02D0009B002B01D160
:106808002123DBE0039B1B6B03F00F032093039B07
:106818001B6B1A09039B196B249B0B441B099A4297
:1068280000F0BB80209A249B134423F00F031F938E
:10683800029B1E93029B634A1A60029B00225A60C5
:10684800029B00229A60029B0022DA6104AB19467F
:10685800019800F06BFA2190219B002B01D0219B1D
:10686800ACE0029B049A114618462EF0B5FB1F991E
:106878001E982EF0B1FB1AAB1946019800F00CFCDB
:106888002190219B002B01D0219B97E0029B1AAA03
:106898001146184620F084F817AB194601981FF0E6
:1068A80064FE2190219B002B01D0219B86E0029B56
:1068B80017AA1146184620F073F8039B1493012376
:1068C8001593414B169314AB19461E9820F068F89F
:1068D800039B1033119301231293209B43F0005321
:1068E8001393009B0E9301230F931F9A209BD31A97
:1068F80043F000531093139B23F00053139311ABF1
:1069080019461E9820F04CF80EAB19461E9820F038
:1069180047F800230B9301230C931F9B103B43F074
:1069280000530D93039B2033089301230993264BAF
:106938000A930D9B43F080430D930D9B23F0005366
:106948000D930BAB19461E9820F046F808AB194674
:106958001E9820F041F8039B0593012306931A4BD8
:10696800079305AB19461E9820F036F802982EF0CA
:1069780007FB2190209A249B1A441F9BD31A1D932E
:10698800039B03F11000249A1D9BD31A009A134409
:106998001D9A19462AF043FD09E0039B03F11002F2
:1069A800209B1344249A009918462AF038FD039B2B
:1069B8001A6B249B1A44039B1A63219B184623B025
:1069C8005DF804FB030200041000002000B591B03C
:1069D80003900291019200230A93039B002B05D098
:1069E800019B002B04D0029B002B01D1212381E0C5
:1069F800039B0E93019B03F003030D93019B23F06C
:106A080003030193019B002B2BD0039B4FF0E06203
:106A18001A60039B00225A60039B00229A60039B22
:106A28000022DA61029B079301230893019B43F03C
:106A38000053099307AB19460E981FF0CDFF019933
:106A48000E982EF0C9FA03982EF09AFA0C900C9B27
:106A5800002B06D0019A002102982AF0D5FC0C9B45
:106A680048E00D9B002B44D0039B4FF0E0621A6076
:106A7800039B00225A60039B00229A60039B00221A
:106A8800DA610AAB0493012305931C4B069304AB0C
:106A980019460E981FF0A0FF04210E982EF09CFABC
:106AA80003982EF06DFA0C900C9B002B09D0019ADC
:106AB8000D9B13441A46002102982AF0A5FC0C9B52
:106AC80018E0029A019B13440B9300230F930CE0E8
:106AD8000A9A0F9BDB0022FA03F10B9A0F9B1344CF
:106AE800CAB21A700F9B01330F930F9A0D9B9A42EB
:106AF800EED30023184611B05DF804FB0400002013
:106B080000B59BB00390029101920093039B002B68
:106B180008D0029B002B05D0019B002B02D0009BC4
:106B2800002B01D12123F9E00023002201990298CA
:106B38001FF078FC1990199B002B01D0199BEDE0F0
:106B480014AB194601981FF006FC1990199B002BED
:106B580001D0199BE2E0009BDB68022B18D0029B56
:106B68001B68704A934204D0029B1B686E4A93428A
:106B780006D1009B5A69149B9A4209D22123CDE081
:106B8800149B5A00009B5B699A4201D92123C5E0F6
:106B9800009B1B68002B01D02123BFE0039B4FF013
:106BA80060621A60039B00225A60039B00229A606D
:106BB800039B0022DA6115AB1946029800F0B6F87B
:106BC8001990199B002B01D0199BA7E0159B23F462
:106BD800F0631593039B159A114618462EF0FCF99D
:106BE80016AB1946009800F0A1F81990199B002BD4
:106BF80001D0199B92E0039B169A114618462EF075
:106C0800EBF90BAB1946029800F046FA1990199B5C
:106C1800002B01D0199B81E0039B0BAA1146184653
:106C28001FF0BEFE08AB194602981FF09EFC199093
:106C3800199B002B01D0199B70E0039B08AA1146F1
:106C480018461FF0ADFE009BDB68002B10D00EAB82
:106C58001946009800F020FA1990199B002B01D0D2
:106C6800199B5BE0039B0EAA114618461FF098FE7D
:106C780011AB194601981FF078FC1990199B002B4D
:106C880001D0199B4AE0019B9B6803F48053002BB9
:106C98001AD0019B9B6803F40053002B12D0019B70
:106CA800DB691B681793019B1969179A13465B00E8
:106CB80013445B000B441193179B5B0043F0005394
:106CC800139301E0292329E0039B11AA11461846D2
:106CD8001FF066FE05AB194600981FF046FC199098
:106CE800199B002B01D0199B18E0039B05AA11469C
:106CF80018461FF071FE0023189309E003982EF040
:106D08003FF91990199B012B06D1189B0133189351
:106D1800189B022BF2D900E000BF199B18461BB044
:106D28005DF804FB200000B0380000B000B589B061
:106D380001900091019B002B02D0009B002B01D1F8
:106D48002123A5E1009B00221A60019B1B6803F028
:106D58007042009B1A60019BDB68032B24D801A2B8
:106D680052F823F07D6D0008876D0008956D0008C6
:106D7800A36D0008009B1A68009B1A6016E0009B30
:106D88001B6843F00062009B1A600FE0009B1B68C1
:106D980043F08062009B1A6008E0009B1B6843F088
:106DA8008062009B1A6001E0212371E100230793B0
:106DB800019B9B6803F08073002B02D04FF0807317
:106DC8000793019B9B6803F00073002B02D04FF0E0
:106DD80000730793019B9B6803F04073B3F1407FF6
:106DE80002D14FF040730793019BDB68002B04D15D
:106DF800079B002B01D021234AE1009B1B6823F04D
:106E08004072079B03F040731A43009B1A60019B72
:106E1800DB68022B11D1019B1B69032B01D92123AC
:106E280036E1009B1B6823F47F02019B1B691B044E
:106E380003F47F031A43009B1A60019BDB68032B52
:106E480011D1019B1B69F62B01D8212320E1009B5E
:106E58001B6823F47F02019B1B691B0403F47F0357
:106E68001A43009B1A60019B9B6803F40043002BA4
:106E780005D0009B1B6843F40042009B1A60019BED
:106E8800DB68032B0CD0009B1B6823F4FF4323F023
:106E98007F03019A1268C2F30E021A43009B1A601C
:106EA800019B9B6803F48043002B14BF012300233C
:106EB8008DF81B30019B9B6803F40053002B14BF13
:106EC800012300238DF81A30019B9B6803F480533B
:106ED800002B14BF012300238DF81930019B9B68F8
:106EE80003F48063002B14BF012300238DF81830AE
:106EF800019B1B6803F07043002B2DDA9DF81B30B3
:106F0800002B05D0009B1B6843F48042009B1A604D
:106F18009DF81A30002B05D0009B1B6843F40052E3
:106F2800009B1A609DF81930002B05D0009B1B6848
:106F380043F48052009B1A609DF81B3083F00103D4
:106F4800DBB2002B08D09DF81A3083F00103DBB2C6
:106F5800002B01D021239BE0019B1B6803F07043A9
:106F6800002B10DA019B1B6803F07043B3F1404F0C
:106F780009D29DF81830002B05D0009B1B6843F4FC
:106F88008062009B1A60019B1B6803F07043002B12
:106F98000DDB9DF81B30002B07D19DF81A30002B14
:106FA80003D19DF81830002B01D0212370E0002375
:106FB800029302AB194601981FF0CDF90590059B85
:106FC800002B01D0059B63E0019B1B6803F0704315
:106FD8000493049B002B0CD1009B1B6823F4FF43F4
:106FE80023F07F03029AC2F30E021A43009B1A6031
:106FF8001DE0049BB3F1004F0BD0049BB3F1204F6D
:1070080007D0049BB3F1304F03D0049BB3F1404F3A
:107018000BD1009B1B6823F07F02029B013B03F00E
:107028007F031A43009B1A6001E0212330E09DF89A
:107038001930002B2BD0019BDB69002B01D12123B8
:1070480026E0049BB3F1004F1FD1019BDB6903933A
:10705800039B1B7F002B09D09DF81830002B05D00F
:10706800009B1B6843F40072009B1A60039B5B7FC4
:10707800002B0CD09DF81830002B08D0009B1B6803
:1070880043F48072009B1A6001E00F2300E00023A4
:10709800184609B05DF804FB82B001900091019B8D
:1070A800002B02D0009B002B01D1212322E0009B62
:1070B80001225A60019BDB68022B03D0019BDB682D
:1070C800012B12D1019B9B69002B07D0019B9A6968
:1070D800009B1A60009B094A9A600AE0009B084AD4
:1070E8001A60009B054A9A6003E0009B4FF000522B
:1070F8009A600023184602B0704700BF08000020BD
:10710800206B030800B593B0039002910192039B92
:10711800002B05D0029B002B02D0019B002B01D134
:107128002123A7E0039B0F930123012201990298D1
:107138001FF078F91190119B002B01D0119B99E059
:10714800029B9B6803F4C043002B01D1212391E0EB
:10715800019B9B6803F40053002B05D0019B9B689F
:1071680003F48043002B01D0212383E0039B434A8F
:107178001A60039B00225A60039B00229A60039BBB
:107188000022DA6104AB19460298FFF7CFFD11908F
:10719800119B002B01D0119B6CE0039B049A1146B4
:1071A80018462DF019FF0CAB19460298FFF774FF2B
:1071B8001190119B002B01D0119B5BE0039B0CAA43
:1071C800114618461FF0ECFB09AB194602981FF050
:1071D800CCF91190119B002B01D0119B4AE0039B25
:1071E80009AA114618461FF0DBFB019BDB68002B40
:1071F8000BD1019B9B6803F48043002B05D1019BB5
:107208009B6803F40053002B01D1212332E008AB23
:10721800194601981FF012F81190119B002B01D00C
:10722800119B27E0019B5A69089B9A4201D21D23B2
:1072380020E0019B1B69059301230693089B43F0FB
:107248000053079305AB19460F981FF0C5FB0023A1
:10725800109309E003982DF093FE1190119B012BD8
:1072680006D1109B01331093109B022BF2D900E03A
:1072780000BF119B184613B05DF804FB0000010223
:1072880082B003468DF807309DF80730062B1FD8CB
:1072980001A252F823F000BFBD720008C1720008B5
:1072A800D1720008C5720008C9720008CD720008C2
:1072B800D5720008DC230CE098230AE0A02308E03C
:1072C800D82306E0102304E04C2302E0182300E052
:1072D8000023184602B0704700B58BB001900091AA
:1072E8001F4B0393019B04931E4B059346F6110312
:1072F800069300F01FFA0990099B142B04D107ABE1
:1073080018461FF071FC04E0099B002B01D0099B73
:1073180021E04FF0A84303225A634FF0A84203AB81
:1073280013604FF0A842009B13614FF0A84303225B
:107338009A6300BF4FF0A843DB6B03F00303002BF5
:10734800F8D1099B142B03D107AB18461FF064FC36
:1073580000F020FA034618460BB05DF804FB00BFA6
:10736800481600200400002010B5BAB0029101921E
:10737800009303468DF80F308F4B31AC0FCB84E868
:107388000F00409A019B13445B4203F00F033793AD
:107398003D9B002B04D03D9B5B4203F00F0300E0B4
:1073A80010233693419B2D9301232E93429B43F048
:1073B80000532F93429BC3F110031B0203F4F853AD
:1073C80043F0210330933D9B002B01D131AB00E00A
:1073D800009B29939DF80F3083F00103DBB2002B4B
:1073E80004D0429B002B01D02DAB00E001232A934F
:1073F8003D9B002B03D03D9B43F0005302E0369B9E
:1074080043F000532B939DF80F30002B02D1429B81
:10741800002B01D1212200E00122369B1B0203F43C
:10742800F85313432C93029B259329AB2693019B76
:1074380043F000532793379B1B0203F4F85343F0A0
:10744800410328933F9B2193019B002B01D025AB3F
:1074580000E029AB2293019B002B01D0002201E020
:107468004FF00052409B13432393019B002B06D1FE
:10747800379B1B0203F4F85343F0410300E0412318
:1074880024933E9B1D9321AB1E934C4B1F9340F6B8
:10749800110320939DF80F30002B01D0484B00E0DA
:1074A800484B19931DAB1A93474B1B9311231C93FD
:1074B80015AB00221A605A609A60DA6001231693AD
:1074C800429BC3F1100343F08043179311AB002292
:1074D8001A605A609A60DA609DF80F3083F00103F1
:1074E800DBB2002B01D031AB00E0419B1193429BF2
:1074F800102B01D015AB00E001231293429B13938C
:107508000DAB00221A605A609A60DA60429B002B29
:1075180001D011AB00E001230E93369B43F080436A
:107528000F9309AB00221A605A609A60DA603C9B9C
:107538000993369B002B01D00DAB05E0429B002B35
:1075480001D011AB00E001230A933C9B002B02D130
:107558004FF0804200E000223D9B13430B9305ABA4
:1075680000221A605A609A60DA603D9B002B01D0B5
:1075780009AB00E00DAB0693409A019B1A44379B78
:10758800134443F08043079305AA19AB11461846E4
:10759800FFF7A2FE3590359B002B01D0359B2BE0E1
:1075A8009DF80F3083F00103DBB2002B23D00023BA
:1075B80039930023389315E0306B0308100000203E
:1075C800286B03082C6B03080400002031AA389BA1
:1075D80013441B78DBB21A46399B13433993389B03
:1075E80001333893389A429B9A42EFD3399B002B48
:1075F80001D02C2300E0002318463AB010BD00BF8C
:1076080000B5A3B00390029101920093029BB3F5D9
:10761800807F0AD0029BB3F5807F1CD8029B802B09
:107628000FD0029BC02B0AD015E0249B002B02D060
:1076380040F2344301E040F2144321930DE00F235C
:1076480058E0249B002B02D04FF4866301E04FF4EE
:107658008263219301E029234CE0249B1D9301239D
:107668001E9310231F9321232093259B1993249B5A
:10767800002B01D01DAB00E001231A9310231B93AC
:1076880001231C93019B1593012316931023179331
:1076980021231893194B119315AB1293184B13937D
:1076A80042F611031493009B0D9315AB0E93102310
:1076B8000F9342F61103109321AB0993009B002B03
:1076C80001D00DAB00E011AB0A9304230B931123F7
:1076D8000C93039B059309AB0693029BDB08079366
:1076E80040F61103089319AA05AB11461846FFF78F
:1076F800F3FD0346184623B05DF804FB506B0308FE
:107708001000001000B583B0094B1B68002B04D192
:107718000421074822F091FA0190054B1B680133B8
:1077280043F00043024A136000BF03B05DF804FB56
:107738004816002008B5154B5B6E144A43F0040345
:107748005366124BD3F88032104A43F00103C2F853
:1077580080320F4B5B68C3F30803002B09D000BFCE
:107768004FF0A843DB6B03F04303002BF8D114233D
:107778000AE000BF4FF0A843DB6B03F04303002B84
:10778800F8D1FFF7BFFF0023184608BD008000505E
:1077980000ED00E0054B5B68C3F30803002B01D044
:1077A800002300E000231846704700BF00ED00E00A
:1077B80010B582B0019001981FF055FA03460122D6
:1077C80002FA03F401981FF043FA03460F4A52F8ED
:1077D800232021460A430D4941F8232001981FF030
:1077E80042FA0346012202FA03F3DC4301981FF030
:1077F8002FFA0346064A52F8232021460A40044934
:1078080041F8232000BF02B010BD00BF4C16002075
:107818006016002010B586B0019001981FF023FA79
:107828000346012202FA03F401981FF011FA0346F5
:10783800164A52F8232021460A43144941F82320C6
:10784800002305930023049309E0114A049B52F88E
:107858002330059A13440593049B01330493049B36
:10786800042BF2D9059B002B0DD10023039307E0CD
:10787800064A039B002142F82310039B013303931C
:10788800039B042BF4D900BF06B010BD601600207E
:107898004C16002010B582B0019001981FF0E3F952
:1078A8000346012202FA03F401981FF0D1F90346B6
:1078B800054A52F8232021464A40034941F823202B
:1078C80000BF02B010BD00BF4C16002010B582B03A
:1078D800019001981FF0BCF90346094A52F8234069
:1078E80001981FF0C0F9034624FA03F303F00103DB
:1078F800002B14BF01230023DBB2184602B010BDD1
:107908004C16002010B582B0019001981FF0A0F924
:107918000346094A52F8234001981FF0A4F9034688
:1079280024FA03F303F00103002B14BF01230023FF
:10793800DBB2184602B010BD6016002082B001907C
:10794800019BA3F50622A2F6FF42074BA3FB0213F5
:10795800D9080B46DB010B44D11A01F5062303F5C0
:107968005063184602B07047813FE00F00B583B0FE
:10797800CDE90001DDE900011FF07DF90146084B62
:10798800A3FB0123DA081346DB011344CA1A02F5E4
:10799800062303F55063184603B05DF804FB00BFE7
:1079A800813FE00F00B5A9B012AB40220021184674
:1079B80029F02AFD02AB40220021184629F024FDB7
:1079C8002A4B279347E0279B10332693269B284A68
:1079D800934201D9264B2693264B1868269B013BD8
:1079E80012A90093279B10221DF089FC23900023E5
:1079F80025930BE0259B9B00A0336B4453F8583C20
:107A08001846FFF7D5FE259B01332593259A239B1E
:107A18009A42EFD3174B1868269B013B02A90093A3
:107A2800279B10221DF080FC2290002324930BE05A
:107A3800249B9B00A0336B4453F8983C1846FFF7EF
:107A4800E9FE249B01332493249A229B9A42EFD384
:107A5800279B10332793279B074A9342B3D9074B99
:107A680001221A7000BF29B05DF804FB006D080000
:107A7800007108004C290020FF70080082240020B3
:107A880000B58BB00590049103920293039B002BE1
:107A980002D0039B00221A60029B002B02D0029B9B
:107AA80000221A601D4B1868102300930023049AC3
:107AB8000599FAF789FC0990099B002B01D0099BCD
:107AC80027E0039B002B02D0039B10221A60049B23
:107AD8001B68134A934201D0124B1AE0039B002BF8
:107AE80016D0029B002B13D00C4B186807AA029BD8
:107AF8000599FAF7C5FC0890089B002B01D0089B54
:107B080007E0029B1A68039B1B68D21A029B1A6043
:107B1800099B18460BB05DF804FB00BF4C290020F8
:107B2800105D175EFFDF00F000B589B0CDE90201F6
:107B3800009313468DF8073000230693002305931E
:107B4800DDE90201FFF712FF05904E4B1B7883F029
:107B58000103DBB2002B09D0FAF77EFF0346002BA6
:107B680002D06FF0910388E0FFF71CFF0023049315
:107B780072E00598FFF7AAFE034683F00103DBB223
:107B8800002B23D00598FFF7BDFE0346002B09D034
:107B9800069B002B01D1059B06930598FFF7CEFEA7
:107BA800059056E09DF80730002B0CD0069B002B63
:107BB80004D00C9B069A1A6000235EE00C9B059A81
:107BC8001A60002359E06FF08B0356E00B9B0A9A6A
:107BD80000990598FFF754FF0790079B2A4A93429C
:107BE80002D0079B632B0CD1284B1B6805991846BC
:107BF800FAF750FD0790079B002B02D06FF08B031C
:107C08003BE0079B002B06D0079B214A934202D0FA
:107C18006FF0910331E0009BD3E90223DDE9020113
:107C2800994208BF904204D00598FFF787FE059057
:107C38000FE09DF80730002B06D0009B5B68012BF6
:107C480002D16FF0840318E00C9B059A1A60002398
:107C580013E0049B01330493049B802B89D99DF87E
:107C68000730002B07D0069B002B04D00C9B069AEC
:107C78001A60002301E06FF08B03184609B05DF825
:107C880004FB00BF82240020FFDF00F04C29002005
:107C9800FEDF00F000B58FB0CDE906010592049330
:107CA800059B002B05D0049B002B02D16FF08603A7
:107CB8007FE0059B40F26C72934202D96FF091030A
:107CC80077E0109B012B05D0109B002B02D06FF0A2
:107CD80085036EE06FF096030D9300230893059BD0
:107CE8000C930C9B10331946012020F07FFA0B905F
:107CF8000B9B002B02D16FF08C035AE00C9B1033C6
:107D08001A4600210B9829F07FFB0B9B0A931EF063
:107D18009BFF08AB029300230193002300930A9B67
:107D28000122DDE90601FFF7FFFE0D900D9B002BF8
:107D380007D00D9B13F18C0F2DD16FF08D030D9390
:107D480029E00A9B1D4A1A600A99DDE90623C1E960
:107D580002230A9B109A5A60059B002B06D00B9BA6
:107D68001033059A0499184629F059FB144B1868E2
:107D780008990C9B10330B9AFAF768FA0990099B3B
:107D8800002B04D1089B1846FFF712FD04E06FF0A2
:107D980091030D9300E000BF0C9B10331A4600219D
:107DA8000B9829F031FB0B9820F016FA1EF04EFFC5
:107DB8000D9B18460FB05DF804FB00BF105D175E01
:107DC8004C29002000B595B0CDE906010592049331
:107DD800049B002B05D0179B002B02D16FF0860364
:107DE80083E0049B002B11D0169B002B0BD0169B15
:107DF800B3F1005F07D3049BC3F1005303F50023DD
:107E0800169A934202D26FF086036EE06FF09603E3
:107E180013930CAB00221A605A609A60DA60002350
:107E28000B930023129300230A931EF00DFF0CAA54
:107E380009AB02930BAB01930AAB009313460022E4
:107E4800DDE90601FFF770FE1390139B002B48D164
:107E58000B9B1293049B002B14D0059A129B9A42F9
:107E680006D3129B002B03D06FF08603139339E0DF
:107E7800129B002B0ED1059B002B0BD06FF08603B5
:107E880013932FE0059A129B9A4203D96FF0860349
:107E9800139327E0129A059BD31A049A9A4205D99C
:107EA800129A059BD21A179B1A6002E0179B049A34
:107EB8001A60104B186809990A9A059B1A44179B6F
:107EC8001B6800931346169AFAF77EFA1190119BD5
:107ED800002B03D06FF09103139303E00023139357
:107EE80000E000BF1EF0B2FE139B184615B05DF807
:107EF80004FB00BF4C29002000B591B0CDE9040176
:107F08006FF096030F930AAB00221A605A609A60CA
:107F1800DA6000230993002308931EF095FE0AAA4D
:107F280007AB029309AB019308AB009313460022F9
:107F3800DDE90401FFF7F8FD0F900F9B002B20D11E
:107F48000B9B012B03D16FF084030F931AE0114BA5
:107F58001B68079A11461846FAF79CFB0E900E9B71
:107F6800002B0AD1079B1846FFF794FC079B18467D
:107F7800FFF750FC00230F9304E06FF091030F9379
:107F880000E000BF1EF062FE0F9B184611B05DF8BE
:107F980004FB00BF4C29002000B583B0019000917C
:107FA800019B0B4A934209D100981EF039FF034602
:107FB800B3F5105F05D06FF0850304E06FF085031B
:107FC80001E000BF0023184603B05DF804FB00BFC2
:107FD8000044400400B59BB00590049103920293BD
:107FE800049B002B17D0039B002B14D01E9B002B47
:107FF80002D11F9B002B0ED11C9B002B02D11D9B75
:10800800002B08D1209B002B02D1219B002B02D1F1
:10801800229B002B02D16FF0860394E00599029809
:10802800FFF7BAFF1990199B002B01D0199B8AE022
:108038000FAB24220021184629F0E6F907AB2022CD
:108048000021184629F0E0F90FAB18461EF0CBF8CE
:108058001890189B002B02D06FF0920373E007ABC7
:10806800039A0499059800F049FC1990199B002B74
:1080780001D0199B67E007AB18461EF0D8FE19908F
:10808800199B002B01D0199B5DE01F9B002B04D18D
:10809800229B00221A60002355E0209A1E9B9A42D8
:1080A80013D91E9A1F9B1344209A9A420DD2219AE3
:1080B8001F9B9A4202D26FF0860344E01F9A1E99D2
:1080C800209829F087F9209B1E93029B204A93420F
:1080D80020D1219A1F9B9A4202D26FF0860332E088
:1080E8001F9B03F00F03002B02D06FF086032AE0DA
:1080F80007A90FA8209B01931E9B00931F9B00229A
:10810800FEF778F91890189B002B06D1229B1F9A2E
:108118001A6003E06FF0850315E000BF189B002B81
:1081280010D0219A0021209829F06EF9229B002274
:108138001A60189B012B02D16FF08B0303E06FF0DC
:10814800920300E0002318461BB05DF804FB00BF53
:108158000044400410B5CAB04AACA4F58E7420603F
:108168004AA8A0F5907001604AA9A1F592710A6029
:108178004AAAA2F5947213603EAB20220021184649
:1081880029F042F936AB20220021184629F03CF9A3
:108198002EAB20220021184629F036F925AB2422DF
:1081A8000021184629F030F9012349936FF096030E
:1081B80048934AABA3F58C7300221A6004338022DB
:1081C8000021184629F020F94AABA3F590731B68E3
:1081D800002B0ED04AABA3F592731B68002B08D076
:1081E8004C9B002B05D04E9B002B02D0509B002BA4
:1081F80002D16FF08603BAE04AABA3F59073186812
:108208001EF02AFE0346ADF81E314AABA3F5907363
:1082180018681EF028FE4690BDF81E3103F4E043AE
:10822800B3F5804F02D16FF08603A0E04AABA3F507
:108238008E731A684F4B134043F010634E4A9342B3
:1082480002D06FF0850392E0469B0733DB084AAA09
:10825800A2F5947212689A4202D26FF0860386E001
:10826800469B0733DB084F9A9A4202D26FF0890384
:108278007DE0BDF81E3147F21212934221D1469B90
:10828800B3F5807F06D13D4B369300BF369B002B5C
:108298001AD002E06FF0850369E04C9B591C4D9B96
:1082A8005A1E36AB18461EF0FEFD04A92EAB8422DA
:1082B80018461EF0F8FD469B0733DB085B002F933A
:1082C80002E06FF0850352E000BF3EAB4AAAA2F578
:1082D80094724AA9A1F592714AA8A0F59070126803
:1082E8000968006800F00AFB4890489B002B01D001
:1082F800489B3CE0389B43F40053389300232E936B
:1083080025AB18461DF06FFF4990499B002B02D002
:108318006FF092032BE02EAB36AA3EA925A8FEF7F4
:10832800EFFB4990499B002B08D0499B482B02D171
:108338006FF085031BE06FF0860318E0BDF81E316F
:1083480047F2121293420CD1469B0733DA0804AB6A
:1083580019464E9829F063F804AB842118461EF09C
:1083680089FD469B0733DA08509B1A60002318469C
:108378004AB010BD0000FFF600000209200000808E
:1083880010B5CCB04CACA4F5927420604CA8A0F504
:10839800947001604CA9A1F596710A604CAAA2F5E7
:1083A800987213604CABA3F592731B68002B11D025
:1083B8004CABA3F594731B68002B0BD04CABA3F507
:1083C80096731B68002B05D04CABA3F598731B68FC
:1083D800002B02D16FF0860346E16FF096034B93B2
:1083E8004CABA3F5927318681EF07EFD0346ADF8FA
:1083F8002A31BDF82A3123F4435323F03F03B3F560
:10840800824F03D1BDF82A31DBB200E000238DF89A
:1084180029319DF82931122B40F02181BDF82A31EC
:1084280023F0FF03B3F5E24F4AD1002347934CAB47
:10843800A3F5927318681EF05EFD02464CABA3F5D7
:1084480098731B681A604CABA3F598731B681B687C
:10845800002B0AD14CABA3F596731B68DA004CAB22
:10846800A3F598731B681A600FE04CABA3F59873DB
:108478001B681B680733DB084CAAA2F596721268C2
:108488009A4202D06FF08603EEE04CABA3F59873E6
:108498001B681B68B3F5807F0FD1754B479300BFEE
:1084A8004CABA3F596724CABA3F59473126847993D
:1084B80018681EF067FD4B90D4E06FF08503D3E099
:1084C800BDF82A3123F0FF03B3F5824F40F0CA808C
:1084D8004CABA3F594731B681B78042B02D06FF088
:1084E8008603C1E01CAB24220021184628F08CFF2B
:1084F8001CAB18461DF077FE4990499B002B02D013
:108508006FF09203B0E00023259326AB842200216C
:10851800184628F079FF01238DF894304CABA3F569
:108528009073184620231A46002128F06DFF4CABA3
:10853800A3F594731B685A1C4CABA3F590731A618E
:108548004CABA3F596731B685A1E4CABA3F59073FE
:108558005A614CABA3F58073184620231A460021B4
:1085680028F052FF4CABA3F5807325AA1A614CABD7
:10857800A3F5807388225A6114AB20220021184683
:1085880028F042FF25AB1893882319934CABA3F529
:1085980096731B68013BDB005A084CABA3F5987334
:1085A8001B681A6000238DF823314CABA3F5987330
:1085B8001B681B68E02B02D0B3F5807F36D14CAB2B
:1085C800A3F590732B4A1A604CABA3F58073294A24
:1085D8001A6000BF4CABA3F590739B6843F400523C
:1085E8004CABA3F590739A604CABA3F580739B6872
:1085F80043F480424CABA3F580739A604CABA3F56F
:1086080098731B681B680733DA089DF823311344F5
:108618005B00159314AB04AA0CA91CA8FEF770FA0A
:1086280049909DF82331002B10D102E06FF08603AA
:108638001AE04CABA3F598731B681B680733DB087B
:108648005A0025AB114618461EF0E8FC499B002B42
:1086580002D06FF0860307E000234B9302E06FF02F
:10866800850301E000BF4B9B18464CB010BD00BF0E
:10867800546B03082000008000B58BB00390029172
:10868800019203981EF037FC03460733DB08099371
:10869800099B002B06D0099A029B9A4202D06FF0E0
:1086A800860324E103981EF01FFC0346ADF8223030
:1086B80003981EF012FC079003981EF007FC069022
:1086C800069B1B0A059320220021019828F09CFE96
:1086D800059B002B03D0059B012B04D007E0019BD1
:1086E8000022DA6006E0019B0122DA6002E06FF006
:1086F8008B03FCE0029B002B02D16FF08603F6E0AF
:10870800BDF8223041F20102934209D0BDF822306F
:10871800B3F5885F04D0BDF82230B3F5905F06D179
:10872800019B00221A60019B029A5A60B5E0BDF8CD
:108738002230B3F5105F1FD1029B202B11D0029B72
:10874800202B12D8029B102B03D0029B182B04D08D
:108758000BE0019B10221A600AE0019B18221A60A4
:1087680006E0019B20221A6002E06FF08603BEE05B
:10877800019B029A5A6090E0BDF8223023F44353DB
:1087880023F03F03B3F5824F40F08480BDF82230D8
:1087980023F4435323F03F03B3F5824F17D1BDF8B9
:1087A8002230DBB2122B12D1029B202B0CD1019B61
:1087B800514A1A6000BF00BFBDF8223023F0FF0302
:1087C800B3F5E24F0DD105E06FF085038FE06FF050
:1087D80085038CE0019B9B6843F48042019B9A606F
:1087E80010E0BDF8223023F0FF03B3F5824F06D125
:1087F800019B9B6843F40052019B9A6002E06FF072
:10880800860374E0079B03F47053002B14BF012305
:1088180000238DF81330079B03F48643002B14BF05
:10882800012300238DF812309DF81330002B0DD052
:108838009DF8123083F00103DBB2002B06D0019BB8
:108848009B6843F48062019B9A6026E09DF8133090
:1088580083F00103DBB2002B0AD09DF81230002B05
:1088680006D0019B9B6823F48062019B9A6014E008
:108878009DF81330002B06D09DF81230002B02D043
:108888006FF0850333E0019B9B6823F48062019BB2
:108898009A6002E06FF0850329E0059B002B25D044
:1088A800079B03F00103002B14BF012300238DF85D
:1088B8001130079B03F00203002B14BF0123002390
:1088C8008DF810309DF81030002B02D06FF0850322
:1088D8000DE09DF8113083F00103DBB2002B05D0C9
:1088E800019B9B6843F08072019B9A6000231846A5
:1088F8000BB05DF804FB00BF2000008000B59BB002
:10890800039002910192009303981EF0DFFA1590EC
:10891800159B1B0A149300230F93149B002B03D061
:10892800149B012B4CD05EE1029B1993019B189379
:1089380003981EF0D9FA0346ADF84A30BDF84A301C
:1089480023F0FF03B3F5824F26D103981EF0D3FA24
:1089580003460733DB080F93BDF84A3018461EF06C
:10896800E4FA0346002B14D0029B1B78042B02D098
:108978006FF086034EE1199B01331993189B013B55
:1089880018930F9B5B00189A9A4207D06FF08603E2
:1089980040E16FF085033DE1019B0F930F9B009A27
:1089A80019460398FFF768FE1190119B002B01D020
:1089B800119B2FE1189A199900981EF0A3FA16E155
:1089C800019B032B02D86FF0860323E1029B1393CC
:1089D800139B1B78012B02D06FF091031AE1139BB4
:1089E8005B78002B00F08380139B5B78F73B082BA8
:1089F80072D801A252F823F0858A0008458A000837
:108A0800E18A0008658A0008E18A0008258A0008CA
:108A1800E18A0008A58A0008C38A000804AB20225E
:108A28000021184628F0F0FC7C4B04934FF41053B7
:108A3800069303230793FC23089350E004AB2022FA
:108A48000021184628F0E0FC744B04934FF41053AF
:108A5800069303230793F823089340E004AB2022EE
:108A68000021184628F0D0FC102304934FF080739F
:108A7800069303230793FA23089330E004AB2022DC
:108A88000021184628F0C0FC202304934FF00073FF
:108A9800069303230793F723089320E004AB2022CF
:108AA8000021184628F0B0FC5C4B04935C4B0693FD
:108AB80003230793FE23089311E004AB202200212F
:108AC800184628F0A1FC554B0493564B06930323F4
:108AD8000793FF23089302E06FF08B039AE004AB3F
:108AE80020221946009828F09AFC002392E0019B66
:108AF8002B2B02D86FF086038CE0202200210098EF
:108B080028F082FC029B1793179B03F11002009B2D
:108B18001A61029B03F00303002B07D004AB2C223D
:108B28000299184628F07BFC04AB1793179B5A68E8
:108B3800009B1A60179B9A68009B5A60179BDA681B
:108B4800009B9A60009B0122DA60019BA3F110024E
:108B5800009B5A61029B03F00303002B05D004AB72
:108B68002C220021184628F04FFC0FAB194600981C
:108B78001DF0F1FB0346002B07D0202200210098AE
:108B880028F042FC6FF0860344E00F9B169303988D
:108B98001EF0AAF9034623F4435323F03F03B3F529
:108BA800824F12D103981EF09FF90346DBB2122BB5
:108BB8000BD103981EF098F9034623F0FF03B3F591
:108BC800824F02D1169B5B001693009B5A69169B35
:108BD8001C339A420AD220220021009828F014FC63
:108BE8006FF0860316E06FF08B0313E000BF0F9B56
:108BF800009A194603981EF04DFA1090109B002B0E
:108C080007D020220021009828F0FEFB6FF0860391
:108C180000E0002318461BB05DF804FB200000802C
:108C2800004400020044000300B597B00590049189
:108C380003920293189B002B05D01A9B002B02D09D
:108C4800059B002B02D16FF0860379E06FF0860355
:108C580015930AAB24220021184628F0D5FB0AAB4D
:108C680018461DF0C0FA1390139B002B02D06FF02A
:108C7800920365E0049B1B0C03F03F031493149BC1
:108C8800002B02D11023149305E0149B102B02D95A
:108C98006FF0860354E0199A149B9A4202D26FF03F
:108CA80089034DE0049B23F47E13274A934221D184
:108CB8000023069307AB00221A605A609A600AA83C
:108CC80006AB0093029B039A0599FDF71FFC1390CE
:108CD800139B002B11D106AB149A1946189828F04B
:108CE8009EFB06AB102118461EF089FE1A9B149AAB
:108CF8001A6002E06FF0850322E0139B212B03D159
:108D08006FF0860315930FE0139B012B03D16FF0CF
:108D18008B03159308E0139B002B03D06FF092038D
:108D2800159301E0002315930AAB18461DF076FA57
:108D38001390139B002B02D06FF0920300E0159B59
:108D4800184617B05DF804FB0002C00300B585B0F3
:108D5800039002910192039B002B02D0029B002BEF
:108D680002D16FF0860325E038220021039828F00D
:108D78004BFB019B23F47E13104A934212D10298B5
:108D88001EF036FE0346B3F5105F02D06FF0850380
:108D980010E0019B1B0C03F03F03102B05D96FF06B
:108DA800860307E06FF0850304E000BF039B019A88
:108DB8001A600023184605B05DF804FB0002C003E2
:108DC80000B593B00590049103920293059B002B84
:108DD80005D0039B002B05D1029B002B02D06FF01E
:108DE80086034BE007AB24220021184628F00CFB31
:108DF80007AB18461DF0F7F91090109B002B02D016
:108E08006FF092033AE06FF085031193059B1B689E
:108E180023F47E131B4A934220D1029B002B02D1DC
:108E2800002311931EE0059B181D07A9029B0093C0
:108E3800039B049AFDF7D0FC1090109B012B03D1E3
:108E48006FF08B0311930DE0109B002B03D06FF094
:108E58009203119306E00023119303E06FF0880357
:108E6800119300BF07AB18461DF0D8F91090109B5E
:108E7800002B02D06FF0920300E0119B184613B04C
:108E88005DF804FB0002C00300B595B003900291A1
:108E980001920093039B002B08D0019B002B05D067
:108EA800009B002B02D0169B002B02D16FF086038B
:108EB8005EE0009B102B01D910230093039B1B68D5
:108EC8001B0C03F03F031393139B002B05D0009A50
:108ED800139B9A4201D9139B0093039B1B6823F4AD
:108EE8007E13254A934241D105AB2422002118461E
:108EF80028F08AFA00230E930FAB00221A605A60FA
:108F08009A6005AB18461DF06EF91290129B002B63
:108F180002D06FF092032BE0039B181D0EAB05A93E
:108F2800029AFDF78DFB1290129B002B05D0169B21
:108F380000221A606FF092031AE005AB18461DF084
:108F48006DF91290129B002B05D0169B00221A6017
:108F58006FF092030CE00EAB009A1946019828F0C6
:108F68005EFA169B009A1A60002301E06FF08803EE
:108F7800184615B05DF804FB0002C00300B587B0C1
:108F88000390029101920093039B002B05D0029B52
:108F9800002B02D0019B002B02D16FF086035FE00B
:108FA80098220021039828F02FFA039B6033089A2F
:108FB80002991846FFF7CAFE0590059B002B01D0C1
:108FC800059B4DE0039B009A01990298FFF796FCD8
:108FD8000590059B002B01D0059B41E000230493DD
:108FE80002981EF044FD0346DA08039BDA65039BEA
:108FF800DB6D103B102B8CBF01220022D2B2002A5D
:109008000BD1194A22FA03F303F00103002B14BF12
:1090180001230023DBB2002B02D16FF086031FE08F
:1090280000BF039B5A69039BD96D049B0B441C33F7
:109038009A4202D26FF0860312E0039B03F12000EC
:10904800039B1969039BDA6D049B13441C331A466E
:1090580028F0E5F9039B03F12002039B1A61002322
:10906800184607B05DF804FB0101010082B00190C9
:109078000091019B0022DA60009B03F13802019BFA
:109088001A61019B20225A61009B9A6D019B5A60CC
:10909800009B1B6823F47E13134A934202D0134AA1
:1090A80093421AD1019B5B68102B03D1019B1022BC
:1090B8001A6015E0019B5B68182B03D1019B1822ED
:1090C8001A600DE0019B5B68202B03D1019B2022D5
:1090D8001A6005E06FF0880303E06FF0880300E092
:1090E8000023184602B070470001C0030002C00305
:1090F80000B585B0034600918DF80730002303932F
:109108002BF00AFF02909DF807301F2B00F2F98020
:1091180001A252F823F000BFA1910008A191000814
:109128000B930008A1910008A1910008C3910008C1
:109138000B930008A1910008CF9100080B93000839
:10914800F39100080B930008179200083992000861
:109158000B9300085B92000867920008739200085E
:109168000B9300087F9200080B930008A192000857
:10917800FF9200080B930008AD9200080B930008BB
:10918800CF9200080B930008DB9200080B930008AD
:10919800E7920008F39200088020FAF70FFD0346D3
:1091A8001A46009B1A80009B1B884FF6FF72934259
:1091B80040F0AD800E230393A9E0009B00221A80A3
:1091C8000F230393B0E04FF48060FAF7F7FC0346EF
:1091D8001A46009B1A80009B1B884FF6FF72934229
:1091E80040F097800E23039393E04FF44060FAF722
:1091F800E5FC03461A46009B1A80009B1B884FF625
:10920800FF72934240F087800E23039383E04FF46C
:10921800C060FAF793FC03461A46009B1A80009B2D
:109228001B884FF6FF72934277D10E23039374E0A5
:109238004FF4F060FAF782FC03461A46009B1A8046
:10924800009B1B884FF6FF72934268D10E2303934D
:1092580065E0009B00221A800F23039364E0009BC3
:1092680000221A800F2303935EE0009B00221A80DD
:109278000F23039358E04FF4E060FAF75FFC0346CE
:109288001A46009B1A80009B1B884FF6FF72934278
:1092980047D10E23039344E0009B00221A800F233A
:1092A800039341E04FF41860FAF748FC03461A4666
:1092B800009B1A80009B1B884FF6FF72934232D1A5
:1092C8000E2303932FE0009B00221A800F230393A1
:1092D8002AE0009B00221A800F23039324E0009BBE
:1092E80000221A800F2303931EE0009B00221A809D
:1092F8000F23039318E0009B00221A800F23039387
:1093080012E0009B00221A80212303930CE000BF87
:109318000AE000BF08E000BF06E000BF04E000BFAD
:1093280002E000BF00E000BF02982BF0E7FD039BBE
:10933800184605B05DF804FB00B587B001900B46F0
:109348008DF8033000230593019B002B01D10E23D8
:1093580026E0019B1B6803F03F030493019B1B68F5
:109368009B0903F007030393039B002B02D10E4BC9
:1093780005930DE0039B012B02D10C4B059307E0ED
:10938800039B022B02D10A4B059301E00E2307E051
:109398009DF803301A46049905981EF076FE0023BE
:1093A800184607B05DF804FB6480005068800050E0
:1093B8006C80005030B597B02B4B0BAC1D460FCDD1
:1093C8000FC40FCD0FC495E8030084E80300002301
:1093D80012934FF0FF331593244BD3F84C3103F419
:1093E8000023002B04D1214BD3F85031DBB2159365
:1093F800159BB3F1FF3F06D11D4B1B88FF2B02D8ED
:109408001B4B1B881593159BB3F1FF3F01D18C2390
:109418001593159BB3F1FF3F18D0159BDBB28DF860
:109428004530FAF7B9FD0246159B13441593159B71
:10943800002B02DA0023159304E0159BFF2B01DDB6
:10944800FF231593159BDBB28DF844300948F7F7D5
:109458009DFC0BAB1846FAF779FC3220FAF7A4FD0D
:109468000023184617B030BD746B03080080E00F66
:109478000001E00FC017530208B50348FAF7C4FB10
:109488000023184608BD00BF00B4C40408B503484B
:10949800FAF700FE0023184608BD00BFC0EA210104
:1094A80000B583B0FAF7E2FA664B1B6F23F00703A7
:1094B800644A43F0030313670020FAF7EFFA614B9D
:1094C8001B6F604A23F4744313675F4BDB6803F038
:1094D8008073002B14BF012300238DF807309DF8FB
:1094E8000730002B05D0584BDB68574A23F08073B0
:1094F800D360544BD3F8803023F00303514A43F030
:109508000103C2F880304F4B4E4AD3F88030C2F87E
:1095180080309DF80730002B05D04B4BDB684A4A5A
:1095280043F08073D360474BD3F8203123F007030F
:10953800444A43F00203C2F82031424BD3F82831A1
:1095480023F007033F4A43F00203C2F828313D4B9A
:10955800D3F8803123F003033A4A43F00103C2F8F9
:109568008031384BD3F8403123F00303354A43F0B8
:109578000103C2F84031334BD3F8603123F00303C1
:10958800304A43F00103C2F860312E4BD3F8403221
:1095980023F003032B4A43F00103C2F84032294B5E
:1095A800D3F8003223F00703264A43F00103C2F838
:1095B8000032244BD3F8083223F00703214A43F042
:1095C8000103C2F808321F4BD3F8503223F00303CB
:1095D8001C4A43F00103C2F850321A4BD3F87032D8
:1095E80023F00303174A43F00103C2F87032154B06
:1095F800D3F8203223F00703124A43F00103C2F8DC
:109608002032FAF775FA114B1B68104A43F004032D
:1096180013600C4BD3F8603223F00703094A43F078
:109628000103C2F86032074BD3F8943223F00703E2
:10963800044A43F00103C2F894320023184603B0E9
:109648005DF804FB00800050F0ED00E010E000E061
:1096580000B583B01E481EF00CFD0190019B002B45
:1096680001D0019B30E0FFF7A5FE0190019B002B84
:1096780001D0019B28E01EF02AFD0190019B002BE0
:1096880001D0019B20E0FFF7F7FE0190019B002B22
:1096980001D0019B18E0FFF7F9FE0190019B002B18
:1096A80001D0019B10E01EF019FD0190019B002BD9
:1096B80001D0019B08E0FFF7F3FE0190019B002B0E
:1096C80001D0019B00E00023184603B05DF804FBBD
:1096D800AC6B030800B583B00A4A6B4692E80300F6
:1096E80018600433198002330A0C1A706B46184646
:1096F800FBF750FD0C20FBF7A1FD0023184603B033
:109708005DF804FB9C6B030800B583B001F040FBD7
:109718000090009B002B01D0009B2EE001F0E4FBA1
:109728002AF0E4FE03464FF4167202FB03F303F536
:10973800742303F23F23134AA2FB03239B0C124A10
:10974800136000238DF8073012E09DF807300E4AA9
:1097580012680E4941F823200B4B1A680C4B1B6802
:1097680013440B4A13609DF8073001338DF8073016
:109778009DF80730092BE8D90023184603B05DF897
:1097880004FB00BF83DE1B43741600207C160020F8
:10979800A416002008B5054B01221A702BF036FDDF
:1097A8000346034A136000BF08BD00BF842400209D
:1097B800A816002010B582B02AF098FE04462BF0B7
:1097C80080FB03469C420CD92BF030FD0190019B95
:1097D800002B07D0044A019B1360044B01221A7026
:1097E80000E000BF02B010BDA816002084240020AD
:1097F80000B583B0384B1B78DBB283F00103DBB2D2
:10980800002B64D12BF002FD0246344B1B68D31A9F
:10981800334A1360324B1B68002B02D0304B1B6855
:1098280000E001232E4A13602AF060FE03464FF43D
:10983800167202FB03F303F5742303F23F23294A4C
:10984800A2FB03239B0C0193254B1B68244B1B682D
:10985800019A9A4203D2204B00221A7038E0224B18
:109868001B781A46214B53F822301A461C4B1B68AA
:10987800D21A1F4B1B689B1A1D4A13601A4B1B7880
:109888001946174B1B68194A42F82130184B1B68B8
:109898000933184AA2FB0323DB08174A1360124B4B
:1098A8001B780133DAB2104B1A700F4B1A78114B30
:1098B800A3FB0213D9080B469B000B445B00D31A89
:1098C800DAB2094B1A70044B00221A7000E000BF8C
:1098D80003B05DF804FB00BF84240020A816002014
:1098E8007816002083DE1B43832400207C1600208A
:1098F800A4160020CDCCCCCC74160020014B1B68DC
:10990800184670477416002008B502213C201EF046
:1099180009FC1F4B03F580531A464FF48013536616
:109928001C4B03F500531A461B4B5367194B03F5A1
:1099380000531A4604235367164B03F500531A467F
:10994800154B1367134B03F500531A46042313678B
:109958003C2000F0F9F83C201EF0D5FB0D4B03F538
:1099680080531A460C4B53670A4B03F580531A462B
:1099780004235367074B9B6A064A23F000739362DC
:10998800044B9B6A034A43F48053936200BF08BDAB
:10999800008000500040005A010000A084B0034637
:1099A8008DF8073000238DF80F30144B9B6D03F0B2
:1099B8000503002B09D0124B1B78DBB283F001039F
:1099C800DBB2002B01D0012300E000238DF80F301B
:1099D8009DF80F3003F001038DF80F309DF80F301C
:1099E80083F00103DBB2002B03D09DF80730002B76
:1099F800DBD19DF80F30184604B070470040005A7C
:109A08008524002000B583B0274B1B6F0193019B71
:109A180003F00403002B1DD0234A019B03F0040329
:109A280002F500521367204B03F500531A4608232A
:109A380093621D4B9B6D03F00103002B01D1FFF7CF
:109A4800B9FE00F0DFFF00F0B9FF01202AF06CFE3C
:109A58002BF0F2FB019B03F00103002B0AD0124A02
:109A6800019B03F0010302F500521367FFF7C0FEE4
:109A780000F0A4FF019B03F00053002B06D00A4A14
:109A8800019B03F0005302F500521367019B002B62
:109A980006DA054A019B03F0004302F500521367FA
:109AA80000BF03B05DF804FB0040005A00B583B066
:109AB8002BF032FA0090144B1B7883F00103DBB2D1
:109AC800002B09D0104B01221A7000982BF016FABF
:109AD800FB238DF8073010E000982BF00FFA10E008
:109AE8009DF90730052118461EF01CFB9DF907302B
:109AF800DBB20133DBB28DF807309DF907305C2B00
:109B0800EEDD03B05DF804FB8624002082B00190EE
:109B1800019B002B01DB019B5C2B0A4A019B5B111B
:109B280052F82320019B03F01F0322FA03F303F0EA
:109B38000103002B0CBF01230023DBB2184602B03F
:109B4800704700BF00E100E082B00190019B002B4C
:109B58000BDB019B03F01F020549019B5B090120F8
:109B680000FA02F2603341F8232000BF02B07047C8
:109B780000E100E082B00190019B002B0ADB019B11
:109B880003F01F020549019B5B09012000FA02F25C
:109B980041F8232000BF02B0704700BF00E100E099
:109BA80082B001900091019B002B09DB009BDAB287
:109BB8000A49019B1201D2B20B4483F800230AE040
:109BC800009BDAB20649019B03F00F03043B120124
:109BD800D2B20B441A7600BF02B0704700E100E031
:109BE80000ED00E000B583B06B46184600F0C0FAFF
:109BF800124B00221A60124B00221A60114B0022ED
:109C08001A60009B104A13600F4B1B680F4A1360C1
:109C18000D4B1B6818461EF0B5FB019B013BDA088B
:109C2800094B1B6892B25A80044B1B680133034AE4
:109C380013600023184603B05DF804FBBC1600202F
:109C4800AC160020B0160020B4160020B81600206C
:109C580000B599B005900491029313468DF80F3022
:109C6800049BB3F1FF3F0BD0049B002B08D0049B4F
:109C78005A1E049B1340002B02D1049BB3F5007FAE
:109C8800002308930023179306AB184600F070FAD8
:109C980000231593049BB3F1FF3F01D0049B00E020
:109CA8000823149300238DF85B30029B002B01D10D
:109CB800222333E1029B00221A60059B002B03D06C
:109CC800079B059A9A4201D3212327E1059B073375
:109CD80023F0070313932BF01FF912909DF80F2020
:109CE80008AB009300230499139800F057FA1190D9
:109CF800089B002B02D0119B002B04D112982BF04B
:109D0800FDF819230AE1119A139B9A420CBF01230B
:109D180000238DF85B30089B5B88DB001093109A5A
:109D2800119BD31A0F93089B17937E4B1B68013B1B
:109D38007C4A13600F9B272B40F2AA809DF80F30B6
:109D4800002B5BD1139B08330A93089B15939DF84E
:109D58005B3083F00103DBB2002B08D0089B149919
:109D680018461EF08EFA03460893089B1793089A24
:109D78000A9B13440B930B981EF004FB089B5A880C
:109D8800139B0F33DB089BB2D31A9AB20B9B5A80F2
:109D98000A9B0733DB089AB20B9B9A80089BDB88E7
:109DA800002B14D0089A089BDB88DB001344099326
:109DB800089BDA880A9B0733DB089BB2D31A9AB24E
:109DC8000B9BDA800B9BDA88099B9A8002E00B9B3D
:109DD8000022DA80139B0733DB089AB2179B5A805C
:109DE800089B9A88179B9A800B9B9A88179BDA8006
:109DF800002215990B9800F00BFB3EE0089A0F9B88
:109E08001344179317981EF0BDFA119B0733DB080C
:109E18009AB2179B5A800F9B0733DB089AB2179B9D
:109E28009A80089BDB88002B18D0089A089BDB884F
:109E3800DB0013440D93089BDB88DA00109BD31AD0
:109E48000C93119A0C9B13440733DB089AB2179BA7
:109E5800DA80179BDA880D9B9A8002E0179B002214
:109E6800DA80089B0B930F9B013BDB089AB20B9B94
:109E78005A80179B9A880B9BDA80179A137843F0BD
:109E880001031370274B1B680133264A13602CE02B
:109E9800179B15939DF80F30012B10D1179B083392
:109EA8000E930E9B149AB3FBF2F2149901FB02F283
:109EB8009B1A002B0CBF012300238DF85B309DF803
:109EC8005B3083F00103DBB2002B04D014991798A0
:109ED8001EF0D7F91790179A137843F001031370FF
:109EE80001221599179800F093FA0F4B1A68119BE5
:109EF80013440D4A13600C4B1A680C4B1B689A42AA
:109F080003D9094B1B68094A136012982AF0F6FF17
:109F1800179B03F10802029B1A600023184619B028
:109F28005DF804FBBC160020AC160020B01600201B
:109F380000B58DB0019002AB184600F019F9019BED
:109F4800002B01D1222306E12AF0E6FF0890019BAD
:109F5800083B0793079B1B7803F00103DBB2002B38
:109F680003D0079B5B88002B04D108982AF0C6FF12
:109F78000123F0E0079B5B880133ADF82E30079B87
:109F88000A9300230993764B1A68079B5B88DB00CA
:109F9800D31A734A1360734B1B680133714A1360F9
:109FA800079B9B88002B47D0079B9B88DB005B4265
:109FB800079A13440693069BDB881A46069B5B8820
:109FC800D31A0593069B1B7803F00103DBB2002B21
:109FD8001AD1079B1B7803F00203DBB2002B13D1C5
:109FE800059B012B10D8069B0A93069B5A88BDF83F
:109FF8002E3013449BB20133ADF82E30594B1B68F9
:10A00800013B584A136017E0079B1B7803F00203D3
:10A01800DBB2002B10D0069B0A93079B9A88BDF8E9
:10A028002E301344ADF82E30079A13786FF341039E
:10A0380013700A9B00229A80079BDB88002B3ED076
:10A04800079BDB88DA00079B1A44029B1946039B8F
:10A058000B449A4233D2079BDB88DB00079A1344F0
:10A068000993079BDB881A46079B5B88D31A0493DE
:10A07800099B1B7803F00103DBB2002B1FD1049B63
:10A08800012B1CD8099B5A88BDF82E3013449BB26B
:10A098000133ADF82E30099B00225A80099BDB88DA
:10A0A800002B05D0099BDB88DB00099A134400E0EC
:10A0B800002309932B4B1B68013B2A4A1360079A1C
:10A0C80013786FF300031370079B00225A80BDF8C2
:10A0D8002E30013B9AB20A9B5A800A9A13786FF382
:10A0E80000031370099B002B0CD0099A0A9BD31A02
:10A0F8000733DB089AB20A9BDA800A9BDA88099B45
:10A108009A8002E00A9B0022DA80174B1B68002B1A
:10A1180009D0154B1B680A9A9A4204D3124B1B6844
:10A128005B88002B02D1104A0A9B13600F4B1B68F7
:10A13800002B09D00D4B1B680A9A9A4204D80B4B86
:10A148001B685B88002B02D1084A0A9B1360089899
:10A158002AF0D4FE002318460DB05DF804FB00BFBA
:10A16800AC160020BC160020B4160020B81600203B
:10A1780084B00190074B0293074A064BD31A039306
:10A18800019B1A4602AB93E8030082E8030001989A
:10A1980004B07047402B0020000008208CB00390CA
:10A1A800029111461A460B468DF8073013468DF872
:10A1B800063000230B930023089300230A93029B85
:10A1C800B3F1FF3F01D0029B00E00823079300236F
:10A1D8008DF81B300C9B00221A609DF80730002B6D
:10A1E80002D1584B1B6801E0574B1B680B930B9B24
:10A1F800002B01D10023A1E00B9B5B88DB000993B6
:10A208009DF80630002B01D0082300E00023099AAE
:10A218001344099388E00B9B1B7803F00103DBB21E
:10A22800002B55D1099A039B9A4251D39DF80730C8
:10A23800002B2ED10B9B08330893089B079AB3FB7E
:10A24800F2F2079901FB02F29B1A002B0CBF0123C3
:10A2580000238DF81B30089B079AB3FBF2F207998D
:10A2680001FB02F29B1A04939DF81B30002B05D1C9
:10A27800039A049B1344099A9A4229D39DF81B30E8
:10A28800002B01D0039B02E0039A049B13440A931A
:10A2980050E0079B082B02D1039B0A9314E00B9B09
:10A2A8005B880133DB000B9A13440593039B5B42E5
:10A2B800059A13440893079B5A42089B1340089336
:10A2C800059A089BD31A0A93099A0A9B9A4230D294
:10A2D8009DF80730002B0CD10B9BDB88002B01D19C
:10A2E80000232BE00B9BDB88DB000B9A13440B93BA
:10A2F8000CE00B9B9B88002B01D100231EE00B9BDD
:10A308009B88DB005B420B9A13440B930B9B5B8887
:10A31800DB0009939DF80630002B01D0082300E0EC
:10A328000023099A134409930B9B002B7FF473AF06
:10A3380000E000BF0C9B0B9A1A600A9B18460CB0F1
:10A34800704700BFB4160020B816002000B589B0C9
:10A35800034600918DF807300023079300230693E6
:10A3680001238DF81730284B1B68002B01D10023DF
:10A3780046E0009B002B02D0009B07930CE003AB48
:10A388001846FFF7F5FE9DF80730002B01D1039B17
:10A3980001E01E4B1B680793079B1B7803F0010322
:10A3A800DBB2002B05D1079B069300238DF81730ED
:10A3B80021E09DF80730002B0AD1079BDB88002B92
:10A3C80006D0079BDB88DB00079A1344079312E04B
:10A3D8009DF80730012B0BD1079B9B88002B07D0DA
:10A3E800079B9B88DB005B42079A1344079302E0B4
:10A3F8000023069303E09DF81730002BCCD1069B71
:10A40800184609B05DF804FBBC160020B8160020F9
:10A4180000B585B00390029113468DF807309DF87A
:10A428000730002B1ED0224B1B68029A9A4202D09A
:10A43800029B002B06D103990020FFF787FF0346F4
:10A448001B4A13601B4B1B68029A9A4202D0029B5C
:10A45800002B29D103990120FFF778FF0346154AFD
:10A46800136021E0124B1B68029A9A4203D1104AEA
:10A47800039B136007E00E4B1B68039A9A4202D2B3
:10A488000B4A039B13600B4B1B68029A9A4203D139
:10A49800084A039B136007E0064B1B68039A9A421D
:10A4A80002D9044A039B136000BF05B05DF804FBA2
:10A4B800B4160020B8160020BFF34F8F00BF064B1C
:10A4C800DB6803F4E0620449044B1343CB60BFF339
:10A4D8004F8F00BF00BFFDE700ED00E00400FA0564
:10A4E80082B00190BFF35F8F00BF0A4A019B43F01F
:10A4F80001035360084B5B6A074A43F48033536295
:10A50800BFF34F8F00BFBFF36F8F00BF00BF02B014
:10A51800704700BF90ED00E000ED00E0BFF35F8FF3
:10A5280000BF0A4B5B6A094A23F480335362084B25
:10A538005B68074A23F001035360BFF34F8F00BFE6
:10A54800BFF36F8F00BF00BF704700BF00ED00E092
:10A5580090ED00E000B583B003460A468DF8073059
:10A5680013468DF806309DF806209DF807301946E9
:10A5780003481DF024FF00BF03B05DF804FB00BFD3
:10A5880090ED00E000B585B0039002910192019B27
:10A59800029A039903481DF04BFF00BF05B05DF810
:10A5A80004FB00BF90ED00E000B585B000230393E5
:10A5B80000230293FFF7B2FFA0210020FFF7CAFF94
:10A5C8004FF000530393294A294B9A4204D0284B51
:10A5D80023F01F03203B00E0264B0293039A029BC3
:10A5E8009A4215D8039B23F01F0343F003030193FA
:10A5F800214B1868029B23F01F0343F001031A46FE
:10A608000199FFF7BFFF1C4B1B6801331A4A1360FF
:10A61800164A174B9A421CD0144B1F3323F01F03C2
:10A628000393164B0293039B23F01F0343F003038A
:10A638000193114B1868029B23F01F0343F0010399
:10A648001A460199FFF79EFF0B4B1B6801330A4A14
:10A6580013600420FFF744FFBFF34F8F00BFBFF321
:10A668006F8F00BF00BF05B05DF804FBA028002075
:10A678008025002000000820C0160020E0FF0720E9
:10A6880000B58DB003900291019200230993002335
:10A69800089300230B934F4B1B68FF2B01D91A23F8
:10A6A8000B93FFF73BFF00238DF82B300023079314
:10A6B80000230693019B1F2B7ED9039B03F01F03E6
:10A6C800002B04D0039B23F01F03203300E0039BDF
:10A6D8000993029B03F01F03002B03D0029B23F076
:10A6E8001F0300E0029B089300238DF82A3037E00F
:10A6F800394A9DF82A309360374BDB6823F01F03F3
:10A708000793354B1B6923F01F030693099A079B90
:10A718009A4209D1089A069B9A4205D101238DF8DD
:10A728002B3000230B930CE0099A069B9A4208D819
:10A73800089A079B9A4204D301238DF82B302823CB
:10A748000B939DF82B30012B11D0234B9B68224A89
:10A7580023F0FF0393609DF82A3001338DF82A30E7
:10A768009DF82A201B4B1B689A42C1D300E000BF0A
:10A778009DF82B30002B1FD101210120FFF7EAFEA5
:10A78800099B23F01F0343F0030305932AF0C4FB3E
:10A798000490104B1868089B23F01F0343F0030331
:10A7A8001A460599FFF7EEFE04982AF0A7FB094B15
:10A7B8001B680133074A13600420FFF791FEBFF3BB
:10A7C8004F8F00BFBFF36F8F00BF0B9B18460DB0B4
:10A7D8005DF804FBC016002090ED00E000B585B0E0
:10A7E80001900091019B009A5A602AF07BFB03902C
:10A7F800019B1946044818F062FE03982AF065FB8D
:10A8080000BF05B05DF804FBC416002008B5024877
:10A8180018F04DFE00BF08BDC416002000B583B077
:10A828002AF060FB01901F481DF023FC1E4B1B788B
:10A8380083F00103DBB2002B22D00023009300F049
:10A84800A7FA0090009B002B04D001982AF03DFB4A
:10A85800009B23E000F02CFBFFF7D8FF2AF09EF9BD
:10A86800124B00221A6029F041FE0346104A136079
:10A87800104B5B6F0F4A43F0010353671DF0F1FD66
:10A8880000F0DAF81DF017FE03460B4A1360064B7A
:10A8980001221A7001982AF018FB0023184603B009
:10A8A8005DF804FBA46B030887240020F41600203D
:10A8B800CC16002000400050F016002000B585B0EE
:10A8C80003468DF807302AF00DFB0390284B1B78C0
:10A8D800FF2B05D19DF8073083F00103DBB2002B75
:10A8E800234B1B78FF2B07D19DF80730002B03D093
:10A8F80003982AF0EAFA38E01D4B1B78002B02D1A6
:10A908009DF80730002B1A4B1B78002B0AD19DF8B5
:10A91800073083F00103DBB2002B03D003982AF041
:10A92800D4FA22E0134B1B78022B05D99DF8073087
:10A9380083F00103DBB2002B9DF80730002B01D018
:10A94800012200E0FF220A4B1B781344DAB2084BBD
:10A958001A70074B1B78002B0CBF01230023DAB2B7
:10A96800054B1A7003982AF0B0FA05B05DF804FB9D
:10A9780089240020882400208A24002082B0034BE8
:10A988001B680193019B184602B07047F41600201B
:10A9980082B00190074B1B68019A02FB03F303F591
:10A9A800742303F23F23044AA2FB03239B0C18469B
:10A9B80002B07047CC16002083DE1B4308B50C4B51
:10A9C8001B78002B12D00B4B1B78DBB2002B0DD061
:10A9D80029F0D0FB074B00221A70074B00221A708F
:10A9E800064B01221A70064B01221A7000BF08BDDF
:10A9F800882400208C2400208D240020912400200D
:10AA080092240020044B1B78002B02D0034B012218
:10AA18001A7000BF704700BF882400208C240020D3
:10AA2800044B1B69034A23F00403136130BF00BFC2
:10AA3800704700BF00ED00E02DE9F04F8BB0002318
:10AA48008DF8203008AB1846FAF7FCF9002000F022
:10AA58000DF97F4B1B6F03F007027E4B1A607C4B8E
:10AA6800D3F8003103F003027B4B1A60784B03F5EF
:10AA780080531A464FF480135366754B03F5805381
:10AA88001A464FF400335366744B9B6903F0020374
:10AA9800002B14BF01230023DBB2714A13706D4BE6
:10AAA8001B68032B06D06A4BD3F8203103F0070349
:10AAB800022B01D1012300E0002303F00103DBB2E4
:10AAC800684A1370674B1B78002B06D1604BD3F88C
:10AAD800283103F00703022B01D1012300E00023F2
:10AAE80003F00103DBB25F4A13705D4B1B78002B48
:10AAF80019D05C4B1B7883F00103DBB2002B12D01A
:10AB0800584B1B78002B06D1514BD3F8003103F07A
:10AB18000303012B01D1012300E0002303F001030B
:10AB2800DBB2504A13704E4B1B78002B00F0838029
:10AB380000230993464BD3F8003103F00303032B9A
:10AB48000ED0032B10D8012B02D0022B04D00BE01F
:10AB580028F01EFC099008E028F0A0FC099004E009
:10AB680028F01CFC099000E000BF099B002B62D074
:10AB78003A4BDB68C3F30B035A1C13469B00134480
:10AB880000229846914642464B464FF000004FF04F
:10AB98000001590141EAD261500102460B46B2EB6D
:10ABA800080463EB09054FF000024FF000036B0245
:10ABB80043EAD453620214461D4614EB080645EBDB
:10ABC80009074FF000024FF00003BB0143EA966308
:10ABD800B201911B069163EB07030793DDE90612A7
:10ABE8000B4613EB080A134643EB090B099B013B81
:10ABF800002200930192DDE900120B461AEB0303D1
:10AC0800029313464BEB03030393099B002204931F
:10AC18000592DDE90423DDE9020112F087FD024611
:10AC28000B4613461846FFF7B3FE02460E4B1B6849
:10AC380013440D4A13601F20FFF7AAFE02460A4B71
:10AC48001B681344084A136000BF0BB0BDE8F08FBF
:10AC580000800050041700200017002000C0015099
:10AC680094240020932400200817002000B585B004
:10AC780003468DF807301D4B1B789DF807209A4234
:10AC880030D000238DF80C3002238DF80D309DF85C
:10AC98000730002B03D002238DF80D3002E000238B
:10ACA8008DF80D3003AB1846FAF7DEF89DF807303B
:10ACB800002B09D04020FFF76BFE02460C4B1B68A7
:10ACC8009B1A0B4A136008E04020FFF761FE02461A
:10ACD800074B1B681344064A1360044A9DF8073063
:10ACE800137000E000BF05B05DF804FB1A2B0020CC
:10ACF8000817002008B51E4B03F580531A46012398
:10AD080053671C4B1B78002B30D002202AF060FBC5
:10AD18000346002B2AD029F0E7FC0346002B25D058
:10AD2800134B9B6D03F48033002B05D0124B1B682B
:10AD380003F00203002B05D10D4B9B6D03F00103BB
:10AD4800002B07D00A4B03F580531A464FF4803383
:10AD580093620BE0094B01221A70FEF71BFD044BAE
:10AD680003F580531A464FF48033936208BD00BF41
:10AD78000040005A932400205C40005A962400208A
:10AD8800024B01221A7000BF704700BF93240020B5
:10AD980030B583B02AF0C0F801901E4B1B7883F0C1
:10ADA8000103DBB2002B2ED01B4B00221A601B4B79
:10ADB80000221A601A4B00221A6000F039F80120AC
:10ADC8002AF041FB29F098FF0346164A1360154BF9
:10ADD8001B68002B04D101982AF090F8232316E071
:10ADE800104B1B6800221C46154622462B460E486F
:10ADF80040F2E73112F09AFC02460B460B4B1A6000
:10AE0800044B01221A7001982AF078F8002318469A
:10AE180003B030BD97240020141700201817002015
:10AE28000C1700201017002018FCFFFF1C1700202B
:10AE380000B587B000238DF8143001238DF8043055
:10AE480000238DF8053000238DF806300023029387
:10AE5800002303930023049314481DF00AF9BFF359
:10AE68004F8F00BF05AB1846FAF768FF00238DF82F
:10AE7800043001AB19460020FAF79EFF0F2100208D
:10AE880028F078FB0F21002028F08AFBFAF772FFE0
:10AE98000020FAF745FF5320FEF756FE53201DF019
:10AEA80032F900BF07B05DF804FB00BFAC6B0308C4
:10AEB80008B50B481DF0DDF840F6015200210120CD
:10AEC800FAF7B4FB4FF4A27200210120FAF7EAFB6B
:10AED800044B9B6C034A43F48073936400BF08BD22
:10AEE800A86B030800C00A5008B50A481DF0C1F84D
:10AEF80040F6016200210220FAF798FB4FF49E7297
:10AF080000210220FAF7CEFB034B034A9B6C9364A3
:10AF180000BF08BDA86B030800C00A5008B5044A62
:10AF2800044905480BF0A6F90346184608BD00BFBA
:10AF3800346C0308E46B0308BC6B0308024B4FF046
:10AF480080525A6000BF704700ED00E000B585B040
:10AF580001900091019B002B02D0009B002B01D196
:10AF6800212325E0144B1B68144A12681146184621
:10AF7800F7F73EF80390039B002B07D10E4B186898
:10AF88000623009A0E49F7F7C5F90390039B002B97
:10AF98000DD1094B18680123019A0A49F7F7BAF944
:10AFA8000290029B002B02D0019B00221A70039B87
:10AFB800184605B05DF804FB4C2900206C290020D8
:10AFC8002C0004003C00040030B585B001900091CD
:10AFD800009B002B15D00C4B1B68009A0021019890
:10AFE8009847009B1A46013A039200221C461546D0
:10AFF8004FF000024FF00003EB0043EA5473E20005
:10B00800019B00BF05B030BD8829002082B00D4BE0
:10B018005B78022B0CBF01230023DBB28DF80730CD
:10B028009DF80730002B05D0064B1B78072B01D164
:10B03800012300E000238DF807309DF807301846FB
:10B0480002B070472017002082B001900B46ADF87F
:10B058000230019A184B1340B3F1607F06D1BDF856
:10B068000230B3F5885F01D1002322E0019A124B28
:10B078001340B3F1707F1AD1BDF8023003F4E043F6
:10B08800B3F5005F13D1BDF8023003F4E043B3F524
:10B09800005F0CD1BDF802301B0A9BB203F0070316
:10B0A800012202FA03F3012B01D9002301E06FF01A
:10B0B8008603184602B070470000C07F00B587B00D
:10B0C800034602910192ADF80E30019A029B9A4212
:10B0D80001D101235DE2019B23F0FF03974A9342CC
:10B0E80021D0019B23F0FF03954A93421BD0019B7B
:10B0F80023F0FF03934A934215D0019B23F4FF7377
:10B1080023F00103B3F1062F0DD0019B23F0FF03B9
:10B118008D4A934207D0019B23F4FF7323F0010368
:10B128008A4A93423BD1029B23F0FF03834A93420E
:10B1380021D0029B23F0FF03814A93421BD0029B3C
:10B1480023F0FF037F4A934215D0029B23F4FF7339
:10B1580023F00103B3F1062F0DD0029B23F0FF0368
:10B16800794A934207D0029B23F4FF7323F001032B
:10B17800764A934213D1029BDBB2002B0FD0029B7D
:10B18800DBB243F00073724A934208D1029A019BE2
:10B198005340FF2B94BF01230023DBB2F9E1029B4C
:10B1A80003F0FE43B3F1A06F1FD1019B03F0FE43F0
:10B1B800B3F1A06F19D1029A019B534023F47E1377
:10B1C800002B12D1029B03F40043002B0DD0029BED
:10B1D8001B0C03F03F02019B1B0C03F03F039A4238
:10B1E80094BF01230023DBB2D3E1029B03F0FE43AB
:10B1F800B3F1407F40F0AA81019B03F0FE43B3F115
:10B20800407F40F0A381029A019B534023F47E13B0
:10B21800002B40F09B81BDF80E3019460298FFF7CD
:10B2280013FF0346002B01D00023B2E1019B03F476
:10B238007C13002B04D0019B1B0C03F03F03BFE0E1
:10B24800019A444B1340B3F1607F40F09F80019B0B
:10B25800DBB243F00073404A93426DD0019BDBB2EE
:10B2680043F000733D4A934264D0019BDBB243F044
:10B2780000733B4A93425BD0019BDBB243F00073FF
:10B28800384A934252D0019BDBB243F00073364AEE
:10B29800934249D0019BDBB243F00073334A934297
:10B2A80040D0019BDBB243F00073314A934237D060
:10B2B800019BDBB243F000732E4A93422ED0019BD0
:10B2C800DBB243F000732C4A934225D0019BDBB2DA
:10B2D80043F00073294A93421CD0019BDBB243F030
:10B2E8000073274A934213D0019BDBB243F00073EB
:10B2F800244A93420AD0019BDBB243F00073224AEE
:10B30800934201D140235BE0002359E0302357E00A
:10B31800202355E01C2353E0202351E01C234FE059
:10B3280040234DE030234BE0202349E01C2347E035
:10B33800142345E0142343E0102341E000030006F2
:10B3480000130006000200060009000600040006BB
:10B35800FF0000020000C07F03000002040000029A
:10B368000500000208000002090000020A000002AD
:10B378000B0000020C0000020D0000021000000289
:10B38800110000021200000213000002019A834B10
:10B398001340B3F1707F12D1BDF80E3003F4E043CF
:10B3A800B3F5005F09D1BDF80E301B0A9BB203F05C
:10B3B8000703012202FA03F302E0002300E000235E
:10B3C8000593019A754B1340B3F1607F76D1019BC9
:10B3D800DBB243F00073724A93426DD0019BDBB23B
:10B3E80043F000736F4A934264D0019BDBB243F091
:10B3F80000736D4A93425BD0019BDBB243F000734C
:10B408006A4A934252D0019BDBB243F00073684A08
:10B41800934249D0019BDBB243F00073654A9342E3
:10B4280040D0019BDBB243F00073634A934237D0AC
:10B43800019BDBB243F00073604A93422ED0019B1C
:10B44800DBB243F000735E4A934225D0019BDBB226
:10B4580043F000735B4A93421CD0019BDBB243F07C
:10B468000073594A934213D0019BDBB243F0007337
:10B47800564A93420AD0019BDBB243F00073544A08
:10B48800934201D1402333E0002331E030232FE001
:10B4980020232DE01C232BE0202329E01C2327E078
:10B4A800402325E0302323E0202321E01C231FE054
:10B4B80014231DE014231BE0102319E0019A374BD5
:10B4C8001340B3F1707F12D1BDF80E3003F4E0439E
:10B4D800B3F5005F09D1BDF80E301B0A9BB203F02B
:10B4E8000703012202FA03F302E0002300E000232D
:10B4F8000493029B1B0C03F03F03002B07D1059A12
:10B50800049B9A420CBF01230023DBB241E0019B5C
:10B518001B0C03F03F03002B08D1029B1B0C03F00C
:10B528003F03049A9A4201D1012332E0029B03F4BB
:10B538000043002B0AD0029B1B0C03F03F03059A23
:10B548009A422CBF01230023DBB222E0029B03F0C6
:10B55800FE43B3F1106F1BD1029B23F01F6323F44A
:10B56800702343F00063B3F1006F11D1019B03F026
:10B57800FE43B3F1106F0BD1019A164B134043F001
:10B588001063029A9A420CBF01230023DBB200E049
:10B598000023184607B05DF804FB00BF0000C07F19
:10B5A8000300000204000002050000020800000277
:10B5B800090000020A0000020B0000020C00000251
:10B5C8000D0000021000000211000002120000022B
:10B5D800130000020000FFF600B585B003900B468B
:10B5E8000192ADF80A30019B002B02D16FF086035F
:10B5F800A9E0019B23F0FF03554A934221D0019B08
:10B6080023F0FF03534A93421BD0019B23F0FF030F
:10B61800514A934215D0019B23F4FF7323F0010391
:10B62800B3F1062F0DD0019B23F0FF034B4A934241
:10B6380007D0019B23F4FF7323F00103484A934288
:10B648003DD1019BDBB2002B39D0019B23F0FF03D6
:10B658003F4A934221D0019B23F0FF033D4A934286
:10B668001BD0019B23F0FF033B4A934215D0019B5B
:10B6780023F4FF7323F00103B3F1062F0DD0019BD0
:10B6880023F0FF03354A934207D0019B23F4FF734D
:10B6980023F00103324A93420CD1019BDBB2002B09
:10B6A80008D0019BDBB243F000732E4A934201D1CC
:10B6B800012300E0002303F00103DBB224E0019B37
:10B6C80003F0FE43B3F1407F08D1019B03F400432C
:10B6D800002B14BF01230023DBB215E0019B03F00C
:10B6E800FE43B3F1A06F08D1019B03F40043002B84
:10B6F80014BF01230023DBB206E0019B194A9342E1
:10B708000CBF01230023DBB2002B02D06FF08603AD
:10B7180019E0039B5968BDF80A30019A1846FFF7EB
:10B72800CDFC0346002B0AD1039B9968BDF80A306B
:10B73800019A1846FFF7C2FC0346002B01D00023EC
:10B7480001E06FF08403184605B05DF804FB00BF04
:10B7580000030006001300060002000600090006A8
:10B7680000040006FF00000200B589B003900291B2
:10B7780001926FF09603079302981CF052FF03465C
:10B78800ADF81A3002981CF053FF0590039B03F0A4
:10B79800FE43B3F1407F02D06FF086037CE1BDF831
:10B7A8001A3019460398FFF74FFC0790079B002BA8
:10B7B80001D0079B70E1039B03F47C13002B06D098
:10B7C800039B1B0CDBB203F03F03DBB297E0039A49
:10B7D8009C4B1340B3F1607F76D1039BDBB243F0FF
:10B7E8000073994A93426DD0039BDBB243F0007318
:10B7F800964A934264D0039BDBB243F00073944AA9
:10B8080093425BD0039BDBB243F00073914A9342AF
:10B8180052D0039BDBB243F000738F4A934249D066
:10B82800039BDBB243F000738C4A934240D0039BE6
:10B83800DBB243F000738A4A934237D0039BDBB2F2
:10B8480043F00073874A93422ED0039BDBB243F048
:10B858000073854A934225D0039BDBB243F0007303
:10B86800824A93421CD0039BDBB243F00073804AA8
:10B87800934213D0039BDBB243F000737D4A93429B
:10B888000AD0039BDBB243F000737B4A934201D199
:10B89800402334E0002332E0302330E020232EE040
:10B8A8001C232CE020232AE01C2328E0402326E048
:10B8B800302324E0202322E01C2320E014231EE070
:10B8C80014231CE010231AE0039A5E4B1340B3F1D3
:10B8D800707F13D1BDF81A3003F4E043B3F5005F6D
:10B8E8000AD1BDF81A301B0A9BB203F007030122E4
:10B8F80002FA03F3DBB202E0002300E00023019A1E
:10B908001370019B1B78032B02D86FF08503C3E0EB
:10B91800019B1B781946039A4A4B1340B3F1607F89
:10B9280076D1039BDBB243F00073474A93426DD054
:10B93800039BDBB243F00073444A934264D0039BF9
:10B94800DBB243F00073424A93425BD0039BDBB205
:10B9580043F000733F4A934252D0039BDBB243F05B
:10B9680000733D4A934249D0039BDBB243F0007316
:10B978003A4A934240D0039BDBB243F00073384A03
:10B98800934237D0039BDBB243F00073354A9342AE
:10B998002ED0039BDBB243F00073334A934225D089
:10B9A800039BDBB243F00073304A93421CD0039BE5
:10B9B800DBB243F000732E4A934213D0039BDBB2F1
:10B9C80043F000732B4A93420AD0039BDBB243F047
:10B9D8000073294A934201D1402350E000234EE0EE
:10B9E80030234CE020234AE01C2348E0202346E093
:10B9F8001C2344E0402342E0302340E020233EE083
:10BA08001C233CE014233AE0142338E0102336E0EA
:10BA1800039A0C4B1340B3F1707F2FD1BDF81A3045
:10BA280003F4E043B3F5005F09D1BDF81A301B0AEF
:10BA38009BB203F00703012202FA03F31FE000237D
:10BA48001DE000BF0000C07F0300000204000002E8
:10BA58000500000208000002090000020A000002B6
:10BA68000B0000020C0000020D0000021000000292
:10BA780011000002120000021300000200238B4292
:10BA880002D26FF0860307E0019B1B78142B02D9C2
:10BA98006FF0850300E00023184609B05DF804FB49
:10BAA80000B585B001900091FFF7B0FA0346002B6E
:10BAB80002D16FF0880315E00023029302AB009ACD
:10BAC80001990A481BF095F90390039B002B01D0BC
:10BAD800039B07E0029B009A9A4202D06FF09303FF
:10BAE80000E00023184605B05DF804FB2417002089
:10BAF80070B596B00B900A91099208936FF096036F
:10BB080015936FF096031293002310930023149358
:10BB180000231193002313930A9B03F0FE43B3F110
:10BB2800806F03D06FF086031593A0E010A90A9BDD
:10BB38004FF480720B981DF0BDF91590159B002BE2
:10BB480040F09280109B1B8803F4E043B3F5005F3C
:10BB580035D1109B1B881B0A9BB203F007030122F7
:10BB680002FA03F3012B2AD90A9B554A934213D0B0
:10BB78000A9B544A93420FD00A9B534A93420BD0D4
:10BB88000A9B524A934207D00A9B514A934203D0D8
:10BB98000A9B504A934212D1109B1B8803F4E0433E
:10BBA800B3F5005F09D1109B1B881B0A9BB203F0F9
:10BBB8000703012202FA03F314E0002312E0109BAA
:10BBC8001B8842F20402934203D10A9B424A9342E1
:10BBD80007D00A9B414A934201D10D2302E000237A
:10BBE80000E00C231493149B102B03D96FF08303EC
:10BBF80015933CE0149B002B10D01B9A149B9A427F
:10BC080003D26FF08903159331E00CAB14991846F1
:10BC1800FFF746FF1590159B002B27D1099B119321
:10BC28001A9B1393109B1E46109B1C6A109B5D6AFF
:10BC3800149913981CF0CEFC01461B9A149BD31A36
:10BC48001C9A069205930491089B0393119B0293F7
:10BC5800149B01930CAB00930A9B2A46214630465D
:10BC68001CF0FEFD159002E000BF00E000BF109B35
:10BC780018461EF017FD1290159B002B01D1129B40
:10BC88001593159B002B0FD1149B002B05D00CABE3
:10BC9800149A1946139825F0C2FB1C9B1A68149B2A
:10BCA8001A441C9B1A6002E01C9B00221A600023A5
:10BCB800119300231393159B184616B070BD00BF4F
:10BCC8000010C0040011C0040012C00400FF4004AA
:10BCD8000040400400414004000180040013C004F7
:10BCE80000B585B003900291029B009300230022C7
:10BCF800044903981EF013F80346184605B05DF88A
:10BD080004FB00BF746C030808B51D4B1B7803F0D7
:10BD18000403002B06D01A4B1B7823F00403DAB275
:10BD2800174B1A70164B1B7803F00203002B08D030
:10BD380000F002F9124B1B7823F00203DAB2104B21
:10BD48001A700F4B5B78002B02D00E481DF063FF72
:10BD58000B4B00225A7008210A48FFF735F9084BA7
:10BD68001B7803F00103002B08D01CF082FC044B65
:10BD78001B7823F00103DAB2014B1A7000BF08BD2B
:10BD8800201700202417002000B585B003468DF841
:10BD980007300023039300238DF80B309DF80730FC
:10BDA800013B032B5BD801A252F823F0C5BD000864
:10BDB800E7BD000809BE000847BE0008304B1B78E5
:10BDC80003F00103002B4ED11CF039FC03902C4BDF
:10BDD8001B7843F00103DAB2294B1A7043E0284B71
:10BDE8001B7803F00203002B3FD100F09BF803906F
:10BDF800234B1B7843F00203DAB2214B1A7034E06C
:10BE08001F4B1B7803F001038DF80B301C4B5B783C
:10BE1800002B2CD19DF80B30002B28D019481DF091
:10BE2800EEFE174B01225A7016481DF000FF0390D2
:10BE3800039B002B1BD1124B02225A7017E0104BA8
:10BE48001B7803F00403002B13D10D4B1B7843F030
:10BE58000403DAB20A4B1A700023039309E06FF067
:10BE68009603039306E000BF04E000BF02E000BFB2
:10BE780000E000BF039B184605B05DF804FB00BF57
:10BE8800201700202417002082B00190019BB3F1F5
:10BE9800804F05D3019B044A934201D8012300E057
:10BEA8000023184602B070470300004082B0054BDB
:10BEB80093F8A0308DF807309DF80730184602B087
:10BEC800704700BF2C17002082B00190019B03F13E
:10BED800404213469B001344DB00024A13441846B1
:10BEE80002B070472C17002082B00190019A1346C7
:10BEF8009B001344DB00024A1344184602B0704703
:10BF08002C17002082B001900091009A13469B00E4
:10BF18001344DB00024A1344184602B0704700BFBE
:10BF28002C170020034B012283F8A0200023184679
:10BF3800704700BF2C17002000B585B0002303937D
:10BF48001DE00023029310E002990398FFF7DAFF3F
:10BF58000190019B0122DA61019B03221A76019864
:10BF68001DF00EF8029B0133029303981EF044FA69
:10BF78000246029B9342E7D3039B01330393039B3F
:10BF8800002BDED0034B002283F8A02000BF05B0B1
:10BF98005DF804FB2C17002000B589B001900091D2
:10BFA8006FF096030793FFF781FF0346002B03D139
:10BFB8006FF08803079366E000230493049B0593BE
:10BFC8000023069322E006990020FFF79BFF0390C9
:10BFD800039B1B7E002B02D1039B059319E0049B56
:10BFE800002B10D1039B1B7E022B0CD103981EF053
:10BFF800BBF90346002B06D1039B5B68DBB2002B21
:10C0080001D0039B0493069B01330693069B032BE5
:10C01800D9D9059B002B0ED1049B002B0BD0049B78
:10C02800059305981EF0C5F905981CF0A9FF07901F
:10C03800079B002B24D1059B002B1DD0012200213A
:10C0480005981EF09DF90790079B002B1AD1019BBC
:10C05800002B0CD0059B104A9B1ADB100F4A02FBE1
:10C0680003F30693069B03F18042019B1A60009B31
:10C07800059A1A6000230AE06FF08C03079302E028
:10C0880000BF00E000BF009B00221A60079B184613
:10C0980009B05DF804FB00BF2C170020CDCCCCCC38
:10C0A80000B595B00390029101920093009B0F9305
:10C0B8000F9B08223349184625F0B1F90F9B083326
:10C0C800119300230493049A119B1A6000BF0F9BDD
:10C0D80003F10C02019B5B6810920593059A109B73
:10C0E8001A6000BF0F9B1033019A128812931346EF
:10C0F800ADF81830BDF81820129B1A8000BF0F9BAE
:10C108001233019A528813931346ADF81A30BDF8CA
:10C118001A20139B1A8000BF0F9B03F11402019B86
:10C128009B680E920793079A0E9B1A6000BF0F9B9D
:10C1380014331A1D019BDB680D920893089A0D9B16
:10C148001A6000BF0F9B143303F10802019B1B699F
:10C158000C920993099A0C9B1A6000BF0F9B20331D
:10C168000B93029B0A930A9A0B9B1A6000BF0F9BC2
:10C178002433029A0399184625F051F900BF15B0E7
:10C188005DF804FB786C030800B583B001900822C1
:10C198000749019825F00EF90346002B02D06FF0ED
:10C1A800980300E00023184603B05DF804FB00BFC5
:10C1B800786C0308F7B505466B461646174A0C46D1
:10C1C8001068516803C395F82A3008336B4413F894
:10C1D800087CB5F84830DA0609D433462246394691
:10C1E80028461EF005FD00F5FA7003B0F0BD2046A4
:10C1F80025F028FCB5F8483000F10A049B074FEAFF
:10C20800C40405D0304625F01DFC04F50C74044424
:10C21800E823781E584304FB0700E4E7806C030812
:10C228009422144B10B51C68002102FB00442046E0
:10C2380025F0EAF8104B04F108001B680021DB78B0
:10C2480063761FF0F6FD4FF008236362072384F836
:10C258002A30236A094A43F013032362084B204615
:10C26800A364084BC4E91D32C4E92132BDE810407B
:10C278001EF0E4BCD0170020941800205555550036
:10C288001300FFFFD6BE898EF0B5104B02461E681C
:10C2980093F804C035464FF0FF3400239C4508DC72
:10C2A80091B1631C10D0942303FB046080F84A20EA
:10C2B800F0BD95F84A7028469742F9D0FF2F08BF7D
:10C2C8001C4694350133E9E70020F1E7D017002038
:10C2D80070B50446234D002842D0083001F00EFE08
:10C2E8000026FF2304F1300084F84A30E66125F087
:10C2F80024FB04F1340025F020FB04F1380025F07C
:10C308001CFB04F13C0025F018FB04F1540025F057
:10C3180014FB2868144B201A80105843C0B21EF032
:10C3280045FC014630461EF03CFC606C10B100F044
:10C3380077FF6664A06E18B11EF055FC0023A36653
:10C34800E06E1EF05BFC0023E36670BD286806FB08
:10C358000400FFF7BDFF01342B79A342F6DCF4E7B4
:10C368009426F9E7D0170020AD1B4C91F7B5044689
:10C3780021F051FAC0F30F23542B3ED9AA2B34BF16
:10C3880001230223C0B27E288CBF0222012203218E
:10C398008DF804301344B3FBF1F000EB40001B1A96
:10C3A8008DF805301344B3FBF1F202EB42029B1AFD
:10C3B8008DF80630002318461D461A46104901AF6D
:10C3C8004B7517F8016B44FA06FC1CF0010F06D0F8
:10C3D80053009E40012330430132C0B2D2B201352E
:10C3E800EDB2032DEDD103B148754B7D43EA8213BD
:10C3F8004B75FF230B7503B0F0BD0023C2E700BFE8
:10C40800D0170020064B1B68D97ADA78437E5B1A6E
:10C418009342A8BFDAB2002142761EF04BBC00BF9F
:10C4280094180020B0F864302BB9836813F4601FA7
:10C4380008BFA0F8643011B1012913D070474369CF
:10C44800417E23F010034361084B1A68D37A92782F
:10C458000B449342D8BFDAB2C369427623B10121B3
:10C468001EF028BCFFF7CEBF704700BF941800200D
:10C478002DE9F0410025354E8AB03379AB4203DC13
:10C4880001200AB0BDE8F0819423346803FB054419
:10C4980094F84A30FF2B0DD0236A980106D504F191
:10C4A8005408404625F0C6FA074628B9226A12F011
:10C4B800A06F1ED10135E0E7BB7908A90C333B44D6
:10C4C800D8689A7A1B8AC2F38012ADF82430002308
:10C4D8008DF81F2008901A460DF11F001EF094FBDE
:10C4E80038469DF81F2094F84A1008AB1FF034FD19
:10C4F800D7E7B4F848301D2B18D13C23FF21002082
:10C50800CDE90431CDE902000121CDE9000004F1B3
:10C518005B03C2F3802220F01BF80028B1D04FF053
:10C52800A06104F120001EF01AFBC3E712F0807F1F
:10C5380008BF3C214FF0000218BF432194F829306E
:10C5480094F84A001FF0AAFEE7E700BFD0170020C2
:10C558002DE9F0411F46C36904460D4616468BB1C6
:10C5680069B928F0D9FC06462946E06E1EF042FB60
:10C57800204629461EF087FB304628F0BFFC0020E5
:10C58800BDE8F0810029FAD0036A03F01203022BF8
:10C5980000F0BC80236ADD0700F1C08094F84A30BF
:10C5A800FE2B0CD104F14C0001F0CEFF01F0C4FFCA
:10C5B80028B14FF4800104F120001EF0C8FA256A62
:10C5C800624B2B40B3F5807F00F0BB80A80531D5C6
:10C5D800C5F3802504F15B080022414628461EF079
:10C5E80019FB002184F84B001EF025FB4146002270
:10C5F80028461EF014FBB4F8481020B194F94B00FB
:10C60800002880F297804FF4007104F120001EF09A
:10C61800A6FAB4F8482002F00302012A0AD14146DA
:10C6280028461EF0FCFA28B14FF4006104F12000FE
:10C638001EF08DFA236AD90600F18180D4E90C1224
:10C648002046FFF7B7FD012F0ED040F27123A28CD0
:10C658005A43904208D9E28C5A43904273D800F565
:10C668001C70B0FBF3F0A084394BE361002384F81D
:10C678002930236AE168B4F8645023F4803284F8DE
:10C688002870226221613DB913F0100F0CBFC82534
:10C698003C25257605F2B3154EB140F27121E38CA5
:10C6A80042F48032C3EB06134B432262E362236AEF
:10C6B80043F400232362274B1B68DB78637628F05A
:10C6C8002BFC6369074643F0100304F10800294670
:10C6D80063611FF0AEFB012003F0A6FD28B9636972
:10C6E8001A075CBF43F00403636126B121F0CFF859
:10C6F800E36A0344E362204603F0A0FD384628F0CD
:10C70800FDFB0121E06E1EF075FA38E7406B25F05D
:10C7180099F900287FF43EAF0C2031E7636C002BB9
:10C728007FF43CAF00F026FD606400287FF436AF4C
:10C73800092025E701F001011EF07DFA69E7064BA3
:10C7480093E712201CE745201AE700BF00014000CC
:10C758008FAB02089418002061C8000870B5002447
:10C768009426094D2B79A34200DC70BD286806FB8E
:10C77800040090F84A30FF2B04D000231A461946CB
:10C78800FFF7E6FE0134EDE7D01700202DE9F0436E
:10C7980004468F798BB00C370DF10409CD190122AD
:10C7A8000E460DF1030049461EF03FFA636C8046C1
:10C7B800039300236364236AE879C3F300138DF8B5
:10C7C80025302989F75904F08FFE224B07441B684E
:10C7D80005975B7905F118026376012306928DF8B7
:10C7E800103005F10C03B8F1000F28D09DF8033084
:10C7F800CDF81C908DF820309DF8252094F84A300B
:10C808008DF821300123FAB98DF8223094F893304D
:10C8180003F00F038DF823306B7903A88DF82430CB
:10C8280000F0AEFD20F0DAFF012120461EF02BFAC1
:10C83800304611F00FFE01200BB0BDE8F0830793DE
:10C84800AB7AC3F38013D5E7AA7AC2F340128DF806
:10C858002220DFE794180020012810B50C461ED0CE
:10C86800022824D040BB08461EF036FC40F2712155
:10C87800A38CE28C94F82A00D21AE36803F59C533F
:10C88800083301FB02332361FFF770FD0B4B204691
:10C898009968236BBDE810400B6003F005BF03F0F7
:10C8A80031FE844208D1BDE8104020F097BF084609
:10C8B800BDE81040FFF7A6BD10BD00BFD01700208F
:10C8C80038B50A4D0020FFF703FDAB6813B100220D
:10C8D8001A60DA801FF0C2FB00242B79A34200DC27
:10C8E80038BD2046FFF79CFC0134F6E7D01700203E
:10C8F80070B52B4C0546A06818B111F0ABFD0023AC
:10C90800A360FFF7DDFF00201EF054F955B903209E
:10C9180025712560E58211F00DFD20791EF04AF998
:10C9280028B970BD022025F0CCF9A06048B90025CF
:10C93800A0682571256070BB00201EF03BF9072018
:10C94800EFE70026032025712660E68211F0F2FC4D
:10C95800B542E2DD05EBC50105EB810189003346EF
:10C968000122032089B211F0A1FC06460028DED17D
:10C97800032011F001FD20600028D8D09422314610
:10C988006A4324F041FD2379B342C6DD3046FFF700
:10C9980047FC0136F7E711F05DFDA560CCE700BF65
:10C9A800D017002006222DE9F341354B06469C6836
:10C9B8008846A5790C35635D671903F04F03635505
:10C9C800B0F848307A70103B0D2B31D8DFE803F00F
:10C9D80055305107300C303030303030300C635D1A
:10C9E8006FF30303635523E00123625D006A63F379
:10C9F800030262550C2210F4006F7A7006F15B0195
:10CA080007F108020CD001924FF0FF32C0F38020EA
:10CA180000921A461EF001F9635D43F08003E1E7D6
:10CA2800D6F85B30BB608B889380336A5B05F3D4A0
:10CA3800B6F84820635D304662F345136355B91C68
:10CA48001EF0CFFB635D60F386136355A3797A7894
:10CA580002331344E371B6F8483003F01403142B7F
:10CA680004D0B8F1000FC4BF42447A7002B0BDE8E8
:10CA7800F081635D62F30303B4E70222635DF9E7C3
:10CA8800D01700202DE9F0438B7906460C33CC18DB
:10CA9800237985B0DA0737D5E77A252F34D8484B7C
:10CAA8009A6893790C33D118D35CA27AC3F38013B4
:10CAB800B3EBD21F28D1056A0622EB064CBF023120
:10CAC800043104F1120024F075FCE8B994F80A90D6
:10CAD8001EF0A7F805F4C04580F001032A1EC9F32B
:10CAE800801904F10C08414618BF01224846DBB200
:10CAF80020F0EDFE014650B1A37A03F00F03032B9B
:10CB08001BD1336A980712D44FF0FF3012E01EF0A1
:10CB18008EF80028F8D1A37A03F00F03002DEED089
:10CB2800032B85F4C0451CD1A904EDD5E9E70C2FEA
:10CB3800EAD1032005B0BDE8F083052BE4D1306AC3
:10CB4800C207E1D500F01403142B0FD0012202A96B
:10CB58000DF107001EF069F808BBA17AC1F3801136
:10CB680021E0052BD0D16B04E9D4CDE706F15B05B4
:10CB78002946C0F380201EF049F80028E6D1A27AA1
:10CB8800336AC2F38012C3F380239A42BCD10622CF
:10CB98002946404624F00EFC0028B5D1D6E79DF87A
:10CBA80007100DF10808404600F068FB0028ABD1DB
:10CBB80004F118001EF0C9FA0028A5D00520B9E72D
:10CBC800D017002030B5174B826A1B6812065979B6
:10CBD80026D5028F1C79436B1203B2FBF3F2631A5A
:10CBE800B2FBF3F2B0F89C3003B1013BD0F8A0508F
:10CBF80005B15B101B02B3FBF2F35B180CD090F885
:10CC080095200F2A08D91209B3EB820FB8BF002369
:10CC18004FEA8201A8BF5B1A9C42A8BF1C46E1B23A
:10CC2800417630BD94180020084B9A7E82420AD97A
:10CC38004FF4A4721B6802FB0030836A13F0100FD4
:10CC480008BF002070470020704700BFE817002089
:10CC5800084A09491368C31AD810002B01FB00F0D1
:10CC680005DB937E8342D8BF4FF0FF3070474FF00B
:10CC7800FF307047E8170020199C8FC170B5044633
:10CC88000E4628F049F93146054604F130001EF0F9
:10CC9800D0FA2046FFF7DCFF0121814005481EF04D
:10CCA800C8FA4FF4807009F0C7FC2846BDE8704008
:10CCB80028F024B90C180020F3292DE9F84304467C
:10CCC8000D468D4E1ED1338D5BB9A36813F4601FDA
:10CCD8006ED0238F626B1B01B3FBF2F3F32D9FB26F
:10CCE80025D120461EF046FBB4F89C30002B38D1E5
:10CCF800A26A984612F0800F0CBF3E22082284F8E0
:10CD0800772030E0736959064BD5836A1A0748D5EE
:10CD1800336900F1400143601FF067FE338D002B3B
:10CD2800D3D0238F626B1B01B3FBF2F39FB2618FE9
:10CD3800B4F89C209BB25B1A9A423BDC736994F866
:10CD480036019B074CBF0021022120F010FE40F263
:10CD5800022372699343C4D12046A4F89C701EF044
:10CD68000AFB4FF001082046FFF72CFFFFF770FF82
:10CD780087B238461DF030FF814638461DF02AFF3D
:10CD880030B138461DF01CFF002138461DF021FF48
:10CD9800F32D04D0A36A180701D5628F8AB901233D
:10CDA80034E0318D238F626B00298ED01B01BBE7E5
:10CDB80033858EE7737F002BC9D0032194F83601A1
:10CDC800C3E713F4C05FEAD1726912F00C0FE6D121
:10CDD80040F202239343E2D1D4F8A430002BDED1F1
:10CDE8002046FFF735FF80B21DF0EEFE0028D6D1B1
:10CDF8002046A18F1FF081FF031E6CDD628F013278
:10CE0800934268DC012BCAD0013B9BB2A4F87C306A
:10CE180038461DF0D7FEB4F87C301844A4F87C00DE
:10CE280038461DF0CEFE236B590409D54FF48041D6
:10CE380004F130001EF005FA00212046FFF71EFF1E
:10CE4800A58FB4F87C302B44A387B8F1000F07D026
:10CE580020461DF09FFE2046A18F1FF002FE80464F
:10CE680038461DF0B9FE48450DD0A36A1A070AD402
:10CE78003846A5871DF0A6FEA38F013080B2A4F81E
:10CE88007C001844A087A38FAB4202D238461DF01D
:10CE98009FFEA36A1B0702D4184B1B689847B4F877
:10CEA8007C20B4F89C3094F870109B1AA4F89C303D
:10CEB80094F86F3002FB01332522B3FBF2F102FB39
:10CEC800113384F86F30B8F1000F07D02046BDE861
:10CED800F8431EF000BB638F013396E72046082114
:10CEE8001FF0FBFD20460221FFF7C8FE2046BDE8E3
:10CEF800F843012103F0F0B9E81700201C180020BE
:10CF08000022074B10B55A77202204465A611EF0BA
:10CF1800DCF984F8360120461EF03AFB10BD00BF4C
:10CF2800E8170020012810B50C462AD0022830D076
:10CF380000283DD191F8953060F3071381F89530BA
:10CF48000846FFF7DDFFA36A20461B0716D503F046
:10CF580041FD042001F08EFB50B3164A937F3BB38A
:10CF6800D37F0133DBB2D37792F821209A421FD8BE
:10CF7800BDE810404FF0806009F05EBB03F014FF7D
:10CF8800E7E703F0BFFA844212D1BDE8104003F08E
:10CF980015BD91F895302046C3F30312013262F3B0
:10CFA800071381F89530BDE81040F321FFF784BEE0
:10CFB80010BD00BFE817002010B501F0BBFBFB2235
:10CFC800114B10F0020F1A770CBF01220322410700
:10CFD800197E48BF42F0040262F3030119761A7EF3
:10CFE800C2F3030161F307121A764FF4417100226C
:10CFF8001984DA76DA835A621A611A85034BBDE816
:10D0080010401B68184700BFE817002014180020BC
:10D018002DE9F843504C0546A06818B111F01AFAEA
:10D028000023A360022011F085F9EFB200201DF063
:10D03800BFFD38461EF065F90646002838D1384647
:10D048001EF06AF9A0BB002D52D005EB850105EB57
:10D05800C101C90033460122022089B211F026F924
:10D0680000BB4FF4A4790220A77611F085F909FBDB
:10D0780005F831464246206024F0C6F93246236856
:10D08800681E03EB090182422ADB002DA8F5A47271
:10D098004FF00001D8BF00223846995063601DF058
:10D0A8008BFD50B30020C4E90000A0761DF084FD7C
:10D0B800002500201EF025F900201EF02DF9284635
:10D0C800C4E90055A5761DF077FD28461EF00BF93A
:10D0D80028461DF06DFD022011F02CF9072637E0D7
:10D0E80009FB02FC013243F80C1001F5A471CAE7F0
:10D0F800C4E90055A5761DF05FFD28461DF058FDD2
:10D108000028D5D138461EF0EEF80028D0D1384690
:10D118001EF0EFF807460028CAD1002D16DD0220C0
:10D1280024F0CFFD0223A060C37183793946C3F18F
:10D1380002020C33D2B2184424F066F90121A36824
:10D148009A7913441A7B61F301021A73FFF734FFCB
:10D158003046BDE8F88300BFE8170020014B987EF1
:10D16800704700BFE8170020014BD87E704700BF0A
:10D17800E8170020F8B5284D27F0CEFE6C681CB9DA
:10D1880027F0BCFE2046F8BD4FF4A476012723689B
:10D198006B60EB7E0133EB7627F0B0FE3246002160
:10D1A800204624F031F904F12800402167611EF07F
:10D1B80040F82B8B0722A4F8443194F8373100212A
:10D1C80067F3030384F837314FF6FF73A4F87A3016
:10D1D8002B7FA4F8866084F8423144F29023A4F8A7
:10D1E800403194F8853004F1080062F3030384F8B1
:10D1F80085300A4BC4F8883003F1CE5303F59813F1
:10D20800C4F88C3041F61B33A4F890301B2384F803
:10D2180092301EF00EFEB5E7E817002048014801DD
:10D2280070B5044600261EF032F904F1080000F03B
:10D2380065FE104B20461B689847C4E90A6627F02C
:10D248006BFE4FF4A47231460546204624F0DCF804
:10D2580009490B4653F8042F42B91C60CB7E284677
:10D26800013BCB76BDE8704027F048BE13461268F4
:10D27800F2E700BF18180020E81700202DE9F04158
:10D2880006464FF480400F4601F0F4F9044630B9E1
:10D298000E4B1D6893F81A807135A04502D80020FE
:10D2A800BDE8F08155F8493CDA0609D5C3F3800397
:10D2B800BB4205D106222946304624F07BF818B136
:10D2C800013405F5A475E8E70B20E9E7E817002025
:10D2D800B0F8943010B55A1C62F30B030446A0F85A
:10D2E8009430042001F0C6F9C0B12046FFF7B0FC25
:10D2F80080B21DF063FC78B14188094A937F0B44E2
:10D30800DBB2937792F820209A4207D8BDE8104004
:10D318004FF0806009F090B90121EEE710BD00BF21
:10D32800E817002038B58B7905460B449B7D0C46E1
:10D3380003F00303032B09D101212C301DF079FFE1
:10D348004FF4006105F128001DF073FF21460548E0
:10D35800A56024F0D9FBBDE838404FF0005009F033
:10D368006BB900BFF4170020014B1877704700BF56
:10D37800E8170020014B187F704700BFE81700200E
:10D388002DE9F04FD0E9027590F9181087B0029195
:10D39800417E046890F80480D0F810A0037D427D97
:10D3A80090F816B090F81790002940F0ED80A9F198
:10D3B800030101298CBF0226032603932B8984F8D5
:10D3C8009B202A4652F8101BBBF1000018BF012011
:10D3D800C4F8281104F14401019305F013F920461B
:10D3E8001FF074FB20461DF099FF20F0C6FA49464D
:10D3F800024620461DF08CFFC82220460DF116017A
:10D40800ADF816201DF077FF47F6FF72A4F830211B
:10D41800AA88039BA4F82C21AA7984F82E21DAF88B
:10D428000020C4F87120BAF8042004F1280AA4F8EE
:10D4380075201BB1042150461DF0FBFEBBF1000F07
:10D4480004D04FF4005150461DF0F3FE4FF46070C5
:10D4580001F010F9C0F3C0134FEA831BC30548BF9E
:10D468004BF0800B810548BF4BF4807B27F054FDBF
:10D478004FF48261039050461DF0DBFE594604F1DB
:10D488002C001DF0D6FE039827F038FDA8F1020302
:10D49800012B7BD84FF4002150461DF0CAFE012114
:10D4A8002046FFF7EBFB042120461FF016FB6B7D9F
:10D4B8002046C3F3040384F870306A89520062631B
:10D4C800697B2A7B42EA01226287E97BAA7B42EADE
:10D4D800012222876A7D84F86F30C2F3421284F8F1
:10D4E8003E2000220523A2870122A4F89C30A4F83C
:10D4F8007C2002991DF017FF01F016F920F4006056
:10D50800C4E908012046FFF75DFB3D493D4AB1F8F3
:10D5180028B008F0FD03BBF1000F6CD1002B3BD104
:10D5280040F2C71B6760E26120460F611DF092FE62
:10D53800B9F1010FE0600AD094F83731204669F359
:10D54800030384F8373109F00F011EF099F804F14C
:10D55800080059461EF06DFC012002F065FE28B94E
:10D5680063691A075CBF43F00403636140F27121E9
:10D578006B892046013B59431DF08BFE204602F083
:10D588005DFE07B0BDE8F08F012616E7B8F1010F80
:10D5980085D140F2014183E74FF4D77BE26140F245
:10D5A8007128019B760006EB430608FB06F6374414
:10D5B80040F608015046676004F140071DF039FE47
:10D5C800394620461FF011FA33463946204604F101
:10D5D800340201F0BDF8EB7901225B0039462046A0
:10D5E80008FB03F31FF007FA236C20469E081DF082
:10D5F80031FE30449CE76760E261002BCFD193E7AE
:10D60800E81700202DCF000870B51D46C36A0446F0
:10D618001B07164613D408212C3025F410551DF08D
:10D6280008FE25F01005064B2D0433402D0C20462E
:10D63800C4E90835BDE870404021FFF71FBB70BD45
:10D648002FCF87F72DE9F04F85B0044601910846A2
:10D6580089B34B799A071FD424F0F4F9019D70B966
:10D668006B79DB0705D54FF4803104F128001DF0F4
:10D67800E0FD01A824F061F905B0BDE8F08FA36AC8
:10D68800DF0309D54FF4803104F128001DF0D9FDDE
:10D698006B7943F001036B71019E27F03DFC7379B0
:10D6A80031469E0705461ED504F1AC0024F03BFA2E
:10D6B800284627F023FCDFF8909127F02DFCA36A79
:10D6C8000746DD0514D5D4F8AC3043B19A79134434
:10D6D8001B7B3A2B03D829FA03F3D80711D4384611
:10D6E80027F00CFCC8E704F1A80024F00DFADFE7E6
:10D6F80094F94631022BF2DCD4E92A2372B9002BC3
:10D70800EDD004F1AC0024F036F90546384627F090
:10D71800F5FB294620461EF07BF9CEE7002BF0D119
:10D7280094F89280039304F1A80BD4F8A86096F8B3
:10D7380007A0B379AAEB030A5FFA8AFAC24527DC85
:10D74800584624F077F90546A8EB0A086B7929466C
:10D758006FF3C3036B7103A824F0D6F9D4F8A8308B
:10D768002BB15B79990702D1B8F1000FDDD1039B8A
:10D77800002BB4D09B79022B40D8002024F0A1FACA
:10D78800014670BB039904F1A80024F0CCF9A6E780
:10D79800002024F096FA054630B9039904F1A80050
:10D7A80024F0C1F903959AE78079B1790C300C31EE
:10D7B80042463144284423F032FEEB7953FA88F389
:10D7C800EB71B379727953FA88F3B3716B794FF0CF
:10D7D800000862F300036B7173796FF300037371D0
:10D7E800B4E7039B4A79587960F300024A715A7981
:10D7F80003A86FF300025A7124F090F9E36A9A05BE
:10D8080012D50398034600680028FBD1DB79C3F1E1
:10D818004503DBB2032B07D824F053FA014600284E
:10D82800B0D003A824F070F9D4F8A83013B15B790C
:10D83800DB0704D5039A537943F00803537138463C
:10D8480027F05CFB039965E77C2C020070B5036B3D
:10D858000446990786B001D51DF019FE236BDA0737
:10D8680033D5A66A330723D516F4002F14BF032532
:10D8780001252046FFF7ECF994F89B3029460593DB
:10D888000023049394F83E30C6F380020393238F59
:10D8980080B20293638F0193636BC3F34F030093CA
:10D8A80004F171031EF054FE30B9002006B070BDBB
:10D8B800B50C05F00205DCE7012104F130001DF08C
:10D8C800C0FC4FF400511DF0B4FC236B980410D534
:10D8D8002046FFF7BDF9A16AC0B2C1F340311EF07E
:10D8E80054FB0028E1D04FF4005104F130001DF042
:10D8F800A8FC236BD90409D500212046FFF7A2FE16
:10D908004FF4805104F130001DF09BFC236B5A0545
:10D9180012D52046FFF79CF9002394F89B50C2B219
:10D92800194628461EF0BAFC0028BED04FF4806184
:10D9380004F130001DF085FC236B5B0711D52046F0
:10D94800FFF786F9616B238F628FC1F34F0180B2B5
:10D958001EF0DEFD0028A8D0042104F130001DF0DF
:10D9680070FC236B1E0709D520461FF01EFC0028FB
:10D978009BD0082104F130001DF063FC236BDD0609
:10D9880018D52046FFF764F9E16A80B211F4805196
:10D9980000F0C58000211EF050FE002885D04FF40D
:10D9A800805104F12C001DF04CFC102104F13000D2
:10D9B8001DF047FC236B580615D52046FFF748F99C
:10D9C80094F8773080B20093D4E908231EF018FE4B
:10D9D80000283FF46AAF0023402184F8773004F12F
:10D9E80030001DF02EFC236B190516D52046FFF7D5
:10D9F8002FF900230093B4F89830B4F8962094F8DF
:10DA08009A1080B21EF074FA00283FF44EAF4FF41B
:10DA1800006104F130001DF014FC236B13F4804501
:10DA280032D19A0516D52046FFF712F994F8371126
:10DA380094F8772001F00F0180B200F0DBFC002899
:10DA48003FF433AF4FF4007184F8775004F130009D
:10DA58001DF0F7FB236B1B0616D52046FFF7F8F8D9
:10DA6800B4F88C3080B2009394F89130B4F88A20DE
:10DA780094F890101EF013FE00283FF416AF802192
:10DA880004F130001DF0DDFB236B9E0612D5204605
:10DA9800FFF7DEF894F8771080B21EF0E5FD002855
:10DAA8003FF403AF0023202184F8773004F13000DD
:10DAB8001DF0C7FB236BDD0508D504F130004FF4DA
:10DAC80080711DF0BEFB20461FF09AF9236B1804E5
:10DAD80008D504F130004FF400411DF0B2FB204698
:10DAE8001DF0CAFD236BD90308D504F130004FF4AB
:10DAF80080311DF0A6FB20461DF005FC236B9A0320
:10DB080008D504F130004FF400311DF09AFB20468F
:10DB18001DF007FC236B9B0704D40120C6E61EF00A
:10DB2800A3FD3AE70022204611461DF0F8FB2046E7
:10DB38001DF0F7FB2046FFF78BF894F8771080B2BA
:10DB48001EF048FE00283FF4B0AE022104F1300078
:10DB58001DF077FB2046FFF763FB024B1B689847D5
:10DB6800DBE700BF14180020F8B50023124A02F1C1
:10DB7800240151E8004F41E80035002DF7D1012775
:10DB880034B9BDB10D4829461DF053FB2046F8BDF8
:10DB980094FAA4F0B0FA80F007FA00F624EA060432
:10DBA800FFF742F80028EBD0FFF750FE0028E7D136
:10DBB8003543E5E70120EAE7E81700200C180020C4
:10DBC8002DE9F74F04460190002860D0C5794FF041
:10DBD80000080C35054427F09FF9464600904FF49D
:10DBE800A47A40462B4FBA7E5FFA88F94A4517D97E
:10DBF8000AFB09FB3A685A44916ACB0644D5B2F845
:10DC08009420C2F30B02002A3ED0E279C2F1450209
:10DC1800D2B2032A15D8022024F053F8044640B99A
:10DC280000230098FB8327F069F9304603B0BDE86C
:10DC3800F08F014601A823F067FF0020E5790C3535
:10DC4800254404220123002112FB003305F820900B
:10DC5800E9543B6802FB005C5B44B3F8943001363E
:10DC68008CF80230032312FB0032A9543B680130C0
:10DC78005B44B3F89420C0B261F30B02A3F894207C
:10DC8800E379F6B20433E37108F10108ABE706461D
:10DC9800CBE700BFE8170020F7B5684604F0A6FCFC
:10DCA80000254FF4A477124EB37EAB4201DC03B0DB
:10DCB800F0BD346807FB0544A36A03F01803102B72
:10DCC80013D10522694604F1450023F073FB60B1C6
:10DCD800012120461FF0B5F838B9012023F0F1FFE3
:10DCE800014610B1204601F073F90135DCE700BFA9
:10DCF800E81700202DE9F74F27F00EF9424BDA68B4
:10DD080000920022DA6027F0F9F8009B13B903B0FB
:10DD1800BDE8F08F684623F02EFE8279876802F10D
:10DD28000C04044401460190A07A0A3210F0200F36
:10DD380014BF0320022002448A71FA6A52050FD5E3
:10DD4800E07AA27A42EA002238461EF041F838B951
:10DD580001A823F0F2FD3D2138461DF042FFD4E72B
:10DD6800BA6A94F80AB012F4007201990BF0030031
:10DD780013D003288A79EBD10A44127B3A2AE7D8D0
:10DD8800224B23FA02F2D307E2D54A79384642F009
:10DD980002024A7100F0ECFDB7E70328F5D0487994
:10DDA8000BF0030B62F341004871084694F80690A3
:10DDB80094F905A023F046FE019D0646AC79384645
:10DDC800063CE4B2AC71FEF743FF0C34C0F3032306
:10DDD80005EB040843EA0B1388F803302B46F6B228
:10DDE80088F80200A8F8046005F804A088F80190F3
:10DDF8005A796FF341025A711B68002BF8D12846F3
:10DE08001EF0DAF881E700BFE81700207C2C02003A
:10DE1800104B1A7842F0F0021A701A7C42F0F002A5
:10DE28001A7493F8202042F0F00283F8202093F827
:10DE3800302042F0F00283F8302093F8402042F07E
:10DE4800F00283F8402093F8502042F0F00283F863
:10DE580050207047241800200368054A23F07F6388
:10DE680023F4002302EAC14213430360704700BF52
:10DE78000000F80FF8B54488054604F00704072C9D
:10DE88001C4E28D127F048F800221101735C06EBDC
:10DE980002171B090F2B0AD00132062AF5D1164AA0
:10DEA80013880133138027F029F81920F8BD2B684F
:10DEB80094B27B801123735427F020F81FF0E7FCFD
:10DEC80006EB0413D8602B68002023F4E02343EA10
:10DED80004432B60EAE72301F15CC1F3031201322A
:10DEE80002F00F02052A28BF002262F30711F1543D
:10DEF800E4E700BF241800203424002038B5448803
:10DF0800054604F00704072C0FD027F005F8074A48
:10DF18002401135D43F0F00313552B6843F4E02309
:10DF28002B60BDE8384026F0E9BF38BD2418002032
:10DF38002DE9F0474588074605F00705072D89466E
:10DF480037D01D4C4FEA051814F808601FF09FFCE5
:10DF580004EB051ADAF80C30360906EBC506C01AC8
:10DF680004EB4606708014F8083003F00F02042A08
:10DF78009EBF013262F3030304F80830B9F1030FBE
:10DF880014D114F8081004EB0514A01C01F00F01BB
:10DF98001FF049FB044626F0BFFF3A68074B1340C1
:10DFA80023433B60BDE8F04726F0A8BF4FF6FF7457
:10DFB800F1E7BDE8F08700BF241800200000FF7FCC
:10DFC800064A08B59268824207D0427922F00302D5
:10DFD80042F00302427108F089FB08BD8418002052
:10DFE80010B5064C204623F0A8FC201D23F0A5FC04
:10DFF80004F10800BDE8104023F09FBC84180020FD
:10E0080010B5022023F05DFE034C6060022023F06F
:10E0180058FEA06010BD00BF8418002008B5FFF7A7
:10E02800DFFF0022024BDA60BDE80840FFF7E8BFD7
:10E0380084180020014B5868704700BF84180020DE
:10E04800014B9868704700BF8418002038B50C4C05
:10E05800E3681BB1E36898470023E36023686BB16A
:10E06800074823F088FC054640B123681BB14FF0F0
:10E07800004008F0E1FA28461EF0C5FB38BD00BF95
:10E088008418002010B5084CE0604FF0004008F0FC
:10E09800D3FA00BF00BF00BF00BFE3681BB1E3684D
:10E0A80098470023E36010BD8418002038B58379B1
:10E0B800044603445B7B13F0300F437923F00303DA
:10E0C80008BF43F00103437126F026FF05462146A9
:10E0D800054823F019FD4FF0004008F0ADFA284636
:10E0E800BDE8384026F00ABF84180020F0B5184E65
:10E0F80085B07568AB790C331D4400F01BFBB5F88F
:10E108000920B5F807108A421FD8032A1DD9032908
:10E118001BD96F79CFB1C04360F0050010EA07043E
:10E1280013D1EB78A879CDE901742C79009401F02A
:10E13800F3FB00280CBF0C22002242F24101B06818
:10E1480005B0BDE8F0401DF0CBBE1122F5E700BFD9
:10E158008418002010B50D4C626893790C331A446A
:10E168001179D078003918BF01210038B2F807308A
:10E1780018BF0120B2F8052001F0E2FE42F2420188
:10E188000246A068BDE810401DF0AABE8418002011
:10E1980010B5084C6068837918440F3000F098F97E
:10E1A8000023A0681A46BDE810404FF628411DF02C
:10E1B80055BE00BF84180020242816D80F2805D87B
:10E1C80002280CD8B0FA80F040097047084B103884
:10E1D80080B2C34003F0010383F0010070470538A3
:10E1E800012894BF0020012070470120704700BF1C
:10E1F8002D2011002DE9F04F95B0FFF71BFF42F2DB
:10E208003603867905460C3630F806808419984519
:10E218000ED1FFF70FFF022123F05FFB7F22A378C7
:10E228000233A370AA5500232022237762706377F4
:10E238000121E078FEF728F800230646002800F0C0
:10E24800D180CDE91233237AE2888DF84A30E37A17
:10E25800ADF84820B4F809208DF84E30E378ADF8D1
:10E268004C20A288FE2B4FF6FF7308BF4FF4804363
:10E2780012F0050F25D1DDE9120188421DD90025CC
:10E288001126FFF7DDFE012332464146ACB21DF0F0
:10E29800E5FD002DCCBF0534053C24B2002E40F02E
:10E2A800A4800A2394FBF3F4E4B2FFF7C9FEC37910
:10E2B8001844C47215B0BDE8F08F1F28DFD9994201
:10E2C800DDD8D206E77D657E04D5012F16D000255E
:10E2D8001226D6E7012F74D0032FD0D16B1EDBB2E4
:10E2E800022BCCD800F026FA04270742C7D0032D0A
:10E2F80008BF04252840C0B20028C0D0E0781CF030
:10E3080075FC20B1A088FFF757FF0028DFD0384AF6
:10E31800237F1278002A5CD0042BD8D8637F042B83
:10E32800D5D8A388DB065BD41FF027FB0121C822C0
:10E33800084004F04DF894F91630B4F804E003EB03
:10E348008303B0EB430F4FEA4302637B677E0F936F
:10E35800A37BE188109304F10F031193637F94F872
:10E368000C9094F815A094F818B00546E07DC8BF45
:10E3780015B2B4F809200C93237F03280B93E37E8E
:10E3880008BF0420032F08BF0427003B18BF012340
:10E398000A93A37E1FFA85FCCDE90873119BCDE98A
:10E3A800060B0293109BCDE904ACCDF80C900193B9
:10E3B8000F9B304600935FFA8EF31CF0CEFC0646A6
:10E3C8005FE76B1EDBB2022B3FF659AF00F0B2F9E4
:10E3D8008BE7002B7FF453AF637F002BA1D04EE770
:10E3E8000020A3E7054607264BE700245DE700BFAA
:10E3F8009A240020F8B5074601200D46164623F05A
:10E4080060FC0446C0B106220C211DF03AFD691ECD
:10E41800C9B2032988BF0022A37998BF074A03F12C
:10E428000C0398BF525C234420469F80DE70DA714B
:10E438009A71FFF7C5FD0120F8BD00BF886C03087D
:10E44800F8B5FFF7F7FD83791844B0F80F60B0B25C
:10E45800FEF7EAFB0446C0B11DF094FA0138C0B2D9
:10E46800032814D800270B4B1C5CFFF7E9FD054671
:10E4780004233A4642F230011DF0F0FCAB790C332C
:10E48800E818C68004724472F8BD0227EDE700243C
:10E498002746EAE7886C03080B4610B50649074C7F
:10E4A8000622002808BF2146184622F083FFB0FA4A
:10E4B80080F0400910BD00BF9C240020A224002049
:10E4C800024B1A6802609B8883807047A224002050
:10E4D80013B50D4C28B1036823608388A38002B06C
:10E4E80010BD1FF0E4F9CDE900019DF80230BDF838
:10E4F8000020A370BDF805302280A4F803309DF8F1
:10E5080007306371EBE700BFA224002010B5044672
:10E5180026F002FD2268064B1A60A2889A80054AF6
:10E52800137843F00103137026F0E8FC012010BDB6
:10E538009C2400209B240020024B1878003818BF28
:10E54800012070479B240020024B1A6802609B88B8
:10E55800838070479C240020024B186908B108F09A
:10E568006BB87047100B0020002310B53C4A02F12D
:10E57800100151E8001F02F1100C4CE80034002C87
:10E58800F5D140EA0104A10201D501F0C1FE220142
:10E5980001D503F0B1FC002C01DAFFF757FD630049
:10E5A80001D501F071FCA00001D5FFF7A3FBE10044
:10E5B80007D5FDF75DFF20B94FF0805129481EF0BF
:10E5C80075F9620107D51DF0B1FA20B94FF08061E5
:10E5D80024481EF06BF9A30105D51FF0C7F9FFF712
:10E5E8005BFB1CF008FBE00108D51CF080FE072847
:10E5F80004D14FF080711B481EF058F9610201D513
:10E608001CF0F3FA220201D51CF0CAFAE30207D57E
:10E618001CF06BFE20B94FF4801112481EF046F929
:10E62800A00507D500F03AF920B94FF400710D485C
:10E638001EF03CF9E10507D5FFF796FA20B94FF42B
:10E64800807108481EF032F9620503D51DF004FCFC
:10E658001DF003FC230501D51EF030F910BD00BFE5
:10E66800100B0020200B0020014601481EF01EB9A7
:10E67800100B0020014B1B6818407047100B00203E
:10E6880010B5044BD3E9064204430A43C3E90642E2
:10E6980010BD00BF100B002070B51E4D04462B683E
:10E6A800002B03DAFFF7BAFC002031E04CF20C0033
:10E6B8000021FFF7E5FF0023174E336024B163689C
:10E6C8002B60A36803B133604FF00040FFF7CCFF25
:10E6D80033680BB9114B3360114B1248AB60002300
:10E6E8002B730FF0F3FEFFF793FB204602F0F0FECA
:10E6F80070B92CB1B4F90E10B4F90C0002F022FF75
:10E708001FF03FF903F036FF01F03AF80028C9D0AE
:10E7180070BD00BF100B0020941800201D2B002096
:10E7280061E50008140B0020014BD3E9060170478E
:10E73800100B0020054B9B69DA054CBF0320012014
:10E748001B0548BF40F00400704700BF100B0020B5
:10E75800F8B517461C460D46064603F0D1FA1C4B81
:10E76800BA7A1C4953F8222053F820308C421A44B4
:10E7780024D9194B9C4214D9184B013C93FBF2F352
:10E78800002BB8BF03339A1004EBA304B4FBF2F3D5
:10E7980071682A68A1EB930102EB430271602A6059
:10E7A800F8BD0F4B0F49A3FB04435B0902FB03F3BE
:10E7B80003F6C313A1FB0313DB0AE9E702FB04F327
:10E7C800094A03F574338F33A2FB03231B0CDFE7DD
:10E7D800D86C03084C6210001366660640420F00AE
:10E7E8001F85EB515917B7D183DE1B43024B1A68BB
:10E7F80002601860704700BF9C1800200022024B7E
:10E808001A6000F053BA00BF9C1800202DE9F843A5
:10E8180006461CF0D0FD0446002835D045784DB991
:10E8280026F07AFB237863701B4B1B6825706360A6
:10E8380026F064FB4FF00108677837B923781BB3DB
:10E848004FF4007007F0F8FE1EE097FAA7F5B5FA46
:10E8580085F508FA05F55FFA85F9636833B90E4B53
:10E8680027EA050565701B686360E5E79B681BB9C7
:10E8780063681B686360F0E749463046984701289B
:10E8880005D163681B6863600120BDE8F88302282E
:10E89800EED10020F9E700BF9C18002070B50025D4
:10E8A8000D4EFEF75BFCA84201D8012012E030684B
:10E8B800FEF7BAF950B93468FEF750FC0134B4FBDE
:10E8C800F0F303FB104401353460EAE7FFF79EFFDD
:10E8D8000028F0D170BD00BF9818002010B504467C
:10E8E800837903441B7B3A2B96BF044AFF21D15CF2
:10E8F80022F0F3FFA0790C30204410BD8C6C030883
:10E90800F8B5174606460C461D461CF04CFD020796
:10E9180013D5022130461DF01FF970B11121204690
:10E928001EF0F3F82046FFF7D9FF4570877021469F
:10E938003046BDE8F840FEF785BE29200B49C5F1F1
:10E948002002A5F12003E94000FA02F220FA03F3BD
:10E9580011431943CB07E1D40D2120461EF0D5F809
:10E968002046FFF7BBFF4770E1E700BF0000408487
:10E978002DE9F34105460C4601911CF00CFD830678
:10E9880005D501A822F0D9FF02B0BDE8F081019FAA
:10E99800BE790C36BB5D3A2B18D8164A12F803809C
:10E9A800B8F1FF0F12D0384623F04CF80138404533
:10E9B8000CD1114B1E6896B921462846A3792344E9
:10E9C8001A7B02B0BDE8F0411EF0B3B8019822F0FE
:10E9D800B4FF2846BA5D01991EF0ABF8D4E7736816
:10E9E8000BB93668E7E72146284698470028F8D04B
:10E9F800CAE700BF8C6C03089C18002037B5044692
:10EA08000D4620211CF0C9FC294620461CF017FDA4
:10EA1800214601201EF034F9214600201EF030F96D
:10EA2800012000232146034A00901EF0BAF803B0E3
:10EA380030BD00BF67CA020837B504461EF09EFA0B
:10EA4800032120461CF0FEFC002503462146012038
:10EA5800034A00951EF0A5F8284603B030BD00BF54
:10EA68005FCE02082DE9F34104460D460146012018
:10EA78001CF088FC0121074628461EF046F8284667
:10EA8800FFF72CFF064600F10108404603F0AEFDF3
:10EA9800D6F801300221C7F8123073792046BB75C9
:10EAA8001CF0D0FC29460746F08020461EF02BF8C3
:10EAB80020232146009301203B46034A1EF071F8AB
:10EAC800002002B0BDE8F08145CF02087FB50446BA
:10EAD8000D46014601201CF055FC50E8003F43F468
:10EAE800806340E80036002EF7D120461EF03AFA3F
:10EAF800D8B320461CF057FC430715D53346324699
:10EB080020460DF10F011CF024FF9DF80F30062B55
:10EB18000AD828460FF09EFC012200232046FEF763
:10EB280073FD002004B070BD0E2128461DF0EDFFD6
:10EB38002846FFF7D3FE0646FFF7F6FDC6F8051090
:10EB4800FFF7F2FD2946C6F8010020461DF0DBFF5D
:10EB5800032120461CF076FC002203460092214641
:10EB68000120034A1EF01DF8DBE70821DDE700BF9E
:10EB780063CE0208F7B50D46044617461EF0F2F9B3
:10EB880080F001002146C0B21CF0FCFBC668012DD4
:10EB9800B37907D03A462946204603B0BDE8F0408D
:10EBA8001EF00BBA0C3320461E44FEF751F871894B
:10EBB80080B21CF014F810227389214600920020BC
:10EBC800024A1DF0EEFF284603B0F0BDC3CF02088D
:10EBD8002DE9F74F074688461CF0E5FB10F4801630
:10EBE8005DD1022023F06DF80546002859D098F829
:10EBF800063031460C334344B3F80490B3F806B0FA
:10EC0800B3F808A01DF081FF2846FFF767FE022130
:10EC1800044638461CF016FCA4F804906081A4F859
:10EC280006B0A4F808A01EF0F6FD09F10109B0FB32
:10EC3800F9F303FB1900022360806370AB7988F84D
:10EC48000630EA7903F10C0088F80720D21AD2B20C
:10EC58002918404422F0E3FB394601201CF092FBBE
:10EC6800C0F80C803846FDF7F3FF618980B201399E
:10EC78001BF0B5FF102263893946012000920A4A29
:10EC88001DF08FFF4FF4803138461CF08EFB38465C
:10EC980029461DF038FF304603B0BDE8F08F232029
:10ECA800FAE70720F8E700BFC3CF020810B5054C04
:10ECB800054A204605491EF0BFF82046BDE8104029
:10ECC800FFF794BDA01800204FD0020841EE0008BD
:10ECD800F7B58B7904460C33CE18CB5C0D46023B56
:10ECE8000F2B00F2A080DFE803F0089E9E9E9E7323
:10ECF8009E829E9E2C689E9E9E4F26F00DF97178EE
:10ED0800074620461CF09BFB202120461CF045FBB3
:10ED1800214601201DF0B4FF214600201DF0B0FF60
:10ED280001230093002321461846404A1DF039FF6D
:10ED380028460FF08FFB384626F0E0F8012003B094
:10ED4800F0BDB388728871781CF0E9FD20461CF08C
:10ED58002AFB830708D4294620461EF00FF9012113
:10ED680020461DF0BAFEE9E7214601201CF00AFB07
:10ED78002F4B82689A4203D1214601201DF050FF93
:10ED880028460FF067FBEAE777780846B6780FF071
:10ED980061FB162F05D13246032120461EF044FBA5
:10EDA800CCE7214601201CF0EDFA8368002BC5D082
:10EDB8003246032120469847C0E7014601201CF04F
:10EDC800E1FA0746284676780FF044FBBB68EDE782
:10EDD800014601201CF0D6FA0746284676780FF03F
:10EDE80039FBBB68002BA9D032460421E2E7014673
:10EDF80001201CF0C7FA0F4B82689A4203D02846BC
:10EE08000FF028FB9AE7D6F80120D6F805302046FF
:10EE1800FEF7FAFB28460FF01DFB214601201DF0E6
:10EE2800FFFE02219CE7002089E700BF79CF020896
:10EE38005FCE020863CE02082DE9F3410D46044671
:10EE48001EF090F8AB7900287DD00C3315F80380BC
:10EE5800EE18B8F1010F53D0B8F1080F4BD0B8F144
:10EE6800000F63D1204671891DF089FEB38872882E
:10EE78009A4294BF07460027092B38BF09237278A6
:10EE8800013B9BB29A421BD8002A08BF00272046A4
:10EE9800FDF7DEFE1FFA80F840461BF08FFE88B1B2
:10EEA8004388B18800930846F38832891DF0ADFD88
:10EEB80050B928460FF0CEFA012002B0BDE8F08123
:10EEC8004746E4E70123ECE7002FF2D02146002073
:10EED8001CF058FAC5607189404601391BF07FFE65
:10EEE800102273890092013B1B4A9BB221460020E5
:10EEF8001DF057FEE0E7294620461DF0D1FFDBE76D
:10EF08002046F1881DF03BFE0746701C1EF047FDA9
:10EF18000028CED0002FCCD0214600201CF032FA99
:10EF28002023C5600093F3880C4ADFE72946204672
:10EF38001EF067FB0028BFD12946204602B0BDE875
:10EF4800F041FFF7C5BE2B441B7B0E2BD3D02946BF
:10EF580020461EF045FBEDE77DEB0008FDCE0208DC
:10EF680038B504460D461CF01EFA42070BD420465D
:10EF78001CF019FA830706D429462046BDE8384014
:10EF8800034A1DF0EEBE28460FF064FA002038BD93
:10EF980041EA000838B504460D461CF0FCF900F0BB
:10EFA800180010280CD120461CF0FDF910F4C02FD1
:10EFB80006D129462046BDE83840044A1DF0D1BE96
:10EFC80028460FF047FA0C2038BD00BFD9EB0008DF
:10EFD800014A1DF0C6BE00BF6DEA000870B50546BF
:10EFE8000C46014601201CF0CDF9064628461CF0C7
:10EFF800DAF9020704D520460FF02CFA002070BD7C
:10F0080033685B05F7D428461DF0ACFF40B12146B4
:10F018002846FFF7A5FF18B922F053FE044630B181
:10F0280021462846BDE87040024A1DF09ABE0720D6
:10F03800E5E700BFD5EA000873B504460E461CF0A4
:10F04800AAF900F0300010284FF0020031D122F068
:10F0580038FE054678B34379022143F00203437131
:10F068001DF053FD2846FFF739FC29464670204617
:10F078001DF049FD162120461CF0E1F9202120460B
:10F088001CF08BF9214601201DF0FAFD21460020D5
:10F098001DF0F6FD20461DF099FE012120461CF0CA
:10F0A800D1F90346012021460090044A1DF079FD5C
:10F0B800002002B070BD0720FBE700BF8DCE02081C
:10F0C8002DE9F04387B004460E461CF06CF900F4B5
:10F0D800C060B0F5C06F06D1022022F0F2FD0546EF
:10F0E80010B9072054E00025214601201CF04AF9F8
:10F0F800814696F8068000F1120208F10C08B04427
:10F1080008F10F0308F11F0153F8040B8B4242F872
:10F11800040BF9D1032130461DF0F7FC3046FFF708
:10F12800DDFB0A22074608F10501013022F052F9F9
:10F138000C210DEB010000F037FB03AB03CBC7F844
:10F148000B00C7F80F10059B07F10B02C7F8133027
:10F158000DB30A2128461DF0D8FC2846FFF7BEFB50
:10F16800294620461DF0CFFC4FF480712046C9F88F
:10F178000C601CF012F9032120461CF063F90025ED
:10F188000346214601200C4A00951DF00AFD284639
:10F1980007B0BDE8F083204607F1130301211CF0F6
:10F1A80076FD204631461DF0AEFC2046C9F80C50CD
:10F1B8001CF089FDDFE700BF91D00208F0B589B0E7
:10F1C8000D4604461DF05AFFAB79002800F0A380D5
:10F1D8000C33EA18EB5C033B082B00F23881DFE8BC
:10F1E80013F0090036013601840036013601360174
:10F1F8005D007E00D2F80100D2F8051003ABB2F82A
:10F20800097003C302F1130301210B3220461CF0DD
:10F218003EFD042128461DF078FC2846FFF75EFBDA
:10F2280006460C2105A800F0BFFA05AB03CB334610
:10F23800C6F80100C6F80510079A002143F8092FFF
:10F248002046721C1CF023FD214600201CF09AF871
:10F25800034603AA478303CAC3F81200C3F816106B
:10F2680020460821FDF70AFD4FF4007120461CF0E6
:10F2780094F820461CF027FD294620461DF043FC43
:10F28800032120461CF0DEF8034600202146714A7F
:10F2980000901DF086FC012009B0F0BD0B21284626
:10F2A8001DF033FC2846FFF719FB294620461DF0C0
:10F2B8002AFC25F031FE05464FF4407120461CF02B
:10F2C8006CF84FF4805120461CF06FF8284625F062
:10F2D80015FE4FF4806120461CF06AF8DBE72846EB
:10F2E8000FF0B8F84FF40071F5E7062128461DF035
:10F2F8000CFC2846FFF7F2FA20461CF03BFB294697
:10F3080020461DF000FC20461CF003FD214600208D
:10F318001DF086FCBFE72B441B7B043B072BBBD8A7
:10F3280001A252F823F000BF51F3000877F3000858
:10F33800D9F30008A1F20008A1F20008A1F2000820
:10F34800A1F20008EFF3000820464FF400711CF00A
:10F3580024F8AA7920460C322A4402F10903002134
:10F3680001321CF094FC28460FF074F893E74FF430
:10F378008060FFF77FF9B0B100274FF400612046A5
:10F388001CF00BF82046CDE90577FDF761FC064631
:10F3980020461BF0FEFF39460346009505AAB0B289
:10F3A8001DF0C0F977E7214601201BF0EBFF00F1C3
:10F3B800120120461CF0C2FC062128461DF0A5FBC0
:10F3C8002846FFF78BFA294620461DF09CFB62E78A
:10F3D80028460FF03FF8214601201DF051FC204639
:10F3E8001CF097FC57E725F097FD06464FF400718F
:10F3F80020461BF0D2FF4FF4805120461BF0D5FF6A
:10F40800304625F07BFD4FF4C06120461BF0D0FF4D
:10F41800294620461DF077FB214601201BF0B2FF4C
:10F42800C268054682B1937901210C331A4402F16E
:10F43800130320460B321CF02AFC20461CF043FC28
:10F448002046E9681DF05FFB0023EB6023E70020FE
:10F4580022E700BF91D0020810B5074C07492046A3
:10F4680000221DF0E9FC2046FFF7C0F9BDE8104076
:10F4780001200021FFF704B9AC180020C5F10008ED
:10F4880038B505460C461BF086FF00F0180010281A
:10F4980006D121462846BDE83840044A1DF061BC23
:10F4A80020460EF0D7FF0C2038BD00BFC9F0000879
:10F4B80038B50C468B7905460C331944E35C142B9C
:10F4C80003D0152B0FD0002038BD01311DF0AEFE42
:10F4D8001521284622461DF0F1FE214628461DF03A
:10F4E80012FB0120F0E7014601201BF04BFF0B4BFC
:10F4F80082689A4203D020460EF0ACFFF1E7A1796A
:10F50800284621440D311DF091FE20460EF0A2FF41
:10F51800294601201DF084FBE3E700BF19D3020848
:10F5280037B504460D460A4614211DF0C7FE294684
:10F5380020461DF0E8FA032120461BF083FF302205
:10F548000346009221460120024A1DF02AFB0020B2
:10F5580003B030BD19D3020810B5074C074920463F
:10F56800074A1DF069FC2046FFF740F9BDE8104046
:10F5780020200021FFF784B8B8180020B9F400084B
:10F588001DD3020873B51E46ADF800208DF8023071
:10F59800009B044601A801930D4611461DF030FE5C
:10F5A8009DF80630B34203D1BDF804308B4205D034
:10F5B80028460EF04FFF122002B070BD20461CF006
:10F5C8005DF89DF80230827A9A4209D18288BDF8A6
:10F5D80000309A4204D128460EF03CFF0020EBE7A9
:10F5E800694620461CF029FB29462046014A1DF0A1
:10F5F800B8FBE1E729F500082DE9F04116461A4362
:10F6080007460C461D46BDF8188005D12046BDE8C2
:10F61800F04111461DF0D1BE414620461DF09BFA2F
:10F6280078B1214638461BF0ADFE40238674C57478
:10F638002146069338464346BDE8F041024A1DF08C
:10F64800B0BABDE8F08100BF7BD40208F7B5054623
:10F658000E46014601201BF095FE036813F0F00FDB
:10F6680003D0294601201DF00BFB28461CF087F922
:10F67800B3790C3333445F789B781F400378C3F326
:10F68800030000EA131038401DF071FE044668B903
:10F6980028461DF075FE38401DF069FE044628B95D
:10F6A80028461CF06FF901F043FF04462846002164
:10F6B8001BF0E6FF172130461DF027FA3046FFF70A
:10F6C8000DF931464470847028461DF01CFA032158
:10F6D80028461BF0B7FE4022034600922946002028
:10F6E800024A1DF05EFA03B0F0BD00BF31D4020833
:10F6F8002DE9FF4107460E461446DFF83880434699
:10F70800694638460A4A02F011FD0028F7D0102C45
:10F71800254628BF102530462A46694621F07FFE37
:10F72800641B2F442E44EAD104B0BDE8F08100BF29
:10F73800B8240020A824002030B589B020226946CA
:10F74800FFF7D6FF6A460C4D04AB144603CC9C4227
:10F7580028606960224605F10805F6D1074C08AD16
:10F768001A4603CAAA4220606160134604F10804DD
:10F77800F6D109B030BD00BFA8240020B82400206D
:10F7880010B588B0694620200EF0FAFF044630B95B
:10F798006846FFF7D1FF0122024B83F8202020465C
:10F7A80008B010BDA824002070B5134B054693F887
:10F7B80020300C468CB00BB9FFF7E2FF0023CDE9EF
:10F7C8000033CDE9023354B91C22214605A804941C
:10F7D80021F01AFE04A8FFF7AFFF0CB070BD102C83
:10F7E800264628BF1026294632466846FFF780FF7E
:10F7F8003544A41BE7E700BFA824002008B581B260
:10F8080007481CF016FB012000F00EFD30B9054A30
:10F81800536919075CBF43F00403536108BD00BF77
:10F82800CC180020C418002001238340DB4306497C
:10F8380001F1240252E8002F1A4001F1240C4CE88F
:10F8480000200028F4D17047C41800200123074A7B
:10F8580003FA00F002F1240353E8003F034302F1E6
:10F86800240C4CE800310029F4D17047C41800205A
:10F87800044A4FF08040536A43F40023536206F071
:10F88800DBBE00BFC418002038B54FF010131D4C64
:10F898000122E3624FF4E063238647F6FF730025F5
:10F8A800A4F8603094F86730656262F3030384F863
:10F8B8006730154A154BC4E91632FEF73BFF4FF483
:10F8C8008073A4F84830124B84F85600E361114B5A
:10F8D80065611A6829461378527804F108001344C0
:10F8E8005B106376A4F8BC50A4F8B4501CF0A1FADD
:10F8F800294604F194001CF09CFABDE838401EF03B
:10F9080090B800BFC418002055555500D6BE898E42
:10F9180015D70208941800202DE9F843224C99467F
:10F92800636A0F46DB0715469DF824609DF828801A
:10F9380038D480B30120FFF789FF636A9DF820203F
:10F9480023F4C07343EAC213052E636284F854603B
:10F9580007D101F053FF50B96D00ADB2BD4228BFC9
:10F968003D4694F854001DF0C7FE00F00F0694F8C9
:10F978006730A78566F3030384F86730E585636A13
:10F9880084F83090B8F1000F09D043F480130120B7
:10F998006362BDE8F8830120FFF746FFCDE723F453
:10F9A8008013F4E70020F4E7C4180020024B586ADB
:10F9B800C0F38000704700BFC418002010B51D4C6C
:10F9C800FFF7F4FF636A13F0010313D1A8B994F8A1
:10F9D800663094F83110253BDBB20133DBB2032BE0
:10F9E80028BF002341FA03F2D207F6D5253384F85D
:10F9F800663018E094F8543010B194F85520134349
:10FA080003F00503052BE2D101F0F8FE0028DED152
:10FA180094F8673003F00F02012A05D1032262F33C
:10FA2800030384F8673010BD012262F3030384F8EE
:10FA38006730CCE7C4180020024B586A00F0010078
:10FA4800704700BFC4180020F8B52C4C18B1636982
:10FA580043F0100363611DF01AFF40F27121E28D3B
:10FA6800E66C151F4D43AE42236DA78D18D2A3F542
:10FA7800967301FB0733E768181A23893B448342CE
:10FA88000EDA51436369891B43F0100363618142B5
:10FA9800D4BF216120611948BDE8F84000F0CEBB11
:10FAA80040F271277A43A2F5E1722261FFF786FFDF
:10FAB800236DA28DAE4207FB0233636023654FF0CE
:10FAC8000003E3640E4B0CD31A68616A137B490781
:10FAD800617E4CBF927912780B4493420CDC6376BA
:10FAE800D9E7626A1B685207197B4CBFDA795A78E2
:10FAF800637E5B1A9342F2DA6276CCE7C418002080
:10FB08009418002038B505460D4C80B10320FFF746
:10FB18008BFE002384F845300123A4F846300420E6
:10FB2800FFF782FEBDE838401020FFF77DBE0520B4
:10FB3800FFF77AFE012384F8B650A4F8B830EEE750
:10FB4800C4180020274B70B55A6A0D4609B316072A
:10FB580047D503F1450603F1460428B3D1061FD55E
:10FB68002388012B1CD95B0804202380FFF75CFE47
:10FB78001020FFF759FE1DF04EFE2388B0FBF3F26C
:10FB880002FB1300307055B30320BDE87040FFF747
:10FB98004BBE940625D503F1B60603F1B804DCE79D
:10FBA8000420FFF753FEE3E7D20314D5B3F8461059
:10FBB800B3F8482091420ED222881020520092B207
:10FBC8002280B3F84830934228BF13462380FFF7BA
:10FBD8002BFE0420CDE71020FFF738FEF9E70520BB
:10FBE800D3E770BDC418002070B58AB005466B46CF
:10FBF800484AAC7910685168127A03C30C3408205B
:10FC08001A702C44FEF736FD20B101222846A11DAA
:10FC180021F06FFE0021A379CDF821108DF80F3067
:10FC2800A37AADF8251003F00F0303F128026A4404
:10FC380012F8282C8DF82010ADF81020062B08D8C3
:10FC4800DFE803F0044F07075F074B000D20FFF7BD
:10FC5800FDFDA37A0DF11301C3F380138DF8123063
:10FC6800E3680DF11200CDF81330238A09AEADF820
:10FC7800173000231A461AF0C7FFE3791C218DF8C4
:10FC880019304FF47F43ADF81A307F238DF81C30BC
:10FC9800637928468DF81D300023ADF81E30AB7906
:10FCA80003AC1233AB7121F088FEAB792B440C33D3
:10FCB800224603CAB24218605960144603F1080389
:10FCC800F6D1106829461860134821F01DFF4FF03F
:10FCD800804006F0B1FC0AB070BD0D20FFF7A4FD0E
:10FCE800B7E7D4F81230CDF82130E38AADF82530E3
:10FCF800EB79063BEB71A37AC3F3C0138DF8203080
:10FD0800A7E7064B5B6A9B0444BF42F00102ADF8CB
:10FD180010209EE7C76C0308E4180020C4180020D0
:10FD280070B583790C33C4182379DA0702D44FF0FD
:10FD3800FF3070BDA37AE27A03F00F05082DF6D8DC
:10FD4800062D01D92846F4E7911F1F29EFD8012D68
:10FD58001FD10C2AEBD1244E736A13F0060F01D180
:10FD6800DB05EFD41AF05DFF20B91AF051FF002827
:10FD7800E8D1DCE7A37A96F83020C3F3C010B2EBE1
:10FD8800D31FD4D104F1120100F00100FEF784FB67
:10FD9800EDE7042DD6D11449144A486A0240002AD6
:10FDA800C5D0C96B0029CDD08A79C3F380130C3232
:10FDB80088188A5CB3EBD21F08D01AF032FF0028EB
:10FDC800C0D11AF01CFF0028BCDBB0E704F10C011D
:10FDD8000622083021F0EEFA04461AF022FF002825
:10FDE800B0D1002CAED0ECE7C41800200800040005
:10FDF800F0B5244C87B0606B00B3A76BBE79FCF7F5
:10FE080027FF0223FF210C36BA5DCDE90431BD1965
:10FE180095F8233000215B090393AB8BD209029339
:10FE28006B8B80B201932B8B009305F108031CF0B8
:10FE38008FFB606BFDF7F4F900236363A06B0EF092
:10FE480009FB0023A363636A23F00402DB076262F1
:10FE58000CD594F85450052D0AD101F0CFFC38B1D7
:10FE680094F8673065F3030384F8673007B0F0BD92
:10FE780094F854001DF040FC94F8673060F30303D5
:10FE8800F2E700BFC418002013B5154C25F044F85C
:10FE9800236A01930023236225F030F8019BA3B95C
:10FEA800636A1A0406D51CF04AF8A0B1636A23F401
:10FEB80000436362636A1B0305D5FFF799FF636A12
:10FEC80023F40023636202B010BD01A821F053FDA2
:10FED8001CF0A0F8E2E74FF0804006F0ADFBE9E740
:10FEE800C418002038B50E4D044600F079FFE86BC1
:10FEF80018B10EF0AFFA0023EB631BF0AAFF094814
:10FF0800FDF7FCFFAB6B0BB1FFF7B2FC21460448D1
:10FF180000F0E2F9BDE83840034821F00EBD00BF0B
:10FF2800C4180020CC180020E4180020034B586A9D
:10FF380010F0050001D1FFF7D5BF7047C4180020A5
:10FF480070B53B4C1646636A03F0010270B95AB1AA
:10FF580024F0E2FF636A054623F001036362FFF7BA
:10FF6800E5FF284624F0CAFF002070BD002AFBD117
:10FF78009B0704D5E36BBBB10120FFF7C3FD94F8E1
:10FF8800303003F0FD03012B16D024F0C5FF0546E1
:10FF9800C6B10E20FFF75AFC1DF079FC42F210732F
:10FFA80003FB0600A06210E0022021F08AFEE06355
:10FFB8000028E1D10720D8E7FEF7BEFA0028E4D1EF
:10FFC8001220D2E70E20FFF72FFC0020FFF73EFC9F
:10FFD800636A13F00403C4D140F27122E364E38D31
:10FFE800E260023B534323611DF015FC0323B0FB81
:08FFF800F3F303EB4303C31A0A
:020000040801F1
:10000000253384F86630FFF7DDFC1DF044FC6060AA
:100010002065B4F8BC00002808BFF520FFF7F2FB0C
:10002000064B05481A681378527813445B106376C0
:1000300000F008F999E700BFC418002094180020C8
:1000400038B51A4C0546636923F01003636100F06C
:10005000CBFEB4F8BC302BB9A36813F4601F08BF03
:10006000A4F8BC300121114800F03AF9104BE361CB
:10007000636A5A0405D485F00100BDE83840FFF7F3
:10008000E7BCA26A6168521A002AF4DA23F001037D
:1000900043F400436362FFF74DFF4FF0804006F0EA
:1000A000CFFAFFF787FC0028E5D138BDC41800203F
:1000B00015D7020808B5FFF77DFCB0B10B4B586AA5
:1000C00020F0040210F001005A6203D1BDE808409C
:1000D000FFF70CBF00F088FE1BF0BFFEFFF7CCFB64
:1000E000BDE808400020FFF7ABBF08BDC4180020E2
:1000F0002DE9F04F4FF0000B304C89B0A66B636BCD
:10010000B779C4E90DBB0C37F51901936B6A9046BA
:1001100082468946039301F0BFFEF35D05F10807AF
:100120003946C3F3C01306A88DF818301AF085FDC0
:10013000FF238DF81930636A01A8C3F380230E35BD
:100140008DF81A30CDE904578DF808B08DF81BA052
:100150008DF81C908DF81D80FDF716F930460EF0D5
:100160007DF9636A23F02402DB07626205D4012073
:10017000FFF7BCFE09B0BDE8F08F114B94F8545066
:100180001A68052D1378527813444FEA6303637697
:100190000FD094F854001DF0B3FA00F00F0594F856
:1001A0006730012065F3030384F86730FFF748FFE9
:1001B000E0E701F027FB0028EBD0F0E7C4180020AF
:1001C0009418002010B5074C2368DA0607D523F0F1
:1001D0001003236018B90120A1681AF0D9FC00238C
:1001E000A36010BD84190020014610B5044602200A
:1001F0001AF0CEFC054B1B68D90305D463691A07B6
:100200005CBF43F00403636110BD00BF841900208C
:10021000014BD868DC38704784190020034B10B5B7
:10022000DC681DF038FBDC3C201A10BD841900206E
:10023000034B1B6813EA004314BF012000207047E2
:100240008419002038B50023036043690446580729
:100250000DD5204650F8081FC90C01F4FC7141F07F
:100260000501FDF7FDFD636923F004036361636924
:10027000D90602D51DF00FFB60601848024652F8FF
:10028000043F8BB92360146083684BB1617E5A7E52
:10029000914219D26269D2060ED50020FFF792FF73
:1002A000BDE838401CF02BBB59686568491B002924
:1002B000E8DA1A461B68E4E75A681B691344626867
:1002C0009B1A002BECDBE8E71A895B68D31A62689B
:1002D0001344E268D342E3D5DFE700BF841900206E
:1002E00038B504460A4D0846AB68A34201D1FFF772
:1002F00069FF6B68074A1BB1A342196804D11160FA
:10030000BDE838401CF0FBBA1A460B46F3E700BFC5
:1003100084190020881900202DE9F047754D2B68BD
:100320005B0700F1AF80AB68002B40F0AB8055E875
:10033000003F43F0040345E80032002AF7D16C681F
:100340009CB11DF0A8FAD4E9043717F0100F064647
:10035000A26819D010FA82F262602068D4F8048092
:1003600038BBDC334344C5E9024355E8003F23F082
:10037000040345E80037002FF7D1AC68002C74D196
:10038000BDE8F04701F0D8BB606892B2811AFF0760
:10039000A1EB060109D40029DFDAE768DF1BCF42B1
:1003A00005D432441844831AD6E70029D5DA20460A
:1003B0004FE041690289CF06D0F804E048BF06EB60
:1003C000020EAEEB020211F0010C11BF1146D0E992
:1003D0000371C91B891808EB03077F1A002F28DD5A
:1003E000BB4205D9E768A1EB0801DC378F423AD957
:1003F000D4F814A01AF0010F1DD12169D0F80C9087
:1004000027894144A1EB0901C91BE768A1EB0E0153
:10041000DC37B9420FDD971BBCF1000F03D1016936
:10042000A1EB09010F44002F05DB4B46C0F804E0A7
:100430000446006892E7477E617E8F42F9D2921BA4
:10044000BCF1000F03D1D0E903135B1A1A44002A50
:1004500002DAFFF7C9FE72E71AF0100FA7D0C368DF
:10046000C0F804E0E4E70B46E3E7A36813F4601F79
:10047000C3F3C24008D121462B6843F010032B6020
:100480001AF086FBBDE8F08704F108063046FDF758
:10049000F5FC2B68214643F010032B60F8B91AF0E5
:1004A00077FBA36813F4601F4FEAD341C3F3C2453F
:1004B00017D0013DEDB201F4FC7130462943FDF740
:1004C000CFFC03213046FDF737FD75B1A268237ECE
:1004D0001344120C9BB212041343A360D2E73846B4
:1004E000CEE703213046FDF727FD3046FDF70AFD34
:1004F000ECE700BF8419002008B5034B996809B1E7
:100500001AF046FB08BD00BF84190020014B986813
:10051000704700BF841900200A4B70B59C68844264
:100520000FD1214601201AF033FB666825891DF0A2
:10053000B2F9AD1BC54221464CBF002002201AF083
:1005400027FB70BD84190020054B1B681B6A13F044
:10055000100003D013F0030018BF0120704700BF44
:10056000941900202DE9F34100264FF0FF31044695
:1005700001A8019601F068F9019949B12046FCF7FC
:1005800085FA032806D005282FD001A821F0D9F933
:10059000012023E01B4D1C4801F0ECFC2B68304689
:1005A000597E01F09DFB2F68184E786BD6F80880B5
:1005B00021F04CFA4146024638461AF0F6FD2B6807
:1005C000B0685B6B036001F03DFB2B681B6ADB04CA
:1005D00007D5204601991AF0B0FD002002B0BDE811
:1005E000F08101A821F0ADF9F7E7019801F0E2F9F7
:1005F000204601991AF056FD0028C9D0304601F076
:10060000B9FCEAE794190020E1070108D01700209F
:1006100038B5264904460B7D4A7D0133DBB2B3EB86
:10062000921F0B7503D3032300200B7538BD016A9D
:10063000C9022ED5032390F88220243A92FBF3F3CB
:1006400003EB4303D21A2532D2B2B4F8481094F81F
:10065000833011F01001B4F9620084F8822003F0B5
:100660000F031CD11DF088F904F1740501462846DA
:100670001DF023F9284601F0ABFA0022114610467E
:100680001AF088FA94F8820000211DF074F9012014
:10069000CCE75B001A4102F003022532D5E702469F
:1006A0001946002001F098FEDEE700BFD0170020B9
:1006B0001F4B2DE9F04104461860006B21F0C6F98C
:1006C00001462046FCF772F9B4F84830194E03F0A1
:1006D0001403142B0CBF0022226BB36820461A604F
:1006E000FFF796FFFFF730FF134B051E134808BFB7
:1006F000184601F03FFC6369676803F010081DF0BD
:10070000CAF86D000346627EE8B2B8F1000F03D16B
:10071000FF1AB7F59B7F07D5114601F0BFFAB06805
:10072000BDE8F04101F08EBA61681DF0BAF8F6E755
:1007300094190020D0170020CD0701081D080108DA
:1007400070B50546FFF700FF104B041E104808BFA8
:10075000184601F00FFC2846FFF75AFF0D4E0546DC
:1007600060B133686000597E00F0FE0001F096FA37
:10077000BDE87040084B986801F064BA01F0FAFBDC
:1007800029463068BDE87040FBF750BECD07010830
:100790001D08010894190020D0170020034610B549
:1007A000094C052B20680AD0062B0CD1002001F043
:1007B000E1FB20680121BDE81040FBF737BEBDE832
:1007C0001040FFF7BDBF10BD94190020032803D1CE
:1007D000024B1868FFF7B4BFFFF7E0BF9419002081
:1007E0000C4B032810B51C680FD1206B21F02EF99B
:1007F00001462046FCF7DAF8074B226B9B6820463F
:10080000BDE810401A60FFF79BBFBDE81040FFF73E
:10081000C5BF00BF94190020D01700200E4A03283E
:1008200010B5146805D0042809D0BDE81040FFF7C2
:10083000B5BF617E0120BDE8104001F0EDB9204652
:10084000FFF790FE30B101F027FB2046BDE81040D5
:10085000FFF776BF10BD00BF9419002038B50D46D4
:100860000446002001F086FB01F016FB29462046D5
:10087000FCF726FA0022014B1A6038BD98190020B7
:100880000123074A03FA00F002F1140353E8003F82
:10089000034302F1140C4CE800310029F4D17047F5
:1008A000E8170020F8B5244F05467B690C4613F481
:1008B000C07F03D099063BD401200CE039B15A0720
:1008C00005D4D5F8A43013B90820FFF7D9FF7B6908
:1008D0009B0601D50020F8BD7B7FAE6A022B06F097
:1008E000080604D916B114B90220F4E7E4B995F862
:1008F000921095F83701063100F00F0000F0F8FD76
:1009000085B20EB904B16D00FFF788FCA8420DDB7B
:100910007B6913F01C0FDDD11EB1002CDAD105204C
:10092000D9E7002CFBD1D5E70320D4E70420D2E798
:10093000002CCFD0C3E700BFE817002038B504462D
:10094000114D4FF480616B69283043F400736B6183
:100950001CF050FF012120461AF02EFD00212046F8
:10096000FFF7A0FF014620B12046BDE83840FFF761
:1009700075BF6869617E80F48070C0F30020BDE8B7
:10098000384001F049B900BFE817002038B50446E7
:100990000B4B186000F5947001F01AF92046FCF733
:1009A0005BF9C4B220461AF001F9054620461AF058
:1009B000FFF82946024602201AF0ECF838BD00BFC5
:1009C0009819002008B5002001F0D4FA01F064FA6B
:1009D0000022014B1A6008BD9819002010B504468A
:1009E000FFF7D4FF064801F0C5FA6168226C637E08
:1009F0001120BDE8104001EB920201F0EFB900BFF9
:100A0000F90C0108454B37B51C680023A26A019315
:100A10005005D4F8A03012D504F1A400019320F0C1
:100A2000AEFFC4F8A00050B194F846314FF4806195
:100A3000013B84F8463104F128001CF0DBFED4F8B9
:100A4000A0500DB9364B9D6894F94631022B0DDC50
:100A5000D4F8A83013B1A36AD90502D5D4F8AC30C4
:100A600023B14FF480512046FCF70CF9D4F8A410C0
:100A7000A36A002914BF01210021AA794FEA830348
:100A800002F10C0203F00C0343EA0113A95C21F00C
:100A90001C0143EA0103AB540DD1214A02F11403B6
:100AA00053E8003F23F0080302F1140040E800314E
:100AB0000029F3D102E00320FFF7E2FE284601F00F
:100AC000C1F82046FCF7C8F8AB792B445B7B1BB11F
:100AD000012180B21AF081F8019B53B15B7903F0D8
:100AE0000A03082B02D12046FCF7F6FB01A820F0F0
:100AF00028FF6B799A070ED5A36A1B040BD5082033
:100B0000FFF7BEFE4FF4004104F1280003B0BDE83A
:100B100030401CF06FBE03B030BD00BF98190020FC
:100B2000E817002000232DE9F04385B00446032197
:100B300003A8039300F088FE039D35B9F4212046F5
:100B4000FFF78CFE05B0BDE8F083AB79694F0C333D
:100B50001D442A797B69D6074FD4DD064CBF072098
:100B60000420FFF78DFE002601212046FFF79AFEA4
:100B7000054650B97869617E80F48070C0F300202A
:100B8000400001F0ADF8FFF73DFF039800F012FFC1
:100B9000DDF80C807A6998F80630510603F10C03F1
:100BA00008EB030915D458F8033006203B61FFF722
:100BB00067FEA36A1A060CD404F1280252E8003F2B
:100BC00043F0800342E800310029F7D10120FFF70C
:100BD00057FE494620461AF0F5FB99F80430DB072A
:100BE00040F18480002E52D11DB129462046FFF7E6
:100BF00035FE03A800F0DCFCA4E7012023F010037D
:100C00007B61FFF73DFEAE7AF0062FD50220FFF79D
:100C100037FEA36AAA7A83F00203C2F38002C3F309
:100C200040039A422FD14FF4006104F128001CF0D8
:100C3000E1FD50E8002F42F4806240E80023002BE1
:100C4000F7D1A26A82F00202A2627B77AA7AA36A33
:100C5000C2F3C00203F001018A4284D183F0010390
:100C600016F0030618BF0126A3627DE707F11403FF
:100C700053E8003F23F0040307F1140141E8003278
:100C8000002AF3D1C5E77B7F0133DBB2DDE72046E5
:100C9000FBF7E2FFC0B219F089FF06462046FBF7DA
:100CA000DBFFCDF80480A38F82B20093314600238E
:100CB000022019F077FF4FF0FF3103A800F0C4FDC8
:100CC000039B9A791344DB7D002B8DD02046FBF7E4
:100CD000C3FF012180B219F080FF20460399FCF781
:100CE00025FB002D3FF42EAF294628E7002E3FF4C8
:100CF0007BAFE0E7E817002008B50346114A042B54
:100D000010680BD002D8032B18D008BD053B012B6F
:100D1000FBD8BDE80840F121FFF7A0BDFFF702FFB7
:100D2000094A02F1140353E8003F23F0200302F1C3
:100D3000140040E800310029F3D1E6E7BDE808409F
:100D4000FFF7FCBD98190020E8170020164B033868
:100D500010B51C68032818D8DFE800F00702181E39
:100D60002046BDE81040FFF7DDBE2046FFF7E6FD58
:100D70000E4A02F1140353E8003F23F0200302F16E
:100D8000140040E800310029F3D110BDF1212046C4
:100D9000BDE81040FFF762BD4FF4806104F1280008
:100DA0001CF028FDF221F2E798190020E817002036
:100DB00010B50446FFF7EAFD054801F0DBF8FFF740
:100DC00021FE627E61680220BDE810401CF069BD12
:100DD0004D0D0108034B5B6A13F0060F0CBFE220B8
:100DE000F1207047C418002008B5FFF78FFB054BB2
:100DF000834206D101F050F8BDE80840002001F020
:100E0000B9B808BDC418002070B51E4C1E4801F0CA
:100E1000B1F894F8673094F8662003F00F030021CE
:100E2000C8201CF0A9FD014604F158001CF045FD46
:100E300004F1580000F0CCFE00221146104619F0D3
:100E4000A9FE66681CF027FD0246FFF7C3FFB61A2D
:100E5000B6F5FA6F054609DCFFF7DAF9627EA0F510
:100E6000E1712846BDE8704000F07EBF6668FFF77C
:100E7000CFF93146637EA0F5E1722846BDE87040A7
:100E800000F0ACBFC4180020F912010838B501F019
:100E900003F8FFF7C3F9B0F5967F0D4C0CDDFFF7B3
:100EA00099FF0546FFF7B4F9627EA0F5E171284687
:100EB000BDE8384000F058BF1CF0EDFCE36C626800
:100EC0009B1A0344E3640020BDE838401CF02FBCAB
:100ED000C4180020F7B5104C064694F845500F464C
:100EE0002DB10020013D84F8455003B0F0BD0B4BFF
:100EF00002201B68597800F0F3FE94F830303A462F
:100F0000CDE9005331460323E06B1CF041FCE06B5C
:100F100000F098FE0120E8E7C41800209418002093
:100F2000094A02F1240353E8003F43F0080302F1A9
:100F3000240040E800310029F3D1044B01201B6854
:100F4000597800F069BE00BFC41800209418002032
:100F50000289438940F271205B004343D0B25B1A9F
:100F60004343120AB3FBF2F3024A126811445818C1
:100F7000704700BFDC1C002030B58C1AE41A002C2E
:100F800008DA124C551A64681D44B5FBF4F505FBEC
:100F900004442144134440F2E242CB1AB3FBF2F37F
:100FA0009BB242892BB940F27124530004FB031118
:100FB00013460132B3FBF2F402FB1432028140F219
:100FC000E2409B1A00FB131030BD00BFDC1C002068
:100FD0002DE97043064618469DF818308946144698
:100FE000E3B9C31E012B8CBF02250325222100F08B
:100FF0007FFA40F27128154B6D005B6808FB05F520
:1010000081446BB121463046FFF7A2FF4A460146B4
:10101000ABB23046BDE87043FFF7AEBF0125E5E750
:10102000738934890133B4FBF3F203FB1244F3797F
:1010300034815B00640008FB03F308FB04F404EB59
:10104000530404EB09002844BDE87083DC1C002035
:1010500070B50A4C636A5B070DD58B790C33CD18DC
:1010600050B9E879CE58298900F042FA064426643E
:101070006B7984F8443070BD0120F3E7C418002078
:101080002DE9F04F16468DB0021E069108BF0021D3
:101090001F46954B05929D6B5B6AAC7938460C34C4
:1010A0002A5DC3F3801A61F345122A55314603F0D5
:1010B0004002039219F0BBFD05EB04080790285D80
:1010C00008F1080B5946C00919F0B1FD039B814690
:1010D000002B44D1002844D119F0A7FD80F0010372
:1010E000DBB252463146384603F001031CF0F3FBF5
:1010F0000490002800F08A80039B002B33D1B9F1C3
:10110000000F75D1079B002B72D019F07FFD0028CE
:101110006ED001220AA90DF1270019F08AFD0028DE
:1011200074D09DF827302A5D591E4B424B41B3EBDA
:10113000D21F6BD1062258460AA920F03FF9002899
:1011400064D13368C8F80830B388ABF804302B5D3D
:1011500067F3C7132B554FF00009CA4619E0012366
:10116000BFE7039BBDE7604B5B6A13F400791CD1BA
:1011700015F804A0CAF3801A484619F05FFD3368D9
:10118000C8F80830B388ABF804302B5D67F3C71399
:101190002B55059B544E002B3ED196F8B630002BB4
:1011A0003AD0013B86F8B63030E019F02CFD00282B
:1011B00006DA15F804A04FF00009CAF3801ADBE73D
:1011C00000221146104619F02EFD15F804A08146A4
:1011D000CAF3801A0028CFD0002302211A4608EB58
:1011E00001001CF0ADFA2B5D60F386132B55C3E7AD
:1011F0007A1E57422B5D5741B7EBD31F06D106220B
:101200003146584620F0DAF80028A4D00023049391
:1012100004980DB0BDE8F08F1CF03DFB07461AF0B6
:10122000B1F8059B02463946009308F10E009DF87F
:101230005830FFF7CDFE2D4B059A07461B68A2B923
:101240005978022000F04CFDB06B00F0FBFCB36B52
:101250009A7913441F63FFF759F9254BC361069B25
:10126000BBB9736A23F4806316E0D979002000F0DB
:1012700037FDB06B00F0E6FCB36B1E489A7913445F
:101280001F6300F077FE069BC3B9736A23F4806383
:1012900017E0736A43F480637362039B9BB1B9F1F7
:1012A000000FB5D0002351461A4608F102001CF089
:1012B00047FA2B5D60F386132B55A9E7736A43F455
:1012C00080637362EBE72B5D0022C3F3C0135946C2
:1012D0000AA88DF8283019F0ACFC2B5D9DF8282069
:1012E00062F3C7132B55DAE7C418002094180020C6
:1012F00059BE0208A914010804282DE9FF471ED091
:1013000005D8032800F0C28004B0BDE8F087431F71
:10131000012BF9D805384FF0010118BF0120FEF765
:1013200015FC1CF0B8FA5E4AD36C51685B1A034492
:101330000020D36404B0BDE8F0471CF0F8B90023E6
:1013400003A84FF0FF31039300F07EFA0398DFF813
:10135000508158B1FEF7E8FC0828074603D8514BE6
:101360001E5C31070AD403A820F0EBFAD8F8243029
:1013700013F0060F15D0FFF789FD12E00728D8F803
:10138000242015D112F48012EDD1404603991AF0B1
:101390005AFD0028EAD01AF061FD10B10120FEF7D5
:1013A00057FB0121084604B0BDE8F047FEF7CEBB6D
:1013B00012F00404039D10D016F002040DD0012099
:1013C000AA790C322A44917A0090C1F380130C322E
:1013D000C1F34011FFF754FE0446284600F0EAFA34
:1013E00029460120FFF734FED8F82430DA072DD53E
:1013F00003F0800995F806A019F017FC0AF10C0A11
:10140000AA4480F001039AF80A00B9F1000218BF5B
:101410000122DBB20AF10C01C0F380101CF05BFA70
:1014200060B12CBBD8F8243028469B0733D5F4078D
:1014300010D4730731D5FEF7DBFB97E7B9F1000F46
:1014400004D1494619F0F7FB0028EAD028460DF0F0
:1014500005F818E01CF0EAFA044648B1A8790C3007
:101460002844817A0C30C1F38011FFF733FD044624
:10147000042F03D1D8F824309907E7D57207E5D5B2
:101480002846FEF7B5FB002C8BD16FE704B0BDE812
:10149000F047FFF745BD042FCBD10CF0DFFF65E728
:1014A000C4180020FE6C0308032808B50BD10848B7
:1014B00000F060FD0122074B104693F94410BDE88F
:1014C0000840FEF715BEBDE80840FFF715BF00BF96
:1014D000F9120108C418002010B50024034BC3E919
:1014E0000044EEF7F9FF204610BD00BF9C19002014
:1014F000064B10B51B680C4610B101F043F90346CA
:1015000018795B8804FB003010BD00BF9C190020D7
:10151000084B10B51B680C4610B101F033F90346B7
:101520005A88A2423DBF1B79A41AB4FBF3F00020F5
:1015300010BD00BF9C1900200138C0B203289ABF1B
:10154000014B185C00207047D16C03088BB2002956
:101550004FF00A01B4BF053B05331BB293FBF1F317
:10156000014A9080937170479C190020024B9B792F
:10157000C01A40B2704700BF9C190020024B9B88E4
:10158000C01A00B2704700BF9C190020074B1868B2
:1015900040F20D1338B9002BC1BF45224433B3FBD1
:1015A000F2F0C0B270470068453BF3E7300B002013
:1015B0002DE9F041064623F0B3FC0746FFF7E6FFAE
:1015C00035460446286818B16CB9284620F0B9F9A8
:1015D00031680A4820F09CFA384623F093FC002337
:1015E0003360BDE8F081D0F8008020F062FB2B680A
:1015F000013CC3F800802D68E4B2E3E7300B002023
:10160000024BDB6B03B11847FEF776BF300B0020AF
:10161000C04310B5054A131D53E8003F0340141D95
:1016200044E800310029F6D110BD00BF300B002086
:1016300010B5054A131D53E8003F0343141D44E849
:1016400000310029F6D110BD300B0020F8B5164648
:101650001C460746194610461CF012F9324623462E
:1016600038461CF012F9564DD5E9062300EA02046B
:1016700001EA030654EA060330D0630104F08060F7
:101680001BD56B681F062AD44E4B2340002B76D007
:1016900024F0011323F4A043334370D1EB7A012BE0
:1016A00069D140F201436A680520934314BF0023C7
:1016B0000323EB72FFF7A4FF0CE0A4F10C03334308
:1016C0006BD00D2C76F1000314D2231F334327D1A6
:1016D0001CF0D8F8204631461CF0CEF8F8BD2B1D82
:1016E00053E8003F23F08003291D41E80032002A1F
:1016F000F5D1F3E7A4F58043083B334326D004F14A
:101700007F433343C0D1EB7A022B34D16B689A0705
:101710004AD50423EB722B8C032001332B840FE07A
:10172000A4F108033343AFD1EB7A012B23D16B68CB
:10173000D90735D50323EB7204206B8C01336B84FE
:10174000FFF75EFF01201CF09CF8C3E7EB7A012B4A
:1017500032D16B68D8072BD50323EB726B8C042036
:1017600001336B84FFF74CFF01201CF08AF8EB7A01
:10177000012BAFD195E704201CF068F8AAE7124BC3
:1017800006F0200223401343A4D00420FFF750FFAB
:101790004FF0006004F054FF9CE71CF072F8C3E7C0
:1017A00013F40063C8D1C6E713F02003B3D1B1E747
:1017B00013F40063D2D1D0E704201CF047F8D6E739
:1017C000300B0020015001000DD50155014B986AE6
:1017D000704700BF300B002010B5064CA06A1FF008
:1017E00084F928B9A06A1FF082F900F0010010BD49
:1017F0000120FAE7300B0020014B986A1FF079B9FD
:10180000300B0020024B5868C0F34020704700BFE7
:10181000300B002010B504464FF40070FFF7F8FEBF
:10182000084B986A1FF067F938B10CB9002010BD59
:101830004FF40070FFF7FCFEF8E7002CF6D00C2008
:10184000F5E700BF300B00202DE9F04F0468064695
:101850008846574D89B0002C48D02046A77920F003
:10186000F5F80C3727443C890A38B8F1FF3FA4EB60
:10187000000402D04445A8BF4446B5F83890B0EB08
:10188000090713D4002C0EDD6D6B36683D44FF2C28
:10189000224629463046A8BFFF2220F02EF8241AFF
:1018A00036680544F3D109B0BDE8F08FA9EB000913
:1018B000A145A8BFA146296BC846D6F800A001EBF8
:1018C000000BB9F1000F0DD04246FF2A5946504691
:1018D000A8BFFF2220F011F8B8EB0008DAF800A04A
:1018E0008344F1D1A4EB09044F44CBE70321A86A58
:1018F00003AA1FF052F8BDF80E70A14602940A37F1
:1019000002ACE86209E023601B682B602368C3F81F
:1019100000902368002F1C4611DD2B68453F002BEB
:10192000F1D1012020F0D1F9034620600028F1D147
:10193000019002A820F005F8019B3360B3E72B1D4E
:1019400053E8003F43F008032A1D42E80034002C0E
:10195000F5D14FF0006004F073FE0298BDF810203E
:1019600043790A2143F001034371069B30606B63A6
:10197000059B2A872B638379BDF80E200C33034423
:101980001C711A812A7ADC719A719DF80C20072A41
:101990000BBF0122AB8C1A7101331FBFAB846B8C60
:1019A00003F1FF336B841FF09CFF346855E700BFE1
:1019B000300B00202DE9F041877905460C37C4191A
:1019C000237986B013F002081BD1174E43F00203AF
:1019D00023716A46D6E90A011EF0E1FF23896946B0
:1019E0000333B06AADF804301EF0DBFF009B9DF9B5
:1019F0000E00EB51FFF7BAFD6071B37A022B03D8EA
:101A0000E37106B0BDE8F0819DF81130012B04D0E0
:101A1000022B04D02BB90423F2E70323F0E70123C0
:101A2000EEE784F80780ECE7300B002037B5124B67
:101A300000F00F041B88012CADF8043015D0022CE7
:101A400015D18DF8044042F222000C4D6B68034022
:101A5000A3420ED0FFF7DCFD2046FFF7E9FDA86AA0
:101A600001A91EF00AFF03B030BD2024EBE70024DB
:101A7000E9E70020F7E700BFFC6C0308300B00200B
:101A80002DE9FF411646022300270D46124C8046E1
:101A9000A06AE372CDE9027704F0A8FF30468DF822
:101AA0000C7002951BF0EAFE00903A46617AA06A3B
:101AB00002AB1EF033FE0446074648B94046FFF726
:101AC000B5FF334604463A46012128461BF0D2FEB4
:101AD000204604B0BDE8F081300B002037B5144B30
:101AE00000F00F041B88012CADF8043014D0022C38
:101AF00016D0002441F601000E4D6B680340A3424E
:101B000013D0FFF785FD2046FFF792FDA86A01A9D3
:101B10001EF0C9FE03B030BD04238DF80430E9E7A0
:101B20008DF804404FF40064E4E70020F2E700BFC2
:101B3000FC6C0308300B0020002210B5084C104646
:101B400011461BF096FEA06A04F050FF1BF09CFEAD
:101B500020461FF0F6FEBDE810400820FFF758BDF4
:101B6000300B0020014B986A1FF003B8300B0020A7
:101B700038B5154C0546A37A834211D0431E042B79
:101B800008D8DFE803F0030E12171900A06A05F069
:101B90009FFB28B92846A57200F0F4FD0B4B186096
:101BA00038BDA06A1BF079FEF3E70121A06A1BF0A3
:101BB00076FEEEE70321F9E7FFF724FE0028E9D0DF
:101BC000A06AFFF7CFFFE4E7300B00209C1900204C
:101BD00073B50446408900F05FFC0E4DA07B0026E3
:101BE00028721BF01EFE6872E07B00F00F00FFF70A
:101BF000BFFF0096A37BD4E90021A86A1EF0ECFF8A
:101C000032463146304618F0C5FF20681BF03BFED7
:101C100002B070BD300B00200122094B10B50C46FC
:101C2000DA72FFF75BFF10B104201BF00FFE2246B3
:101C3000002101201BF01DFE18F0ADFF10BD00BFFC
:101C4000300B0020F8B5044618F0A6FF0746A1792E
:101C5000E279114E521A0C310123B06AD2B22144FA
:101C60001EF087FEE579A379ED1A57FA85F5246809
:101C70000CB93561F8BDA179E2790023521A0C3113
:101C8000D2B2B06A21441EF074FEE379A2799B1AA5
:101C900055FA83F5EBE700BF300B0020F8B50223BF
:101CA0000E4E0D46F372FFF7C1FE044620B1BDE8AB
:101CB000F84004201BF0CABD28461BF0DFFD074694
:101CC0002A46214601201BF0D4FD3B462246717A6C
:101CD000B06A1EF021FD0028E9D1F8BD300B0020CC
:101CE0000222084B10B50C46DA72FFF79FFE10B1C6
:101CF00004201BF0ABFD2246002101201BF0B9FDA2
:101D000010BD00BF300B0020014B187B704700BF97
:101D1000300B002068B1084B194653F8042F0AB164
:101D20008242FAD25B1A9B10013BDBB2034A137367
:101D300070470123FAE700BFD86C0308300B00207E
:101D400010B5084C606810F480700AD0A06A1EF0CC
:101D500040FE30B90121A06A1EF039FE80F001007A
:101D6000C0B210BD300B00200023F0B5012785B0B4
:101D7000194E00938DF80C30C0F340138DF80E30DF
:101D8000C0F3001304461546F7728DF804700291F3
:101D90008DF80D30FFF7A2FE20B104201BF056FD98
:101DA00005B0F0BD28461BF069FD717A03466A460E
:101DB000B06A1EF0B5FC2A46C4F3801106463846C8
:101DC0001BF057FD18F0E7FE230601D5FFF7B8FF1B
:101DD000002EE2D1E4E700BF300B00202DE9F043F4
:101DE0004FF0010985B0244F04460D46904600216E
:101DF000102268461E4687F80B901FF009FBB86A50
:101E000004F0F4FD0023E20600958DF80430CDF8CF
:101E1000088006D5194B1B681B888DF80D9043442C
:101E20000293002330468DF80C30C4F340138DF834
:101E30000E301BF023FD6A460346797AB86A1EF01D
:101E40006FFC28B104201BF001FD05B0BDE8F08354
:101E50002046FFF743FE33460121C4F380120746B4
:101E600028461BF007FD18F096FE230601D5FFF764
:101E700067FF002FE6D1E8E7300B00209C19002017
:101E8000044B5A68D20503D50021986A1EF09FBD05
:101E9000704700BF300B002038B5114CE37A23B1F6
:101EA0000022114610461BF0E4FC00252846E5728E
:101EB0001BF0E7FC01220321A06A1EF01EFC2A464B
:101EC0000121A06A1EF06FFDFFF7DAFF8020FFF707
:101ED0009FFBBDE838404FF44050FFF7A9BB00BF5F
:101EE000300B002008B5FFF7D7FF044A0620D38C3B
:101EF0000133D384BDE80840FFF782BB300B0020DC
:101F0000F8B51B4D6B68590704D50420FFF780FB1B
:101F1000FFF7E8FF6B681A070FD523F001F80646B4
:101F2000FFF734FB0446124F24B101201FF0CDFE11
:101F30000146A8B9304622F0E5FF6B68DB0615D5EF
:101F40001020FFF765FB00F021F878B122F0E8FFE0
:101F50000446FFF7C7FF2046BDE8F84022F0D2BF95
:101F60003846013C1FF0DEFDE4B2DDE7F8BD00BFFE
:101F7000300B0020014BD863704700BF300B0020AE
:101F8000014B186E80B2704700C001B80A4BD86888
:101F900000F07060B0F1106F0CD008D8B0F1E06FB5
:101FA00008D0B0F1006F14BF002001207047B0F1DD
:101FB000406FF8E701207047000002B82DE9F04FAC
:101FC00087B0074691469A46ADF80C101FF03EFDCB
:101FD000B0F100083DDD002F3ED03C464FF0000B35
:101FE000264EA379E57903F10C01ED1AEDB22144F7
:101FF00006EB0B002A461FF016FA2468AB44002CAF
:10200000EFD19DF80C101E4801F023010091C0F89B
:1020100008900DF11409424653461849CDF8049032
:10202000A04615F0B8FF3C46A379E57903F10C0012
:10203000ED1AEDB206EB080120442A461FF0F3F931
:102040002468A844002CEFD10422494638461FF0EA
:102050003AFF07B0BDE8F08F9DF80C10084801F07A
:102060002301C0F808900DF114090091534642462F
:102070000249CDF8049015F08EFFE5E7C41B00205F
:102080008C2900202DE9F04784B0904699460390B2
:10209000ADF808101FF0DAFC071F002F25DD039DA7
:1020A000002D40D04FF0000A204EAB79EC7903F1BF
:1020B0000C01E41AE4B2294406EB0A0022461FF0A0
:1020C000B2F92D68A244002DEFD11948F119C0F8DA
:1020D000088001919DF808104B4601F02301009102
:1020E0003A46124915F040FF18B1002004B0BDE88F
:1020F000F087039D7DB10746AB79EC7903F10C00C5
:10210000E41AE4B2F119284422461FF08CF92D6834
:102110002744002DF0D103A804211FF039FD012030
:1021200004B0BDE8F087014ECFE700BFC41B00201C
:102130008C29002030B514460D460246064883B06F
:102140000195802183602346009415F03BFFB0FA8F
:1021500080F0400903B030BD8C2900200023F0B589
:102160000E46D1688BB009BA0291C17890F800C0D0
:1021700061F3070381781A4D61F30F23417802AFB1
:1021800061F317436CF31F630993936851681BBA9B
:102190000393836809BA1BBA0793136842681BBA92
:1021A0000593C36812BA1BBA06AC0491AF600892DB
:1021B00006932346802229460120009415F021FF32
:1021C0000028F6D1DDE90810DDE9063200BA09BAC7
:1021D00012BA1BBA30607160B260F3600BB0F0BD30
:1021E0008C29002073B50F4B04469B7C0E4EFF2BB1
:1021F00015D10023ADF804000DF10302B06A01A966
:102200008DF8033005F024F89DF803502246294646
:10221000B06AF3F7DFFE40EA052002B070BD034B61
:102220001D78F3E73C240020300B002036240020EA
:10223000044BC2B2C0F30721986A82B002B0F3F730
:10224000DBBF00BF300B002010B50D4C0021A06A91
:1022500004F0F6FD0B49A06A1EF05FFBFE21A06AA8
:102260001EF04AFBA06A04F003FE074BB3F90C20F2
:102270008242C8BF98819A891A80DA895A8010BD33
:10228000300B0020362400203C240020F0B585B01F
:10229000ADF80210ADF8042069464FF0C812ADF851
:1022A00006304FF08213ADF80000CDE90223042080
:1022B0000B460C4C02ADB4F90C70B1F9002035F9A5
:1022C000026BBA42A8BF3A46B242A8BF32460138B2
:1022D00021F8022BF1D103CB034B6060596005B0AC
:1022E000F0BD00BF3C2400204024002073B505460B
:1022F000F4F766F82F4E0368FF2D336083882E4C69
:10230000B380337818BF1D46A5742C4D8DF801306D
:102310000DF10303A86A0DF102020DF101011EF097
:10232000DFFB9DF8013040B90133DBB20B2B8DF898
:102330000130EDD9212002B070BDA27CFF2A00D06F
:10234000A3748DF8053033709DF802308DF8043099
:102350000198FFF76DFFC828A8BFC8209DF803307B
:10236000A0818DF804300198FFF762FF144B98426A
:10237000B8BF1846E081B4F90C00FFF733FFADF8A1
:1023800004000198FFF754FFA081B4F90E00FFF795
:1023900029FFADF804000198FFF74AFF4FF6FF73DD
:1023A00023826423E0811A4618461946FFF76EFF20
:1023B0000020C0E7362400203C240020300B002001
:1023C0000CFEFFFF0346034AB2F902000BB1FFF710
:1023D000D5B870473C240020084B10B5B3F9004035
:1023E00030B903EB4103B3F902309C42A8BF1C464D
:1023F000A242A8BF2246104610BD00BF3C240020C8
:10240000014BB3F90E0070473C240020014BB3F997
:102410000C0070473C24002073B5064622F080FD76
:102420000C4D0446B5F90E00B5F90C30B042B8BFFA
:1024300030469842A8BF1846FFF7D4FEADF8040016
:102440000198FFF7F5FE6880204602B0BDE87040B5
:1024500022F058BD3C24002073B5064622F060FDF2
:102460000C4D0446B5F90C00B5F90E30B042A8BFCA
:1024700030469842B8BF1846FFF7B4FEADF80400E6
:102480000198FFF7D5FE2880204602B0BDE87040D5
:1024900022F038BD3C240020F0B5C0F3072585B0FC
:1024A000FE2DADF8040027D09DF8047022F038FD11
:1024B000124C0646637CAB420ED0114B02A9186841
:1024C0009B880290ADF80C300E4B8DF80850986A3E
:1024D0001EF023FAFF232374237CBB4206D0094B52
:1024E0003946986A1EF008FA27746574304605B0BC
:1024F000BDE8F04022F006BD05B0F0BD3C24002050
:1025000036240020300B00202DE9F84FDFF86890CA
:102510008246D9F800B088461746BBF1000F28D094
:10252000002699F80450B54207D13D7099F804008F
:10253000A84214BF0120022017E074196110C1EBFA
:10254000C10159448879C4F3470400F00100B8EB95
:10255000000003D1062250461EF030FF002806DBA3
:1025600002D0661CF6B2DEE73C70BDE8F88F254667
:10257000D9E70320F9E700BFD41C00200022014B5B
:102580001A717047D41C0020F8B5054622F0C8FC2B
:10259000104C85F3070563790646AB4205D100244C
:1025A000304622F0AFFC2046F8BD00272068657158
:1025B000277110B11FF010FD27606379002BEED05A
:1025C000C5EBC5000CF0B0F820600028E7D16071C1
:1025D0000724E5E7D41C00204840704700EB0010BA
:1025E000084480B2704700BF90FAA0F000BA80B2F1
:1025F000704700BF044BD3F8012002605B7903F001
:102600001F030371704700BFC9240020234B2DE92D
:10261000F041002914BF0C461C460025064617460B
:1026200013688AB0C4F801301379257063715FFABA
:1026300085F8414638461BF092F938B1237803F10A
:1026400028026A44013302F8288C23700135252DB5
:10265000EDD194F800803EB142466946A01D1EF0BF
:10266000E2FE0AB0BDE8F081B8F1000FF9D0053400
:10267000F5B2294638461BF072F940B9B5FBF8F3BC
:1026800008FB13550AAB53FA85F515F8285C01369B
:10269000252E04F8015FEBD1E3E700BFC924002039
:1026A000034B002818BF03460B449879704700BFBE
:1026B000C9240020F8B50D4682EA124296B231468E
:1026C00003462846FFF788FFFFF78EFFFFF786FFD8
:1026D000FFF78AFFFFF782FFFFF786FFFFF77EFF16
:1026E0000546FFF779FF164C002B14BF1F462746FF
:1026F0000446144B781CA3FB0423E21A03EB520399
:102700005B0903EBC30203EB8203E41AE4B2214644
:102710001BF025F940B93B786E40B6B206FB03F3D7
:1027200007EB1347B879F8BD7B1D2A3701E09F42BC
:1027300004D013F8010F8442F9D1F4E72046F8BD24
:10274000C92400204D91CFBA064B074A01201A60D8
:10275000064B074A1A60074B074A1A60074B084A9C
:102760001A60704720180020CDD902081C180020DC
:1027700029DA020818180020CBD902081418002002
:1027800027DA0208052808BF03200622024B013879
:1027900002FB0030704700BF086D03080022034BA6
:1027A0001A609A80FF229A71704700BF1625002098
:1027B000064A1379834207D90123126883401342E2
:1027C00014BF01200020704700207047E81C002043
:1027D000054A03461068002208B91A607047C1070D
:1027E00048BF01324008F7E7E81C0020F0B541EA95
:1027F000002087B040F4902606200F461546F4F7D7
:1028000043FD1FF0E7FB044640B901461A200DF0D6
:10281000CDF96FF08C05284607B0F0BD43684661DE
:10282000DAB222B923F0FF0343F001034360F3F768
:102830004FFB052804BF40F201136360062F1A4BBB
:102840000CBF40F201114FF4807120461BF0F1F8EB
:10285000E360164B2A46236002AB1E4605F11007C3
:102860001D4610685168083203C5BA422B46F7D19D
:10287000102130461FF069FB10223146204601AB83
:1028800016F087FE054620B1014640F207400DF0E4
:102890008DF9102130461FF066FB204617F089FBAA
:1028A00020461FF099FBB6E7004440040024800056
:1028B000102A2DE9FF4706460F46154623D8002467
:1028C0004FF00109DFF84480DFF844A0D8F8002079
:1028D00009FA04F3134213D046EA042040EA0A003E
:1028E0006A46E9B280B203F03DFF48B92A4639464C
:1028F00068461EF063FD18B960B204B0BDE8F08709
:102900000134202CE2D14FF0FF30F6E7E81C002024
:102910000080FFFF2DE9F3411D4E054601460622CA
:1029200030461EF04BFD20B996F9060002B0BDE816
:10293000F0810024A046EF1C2046FFF739FFD8B1F4
:102940003B88CDF80080ADF80330BB786946E0B233
:102950008DF8053020F03DF821280DD0A8B90322CC
:10296000294668461EF02AFD30B92B6860B23360F4
:10297000AB88B071B380D9E70134202CDCD12B684F
:102980003360AB88B380FF23B3714FF0FF30CDE7E6
:1029900016250020034B93F90630013301D1FFF7D0
:1029A000FDBE704716250020F7B504461DF0F7FD63
:1029B000631C58D1FFF7F2FE0024624E3379A34224
:1029C0002CD84FF400410024084603F02BFF2022AE
:1029D0004FF0FF315C4834601EF01AFD204600F0D5
:1029E0005DFDFF260446594D5CBB594816F003FBBC
:1029F000014630B110F1880F03D040F207400DF0CE
:102A0000D5F80C214F4A43F6FF7003F08FFE2021CA
:102A100038204D4A03F08AFE00202AE02046FFF7C6
:102A2000C7FE60B165B2052128461BF004F80321FA
:102A300028461BF000F8062128461AF0FCFF013456
:102A4000BCE794F97530013305D02B7843B91321D5
:102A500020461FF09AFD204600F020FD0446C3E703
:102A600084F87560F7E72046FFF7A2FE18B940F238
:102A7000064003B0F0BD6B460622002120461BF045
:102A80001DF8002845D049238DF806304FF47F41CA
:102A9000304840EA0420084003F0C4FE05212046E7
:102AA0001AF0C9FF032120461AF0C5FF062120466F
:102AB0001AF0C1FF01222349E3B29A400B6823EACE
:102AC00002030B60244B93F90630A34201D1FFF7B8
:102AD00065FE002005460B791B4A013BC1B29942B5
:102AE00021DBFF260020D65400F0D8FC0546174F06
:102AF000002D86D095F97530A34205D13B78EBB90E
:102B0000132128461FF041FD284600F0C7FC05466A
:102B1000EEE76B460622012120461AF0CFFF00287F
:102B2000B4D07223B0E75656A64200D025B155184E
:102B300095F90150555401250130CFE785F87560AE
:102B4000E2E700BFE81C0020F6240020F424002067
:102B5000370004000080FFFF162500202DE9FF410B
:102B6000354C064601A8FFF733FE2379019A9342BC
:102B70001ED86279012A40D100274FF0FF383D4628
:102B800010E02368EB40D9070BD5082202AB1146B1
:102B900068B21AF093FF20B1039B43453CBF2F4618
:102BA0009846013523799D42EBD378B2FFF7FCFEBE
:102BB000236813F0010529D0002501220135202DBD
:102BC00018D002FA05F71F42F8D13B432360A368EF
:102BD0000C21013343F6FF70174A7361A36003F0C1
:102BE000A5FDA8B1236823EA07032360A368013B7E
:102BF000A36073614FF0FF3519E0022AFAD10F4A42
:102C0000134413F9010D421CFBD0CFE70127DCE789
:102C100022790A4C013A2146D2B2601C1EF0DEFB3A
:102C20006DB2224620213820257003F07FFD284612
:102C300004B0BDE8F08100BFE81C0020F6240020AD
:102C40002DE9F043002489B0AF4D04213F2001AAB3
:102C50002C7003F087FD00B10194019F002F4FD02D
:102C60000026781E4742474100242C70A74D0C21B6
:102C70002A4643F6FF7003F075FDC0B10D23AB800B
:102C8000019B2C60032BAC6011D803AC22461421AD
:102C900043F6FF7003F066FD48B994E8070085E845
:102CA00007002A460C2143F6FF7003F03FFD019B0D
:102CB000042B06D004213F200DEB0102019103F00B
:102CC00035FD20213820924A03F04CFD28B1202206
:102CD0004FF0FF318E481EF09BFB03222B795B00E7
:102CE000B3FBF2F38B4A1370FFF758FD17F02FF97F
:102CF000014618B140F207400CF058FF002413E0E1
:102D000001263746B0E72B68E340D9070BD50822E8
:102D10004FFA84F81146404603AB1AF0CFFE10B9C3
:102D20004046FFF741FE01342B799C42EBD38EB134
:102D30001021372003AA03F015FD002853D10620E7
:102D4000F4F7A2FA1FF046F9044680B901461A20AA
:102D50000CF02CFF3FB13D2003F020FD00242B7927
:102D60009C42C0F0AC80002009B0BDE8F0836A4A04
:102D700043684261DAB222B923F0FF0343F0010352
:102D80004360F3F7A5F8052804BF40F20113636020
:102D9000624B40F2011120461AF04BFEE360604B9B
:102DA0001021236003A81FF0D0F8102202AB03A962
:102DB000204616F0EEFB0646102103A81FF0D3F8BC
:102DC000204617F0F6F820461FF006F9372003F0EA
:102DD000E5FC46B140F2074031460CF0E7FE4FF00B
:102DE000FF30FFF7E1FD002623E03046FFF7E0FC6F
:102DF000F0B174B210220321204603AB1AF05EFE3C
:102E00001028814620D10321204603AAFFF7EEFCBB
:102E10008046494603A81FF0A6F8B8F1000F0CD071
:102E200040F2074041460CF0C1FE2046FFF7BCFDD2
:102E300001362B799E42D8D38CE748F2030040EA52
:102E4000062080B203F0AAFC10220521204603AB25
:102E50001AF034FE1028814613D10521204603AA1A
:102E6000FFF7C4FC8046494603A81FF07CF8B8F180
:102E7000000FD5D148F2050040EA062080B203F0E9
:102E80008DFC10220621204603AB1AF017FE1028F5
:102E90008146CDD10621204603AAFFF7A7FC804634
:102EA000494603A81FF05FF8B8F1000FB8D148F207
:102EB000060040EA062080B203F070FCB8E7204626
:102EC000FFF776FCF0B166B204220C21304602AB6B
:102ED0001AF0F4FD04280AD1029B0122C3F3002357
:102EE0008DF80C300C21304603AB1AF0B9FD0023ED
:102EF0001022CDE90333CDE905330D21304603AB74
:102F00001AF0AEFD01342AE7F4240020E81C00206A
:102F1000F6240020F524002037000400004440047B
:102F200000248000F8B5104B044618790F4B00229E
:102F30001D46D1B2884204D913F9017B561CA74221
:102F400004D10B4B1B788B4202D9F8BD3246F0E717
:102F50000649481C1EF042FA2C702021BDE8F840BA
:102F60003820024A03F0E2BBE81C0020F6240020CF
:102F7000F524002020F00040A0F20540F8B5032819
:102F800017D8DFE800F0021728330C790F78A4F186
:102F90001B02534253414E88CD8801F10802194863
:102FA00099001AF0E7FE20B10771A0F80560C4711E
:102FB0000581F8BD0E784D888C8801F10802124811
:102FC00000211AF0D7FE0028F3D00671A0F80550B2
:102FD000A0F80740EDE70D480D784C681AF094FE14
:102FE0000028E6D00571A0F80540E2E707480C7814
:102FF0001AF08AFE0028DCD00723437100230471F5
:103000008371D6E74C6D0308486D0308446D0308CF
:10301000002110B5421D0379044608461EF080FFCA
:10302000024648B1618820881CF016F8044603481F
:1030300000F096F9848010BD1A24F8E720020A02F5
:1030400038B50488FA2C28BFFA24204600F0F2FB99
:10305000051E044818BF002400F082F98580C48052
:1030600038BD00BF20040A0A40F2055320F000409A
:1030700098422DE9F0410BD840F20153984209D80B
:1030800040F2014398420DD040F20A43984214D0D6
:10309000BDE8F081A0F20350022816D8DFE800F066
:1030A00024495C000D784C882D481AF02DFE00282C
:1030B000EED00571A0F80540EAE72A480C781AF02E
:1030C00023FE0028E4D00471E2E727480F784E88F9
:1030D0000D79CC881AF018FE0028D9D00771A0F815
:1030E0000560C5710481D3E78C684E880D790F782F
:1030F00084B1B1F8068001F108021C4800211AF0E1
:1031000039FE0028C4D00771A0F80560C571A0F889
:103110000880BDE723462246214614481AF005FEE2
:103120000028B5D00771A0F80560C571047244721B
:10313000AEE70F4891F800804F880E79CD880C8952
:103140001AF0E2FD0028A3D080F80480A0F80570F2
:10315000C671058144819BE70D784C680548A4E75A
:10316000786D0308646D0308746D0308706D0308BF
:103170006C6D0308686D0308F8B5064609480D46EE
:1031800000F06EF8044658B9074F3B689E8000F087
:10319000BDF8044615B13B68DB882B8000F0CAF807
:1031A0002046F8BD846D0308FC1C002038B5054698
:1031B0000C460748012100F063F838B9054B1B683D
:1031C0009D80DC80BDE838401AF0F1BC38BD00BFFE
:1031D0007C6D0308FC1C0020044A0346106810B1F3
:1031E00002789A4200D170470069F8E7F81C002085
:1031F00008B51AF0A5FC02F0F9FE0022014B1A6096
:1032000008BD00BFF81C002038B5094C0546214612
:10321000204614F09DFF4FF48270A847054B0146ED
:1032200018604FF482722046BDE8384014F0A5BF04
:103230008C6D0308FC1C0020084A136833B94178E0
:10324000036141F001014170106070471978027804
:103250009142FAD003F110021B69EFE7F81C00203D
:1032600010B504461DF06FF928B9034B22681C60A5
:10327000024B1B681A6010BDF41C0020FC1C0020CF
:103280002DE9F84F046898464FEA042A0AF4E06AE8
:10329000C4F307234AEA030A0AEB0209B9F5807F5F
:1032A00083460F46154603D91D263046BDE8F88FE4
:1032B0001DF049F906460028F7D1124B24F47F444B
:1032C000C3F800B024F0C7040F4B44EA19244FEAB6
:1032D00009291B681FFA89F944EA090443F8044BD9
:1032E00053442A46414618461EF09DF8012F04D14A
:1032F000FF2DD9D800F8015CD7E7022F08BF20F8CE
:10330000025CD2E7F41C0020FC1C002010B5064B28
:10331000064C19682268064B52F8040B1B68496872
:1033200098472368988810BDF41C0020FC1C0020DE
:10333000A02900200022024B1A601DF00CB900BF2A
:10334000F41C0020054B186808B1C3681BB1003895
:1033500018BF012070470069F6E700BFF81C002085
:1033600010B5034C2368186003F0F2F8206810BD14
:10337000FC1C0020F8B504460D4601460020174607
:103380001AF0DFFB0022174E204633681A705A707D
:103390009A70DA701AF0AFFB18B165B94368220E63
:1033A0002BB90F250DE05979914204D008331D68DF
:1033B000002DF8D1F5E73846A84733681B684BB9AC
:1033C000012524F47F4020F0C70040F40070FFF78F
:1033D000C7FF85803268012052F8041B1AF0B1FB48
:1033E000F8BD00BFFC1C002070B504460D461B4A0A
:1033F00013686BB393F87D10586811F0040129D15C
:1034000010608C22184693F870601EF001F8034695
:1034100080F870602268C0F85A20A288A0F85E2068
:10342000A27980F860202868D864AA79A98883F8EE
:103430005220FF2283F8752083F8762040F6FF7231
:10344000A3F86E20064AA3F8501011681360596063
:10345000184670BD1A1D0346CBE700BF041D0020AF
:10346000001D0020054A0346106800B97047B0F8F7
:103470006E209A42FAD04068F7E700BF001D002096
:10348000054A0346106800B9704790F870209A42C8
:10349000FAD04068F7E700BF001D002010B9024BCA
:1034A0001868704740687047001D00200023114ACB
:1034B0002DE9F0418C2113608046024601200AF07C
:1034C000F9FE044620B905460B4E3060454502D34F
:1034D0002046BDE8F08101200AF052FF07468C2209
:1034E000002101351DF094FF87F8705037603E1DB4
:1034F000ECE700BF001D0020041D0020012310B5D3
:103500008B4090F87110044621EA030149B280F81B
:103510007110002949D11DF025F820461FF084FACA
:10352000102104F118001EF01EFD204601F016FACD
:1035300004F138001EF005FA20461FF007F9214A71
:1035400013681BB19C42596830D11160A3685905BA
:103550000BD51A0509D443F40063A18994F87000CF
:10356000A36004F1780202F019FB00232046636097
:103570001EF001F91AF036FC4FF48072B2FBF0F243
:10358000424394F870300344B3FBF2F102FB113371
:10359000DBB2591EC9B2FD29F5D884F8703000237A
:1035A0006360094B1A6852B91C6010BD1A465B680B
:1035B000002BCBD09C42F9D163685360C6E7131D42
:1035C0005268F0E7001D0020041D002010B5084CD3
:1035D000206830B9BDE81040064B186001200AF0A1
:1035E000ADBE436890F871102360FFF787FFEFE7E7
:1035F000001D0020041D002090F8743003F00B0320
:10360000013BDBB20A2B9ABF014AD05C0020704715
:103610009A6D03081FB5014690F870308DF804309C
:10362000FFF7EAFFB1F862308DF80C00ADF8063014
:10363000B1F8643001AAADF80A30B1F86630054837
:1036400040F20311ADF808301EF0A9F805B05DF89E
:1036500004FB00BF201D002007B590F870308DF8E6
:10366000051001AA40F2072103488DF804301EF02E
:1036700096F803B05DF804FB201D002038B50A4B16
:1036800004461B680D462BB143699B0702D51AF00F
:103690006BFD30B12A4620680421BDE838401CF09B
:1036A00019BDA3699D6138BD081D0020014B18603C
:1036B000704700BF081D0020024B1868003818BF73
:1036C00001207047081D002013B50446019120B960
:1036D00001A81EF036F9212012E008460029FAD090
:1036E0001EF0B4F980B20028F2D0094B20461B68C6
:1036F00001994BB1984728B92046019900F064FC24
:1037000002B010BD0020FBE71BF09AFEF3E700BFFC
:10371000081D002000487047331D0020044890F821
:103720002B1000F10F020830012918BF1046704716
:10373000241D002038B58379044613F0280F25D0C6
:103740000368134DC5F80F308388A5F813308379CB
:1037500000206B750BF04EF940B96B68032043F005
:1037600004036B60BDE838400BF08CBB436A13F474
:10377000404FEFD1226843F00803C0F80120A2882F
:10378000A0F80520A2794362C271E3E7212038BD89
:10379000241D00204379024A9B09D05C704700BF7A
:1037A000B56D03080B6810B503608B88FF2A0446CB
:1037B000838002D10723A37109E0032A08D8054BAF
:1037C0009B5C072B837102D1FFF7E4FFA07110BD52
:1037D0000023F0E7B96D03088379024A03F0070379
:1037E000D05C7047AD6D030810B582798B79094CB8
:1037F00002F0070203F00703A25CE35C9A4206D1E1
:1038000006221DF0DBFDB0FA80F0400910BD00205B
:10381000FCE700BFA56D0308044908B5084614F08D
:1038200097FCF722024B1A8008BD00BFBD6D03084C
:103830000E2B0020A0F11703E82B9DBF024B188030
:1038400000202120704700BF0E2B002010B5044639
:1038500070B30068836CA34222D1636883642246FC
:1038600014491DF064FF04F10C001DF084FF04F105
:1038700044001EF066F8FFF71FFF58B1A06948B179
:1038800014301EF05EF8A06918301EF05AF8A069D6
:103890001EF0A2FB2046BDE810401EF09DBB134663
:1038A000002BDCD05A68A242F9D162685A60D6E790
:1038B00010BD00BFF9E1020870B5054648200E466C
:1038C0001EF088FB044601464822264814F055FCA9
:1038D00084B1FFF7F1FE90B11C201EF07BFB1C228F
:1038E0000146A0611F4814F048FCA3692BB920468B
:1038F0001EF072FB0024204670BD00221A700321C6
:1039000028461AF067FAAB6C22466360AC64172352
:10391000268100266381144928462560267766643F
:103920000AF030FC01F064FF3246014604F10C005D
:103930000AF028FC02232374FFF7BEFE0028DAD029
:103940000A4B19881729D6D920461AF0D0FA002830
:10395000D1D1132120461AF014FC636943F002030D
:103960006361C8E7BD6D0308F9E102080E2B002072
:10397000F8B5054610B3002920DB114C2468247EDD
:103980008C421BDD3F2919DC032701F0030600EB05
:10399000A10191F831407600B74002F0030224EA19
:1039A0000704B240224381F8312013B100211AF0FC
:1039B0009CFC2846BDE8F8401AF0F4BCF8BD00BFF6
:1039C000141D002070B5164600221A7032800A7A43
:1039D0000D46072A4DD8DFE802F004090D111A1E22
:1039E000304AE86830F8023B338043E0EB68981DCA
:1039F0005B88F9E7EB68981D9B88F5E7697B1AF00F
:103A0000C1FC02221C4B18801846328032E002238F
:103A10001A4833802EE01A4C2B7BE88923702B88C0
:103A2000E11C013363702B8801331B12A37000F07B
:103A3000D3F90330308020461CE0124CA889EB8972
:103A4000020AA3701B0A20706270E37000F036FA5D
:103A500058B1C3681A88022A07D19A782271DB7894
:103A6000637106230748338004E00423FAE78022C9
:103A70001A70002070BD00BF36250020CD6D0308F0
:103A8000232500201D250020054A064B18601368D9
:103A900043F001031360828B034B1A80704700BF11
:103AA0000C1D0020141D00205024002000232DE9AF
:103AB000F04FDFF8AC9191B0CDE90633CDE9083392
:103AC000D9F80030054613F008080AD0614B03F11D
:103AD000100253F8041B934245F8041BF9D100204F
:103AE00011E00320F3F7D0FB1EF074FA074648B14B
:103AF0000620F3F7C9FB1EF06DFA064630B93846CA
:103B00001EF06AFA1A2011B0BDE8F08FCDE90488E2
:103B100016F01DFA044668B138461EF05DFA3046CC
:103B20001EF05AFA40F2074021460CF03FF840F2EE
:103B30000740E8E74FF4A053DFF828A11022C6E9B8
:103B4000023A454B3046336006A904AB15F021FD1F
:103B50000446A8B952463846049915F053FE044667
:103B600070B9C3463D4B1FFA88F21B68D988914251
:103B700027D810222946384605AB15F082FE0446A8
:103B8000384615F0ADFD38461EF026FA304616F0E0
:103B900010FA30461EF020FA049815F02CFA002C8A
:103BA000C0D12C4B05F1100255F8041B954243F887
:103BB000041BF9D1D9F8003043F00803C9F80030EC
:103BC0008DE71A681FFA88F4210102EB04142046DD
:103BD000ADF80EB0019100921AF0CEFF8246204659
:103BE00000F040F930B3DDE90021AAF5205080B2A1
:103BF000032802D9BAF5245F1FD1525A002021466A
:103C0000ADF828200DF10D030DF10E02ADF82AA03C
:103C1000FFF7D8FEBDF80E2001460BA81DF003FCEF
:103C2000BDF80E20384604320AA915F0FBFD044603
:103C30000028A5D108F1010894E70AF55640FF30A5
:103C400080B20428F6D8525AADF82AA0ADF8282040
:103C5000E6E700BF3825002000248000141D002066
:103C60000C1D00200002C003134B01461B6870B5F9
:103C700013F0040306D00022104B1C68E38990B2B5
:103C8000834209D80E4A14680022E58990B2854221
:103C900009D84FF6FF7005E0A56835F812500132DB
:103CA0008D42ECD170BDA66836F8126001328E42AA
:103CB000ECD1034498B2F5E70C1D0020101D002044
:103CC000141D0020094B1B685B070AD5084B1A68B6
:103CD000D389834203D9936833F810007047C01A20
:103CE00080B2044B1B689B68F6E700BF0C1D0020E8
:103CF000101D0020141D002038B5046805460C2254
:103D0000204608491DF05AFB50B90222064904F129
:103D10000E001DF053FB18B902200C342C6038BD86
:103D20001020FCE7D06D0308DE6D03082DE9F74392
:103D3000102801910BD0022804D04FF6FF7003B079
:103D4000BDE8F083019B1888FFF78EFFF7E701A815
:103D5000FFF7D2FF0228F5D01028EED11B4B019FB0
:103D60001E6816F0040608D00024194BD3F8008012
:103D7000B8F81660A5B2AE421AD80025154BD3F894
:103D80000080B8F81690ACB24C45D6D2D8F81000E6
:103D9000102200EB051039461DF010FB01350028FC
:103DA000F1D1A0196FEA40406FEA504080B2C6E7F7
:103DB000D8F81000102200EB041039461DF0FEFA6E
:103DC00001340028D6D145F40040B8E70C1D00208E
:103DD000101D0020141D0020020408B51DD5124B33
:103DE000C0F30E001B685B0713D5104B1A68D38A0B
:103DF00098420CD2136903EB001000F1100350F845
:103E0000042B984241F8042BF9D1102008BDC01AA8
:103E100080B2074B1B681B69EDE7FFF753FF087083
:103E2000000A48700220F1E70C1D0020101D002040
:103E3000141D002038B50446094B1B681D68A542B7
:103E400009D2204621B91AF0A1FE30B1103402E0A7
:103E50001AF0A5FE08B1204638BD103CEFE700BFC0
:103E6000141D0020437ADA0702D5C3F3800070479F
:103E7000034BC2881B881A4214BF012000207047E0
:103E8000502400200A4B1B68DB0708D570B1094B92
:103E90001B68DB88834234BF00200120704728B1B3
:103EA000054B1B88834294BF00200120704700BF50
:103EB0000C1D0020141D00205224002070B5024665
:103EC000FFF7E0FFE8B10F4B1968CD88954209D3A1
:103ED00002F180500B680138040103EB00101B5BFA
:103EE00093420ED0002398B2854201D8002008E00A
:103EF0000E681C01345B06EB0310944203F10103CE
:103F0000F1D170BD141D00202DE9F34100250E46AE
:103F1000A846174F01903A68ABB2D18899421DD993
:103F20001468ABB204EB0314B4F90430002B1CDAB0
:103F30002046FFF797FFC0B1E1680B889E4214D17D
:103F40003246019802311DF0BEFFE36882B21B8841
:103F5000934207D0114601A81DF01AFE404602B058
:103F6000BDE8F08143441FFA83F80135D3E700BF71
:103F7000141D00207FB5134B0E46054604460393DF
:103F8000A0B11AF09BF978B90022314620461AF008
:103F9000C5FA022807D101233146009320460423A5
:103FA00003AA1AF088FE0DB104B070BD20461AF0C5
:103FB00054F904460028F7D01AF080F90028F5D10A
:103FC000E2E700BF0100FFFF2DE9F04F97B0834605
:103FD00009911AF0BFF8099883790C33C45CC518AD
:103FE0001DF034FD202C0646099F26D8012C28D927
:103FF000C74BA21ED2B2D340DA0722D5384697F873
:1040000006801DF023FDBBF80A2083B29A4228D215
:1040100014F0010240F0A78004F07F03522B00F05F
:10402000A2801E2C00F09F80099B214600935846D9
:10403000042319F06DFF21240CE004F07F03522BC0
:10404000DCD02146062300225846009719F060FF75
:1040500041F2061458461AF082F8204617B0BDE81F
:10406000F08F47443A7B013B202A9BB246D8012A75
:10407000CED9023A1E2ACBD801A151F822F000BFB6
:104080001D410108114001082141010811400108AA
:1040900015410108114001080941010811400108BA
:1040A0001D4101081140010821410108114001088A
:1040B000254101081140010809410108114001088A
:1040C0005341010811400108114001081140010845
:1040D00057410108114001085B41010811400108E6
:1040E0001140010811400108114001081140010868
:1040F0005F4101081140010825410108522A28D0DA
:10410000D22A85D10D2B06E0062B11D0142B7FF47B
:104110007FAF0DE0052B7FF67BAF09E0022BF6E7C2
:10412000042BF4E7032B7FF673AFDB073FF570AF8B
:10413000022C00F00281DBF800309B689F0516D44A
:104140000BF144001DF0FDFB099BCBF8443000242B
:1041500080E7012BDFE7032BDDE7012BD7E7002BFF
:104160007FF456AFE4E709A81DF0EBFB63E71E2CD4
:1041700000F0368358461AF0A1F80746002840F0B0
:10418000828058461AF095F800287CD004F07F030E
:10419000522B00F0CE80082C68D1B6B2152E14BF79
:1041A00002201020691D1AF06FF800285ED0DBF89D
:1041B0001430D8074BBF23F0010343F00103394605
:1041C000012158464CBFCBF81430CBF814301AF00C
:1041D0008CF809980D9019F00BFE0446B0F8018098
:1041E000B0F803900D981DF031FC152814BF02257E
:1041F0001025053421462846FFF798FD21460390F7
:1042000028461AF041F80490B8F1000F00F05281EE
:10421000C84500F24F81022109200D9A19F009FECC
:10422000BBF80A708246023FBFB23E4640464FF09E
:10423000FF354946039A1AF023FB0446002800F094
:104240007B811AF0F3F8002800F0938101222146C7
:1042500058461AF092F903468DF82E00002800F017
:104260002E810D9A009222460821B2E0DBF814302C
:1042700013F001064ED023F0010300215846CBF87D
:1042800014301AF032F8202C72D8032C75D9231F61
:104290001C2B72D801A252F823F000BF89450108F7
:1042A0007B4301087B4601087B430108D341010899
:1042B0007B430108654701087B43010883470108E8
:1042C0007B430108994701087B43010887430108A4
:1042D0007B430108B14701087B4301087B43010888
:1042E0007B430108CD4701087B430108D7470108FC
:1042F0007B4301087B4301087B4301087B430108A2
:104300007B430108E14701087B430108A7470108F7
:104310005555515043F0010301215846CBF8143054
:1043200019F0E3FF1223324621465846009619F051
:10433000EFFD09A81DF005FB09E7099DBA4C2846C9
:1043400019F056FD2188B0F801602A46584619F048
:10435000F4FD2388BBF80A10B34228BF3346172B5D
:10436000B8BF17235846ABF80A3019F0DFFEEEE667
:10437000522C00F02482D22CDBD0099B0022009327
:104380002146062325E0099F384619F031FD0546F0
:10439000B0F80180B0F803A038461DF057FB15288F
:1043A0000CBF20460220691DFFF7C0FCB5F80530A0
:1043B00004900793B8F1000F07D0D04505D81AF044
:1043C000BDFB50B91023009701E00123009742463E
:1043D0001021584619F09CFDB9E63A4602211120F9
:1043E00019F027FD44464FF0FF35BBF80A30059021
:1043F0009E1E0393063B9BB2B6B2089351462046DD
:10440000049A1AF03DFA814668B35146079A1AF0A9
:1044100084FA044648461AF009F840B94FF6FF738B
:104420009C4201D00134A4B25445E7D91BE04FF0BF
:1044300000030DAAADF8343049460CAB58461AF0CB
:1044400039F9039ABDF83430053A9A42089A069031
:10445000D8BF1346002DADF8343009DB9D4202D1A0
:10446000EB1CB34208DB691C1CD10A230097AEE7A2
:10447000351F9D42A8BF1D46042211A93846ADF83C
:104480004490ADF846401DF01EFD2A463846069978
:104490001DF019FD4FF6FF73043E761B9C42B6B229
:1044A000C0D1E0E73946059B04355D705846FFF7FB
:1044B000E5F84CE60D9B009301234246D4E6049BAD
:1044C00013B1204619F096FF204619F0C7FFD8B166
:1044D000002D54DC0DA81DF034FA082358468BF843
:1044E0001C3050F80C2B40F2025192F870208DF8DD
:1044F000483000238DF8442011AAADF84640ADF8AD
:104500004A301DF04CF922E6ADF844000DF12E03BF
:104510002146584611AA1AF0CDF8BDF8443005904E
:10452000BB4228BF3B46002DADF844300ADBAB420E
:1045300002D16B1CB34209DB6A1C0D9B1FD1009397
:104540000A23BAE7B51E9D42A8BF1D4602220CA948
:104550000D98ADF830401DF0B6FC2A4605990D982F
:104560001DF0B1FC4FF6FF73023E761B9C42B6B2C3
:10457000E2D0601C80B28145BFF45BAEDCE702355F
:104580000D998AF8015091E7DDF82490484619F01A
:104590002FFCB0F80330B0F801800493B8F1000F9D
:1045A00044D0984542D84FF6FF774A46022105206D
:1045B00019F03FFC4546BA46BBF80A400590023C5C
:1045C000A4B2294658461AF03DFA504506464CD04A
:1045D0004FF400622946584619F0CFFF00283FD11A
:1045E00030461AF0C7FA00280CBF022310235745A3
:1045F000039321D030461AF0BDFA069038461AF0DF
:10460000B9FA069B834203D1039B0133A34214DB17
:1046100038461AF0AFFA059B0130194658705846D3
:1046200019F05FFC93E500BF0E2B00200123CDF8AD
:10463000009042460421CCE637460DF14601304653
:10464000ADF84450FFF7C8FB039B48469A1C11A9DC
:104650001DF039FC039B023CE41A5545A4B2D7D0A7
:10466000049B0135ADB2AB42ABD24FF6FF739F4214
:10467000CED10A23CDF80090DBE7DDF824900024AA
:10468000484619F0B5FBB0F80530B0F803A0B0F813
:1046900001600746484603931DF0D8F9C51FADB227
:1046A000102D0C945AD82A46F91D0DA81CF0BBFEFB
:1046B000002E55D0564553D84A460121072019F0FF
:1046C000B8FBA046074633460A249A45049307D907
:1046D0003946BBF80A0019F08FFB0328049B04D865
:1046E000B8F1000F1CD0394699E7ADF84430039B70
:1046F0005846ADF848300DAB139300230BAA009336
:1047000011A90DF12E03ADF846A0ADF850501AF0E6
:1047100030F90A280446E3D0BDF82C3030B11E46EB
:10472000234632460621CDF8009052E6ADF83030EF
:10473000BDF82E300CAAADF8323039460423BBF850
:104740000A0019F064FB4FF6FF72BDF82E30934259
:10475000C9D001334FF001089BB2B6E70424DFE76C
:104760000124DDE70A23099C8BF81C30204619F050
:104770003FFB23460022B0F8011058461AF06BFBAD
:10478000E5E4099C204619F033FB0C238BF81C3020
:10479000B0F803202346EEE75A460F210E20099B6E
:1047A0001AF0B2FBD3E45A4621212020099BF7E7F7
:1047B0005846099AB5F801101AF093FCC7E4584618
:1047C000099AB5F801101AF0E7FCC0E458460999B7
:1047D0001AF021FDBBE4584669781AF087FDA8E578
:1047E00058461AF0A3FDA4E57FB5174A064613689C
:1047F00042F6052023F0080313601AF07CF8054602
:1048000050B16846FFF752F9002019F026FD044622
:1048100020B92946FFF7AEFB04B070BD10226846F0
:1048200004F121011CF0CAFD38B10121204619F024
:104830005CFD636923F0010363611EB131462046CC
:104840001AF031F92046E0E70C1D002038B5124B74
:1048500004461B8842898B4228BF0B46172BB8BFE2
:1048600017231146438119F061FC636923F00203A9
:104870006361A3699D693DB10022294620469A6182
:10488000BDE83840FEF7FABE40F20941204619F073
:1048900075FCA3691D7038BD0E2B00200148FEF782
:1048A00005BF00BFE54C010801481DF068B800BF16
:1048B000881D002040F6FF732DE9F3410D46B0F846
:1048C0006E100192994205D101A81DF03AF802B08C
:1048D000BDE8F0811146134601229BBB1E481DF026
:1048E00017F9FFF7E1FF04460028F0D01DF0AEF8FD
:1048F0006379074603F001086FF300036371042135
:104900002046A6681DF0E5F94379044668F30003E4
:104910004371DB438179B6F86E200C31866003F079
:1049200001036254C2F30322084442EA03124270B4
:1049300047802246304629461BF015FE2046F9F7EF
:10494000B9FBCEE75C79986024F0030414435C71F2
:1049500000221B68C1E700BF881D002070B5054616
:10496000064C206800B970BD8368AB4204D106686C
:1049700009F074FD2660F4E70446F2E7881D002084
:10498000014601481DF0C4B88C1D002001481CF0F0
:10499000F6BF00BF8C1D0020014601481DF0B8B8CD
:1049A000841D0020034BD86818B103F10C001CF0E3
:1049B000E6BF7047781D0020044BDA6822B95869B9
:1049C000003818BF0120704701207047781D002073
:1049D000044B18780130C0B2012838BF012018708C
:1049E000704700BF181D0020014800F0CFBA00BF7B
:1049F000F54901082DE9F04F867987B00C3605900E
:104A00000546805BC0F30B00FEF72CFD044618B989
:104A100005A81CF096FF4EE090F87230022BF7D1FB
:104A2000AB5B059AC3F30B0103F44053B3F5805F0E
:104A30009060A95342D153796FF300035371836B94
:104A4000002BE5D0042105A804F138061DF079F803
:104A5000304605991DF05CF8A06B002301465A1CF6
:104A6000A9BBDBB2012B01D91DF0C3F8A06B1CF070
:104A7000EDFF03281FD9D4F83890484699F80670FE
:104A80001CF0E4FF0C3709EB070539F80770A0F1BB
:104A90000408474522D9524FD4F838A007F110092D
:104AA00057F804BB5346424629462046D8474F454F
:104AB00010D00028F4D007B0BDE8F08F38301CF0DB
:104AC00040FF059A537943F001035371BAE7134647
:104AD0000968C4E70028EED130469AE7A06B1CF0C5
:104AE000B5FF04378742F7D36988A1F140033F2B14
:104AF0000BD8042130461DF024F82046A26B6988AB
:104B00000AF042FF0023A363D5E705290BD006294D
:104B100061D00429E0D130461DF013F8A16BA06CE0
:104B2000FEF7D2FDEEE7294620460AF0D3FD024605
:104B30000028D1D12B79122B06D0132B36D020464A
:104B400069791BF0E7FAC7E794F87330022BF6D0C7
:104B500040F67A4029898B1F9BB2834224D86A8908
:104B6000931F9BB283421FD891421DD8AB89B3F5E6
:104B7000FA7F19D240F6764CEF89A7F10A0080B28D
:104B8000604511D8B4F86A000290B4F86800CDE925
:104B90000070204600F064FB021E18BF0122204670
:104BA00069791BF073FA97E70122F8E794F87330FC
:104BB000012B03D1204669791BF0ACFAA3681A04D3
:104BC0008AD523F40043A3602B89012B84D120468E
:104BD0000AF060FA80E72046A16B1DF0FEFE91E727
:104BE000E06D03080138C0B20A289ABF014B185C77
:104BF00000207047F06D0308014902481CF093BD86
:104C0000A4290020201D002010220A4B2821DA822E
:104C10006422C3E906124FF6FF721A8402225A6018
:104C2000002283F82B200F2283F82D0083F82C20FC
:104C3000704700BF241D002038B5104C94F82B306D
:104C4000D3B1626812F0010516D104F108000BF02F
:104C500031F81BF0ECFA78B14EF6602294F82C3063
:104C60004FF48271534306482A4609F069FA18B98D
:104C7000636843F00103636038BD00BF241D00205A
:104C8000201D002022F00042052A10B50DD0B2F5FB
:104C9000827F13D0032A06D1114A536823F00203FE
:104CA00053600AF0A5F8002010BD0D4A1B88118D35
:104CB0009942F8D1002313850120F5E7084B5A6883
:104CC00093F82B4022F00102012C5A60F4D11DF020
:104CD000E2FAFFF7B1FF20460AF0D4F8ECE700BF94
:104CE000241D002030B5044685B0084603911BF012
:104CF0009AFB830708D410F0010003D003A81CF02E
:104D000020FE012005B030BD03998B7903F10C0220
:104D100088188A5C013A202A00F21781DFE812F035
:104D200021001501B1001501B4001501BD001501E8
:104D3000C4001501CC001501D4001501DB001501DC
:104D4000E9001501F100150115011501F300150128
:104D500001011501030115010C01150115011501D2
:104D6000E20003790BB103F588534278023A1E2A18
:104D7000C4D801A151F822F0F54D0108FD4C0108FD
:104D8000FF4D0108FD4C01080B4E0108FD4C0108C8
:104D9000174E0108FD4C0108234E0108FD4C010887
:104DA000474E0108FD4C01082F4E0108FD4C01083B
:104DB000534E0108FD4C01085F4E0108FD4C0108EF
:104DC000FD4C0108FD4C0108694E0108FD4C01082D
:104DD000794E0108FD4C0108FD4C0108FD4C01080D
:104DE000FD4C0108FD4C0108FD4C0108FD4C01087B
:104DF0003B4E010817212046FFF728FD7EE70022E1
:104E0000204611461AF0A5FC78E71A4600212046F4
:104E10001AF04CFD72E70022204611461AF0F6FE09
:104E20006CE70022204611461AF09FFD66E71A46FD
:104E3000002120461AF08CFE60E71A460021204629
:104E40001AF0A5FE5AE71A46002120461AF063FE22
:104E500054E70022204611461AF0CBFF4EE71946D0
:104E600020461BF02FF849E70093002320461A46FE
:104E700019461BF031F841E7194620461BF07EF831
:104E80003CE7B0F80110B6E702338B710A46002305
:104E9000417820461AF05DFC33E7013300222046BA
:104EA0008B711AF003FD2CE702338B7142780023DB
:104EB00020461AF0ABFE24E701338B710023204615
:104EC0001A461AF052FD1CE70133002220468B716E
:104ED0001AF021FE15E70133002220468B711AF0EB
:104EE00037FE0EE70133002220468B711AF04FFE89
:104EF00007E702338B714278002320461AF079FFCE
:104F0000FFE60021ACE705338B710023B0F80320E6
:104F1000B0F8010000930B46014620461AF0DCFF72
:104F2000EFE60021A9E703338B710A46B0F80110C0
:104F300020461BF042F8E4E603338B710A46B0F8D2
:104F4000011020461BF042F8DBE60020DAE600BF45
:104F500007B5837801916A46082104488DF800302E
:104F60001CF01DFC03B05DF804FB00BF201D0020F9
:104F70000022054BC3E90322C3E905221A70DA6156
:104F80004FF6FF725A847047781D0020014B18605D
:104F9000704700BF741D002082780D4B13B55A6016
:104FA000B0F8032091B2102910D040F60344A1427A
:104FB0000CD041795B8C8DF80210ADF804200521EE
:104FC0006A460448ADF800301CF0E9FB02B010BDA1
:104FD000781D0020201D002073B5837901900C33CB
:104FE000C418C35C132B0ED8042B10D9053B0E2B11
:104FF0000DD8DFE803F01E0C0C1E0C0C0C0C0C166C
:105000001A0C0C0C2300302B13D03E2B1BD0F9F7BD
:105010001BF8019B834202D001A81CF092FC02B055
:1050200070BD2046FFF7B8FFF1E7E2780E4B5A60FB
:10503000EDE7204601A90AF03DF8E8E7204601A97E
:105040001BF08CFAE3E70025084E019B3BB120469C
:1050500056F8043B01A901359847102DF5D101A858
:105060001CF06FFCD3E700BF781D0020FC6D030827
:1050700007B5FFF78BFC20B103B05DF804EBFFF739
:10508000ABBFFFF78FFC019018B1054B1B681BB13C
:10509000984703B05DF804FB01A81CF052FCF8E748
:1050A000741D0020024610B1022804D0704703216D
:1050B00002481CF02CBBFFF7DBBF00BF201D002007
:1050C000024B1A78024B53F822301847781D002003
:1050D0003C6E030810B504460120FFF7F1FF034BB7
:1050E00000201C70BDE81040FFF7EABF781D0020CB
:1050F00010B50446062142F205001AF087FF236826
:10510000C0F80330A388A0F807300648F8F7BEFFC0
:105110001AF0AAFF407918B1BDE810401BF0D8B9C9
:1051200010BD00BFC7C0020810B5044606214FF6E7
:1051300028401AF06BFF2368C0F80330A388A0F85A
:1051400007300648F8F7A2FF1AF08EFF407918B131
:10515000BDE810401BF0BCB910BD00BF99E10008CC
:1051600038B505460C4669B9022142F21B001AF017
:105170004DFFB5F86E30A0F803300D48BDE838405B
:10518000F8F784BF122142F21A001AF03FFF2146BD
:10519000B5F86E30053020F8023C04F1100351F8E8
:1051A000042B994240F8042BF9D10248E6E700BFEE
:1051B00053C302088FC3020808B5002142F20E0053
:1051C0001AF024FFBDE808400148F8F75FBF00BFB0
:1051D000C1C4020838B590F872300446032B154656
:1051E00006D1FFF7E9FF0123002084F8723019E0AF
:1051F000C9B9012B2DD9032140F206401AF006FF50
:10520000B4F86E304571A0F803301348F8F73EFF4C
:105210001AF02AFF8378002BE5D01AF025FF80785A
:1052200040F4805038BDA3B102214FF604401AF07B
:10523000EDFEB4F86E30A0F803300848F8F726FF0A
:105240001AF012FF4379002BCDD01AF00DFF4079F0
:10525000E6E70220E6E700BFD5C302080BC4020858
:10526000F8B507460E4642F213000E2115461C46BD
:105270001AF0CCFEB7F86E30A0F80560A0F8033045
:10528000BDF81830A0F80750A0F80B30BDF81C305E
:10529000A0F80940A0F80D30BDF82030A0F80F307C
:1052A0000648F8F7F3FE1AF0DFFE807820B11AF016
:1052B000DBFE807840F48050F8BD00BF4DC402088A
:1052C000F8B507460D4642F219001C211C46164649
:1052D0001AF09CFEB7F86E300F3020F80C3C2B68AB
:1052E00004F1100240F80A3C6B6820F8026C40F8A8
:1052F000063C234653F8041B934240F8041BF9D1A3
:105300000648F8F7C3FE1AF0AFFE807820B11AF015
:10531000ABFE807840F48050F8BD00BFFDC20208AB
:1053200070B506460D4642F27A00042114461AF082
:105330006DFEA0F80360457184710648F8F7A6FE7B
:105340001AF092FE407918B1BDE870401BF0D2B857
:1053500070BD00BF4DC8020810B50446022142F2DC
:1053600030001AF053FEB4F86E30A0F803300F4846
:10537000F8F78CFE1AF078FE437963B91AF074FEE0
:10538000C088FEF76FF8044628B11AF06DFE017A66
:105390002046FEF761F91AF067FE407920B11AF055
:1053A00063FE407940F4805010BD00BF49E400081E
:1053B00038B5FEF7AFF90446FEF70EFA0546064883
:1053C000FDF7CEFF0023037143712368C0F8063058
:1053D000A3880573438138BD2009020573B5411DBB
:1053E000027904466846FEF7DDF9684618F05FFB6F
:1053F000054668461DF0E5F806460948E47818F0C9
:1054000083FC034648B104710098DE72C3F80500BE
:10541000BDF804201D73A3F8092002B070BD00BFC1
:10542000746E030813B5C37A0093B0F80930D0F84E
:105430000520D0F8011000781CF058FF04460348FE
:10544000FDF78EFF848002B010BD00BF2002040370
:1054500010B5064B064A417800781A601CF072FFBE
:1054600004460448FDF77CFF848010BD9C1D00208D
:10547000DD53010820020405FF2337B50DF10700B5
:105480008DF8073009F0FAFB044604489DF80750F0
:10549000FDF766FF8480857103B030BD20030401F1
:1054A00038B54B7905465B070C460CD414212046D1
:1054B000054A1BF059F82046217918F0C7FB10B9AE
:1054C000A3791C44257438BD786E0308837810B521
:1054D000132B0C4608D1054B1B6803B19847204697
:1054E000BDE810401CF02DBA10BD00BF9C1D00206F
:1054F00010B50021044600781BF006F848B1617829
:1055000020781CF0E0FE04460348FDF729FF848064
:1055100010BD0224F8E700BF2002560110B5417803
:1055200000781CF072FF04460248FDF719FF8480E2
:1055300010BD00BF200256020020024B1870024B23
:105540001870704749250020482500202DE9F041BA
:1055500083780D460D2B90B04FD109AC2646821CA6
:1055600000F11A03274610685168083203C79A42AF
:105570003C46F7D113881C213B8028461CF0E1FAF9
:10558000BDF826402F6814F00C043ED138461CF0BC
:105590005DFAA0F10208A0450DDA4FF0FF340023B8
:1055A0009C428DF81C301EDB01223946A31C07A843
:1055B0001CF0B6F917E0631C0122394605A81CF05F
:1055C000AFF99DF81430012BE9D02346012239466A
:1055D00007A81CF0A5F99DF81C3013B101331C4439
:1055E000D9E78DF81C3009F0F5FB012808D0022816
:1055F00037D050B928461CF0A4F910B0BDE8F081AE
:105600009DF81C3013F0010FF4D09DF82F0000F02E
:1056100033FD04469DF8300000F02EFD0DF11C080E
:105620009DF828200DF12901074605A8FEF7BAF8D4
:1056300040469DF836200DF13701FEF7B3F80D4BCB
:105640001B78DB0712D405A818F031FACDE9010563
:105650003A4621463046CDF8008005AB00F00CF804
:10566000C8E79DF81C3013F0030FCDE74FF0FF3073
:10567000ECE700BF482500202DE9F74FB0F802C045
:1056800006461CF0100F1C460C9F9DF934A0DDF857
:1056900038B033D05FFA8CF51CF0080F184614BFF1
:1056A00005F0080505F00F051CF08BFF8146384614
:1056B0001CF087FF96F90F3080465A4604211348A4
:1056C0000193767818F056FB019BA0B10571226812
:1056D000C0F80520A28880F80B90A0F8092080F877
:1056E0000CA0437386733B68C0F80F30BB8880F80A
:1056F0001580A0F8133003B0BDE8F08FCDE90DABF5
:105700000C9703B0BDE8F04F1AF013BFB46E030856
:1057100010461946F8B522F0004340F20A4293427F
:105720000ED8B3F5806F59D96FF480621344092BFA
:1057300054D8DFE803F00D101F3050505050530D77
:1057400040F20152934234D0A3F20253032B45D8C6
:10575000FDF78AFC0CE00D784C688A6901F10803BA
:105760001F48002118F0E1FA10B10571C0F805409A
:105770000120F8BD0E784D880C798A6901F1080383
:105780001848002118F0D1FA0028F1D00671A0F8CD
:105790000550C471ECE70D784C884A690B1D12481E
:1057A000002118F0C2FA0028E2D00571A0F80540E7
:1057B000DEE70F784E880D79CC8801F108020B489E
:1057C000002118F0D7FA0028D2D00771A0F80560A0
:1057D000C5710481CCE7FDF7CDFBC9E70020C8E720
:1057E000C46E0308C06E0308BC6E0308B86E0308DD
:1057F000004870471157010810B5104B1B681C7FFB
:10580000D4B1102C28BF10241BF0E0FF621C81B221
:1058100000230720D2B208F04DFD044650B90849D4
:1058200008481BF080FF084808491BF07CFF084827
:1058300008F04EFF204610BD0424E5E7CC1D0020F3
:10584000BC290020A41D0020A01D0020CC29002080
:10585000B429002030B5124B0D469942144689B048
:105860001BD1930011D505A906A808F009FD07234F
:1058700000220393059BE1B20293069B2846CDE9E3
:10588000003241F000511BF023FF064818F03CFAAB
:1058900000B10471012009B030BD0020FBE700BF5A
:1058A000A01D0020006F030822F00042B2F1A04FBB
:1058B00008B504D1034818F027FA012008BD0020DC
:1058C000FCE700BF046F030800200A4B10B51871F5
:1058D000FDF7E4FD04463CB909F0EEFABDE81040DE
:1058E000054906481BF043BF20461CF052FE646881
:1058F000F1E700BF54240020DC290020201D0020F7
:1059000070B50020FDF7CAFD01260446074D04B915
:1059100070BD94F8723033B12E711AF011FE13215C
:1059200020461CF032FE6468F1E700BF54240020DA
:1059300038B50023094C2360A380036823602078D6
:105940001CF01FFE054630B9054806491BF0EBFE6A
:10595000608809F0C7FA284638BD00BF54240020EB
:10596000201D0020DC29002022F00042B2F5887FB3
:105970002DE9F0471C4600F0E2800ED840F20313F8
:105980009A423CD040F209139A4200F0C2800E2A9B
:1059900000F0B3800020BDE8F08740F207239A4270
:1059A00047D0B2F5037F56D040F206239A42F1D198
:1059B00020684C30FDF710FF25680746644895F8CD
:1059C000736095F870A095F9759095F87680A48825
:1059D00018F09AF90028DDD0EB6C4360B5F8503030
:1059E00087720381731E5E425E41C67280F80CA00E
:1059F00080F80D9080F80E80A0F80F40CAE720785C
:105A0000FDF73EFD0028C5D0524894F80080678815
:105A1000A688E588247A18F077F90028BAD080F8AB
:105A20000480A0F80570A0F80760A0F80950C472BF
:105A3000B0E72078FDF724FD0028ABD0607825780A
:105A4000FFF7D0F80446444818F05EF90028A1D0CA
:105A5000057144719EE7A578012D1ED0022D2DD031
:105A6000CDB9E37894F80080023BDBB2022B8CBF07
:105A700001253A4A94F90470667998BFD55C94F987
:105A80000640374818F040F928B180F80480457185
:105A90008771C671047201207DE7E37894F8008075
:105AA000023BDBB2022B98BF2C4A94F90470667952
:105AB00098BFD55C94F906402A48E3E7E3782A4882
:105AC000023BDBB2022B94BF244A012594F80180EB
:105AD000277898BFD55C94F90490667994F90640CC
:105AE00018F012F90028D6D0A0F804808771C5718B
:105AF00080F8089046728472CDE723460822002180
:105B000013F8014B194818F010F90028C3D004719C
:105B1000C1E7174894F800806788A688E58824893B
:105B200018F0F2F80028B6D080F80480A0F80570CC
:105B3000A0F80760A0F80950A0F80B40ABE70D48AB
:105B40001C7818F0E1F800283FF424AF047121E735
:105B50004C6F0308486F0308406F0308086F030881
:105B6000386F0308346F03083C6F0308306F030875
:105B70002C6F0308446F030810B50078FDF780FC14
:105B800040B113211CF001FD04460348FDF7E8FB7A
:105B9000848010BD2524F8E72002060570B5144660
:105BA00006460D46204614210A4A1AF0DDFC20461E
:105BB000217918F04BF858B9A3790C331C44064BE3
:105BC000A6711B79A5801BB1BDE870401AF0B9BC65
:105BD00070BD00BF286F03085424002010B5007862
:105BE00009F06AFD044618B9024903481BF09BFD01
:105BF000204610BDEC290020002400206FF4E06155
:105C000022F000420A442DE9F047052A00F2828082
:105C1000DFE802F003153556676F5A88272A79D0D6
:105C20003D481F781E79DD881C8918F06DF818B181
:105C300007714671C58004810120BDE8F0875C884A
:105C4000272C67D0354893F800A0B3F80490B3F838
:105C500008805F899E89DD8818F056F80028EBD00F
:105C600080F804A0A0F80540A0F80790A0F80980EB
:105C7000A0F80B70A0F80D60A0F80F50DCE75A8870
:105C8000272A47D0264893F800A0B3F80490B3F829
:105C900008805F899E89DD89DC8818F035F8002846
:105CA000CAD080F804A0A0F80590A0F80780A0F85A
:105CB0000970A0F80B60A0F80D50A0F80F40BBE7EA
:105CC0005A88272A26D01E789D889C68154818F087
:105CD0001BF80028B0D00671A0F80550A0F80740C6
:105CE000AAE75A88272A15D01E789D88DC880E4896
:105CF000EDE75A88272A0DD000210C4803F108024D
:105D00001D789C8818F036F8002895D00571A0F809
:105D1000054091E7002090E76C6F0308806F03084F
:105D20007C6F0308706F0308746F0308786F0308B3
:105D300013B504460078FDF7A3FBA0B1B4F8093011
:105D40000193B4F807300093B4F80530B4F8032099
:105D5000B4F801101CF008FD04460448FDF700FBF0
:105D6000848002B010BD2524F7E700BF2002430263
:105D700010B504460078FDF783FB58B1B4F8032052
:105D8000B4F801101CF02EFD04460348FDF7E8FAB4
:105D9000848010BD2524F8E72002430410B5044692
:105DA0000078FDF76DFB58B1E278B4F80110231DBF
:105DB0001CF05DFD04460348FDF7D2FA848010BD57
:105DC0002524F8E720024303024B00201A68024B07
:105DD0005A607047C41D0020FC29002010B500F057
:105DE00073FA044630B9044817F0ACFE044608B90B
:105DF00000F070FB204610BDFC2900207FB51C463A
:105E000040F20A6322F000429A4206D8B2F5C06F0F
:105E100006D8032A20D00D2A4AD0002004B070BD35
:105E20006FF4C0631A44092AF7D801A353F822F08B
:105E30001B5F0108C95E0108ED5E0108FD5E0108F7
:105E4000135F01081B5E0108335F0108495F010809
:105E5000695F0108B55F0108002402A8F0F702F8A5
:105E600001A8BDF80850019412F09BFB00B1019409
:105E70005248019C17F048FF0028CED00023437100
:105E80008371C371037243726FF0010383724FF029
:105E9000FF33C3721C2383744A23C3746FF045031A
:105EA0000922037579230271C46005824375B4E742
:105EB00023460422002153F8044B414817F035FFD4
:105EC0000028AAD08480A8E72078FDF7D9FA002816
:105ED000A3D03C48267894F90150A47817F014FF19
:105EE00000289AD006714571847196E72478364867
:105EF00017F00AFF002890D004718EE72578334808
:105F0000646817F001FF002887D00571C0F80540CC
:105F100083E725782E486468F3E72E48257864687F
:105F200017F0F2FE00283FF478AF0571A0F80540A5
:105F300073E729482578646817F0E6FE00283FF4E7
:105F40006CAF0571447168E7637824480D2B96BFE8
:105F5000234A0125D55C247817F0D6FE00283FF4AB
:105F60005CAF0471457158E7637800210D2B98BF31
:105F70001B4A1C4898BFD55C6368A27888BF01257E
:105F8000267817F0D2FE08B1067145716378012BAF
:105F90003FF643AF8DF8083001220021114802ABD3
:105FA000247817F0C2FE00283FF437AF01230471B4
:105FB000437132E724780C489AE700BFC06F0308AA
:105FC000BC6F0308A86F0308B06F0308B46F030821
:105FD000AC6F0308A46F0308A06F03089C6F03084D
:105FE000846F0308986F0308946F0308142200213C
:105FF00001481BF00DBA00BFA81D002070B5054672
:106000001EF08EFF1A4C064663795B070ED41421EE
:106010002046184A1AF0A8FA2046217917F016FEF1
:1060200020B13046BDE870401EF06CBFA3790C3340
:1060300023442DB91A79FF2AF3D001321A71F0E7FF
:10604000012D05D15A79FF2AEBD001325A71E8E7C8
:10605000022D05D19A79FF2AE3D001329A71E0E747
:10606000032DDED1DA79FF2A1CBF0132DA71D8E7BD
:10607000A81D0020B86F0308042828BF0020014B8A
:10608000185C7047C46F030838B505460848FDF72B
:10609000E7F8044648B9FDF739F904461DB1054B48
:1060A0001B689B792B70FDF745F9204638BD00BF72
:1060B000D86F0308FC1C00202DE9F84380460D48EA
:1060C0000F4616461D469DF82090FDF7C9F878B991
:1060D000094B1C6884F80480C4F80570C4F8096092
:1060E000A4F80D5084F80F90BDE8F84317F05FBD99
:1060F000BDE8F883D06F0308FC1C002038B50546C6
:1061000006480C46FDF7ACF838B9054B1B681D7105
:106110005C71BDE8384017F04ABD38BDC86F030850
:10612000FC1C002038B5054606480C46FDF798F8DB
:1061300038B9054B1B681D715C71BDE8384017F01C
:1061400036BD38BDE86F0308FC1C002038B5054695
:1061500006480C46FDF784F838B9054B1B681D71DD
:106160005C71BDE8384017F022BD38BDE06F030810
:10617000FC1C002010B504460548FDF771F830B945
:10618000044B1B681C71BDE8104017F010BD10BD1A
:10619000F06F0308FC1C002070B505460B480E4646
:1061A000FDF75EF8044678B9FDF7B0F8084B0446F1
:1061B0001B6825B1D3F806202A605A89AA800EB13F
:1061C0001B7B3370FDF7B6F8204670BDF86F0308EF
:1061D000FC1C00202DE9F04780460F480F4616466C
:1061E0001D46BDF820A0BDF82490FDF739F888B908
:1061F0000A4B1C6884F80480A4F80570A4F80760B2
:10620000A4F80950A4F80BA0A4F80D90BDE8F0473D
:1062100017F0CDBCBDE8F08710700308FC1C00200F
:1062200038B505460C4607480121FDF729F840B965
:10623000054B1B681D71A3F80540BDE8384017F0F9
:10624000B6BC38BD08700308FC1C002070B50646BB
:1062500008480D461446FDF703F850B9064B1B6875
:106260001E71A3F80550A3F80740BDE8704017F071
:106270009EBC70BD00700308FC1C002070B50E466B
:1062800015460446A8B10DF04FF898B90A4B1C60AA
:106290000A4B1E600A4B1D6012F05BF908F03EFAD3
:1062A000FCF7A6FF0748FCF7AFFFBDE87040FFF71B
:1062B0008BBD212070BD00BFCC1D0020C81D00205B
:1062C000C41D002029E701082DE9F041764D88B072
:1062D00008F0F8F90E20754908F046F82B685121AE
:1062E0005A685423B2FBF3F2002392B2184607F027
:1062F000E1FF0446002840F0C18008F07BF80A2046
:106300006B4A6C4907F0FEFE06460446002840F042
:10631000B58007F055FD12F04DF98DF80E608DF83F
:10632000076002AE31460DF10700F4F713FE0028B6
:1063300040F09980304619F06DFF002800F09380FE
:10634000302800F090809DF80730012B17D1722380
:106350008DF80E30EFF7F4FDCDE90601030C8DF852
:106360001230BDF81D30ADF81000ADF813309DF8B7
:106370001F308DF8153049238DF816300AE0492377
:106380008DF80E3096E80300ADF81410090C049057
:106390008DF816109DF80E3013F0280F07D1DDE9A7
:1063A0000401ADF80C10090C02908DF80E102B684A
:1063B000186900285DD12B685A690AB93E4A1268EB
:1063C0003E490A609A690AB93D4A12683D490A6025
:1063D00093F82220D20755D412F079F804A9024686
:1063E000074628681AF01FF90446002846D101F034
:1063F000F5F812F098F8044600283FD10120FEF786
:1064000003FC314B18681BF0C3FD0446B0BB1CF005
:10641000BAF8044608F00CFB80461BF0DFFD41464D
:106420000246204616F04FFA044638BB2B681B681C
:106430009B0511D4B7F5FA7F0ED91EF057FD012147
:10644000054608461DF0C4FA0121204A084612F00C
:106450002BF828461EF03DFD3046FDF76BF91C4831
:1064600007F04AFE0AE09DF80E3019077FF572AF7B
:1064700088E718F0DDFF044600289CD0204608B0CD
:10648000BDE8F08193F8232000234FF0FF3006A9E8
:10649000CDE906338DF81A201AF009FAC0B20028A7
:1064A0009AD040F20C44E9E7CC1D002029E701080E
:1064B000B505030889440308686C0308C01D002063
:1064C0006C6C0308BC1D0020C81D00201870030858
:1064D000716501080022032101481BF018B900BFB3
:1064E000201D00202DE9F041114817F059FBE8B9B3
:1064F0001DF0CAFF05460E460D4F07F10C08284651
:10650000314619F03AFE07F097FC0446384617F07A
:1065100043FB10B940461BF014FAFCF713FF08B90F
:10652000002CECD1BDE8F0411AF00CB8BDE8F081C8
:10653000FC29002008B5054B1B782BB91AF057F839
:10654000B0FA80F0400908BD0020FCE74A25002091
:10655000012310B5044C2370044B1B6803B198470A
:106560000023237010BD00BF4A250020BC1D002061
:1065700050EA010337B504460D4604D103B0BDE827
:106580003040FFF7E5BFB1F1FF3F08BFB0F1FF3F7B
:1065900013D01DF079FF221845EB01030849094883
:1065A000C1E9002300239D420CBF21464FF0FF317B
:1065B000CDE90033044A1EF006FE03B030BD00BF33
:1065C000700B0020B01E0020CD650108D3B51EF071
:1065D000A7FC04461DF058FF0B46104AD2E900679D
:1065E000B04273EB070107D3FFF7B2FF204602B0BA
:1065F000BDE8D0401EF086BCD2E900670022311A07
:1066000067EB03039342CDE90022134618BF4FF016
:10661000FF31034A03481EF0D6FDE7E7700B002068
:10662000CD650108B01E00200023044A52E8000F87
:1066300042E800310029F9D1F7F79ABFD01E0020B7
:10664000054A52E8003F034342E800310029F8D1EF
:10665000024B1B68184700BFD01E0020C01D002041
:1066600037B51C68E10705D519F07AFD16491748BA
:106670001BF059F8A20723D5FEF79EF9D0B9144DA7
:1066800001901EF04DFC044628461BF078F901905D
:1066900020461EF037FC019890B143799B070CD43B
:1066A00001A802211BF04DFA0198FEF775F919F0C7
:1066B0001BFFE6E719F018FFDEE7FEF761F9F6E7E2
:1066C000002003B030BD00BF102A0020201D002094
:1066D000D41E002008B5054807F07EFB044B0121BD
:1066E0001870BDE8084007F087BB00BF202A0020D3
:1066F0004B25002038B5044648B11EF011FC054674
:10670000214608481BF004FA28461EF0FBFB064B06
:10671000022193F9000007F06FFBBDE83840FFF756
:1067200017BF00BFD41E00204B2500202DE9F041EB
:106730000A4B0B4F04460E46386819681546EBF7AE
:106740005BFC40B933462A46386844F48021BDE8F2
:10675000F041EBF77FBDBDE8F08100BF6C29002060
:106760004C2900202DE9F0410A4B0B4F04460E4600
:10677000386819681546EBF73FFC40B933462A469E
:10678000386844F48021BDE8F041EBF7C7BDBDE8AF
:10679000F08100BF6C2900204C29002038B5084D3D
:1067A000084B044619682868EBF726FC30B92868BE
:1067B00044F48021BDE83840EBF770BF38BD00BF1E
:1067C0004C2900206C2900202DE9F043134B0E4684
:1067D0001968134B05468DB018681746EBF70CFC8B
:1067E00080B933460A222846009702A90EF08BFD95
:1067F0004FF0000804460DF10809444505D1002C6E
:10680000EFD120460DB0BDE8F083284659F8041BAF
:10681000EBF744FF08F10108EFE700BF6C29002007
:106820004C290020F8B50B4B0B4F06460C46386838
:106830001968EBF7E1FB054648B9E24316FA82F224
:10684000386842F4802246F48021FFF7BDFF2846D5
:10685000F8BD00BF6C2900204C2900201046044AD6
:106860001368591E033102D8002111601847704780
:10687000302A0020034B1868034B002808BF184635
:10688000704700BFD81E00204C70030808B50448AC
:106890001AF0D1F880F00100C0B2400008BD00BF7E
:1068A000E01E002013B50B4C0229226005D10A48D6
:1068B0001AF0C1F8002002B010BD0A46009301464C
:1068C000064B05481AF099F8003818BF012040001F
:1068D000F1E700BF302A0020E01E00205D680108BB
:1068E00001481AF0BBB800BFE01E0020002101489B
:1068F0001AF0D6B8E01E002008B5064B1B6801331D
:1069000005D0FFF7EDFF80F00100C0B208BD002008
:10691000FCE700BF302A0020F0B50D4604468BB0DE
:1069200018B9002420460BB0F0BD1A4E3768002F6E
:10693000F7D12022394602A81AF06AFD236801A87F
:106940000193154B1B88ADF81430144B1B6807934B
:1069500000F0C4F804460028E3D0306000F0E4F80A
:106960002046394619F0BDFF204619F0FEFE38B129
:106970000020306000F0D8F8204619F0F1FED0E792
:10698000204600F08BFA0028F2D1002DCAD0204614
:10699000A847C7E7DC1E0020807003088470030846
:1069A000024B1868003818BF01207047DC1E002019
:1069B00038B50C4602F032F8A3780B4A13705A1E11
:1069C00055425541A8420CD0012B04D02846BDE8C1
:1069D000384002F005B8204601F0D4FF0028F5D079
:1069E00038BD0020FCE700BF4C250020002108B581
:1069F000024B08465B689847002008BD442A0020E7
:106A000010B5FFF737FF0D4B0C461A1A534253418E
:106A10008B4201D1002010BD094B1B683BB9094ACC
:106A2000064B002C08BF1346074A1360F2E71AF022
:106A300046F90028F3D00220EDE700BF24700308D8
:106A4000DC1E00204C700308D81E0020431E0333B8
:106A500006D8044B984228BF1846642838BF6420E3
:106A6000704700BF40420F0038B5194B05461B6800
:106A70000C4603B1984744B1236833B11B68013316
:106A800003D0E3680BB1A3684BB91AF0C3FA002036
:106A90004FF4B672412100F035FA212038BD20466E
:106AA00002F0EEFF00230B4A85F83C31C5E937437D
:106AB000C2E9003363694BB1074A422110684FF4C1
:106AC000C572C31A5842584100F01CFA0020E5E78D
:106AD0006C210020A0280020A8210020F8B5044641
:106AE0001EF004FA002607460E4B1B6893B19E6801
:106AF000AEB196F82420D20711D435460FCC0FC57D
:106B00000FCC0FC523682B6096F8243043F00103A7
:106B100086F8243038461EF0DCF93046F8BD1B6894
:106B2000E4E700BF382A002010B5044618B9054B29
:106B3000054A136010BD00F087FED4F8E830002B42
:106B4000F6D1F4E749070308342A002008B50246C5
:106B50000868FFF77BFF08604868FFF777FF486029
:106B60008868FFF773FF8860C868FFF76FFF0B69DD
:106B7000C860581C03D00B48834228BF03460B61F2
:106B80004B69581C03D00748834228BF03468869D5
:106B90004B61FFF75BFFBDE808408861104601F0DC
:106BA00071BE00BF40420F00D0F8E0302DE9F04147
:106BB00005460C4613B1C38D8B424CD0D5F8DC3062
:106BC000002B4BD09E68002E48D0D868002845D0B6
:106BD000013800B200281ADB002106E0128A591C95
:106BE000A24217D209B2884211DB0B1803EBD37310
:106BF0005B1003EBC30206EB8202B2F80EC003F196
:106C0000FF3EA445EAD90FFA8EF08842EDDA212042
:106C1000BDE8F0814FF6FF7299B29142F7D09BB276
:106C200003EBC30306EB83062846B6F9122095F85A
:106C30003011D5F8F080EFF7CDF90746B8F1000F25
:106C400004D00023324628461946C047EC85C5F8D3
:106C5000E06085F839710020BDE8F0810E20BDE8C4
:106C6000F08100BF2DE9F04782B004460F4616467A
:106C700002F034F8002863D14F4D2B68D4F8DCA023
:106C8000D4F8E0800BB1534576D04FF00009AF60E7
:106C900002F09AF80128074665D120461AF013F948
:106CA000002851D12B68DAF80010D8F8002013B171
:106CB000186888426BD020461AF0BAF8C5E900A8D7
:106CC000D4F8F0508DF80760002D67D000222046E0
:106CD00011460DF10703A847204601F0D9F90546F2
:106CE000B9F1000F0FD076B9D4F88C300BBB012F5F
:106CF00005D025B1314B002103205B689847284619
:106D000002B0BDE8F087B5FA85F040F21F423321AA
:106D1000400900F0F7F83146204601F00DFC284B01
:106D200005461B68414620469847D4F88C30002B16
:106D3000DDD000224FF40073204600F095FDD6E729
:106D400000231D4D6B6098E794F82530DA07A9D52C
:106D5000D4F894305B05A5D51A4B012200212046BA
:106D60001B6898479EE70021012000F0BDFD02F05E
:106D70002BF80128FBD190E76B68002B85D04345A9
:106D800083D1AB689F4215D04FF001097FE7696856
:106D900011B10968914291D059688CE794F82A1092
:106DA00094F839313246994228BF1946204601F0FD
:106DB000EFF891E70025A2E7A0280020442A002050
:106DC000342A002070210020F8B50F4605461EF039
:106DD0008DF8394606462846FFF7E6FE044620B100
:106DE00030461EF076F82046F8BD01F059FF2246E5
:106DF00039462846FFF736FF04460028F0D12846DA
:106E00001AF061F80028EBD095F8253013F0010353
:106E10000DD0D5F8942052050DD5B5F82A21BA42E7
:106E200005D0B5F82C31DB1BB3FA83F35B09034AB9
:106E300082F8DC30D4E72346F9E700BF003E00B01B
:106E400070B504460E461EF051F831460546204600
:106E5000FFF7BAFF044620B9044B01465B680320E4
:106E6000984728461EF035F8204670BD442A002079
:106E700013B50446694619F063FD204619F047FF33
:106E8000FF28024606D020469DF80010EFF7B4F91F
:106E900002B010BD0048FBE70080FFFF4FF4007315
:106EA00007B50A490DF10602ADF8063019F073FD79
:106EB000BDF80630B3F5007F05D1022808BF0020D9
:106EC00003B05DF804FB2120FAE700BFF81E0020A4
:106ED000024B1860024B1960FEE700BFF82000204B
:106EE0003C2A002038B5044D044C054B2860216035
:106EF0001A60FFF7EDFF38BDF82000203C2A002083
:106F0000FC20002010B550B90548064B016006482A
:106F100002601868054B18601868FFF7E3FF10BDA2
:106F20003C2A0020DC1E0020FC200020F82000204D
:106F3000054B1B680BB918467047834201D01B698B
:106F4000F8E70120704700BF04210020094A1368B8
:106F50000BB918467047834207D11B6901201360A3
:106F6000054A1368013B1360704703F110021B6967
:106F7000EEE700BF04210020002100202DE9F74F9B
:106F800006461DF0CDFFDFF82881012398F800B0F8
:106F9000DFF820910190BBF1000F06D089F8003096
:106FA00003B0BDE8F04F1DF0ADBF3F4F88F8003093
:106FB00089F800B019F0C2FD08B119F0BDFD3D68B7
:106FC0003A495DB9DFF8F0A0DAF800200024AA42BF
:106FD0003B682FD84FF0FF3134483BE06B7D8BB1DD
:106FE0002B68B34202D09A1B8A420BD96A681344B9
:106FF0002B60AB68003A18BF0122003B18BF012389
:107000006A75AB752D69DCE7907D20B1107D8842F3
:107010009CBF014614461269002AF5D1002CD9D034
:10702000D4E90001A275411AD4E9023220469847FA
:107030000135C9E71A46FF21EEE75A7D4AB11A68C1
:10704000B24224D0921B824221D8914201D31146F0
:107050001C461B69002BF0D15CB12046FFF776FF80
:1070600038B13B683C602361DAF800300133CAF87C
:1070700000303B685A7D6AB919F05CFD064699F804
:107080000030002B94D1019888F8003088E71C4626
:107090000021DEE7186800F0D3F8044619F04AFD35
:1070A0000646002C84D1EAE704210020FCFFFFBF44
:1070B0004E2500204D2500200021002038B5054632
:1070C00008B3182200211AF0A3F91DF029FF024687
:1070D0002846FFF72DFF20B110461DF013FF0220B8
:1070E00038BD0A4B1C6854B909491D600B6810462D
:1070F00001332C610B601DF005FF2046F0E704F121
:1071000010032469EFE72120EAE700BF04210020F3
:107110000021002038B50446FFF70AFF1DF000FFEC
:1071200005462046FFF704FF637D23B928461DF07E
:10713000E9FE0E2038BD00236375064B1B68A34291
:1071400003D119F0F7FCFFF719FF28461DF0DAFE0E
:107150000020EFE7042100202DE9F84FDDF828900A
:10716000984604460D469246FFF7E2FEDDF830B041
:107170001DF0D6FE074619F0DDFC06462046FFF757
:10718000D7FE637D23B12046FFF7C4FF0023A3751C
:10719000BAF1010F23D175B9B8F1000F21D1B9F1BE
:1071A000000F03D05A4631462046C84738461DF0E6
:1071B000A9FE002019E035440D4BAA1B9A4210D8B5
:1071C000012363759DF82C303046C4E90058C4F89B
:1071D00008902375C4F80CB0FFF7D0FEE6E7AE4286
:1071E000EAD138461DF08EFE2120BDE8F88F00BFA1
:1071F000FCFFFFBF2DE9F04107468846FFF798FEE8
:107200001DF08EFE3D68064619F094FC7B7D7BB137
:1072100085420DD0094B2C1A9C4209D830461DF0EE
:1072200071FEB8F1010F08BF25462846BDE8F08180
:1072300030461DF067FE0025F7E700BFFCFFFFBFEB
:107240000023024A194600F06DBD00BFFF0A030883
:107250000C232DE9F74F13700F461446022100222C
:10726000064619F030FCDFF8648010B1164BC8F800
:10727000003000254FF00609EBB209FB03F3D8F804
:107280000010CA185079012804D923780C2B14D186
:10729000212013E031F903B01179B2F902A0304690
:1072A0000022019119F00FFC58B101992170B7F932
:1072B00000305B4505DB534503DC002003B0BDE82F
:1072C000F08F0135D8E700BF94700308402A0020F2
:1072D000014919F035BC00BF09900108014919F0B6
:1072E0002FBC00BFDD8F010870B5164E0328044681
:1072F0000D4633781ED023FA04F202F00102AA42AE
:107300001DD053B10122A240A54023EA02032B4322
:10731000DBB233704BB1012070BD2DB10A4B01209F
:107320001B6898473378EDE73570074B00201B68E2
:107330009847F0E79A07DED003F0FC03E9E7002066
:1073400070BD00BF5025002044210020F8B505463F
:107350000C461DF0CBFD104F06463B7833B1012D96
:1073600004D01CB90D481CF0C9FF3C7021462846CA
:10737000FFF7BAFF0A4B04461B783BB93B782BB9A1
:1073800019F087FD10B1074B1B68984730461DF078
:10739000A0FD2046F8BD00BF512500201821002087
:1073A00050250020442A0020054A0B46117831B1AF
:1073B00000211170034A0121526818781047704764
:1073C00051250020442A002038B5074D04462B786B
:1073D000834207D001F0E2FC20462C70BDE8384023
:1073E000F3F770BA38BD00BF4F2500201B4B0229B0
:1073F00010B5187002D0032904D010BD184B1B78AB
:10740000002BFAD1FFF7CCFA0028F6D04FF4005247
:10741000144BC3F88420BFF34F8FBFF36F8F01F07D
:1074200073FC0028E9D001F0BDFA0028E5D10E4B2D
:107430001C6834B123689847BDE81040002001F073
:10744000A1BC19F0D6FA094B18601DF0E3FE084BF9
:107450001860204601F060FCEEE700BF2F2B0020F3
:107460004F25002000E100E068210020402100209D
:107470003C21002038B504460D46FFF791FA80B153
:107480004FF40052124B5A6001F03EFC48B9012DF6
:1074900007D8012001F076FC0E4B1B6823B15B6816
:1074A00098470D4B1C7038BD1DF0B4FE0B4B1A688D
:1074B000801A18601DF05EF84FF47A72084B1B6852
:1074C00002FB003019F097FA012001F025FCE8E7F3
:1074D00000E100E0682100202F2B00203C2100204B
:1074E00040210020F0B585B01DF000FD344D04466C
:1074F0002B7823B133481CF001FF002852D11CF037
:10750000F9FF02AA03A919F0AEFC0346002838D0FF
:1075100019F0BDFC029B98421CD100202A4B039914
:107520001B682A4E9942307020D90027C91A0123BE
:1075300024482B70264A3346CDE900771DF010FE13
:10754000002837D1234A1378D90701D53178F9B10A
:10755000204611E019F099FC029B984228D00023A4
:1075600018461949194A0968137003910121FFF758
:10757000BBFE002320462B701DF0ABFC002005B0A5
:10758000F0BD20462B701DF0A4FC212005B0F0BDFD
:1075900003F0FE031370002BDAD10F4B1B689847E2
:1075A0002046E9E720461DF094FC0E2005B0F0BD12
:1075B0000220B3E7032320462F703370F3E700BFA8
:1075C0005125002018210020382100202E2B0020DA
:1075D000A9730108502500204421002038B51DF072
:1075E00085FC144D04462B78EBB9134A13491370EC
:1075F000134B144A14481A60144A5A60F3F7F2F80D
:1076000013491448F3F7EEF8134A144B1A60144B5D
:107610005B6F03F44073B3F5007F02BF0222114B8E
:107620001A6001232B70F3F7AFFB20461DF051FCCD
:10763000002038BD5225002051250020A8700308E5
:10764000442A0020E5740108082100204D73010838
:10765000B070030810210020C973010844210020E4
:10766000004000503821002037B50C46264D69B93E
:107670000A46012106F006F8244BEC645C6006F033
:107680001FF82022224B5A6603B030BD012211465A
:1076900005F0F8FF07221E4B0121DA60237901A8CB
:1076A00085F84C306379019319F080FD019BC2B2DB
:1076B000D34000F00F0040EA031085F84D00A27996
:1076C00085F84E20E27985F84F20206828650193DF
:1076D000BBB1012102888B420CD821794B1E134487
:1076E0000C4A1362C2F8CC1020220B4B5A6605F0EC
:1076F000E7FFC9E730F811500131AA4228BF2A46F6
:10770000E9E71A46E9E700BF003F00B04C3F00B090
:10771000006000B8004000B8005000B810B5054C3B
:10772000237823B103F0AAFD0020207010BD0E20A5
:10773000FCE700BF5425002008B503F06DFD0122D1
:10774000014B00201A7008BD54250020D0F8E43009
:1077500013B11A68032A10D8094BDB6BC3F3C202BA
:1077600013F0380F03F0070018BF504313F4E07F05
:10777000C3F3821203D050437047986A400E70479B
:10778000008001B8431C07D06FF0FF02034B10408C
:107790005A62A3F580535862704700BF00E000B8FA
:1077A00010B504234FF03A4101240A4AD1F81801D8
:1077B000C2F81831C2F814314C634FF40051116310
:1077C000410742BFC2F81431A2F58052C2F8183105
:1077D00010BD00BF002000BAF8B504460F4616469B
:1077E0001DF084FB0546A047044620B128461DF045
:1077F00070FB2046F8BD05F0DFF804220549D1F8FA
:10780000F03E23EA07033343C1F8F03E024B5A64CB
:10781000ECE700BF003000B0002002B800F0180311
:10782000182B0AD003070AD440F2011310F01000FD
:1078300018BF1846034BD86770470020FAE70120AD
:10784000F8E700BF003F00B038B10368044A002BDE
:1078500008BF1346034A13607047014BFAE700BFA5
:10786000110C0308542A002010B4D0E954412240DE
:107870000B4052EA030104D003495DF8044B096848
:1078800008475DF8044B7047542A0020024B986E5D
:1078900000F00F00704700BF003F00B00F2938B55F
:1078A00005460C460ED801F08FFA01280CD1074A84
:1078B0002846936E23F00F032343936619F006FBCB
:1078C000002038BD2120FCE70220FAE7003F00B08D
:1078D000014BD86E704700BF003F00B0014B002045
:1078E000D9667047003F00B003282DE9F34788466A
:1078F00065D8344B13F80090334B1E5C334B13F8B0
:1079000000A01DF0F3FA074604F076FE054640B1EC
:1079100000230022CDE9003301200023002104F0E0
:1079200099FC04F071FE48B100230022CDE9003338
:10793000002000234FF4004104F08CFC002E3CD0CA
:10794000234BDC6C04F00804224B31464846DC64CF
:1079500005F090F8012352463146484605F01AF9E1
:107960001D4BDC64DDB11D4B1868D0F89410F83065
:1079700003F08AFA1A490868FFF704FF4FF0FF3353
:107980000B60184B1A68511C06D06FF07E401649E8
:10799000C863A1F58051CA634FF0FF321A60B8F195
:1079A000000F04D0114B002103205B689847384634
:1079B00002B0BDE8F0471DF08CBA3446C4E702B00F
:1079C000BDE8F087C0700308BC700308B8700308F6
:1079D000004000B8006000B8005000B8DC1E002075
:1079E000502A00204C2A002000E000B8442A002041
:1079F0000F4A536C13F0A00F15D1906C10F00400D7
:107A000013D10C4BD3F8F03E23F07F4323F0FF0358
:107A10005BB1D368C3F30362092A07D0B2F10C004B
:107A200018BF01207047002070470120704700BF39
:107A3000000002B8003000B0F8B507460D46164603
:107A400083B1FFF7ADFE29463846BC8A01F022FC1F
:107A5000B44228BF344629462246094801F02EFD8B
:107A60002046F8BD4FF03A420124D368D26A03F0B1
:107A7000070306339C40C2F30C03E41AA4B2E7E701
:107A80000C0000BA074A084B30B10221C2F8641258
:107A90000422C3F8642270470421C2F8641202224F
:107AA000F7E700BF006001B8005001B870B50D469F
:107AB000064620B91C4B1B68D3B10E2017E001F01D
:107AC00083F901282DD1194B93F90040D6F8E43001
:107AD000C4F11C040BB193F92630E41A641BC4F101
:107AE0002B03002BB8BF5B42232B0CDD212070BD84
:107AF00001F10F03002BB8BF5B42232BF6DC0B4BCD
:107B000019700020F3E786F827501DF0EFF9084AB6
:107B1000136A23F4FF2343EAC42313621DF0D9F947
:107B2000EFE70220E3E700BFDC1E00205325002022
:107B300000C000B8094B08461A6D91020BD4D3F867
:107B40004021D20708D4D3F8803013F4706F14BFEB
:107B50000120002070470120704700BF004001B89D
:107B6000F8B50D46D0F8943002EA010423EA010387
:107B70002343C0F894304D4A01F00B0323EA04017B
:107B8000D1642340A2F580526F070646D36410D516
:107B90000121FFF7CFFF60B104F00EFF4FF4007337
:107BA00014F0040F14BF424A424A13650422424BA8
:107BB0005A64E90606D514F0100F14BF00221B22E8
:107BC0003E4B5A652A0618D5230611D54FF40012EC
:107BD000374BDA641DF08AF90E210746032003F0C3
:107BE000DBF840F20122354B3846DA621DF071F9BC
:107BF000214606F1F80003F047F9EF0503D5E0054B
:107C00003DD503F0B7F8A90503D5A2053AD503F091
:107C1000BDF815F48C6F1DD014F4806237D096F83F
:107C20002530DB070CD5F28DB6F82A3193422CD0E3
:107C3000B6F82C319F1A7B427B41214A82F8DC3016
:107C4000D6F8E410304618F0E4FF80221D4B986708
:107C50001D4B1A612B0510D504F0AEFE1B4A14F41F
:107C6000006FD2F8F03E14BF43F0006323F00063CE
:107C7000C2F8F03E0422104B5A640020F8BD03F015
:107C800073F8C0E703F07CF8C3E70123D5E7680584
:107C9000D6D596F82530D907D2D5094B114683F8A9
:107CA000DC200B4B30461B689847C9E7006000B8E2
:107CB000005001B8006001B8002002B8004000B8D0
:107CC000003E00B0003F00B0000002B8003000B03D
:107CD00070210020014B1868704700BF5821002018
:107CE00037B51DF003F9002401230022CDE900344B
:107CF000002305461946104604F0ACFA022002F0B3
:107D000069FB064B21461C60054B02205B689847C7
:107D100028461DF0DEF8204603B030BD602100206B
:107D2000442A00202DE9FF4102290D4616469846B7
:107D3000039004D1FFF7D4FF04B0BDE8F0811DF03B
:107D4000D5F81E4F04463B683BB1B34205D01DF049
:107D5000C0F8002321203B60EEE7194B0022C3F856
:107D600000803E60002301264FF0000810461946AF
:107D7000CDE9006604F06EFA124B022083F8008011
:107D800002F028FB43462A46022003A902F040FBEA
:107D90000D4B039A1A6008B92046D8E70B4D2B68A3
:107DA0009847212804D020461DF093F80020C3E70F
:107DB00031466B6802209847F5E700BF602100203C
:107DC0005C2100205625002058210020442A002054
:107DD000044B5B6E5B054EBF0120034B187800F02F
:107DE0000100704700C001B85625002090F82630E9
:107DF0005A1F012A01D9082B05D14B7C93B1012BC5
:107E000012D0022B12D0D0F858311B0608D5D0F86A
:107E1000983003F0FD030D2B02D18B8A1A2B07D863
:107E200018F050BF03487047034870470348704735
:107E30000348704720A1070048E8010040420F00B6
:107E400080841E000A78022A11D0101F424242414B
:107E500052004B781201022B0BD0191F4B424B41A1
:107E60005B000549054842EA8312FFF7B5BC0122D1
:107E7000EFE70123F5E700BFF0FFFF00118E0108D7
:107E80000B78022B10D0181F434243415B004A7805
:107E9000022A0BD0111F4A424A4152000F210448C6
:107EA00043EA8202FFF798BC0123F0E70122F5E7DD
:107EB0003D8E01082DE9F8430E780446042E0D4648
:107EC00090F830810BD100275FFA87F9484601F01E
:107ED00079FE08B14E4602E00137042FF4D1304656
:107EE00001F070FE002849D094F83031B34209D136
:107EF000AA88D4F8A4309A4204D16A88B4F83231FE
:107F00009A4238D084F83061AB883046A4F83431D6
:107F10006B88A4F83231AB8804F59875C4F8A430A6
:107F2000FF2384F82B3019F07EF884F82A002846C5
:107F300001F0D8FD18BB284601F03AFEF8B9D4F894
:107F4000E03053B194F83011414506D02046B3F9E2
:107F50001220EEF73FF884F83901204601F0B0FE18
:107F60000949A4F834010123084AD1F8FC1004F1AE
:107F7000F80003F01DFF0020BDE8F88321200C234A
:107F800084F83031F8E700BF004F00B0A43F00B0E4
:107F900070B5054690F830010C460C281FD0FF291B
:107FA00001D1212070BD1AB14FF0FF320D4B1A6084
:107FB00019F039F8064695F8300101F073FE844255
:107FC00028BF0446E4B2B44238BF3446E0B285F874
:107FD0002B0001F093FFFF28E3D00020E2E702200E
:107FE000E0E700BF5C2A002010B590F8303104466D
:107FF0000C2B44D0D0F8E03080F82A10DBB3D0F856
:10800000F020D2B990F839318B421CD3002220469F
:10801000FFF7BEFF48BB1B4B1B7813F0FD0F23D1AE
:10802000204601F04DFE18490123184AD1F8FC10F2
:1080300004F1F80003F0BCFE16E0B0F94220B3F9F9
:1080400012309A42E2DD0022204694F83911FFF7FF
:108050009FFF50B9C4F8E000204618F0F6FB4FF639
:10806000FF739842014601D1002010BD2046BDE8B3
:108070001040FEF7A9BEFF2380F82B30F4E7022062
:10808000F3E700BF122B0020004F00B0A43F00B068
:10809000F0B504468FB001F0B5F8D4F89C30054631
:1080A000012B00D010B128460FB0F0BD6C4920461E
:1080B00019F00FF8D4F8E0600146E58DC4F8E4004B
:1080C0003EB133682BB15B681BB11A68032A00F21A
:1080D000A4801CF00BFF01462046FFF737FB074644
:1080E00008461CF0F6FED4F8E410B3898DF80E7043
:1080F000EB1A9BB2D6E9012000FB03225948ADF8E8
:108100000C3003680292994207D0204618F081FD96
:1081100080225549554B88671A61554D534E00F0E2
:1081200053FE0128FBD12B6CDB07F8D4736CDF0105
:10813000F5D4D4F8E41020460D919DF80E20029954
:1081400008AB03F097FB002847D100F03DFE012863
:10815000FBD1464A4649536CD801FCD40B6CDB0773
:10816000F9D408A901A803F0FDFC0546002834D184
:10817000E28D404B5A6494F8243060F3410384F854
:10818000243001F031F9D4F8E0305969431E0E680B
:10819000DBB2FD2B049624D84B680128059330D11F
:1081A0000126DF1C06D90133334B5B6846D0DA1C4D
:1081B00041D80593024604A9204601F0D7F8002EC5
:1081C0007FF471AFD4F85431990529D494F8243050
:1081D00043F0020384F8243065E7022528460FB0F7
:1081E000F0BDF71C13D9244B01361B6818BF0126BC
:1081F000DA1C1BD804934B68FF280593D1D00020CC
:10820000D8E70246204604A901F0B0F84BE74B68D6
:10821000FF280593C4D02A46F4E79F6A7F0E64E7DF
:1082200020464FF4803118F08FFB3CE7FF284B6865
:1082300013D00593C3E7FF28C1D1E0E7DE1C06D8C1
:108240000246204604A9059301F090F8BAE7FF28FA
:10825000B8D10022204604A9F6E701200593A0E743
:10826000FC4F00B04C210020003F00B0000002B8DD
:1082700000C002B8008001B8642A002038B590F828
:108280003C510446002D37D01CF030FE1F221B4B02
:10829000013D1A651540A3F580531D65D4F84021B2
:1082A000A3F580539A67D4F84421DA67D3F84031B4
:1082B000DB071AD5D4F8E430DBB11A68102A18D9D4
:1082C000196D4FF0FF3320290A4628BF202219B12B
:1082D000C2F120029340DB43084AC2F84431D4F88B
:1082E000A0201340064AC2F84431BDE838401CF0D3
:1082F000F0BD4FF0FF33EFE738BD00BF006001B8BD
:10830000005001B82DE9F0410B460646154611B95B
:108310002120BDE8F081002AFAD0032905D80022E7
:1083200001F0FCFA03460028F2D01C889A78B4F5D4
:10833000804F02F0070180F08680A1F1070C1879C8
:10834000DF88DCF1000343EB0C0305292B7394BF9A
:108350000023C2F30013C2F3801C6B73930985F8EA
:1083600010C003F00203C2F3C00C43EA0C03C2F3D3
:108370004012E8746B74AA74D6F89430AF82D806B1
:108380004DD4063901294AD8B6F81280F76908F1A8
:10839000FF38083C04EA0804395D2C4B80295B6DEA
:1083A00008BF6FF07F014FF000031CBF323949B2A4
:1083B000A973AB6096F82600013404EA080460BB98
:1083C0003B5D5B0103F47E63FF2B9CBFDB43D8B2B4
:1083D000D6F8EC3003B19847631CE87303EA08034E
:1083E000F95C013303EA0803FA5C013303EA08038A
:1083F00041EA0221FA5C013303EA0803F85C41EA2E
:108400000241002341EA00616A7C304603F098FD96
:1084100006232860AB7100207BE71846DCE70023C9
:108420000020EB730A4BDA69C2F30723120448BF3A
:1084300063F0FF035AB212F1800F1CBF323B5AB2F5
:10844000AA730346E5E7022063E700BF004000B8D7
:1084500000C000B8F8B507460E468C88FFF7C6FC8A
:1084600097F826700546082F737C0CD1012B0AD88B
:108470000146012003F058FD421C01D10220F8BD45
:10848000E30003330EE0053FFFB2012F8CBF002055
:108490000120294603F048FD431CEFD0012F4FEA8D
:1084A000C403EED90E4A0344D2F8AC10326801F08E
:1084B0001F01A2EBC10203213260B171002DDDD09A
:1084C000B3F5803FDAD84FF22440690900FB03136B
:1084D0002D09B3FBF5F3D21A00203260CFE700BFBD
:1084E000003E00B070B54FF03A434FF480640A4D3F
:1084F000D3F818610020C5F81841C5F8144104F0FC
:1085000021FB4FF400532B67730542BF034BC5F8A3
:108510001441C3F8184170BD002000BA001000BA21
:10852000082310B1024A53647047024AFBE700BFB8
:10853000001002B8002002B82DE9F04104460E46B2
:1085400019B990F824305A064AD44FF6FF73618E59
:10855000D4F8E470994204D0334B1B680BB1204629
:108560009847324D2B68BB4256D0314B1B6833B114
:10857000002F54D0396801B1B968204698474FF0B0
:108580000708204601F09CFB002E3AD0294B93F9B6
:108590000030C3F11C0317B197F926209B1A06205F
:1085A00094F9276024499B1B0A6ADB0222F4FF220C
:1085B00003F4FF2313430B62D4F8E4201F4B2A601B
:1085C000986701F037FD002501211D4A1D4B1170F0
:1085D000204683F8845018F079FC2846BDE8F081E5
:1085E0004FF6FF71114DD0F8E4702A6866F38613D8
:1085F000BA42418680F82430B7D101F061FB4FF0D8
:108600000108114A4346D2F8FC1004F1F800A2F622
:108610005C7203F0CDFBB9E74FF00108B1E73946D2
:1086200020469847ABE700BF542100204C21002092
:10863000502100205325002000C000B8006000B881
:1086400055250020003F00B0004F00B0054A1268D9
:108650001AB190F81E1119B91047084602F0AEBBC6
:10866000014870474821002000FEFFFF3A4B2DE9EA
:10867000F7431C6801F4007900F00103174653EA40
:10868000090206460D4640D04FF0000893B3002380
:10869000002201200021CDE9008803F0DBFD4146E6
:1086A0002046FFF7D3FF012241462086104618F0EE
:1086B00099F8D4F8941004F1F80002F0E5FB27498A
:1086C0000868FFF75FF84FF0FF330B60244B1A6820
:1086D000511C06D06FF07E402249C863A1F580513D
:1086E000CA634FF0FF321A6094F8243043F0040359
:1086F00084F82430B9F1000F07D00121204618F08A
:1087000023F925F4007506430D432B4632462046D7
:10871000FFF7AAF8FB070FD51349144A0868002190
:10872000136811600121124A117003B19847114B6F
:10873000002102205B68984717F00E0F08D04FF415
:10874000FD723B21002003B0BDE8F043FEF7DABB29
:1087500003B0BDE8F08300BFDC1E0020502A0020DB
:108760004C2A002000E000B85C210020602100209D
:1087700056250020442A002008B55822002106482A
:1087800018F046FE1022FF21044818F041FE04F0C4
:1087900097FF002008BD00BFF43E00B0383F00B096
:1087A0006F2273B5C0F800218622A0F8142164223C
:1087B0000C23C0E94122C0E9432207224FF0FF35D4
:1087C000002680F830314FF6FF730446C28700F16F
:1087D0004C028264204AC385A0F84030426303877C
:1087E00080F82930438580F82760C0F8A45045867A
:1087F00080F82C5003F010FF2046FFF7BDFF012248
:10880000164B2046C3F8382294F92710FFF74EF98B
:108810006023134A41F6FF71D3644FF03A4211636B
:108820001167104A2946D36440220F4B20465A64F0
:10883000D4F89420FFF794F90E230022CDE90033F9
:1088400040F202231046194603F004FD01F0D4F96A
:10885000304602B070BD00BF4000FFFF005001B8BD
:10886000004000B8005000B8002002B8044BD3F814
:10887000F03E13F0806F14BF23200020704700BF2C
:10888000003000B00246F8B5B0F8344100F1F80508
:10889000FFF7ECFF0B688E68013304BFD2F800319C
:1088A0000B604B68013304BFD2F80C314B60771C6E
:1088B0003BD1D2F80831CF688B607E1C3CD1D2F816
:1088C00004610F69CE60013704BFD2F8F8700F6100
:1088D0004F69013704BFD2F8FC704F618F690137CF
:1088E00004BFD2F810718F618F6967BBC0F1640457
:1088F00008688C6110B16F2838BF6F20C2F808314A
:108900004B68C2E94006C2E943340B692846C2F805
:10891000F8304B690F49C2F8FC30D1F8FC1007233E
:108920000D4A03F045FA0020F8BD04F16F031B1A4D
:10893000B34238BF3346BEE704F18606361ABE425C
:1089400038BF3E46BDE76F34241ABC4238BF3C46B0
:10895000CEE700BF004F00B0A43F00B038B50446DA
:10896000074D21462868621C003818BF012002F01C
:108970001DFC2B680020003B18BF0123A37038BDED
:108980006421002038B5054C054B417800782568F6
:10899000236002F093FB00B1256038BD6421002004
:1089A000CC70030870B51CF0A1FA05460B4E00F020
:1089B0000BFA012805D028461CF08BFA0224204629
:1089C00070BDF36813F0706FF1D1F46814F0805447
:1089D000EDD128461CF07DFAF1E700BF000002B897
:1089E0000A4B10B51B68044673B1094B48B101210D
:1089F000084A1A60022003F023F90020064B1C707D
:108A000010BD01461860F5E70220F9E76421002057
:108A100068210020C470030857250020014B1878F6
:108A2000704700BF5725002038B51CF05FFA4FF69D
:108A3000FF710A4A13888B4203D11CF04AFA0E20B8
:108A400038BD074C074D1B046567A4F58054636768
:108A500011801CF03EFA0020F2E700BF102B00202E
:108A6000006001B80000FFFF2DE9F74304460F4600
:108A700015461E46FEF7BCFF28B3204617F09FFFA1
:108A800078B97A4BD3F8F02E1EB10E2003B0BDE8B2
:108A9000F08302F03003102BF7D002F0C002402A1E
:108AA000F3D0DFF8F88103F0B5F8D8F81430D9071F
:108AB000EBD51CF01BFA0646032001F089FD20B11E
:108AC00030461CF006FA0220E0E7D8F8142012F035
:108AD0000608F5D130461CF0FCF9644B4FF40061F8
:108AE0002046D3F8F09ED3F8C86E04F0DFFD40B105
:108AF0004FF4007201215E4B08465A64424617F05B
:108B000071FE94F82530DA0707D5D4F894305B0568
:108B100042BF4FF40022574B5A6439462046FEF7B5
:108B200053F9524BC3F8F09EC3F8C86E0028ADD17C
:108B300094F82430980601D4002D58D0C5F3400095
:108B400003F000FF022315F4807F1FBF494A002174
:108B500053644FF03A420BBF454A916153645363EB
:108B600003F02AFF4FF4806315F0040F14BF424A4C
:108B7000424A15F0400F13654FF004023C4B284663
:108B80005A644FF0400314BF3D4A3E4AC2F8B83021
:108B9000FEF744FE204618F0C2F838B14FF4807357
:108BA00015F0010F14BF334A314A5364A90647D563
:108BB0004FF6FF72B4F8403093420FD0324A334937
:108BC000526F100CC2F301120132B3FBF2F30880B2
:108BD000294A2A492E481B0448675367003D18BF9D
:108BE000012594F8243065F3451384F82430204699
:108BF00018F069F9F0B1204618F091F8D0B14FF4AF
:108C00000031204604F052FD431C03229BB2214850
:108C100001A918F0C5F99DF8042002F00703052BFF
:108C20009DF8053015D112070DD443F480731A4A0C
:108C3000C2F8D030002003B0BDE8F04318F0EEB920
:108C4000FFF7F2FECAE713F0040F09D19DF80630D2
:108C5000EBE703F03002202A05D113F0010FF4E70F
:108C60004FF48073E3E79DF80630E0E7003000B092
:108C7000002002B8001002B8005001B8006001B82E
:108C800000D000B800E000B8004001B8102B002070
:108C90000000FFFF0C0000BA003E00B000C001B8A9
:108CA00008B50B4BD3F84C114B1C10D011F0804180
:108CB0000DD1084B1B6813B10320FEF715FE4FF0D2
:108CC0008062054B1A6501225A6102229A6208BD30
:108CD0000080E00FDC1E0020001002B84FF40022DC
:108CE000034B586C03F500535A64C0F3C0407047FF
:108CF000000002B8024B034A00201A60704700BF10
:108D00005021002069760108024B586900F00100EB
:108D1000704700BF00C001B808B50D4B5A69D107B4
:108D200010D518B9BDE8084001F02EBB5B69DA0721
:108D30000DD401F01BFB0323064A1364A2F58052F5
:108D4000536404E05B69DB0701D40028F1D108BD5E
:108D500000C001B800E0095090F92430002B0CDA73
:108D60004FF08053064A29B19360A2F58052D36038
:108D700000207047D3609360FAE70E20704700BF71
:108D8000006001B84FF0806310B1024A5361704730
:108D9000014AFBE7001002B8002002B8202350B1BE
:108DA000064AC2F8F433064B196C11F0020104D1E3
:108DB000032002F045BF034AF3E77047001002B8F2
:108DC00000C002B8002002B80F4BDB68C3F3036396
:108DD000013B0B2B0FD8DFE803F006060C06060656
:108DE00006080A080808022070470420704705207A
:108DF000704703207047054B5B6913F0060F0CBFEB
:108E000001200420704700BF000002B800C001B874
:108E1000094AD368C3F303630B2B08D06FF4905057
:108E2000184100F0010080F0010040007047506CD4
:108E300010F48030EDD17047000002B80C4AD368BE
:108E4000C3F30363062B07D8042BD8B20BD8C31E79
:108E50005842584140007047072B06D1D2F86801AC
:108E60000028ECD17047022070470020704700BFF7
:108E7000000002B8094BDB68C3F303639A1E012AA2
:108E80008CBF00220122012B02701EBF4FF4026230
:108E900022FA03F303F001030B707047000002B8DD
:108EA000024B1B6803B11847704700BF7C210020AC
:108EB000024B1B6803B11847704700BF78210020A0
:108EC00011F0010311D09AB9552391FAA1F193FA47
:108ED000A3F34A081B0F490042EAC37201F00203E0
:108EE000C0F8A02080F82830704722B9AA23ECE708
:108EF0000023024AF4E7014AF2E700BFB7563512F1
:108F00000F2370B51B4C11F0010F63671A4B14D07F
:108F10009AB901225A674FF0FF32C4F84421D0F8C1
:108F2000A020C3F844214FF07042C4F8482190F8C3
:108F300028201207C3F8482170BD4FF0FF360225E4
:108F40005D67C4F84461D0F8A060C3F844614FF095
:108F50007046C4F8486190F828402407C3F8484197
:108F6000002AE9D0836C19604FF03A43C3F8F450FB
:108F7000E2E700BF006001B8005001B813B590F8F7
:108F800026300446033BDBB2072B96BF104A002174
:108F9000D15CFEF7A3FC012001F05CF94FF4F06214
:108FA0000C4BDA644FF40072A3F58053DA6494F842
:108FB0002630053B012B08D80421074B01229B6F6B
:108FC0000DEB0100019300F03FFB02B010BD00BFAC
:108FD000D8700308006000B8004001B8012310B544
:108FE00080F816312823C0F8FC300423044680F8AA
:108FF0002630044B196817F004FC2046FFF7BEFF2B
:10900000002010BD80210020012310B580F816310A
:109010002823C0F8FC300223044680F82630044B95
:10902000196817F0EEFB2046FFF7A8FF002010BDDF
:109030000C6B0308012910B5044604D90239012933
:1090400015D90E2012E00C4B19680523012284F873
:1090500016214FF4BC7284F82630C4F8FC20204658
:1090600017F0CFFB2046FFF789FF002010BD034B10
:1090700019680623EAE700BF146B0308186B03089E
:10908000012310B580F816314FF4BC73C0F8FC30E2
:109090000823044680F82630044B196817F0B1FB0A
:1090A0002046FFF76BFF002010BD00BF1C6B0308BC
:1090B00038B5194B04461D6845B1EB6833B12868D3
:1090C00001F096FDAB68186801F092FD134B144A4D
:1090D0001B6813602BB1DA681AB19B68186801F03D
:1090E00087FD104B1B682BB1DA681AB19B681868B2
:1090F00001F07EFD0C4B1B682BB1DA681AB19B683E
:10910000186801F075FD2046FFF77EFF2046BDE898
:109110003840FFF733BF00BF0C6B0308106B030828
:1091200080210020146B0308186B0308F8B5D0F8F1
:10913000403104468B420D46164603D190F83C312F
:10914000202B0ED0324629462046FFF7B9FE2023B9
:1091500084F83C310023C4F84051C4F84431FFF78F
:109160008DF84FF00077074B32465F642946204662
:10917000FFF7C6FE8022044B1A6103F500535F64BB
:10918000F8BD00BF001002B8000002B8072330B5D8
:10919000144CE363144B61B94FF480424FF48041A7
:1091A000C3F80811C3F80C21C3F81021C3F8142127
:1091B00030BD44250D4940F040004D6388630121D6
:1091C000D9634FF480414AB1C3F80811054BC3F885
:1091D0000C11C3F81011C3F81411E9E7C4F8081111
:1091E000F4E700BF006000B8005000B8004000B8CD
:1091F000034BD3F8F80780F00070C0F3406070476D
:10920000000002B810B590F82630022B08D11B4B95
:10921000D3F89C1031B9C28D272A0ED90E2002E056
:10922000042B01D0002010BD144BD3F89C30002B30
:10923000F8D1C28D272AF1D80121114B1868114BA2
:10924000984214BF31246FF003040C4818BF002368
:10925000A0F8B64008BF012350246343282404FB30
:10926000013309491944895CFA31A0F8BC10074957
:109270000B449A5C064B1A70D4E700BF003E00B066
:10928000A821002000F04902D0710308E070030813
:109290005825002010B590F82600A0B1304BD3F827
:1092A000A42012F0060F01D004280DD94FF47062EB
:1092B0002C4BDA604FF48072A3F58053DA60002201
:1092C000274BC3F8A02010BD02F0020412F00402E4
:1092D00002D00B789B0637D4002C39D00B7803F0E2
:1092E0000F03072B34D14B78022B31D98B7813F035
:1092F0003E0F2DD0CC7814F0040F29D014F0010FBC
:109300000CBF04230A23A40748BF0633CB5CFBB180
:10931000002A14BF02220122042840F6FF7003F045
:109320001F0108BF4900013940EA01310E480165BB
:109330004FF470600B491202C860A1F58051CA60F9
:10934000074AC2F8A030BEE7002CC7D18B7823B9FA
:109350000023054A13650122EAE70222DCE700BF89
:10936000003E00B0006000B8004000B810B5124BDD
:109370000C68C3F87842C3F87C42C8B1D0F8E0303A
:10938000B3B15B69A3B1501EC0B2FD2812D901343C
:1093900004BF6FF0010008600868FF2A186007D159
:1093A0004A68013202D16FF001024A604A685A608D
:1093B000002010BD012AF2E7004001B8FF2818BFC5
:1093C000C3434FF0180108BF1023064A18BFDB0043
:1093D000C2F8FC1318BF03F00803A2F58052C2F8CC
:1093E000FC337047002002B8024BD3F8F807C0F3F3
:1093F000C0407047000002B84FF03A43D3F8142140
:10940000D2031ED54FF480320E49C1F81421A1F5C4
:109410008051C1F818215A6DD1B2C2F30722C3F8A6
:10942000A410C3F8A4200422C3F8A4200022C3F887
:10943000A420C3F8A420C3F8A420C3F8A420C3F830
:10944000A4207047002000BAF0220B4B01219A643F
:10945000A022A3F580539A644FF03A43826CC3F87C
:10946000F410FC21C3F8CC10C3F8D0204FF4005204
:10947000C3F8F020704700BF006000B8F8B54FF0A7
:109480003A440D46174606461BF030FD01230422E0
:109490006363084BE76026616561C3F814214FF4EC
:1094A0000042054BC3F884211BF013FD0DB10223CC
:1094B0006363F8BD002000BA00E100E02DE9F0414F
:1094C00005460124006800F00700063004FA00F3A6
:1094D000A868EC685E1EA04262D000EA060E6C68C6
:1094E00010441E430640A3EB0E000EEB040C824218
:1094F000644618D9D31A0EEB030298B1431E052B0C
:1095000004D94B1CACEB0303022B59D80B4608447F
:10951000ACEB010E03EB0E0113F8014B83420C7010
:10952000F8D101466C688AB1531E052B01F1010385
:1095300002D9E01A022812D80A44611E00E0013361
:1095400013F8010C934201F8010FF8D11BF0CEFC87
:109550000223AE60AB62BDE8F0411BF0BABC0B4623
:10956000204622F0030E8E4453F804CB734540F896
:1095700004CBF9D122F00303D01A920701EB030CBC
:1095800004EB0307E2D0CA5C0128E254DED09CF869
:10959000013002287B70D9D09CF80230BB70D5E72F
:1095A000042A35D90878043AA86148780431A861BA
:1095B00011F8020CA86111F8010CA861A8688CE7E9
:1095C0000B4620F003070F44ACEB010E1C684EF86D
:1095D00003400433BB42F9D120F0030310F0030F22
:1095E00001EB030EA0EB03040CEB030728D011F8EA
:1095F0000380012C0CF8038022D09EF80130022C4D
:109600007B7018BF9EF80230084418BFBB7088E713
:10961000013A032A12D8DFE802F00F1507020B46C1
:1096200013F8012B1946AA610A4612F8013BAB61F7
:10963000114611F8013BAB610B78AB61BDE8F081DD
:1096400008446EE70A46F3E738B50B46154601466F
:109650004FF03A4468B101221048C4F8F4201A4689
:10966000FFF72CFF25B14FF03A430422C3F8F42052
:1096700038BD73B1D4F8D8209A4284BF0122C4F80F
:10968000F4204FF03A42C2F8D4300223C2F8F4304A
:10969000E8E70123C4F8F430E4E700BFCC0000BAE7
:1096A00038B504461BF022FC4FF03A420121638F8B
:1096B000054651674BB3B3FA83F3C3F11903DBB229
:1096C000A069C2F8B410C2F88C300723C2F8900029
:1096D000C2F8B0304FF4A02302F50052C2F81431A2
:1096E000A2F58052C2F8183100220C4B1A600C4BC4
:1096F0005B6C5B0209D54FF480020A4B04F1F80061
:109700005A64D4F8941001F0BFFB4FF4E0232846CC
:10971000E363BDE838401BF0DCBB00BF84210020C0
:10972000000002B8002002B82DE9F84305460C46B7
:10973000B1B1D0F81880478F1BF0D8FBB5F83CC00A
:10974000791E01EA0C0323F00702032C0646DFF81A
:10975000F8E042445FD1DEF8004024B91BF0B9FBC9
:109760000E20BDE8F88324F00104DEF8000020F0AC
:109770000100A04254D10023CEF800302388944247
:109780006FEA43436FEA534323803FD1EB8F08EBEB
:1097900007091846083880B202F108044C4528BF72
:1097A0004446082804D9B4F800E0BEF5804F41D201
:1097B00063440F431B1A3B409BB2AB87E887947806
:1097C00011884FF03A42C1F30C019165C2F898300C
:1097D000C2F8B0004FF48022174B04F00704C3F81E
:1097E00014214FF40042154BC3F88421FFF704FE07
:1097F000042C0BD14FF48002114B05F1F8005B6C87
:10980000104B5A64D5F8941001F03EFB30461BF023
:1098100060FB0020A5E7601E012898BF1446A4E75E
:10982000E88F4344E31A48BFDB1908389842A5DCA7
:10983000304693E72246ADE7002000BA00E100E0A1
:10984000000002B8002002B884210020154B10B59A
:109850001968CA8F8B8F488F13440138073B8C6976
:10986000034023F007031C4402F108034FF03A427F
:109870009BB2CB87C2F8B0304FF480220A4BC3F8BA
:1098800014214FF40042094BC3F88421A07800F062
:109890000700042803D1064AD3681B03FCD4054BF8
:1098A0001C6010BDDC1E0020002000BA00E100E0BA
:1098B000000002B88421002010B5064C216839B19F
:1098C000CB0703D4044B1868FFF72EFF0023236057
:1098D00010BD00BF84210020DC1E00204FF4803228
:1098E0000C4B0D49C3F818214FF03A43C1F814212D
:1098F000D3F8AC10D3F88C20012302F00702063213
:109900009340C1F30C01083B994201D8FFF774BDA5
:10991000704700BF002000BA001000BA2DE9F047E0
:1099200080460C4616468769458F1BF0DFFAB8F86B
:109930003C2005F1FF3C02EA0C0323F00701032C55
:1099400082463944B8F83E0019D14A4C24689CB983
:109950000244073A02EA0C0222F00702BC183B4418
:10996000E31A48BF5B19834210DB50461BF0B1FA83
:1099700000242046BDE8F08724F00104EFE7012C25
:1099800002D0022CEBD108380C46E8E7002E3FD07D
:109990008C4241D14FF03A42D2F858904FF03A41C0
:1099A000D1F8AC20B8F81270C2F30C02934247DA37
:1099B0002588B5F5804FD8D2A378C5F30C0503F000
:1099C00007037A1EA5EB09053A43052B337005EA18
:1099D00002052DD82DB2E84340F23D420421C00FCC
:1099E000FDF790FA7580E3783374D8F81C207B1E5D
:1099F00003EA0903D118B160A9B213FA85F5AF42A1
:109A00002FBF0023FF1AB780F26024BFB180F3603C
:109A100050461BF05EFAACE7A4F10802974284BFFF
:109A2000ED0802EBC502B2F80090C9F30C09B5E7E6
:109A3000114B5B6D003B18BF0123A5EBC305C9E7C4
:109A40004B6D7A1EA3EB09033A431A400B4915B23A
:109A5000002DCB680BDCC3F30363D81E43424341A4
:109A6000DB003370CB6C72801B0A3374BDE70823B4
:109A7000F7E700BF84210020004000B8000002B8D2
:109A8000054BA822D3F84C013121431C0CBF012007
:109A9000C0F38070FDF736BA0080E00F10B50F4BB1
:109AA0001C78ACB90E4BD3F8F8375B0309D490B1EE
:109AB0000F23441EB4FBF3F410300444E4B22046F8
:109AC00010BD40F61D023F212046FDF71BFAF6E7C8
:109AD0000001C4B2F3E71024F1E700BF122B00200D
:109AE000000002B838B5294D0446297819B920225A
:109AF000274817F08DFC2378264A6188137051801F
:109B00004FF2F0022449C1F8C821244A4BBBA1F509
:109B10000051D1F8F81711F4002F4FF0FF011CBFCE
:109B20001F48C0F8DC3011704FF040731A4AC2F879
:109B300034311C4BD3F8F83713F480230BD14FF496
:109B40007F01C2F830111849C1F8303148F2C8011C
:109B5000164BC3F8F4100723C2F8FC330122124B52
:109B60000DE000240E48022BC0F8DC404FF0FF004F
:109B70001070D9D107230422C1F8FC330A4BC3F873
:109B8000FC23012300202B7038BD00BF5925002085
:109B9000E03F00B0122B0020002002B8332B002041
:109BA000004001B8000002B8001002B8003F00B049
:109BB000034B1A6802609B8883800020704700BFB7
:109BC000122B002010B5044600F024FF094BD3F8F7
:109BD000F80734B900F44020B0F5402018BF012048
:109BE00010BD022C0ABF80F400300020C0F34040BA
:109BF000F6E700BF000002B82049D1F8FC37FF2B80
:109C000031D01F48C3F303120270D1F8F81703F0E4
:109C10000F0309035BBFC2EB02120F3B02F1FF32DD
:109C2000D2184ABF03EB0213D3B2DBB2154A16496E
:109C300013700978154B1A68E9B1B2F1A06F1AD305
:109C4000D3F85012124A134BB1F1FF3F18BF13461D
:109C5000114A136041F66A02104B1B68B3FBF2F322
:109C60000F4A13607047D1F8F83713F4002F0CBF78
:109C7000B4235A23DAE7074BEAE700BF000002B833
:109C8000342B00205B250020322B00200080E00FC9
:109C90005082E00FC072030888210020A821002014
:109CA0008C21002020B1022804D1034B1878704782
:109CB000024BFBE700207047342B00205B2500207F
:109CC0002DE9F74FD0F8A4404C22022C38BF0224D3
:109CD0007B49013CCB6CD1F8DC507A49C3F3821349
:109CE000DA400B680646A34290F83071764BDFF8F5
:109CF00000A2DFF80092DFF8008202F0010216D124
:109D00001878904213D19AF80000B8420FD1D6F8D3
:109D1000A80060B1A8420AD196F82B5099F800002B
:109D2000854204D1B8F8040003B0BDE8F08F98F87C
:109D300000001A700C60FFF7B5FF0346002A00F020
:109D4000918004234FF07F41604AC2F8BC30604BE1
:109D5000C3F8BC1096F82B301B06C2F8BC300020AC
:109D600040F271225B4B19211B68B3FBF2F3634392
:109D7000182BB3FBF1F14FEA004400F29380002C62
:109D800000F09B80B4FA84F2C2F12002C2F10F030A
:109D9000012B38BF0123D440A14201D2013B64080A
:109DA000421C03F01F0152008A40121BDFF838B139
:109DB0009208CBF8B0201A0242EA0312134301932F
:109DC00000EB002300EB0325434B40F69702186895
:109DD0002B21003818BF0120FDF794F8FA223E4BE2
:109DE00002FB04F01B6840F6FF72B0FBF3F00A239D
:109DF00058433A4B00F57A74C3F8D820019AA3F57A
:109E00008053C3F8D820364AA3F58053C3F8DC50FA
:109E1000D2F8F827520308D4D3F8DC3003F47F02D9
:109E2000C3F303531343CBF8FC30C6F8A8502D4DB1
:109E300000F6B8302C6001F045FF4FF47A722A4BDF
:109E4000C3F8A400C3F8F8002B68B4FBF2F0B3FB2E
:109E5000F2F3A8F8043096F82B308AF8007089F8ED
:109E6000003061E796F82B00984228BF1846C0B230
:109E70002FB1022F7FF473AFFFF710FE70E7184B7E
:109E8000D3F8F8371903F7D450B10F230138B0FBDA
:109E9000F3F00130154B1B68034413F8010C5FE726
:109EA0000120F7E7B1FA81F23CB1B4FA84F3D21A97
:109EB000002A3FF76BAF0F236EE70F2370E700BF59
:109EC000004001B85C2A00205A250020001002B88A
:109ED000002002B8A82100208C210020006001B8D9
:109EE000000002B890210020003F00B0882100202F
:109EF000312B0020302B0020122B002038B5254BB1
:109F000005461A78244C0C2A02D1FF20207038BD57
:109F1000104617F088F801461046FFF7C3FEA84226
:109F200028BF2846C0B2884238BF08462378C0B24E
:109F30008342ECD020703ABB184BD3F8F83713F4B7
:109F4000002321D14FF2F001154AC2F8C811C8B15F
:109F50000F230138C0B2B0FBF3F3591CC3EB03135A
:109F6000C01A431C0D4A1B01D2F8C80143EA013351
:109F70000343C2F8C831D2F8C8210A4BC3F8FC2009
:109F80002078C4E70121EDE7074B1868FFF798FE3A
:109F9000F6E700BF122B0020332B0020000002B890
:109FA000002002B8003F00B0DC1E0020014B1870FA
:109FB000704700BF322B002010B50446FCF7F0FCC0
:109FC00078B1154B1B786BB964B1144B1B784BB14E
:109FD000134B1B78013B012B04D84FF40042114B6B
:109FE0001A6510BD104B1B6D1B04FAD41AF07EFFCE
:109FF000044602F0E1FC4FF400420C4B2046BDE861
:10A0000010401A6502220A4BC3F814250422054B9E
:10A010005A641AF05EBF00BF5C2500205D25002059
:10A0200094210020002002B8000002B8001002B8FD
:10A0300000D00350054BD3F8843013F0030F4FF4D6
:10A04000802314BF024A034A93647047004000B85B
:10A05000005000B8006000B873B5054600F0DAFCA7
:10A0600001213A20E8F76EFF3D4C3E4B00201D7069
:10A07000FFF7A2FF2378013B012B08D8E37B01A85F
:10A080008DF80430237C8DF8053009F0E8FB0022C0
:10A09000354BC3F81425A5B94FF6FF71334AC2F802
:10A0A0008410F821A2F58052C2F88410C3F8145528
:10A0B0002F4B4FF080421A650020FFF7BBFF02B024
:10A0C00070BD62685AB32B4B1B6803EB5203B3FBA2
:10A0D000F2F3013B1B0243F0F80326782349022EDA
:10A0E000254A1ED0032E4FF6FF751F4826D0012E9D
:10A0F0002FD143F00203C1F88450C2F88430072303
:10A10000C0F81435E37B01A88DF80430237C8DF86A
:10A11000053009F068FB0120FFF74EFF17E0F82338
:10A12000DBE74FF6FF7043F00103C1F88400C2F88B
:10A13000843006220C4BC3F81425E3E743F00503F3
:10A14000C1F88450C2F884300423C0F814350B4B96
:10A15000AFE7C1F88450C2F884300023F5E700BFB0
:10A16000942100205D25002000C00350006000B84D
:10A17000002002B8A8210020005000B8001002B84A
:10A18000F0B52B4F06463D4604460FCE0FC533684B
:10A1900085B02B6000F03EFC01213A20E8F7D2FEAA
:10A1A0000022244BC3F81425A17A627A42EA0142C4
:10A1B000C3F82025217CE27B42EA0142C3F81C253A
:10A1C000217B627B41EA0240C3F818053B78032BF0
:10A1D0002AD8DFE803F022020C178DF804100421BE
:10A1E0008DF805200DEB0100002209F0A6FAE37BB3
:10A1F00000228DF80830237C042102A88DF8093054
:10A2000009F09BFA637A01228DF80C30A37A0421BD
:10A2100003A88DF80D3009F090FA074B187805B0B7
:10A22000BDE8F040FFF718BF212005B0F0BD00BF2A
:10A230009421002000C003505D250020034B1B6DBE
:10A24000002BBCBF024BC3F888007047000002B867
:10A25000004000B84FF0006338B1064A1365064B62
:10A260004FF40032C3F884207047044A1365044B4E
:10A27000F6E700BF001002B8005000B8002002B896
:10A28000006000B82DE9F04700F01EFC4FF47A762C
:10A290002D4BB0FBF6F618604FF4FA737343074684
:10A2A0002A48190E1B021818294A4FF0000341F1E1
:10A2B000000103F03FFA274BA0F5807205461A63B0
:10A2C00020B946222B21FCF71DFE01254FF47A729E
:10A2D0004FF0000A6A4353465008310203F02AFA4D
:10A2E0001C4B1D4AB7F57A7F9A601C4B4FEA0568F4
:10A2F00019601B4B8946044618604FEA152505D2A4
:10A3000098222B215046FCF7FDFD01264FF47A736D
:10A31000A8FB030103FB05117308C01841F10001FC
:10A320000023324603F006FA0E4B023419600E4B3E
:10A3300049F10009A408186044EA8974054B013CFE
:10A340009C63BDE8F08700BFA821002020A1070082
:10A3500040420F0000C001B802110100B8210020E6
:10A36000B4210020B0210020AC2100204FF40022B5
:10A37000034BC3F884215A600122024BDA60704714
:10A3800000E100E000C001B84FF40022064BC3F822
:10A390008421C3F88420BFF34F8FBFF36F8F042253
:10A3A000024BDA60704700BF00E100E000C001B876
:10A3B00010B50446A242A2EB0000A3EB010104D2B7
:10A3C000034B01399B6B0133184401F0030110BDAD
:10A3D00000C001B838B501250A4B02019D504FF469
:10A3E00080730446084A834053661AF07FFD074A8B
:10A3F000A540137823EA05031370BDE838401AF02E
:10A4000068BD00BF00E101B800E001B8662500208A
:10A410002DE9F84F164605468A461F461AF066FD96
:10A42000022E00F0918080461AF07AFD5A4B5B4A6A
:10A43000D3F8209092F87D405A6EE4B2520744BFA0
:10A44000D3F82090013404F003041AF05BFD484671
:10A45000214600F02BF98446DAF80000012E04BFF3
:10A4600001306044ACEB000C08BFCAF80000BCF13E
:10A47000804F7DD300F02CF98145A1EB040188BF0A
:10A48000454BDFF838C188BF01F1FF3101F003010E
:10A4900088BF9B6BA0EB090E0CF80510A1B1F90762
:10A4A00042BF41F61F723E4B5A67BA0742BF3C4B50
:10A4B0003C4A5A677B0742BF0022374B9A673C07EA
:10A4C00042BF0022344B9A6511244FF0010A324BEF
:10A4D00005F11002120103EB051BCBF80C01324908
:10A4E0009C501A6A0AFA05F4586E0B78A2EB09021E
:10A4F000E4B2234372450B7025D34FF48073AB4015
:10A50000034220D11CF80520002A40D10EB3274A6F
:10A51000F807536607D541F61F7140F20110204B32
:10A52000596750675967B90706D51D4B1D4A1F4922
:10A530001F485A6748675A677A0742BF01221D4B76
:10A540001A613B071AD440461AF0C3FC0120BDE84B
:10A55000F88F194A2D0142F805A042F89C3C1AF0E8
:10A56000C5FC11490B7823EA04030B701AF0B1FC07
:10A5700040461AF0AEFC0020BDE8F88F2120FFF71E
:10A580005DFE4FF48032044B4046DA60DCE7074A58
:10A5900040465366D8E700BF00C001B8003E00B097
:10A5A00000E001B800001F1F6625002000D001B8A0
:10A5B00000000101000002B800E101B85E250020A2
:10A5C000024B1878003818BF01207047662500201C
:10A5D000034B10300001185800F00100704700BF15
:10A5E00000C001B8044B01F0F071103041F00301DC
:10A5F00000011950704700BF00C001B870B5064691
:10A60000FEF782FB044608B1FFF7BEFE00230A4DA9
:10A610003046AB61EB612B6200F05AF8074BC9B2D0
:10A6200083F87D1028622CB1FFF7A0FE4FF0806206
:10A63000034B5A64002070BD00C001B8003E00B05A
:10A64000002002B808B52220FFF7F8FD4FF4802261
:10A65000014BDA6008BD00BF00C001B838B51AF080
:10A660005FFC084B084A1D6A92F87D405A6EE4B2BE
:10A67000520744BF1D6A01341AF044FC284604F016
:10A68000030138BD00C001B8003E00B00346064AD1
:10A69000103302EB00111B01D1F80C01D158C1F3AA
:10A6A000400116F0DABC00BF00C001B8064B1B68C1
:10A6B000434303EB8171054B1B68A3FB003013F18F
:10A6C000004341EB00007047B0210020AC21002086
:10A6D0000C4A20F04043014610B5002014684FF0AA
:10A6E0000042E4FB0320084A890F126802FB0300C2
:10A6F000064B9B6B984204D901330131C01A01F01B
:10A70000030110BDB4210020B821002000C001B811
:10A7100040B1836833B10649C268096803F1304328
:10A72000032A00D8704743F8041B043AF8E700BF37
:10A73000EC21002070B51646054600B3F9B1F2B120
:10A740004268104B006803321B68920800F13040E9
:10A750009847044688B9EA68A868033231469208E7
:10A7600000F1304016F099FC044630B9D5E90402F6
:10A77000214600F1304016F04BFE204670BD2124EA
:10A78000FBE700BF602A002070B50C68651C15D07F
:10A79000C4F302669E42C4F3074530D1A4B294428A
:10A7A0002DD804EB8506B24229D2141BA50824F04B
:10A7B00003040E59340F04D0012C08D000222124A8
:10A7C00002E06B1C51F82320C0E9002470BD0E4C40
:10A7D00034F8133042EA03431A686B1C51F82340E3
:10A7E00001EB83014B6822405E4036F0704404D197
:10A7F0001B0F032B04BF8B681A430024E4E70135C9
:10A8000001EB8501C1E700BFD472030807B501A8B9
:10A810000BF014FB264B2749D3F86022D2B2FF2A53
:10A820001DBFD1F87801130243EA0213D1F8783141
:10A830001CBF20F47F621343C1F8F8330C20EAF701
:10A8400051FD01213F20E8F77DFB4FF000421A4BFC
:10A8500042F201015A60C822184B5A654FF4C022D7
:10A8600003F51043C3F868214FF48032C3F86C211C
:10A87000134AC2F8701202F52042D2F8F8271203E8
:10A8800008D44FF470610F4AC2F8A0104FF4206250
:10A89000C3F8A02001220C4BC3F8002403F5304379
:10A8A000D3F86821094B1A6003B05DF804FB00BFC0
:10A8B0000080E00F000002B800900950008001B84D
:10A8C000006001B8002002B8005001B874210020D7
:10A8D000134B1B78002B20D0124B134A00201A6018
:10A8E000124B134A1A60134B134A1A60134B1A681F
:10A8F000134B1A60134B144A1A60144B144A1A6013
:10A90000144B154A1A60154B154A1A60154B164A16
:10A910001A60164B164A1A6070470220704700BF33
:10A9200067250020F8210020F47B0308F021002097
:10A9300030730308F421002064730308742A002094
:10A94000EC210020102200201873030808220020A8
:10A95000FC7603080C220020607303080422002008
:10A9600000730308FC210020687303080022002004
:10A97000487303080022012138B51E4B5A649A64BB
:10A98000DA641D4A516102219162DA68C2F30362FE
:10A990000D2A01D0002AF8D111220124174DDA63C3
:10A9A0004FF0FF302C7016F0D1FB00232B70144DAC
:10A9B00040F2437228685421C01A18BF0120FCF7E6
:10A9C000A1FA104B28681A680F4B1968FFF7B2FEFE
:10A9D00001F0DCFA0D4B1868FFF79AFE0C4B186873
:10A9E000FFF796FE4FF08062034B5A6103F58053E8
:10A9F0005C6138BD000002B8001002B86725002075
:10AA0000F0210020F4210020F82100201022002055
:10AA10000422002001230D4A0D49C2F880329166BC
:10AA20000C4A53600C4A53600C4A5360A2F58042B2
:10AA30005360A2F54042536002F5C032536002F504
:10AA400080425360A2F5004253607047009000506E
:10AA5000FF0B001600D000B8001000BA005001B87B
:10AA600038B50324FFF7D6FF114A124B124D1A6571
:10AA7000FFF7CCFE114BC3F8104101232B6501F009
:10AA8000C9F84FF460736B614FF400732B65FEF7E8
:10AA9000ABFC0021FEF792FC4FF48002084B1C64D3
:10AAA000A3F580535C64074BC3F884215A6038BD1A
:10AAB0000048F000000002B8001002B8005001B8D1
:10AAC00000E0095000E100E008B518F025FC044B57
:10AAD0001B6FC3F300430133B0FBF3F008BD00BFAD
:10AAE000008000502DE9F04F044687B0029089465F
:10AAF00059F8043B5A1C06D12360029BE01A8010CF
:10AB000007B0BDE8F08F3748C3F301615FEA137BFC
:10AB100030F8110008BFC3F307429BB218BF0122EF
:10AB200043EA004016F0C2FA4FEAC20A05460AF1AB
:10AB300004032D48234483421BD807230127C8461A
:10AB4000CB4003F0010301939300049307FA0BF742
:10AB500005EB8203039307F0940304F108060593C1
:10AB6000039B08F10408AB4208D1049954444944BA
:10AB7000BDE71E4B9C42E0D80020C1E7059B53B9BE
:10AB800017F0420F19D117F0280F0BD146F8085CC7
:10AB900058F8042C21E040F6E61232210020FCF7A0
:10ABA000B1F9F3E740F6EA1232210198FCF7AAF96D
:10ABB00005F5805246F8082CEAE740F6F3123221F8
:10ABC0000198FCF79FF905F50052BBF1010F46F81B
:10ABD000082CDDD158F8042CD24346F8042C043557
:10ABE0000836BDE7CC720308DF4F00B0E04F00B07D
:10ABF000F8B50646E0B10024144B25461F4614491B
:10AC000053F8042BAAB91348314600EB8500FFF72F
:10AC100069FF30B940F694323621BDE8F840FCF7C0
:10AC200071B90D4B0135281847F8246023F814003A
:10AC3000F8BDB242FCD001340C2C02D031F81450D3
:10AC4000DEE740F6AE3236210020E6E7BC210020E8
:10AC500058240020404000B05A24002070B504461B
:10AC600098B1B1B13A4A52F8043B834213D1002360
:10AC7000384A116CC907FCD4374800EB830016F042
:10AC800015FA364B106001221A6470BD01330C2B8B
:10AC900002D1334D2CE0012352F8041BA142F5D11F
:10ACA000304A32F81330E3E7C2F3016335F813009A
:10ACB000110C93B211F0FE0F43EA0043606820D0FC
:10ACC0000434CAB2022A216808D9D4E90160033ADF
:10ACD000C3E9001698600C340C33F3E704D16268C2
:10ACE000C3E90012083403E0012A01D104341960D9
:10ACF0002268531CD8D10022164B1A6003F58053EA
:10AD0000C1E7120F072AEDD8DFE802F00704090DAA
:10AD10001013181DC04303F500531860E2E71A68CA
:10AD200042401A60DEE703F58053F6E716F08AF931
:10AD3000D8E7012203F580538240F2E7012203F5B0
:10AD400000538240EDE71A6830EA0202FBD1C9E7FE
:10AD5000BC21002000C002B8404000B000D002B8C2
:10AD6000D4720308582400200122014B1A65704751
:10AD7000001002B80122014B1A657047002002B88A
:10AD80004022014B1A657047002002B84022014B57
:10AD90001A657047001002B8064BDB68C3F3036303
:10ADA000984206D1044A936E23F0F00343EA01115E
:10ADB00091667047000002B8003F00B02DE9F743EC
:10ADC000064616F038F900248046DFF890901AF015
:10ADD0008DF80DF1070105460DF10600FEF74AF862
:10ADE0009DF806308BB9721C29D016F024F9A0EB1F
:10ADF000080428461AF06DF89DF8063013B99DF83E
:10AE000007303BB3A642E2D824E0D9F80C3013F463
:10AE1000603FE8D0D9F8180016F09CF9731C07467B
:10AE200003D016F008F9A0EB080428461AF051F8F0
:10AE300017F5007FE0D0384603B0BDE8F083284620
:10AE40001AF047F89DF80630002BC0D19DF8073066
:10AE5000002BBCD1004FEEE700FEFFFF00C000B8A2
:10AE60000122024B98611A61704700BF000001B8CF
:10AE7000044BD3F8B03010B1C3F30332027003F0C7
:10AE80000F007047000002B8064B01F080015B6CB8
:10AE900003F480030B4302BF4FF40012024BDA6449
:10AEA000704700BF000002B8006001B80F4B1B786C
:10AEB0008BB1012B11D10E4A012102F580528B4238
:10AEC00091600FD80A4A0B49002B08BF0A469368C5
:10AED0009B07FCD47047074AEEE700224FF48053EB
:10AEE0009A60FFDE00239B68FBE700BF6825002017
:10AEF000004003B8000003B838B50B4B0B4C0028DA
:10AF000018BF1C46A569E3691D4007D0084B1B68A4
:10AF10002BB12846984704F50054A56138BD6B0550
:10AF2000F9D5FFF7C3FFF6E7004003B8000003B808
:10AF3000142200204FF604014FF60502044B0120B5
:10AF40001B6C9BB28B4208BF1346024A13667047C4
:10AF50000080E00F00C001B82DE9F74F81460F4691
:10AF60004FF0FF35FFF77AFB002601908A462C460A
:10AF70003046DFF8D8B006F110031B015BF8033050
:10AF800003F00308B8F1010F15D13046FFF77EFB3F
:10AF900002460B4601985146FFF70AFADBF8643087
:10AFA00006F10802D340DB0739D5002F40D0002539
:10AFB0002C463E6040460136082EDCD160B3234A61
:10AFC0000027D2F808C0916B0CF440330131A4FB88
:10AFD0000141641941F10001B3F5003F30D1536BD9
:10AFE0000CF4405C013347F10006BCF5805F22D1D0
:10AFF000156B15F5807505FB06F647F1000203FB9E
:10B000000266A5FB03323244594304FB0212A3FB40
:10B0100004341444C9E9003403B0BDE8F08FA842F9
:10B0200071EB0403C6D207B13E6005460C46C1E78A
:10B030003D463C46BEE7320242EA13621B02E3E7AA
:10B04000136B13F5807347F10002DDE700C001B810
:10B05000F8B5062016F012F8044615F0ECFF42F29F
:10B060001073041B9C42054618D94FF080624F2490
:10B070000B4B5A6441F26F770A4E0BE015F0DBFF81
:10B08000401BB8424FF0FD0221468CBF002001203A
:10B09000FBF738FF736C5B01F0D5F8BD1A24E9E7C4
:10B0A000002002B8000002B8034B1A6E596E03F577
:10B0B00000530A401A66704700C00A500F28F8B5BE
:10B0C0000D4662D8002960D1314C324E84F8791097
:10B0D00084F87800706940F253124B2100F00100AF
:10B0E000FBF710FF11234FF48012B3662A4B7566ED
:10B0F000C3F888219A6001213B20E7F723FF94F8E9
:10B100007910264A94F878300A432549063341F8E5
:10B110002320244B3E201E68E7F74AFF7708F607F6
:10B1200002462B463046394602F004FB090241EA4A
:10B130001061C0F3C05040EA41001B4BA066186B81
:10B1400010F5807005D140F295122B21FBF7DAFE45
:10B150000220024600230020012102F0EBFAE06603
:10B160003E20E7F725FF40F649435843000DFF28EE
:10B1700028BFFF20022838BF0220002184F87C006D
:10B18000012000F05DFD0020F8BD2120FCE700BF9C
:10B19000003E00B000C00A5000E100E0020D0C00CB
:10B1A00000800350A821002000C001B838B1054B31
:10B1B00093F87800087093F87900107070470723AF
:10B1C0000B70FAE7003E00B02DE9F34105460F464B
:10B1D00068461146FFF7C0FE0646B0B1AFB1DDE9E3
:10B1E00000321B0A43EA0263A5FB0384094B120ADF
:10B1F00005FB02441A6812B9FFF766FC02460023F9
:10B200004046214602F096FA3860304602B0BDE86A
:10B21000F08100BFA821002070B5FFF719FF0021C1
:10B22000022000F00DFD15F006FF04460F4D104EF4
:10B23000D5F8F4331B070BD519F058FEBDE8704064
:10B2400002220C4BDA6001220B4B1A7019F041BE3E
:10B2500015F0F1FE001BB04240F2FD124FF0450127
:10B260008CBF00200120FBF74DFEE1E7000002B893
:10B270003F420F0000C001B869250020224910B5E7
:10B280000B78002B3ED00122204C94F8793001330A
:10B29000DBB202FA03F31E4A536613664FF4002230
:10B2A0001C4BC3F8882100230B7003231A4A392151
:10B2B0001364A2F580525364184B40F2A922586CD3
:10B2C000C0F38060FBF71EFE4FF48041144A154B1B
:10B2D000C2F89410144A216FD26E914202BFD3F883
:10B2E0006C216267D3F86431606F08BFA4F87E30C8
:10B2F000B4F87E1000F0DEF8BDE810400121022015
:10B3000000F09EBC10BD00BF69250020003E00B0CB
:10B3100000E00A5000E100E000E00950000002B83F
:10B3200000E001B800C001B800C00A5010B50446E2
:10B330003E20E7F73DFE6043034B00F5F42000F5A7
:10B340009070B0FBF3F010BD40420F002DE9F74FB5
:10B35000FFF7ECFF0446FFF77BFE19F0C7FD002165
:10B360004B4F054668463970FFF7F6FD494B80465E
:10B370009E69494BDB6813F0706F1CD1474B5B69CA
:10B3800013F0060A17D1E0B1454B611D1868A1FB07
:10B3900000B93E20E7F70CFE5346024649465846A0
:10B3A00002F0C8F9009B090241EA106100029842CC
:10B3B000019B994105D3284603B0BDE8F04F19F031
:10B3C00088BD0021022000F03BFC15F034FE8146D0
:10B3D000DFF8C4B0DFF8D4A0DBF8F4331B0741D5A5
:10B3E000B8F1000F4DD0DDE900893E20E7F7E0FD20
:10B3F0004FEA182141EA09614FEA1923A0FB01989D
:10B4000000FB0388264B1A6812B9FFF75DFB024662
:10B4100000234846414602F08DF90121214B0134B9
:10B4200093F87930DFF86CC001331F4A361BDFF820
:10B4300080E0DBB201FA03F30644CEF86030CCF8CA
:10B440006C605366DCF81820DCF86C60241A921BE0
:10B45000A24216D2CEF864300220CEF8603000F05E
:10B46000EFFBA8E715F0E7FDA0EB0900504540F21F
:10B470004E224FF045018CBF00200120FBF742FD1A
:10B48000AAE70222054BDA6001233B7093E700BF75
:10B490006925002000C00A50000002B800C001B8B1
:10B4A000A8210020003E00B000D00A503F420F000B
:10B4B00000E00A5001232DE9F74F9A4F044697F810
:10B4C00079208A469340984A0E46936697F87820EA
:10B4D000964B0546C3F8F0204FF40032944B4FF0E2
:10B4E000000B1A610223DFF85482C8F80C30914B2C
:10B4F0009B6903F1FF39A3EB0903002B40F3D480D0
:10B500000BF1010BBBF1020F57D9EC220D210020EA
:10B51000FBF7F8FC4FF08053874A884F53664FF48F
:10B520000031804BC7F86C51C3E91C950025C7F862
:10B530006461A3F87E6011617C4AC2F8F05093F810
:10B54000792001239340784A936619F0CFFC2A466C
:10B550002B464FF4807E3E6AD7F864C002F110019A
:10B560000901795801F00301012910D10EFA02F105
:10B5700011EA0C0F0BD107EB0215B442D5F80C51B0
:10B5800000F2A580AC4202D2AE4280F0A38001322C
:10B59000082AE3D16A4D2968012940F29E803BB117
:10B5A0006049B1F87A201A43A1F87A20604A5366BC
:10B5B00003B0BDE8F04F19F08CBC012397F8792057
:10B5C0005C4D9340584A936619F090FC4FF08052BE
:10B5D000594B01905A66AB6903F10109C5F86C90AB
:10B5E000D8F83010D8F80830DD036DD53A6FBE6E4C
:10B5F000A9EB0202A2FB0626FB6E01F58071A6FBF9
:10B6000003E5A2FB03C313EB0E03A1FB03EC45F11F
:10B61000000501FB05CCB2EB0E0266EB0C06120A2C
:10B6200042EA06625244B2EB112F4FEA112603D3CD
:10B63000013345F10005921B043E964228BF164691
:10B64000C8F8186097F87D20D8F82010E318D2B217
:10B6500045F100058C42D8F8381084BF02F1FF3262
:10B66000D2B2481C0ED04FF0000E01F1010C9942ED
:10B670007EEB050008D20132B3EB0C03D2B265F1C8
:10B680000005F4E72A44D2B21D4602F0030287F80F
:10B690007D20C8F82030012397F879200198934045
:10B6A000284A936619F015FC224B9B6900BF00BF26
:10B6B00000BF00BF00BF00BF00BF00BFD8F86420BC
:10B6C000D2007FF518AF25E756462546E3E7AC42A2
:10B6D000BFF45AAF19438BB259E71B4A1478142CA4
:10B6E00001BF0024194E14703470147801341470A2
:10B6F000002B3FF45DAF0B4EB6F87A401C43A6F822
:10B700007A400B4C6366114C23780133DBB2022B79
:10B7100023707FF44DAF0023013129601370237033
:10B7200046E700BF003E00B000E00A500080035032
:10B7300000D001B800C00A5000E001B800C001B854
:10B740003821002000D00A506B2500206A250020F7
:10B750004FF40052014B5A60704700BF00E100E017
:10B760004FF40052034BC3F88420BFF34F8FBFF355
:10B770006F8F704700E100E037B50446FFF74AF9E4
:10B7800001213A20E7F7DEFBE17822791B4841EA04
:10B790000243C0F8BC35E579A37943EA0543C0F814
:10B7A000C03523784BB18DF8041004218DF80520A5
:10B7B0000DEB0100002207F0C0FF63785BB10421AC
:10B7C000A37900228DF80430E3790DEB01008DF8A8
:10B7D000053007F0B2FF227801235AB1084AC2F8B7
:10B7E000B835627802233AB1054A0020C2F8B8356C
:10B7F00003B030BD034AF2E7024AF6E700C0035047
:10B8000000D0035000E00350F8B50B46002213F8B7
:10B81000044B944225D91D68854224D106245A79C7
:10B820001D79124B88181E6804FB0503104F33F86E
:10B83000063C7B43B3420ED900238A5A7A43964290
:10B8400002D804FB0300F8BD9D42FAD9013304FB82
:10B8500003F2825AF2E740F244423D210020FBF716
:10B8600051FB0020EFE708330132D2E71822002015
:10B8700040420F0000202DE9F84FA2FB017BAA4EA9
:10B88000DFF8DCC2BE1998466BF10003B44570EBDB
:10B89000030307D240F23E220E21FBF733FB0220C6
:10B8A000BDE8F88FD8F814A00C461546BAF1000F81
:10B8B00004D0DAF80030032B00F2A9809B4B9C4A9D
:10B8C0009B6BD2F8FCA0C3F314099A4B1B6F58076B
:10B8D0004EBF4FF440039B0503F0E07349EA0309B0
:10B8E000954BD3F8EC30590048BF49F0807949EACC
:10B8F000456917F051FD012D0646D0D10028CED064
:10B900008E4B984200F0948003F5122303F5F86300
:10B91000984200F0B6808A4B984200F0BE80002525
:10B9200002462B4600204FF0007101F003FF2B462A
:10B93000013007FB03F3C9F3130100FB0B33A7FB33
:10B940000070A1FB0662034401FB052220339B0922
:10B95000C8F800307B4BF60C1C6046EA42367A4B46
:10B9600019F4801F08BF76421E60784B34441C6077
:10B97000BAF1000F48D00023C8F80430C8F80830E6
:10B98000DAF81C5019F0807F18BF6408002D53D1DD
:10B99000DAF800600023062EC8F80C30C8F8103022
:10B9A00032D9DAF830307BB317F0F6FCDAF8301021
:10B9B000FFF72AFF044618B18378002B40F09980E6
:10B9C00017F0A4FCDAF83010FFF71EFF0446D8B1D8
:10B9D0008378CBB140794FF4AE62003818BF0120B4
:10B9E0003D21FBF78FFA207940F2715200384FF079
:10B9F0003D0118BF0120FBF785FA237962791B020C
:10BA000043EA0213C8F810300020BDE8F88F042B79
:10BA1000DAF828907FF46DAF19F0807F14BF4FF4EF
:10BA2000400309F0E07329F0E07949EA030960E78F
:10BA3000002347481D467CE73E4FD7F83C21D20201
:10BA40002FD4DAF800601CB1B4FA84F107291CDDA8
:10BA50002B462102B1FBF3F14B0067020133E40DE9
:10BA600001E002330131A5FB0302874274EB0202BD
:10BA7000F7D2C1F30E01090341F00061C8F80810C4
:10BA800088E7002333481D4653E7C1F1080325FA30
:10BA900003F304FA01F10133DCE700232E481D46CD
:10BAA00047E719462D4AC9F3815912F80920002E9B
:10BAB000B8BF764292066008C2FB0601224601F03A
:10BAC00039FEDAF800600E2E0ED9184B9A6BBB6C5B
:10BAD000D7F83C11DB0607D502F4801201F40011FF
:10BAE0000A4308BFC0F58010C0F31300C8F8040073
:10BAF000A9E7407940F25552003818BF01203D2196
:10BB0000FBF700FA207940F25652003818BF0120A6
:10BB10003D21FBF7F7F9237962791B0243EA02130F
:10BB2000C8F80C304CE700BF006CCA88008001B830
:10BB3000004F00B0004001B8000002B800F0490218
:10BB4000005A6202202200201C220020182200201D
:10BB50000A3BB2DF313641DCD694BFD6DC72030833
:10BB6000807C814A10B5044686B059B9214B4168A2
:10BB7000D3F8FC30827A2048059300686B46FFF7C3
:10BB800079FE69461D4B0A685A631A4BD3F8FC309C
:10BB900033B34B6843B11A4B1A4AC3F83C214A6885
:10BBA000A3F58053C3F83C218B6843B1144B164A6C
:10BBB000C3F81C218A68A3F58053C3F81C21134ADB
:10BBC000C868D2F8983123F4EE630343C2F8983181
:10BBD000D2F89031096923F4EE630B43C2F8903137
:10BBE000002022890A4B9A6203F5A033186406B03C
:10BBF00010BD00BF004F00B0DC1E0020008001B867
:10BC0000006001B8FFFF0F0000F0FF0F000002B856
:10BC1000004000B8074BD3F88022D20707D55B6EEF
:10BC2000002B4FF48043B4BF034A044A136500203D
:10BC3000704700BF00800050002002B8001002B81A
:10BC4000064B1A6C9207FCD4022240EA012058608D
:10BC5000034B1A640122034B1A70704700C002B8EC
:10BC600000D002B86C25002010B590B10468012CFA
:10BC70000FD902696AB11168094B102C196051681B
:10BC80005960916888BFD268996094BFD960DA60C2
:10BC900010BD10220021024815F0BAFBF8E700BFE2
:10BCA00028220020064B586F1B6DC0F30112000CB8
:10BCB00002FB000003F01F0301331844704700BF6C
:10BCC000004001B8084BC1171A68A2FB000302FB31
:10BCD000013310F1807043F10003400E40EAC310BD
:10BCE000803820EAE0707047382200200722194B84
:10BCF00070B51A64184B194A1D68194BEC08E00519
:10BD0000C0184FEA153141F10001002301F012FD86
:10BD1000144B154E18601548FFF7D4FF4042C6F883
:10BD2000DC0049F65800FFF7CDFFC6F8A800104820
:10BD3000FEF7CEFC024660B1E301500818184FEA46
:10BD400015714FF0000341F1000101F0F3FCC6F85A
:10BD5000B40070BD000002B8A821002065CD1D0010
:10BD6000B2E60E0038220020003F00B07011010042
:10BD700040420F0010B5044698B10B4BD3F8FC00BD
:10BD8000FFF772FF4FF47A7303FB04F0074BA0F642
:10BD9000AC50DA689B681044C01ABDE81040FFF749
:10BDA00091BF4AF6C870F8E7004F00B02822002083
:10BDB0002DE9F8430546084614461E46FFF754FF92
:10BDC00005B306F0020716F004061DD1D7B14FF4F3
:10BDD0007A706B685843002B40F08C80FFF772FF3D
:10BDE00020636B69002B00F08C804A4AD0684FF4C6
:10BDF0007A7202FB0300A0F5FA50FFF763FFE062DE
:10BE0000002E58D1BDE8F8832869002869D04FF486
:10BE10007A7358433F4BA0F6AC509B68C01AFFF7AB
:10BE200051FFA062A88B00285ED04FF47A7358436C
:10BE3000384BA0F6AC509B68C01AFFF743FFE06197
:10BE4000354BE968D3F80080002950D04FF47A735D
:10BE50005943304BA1F6AC519A685B68891AC91AEC
:10BE60002E4BC8171A68DFF8BC90A2FB011302FB27
:10BE7000003311F1807143F10003490E41EAC3110F
:10BE80008039274B2162D3F8C4306362D9F800307F
:10BE900053B1404615F017F830B12246D9F80030BA
:10BEA0001C49D8F8D80098470021A869FFF762FF1D
:10BEB0006063002F8BD1A86830BB47F23050FFF78A
:10BEC00001FF60614FF47A702B6858432BB1114B1E
:10BED0001B6803F51C5310331844FFF7F3FEA061F1
:10BEE00090E74AF6C8709AE74AF6C870A5E74AF69E
:10BEF000C871B5E7074B1B6803F51C531033184492
:10BF00006CE747F2305078E74FF47A735843A0F566
:10BF1000FA50D4E728220020DC1E0020382200201E
:10BF2000003F00B02422002008B9FFF7BBBE034841
:10BF300081420CBF2F20BC20704700BF48E80100A1
:10BF400038B5054608461C4615F09FF8D5F8E4308C
:10BF5000A3B11A68012A11D91A69094B002A08BF2E
:10BF60001A465368074A002BA8BF4FF4FA721A44C6
:10BF7000054B204492FBF3F2104438BD004AF0E731
:10BF8000E47203080CFEFFFF18FCFFFF70B588B0D9
:10BF90006D46184C0FCC0FC594E80F0085E80F00D4
:10BFA000EC220021144815F033FAAC22002113488A
:10BFB00015F02EFA20220021114815F029FA15F06B
:10BFC000E5F8104B1B783BB16D460A4E0FCD0FC6FE
:10BFD00095E80F0084E80F000B4A0C4B106851687D
:10BFE00003C3906818600A4BD3F87821094B5A664E
:10BFF00008B070BDE03F00B0683E00B0543F00B0F4
:10C00000E04F00B059250020F4720308B03E00B0A4
:10C01000000002B8003F00B008B518F067FF0E4BF3
:10C020001A78A2B90D4A126812F4843F0FD10C4A53
:10C03000102111651B7863B9084B1B68DB0508D418
:10C04000074B20221A65BDE8084018F042BF054A98
:10C05000EEE7044BF5E700BF71250020A80D002096
:10C06000002002B8001002B80A4B197801F0FF0254
:10C0700029B10021197008499202C1F808215978A4
:10C0800001F0FF0229B1002159709302024AC2F85F
:10C090000C3170476D250020005000B8064BD3F8D6
:10C0A000F00E064B9B6C1A0103D4054B9B6E1B04D0
:10C0B00001D500F580707047003000B0000002B874
:10C0C000004000B810B518F011FF0E2104460320FF
:10C0D000FEF762FE40F20122034B2046BDE810400D
:10C0E000DA6218F0F6BE00BF004000B8064B002030
:10C0F0001B6893F82430DB0902BF0322034BC3F80B
:10C100005022FBF7BFBC00BFDC1E0020006001B85E
:10C110000022044B1A70044B197811B11A70FFF702
:10C120007BBF7047702500207125002038B518F0BE
:10C13000DDFE4FF48043274C0546C4F88430BFF33E
:10C140004F8FBFF36F8F4FF40043C4F88430BFF3B9
:10C150004F8FBFF36F8F4FF48033C4F88430BFF339
:10C160004F8FBFF36F8F4FF40033C4F88430BFF3A9
:10C170004F8FBFF36F8F4FF48023C4F88430BFF329
:10C180004F8FBFF36F8FFFF7EBFA4FF40023C4F824
:10C190008430BFF34F8FBFF36F8F4FF48013C4F819
:10C1A0008430BFF34F8FBFF36F8F4FF40013C4F889
:10C1B0008430BFF34F8FBFF36F8F4FF40003C4F889
:10C1C0008430BFF34F8FBFF36F8F2846BDE83840F0
:10C1D00018F07FBE00E100E038B518F087FE054694
:10C1E0004FF480430E4C63604FF4004363604FF4A0
:10C1F000003363604FF480236360FFF7A9FA4FF4C4
:10C20000002363604FF4801363604FF40013636096
:10C210004FF4000363602846BDE8384018F059BE6B
:10C2200000E100E0012370B5074C2370074B1E6846
:10C23000074B3240D3E9005319402840FCF716FA67
:10C240000023237070BD00BF6F2500204022002016
:10C25000A80D00202DE9F047DDF820A003EA010831
:10C26000099B06460D4602EA000703EA0A09BAF1ED
:10C27000000F40F04F81031F0B4300F00F81052892
:10C2800071F1000380F0E58050EA010300F0758150
:10C29000431E0B4300F02581FFF748FFB84AD2E95F
:10C2A000004323EA050324EA06043C4343EA080763
:10C2B000B44BC2E900471E6826EA0A0646EA0906A8
:10C2C0001E60FFF7A9FE14F02A4F14BF48F20203C4
:10C2D0004FF40043AC4AB007D26EAC4848BF43F4B9
:10C2E000005383EA020122EA0302C266A84A0B4015
:10C2F0008166D366C4F380421203210348BF42F42F
:10C300008072E30648BF42F40052A24BA50648BF24
:10C3100042F40072600648BF42F480622106D96888
:10C3200048BF42F4006282EA010323F080539A4836
:10C3300019401A40C1608360984B17F4007FDA609F
:10C34000974B07F4007200F0048101224FF480251E
:10C3500083F88820E30448BF45F48035A00348BF34
:10C3600045F48015A10748BF45F4001514F4001FDB
:10C37000DFF8688206D0D8F8000014F029FF08B969
:10C3800045F40025E20248BF45F40035FB06854B25
:10C3900048BF45F480051A6A834985EA020323F001
:10C3A00001031A400A621D40CB61804B16F0010F59
:10C3B0001D627F4B7F4A18BF1A467F4B7D071B6F5C
:10C3C00048BF42F000627D4882EA030123EA02038B
:10C3D00003677B4B0A4041661A677A4A04F00103FF
:10C3E000D16CA0F5803081EA030221EA0301C16427
:10C3F00082641A40744B2002DA64D8F8002048BFE7
:10C40000724B92F8F62058BF714B610748BF43F456
:10C41000806322B114F4C06F18BF43F480733207F5
:10C420004FF03A42BDE8F047D2F8181148BF43F048
:10C43000004383EA010222F4A02266481140C0F8BA
:10C4400018111340C0F81421634AC2F81831FFF7DD
:10C45000C3BEA0F580630B4306D020F48063A3F530
:10C4600000730B437FF418AF18F040FD4449D1E945
:10C47000003223EA060322EA050242EA08023B43AD
:10C48000C1E90032554A126892F8F610514A09B3D0
:10C4900013F4C06F1ED04FF4807311E018F026FD26
:10C4A000374AD2E9003123F004033B4341EA080153
:10C4B00057EA0807C2E900314FF48063454A0BD0C0
:10C4C000C2F81431A2F58052C2F81831BDE8F04725
:10C4D00018F0FFBC4FF48073C2F81831C2F8143161
:10C4E000F4E718F003FD264AD2E9003123F00103F6
:10C4F0003B4341EA0801C2E900310123384A57EAC7
:10C5000008071BBF9364A2F58052D364D36408BFAD
:10C510009364DBE750EA01037FF4BEAEBAF1010F8A
:10C520007FF4BAAE18F0E2FC164A136823F0010358
:10C5300043EA090313604FF48063204AB9F1000F06
:10C5400004D05366A2F580521367BFE713675366A2
:10C55000BCE793F8881071B183F88820214BD3F899
:10C56000A41003F50053C3F8A410C3F8A0104FF0B3
:10C570005023C3F8A4200025ECE6BDE8F08700BFF7
:10C58000A80D002040220020004000B8006000B844
:10C59000005000B8004001B8006001B8005001B878
:10C5A000003F00B0000002B8002002B8001002B83E
:10C5B000041C00030418000300C001B800E001B827
:10C5C00000D001B800C000B800D000B80D0A0A09B8
:10C5D000090A0A09002000BA001000BADC1E002077
:10C5E00000E000B800400050024B5868C0F3C000A3
:10C5F000704700BFA80D0020024B186800F0010032
:10C60000704700BFA80D0020024B5868C0F3C0302F
:10C61000704700BFA80D002010B50446FEF720FAB1
:10C62000FFF784FD2046FCF70FFFFEF7A3F9FDF7A7
:10C6300029FEFDF79BFEFFF759FB13490723134A19
:10C64000D1F8FC1004F1F800FFF7B2FB4FF0807155
:10C650000020FDF7C7FF4FF000720D4B4FF40011A3
:10C660000120C3F80021FDF7BDFFFEF763FC20B9F0
:10C6700040F267321421FAF745FC14F085FDBDE85D
:10C6800010400120FDF7E8BC004F00B0A43F00B00F
:10C6900000D001B88022074B5A64082203F580536A
:10C6A0005A64054AD2F8C03E23F02003C2F8C03EC7
:10C6B000704700BF001002B8003000B010B518F08D
:10C6C00015FC01210446FFF7E5FF054B0020196129
:10C6D000044B5B6898472046BDE8104018F0F9BB52
:10C6E000000002B8442A0020F0B583B01446064684
:10C6F000FFF790FAFCF708FB002800F0AE805B4BD8
:10C700005D6915F0060540F0A88018F0EFFB23796D
:10C710000095022B05464AD1237B022B36D00320FD
:10C72000FDF756FF20B9524BDB685B0440F1978060
:10C73000A37B277B003B18BF0123A2684D49012F33
:10C7400001920B7072D000234B4A4C4C137022782C
:10C75000002A76D10420FDF73DFE0420434E3A46E0
:10C76000736F0DEB000123F0F85323F4F81343F03B
:10C77000506343F4803373670223FDF749FE0028BA
:10C7800063D0012130223E4B21701A653D4E336843
:10C7900098472128044604D1012100207368984756
:10C7A0000024284618F095FB204603B0F0BD032076
:10C7B000FDF70EFF002852D12279D6F80031012A68
:10C7C000226830D0D01A00900020284B2E4A2F49E2
:10C7D0005A679867637B2E4A23F040000028C3F312
:10C7E00080130B700CBF012300231370294B294ABF
:10C7F000D3F8C03E4FF003000CBF43F0200323F0FA
:10C800002003C2F8C03EFDF7E5FD184B224A032085
:10C810005A67694601232279FDF7FAFD08B3012220
:10C820001E4B1A7078E79A42CDD3CBE72379022BBF
:10C8300089D0009BD6F8001100270B4413440193C4
:10C8400081E72370FFF7E8FB84E70320FDF7C2FDD3
:10C8500028460D4B736718F03CFB0E24A4E72846CE
:10C86000F9E7284618F035FB21249DE700C001B800
:10C87000000002B8742500207025002071250020DA
:10C88000001002B8442A0020000001017225002097
:10C8900073250020003000B0010C01007525002038
:10C8A0002DE9F34100240D46074618F01FFB204BED
:10C8B000DFF88C801C70FFF7EDFE1E4B0646C8F8B3
:10C8C0007430C8F878406879431E58425841FBF7E5
:10C8D00027FE40F60143C8F878302A792968012AF2
:10C8E000D7F8083101D1994200D3CC1A0423032090
:10C8F0000DEB03010194FDF78BFD50B988220E4B1F
:10C9000030465A6418F0E5FA2124204602B0BDE80A
:10C91000F0810A4D2B6898472128044604D1012153
:10C9200000206B6898470024304618F0D2FAECE7F4
:10C930007525002000000101002002B8442A0020D3
:10C9400000C001B8F8B5194C0546207840F2AA425B
:10C95000B0FA80F03E214009FAF7D4FA55B9607870
:10C9600040F2AA42BDE8F840B0FA80F03E2140090A
:10C97000FAF7C8BA4FF440660D4F0E4DD7F808319C
:10C9800040F2AA42C3F381232370C5F8086160789E
:10C990003E21B0FA80F04009FAF7B4FAD7F80C312A
:10C9A000C3F381236370C5F80C61F8BD6D250020C9
:10C9B000004000B8006000B8F8B5084C084D636C42
:10C9C0000423084F6B64636C5B0300D4F8BD04263A
:10C9D00002207E6414F036FB6E64F4E7000002B8B7
:10C9E000001002B8002002B8A82238B51A4B5D6CBE
:10C9F00003F500535A6410229A60A3F5804302F1B4
:10CA000000521A675A66FFF72FFB144B1B7813B9B5
:10CA10000320FDF7DFFC0024114B9C67FFF7CCFFE0
:10CA2000104A114BD2F8F01E0B40C2F8F03E04221F
:10CA30000E4B5A640E4BAA06C3F8C84008D503F53E
:10CA400080739B6FB3F5817F22BF8022024B1A61F6
:10CA5000BDE83840FBF7E8BF000002B875250020AC
:10CA600000C001B8003000B0DF0000FF002002B8B5
:10CA7000003E00B010B528B979B94FF4C062154B2B
:10CA80009A6510BD49B9144BDB681B0E13F00E0FED
:10CA9000F3D1124B1B6CD907EFD4FFF713FB0E4CED
:10CAA0000020FEF7E5F9032801D0092805D1A36A83
:10CAB000DA07F5D4A36CDB03F2D4FFF77DFF012284
:10CAC000074B5A6102229A62042203F580535A648A
:10CAD000D3E700BF006001B8000002B800C002B890
:10CAE000001002B808B503210920FEF755F92022ED
:10CAF000014B1A6108BD00BF000002B80D4A10B515
:10CB0000D2F8A030D2F8A4100B40B3F1804F0CD370
:10CB10004FF040400849094CC1F8A400D467C1F85F
:10CB2000A0004FF48021064AD161034AC2F8A03028
:10CB300010BD00BF00400050006000500000FF0129
:10CB4000001002B838B5054618F0D0F90E4B04466F
:10CB50001868FCF7A5FD35B1FFF7DAFA2046BDE805
:10CB6000384018F0B6B9094B1B78002BF6D0084BAB
:10CB70001D78002DF2D1FFF7CBFA2A464FF4804002
:10CB80000021FFF74FFBE9E7DC1E002070250020A5
:10CB90006F2500202DE9F84F5B4B06460D461446E5
:10CBA0005B6C002A40F0AC8013F0A00F14BF4FF074
:10CBB00001094FF00009FBF737FFA0234FF0000AEF
:10CBC000DFF860810320C8F84430FDF703FC04203F
:10CBD000FDF700FC4D4FFFF79BFA4D4B4FF0040B58
:10CBE0007B67C7F878A0FFF7E7FE4A4B4FF48071E8
:10CBF000D3F8C02E42F02002C3F8C02EFF22C8F89E
:10CC00000820414A1161D3F8F02E43491140C3F87E
:10CC1000F01EC8F844B0C3F8C8AE7B6913F0060F25
:10CC200004D0FDF70FFD5846FDF7D4FBB9F1000F16
:10CC300008D04FF40062394B5A644FF40042A3F518
:10CC4000E0339A6666B1364BDB6C180701D4FFF708
:10CC500039FAFFF747FF0420FDF7BCFBFFF704FAA2
:10CC6000294B5A69D10746D5DA6812F0706FFBD1AB
:10CC70002C4B2D4A5A642D4A936E23F0F003936691
:10CC800015B12046FFF75EFF294BD3F84C315A1CF3
:10CC900001D05B0002D50122224B5A615CB3204BCC
:10CCA000DA6E03F500539A6603F5D0331B6A1D4A0A
:10CCB00023F00103D3611F4BD96803F5005399603A
:10CCC00003F50053D3F8841003F5005399674FF030
:10CCD0003A43D3F8181103F50053C3F81411164B57
:10CCE000D96C03F500539964144903F580335966F0
:10CCF0004FF6084353640020BDE8F84FFCF7D0B866
:10CD00004FF0000957E700BF000002B800C001B8AB
:10CD100000000101003000B0DF0000FF001002B889
:10CD2000004000B8002002B810003000003F00B002
:10CD30000080E00F004001B800C000B85000002F94
:10CD40009C4B2DE9F04F9A6EDB6E85B002EA03082A
:10CD5000994BC3F868804FF03A43D3F81461D3F885
:10CD600018311E40954BC3F81461954B9A68DB68E7
:10CD700002EA030A934BC3F808A003F52043DA69DB
:10CD80001B6A02EA0309904B09F47702DA618F4BC0
:10CD9000D3F80422110306D4D3F804311A03C3F3E1
:10CDA000C04740F1E58018F0A1F8894B5A695F6EE1
:10CDB0001B6F12F0060F07EA0307864A27F000737D
:10CDC00023F4006314BF4FF0010B4FF0000B5366C8
:10CDD0007B0706D5804A92F87D300133DBB282F8BA
:10CDE0007D3018F076F8B8F1000F00F0DF8018F40D
:10CDF000004427D018F07AF80146FFF74FF90446AF
:10CE0000764D2B6818681A689042FCD018689042DA
:10CE1000FCD0FFF743F9A04240F0AC80084618F080
:10CE200058F86F4B1C606F4B5D6C15F4E05240F08E
:10CE3000A38024F07F4424F0DF040CB9FFF7D4FD75
:10CE40004FF0807418F0020F4FF0000514D0654BBE
:10CE50005D495B6C03F460424A64002A00F0A080E4
:10CE60001D0400F1A08013F4005F0CBF4FF00053CD
:10CE70004FF0006300251C43C8F340384FEA4808D0
:10CE8000594B3340002B4BD016F4206F0AD040F69C
:10CE9000311206210020FAF735F80020FFF752FE84
:10CEA00026F48026F00506D5FF22474B44F4C064E3
:10CEB0009A60FFF707F916F0090F0BD040F64612FB
:10CEC00008210020FAF71EF8FFF70CFE4FF03A4356
:10CED00001225A6316F0106F0CD040F64F12092150
:10CEE0000020FAF70FF8FFF7FDFD0022114610466B
:10CEF000FCF7AAFB16F4202F0AD040F657120721A0
:10CF00000020F9F7FFFF0020FFF71CFE26F4802623
:10CF1000F10301D5FCF7E2FC002EB8BF48F0080889
:10CF200072070ED54FF03A431B6B13F4005F4FF4BA
:10CF3000005317BF214A2D4A136344F4000408BF6D
:10CF40001363730548BF44F0040416F4802301936F
:10CF500000F0B580FCF77AFC0138062848D8DFE8F5
:10CF600010F03501380135013B013E01410141011D
:10CF7000BB4638E7044644E70192FFF735FD124B04
:10CF8000019A5A6415F4805307D115F4806F0CBFD1
:10CF90004FF080544FF0806454E74FF0804451E7E5
:10CFA0004FF0007366E74FF0004363E744464546A1
:10CFB00066E700BF004000B8006000B8002000BA7B
:10CFC000004001B8006001B8002002B800E100E0B4
:10CFD00000C001B800E001B8003E00B0582A0020AF
:10CFE0003C220020000002B8090B0B89001000BA97
:10CFF00040F6881203210020F9F784FF4FF03A42EF
:10D000000121D2F88C30D2F8AC0003F007030633CC
:10D0100001FA03F3C0F30C001B1A9BB2072B12D9C1
:10D020007A4B5B6C58020ED47948D36CD26E406D4B
:10D0300058B103F0070306339940C2F30C03C91A31
:10D0400089B2072901D844F40074724B1B78002B75
:10D0500035D04FF03A43D3F8143113F4A02F2ED12A
:10D060006D4B6E4A1B7893B9FB0410D4137873B1DF
:10D07000E3086B4943EA457383F00103D1F8F01EDE
:10D0800003F001035B0021FA03F3980717D1042092
:10D09000FDF7A0F9634B64495967FFF739F85F4A18
:10D0A000137843B9614B1B782BB1614B614A1B6804
:10D0B0002340134201D144F4804427F48057BAF14D
:10D0C000000F27D01AF4805F18BF44F480241AF4AC
:10D0D000807F18BF44F400241AF4005F18BF44F0A6
:10D0E00010041AF4007F18BF44F020041AF4806F73
:10D0F00018BF44F040041AF4006F18BF44F08004D5
:10D100001AF0805F06D04C4B0021186845F480551A
:10D11000FBF722FEB9F1000F3AD019F4802F18BFA7
:10D1200045F4007519F4803F18BF44F4805419F495
:10D13000801F18BF44F4003419F4001F18BF44F0D6
:10D14000020419F4003F18BF44F4801419F4800F4E
:10D1500018BF45F0100519F4002F19D0304BD3F843
:10D16000C03E13F0C00F13D0284AD368C3F3036343
:10D17000032B01D0072B05D1936CD90602D4D36CB5
:10D180001B0732D54FF400222C4B29F40029DA6119
:10D19000002F00F01381380540F18A802849DFF81C
:10D1A00084A0CB78274A002B52D04FF40060013B7B
:10D1B000DBB25066CB7033B9234B1B78C3B140F65A
:10D1C0000142224B5A67002300226FE044F480346E
:10D1D00014E744F4006411E744F480640EE744F477
:10D1E00080740BE744F0080408E744F40014CFE728
:10D1F000DAF8783013F4A05F15BF4FF4807340F66F
:10D200000143CAF85830CAF87830DCE7000002B8A9
:10D21000004000B8712500207025002073250020F3
:10D22000003000B000C001B80000010172250020EC
:10D23000A80D0020088D0100DC1E0020002002B88F
:10D240005E25002000E001B87525002000D001B85F
:10D250000320FDF7BFF8DAF81430AD4813F0060FDD
:10D2600004BF41F61F73AB4AAB4908BF53674FF485
:10D270000062A84B5A66DAF8143013F0060308BFB0
:10D28000CAF87830B0F87A3013F400625CD023F436
:10D290000063A0F87A300B7803F0FF0A002B57D117
:10D2A000FDF7D0F9FFF7A0FB534620221C4315439E
:10D2B000B90009D52E20FCF7C1FF4FF00052954B65
:10D2C00045F008051A675A66FA0606D52B20FCF7C2
:10D2D000B5FF10228F4B1A675A6617F0306F05D1D1
:10D2E000FB045FD5BBF1000F00F0BE80380111D503
:10D2F0002920FCF7A3FFFFF777F948B1874B88494E
:10D30000844A53660B6701F54051C968490422D429
:10D3100045F0040517F0007B28D00420FDF75AF8EB
:10D320002720FCF78BFFFFF75FFB4FF00072794B74
:10D330005A667C4BD3F8F02E51067DD402227A4BEC
:10D340009A6045F0020528E00B784FF40053ADE7F2
:10D350004FF4004338E7136720205366FCF76EFF55
:10D360002D2045F00C05FCF769FFD3E717F0807F0F
:10D37000DFF8B8A14BD00420FDF72CF82820FCF7EB
:10D380005DFFDAF87830002B3ED1FFF72DFB614BC3
:10D39000624A45F001051A675A66FEF7A7FE0022A9
:10D3A000624B9A657A0509D5614A9378002B00F0A3
:10D3B000AA80013B9370002348EA0308594BD3F835
:10D3C000C03E1B0603D520462946FBF771FD4246A9
:10D3D00020462946FEF726FF019B0BB1FCF76CFAAD
:10D3E0004FF40042534B06F00436C3F81461524B1D
:10D3F00019F4002FC3F884211EBF4FF400224A4BBA
:10D40000DA6105B0BDE8F08FCAF878B0BFE7F8047C
:10D41000C5D50420FCF7DEFF484BCAF87430FDF791
:10D4200011F9DAF8643013F0407FB8D12A20FCF704
:10D4300005FFFFF7D9FA7CE7D3F8C03E9A0680D4FF
:10D4400002223F4B9A603F4B1B6893F82530DB0765
:10D450007FF577AF2E4B93F8DC30002B3FF471AFA4
:10D460008022394B1A616CE7314A13794BB1013B89
:10D47000DBB2137113B92A4B344A5A6700231C4399
:10D4800090E70420FCF7A6FF0320FCF7A3FF274B3F
:10D490002A4A5A6717F02AFD82460DF10F00FDF760
:10D4A000E7FC2B4B83461B780BB1FEF70BFEBBF161
:10D4B000030F0ED1DFF890B00020FDF7D9FC032850
:10D4C00007D1DBF82830D807F6D4DBF84830D90389
:10D4D000F2D49DF80F30032B06D101221D4B50468C
:10D4E0001A7017F0F6FCC9E74FF03A43D3F814313D
:10D4F00013F4A02FF1D1FEF70BFE504617F0E9FC14
:10D500004FF48043BBE70220FCF764FF012353E79D
:10D51000003E00B000E001B875250020100000209A
:10D5200000D001B8003000B0002002B800C001B83F
:10D530005E250020002000BA00E100E000000101AB
:10D54000001002B8DC1E0020000002B80000010D2F
:10D5500074250020702500200122024B1A62DA6136
:10D56000704700BF002002B8094A08B5D369116AA4
:10D570000B40084923F47F00DB07C86106D5D1685A
:10D580004FF0FF30C1F3036113F009FE08BD00BF87
:10D59000000002B8002002B80C4A08B5936CD26CA7
:10D5A00013400B4A9364DB070FD50A4B40F6E13278
:10D5B0001878122100F00100F9F7A4FCBDE808403A
:10D5C000002201200021FEF72DBE08BD00C000B8DA
:10D5D00000E000B8A80D0020164B10B51C6C5A6C6A
:10D5E0001440154A24F002011164E20705D54FF4F6
:10D5F000446200201968F9F785FCA30718D50222B8
:10D600000D4B1A640D4AA3F5005314685B687CB196
:10D61000DBB2042B07D100220121094B18682346F5
:10D62000BDE810401847052B02D100221146F4E74F
:10D6300010BD00BF00C0095000E00950702100205B
:10D64000DC1E002038B50C4C0C4DD4F88430DB07C0
:10D6500006D4A36FD4F884201340094A936738BDD9
:10D66000D5F804315A02F0D5FFF7B6FF4FF4800326
:10D67000C5F88431E9E700BF008001B800E100E0AF
:10D6800000A001B870B514460D4617F02FFC064BEC
:10D69000D3F8C06E74402C407440C3F8C04E17F0ED
:10D6A00018FC06EA050070BD003000B0034BD3F84B
:10D6B000C03E99430CBF012000207047003000B0ED
:10D6C000174BD3F8C02E12F0010312D0154B93F86C
:10D6D0004C30154A43F08073C2F8D0304FF48013B9
:10D6E00002F50052C2F8B430A2F58052C2F8B83048
:10D6F00070471106EDD40D4B93F84B1121B1D206B2
:10D7000002D593F84831E4E74FF480120020084B2B
:10D710000549C3F8B820C1F8D000C3F8B420704759
:10D72000003000B0003F00B0004000B8003E00B044
:10D73000006000B853B94AB9002908BF00281CBFCF
:10D740004FF0FF314FF0FF3000F082B9ADF1080C1F
:10D750006DE904CE00F006F8DDF804E0DDE902230F
:10D7600004B070472DE9F04F099D0C46002B4DD1B8
:10D770008A420F4684469646B2FA82F360D94BB18C
:10D7800002FA03FEC3F120029F4000FA03FC20FAD4
:10D7900002F217434FEA1E461FFA8EF44FEA1C426C
:10D7A000B7FBF6F106FB117701FB04F042EA0742F2
:10D7B000904208D91EEB020201F1FF3702D29042DB
:10D7C00000F231813946121A1FFA8CFCB2FBF6F0D6
:10D7D00006FB102200FB04F44CEA024C644508D915
:10D7E0001EEB0C0C00F1FF3202D2644500F21E81E8
:10D7F000104640EA0140ACEB040C002125B12CFAA4
:10D8000003F30022C5E90032BDE8F08F8B4205D951
:10D810000DB1C5E9000100210846F5E7B3FA83F12F
:10D8200000294DD1A342C0F0F380904280F0F080F7
:10D83000064623460846002DE6D0C5E90063E3E727
:10D84000002B40F0A3808A1A4FEA1E471FFA8EF67B
:10D850000121B2FBF7F407FB14204FEA1C4242EA15
:10D86000004206FB04F090420FD91EEB020204F1C5
:10D87000FF382CBF4FF001094FF00009904203D947
:10D88000B9F1000F00F0CC804446121A1FFA8CFC4C
:10D89000B2FBF7F007FB102200FB06F64CEA024C45
:10D8A000664508D91EEB0C0C00F1FF3202D266452A
:10D8B00000F2B3801046ACEB060C40EA04409DE752
:10D8C000C1F120068B4004FA01FE22FA06F720FA85
:10D8D00006FCF4408A401F434EEA0C0300FA01FEA6
:10D8E0004FEA17484FEA13491FFA87FCB4FBF8F0D8
:10D8F00008FB104449EA044400FB0CF9A1450ED989
:10D900003C1900F1FF3A2CBF4FF0010B4FF0000B18
:10D91000A14503D9BBF1000F00F08B805046A4EB6A
:10D9200009041FFA83F9B4FBF8F308FB134403FB63
:10D930000CFC49EA0444A44506D93C1903F1FF381C
:10D9400001D2A4457BD8434643EA0040A4EB0C0433
:10D95000A0FB02984445CC46434602D306D1CE45AF
:10D9600004D20138B9EB020C68EB0703002D6CD030
:10D97000BEEB0C0264EB030422FA01F304FA06F690
:10D98000CC4000211E43C5E900643DE702FA03FED6
:10D99000C3F1200104FA03F200FA03FCCC404FEA81
:10D9A0001E4720FA01F11FFA8EF6B4FBF7F00A4386
:10D9B00007FB1044110C41EA044100FB06F48C42C1
:10D9C0000ED91EEB010100F1FF382CBF4FF0010909
:10D9D0004FF000098C4202D9B9F1000F2CD040461B
:10D9E000091B92B2B1FBF7F407FB141142EA0142A2
:10D9F00004FB06F1914207D91EEB020204F1FF3845
:10DA000001D291421ED84446521A44EA004120E70E
:10DA1000861A64EB030301200DE7F44402384AE759
:10DA2000023C724431E702397244CCE6F4440238D5
:10DA3000DFE602383C4472E702387144D0E7023B2B
:10DA40003C4481E7023C7244DEE72946DCE600BF45
:10DA5000704700BF08B5064B044613B10021AFF371
:10DA60000080044B1B6803B19847204605F044FD35
:10DA7000000000007C230020002310B504468360D2
:10DA8000818119464366C28108228361C0E900335F
:10DA9000C0E904335C3013F0BBFC0D4B24626362BD
:10DAA0000C4BA3620C4BE3620C4B23630C4B9C426C
:10DAB00006D003F16802944202D0D0339C4205D1D3
:10DAC00004F15800BDE8104013F0AABC10BD00BF1F
:10DAD000BB120308DD1203081513030839130308EA
:10DAE00044220020024A0349034813F073BB00BFDD
:10DAF000782A002047150308882A002041680C4B2B
:10DB0000994210B5044601D013F01DFDA168094BE0
:10DB1000994202D0204613F016FDE168064B994267
:10DB200004D02046BDE8104013F00DBD10BD00BF6D
:10DB300044220020AC2200201423002010B50B4BFF
:10DB400004210B4C0B4A20461A600022FFF794FF79
:10DB500004F1680001220921FFF78EFF04F1D000D3
:10DB600002221221BDE81040FFF786BF7C2300206F
:10DB700044220020E5DA0108014813F052BC00BF3E
:10DB800076250020014813F04DBC00BF762500200B
:10DB900010B50446FFF7F0FF236A1BB1BDE8104043
:10DBA000FFF7F0BF044B2362044B1B68002BF5D139
:10DBB000FFF7C4FFF2E700BFFDDA01087C23002075
:10DBC000024B0146186813F023BB00BF842A0020D3
:10DBD00038B5294B05460C46186818B1036A0BB9CD
:10DBE000FFF7D6FFB4F90C30190722D4DA0607D4B0
:10DBF00009222A6043F040034FF0FF30A38133E055
:10DC0000580712D5616B41B104F14403994202D027
:10DC100028460AF0B0FB00236363A38923F02403A2
:10DC2000A3810023636023692360A38943F0080371
:10DC3000A38123694BB9A38903F42073B3F5007F53
:10DC400003D02146284613F0CBFCB4F90C3013F076
:10DC500001020AD00022A26062695242A2612269D6
:10DC600042B913F08000C5D138BD990758BF626929
:10DC7000A260F4E70020F7E7842A002038B50023EB
:10DC8000054D044608462B6005F02FFC431C02D1CD
:10DC90002B6803B1236038BD8023002038B50446CB
:10DCA000064D0846114600222A601A4605F035FC4A
:10DCB000431C02D12B6803B1236038BD80230020B0
:10DCC00038B50446064D0846114600222A601A4619
:10DCD00005F02BFC431C02D12B6803B1236038BD37
:10DCE0008023002038B50446064D08461146002220
:10DCF0002A601A4605F021FC431C02D12B6803B1AF
:10DD0000236038BD8023002070B50D4D00260D4CDA
:10DD1000641BA410A64209D10B4D00260B4C17F032
:10DD20002FFC641BA410A64205D170BD55F8043B1E
:10DD300001369847EEE755F8043B01369847F2E77D
:10DD4000382B0020382B0020382B00203C2B0020C3
:10DD500038B50023064D0446084611462B6005F0F1
:10DD6000CFFB431C02D12B6803B1236038BD00BF39
:10DD70008023002038B50023054D044608462B605B
:10DD800005F0C5FB431C02D12B6803B1236038BDED
:10DD900080230020094A5168C84390FAA0F048B196
:10DDA000B0FA80F0042805DC012383400B43536064
:10DDB00040B270474FF0FF30704700BFAC230020E7
:10DDC0000021034B28220348C3E9001113F020BBB4
:10DDD000AC2300208423002038B50546FFF7DAFF86
:10DDE00004460448294600EBC40013F09CFC20467E
:10DDF00038BD00BF84230020C3B2042B10B515D852
:10DE000004230B4A03EBC003134453E8002F0A43D7
:10DE100043E80024002CF8D101220649824051E851
:10DE2000003F134341E800300028F8D110BD00BF87
:10DE300084230020AC230020F7B54FF0040C01260A
:10DE40000827184A1849194D106800B30B7806FACC
:10DE500003F420421DD0E04352E8004F044042E862
:10DE6000004EBEF1000FF7D117FB03C32B4453E85C
:10DE7000000F43E800E4002CF9D1019048B1087884
:10DE800001AA0B4905EBC00013F089FC012003B087
:10DE9000F0BD0B78506883422EBF00230133DBB204
:10DEA0000B70D1E7AC2300207725002084230020CD
:10DEB00078563412024B1868003818BF012070479A
:10DEC000AC23002038B505460C4617F029F8084B5E
:10DED0001B6853B1D3E9042395429C412CBF012414
:10DEE000002417F00FF8204638BD1C46F9E700BFA4
:10DEF000C42300202DE9F0414FF0FF3425460746AA
:10DF0000884617F00DF8144B1E68A6B916F0FAFFF4
:10DF1000B5F1FF3F08BFB4F1FF3F08D0BC4275EB3D
:10DF2000080316D3E71B65EB08083C464546204628
:10DF30002946BDE8F0817269D6E903315B1842F1E8
:10DF40000002A34272EB05013CBF1C4615467668F1
:10DF5000DBE734463546EAE7C42300202DE9F74FD6
:10DF6000109F0E46DDE90CA915469DF83CB008B19E
:10DF7000026882B93FB129463046B84740F20340B3
:10DF800003B0BDE8F08F002DF8D0002EF6DB284658
:10DF900014F022F8F2E7019016F0C2FF80465846CE
:10DFA00000F0EEF90446404616F0ACFF019B8CB938
:10DFB00047B129463046B8470320314600F09EFB62
:10DFC0001A20DDE7002DF7D0002EF5DB284614F0EF
:10DFD00003F8F1E7256200252360DFF880800E9BBF
:10DFE000C4E906A9A660E360A762D8F8003084F807
:10DFF00024B0656098471AEB000649EB010916F05A
:10E000008FFF144B0746D3F800E0C4E90469724659
:10E010002AB1D2E90401864279EB010111D2A5B9F6
:10E02000C4F804E01C600C4B1C682CB1D8F800301C
:10E030009847FFF75FFFA047384616F063FF0020C0
:10E040009EE7516815460A46E2E76A6862606C60BE
:10E05000E9E700BFC4230020B4230020BC23002034
:10E060002DE9F74F4FF0000881460D4692461E46B7
:10E0700016F056FF4746DFF87CB00190DBF8004011
:10E080008CB9B8F1000F08D0184B1C682CB1184B94
:10E090001B689847FFF72EFFA047019803B0BDE823
:10E0A000F04F16F02FBF22684A4511D12DB1A2685A
:10E0B000296822F000428A420AD126B9626857B91B
:10E0C000CBF8002008E05146206AB0470028F5D080
:10E0D00027466468D4E77A60D4F80480204613F0B9
:10E0E000CEFA44464FF00108CAE700BFB42300202F
:10E0F000BC230020C4230020014B1860704700BFE0
:10E10000B423002070B50E4609490446084615465A
:10E110000AF01EF80023074A30211360064A062041
:10E120001660064A15602246BDE8704000F0C2B88D
:10E1300030AE0308C4230020BC230020B8230020F5
:10E1400070B50446164618460022002386B0CDE975
:10E1500004230B4B0D461B6813B9212006B070BD7C
:10E1600004A998470028F8D1DDE904230290CDE9FD
:10E17000002329463246204613F0BBFAEEE700BFE3
:10E18000B8230020F8B5054610200F46164600F0CB
:10E19000CBFA044601461022074809F0EEFF44B1CD
:10E1A00001230020E3602B68C4E9017623602C6022
:10E1B000F8BD1A20FCE700BF30AE03082DE9F84F88
:10E1C000814688460027DFF8B4A0294E48464146DC
:10E1D000FFF778FED8B916F0A3FE264B06461B685B
:10E1E0009847FFF787FE05460C464FB1B1F1FF3F58
:10E1F00008BFB0F1FF3F03D01F4B1B6803B1984726
:10E20000304616F07FFE28462146BDE8F88F16F00E
:10E2100087FEDAF8004084B16368CAF8003016F06F
:10E2200071FEA368346033F000430AD1306813F004
:10E2300026FA002301273360C8E716F063FE346036
:10E24000C4E72368002BF1D01D68002DEED0A26832
:10E2500032F00043EAD0D5E9007B236A2168A86840
:10E26000D8470028E2D1002FE0D03D46EFE700BFBD
:10E27000C0230020BC230020B4230020C42300209E
:10E28000F8B504460D4616F04BFE094B1B684BB122
:10E29000D3E90667C4E90067DB682B60BDE8F84096
:10E2A00016F030BE00260027C4E90067F5E700BF7E
:10E2B000C02300202DE9F0474FF6FC7800241646D5
:10E2C0001B4F03311B4B07EB001501EA08084FEA0F
:10E2D000001A1B686A80814627F80A8002FB08F052
:10E2E000EC60984718FB06F39BB2024668602B81EE
:10E2F000D8B11149284651F8291009F030FF2146BC
:10E300002A89686813F084F8214623469E4204DC7B
:10E31000002057447E80BDE8F0876A68E86854189A
:10E3200050500133EC604144F0E71A20F3E700BF9E
:10E33000D01D0020C823002000AF030838B5094CC9
:10E3400004EB00156B682BB1284609F011FF6868D3
:10E3500013F042FE2846BDE838401022002113F099
:10E3600057B800BFD01D0020034B0201C3E90010C5
:10E370000021024813F04CB8C8230020D01D002013
:10E3800038B5094B020103EB0015EC68284621461D
:10E390009A5A09F0F2FE24B12368EB606B88013BC6
:10E3A0006B80204638BD00BFD01D0020024B03EB20
:10E3B00000139878704700BFD01D002030B4064C81
:10E3C00004EB0013DD685A880D600132184630BC3A
:10E3D000D9605A8009F0D8BED01D0020044A01013E
:10E3E00002EB0013505A10B11B89B3FBF0F07047D9
:10E3F000D01D00200020124B10B51870114B124C8C
:10E400001860124B206018706060A060FFF7E6FF94
:10E4100080B2A0F10E036380A0F11403013060818B
:10E420000B49201DE38009F093FE2046094909F0BD
:10E430008FFE04F108000849BDE8104009F088BECD
:10E4400079250020E8230020722400207825002070
:10E4500038AF030841AF03084BAF030870B504465B
:10E4600080B316F05DFD637905466FF38203637137
:10E47000237913F0100605D010232371BDE87040F6
:10E4800016F040BD104903F0030331F82320304655
:10E49000013A21F823202146FFF790FF0B4B0C4E49
:10E4A0001C681CB90A4B28461C70E7E7237A1BB985
:10E4B00033781BB92468F4E7012BFBD1204663684D
:10E4C0009847F7E770BD00BF72240020E8230020C2
:10E4D0007925002010B5044616F022FD034B1A687A
:10E4E00022601C60BDE8104016F00CBDE82300203F
:10E4F00010B5064B00F0E0001A78541C1C70044B59
:10E5000003F8320003EBC203596010BD78250020E8
:10E51000D02300202DE9F04F0446460789B048BFBC
:10E5200000F0F7040492029116F0FAFC604E04F039
:10E53000030706EB870336F827205B8881469A425B
:10E5400004F0EF0A4FEA870830D20020FFF718FFE7
:10E55000054638B336F827304846013326F82730C9
:10E5600016F0D0FC284613F0A4FB029B029AAB7174
:10E57000049B85F804A01344EB7116F0D1FC80468F
:10E580004C4B1C68002C40F08B80404616F0BAFCC7
:10E5900006EB87004522294609F0EFFD284609B021
:10E5A000BDE8F08F01224846434B1A7016F0AAFCD2
:10E5B00025071DD51F2C1BD904F0E003B04403939D
:10E5C00016F0AEFCB8F8023036F827904FF0000B8A
:10E5D00099452CBF00230123DFF8E480019316F056
:10E5E00091FC06EB87030593344B1B789B4508D3BE
:10E5F00084F004005146C0F3800000F07FF800254D
:10E60000C6E798F80030039A1A4204D0D8F804906C
:10E61000D9F8003023B90BF1010B08F10808E3E742
:10E6200007935A79D00708D51A79510705D501996A
:10E6300041B98AEA0202920704D099461B68002B6E
:10E64000EFD1E5E7484613F09AF90579079007A856
:10E6500013F077F92946002000F050F816F060FC1E
:10E66000059B36F827205B8805469A4234BF012374
:10E670000023019309D20020FFF782FE079058B1D2
:10E6800036F82730013326F82730284616F03AFCB2
:10E69000079D002DBCD065E70122074B1A70F4E7F7
:10E6A000237A012B02D1204663689847246869E7E2
:10E6B00072240020E82300207925002078250020FE
:10E6C000D02300200022014B1A607047EC23002069
:10E6D00010B5044616F024FC074A13682BB91460E1
:10E6E0002360BDE8104016F00DBCA34202D01A46CC
:10E6F0001B68F3E710BD00BFEC23002070B5054692
:10E700000E46054B1C6804B970BD63683146284647
:10E7100098472468F7E700BFEC230020014908462A
:10E7200009F016BD58AF0308012838BF012038B5DD
:10E73000C41C24F00304204609F02CFD05460146C4
:10E740002246084809F019FD2DB921460220FFF79D
:10E75000D5FF284638BD22460021284612F058FE33
:10E76000F7E700BF58AF030810B5064C237823B96C
:10E770000BF0EDFB18B901232370002010BD40F20F
:10E780000740FBE77A25002038B50B4B04461B7881
:10E790000D464BB1214628460BF053FA002840F2B3
:10E7A000074008BF002038BD04490548FFF7DCFFDB
:10E7B0000028EFD0F7E700BF7A250020EFBEADDEDE
:10E7C000BEBAFECA436A70B55904044616D4154A47
:10E7D00003F4004392F82B20012A10D1826A92049C
:10E7E0000DD4002B00F101010CBF532014200FF0B9
:10E7F00066FC18B9636A43F00803636270BD002BBE
:10E80000FCD1094D661C29463046F4F7EDFF00287F
:10E81000F4D12B68C4F80130AB88A4F80530AB798B
:10E82000E371E7E7241D0020331D00202DE9F041AE
:10E83000244E86F82A00002841D000EBC000C10019
:10E84000002301220420FFF735FD054658B90420B6
:10E85000FFF796FD4FF048082F46306096F82A30B3
:10E86000AB4203DC00252846BDE8F0813468002176
:10E8700008FB05441422A76104F1340012F0C8FD1E
:10E88000A0224FF4A073C4E90723072304F110006A
:10E8900084F83130E773E77113F053F804F1140092
:10E8A00013F04FF8204613F09BFB40F20113E38571
:10E8B0007F23A76284F8323067620135CEE730608B
:10E8C000D0E700BF241D0020084A034692F82A1012
:10E8D000814209D9106840B103EBC30300EBC300C8
:10E8E000406A00F00100704700207047241D00209E
:10E8F00038B504460D46FFF7E7FF034640B1002058
:10E90000044B04EBC4041B6803EBC4032B6038BD49
:10E910002120FBE7241D00202DE9F04F0446344A56
:10E9200093B0106851680FAB03C3906812AA1860C7
:10E93000E37B94F82E7002EB430333F80C1C636AFC
:10E9400094F82F60DA0444D40126374641F01001D0
:10E9500094F80E80C3F340495B0348BF49F00209B5
:10E960008BB288F00808012F94F800A094F8315079
:10E970000B9304F1080BD4E90723C8F3C00894F9FA
:10E98000324005D0022F03D0042F14BF00270327E5
:10E99000012E05D0022E03D0042E14BF002603261C
:10E9A0005046CDE90C2313F0BFFBDDE90C23012118
:10E9B000CDE90760CDE900515046CDE90547CDE9E5
:10E9C00003B90B99CDF8088000F020FD13B0BDE825
:10E9D000F08FA26A950648BF41F02001500648BF5B
:10E9E00041F04001DA0348BF41F00401B0E700BF45
:10E9F00062AF030837B5044648B104782046FFF7F4
:10EA000063FF10B9002003B030BD0134E4B2074DFC
:10EA100095F82A30A342F5D9204601A9FFF768FFEF
:10EA200008B90198EFE70134E4B2F1E7241D0020B2
:10EA3000014B93F82A007047241D00202DE9F04F68
:10EA4000054600F1100A87B0504605F1140B0C463C
:10EA5000174612F076FF584612F073FF002013F0AD
:10EA600034F90646002800F00381012F40F2726855
:10EA700018BF4FF01F08012C60D0022C0CBF0624D9
:10EA800004240221304613F0B5FA0121304613F078
:10EA9000B1FA2146304613F0ADFA304612F0D6FFF7
:10EAA000012384B2A8EB04010A22009389B242F642
:10EAB0000723304613F0EEFA04230444A4B2A8EB73
:10EAC00004010093122242F60423304689B213F067
:10EAD000E1FA0719BFB2A8EB0709B9F1010F0496D3
:10EAE0002EDC0024644F97F82B30002B00F0A08020
:10EAF000504612F026FF6B6A2E6143F080026A6274
:10EB0000DB0400F1A78097F82B00002840F0A280DA
:10EB100013F0DBF80590002800F09C80414613F0CC
:10EB200074FA002800F0A0805846059C12F009FFF6
:10EB30006B6A6C6143F480736B628BE00524A0E721
:10EB4000002013F0C2F805900028CAD00221F5F782
:10EB5000DBF9A8F10204E41BA4B28442074611D2F7
:10EB600024F001018BB2411A05A8039313F010F8A9
:10EB7000039B1F4602233FB90598E0B905A812F090
:10EB8000E0FEAEE70323F6E7791C0498C9B20393CD
:10EB900013F030FA039B0498194613F02BFA0599E9
:10EBA00004A813F06EF8002013F08FF805900028E9
:10EBB00032D0E41BA4B2022C38BF0224A31E9BB2A5
:10EBC0000F2B30D910210393F5F79EF9039B0446D0
:10EBD00083421ED223F00F018BB2411A05A8039382
:10EBE00012F0D6FF039B1C460623611C0498C9B291
:10EBF000039313F0FFF9039B0498194613F0FAF9F5
:10EC0000059904A813F03DF8BB1C1C44A4B23FB9FD
:10EC100068E740B10723E8E705A812F092FE3C46FA
:10EC20000234A4B25EE705A812F08BFE3C46EEE784
:10EC3000A9EB040189B2304613F0E7F904465046C7
:10EC400012F07FFE6B6A2E6143F080026A62002C34
:10EC50003FF456AF686A10F010000AD0284607B09B
:10EC6000BDE8F04F13F09BBA05A812F06AFEF1E779
:10EC70001A2007B0BDE8F08F241D0020002370B5D6
:10EC80001349054691F82A4008689C4201DC1A2085
:10EC900019E0426AD60717D490F83960760713D482
:10ECA000DCB2034603F8014BD1F80F10094EC0F84F
:10ECB0000110B18842F009029980B17999714262DC
:10ECC000FFF72AFE2C7070BD01334830DDE700BF2E
:10ECD000241D0020331D00208378F7B5122B0E462B
:10ECE00035D10B689A790C321344DD781F790DB158
:10ECF00045F48055384601A9FFF7FAFD88B9019C13
:10ED0000636A23F0100363628DB93946A069621CFF
:10ED1000104B00F089F9222229460E48A56112F015
:10ED200077FB304603B0BDE8F04012F00ABE204643
:10ED300013F056F9636A5A0603D523F04003636261
:10ED4000EFE7384604F13401F6F7AAFBE9E703B030
:10ED5000F0BD00BF521D002073B5144D144C6A68FD
:10ED6000236802F0800103F002030B431BD053061B
:10ED70004CBF0126A67AF4F7D1FC0196837983F083
:10ED80000803C3F3C0030093E388A288217A607A62
:10ED900000F0F8FA40B9236823F0020323606B689F
:10EDA00023F080036B60002002B070BD241D0020A2
:10EDB000F023002001210020054BA3F10802C3E944
:10EDC000000043F8081C4FF0101351725360704755
:10EDD000F8230020014B187B704700BFF023002070
:10EDE000024BD87A003818BF01207047F02300206A
:10EDF00070B5224E716811F002013AD1204D2B6896
:10EE0000580706D5084600F0E3FA2B6823F0040300
:10EE10002B602B68726803F0080302F004021343AE
:10EE200010D0F4F77BFC83791A071FD5F6F77CF92D
:10EE30000446C8B92B6823F008032B60736823F0DD
:10EE400004037360FFF788FF044668B9EB7A5BB18F
:10EE50002B685B0708D40121084600F0B9FA50B9C5
:10EE60002B6843F004032B60204670BDF6F740F991
:10EE7000DEE71124F8E70446F6E700BF241D002072
:10EE8000F0230020032805D10A4A136843F0080341
:10EE9000136008E0012808D1064BDA7A42B11A68FB
:10EEA00042F008021A60FFF7A3BF10F0FD0FEBD08D
:10EEB00000207047F02300200020094B10B5586255
:10EEC000F4F7ECFA04461CB9BDE81040F4F77EBB39
:10EED000204641F2160113F0DAFA6468F3E700BF46
:10EEE000241D0020A0F11B03E02B10B5044618D808
:10EEF000042142F2240011F089F86FF06F0343718E
:10EF00004223A0F8034083710748EFF7BFF811F0E0
:10EF1000ABF8407920B111F0A7F8407940F4805067
:10EF200010BD2120FCE700BFF1C4020837B504463C
:10EF30000D4613F0D3FA698820460EF048FF6A7E2A
:10EF40002B7E204643EA0223A4F862306A7F2B7F9F
:10EF500043EA0223A4F86430EA7EAB7E43EA02234C
:10EF6000A4F866301B23A4F86C302D4BDA8B1B8C75
:10EF7000A4F86820A4F86A30022384F8723011F0F3
:10EF8000F0FA204613F02BFD94F87330022B15D1C4
:10EF900000F068FD70B194F9753001330AD1052194
:10EFA0002046A36843F48053A36003B0BDE830401B
:10EFB00013F0EBBA002120460EF00CFF0021204692
:10EFC000F4F77AFC4FF6FF73288C984225D000F0B6
:10EFD000C3F9009400F0AEF96A46ADF8040040F2BF
:10EFE0000621104812F0DBFB002240F202212046ED
:10EFF00012F08DFB2046F4F70DFB204613F0FBFCCE
:10F000002046F6F7A9F9A368012123F4804320469E
:10F01000A36013F0C2FA03B030BD0020D9E700BFEF
:10F02000241D0020201D0020F7B504460F4616467B
:10F0300068465A79991D1D46F4F7B4FB2CB9694608
:10F040003046F4F7D1F90446A0B140F2032384F826
:10F050007670A4F8723033682946C4F85A30B38801
:10F060002046A4F85E30B37984F86030FFF75EFF85
:10F0700003B0F0BD032140F2064010F0C7FF6B88DB
:10F08000A0F803300D2343710148EEF7FFFFEFE7CF
:10F09000D5C3020807B590F870304FF4887101AA03
:10F0A00003488DF8043012F07AFB03B05DF804FBDE
:10F0B000201D00202DE9FF4103780446302B0E4629
:10F0C00039D006D8052B25D0082B41D004B0BDE897
:10F0D000F0813E2BFAD183780C2B4BD8022BF5D93B
:10F0E000033B092BF2D801A252F823F085F1010865
:10F0F000BFF20108CDF00108CDF0010857F2010878
:10F10000CDF00108CDF00108CDF00108CDF00108E7
:10F11000ABF20108B0F80300F4F7A4F928B1617963
:10F1200009B141F4805113F0B2F9304604B0BDE8A2
:10F13000F04112F006BCB0F80300F4F793F9002890
:10F14000F3D0A17809B141F4805113F0F9F9ECE75B
:10F15000B0F80300F4F786F90028E6D0627990F859
:10F16000743022B143F0010380F87430E9E703F012
:10F17000FE03F9E7212B00F0B780292B1FD0202BAD
:10F18000D3D0A3E78088F4F76DF90028CDD0E278DA
:10F19000002ACAD1E179A27942EA0122A0F86220CC
:10F1A000E17AA27A42EA0122A0F86420227A617A06
:10F1B00042EA0122A0F86620F4F72CFAB5E7C778F6
:10F1C000851C3C2F02D113F046F9AEE790F806807B
:10F1D000B8F1000F23D1544A546AC2F82480CFB149
:10F1E0002946204647F4805713F078F9E76084F801
:10F1F000728040F20121204601AACDE9014712F0B8
:10F20000CEFAA368414643F480632046A360F4F736
:10F2100075F98AE729462046FFF788FE85E74FF60D
:10F22000FF73408C98420BD000F096F840B1F4F791
:10F2300075FA2B460246FF210020FFF7F5FE74E722
:10F240003A4B223455F8042BA54243F8042BF9D14C
:10F250002A881A8069E7B0F80300F4F703F9002858
:10F260003FF463AF40F20911B4F8053090F8702014
:10F27000A0F86C308DF80420ADF80630227AE379DE
:10F2800043EA0223ADF80830A27A637A43EA022304
:10F29000ADF80A30227BE37A43EA0223ADF80C3062
:10F2A00001AA234812F07BFA3FE78088F4F7DAF8E6
:10F2B00000283FF43AAFA179F4F7CEF935E780881A
:10F2C000F4F7D0F800283FF430AF90F870300E21FA
:10F2D0008DF80430D4F8063001AACDF80530D4F802
:10F2E0000A30CDF80930DCE78088F4F7BBF8002855
:10F2F0003FF41BAF90F870304FF403718DF8043079
:10F30000E37801AA8DF80530A3798DF80630E3790A
:10F310008DF80730237A8DF80830637A8DF809303C
:10F32000A37A8DF80A30BCE7241D0020521D00206E
:10F33000201D002050B10C22064B1B68C31AB3FBE2
:10F34000F2F3807A40EA032080B270474FF6FF70F4
:10F35000704700BFD42A0020024609490B7A096889
:10F36000FF2B01D10020704703EB430301EB830027
:10F3700031F82330C3F30B039342F4D0C37AEFE7A1
:10F38000D42A0020F8B507460E4642F24100082173
:10F3900015461C4610F03AFE9DF818304771C370B0
:10F3A0009DF81C3086710371A0F80750A0F8094041
:10F3B0000648EEF76BFE10F057FE407920B110F0D2
:10F3C00053FE407940F48050F8BD00BFF5E00008DE
:10F3D00038B505460C4642F24200062110F016FEF2
:10F3E0000023C57043718371C371037204710648B1
:10F3F000EEF74CFE10F038FE407920B110F034FEEC
:10F40000407940F4805038BD5DE100082DE9F041BD
:10F41000154606460F4642F2360019211C46DDF815
:10F42000248010F0F3FD2B0AC371230A83729DF828
:10F430001830857103739DF81C30447243739DF836
:10F4400020302D0C240CC67087800572C472837323
:10F45000D8F80030C0F80F30B8F804308676A0F83D
:10F4600013309DF8283043759DF92C3083759DF835
:10F470003030C375002303769DF8343043769DF811
:10F480003830C3760648EEF701FE10F0EDFD407906
:10F4900020B110F0E9FD407940F48050BDE8F081E2
:10F4A000FDE1000838B505460C464FF61940052128
:10F4B00010F0ACFDC57044600548EEF7E7FD10F0B4
:10F4C000D3FD407918B1BDE8384013F087B838BD96
:10F4D00067C0020838B505460C464FF61A400521AC
:10F4E00010F094FDC57044600548EEF7CFFD10F0B4
:10F4F000BBFD407918B1BDE8384013F06FB838BD96
:10F5000097C0020870B50D4606460121DAB1FFF733
:10F51000C9FF0446A8B9072142F2350010F076FD74
:10F52000C6702B684360AB8803810848EEF7AEFDD8
:10F5300010F09AFD437923B110F096FD447944F41C
:10F540008054204670BDFFF7C5FFE2E769C202089C
:10F550000A4610B50421044642F2370010F061FD5E
:10F56000032303710023C470437183710548EEF7D0
:10F570008DFD10F079FD407918B1BDE8104013F011
:10F580002DB810BD5DC102080A4610B5042104461D
:10F5900042F2380010F045FD032303710023C470CC
:10F5A000437183710548EEF771FD10F05DFD407900
:10F5B00018B1BDE8104013F011B810BDA9C1020880
:10F5C000F8B506460F4642F23900062114461D469C
:10F5D00010F01CFD01238471240A0371C770467169
:10F5E000C47105720548EEF751FD10F03DFD4079FC
:10F5F00018B1BDE8F84012F0F1BFF8BDF5C102083E
:10F600001FB5837C0446022B22D0042B25D0A37C7B
:10F61000033B032B12D8636840F2047193F87030F7
:10F620000F488DF80430238A01AAADF80630A3896B
:10F63000ADF80830236A039312F0B1F8204612F0B7
:10F640009AF821460C2004B0BDE81040FEF7B6BE83
:10F650004FF4805112F032F8D9E741F20101F9E795
:10F660000024002038B505460C20FEF789FE04462C
:10F67000E0B12422002111F0CBFE0D4A518828462A
:10F68000A1F13F033F2B8EBF4021013189B2518050
:10F6900012F0ABFF0028F1D1EB6BA1816560A36094
:10F6A000224620460349EC63FEF76CFD204638BD38
:10F6B000181D002033260308402108B5044B0246DC
:10F6C00059800C2000232421FEF7F4FD002008BD02
:10F6D000181D0020F0B50B790546142B0C4689B097
:10F6E00074D009D8062B1ED0072B57D0012B00F061
:10F6F0000A81002009B0F0BD152B00F0BD80162B4B
:10F70000F7D1098912F079FFB0B1028B6489C2F593
:10F710007F41A6B2FF31B14280F2E080052240F283
:10F72000134182742BE1498912F067FF2189064653
:10F73000284612F05AFF28B902222846617910F0B3
:10F74000E9FC93E0002E00F09180864240F08E802C
:10F7500040F20D430C22336204210020677912F03D
:10F7600075FB0246C0B1002405214FF0080C8079DA
:10F770000C3013189970DC7002F800C00720187163
:10F7800004205F719871B0895C701881F089DC7118
:10F7900058812846F5F78EF8304614E0498912F072
:10F7A00024FF02462189284612F027FF002A5DD057
:10F7B00000285BD0824259D1937C042B56D16179C9
:10F7C000137F994252D112F020FF4FE04A79C36B68
:10F7D0002BB92389013BFE2B06D902233DE0597F3B
:10F7E000914243D09B68F3E76189A1F140033F2B2D
:10F7F00032D8284612F001FF002839D12846FFF7F9
:10F8000031FF0646002835D063794377208930825E
:10F810006389F381228A3283E189B18295F870503D
:10F82000ADF812008DF81050B089ADF81630ADF873
:10F830001400607B237BADF81A1043EA0023ADF877
:10F840001C2040F202714F4804AAADF8183011F0A4
:10F85000A6FF0123B37409E0092302930023CDE935
:10F8600000331A462846617912F0F8FE012041E77C
:10F870000A23F2E70423F0E74B79C66B002EF5D09C
:10F88000327F9A4265D0B668F8E7F381A089B082EA
:10F89000E189318395F870508DF81050358AADF8B4
:10F8A0001250B589ADF81630ADF81450A37AE57A48
:10F8B000ADF81A0043EA0523ADF81C10ADF81E2080
:10F8C00040F203712F4804AAADF8183011F067FF19
:10F8D000238A002B7FF460AF0323BBE7324402830B
:10F8E00095F8702040F205718DF81020028A838906
:10F8F000ADF81220234804AAADF81430ADF8164034
:10F9000011F04DFFB2E74B79C66B002EAED0327FBF
:10F910009A4201D0B668F8E795F8703040F201716C
:10F920008DF81030338A1748ADF81230B37F8DF858
:10F930001430627A237A43EA0223ADF81630B38991
:10F9400004AAADF8183011F02AFFB37C022B8DD138
:10F9500022E7B37C022B89D14FF48051304611F05D
:10F96000ADFE228A238991B200298ED1A3F14001F4
:10F970003F298AD9052340F216413046B37412F06C
:10F98000A0FE73E70024002070B586B00646019201
:10F9900012F02BFE044610460D4612F057F814B133
:10F9A000A37C032B04D001A811F0CBFF06B070BDDF
:10F9B000628BC2B1E18A83B2994214D3013A628365
:10F9C00096F8703040F206718DF80C30238A0B489F
:10F9D000ADF80E30019B03AAADF81050059311F05D
:10F9E000DEFE05A8E0E701A811F0ABFF052340F219
:10F9F00012412046A37412F064FED7E700240020D1
:10FA00000C4B01461A789AB95B689B0710D490F9A1
:10FA10007520013218BF012291F8523013F04000D6
:10FA200005D091F8600010F0400018BFD0B27047C8
:10FA30000122F1E704240020024B586800F0020084
:10FA4000704700BF04240020024B586800F00800F3
:10FA5000704700BF04240020014B1B68184700BFFB
:10FA6000E02A002008B50DF0F9FF022817BF034B6C
:10FA70000020586800F0100008BD00BF04240020DA
:10FA800007B502460846042802F0010113D9B1B9AE
:10FA900003200C4B5A6002F08003019302F04003F4
:10FAA000009302F0200302F0040200F073FB002038
:10FAB00003B05DF804FB0029EBD00328E9D1212035
:10FAC000F6E700BF0424002038B50D490D48FEF7C5
:10FAD0004BFE0446054688B90B4B0C4A1A600C4A8B
:10FAE0005A600C4A9A600C4ADA6000F091FB0321DC
:10FAF00004462846FFF7C4FF084B1D70204638BD5A
:10FB0000EFBEADDEBEBAFECAE02A002089010208BF
:10FB10003F2D0308D50102089D0C02080424002093
:10FB200038B504460320FEF7FFFD0546D0B194F832
:10FB30007030037094F8753043702046F3F75CFD25
:10FB40002A46A87040F20261074811F0E0FD074B19
:10FB50002046DB680121984794F97500BDE83840DC
:10FB6000F2F718BF38BD00BF201D0020E02A00209A
:10FB700070B5054608200E46FEF7D6FD044680B156
:10FB800095F8703000210370064B4660DB6828460C
:10FB900098472246BDE8704040F20161024811F0EA
:10FBA000B6BD70BDE02A0020201D002038B50546F6
:10FBB00008200C46FEF7B8FD024638B1C0E90054F3
:10FBC000BDE838400D21024811F0A1BD38BD00BF8D
:10FBD000201D002038B5054608200C46FEF7A4FD80
:10FBE000024650B195F8703040F2056103704460F0
:10FBF0000248BDE8384011F08ABD38BD201D002004
:10FC000013B504460191114612B301A90420FEF771
:10FC1000BBFD019B104A2046B3FBF2F102FB1133FE
:10FC200045F218020021019301AB12F0F3FF082006
:10FC3000FEF77AFD024648B194F8703040F2046154
:10FC40000370019B4360054811F061FD02B010BDD7
:10FC500045F2180201ABE8E740420F00201D0020EA
:10FC600010B504460120FEF75FFD024648B194F846
:10FC7000703040F203610370BDE81040014811F09C
:10FC800046BD10BD201D002038B5054608200C4695
:10FC9000FEF74AFD024650B195F8703040F2076118
:10FCA000037044600248BDE8384011F030BD38BDF3
:10FCB000201D0020014B5B68184700BFE02A002090
:10FCC00010B50446006C30B94FF4B07012F082F9F0
:10FCD000206420B910BD4FF4B07112F044F9FF2335
:10FCE000226C82F85E31A3681B0603D5054B012008
:10FCF0001360EFE794F87300034B0449012808BF31
:10FD00000B46F4E7F131030869110208290D0208D6
:10FD10002DE9F0418AB006AC8846154603462646D2
:10FD200000F11007224618685968083303C2BB4225
:10FD30001446F7D11021304612F007F900230620AF
:10FD40000593E7F7A1FA12F045F9044610B310271E
:10FD50004FF4807112F093FE194B1A49036005AB02
:10FD6000C160324628460293CDE900873B46EBF757
:10FD7000C3FE0546F0B93946404612F0E6F839466A
:10FD8000304612F0F0F820460AF013F9204612F03F
:10FD900023F90BE06FF08C0140F20740FFF706FFFC
:10FDA0001021304612F0DFF86FF08C0528460AB0BB
:10FDB000BDE8F081014640F20740FFF7F7FEDEE7BD
:10FDC000002480000044400410B50F4C2368D3B1D8
:10FDD0000022D3F8A0001A7783F83D2083F85E2034
:10FDE00009F009F920684421603012F0BCF820685D
:10FDF00021211D3012F0B7F820682121BDE8104004
:10FE00003E3012F0B0B810BD0C24002070B50E4684
:10FE10000446154692B020223046404911F0CEFAF1
:10FE200068B9202228463E4911F0C8FA38B93D4B3E
:10FE30001B681B7D002B5ED040F203401BE0246C4E
:10FE40002022304604F1540111F0B8FA38B92022CA
:10FE5000284604F1740111F0B1FA0028ECD0062014
:10FE6000E7F712FA12F0B6F8044630B901461A2044
:10FE7000FFF79CFE1A2012B070BD00234FF48041A2
:10FE8000009312F0FCFD284B06F12002C360274BC3
:10FE90000360042330468DF804300DF1050350F85B
:10FEA000041B904243F8041BF9D10DF105002021F9
:10FEB00012F04BF828460DF1250305F1200250F809
:10FEC000041B904243F8041BF9D120210DF12500B9
:10FED00012F03BF801A96B464122204609F059FB7C
:10FEE000014650B920460AF064F8204612F074F832
:10FEF000009809F080F80020BDE710F1870F03D0CB
:10FF000040F20740FFF752FE20460AF052F8204622
:10FF100012F062F8009809F06EF88DE723B003083C
:10FF200003B003080C240020000002091241000164
:10FF30002DE9F0439846002387B0044606200E467C
:10FF40001746CDE90433E7F79FF912F043F8054669
:10FF500038B34FF4805112F092FDDFF874901B4BD0
:10FF6000214603601022C0F80C9004AB09F011FB8D
:10FF7000044628BB05AB029310233246CDE900832B
:10FF800049463B46049809F04CFD0446C0B9049824
:10FF900009F031F828460AF00CF8284612F01CF84F
:10FFA0000AE06FF08C0140F20740FFF7FFFD049874
:10FFB00009F021F86FF08C04204607B0BDE8F0830B
:10FFC000214640F20740FFF7F1FDE0E70024800002
:10FFD0000002C003036C53B983681B0609D490F870
:10FFE0007320054B0548012A08BF1846704718685A
:10FFF00070470348704700BF290D020869110208C5
:020000040802F0
:10000000F13103082DE9FF41044606208846E7F751
:100010003BF911F0DFFF054648B901461A20FFF70A
:10002000C5FD6FF08C04204604B0BDE8F081224687
:100030006C4627464FF4807112F021FD144BC360CB
:10004000144B036002F11003264610685168083211
:1000500003C69A423446F7D11021384611F075FF95
:10006000434610223946284609F093FA044620B147
:10007000014640F20740FFF799FD1021384611F084
:1000800072FF284609F095FF284611F0A5FFCAE740
:100090000044400400248000FF282DE9F74318BFE6
:1000A000354C814618BF44EA00244FF006000F4645
:1000B000164608BF314CE7F7E7F811F08BFF804692
:1000C000002855D00146204608F0E3FF054640468B
:1000D00009F06FFF404611F07FFF15F1880F43D103
:1000E000B9F1FF0F42D10620E7F7CEF811F072FF09
:1000F000044658B901461A20FFF758FD002005466E
:100100003C6006B1356003B0BDE8F08300231B4AB4
:10011000019343684261DAB222B923F0FF0343F04E
:1001200001034360E5F7D4FE052808BF40F2011340
:1001300040F2011108BF6360204612F0A0FC104B92
:1001400001A9E3600F4B2360EBF7CEFD014618B128
:1001500040F20740FFF72AFD204609F02AFF20461B
:1001600011F03AFF019CC9E7002DC7D02120C8E754
:100170001A206FF08C05C4E70680040037000400E5
:100180000044400400248000014B1B68187A70472B
:100190000C240020003918BF0121003B18BF0123A7
:1001A00010B50B4C003A246818BF0122A3749DF8C7
:1001B00008302070003B18BF0123E3749DF80C3019
:1001C0002174003B18BF01236274237510BD00BF6A
:1001D0000C24002001280AD002280ED098B90B4B1D
:1001E0001A68936943F00103002093617047074B3D
:1001F0001A68936943F00203F6E7044B1A6893699F
:1002000043F00403F0E72120704700BF0C240020D6
:1002100010B5194C236833B9A42011F0DBFE20601F
:1002200038B91A2426E0FFF7CFFDA421206811F089
:100230009AFE03224FF0FF31236810481A70D960EC
:10024000002210211A77197283F83D200C4983F897
:100250005E201A829A749A61FDF794FF044648B9A9
:1002600009F075FE30B122460549044811F05FFAE5
:1002700040F20744204610BD0C240020102400202A
:10028000B32B03082DE9F04383680446590687B071
:1002900040F1B48023F040038360FFF79BFE734E70
:1002A000B04203D0724B984240F0AB8094F9758015
:1002B00004F13409B8F1FF3F1DD10DF0CFFB022846
:1002C00072D0636B04201A888DF808201A4632F821
:1002D000021B090A8DF80910D3F8023002A9CDF8E3
:1002E0000A3053680A22CDF80E30F2F7E1FAB0F185
:1002F000FF3F804658D0A56815F4807554D106207C
:10030000E6F7C2FF11F066FE074698B901461A20CB
:10031000FFF74CFC204641F20601FFF729FC20467E
:100320000021F4F71DFF04F1340007B0BDE8F043ED
:1003300012F085BC2046FFF74DFE864228D14D4D78
:10034000394645EA0825284608F0A3FE0646384601
:1003500009F02FFE16F1880F1BD1474D394645EAAB
:100360000825284608F095FE0646384609F021FE85
:10037000384611F031FE9EB9606B2A4602A90A3058
:10038000FFF7C6FC78B3102102A811F0ECFDC1E71D
:100390002E462046FFF71EFE354B8342E8D1DCE7B0
:1003A000314640F20740B3E794F87430DA0702D4DC
:1003B000A368DB05AED5002301A904F11800019361
:1003C000FFF720FE18B1019808F015FEA2E7606B58
:1003D000019A02A90A30FFF79BFC0546019808F034
:1003E0000AFE002DCFD1204602A9F4F7B9FE02A8DB
:1003F000102111F0B8FD484612F021FC07B0BDE80D
:10040000F083636B1A88002A84D11C4A904203D07F
:100410001B4A90427FF47EAF0022013313F8011F84
:1004200000297FF477AF0132082AF7D1206C0191BF
:1004300000F5987001A9FFF7E5FD0028C3D1606BB6
:10044000019A02A90A30FFF763FC0546019808F0FB
:10045000D2FD002D97D1204602A9F4F781FE02A813
:10046000102111F080FD04F13400C5E76911020884
:10047000290D02080580040003800400651E02089F
:10048000F92D020838B504460D460520022112F068
:100490000CFB0246C0B18379062103445D732046FC
:1004A0000FF018FE204645F49051FFF761FB94F8D9
:1004B0007310064B064A2046012914BF11461946FF
:1004C000BDE8384012F082BB38BD00BF290D0208DC
:1004D000691102082DE9F043804693B006200F46CB
:1004E00016469946E6F7D0FE11F074FD054648B968
:1004F00001461A20FFF75AFB6FF08C04204613B018
:10050000BDE8F0834FF4804112F0B9FA5A4BC36052
:100510005A4B03605A4B1A68137F022B21D102F108
:10052000600302F1800153F8040B8B4247F8040B7F
:10053000F9D102F1A00153F8040B8B4246F8040BE9
:10054000F9D1D2F8A0302846C9F8003009F031FDC1
:10055000284611F041FDB8F1000F40F085800024DD
:10056000CCE79369DB072DD5464B03F1200253F806
:10057000041B934247F8041BF9D1434B03F12002BB
:1005800053F8041B934246F8041BF9D14B46202232
:100590003E49284608F0FDFF0446284609F009FDBB
:1005A000284611F019FD002CD5D0214640F2074015
:1005B000FFF7FCFAB8F1000FA0D008214046FFF782
:1005C00061FF9BE74946EBF78FFB044690B101467C
:1005D00040F20740FFF7EAFAB8F1000F03D0082114
:1005E0004046FFF74FFF284609F0E3FC284611F08C
:1005F000F3FC83E76B46412201A9D9F8000008F01B
:1006000072FE0446284609F0D4FC284611F0E4FCAA
:100610004CB1214640F20740FFF7C8FAD9F8000074
:1006200008F0E9FCC6E73A460DF105030DF1250196
:1006300053F8040B8B4242F8040BF9D132460DF10A
:10064000450153F8040B8B4242F8040BF9D101A881
:10065000412111F088FC3846202111F076FC202140
:10066000304611F072FC76E7002245F21601404652
:1006700012F0C2FA73E700BF000002091271000114
:100680000C2400206EAF03088FAF030843B00308AB
:100690002DE9F74390F873700446012F056C04D1DF
:1006A00095F85031002B40F0AB8095F85C3195F80F
:1006B0005181032B00F2F080DFE803F00286AFD314
:1006C00018F0010F7BD01121062012F0EEF98146BF
:1006D000002800F095808679102106440D363046BA
:1006E00012F0A3FA014658B120460821FFF7CAFECE
:1006F000002140F2074003B0BDE8F043FFF756BACF
:10070000A07CC0F11002304410F082FE0DF0A6F97A
:10071000022895F95E010BD032460521F2F766F802
:1007200090B10821204603B0BDE8F043FFF7AABE10
:100730003346102205210DF093F928B1002140F233
:100740001B40FFF733FAECE70DF088F902280FD1D0
:10075000012F0DD004F1180306F1100256F8041B06
:10076000964243F8041BF9D1A36843F48073A36055
:100770004A46062120460FF0ADFC0B21072012F05F
:1007800094F9814600283BD0867995F95E310C3684
:10079000064443F43F430821A6F80130F01C12F050
:1007A00044FA0A22042195F95E01731C0DF058F9F0
:1007B0000028C3D14A46062120460FF08BFC95F84D
:1007C0005C31013385F85C3118F0020F20D0112123
:1007D000082012F06AF9064690B10023817901AA37
:1007E00001440D31FF20019312F08AFA58B108211B
:1007F0002046FFF747FE40F207400199FFF7D6F980
:1008000003B0BDE8F0833246062120460FF062FCBB
:1008100095F85C31013385F85C3118F0020F1BD07C
:100820000821092012F041F981460028E8D0867994
:100830000C360644F2F76EFF83794A4683F00803CC
:10084000C3F3C003737003680621C6F802308388BF
:100850002046F3800FF03EFC95F85C31013385F8BB
:100860005C3118F0040F12D011210A2012F01DF98A
:1008700006460028C4D0807910223044AB210D30C8
:1008800010F0C6FD3246062120460FF023FC95F8F5
:100890005C31013385F85C31012F08D0236C93F86B
:1008A0005031002BACD195F85C31042BA8D1A36C4E
:1008B00010220B2195F95E0131330DF0D1F878B19A
:1008C00040F21B412046FFF753F91F4B1F492046BA
:1008D000012F08BF194603B0BDE8F04312F076B906
:1008E000A36C01220C2195F95E0120330DF0B8F8BC
:1008F0000028E5D1A36C10220D2195F95E0121336A
:100900000DF0AEF80028DBD1082295F95E01114602
:1009100004F110030DF0A4F80028D1D1236C93F852
:100920005E2184F87520FF2283F85E210DF096F891
:10093000022808BFA368204604BF43F48073A36065
:10094000FFF7EEF8C1E700BF290D020869110208A0
:100950002DE9F04F97B01546DDE9209804AA064628
:100960008C4692461C46524B229F03F1100B964632
:10097000186859680833AEE803005B457246F6D143
:100980006B46202261465046FFF7D2FA8346002884
:1009900071D1484B05F11002089365238DF824307E
:1009A0000DF12503184655F8041B954243F8041B26
:1009B000F9D1102111F0C9FA0DF13503184604F1EF
:1009C000100254F8041B944243F8041BF9D110217F
:1009D00011F0BBFA99F80630062183F00803C3F33F
:1009E000C0038DF84530D9F800300DF14600CDF840
:1009F0004630B9F804300124ADF84A3011F0A5FAB8
:100A000098F80630062183F00803C3F3C0038DF87D
:100A10004C30D8F800300DF14D00CDF84D30B8F81D
:100A20000430ADF8513011F090FA002335228DF8E2
:100A300054306846239B08A98DF85340FFF778FA95
:100A40008346C0B91021239811F07FFA3B46352226
:100A5000684608A98DF82040FFF76AFA834650B926
:100A6000B27C0146C2F11002384610F0D1FC1021D0
:100A7000384611F06AFA1021684611F074FA3521EF
:100A800008A811F070FA1021504611F06CFABBF171
:100A9000000F06D008213046FFF7F4FC17B0BDE880
:100AA000F08F5A4645F21201304612F0A5F8F5E7EC
:100AB000B0AF03080062746C70B51E46042305468F
:100AC00096B014468DF8143001F120020DF1150393
:100AD00051F8040B914243F8040BF9D120210DF198
:100AE000150011F032FA22460DF1350304F1200110
:100AF00052F8040B8A4243F8040BF9D120210DF17E
:100B0000350011F022FA04AB0293202301931A9BC3
:100B1000314600930E48412305AA08F0F7FF04462A
:100B2000412105A811F01FFA54B1214640F20740B7
:100B3000FFF73CF808212846FFF7A4FC16B070BD6B
:100B4000224645F21501284612F056F8F6E700BF96
:100B500000000209F8B50446FEF752FF266C054670
:100B600028B394F975305F1C0BD086F85E31FEF720
:100B700063FF0721012011F098FF024638BB1A21BC
:100B800011E02046F1F7EAFF86F85E01236C93F945
:100B90005E310133EBD1FEF74FFF60B1A3685D0713
:100BA0000FD441F205212046FEF7E2FF0DE0FF23BE
:100BB00086F85E31EFE794F975300133EED1002508
:100BC000D7E705212046FFF75DFC0020F8BD32493C
:100BD000867909680C3691F800C0831983F801C042
:100BE00091F81CE0281E18BF0120BEF1010F0DD1A5
:100BF00083F802E0D870487C00B3D87800071DD491
:100C0000A3685B07DDD441F20321CCE78F69BEF115
:100C1000020F07F002070ED191F85EE0BEF1000F5F
:100C200009D04FF0010E83F802E0D870002FE2D116
:100C300040F00800DEE74FF0000EF4E7BCF1030FD0
:100C400007D0096911F0FF1F1EBFD97841F00401D8
:100C5000D97094F874108F0708D5D978480705D44F
:100C6000BCF1030FCFD041F00401D970002D18BFA3
:100C7000032510215D7119719D71216C9059C1F886
:100C80000600988848819B7920460B7306210FF057
:100C900021FA01209AE700BF0C240020204B10B558
:100CA0001B6804469B6913F0040310D141B180F81E
:100CB000773090F87010BDE810401A4810F0FEBC74
:100CC00090F87330012B03D18368580705D410BD09
:100CD000022B02D183685907F9D494F9772094F84C
:100CE0007730002AF3DBB3B9012384F8773094F826
:100CF00077305B08EBD04FF47A7294F8701053435E
:100D000008480022FDF71CFA94F8773063F07F035F
:100D100084F87730DBE75A06E9D45B00E5E700BFEB
:100D20000C2400201024002045F21E0330B5994207
:100D30000446154689B010D845F21603994213D8D7
:100D400045F20103994200F0848145F20C03994277
:100D500022D0B1F5A04F00F082812A46204609B08A
:100D6000BDE8304000F0AEB9A1F5A043173B072B1A
:100D7000F3D801A252F823F05D0E02085B0D0208C1
:100D80005B0D02085B0D02080D1002085B0D0208E6
:100D9000D50F0208490E020890F97730002B02DBCC
:100DA0008268530707D520460921FFF76BFB41F204
:100DB000092009B030BDAB792B44914D5B7C2D6887
:100DC00003F008016D7CD5B121B90321FFF75AFB6F
:100DD0002120EEE713F0040F03F0010308D042F0E6
:100DE0000802826093B9A36843F02003A36013E074
:100DF000002BF8D0836843F010038360F3E75807B3
:100E000044BF42F00802A260DB0703D5A36843F0A9
:100E10001003A3600029E6D1A368224643F004032F
:100E2000A36078492046FDF7ADF9022120460CF079
:100E3000D1FF47F23053002245F21A012046FDF758
:100E40007FF9A3689D054AD5A368580747D594F84C
:100E5000700009B0BDE8304011F056BD90F8743014
:100E6000D90745D590F9753001333AD094F913106C
:100E700001291DDCA26893060DD5614B15071B687F
:100E800001D4187C38B1187F10B91878032802D023
:100E90009B6998072CD501290AD0594B11071B686B
:100EA00001D41A7C22B11A7F12BB1B78032B1FD1ED
:100EB0000023CDE90433CDE906330CF0CFFD022841
:100EC00001AB2DD1A06AE16A228E03C31A802046AD
:100ED000BDF8042004AB0DF10601F4F7F1F9002090
:100EE00067E78368DA0616D4FEF7A6FD0028BDD0B2
:100EF000434B1B68197F022929D1DA7C3AB393F856
:100F00005E3023BBA3685A0717D52046FFF7BAFA0D
:100F100041F202204DE7FEF773FD0028E4D0E7E739
:100F20000A22022194F975000CF0C8FD0028CED1E8
:100F3000CDE90100ADF80C00C9E7204641F20221DD
:100F4000FEF716FE01212046FFF7A8FEE0E7204647
:100F5000FEF7B6FEA56860B96B0705D508212046E7
:100F6000FFF790FA1A2024E71A212046FEF700FE28
:100F7000F8E715F0040508D0FEF766FDC8B1204675
:100F800094F97510FEF780FEA9E722461D49204618
:100F9000FDF7F8F8022120460CF01CFF47F2305311
:100FA0002A4645F21A012046FDF7CAF8A3685D07F4
:100FB000E2D4226CD2F8583143F020032046C2F824
:100FC0005831FFF7C7FD002889D020460E4911F09F
:100FD000FDFD84E7FEF738FD00286AD0226C002A68
:100FE00067D0A368580764D5D2F85831990660D401
:100FF00029780029E0D105212046FFF743FA6EE762
:101000000C240020152C03088D24020890F874305D
:10101000D80707D42046284911F0D8FD2946204694
:10102000FEF7A6FDA36859077FF559AF204645F2A4
:101030001A0110F043FB20462246204910F077FBAE
:10104000A368022123F03C032046A360F2F756FA7E
:1010500045E7024619491A48FDF794F83FE745F27B
:101060001A0110F02BFBA36823F03E03A360236C4E
:101070006BB193F95E01421C09D094F975200132DD
:1010800003D0D3F858315B0601D5F1F78DFC224629
:1010900020460A4910F04BFB22460849084810F048
:1010A00046FB20460221F2F729FA204611F006FEFF
:1010B00015E702207DE600BF290D0208152C030864
:1010C000201D002045F21703994210B5044640D078
:1010D0001AD845F20603994228D019D840F20123C4
:1010E00021F00201994213D190F870101A4810F0C3
:1010F000E5FA94F873300022012B4FF4A04120460A
:1011000008D1FFF711FE03E045F21A03994204D01B
:1011100048200AE000F028F8FAE7104911F056FDDF
:1011200007212046FEF724FD002010BD93791A44C4
:10113000517C41F49051FEF71BFD94F87310084A5E
:10114000084B2046012914BF1146194611F03EFDF7
:10115000EAE70220E9E700BF10240020F13103088C
:1011600069110208290D020845F21E0399422DE972
:10117000F3410446154611D845F21603994214D896
:1011800045F20103994200F0468345F20203994279
:1011900000F09C80B1F5A04F00F043832A46204622
:1011A00002B0BDE8F041FFF78DBFA1F5A043173BAA
:1011B000072BF3D801A252F823F000BFDD1102087B
:1011C0009D1102089D1102089D110208D117020805
:1011D0009D1102089B13020861130208864E3368B2
:1011E0001A7F022A11D1DA7C7AB193F85E3063B9A2
:1011F00041F20221FEF7BCFC20460121FFF74EFD23
:1012000041F2022002B0BDE8F081A368590701D580
:101210000220F7E72046FEF7F3FB3368051E1A7835
:1012200018BF0125032A07D019696AB211F0FF1F00
:1012300028D042F0040503E094F87420920729D4E2
:101240009A69960723D41A7F012A20D045F0080511
:1012500002210B2011F029FC024600B383790344DC
:101260005D7394F97530013303D094F87430DD0761
:1012700003D5A36843F00203A360062120460EF0C5
:1012800029FF0CE094F874108F07D2D4D8E75B7C68
:10129000002BDDD041F203212046FEF769FCA36854
:1012A000224643F00403A36054492046FCF76AFF3A
:1012B000022120460CF08EFD47F23053002245F209
:1012C0001A012046FCF73CFF00209BE78368580783
:1012D00003D494F97730002B05DB236C53B1D3F89A
:1012E0005831D90606D520460921FFF7CBF841F23F
:1012F000092087E72046FEF7E3FC28B908212046AD
:10130000FFF7C0F821207DE7206CD0F8583143F07A
:101310001003C0F85831AB790C332B445A68C0F82D
:1013200006201A89428101229B7A0373236C9A71E9
:10133000A26812F0040610D1224630492046FCF77C
:1013400021FF022120460CF045FD47F23053324682
:1013500045F21A012046FCF7F3FEA3689A05B3D5BF
:10136000236C002BB0D0D3F85831DB06ACD5FEF798
:101370006BFB94F9751030B1A3689F0703D4204626
:10138000FEF782FCA0E70846F1F712FA28B194F8BC
:101390007430DE0701D40521B1E7236C002B3FF444
:1013A00037AFD3F85831D8067FF532AF99063FF5FD
:1013B0002FAFFEF749FB48B1A3689A0706D42B78F4
:1013C00023B905212046FFF75DF87DE7A368256C6A
:1013D00023F00203A360D5F85831074F43F02003F0
:1013E000C5F858313B68AA7A1B7A934202D8A37C8D
:1013F000934205D9062182E70C240020152C03080E
:1014000094F9521094F852300029B2BF012383F0AE
:101410000803C3F3C003102A28BF10222B7194F8CD
:101420006030204683F00803C3F3C0036B71A274DD
:101430006E7AFEF7E5FA90B3F30730D594F975307C
:10144000D4F84080581C20D088F85E3106F00D0694
:101450003B689A69910704D41A7F012A01D03207A8
:1014600001D406F0F7061A78032A1BD01B6913F083
:10147000FF1F01D046F004060721022011F015FBE2
:101480000190A8B940F20340BCE62046F1F766FBA4
:1014900088F85E01236C93F95E310133D6D106F0F2
:1014A0000C06D5E71B7F002BE6D106F0FB06E3E731
:1014B00090F806C03A680CF10C0C137800EB0C01A4
:1014C0004B70137F012B06D0022B46D192F85E3071
:1014D000003B18BF01238B701023CE7016F001065D
:1014E00008BF32460B711FBFEB7A2A7B03F0030360
:1014F0004B71236C14BF02F003024E718A7183F8A2
:1015000051214A7983F8502150F80C20C3F80D205E
:101510008A88A3F811208A79DA7406B3206C90F8CF
:10152000501111F002061AD194F85210062281F0DF
:10153000080190F95E0104F14C03C1F3C0010CF005
:101540008FFA60B13146FEF731FB20460821FEF7E5
:1015500099FF01A810F0F5F994E70023BBE7019E7D
:10156000002E8FD0FEF768FA95F809C018B994F9E3
:10157000753001330FD01CF0010F04D0236C93F9A8
:101580005E31013307D105212046FEF77BFF30464F
:10159000FCF764FFB6E63B680CF00802597C29B101
:1015A00012B12A7C100703D40321EDE7002A70D082
:1015B0002A7C11076DD5D5F8581141F00401C5F802
:1015C0005811B5F8501121F4807121F00101A5F8EE
:1015D0005011187F297A02280FD091B942EA0C02E3
:1015E00012F0040240D185F85D211B7C002BDBD179
:1015F00094F874309807D7D40DE021B993F85E20A1
:101600003ABB0221C0E7012283F83D20DA7C32BBDD
:10161000042385F85D3194F91330022B03D1D5F8FA
:1016200058315A07C0D50CF019FA02284DD094F958
:101630007500431C49D0002201A9C0B2FEF72CFD61
:10164000002842D1236C93F85021910737D40A2106
:101650009AE783F83D10DB7C002BD2D1D8E793F8D2
:101660005E30002BD4D1CCE7EA791978052A28BF5F
:1016700003227F4801EB810101448A5C85F85D21EA
:101680001B7C1BB994F874309907C4D5002AC2D1C9
:101690008AE71A7F012A02D12A7A002AB8D11CF0DF
:1016A000040F03D12A7C12F004029CD0EA79197845
:1016B000052A28BF03226F4801EB8101DCE793F87C
:1016C00051319A0701D40A2119E694F97520531C67
:1016D0001CD048F20800216C40EA0220D1F85831B1
:1016E00080B243F04003C1F85831F5F757F80521AF
:1016F00094F975000CF09FF9032194F975000CF032
:101700009AF9062194F975000CF095F932460621F4
:1017100020460EF0DFFC95F85D31206C042B1DD1C6
:101720003B6800F5987003F11D022D3352F8041B3D
:101730009A4240F8041BF9D1D5F8583195F85D214B
:1017400003F004018AB923F00203C5F85831E274AA
:10175000B9B14949204611F039FAB5E51022002106
:1017600000F598700FF054FEE6E743F00203C5F869
:10177000583141B90123032AE37412D9042A7FF4B2
:10178000A3AD3E49E6E7A37C0F2B89BF94F87430E4
:10179000012343F0080384F8743088BF0223E37404
:1017A000D7E7012A07D02046354911F00FFA204625
:1017B000FEF756FA88E52046314911F007FA3B68F2
:1017C0002046D9684D1C6A426A41FEF719FA7BE54A
:1017D00090F87430D80707D420462A4911F0F6F95A
:1017E00029462046FEF7C4F9A36859077FF56CAD7A
:1017F00045F21A0120460FF061FF22462046224999
:101800000FF095FFA36823F00403A3600221204694
:10181000F1F774FE58E502461B491C48FCF7B2FC80
:1018200052E545F21A010FF049FFA36823F03E0389
:10183000A360236C6BB193F95E01421C09D094F94B
:101840007520013203D0D3F858315B0601D5F1F78A
:10185000ABF8224620460C490FF069FF22460A49A0
:101860000A480FF064FF204611F028FACEE700BFC7
:10187000C1AF0308DAAF0308792302089118020800
:10188000E922020869110208152C0308201D002016
:1018900073B545F20406B142044615460DD045F233
:1018A0001006B14222D0B1F5A04F38D111F0EDF8B9
:1018B000236CD3F85831D90720D5236CD3F858219D
:1018C000D2070BD4AA7998330C3215446A1D15350A
:1018D00052F8041BAA4243F8041BF9D1216CD1F839
:1018E000583113F004030CD00F4904E0016CA83107
:1018F00011F01FF90D49204611F068F9002002B0DF
:1019000070BD81F85C31012301F1B80200932046DB
:1019100001F1A80301F5987111F085FBEEE702B023
:10192000BDE87040FFF7CEBB31190208C9190208A3
:10193000B1F5A04FF7B5044608D045F21105A9420C
:1019400036D003B0BDE8F040FFF7BCBB006C1021FF
:10195000B83011F06AF960B108212046FEF792FD17
:1019600040F207400021FEF721F940F2074003B0A2
:10197000F0BD256C95F85D6105F1A807013E022ECA
:1019800001979CBFD5F82C0195F85C6105F15401D5
:101990009EBFF04000F0010040F08000009005F193
:1019A0001402204605F1B80311F0B0FB0020DEE779
:1019B000016CA83111F0BDF82046024911F006F97A
:1019C000F4E700BFC919020845F2100330B5994287
:1019D000044685B000F0A6800CD8B1F5A04F27D002
:1019E00045F20503994228D0204605B0BDE83040B5
:1019F000FFF768BB45F21103994200F0B08045F251
:101A000012039942F0D1016C91F85D3113B1043B9E
:101A1000012B03D82046B83111F06FF8236C93F8EE
:101A20005D31042B40F2DF80052B03D16F4992E03A
:101A300011F02BF8002005B030BD9179036C0C310A
:101A40000A44511DC833153251F8040B914243F832
:101A5000040BF9D1206CD0F8583113F0040354D0A2
:101A600090F85D31042B22D1614B1B6893F85E50D6
:101A700065B1002100F114020091114600F5A0703B
:101A800001903E33204611F041FBD3E71021B830DE
:101A900011F0CBF858B108212046FEF7F3FC40F2D4
:101AA00007402946FEF782F840F20740C3E7216C61
:101AB00091F85D3101F1C80213B1043B012B12D83A
:101AC00001F1F803039301F59873029304F15A03AB
:101AD000019304F15303009301F1B8032046D83178
:101AE000FEF736FFA6E701F5A073019391F85C01BC
:101AF000D1F82C31C34003F0010343F0800300937D
:101B0000134601F154021431BCE780F85C3100F156
:101B1000C802009300F5987100F5A073204611F0FB
:101B200082FA87E7056C102205F1980105F5A0708F
:101B30000FF044FC20B104212046FEF7A3FC79E716
:101B4000D5F858312B499B0742BF94F8743043F0C5
:101B5000020384F87430204611F038F86AE7056C07
:101B600095F85D3105F5A070042B1ED1204B102295
:101B700019684E310FF022FC0028DCD1102105F14C
:101B8000B80011F052F8216C01F1F803039301F54C
:101B90009873029304F15A03019304F153030093E1
:101BA00001F1C80201F1B80398E70146102205F1DE
:101BB00098000FF003FC0028BDD105F1B8012046C4
:101BC00010F09BFF216C91F85C310133DBB2142BD8
:101BD00081F85C31D8D0D1F8583123F00103C1F835
:101BE00058310549B7E70549B5E700BF011C0208B0
:101BF0000C240020651E020891180208B91C020876
:101C000045F21403994213B504462BD00CD8B1F514
:101C1000A04F13D045F20E03994232D0204602B0B5
:101C2000BDE81040FFF74EBA45F219039942F5D1CD
:101C3000137813BB0C21FEF725FC10E010F025FFF4
:101C4000216C204601F59473019301F1B8030093D0
:101C500001F1540201F1C803143111F0CFF8002052
:101C600002B010BD036CD3F82821114BB2FBF3F185
:101C700003FB1121FDF7AEFFF1E70E4910F0A6FFBF
:101C8000EDE79179036C0C310A44511D03F584731F
:101C9000153251F8040B914243F8040BF9D1226C30
:101CA000D2F8583143F00803C2F85831D7E700BFE3
:101CB00040420F00B91C0208F0B545F20E06B142D1
:101CC000044615468DB00ED045F21306B1425CD0E5
:101CD000B1F5A04F40F0BD8010F0D7FE236CD3F8D3
:101CE0005831190757D5236CD3F8582112070CD453
:101CF000AA7903F584730C3215446A1D153552F820
:101D0000041BAA4243F8041BF9D10023256CCDE93A
:101D10000833CDE90A3385F85C3195F85D310DF172
:101D2000200C042B2AD14D4B1B6893F83D205AB14F
:101D3000674603F11D022D333E4610685168083294
:101D400003C69A423746F7D105F5A073069304F10E
:101D50005A03059304F153030493EB7905F1C80288
:101D600003932B7A02936B7ACDE900C305F1B80394
:101D7000204605F1F80111F0B5F80CE0013B022B0B
:101D80009CBFD5F82C310893DEE7056C95F85C31E3
:101D900023B1012B54D000200DB0F0BD102205F569
:101DA000A07105F584700FF009FB20B10B212046CE
:101DB000FEF768FBEFE7D5F858310DF1200C9B07D3
:101DC00042BF94F8743043F0020384F87430012366
:101DD00085F85C310023CDE90833CDE90A3395F865
:101DE0005D31042B25D11D4B1B6893F85E205AB141
:101DF000674603F13E024E333E4610685168083292
:101E000003C69A423746F7D105F58C73069304F161
:101E10005303059304F15A030493AB7B05F1B80215
:101E20000393EB7B02932B7CCDE900C305F1C80340
:101E30009EE7013B022B9CBFD5F82C310893E3E7CA
:101E400005F58C7110F03DFE2046054910F0BEFEF0
:101E5000A1E70DB0BDE8F040FFF734B90C24002035
:101E6000651E0208B1F5A04F73B50446154677D03C
:101E700045F21B06B14240F0F68090F87430DB0763
:101E800066D5056CB5F850312BB1794910F09EFE3E
:101E9000002002B070BDD5F858315E0747D56B7A87
:101EA000D80744D52B7CD90741D5A36C10220B2130
:101EB00095F95E0131330BF0D3FD38B140F21B418F
:101EC0002046FDF755FE40F21B40E2E7A36C206C74
:101ED00001220C2190F95E0120330BF0C1FD002896
:101EE000ECD1A36C206C10220D2190F95E012133FE
:101EF0000BF0B6FD0028E1D10822206C114690F9C4
:101F00005E0104F110030BF0ABFD0028D6D1236C69
:101F100093F85E2184F87520FF2283F85E21204625
:101F2000544910F053FE2046FDF7FAFDB0E705F5E1
:101F3000987304F1180205F5A07553F8041BAB4221
:101F400042F8041BF9D1A36843F48073A360E6E769
:101F5000484910F03BFE29462046FDF709FE97E769
:101F6000036CD3F8582112F0040245D05A7AD207F4
:101F70008ED51B7CDB078BD50BF070FD0228206C07
:101F80000ED000F59872032190F95E01F0F72EFC57
:101F900000283FF47DAF08212046FEF773FA92E750
:101FA00000F598731022032190F95E010BF058FDA3
:101FB00028B1002140F21B40FDF7F8FDEBE7206C53
:101FC000102200F59873052190F95E010BF048FD91
:101FD0000028EED1236C04F1180103F5987203F583
:101FE000A07352F8040B9A4241F8040BF9D1A3688C
:101FF00043F48073A3604BE7D3F8B810C3F8D01054
:10200000D3F8BC100192C3F8D410006C01A900F5FC
:102010009870FDF7F7FF48B1019806F0ECFF2046F5
:102020000821FEF72FFA40F2074032E7206C019AB0
:1020300000F59871C830FDF76BFE05460198002D3C
:10204000EBD106F0D8FF236CA07C03F598732946EA
:10205000C0F1100218440FF0DBF9216C2046B831B2
:1020600010F04BFD14E702B0BDE87040FFF72AB84E
:102070007920020869110208B1F5A04F2DE9F0415D
:102080000446154600F01E81A1F5A043DE1F042E74
:1020900000F21F819279083B0C321544026C92F8D1
:1020A0005021032B05D8DFE813F047009300C4004C
:1020B0000A01D10740F1BB80053510222946874827
:1020C0000FF07CF9002800F09C800BF0C7FC022880
:1020D000206C27D02A46032190F95E01F0F786FB99
:1020E000002607460BF0BAFC022812D194F8733090
:1020F000012B0ED12B4604F1180205F1100153F803
:10210000040B8B4242F8040BF9D1A36843F48073AB
:10211000A360102128460FF026FF002E6CD000216E
:1021200030462FE02B461022032190F95E010BF080
:1021300097FC00270646D5E712F0010777D00BF091
:102140008DFC022821D0236C062093F95E81E5F7EF
:102150009BF80FF03FFF064608B91A26DFE7014655
:102160005F4840EA082006F094FF8046304607F0BA
:1021700020FF30460FF030FFB8F1000F05D0414688
:1021800040F20740FDF712FD37E0206C05F105082D
:1021900043460A22022190F95E010BF061FCD5F85A
:1021A00005300646A362D5F80930E362B5F80D3074
:1021B00023860028B3D1226C92F8503123EA07031A
:1021C00082F850312046FEF763FA0020BDE8F08126
:1021D00092072CD50BF042FC022805F10505206C76
:1021E00016D006212A4690F95E01F0F7FFFA102179
:1021F000074628460FF0B7FECFB108212046FEF76C
:1022000041F920460821FEF73DF940F20340DDE7A1
:1022100006212B46102290F95E010BF021FC0646A8
:10222000102128460FF09FFE002E7FF478AF002784
:10223000C1E79307FBD50BF011FC02281AD0236CE1
:10224000062093F95E71E5F71FF80FF0C3FE06460E
:10225000002882D00146234840EA072006F019FFF3
:102260000746304607F0A5FE30460FF0B5FE0FB129
:10227000394685E7697989B90A466B1D13F8010F5C
:1022800060B90132062AF9D194F85210206C81F01D
:10229000080104F14C03C1F3C00106E000394FF01E
:1022A000060218BF0121206CAB1D90F95E010BF0F6
:1022B000D7FB064600287FF432AF02277BE702F007
:1022C000040778E710F0E1FB0022236C83F85C211F
:1022D00078E7BDE8F041FEF7F5BE00BFF3AF0308B5
:1022E000038004000680040070B545F20406B14284
:1022F0000446134624D045F21806B14206D0B1F583
:10230000A04F32D110F0C1FB002070BD11684D1CF0
:1023100003D10121FEF7B6F8F6E7026CD2F85801B6
:10232000400743BF002182F85C111B68C2F83011DE
:102330002046104948BFC2F82C3110F047FCE3E7B3
:102340009979026C0C310B44591D9832153351F8B0
:10235000040B994242F8040BF9D1226CD2F858319F
:1023600043F00103C2F85831CEE7BDE87040FEF7F4
:10237000A9BE00BF9118020845F215039942F7B5AE
:10238000044651D00CD8B1F5A04F19D045F20D0339
:1023900099421BD0204603B0BDE8F040FEF792BE44
:1023A00045F216039942F5D1016C01F1D80300936F
:1023B000D1F8943001F134021431FEF77DFB01E0D5
:1023C00010F063FB0027384603B0F0BD93790C335F
:1023D0001A44551D02F1250632462946FDF716FD21
:1023E000074620B10B212046FEF74CF8EBE72946C3
:1023F000236C143351F8042BB14243F8042BF9D168
:10240000236C01F12002343351F8040B914243F85C
:10241000040BF9D1216C204601F1940301F17402FF
:102420005431FEF757F8CDE710F09FFB236C93F87B
:102430005D31052BC6D8DFE803F0190311111E1911
:1024400020460E4910F0C2FB0D4B20461B68D96890
:102450004B1C5A425A41FDF7D3FBB3E720460749CC
:1024600010F0B4FB2046FDF7FBFBABE70549204627
:1024700010F0ACFBA6E70449F9E700BFE922020827
:102480000C24002031190208C919020845F216036C
:102490009942F7B5044600F0B4810CD8B1F5A04FCD
:1024A0000FD045F20303994210D0204603B0BDE897
:1024B000F040FEF707BE45F217039942F5D102201E
:1024C00002E010F0E2FA002003B0F0BD9379056C51
:1024D0000C33D618F379DF070CD4FDF7ADFA18B931
:1024E00094F97530013305D005212046FDF7CAFF68
:1024F0002120E9E7A44F337A3A68127A9A4202D847
:10250000A27C9A4201D90621EFE7D6F80530C5F83A
:102510000E30B6F809306B8202236B7394F9523097
:1025200094F85210002BB2BF012381F00803C3F3CB
:10253000C0036B7194F8603083F00803C3F3C003E9
:102540002B71337A102B28BF1023A374F379D8078B
:102550002BD56B7ADA0728D5737AEA7A134085F897
:102560005131B37A2A7B134085F8503195F95E31A9
:1025700001331ED0206C90F850319B0719D481F0A4
:102580000801062290F95E0104F14C03C1F3C00179
:102590000BF066FA68B140F21B412046FDF7E8FAFD
:1025A000A3685907A4D508219FE7002385F8513176
:1025B000DAE73B68F079597C00F0080229B112B1E2
:1025C0006A7A120703D403218FE7002A73D06A7A4C
:1025D000110770D5D5F8581141F00401C5F858110C
:1025E000B5F8501121F4807121F00101A5F85011C6
:1025F00093F81CC0B179BCF1020F03D0002937D089
:10260000022172E729B3012283F83D20DA7C52BB14
:10261000042385F85D3194F91330022B03D1D5F8EA
:1026200058315A07CFD50BF019FA02285CD094F92B
:102630007500431C58D0002201A9C0B2FDF72CFD43
:10264000002851D1236C93F85021960748D40A21D1
:102650004BE793F85E20002AD2D083F83D10DB7C54
:10266000002BCDD1D4E793F85E30002BD0D1C7E753
:10267000024312F0040209D185F85D211B7C002B76
:10268000A1D194F8743098079DD4C4E77279187872
:10269000052A28BF03223D4902EB82020A44125C4C
:1026A00085F85D211B7C1BB994F874309907B2D56D
:1026B000002AB0D187E71A7F012A02D1B279002A15
:1026C000A6D1420703D46A7A12F00402D4D07279F8
:1026D0001878052A28BF03222D4902EB8202DDE784
:1026E00093F851319807B2D594F97520511C1CD03C
:1026F00048F20800216C40EA0220D1F8583180B23B
:1027000043F04003C1F85831F4F748F8052194F933
:1027100075000BF090F9032194F975000BF08BF91B
:10272000062194F975000BF086F995F85D31206C5F
:10273000042B00F5987021D13B6803F11D022D3365
:1027400052F8041B9A4240F8041BF9D1D5F85831CD
:1027500095F85D2103F00401E2B923F00203C5F806
:102760005831E274002947D0216C204601F19403CE
:1027700001F174025431FDF7ADFEA4E610220021F0
:102780000EF046FEE2E700BF0C240020C1AF0308B4
:10279000DAAF030843F00203C5F8583149B9012301
:1027A000013AE374032A3FF68EAEDFE802F0101818
:1027B0001025A37C0F2B89BF94F87430012343F0BC
:1027C000080384F8743088BF0223E374CCE7204602
:1027D0000E4910F0FBF92046FDF742FA73E6204659
:1027E0000A4910F0F3F93B682046D9684B1C5A425D
:1027F0005A41FDF705FA66E60549204610F0E6F96C
:1028000061E610F0B2F90349F7E700BF05320208AC
:10281000E13002081928020845F20D039942F7B584
:10282000044627D00DD8B1F5A04F1DD045F20403C2
:10283000994200F08F80204603B0BDE8F040FEF7DB
:1028400041BC45F21103994200F0A68045F2150300
:102850009942F0D1006C90F85D31052B06D8DFE885
:1028600003F0503A423A555010F00FF9002738461D
:1028700003B0F0BD93790C331A44561D02F12505BF
:102880002A463146FDF7C2FA074620B10B21204601
:10289000FDF7F8FDEBE73146236C143351F8042BB8
:1028A000A94243F8042BF9D1236C01F120023433FF
:1028B00051F8040B914243F8040BF9D1216C2046E6
:1028C00001F1D8030093D1F8943001F134021431AE
:1028D000FEF7F2F8CAE720463B4910F077F92046A8
:1028E000FDF7BEF9C2E72046374910F06FF9374BC4
:1028F00020461B68D9684B1C5A425A41FDF780F9A3
:10290000B4E73349204610F061F9AFE72F4B1B685D
:1029100093F85E5065B1002100F1140200F5A0703B
:1029200001900091204611463E3310F0EFFB9DE7E9
:102930001021C83010F079F900283DD00821204638
:10294000FDF7A0FD294640F20740FDF72FF940F2C0
:1029500007478CE79179036C0C310A44511DA83369
:10296000153251F8040B914243F8040BF9D1256C50
:10297000102205F1A80105F198000EF01FFD20B905
:1029800004212046FDF77EFD70E7D5F8583143F06D
:102990000103C5F8583169E70C4B056C1968102222
:1029A0004E3105F5A0700EF009FD0028E8D1102188
:1029B00005F1C80010F039F9216C2046C83110F03B
:1029C0009CF804499EE700BF053202080C24002051
:1029D00039300208D929020845F21003F0B59942AE
:1029E000044685B000F087800CD8B1F5A04F1CD00C
:1029F00045F2050399421DD0204605B0BDE8F040E0
:102A0000FEF760BB45F21103994200F08D8045F25C
:102A100012039942F0D1036C93F85D31042B40F21C
:102A2000B380052B03D159497BE010F02EF800202C
:102A300005B0F0BD9179036C0C310A44511DB833D7
:102A4000153251F8040B914243F8040BF9D1256C6F
:102A5000102205F1C80705F1B806314638460EF0D8
:102A6000ADFC20B904212046FDF70CFDDFE7D5F8C9
:102A7000583113F0040332D095F85D31042B13D193
:102A800005F1F803039305F59873029304F15303DA
:102A9000019304F15A0300933A463346204605F168
:102AA000D801FDF755FFC2E705F5A07005F1140147
:102AB00005F1540201900BB1052B06D100230093C0
:102AC0002046334610F022FBB1E795F85C01D5F8BB
:102AD0002C31C34003F0010343F08003EFE785F896
:102AE0005C3132460093204605F5A07305F59871D8
:102AF00010F099FA9BE7056C102205F1A80105F585
:102B0000A0700EF05BFC0028ACD1D5F858312049FC
:102B10009B0742BF94F8743043F0020384F874308A
:102B2000204610F053F882E7056C102205F1A80149
:102B300005F5A0700EF042FC002893D195F85D31A8
:102B4000013B022B0FD895F85C310133DBB2142B1B
:102B500085F85C3107D0D5F858310E4923F00103D0
:102B6000C5F85831DCE705F1F803039305F59873D0
:102B7000029304F15303019304F15A03009305F106
:102B8000C80205F1B80389E70349CAE79D2B02088B
:102B9000F92D0208E13002081D2C020873B545F238
:102BA0001406B14204461AD045F21906B14221D0AA
:102BB000B1F5A04F28D10FF068FF216C204601F538
:102BC0009473019301F1B803009301F1140201F130
:102BD000C803543110F012F9002002B070BD036C2C
:102BE000D3F828210B4BB2FBF3F103FB1121FCF7C7
:102BF000F1FFF1E713781BB90C21FDF743FCEBE77C
:102C000005490FF0E3FFE7E702B0BDE87040FEF7CB
:102C100059BA00BF40420F001D2C0208F0B5B1F5B3
:102C2000A04F05468DB008D045F21304A14244D010
:102C30000DB0BDE8F040FEF745BA0023046CCDE9C5
:102C40000833CDE90A3394F85D310DF1200C042BE3
:102C50002CD11F4B1B6893F85E205AB1674603F1D5
:102C60003E024E333E4610685168083203C69A420F
:102C70003746F7D104F58473069305F153030593A2
:102C800005F15A030493E37928460393237A04F168
:102C9000C8020293637A04F1F801CDE900C304F19C
:102CA000B80310F01FF900200DB0F0BD013B022B5E
:102CB0009CBFD4F82C310893DCE7016C01F58471DA
:102CC0000FF0FFFE284603490FF080FFEBE700BF3F
:102CD0000C240020D92C0208F0B545F20E06B142B2
:102CE000044613468DB00BD045F21303994260D0D1
:102CF000B1F5A04F77D10FF0C8FE00200DB0F0BDA8
:102D00009979026C0C310B44591D02F58C72153304
:102D100051F8040B994242F8040BF9D1256C1022AA
:102D200005F58C7105F584700EF048FB20B90B2178
:102D30002046FDF7A7FBE0E70023CDE90833CDE906
:102D40000A3395F85D310DF1200C042B2AD1284B64
:102D50001B6893F83D205AB1674603F11D022D33DD
:102D60003E4610685168083203C69A423746F7D18A
:102D700005F5A073069304F15A03059304F1530378
:102D80000493AB7B20460393EB7B05F1B8020293DF
:102D90002B7C05F1F801CDE900C305F1C80310F063
:102DA000A1F8AAE7013B022B9CBFD5F82C31089370
:102DB000DEE7056C102205F5A07105F58C700EF0AC
:102DC000FDFA0028B3D1D5F8583120469B0748BFFB
:102DD00094F87430074944BF43F0020384F8743018
:102DE0000FF0F4FE89E70DB0BDE8F040FEF76AB9D8
:102DF0000C240020F92D020870B5B1F5A04F04464F
:102E0000154688B077D045F21B06B14240F00A81E2
:102E100090F87430DB0766D5056CB5F850312BB1EE
:102E200083490FF0D3FE002008B070BDD5F85831AB
:102E30005E0747D56B7AD80744D52B7CD90741D597
:102E4000A36C10220B2195F95E0131330AF008FEC4
:102E500038B140F21B412046FCF78AFE40F21B408D
:102E6000E2E7A36C206C01220C2190F95E01203373
:102E70000AF0F6FD0028ECD1A36C206C10220D2185
:102E800090F95E0121330AF0EBFD0028E1D1082220
:102E9000206C114690F95E0104F110030AF0E0FD88
:102EA0000028D6D1236C93F85E2184F87520FF2288
:102EB00083F85E2120465F490FF088FE2046FCF72C
:102EC0002FFEB0E705F5987304F1180205F5A0751B
:102ED00053F8041BAB4242F8041BF9D1A36843F436
:102EE0008073A360E6E753490FF070FE2946204641
:102EF000FCF73EFE97E7036CD3F8582112F004026A
:102F000055D00022CDE90122ADF80C205A7AD20723
:102F10003FD51B7CDB073CD50AF0A0FD0228206CC6
:102F20000CD000F59872032190F95E01EFF75EFC7A
:102F300078B308212046FDF7A5FA8FE700F59873CE
:102F40001022032190F95E010AF08AFD28B10021C8
:102F500040F21B40FCF72AFEEBE7206C102200F544
:102F60009873052190F95E010AF07AFD0028EED1F0
:102F7000236C04F1180103F5987203F5A07352F85D
:102F8000040B9A4241F8040BF9D1A36843F480730F
:102F9000A3600023BDF80420CDE90433CDE9063356
:102FA0000DF1060104AB2046F2F78AF93BE7D3F8AE
:102FB000B810C3F8D010D3F8BC100092C3F8D410E6
:102FC000006C694600F59870FDF71CF848B1009850
:102FD00006F011F820460821FDF754FA40F20740A8
:102FE00022E7206C009A00F59871C830FCF790FE3B
:102FF00005460028EBD1009805F0FDFF236CA07C6E
:1030000003F59873C0F11002294618440EF000FA37
:103010002A46CDE90155CDE90455CDE9065504AB65
:1030200001A9C0E708B0BDE87040FEF74BB800BF8B
:10303000ED310308290D0208B1F5A04F70B5044623
:10304000154607D045F20406B1420CD0BDE87040E9
:10305000FEF738B80FF019FD236CD3F85831D907B3
:1030600001D4002070BD236CD3F85821D20718D4A6
:10307000AA79A8330C3215446A1D153552F8041B81
:10308000AA4243F8041BF9D1206C102200F1A801D8
:1030900098300EF093F920B904212046FDF7F2F99B
:1030A000DFE7206C1021C8300FF0BFFD58B10821B8
:1030B0002046FDF7E7F940F207400021FCF776FDD6
:1030C00040F20740CEE7216C2046C8310FF015FDD5
:1030D000204602490FF07AFDC3E700BFD929020854
:1030E000B1F5A04F13B504460ED0A1F5A043103B97
:1030F000012B45D8016C98310FF01BFD2046234968
:103100000FF064FD002017E0016CD1F8583101F197
:10311000C80213F0040328D0102110460FF085FDDB
:1031200060B108212046FDF7ADF940F207400021CB
:10313000FCF73CFD40F2074002B010BD216C204678
:1031400001F19803019391F85C21D1F82C31D3401F
:1031500003F0010343F08003009301F1140201F135
:10316000C80354310FF0D2FFCCE781F85C31012362
:10317000009301F1980301F598710FF054FFC1E736
:1031800002B0BDE81040FDF79DBF00BF91310208BD
:10319000B1F5A04F70B51346044607D045F20406BA
:1031A000B14207D0BDE87040FDF78CBF0FF06DFC59
:1031B000002070BD9979026C0C310B44591DA83266
:1031C000153351F8040B994242F8040BF9D1256CE0
:1031D000102205F1A80105F198000EF0EFF820B9D2
:1031E00004212046FDF74EF9E2E7204605F1C8012B
:1031F0000FF083FC204602490FF0E8FCD8E700BF3F
:10320000D9290208B1F5A04F70B50346144607D07E
:1032100045F21806B14207D0BDE87040FDF752BF35
:103220000FF033FC002070BD1268551C03D1012142
:10323000FDF728F9F6E7016CD1F85801400743BFC4
:10324000002281F85C212268C1F8302148BFC1F812
:103250002C21184601490FF0B9FCE3E7E1300208E0
:1032600007B506480EF08BFB042101900DEB010021
:103270000EF067FC019803B05DF804FB14240020F5
:10328000F7B5186810F0020003D0164E316811B976
:10329000012003B0F0BD0024042223460DEB020000
:1032A00001940EF03DFBBDF80630DB0702D4FFF7BA
:1032B000D7FF044600250C4F57F8043B23B12146A5
:1032C000BDF80400984748B13368002BE0D0074BA5
:1032D000022193F90000FAF78FFDD9E70135062D99
:1032E000EAD1F1E714240020182400207B250020D7
:1032F00010B50948FAF770FD0024084B084918700A
:1033000020200C60FBF7F4F8064BC3E90044C3E946
:103310000244C3E9044410BDF02A00207B250020AC
:103320001424002018240020074BDA69D20407D5A2
:103330001B6A40F2044013F0010F18BF00207047D1
:1033400040F20440704700BF0080E00F08B505F070
:10335000D2F8DDF76FFADDF7BBFB05F0D9F8DDF742
:1033600075FA10F0C3FB00BFF7E700B583B0E7F7CD
:10337000D9FD0190F2F732FD019000BF03B05DF876
:1033800004FB00B583B001900198DDF7C9FB0198FB
:10339000DDF79AFA00BF03B05DF804FB82B001903C
:1033A0000123184602B0704700B5C5B0F3F79AF88C
:1033B0000DF013F94390439B002B15D04398FFF772
:1033C000EDFF034683F00103DBB2002B0CD101AB10
:1033D00018460DF0E9F84290429B002B06D101AB54
:1033E0001846FFF7CEFF02E000BF00E000BF45B087
:1033F0005DF804FB00BF704708B5FFF7FBFFE6F779
:1034000059FB04F062FEE6F769F904F01AFE04F0D5
:1034100074FEE6F7EBFBDFF723FBE7F703FA00BFE9
:1034200008BD08B5DDF72CFDDDF7F0FB00BF08BDDA
:1034300008B5E7F7B1FCE6F76BF9E7F7B9F803F081
:10344000EBFA06F084FD02F05FFE03F0CAFB03F026
:10345000C1FB00BF08BD08B5E2F7A6FF02F01FFEE2
:10346000E2F7B4FFFFF781FF00BF08BD00BF704760
:1034700000BF704700BF704708B5FFF795FF00BF5A
:1034800008BD00BF704784B003900291019207E02D
:10349000039A131D0393029B191D029112681A606F
:1034A000019B5A1E0192002BF2D100BF00BF04B055
:1034B000704700BFFDE782B00190019B00221A60B7
:1034C00000BF02B0704782B001900091009B002BBA
:1034D00001D0019B002B019B1A68009B1A60019B85
:1034E000009A1A6000BF02B0704782B001904FF09E
:1034F000FF33184602B0704782B0019000BFFDE76D
:1035000082B0019000910023184602B0704782B04B
:1035100001900123184602B0704784B003900291D5
:1035200001920023184604B0704784B003900291C2
:1035300001920023184604B0704784B003900291B2
:1035400001920023184604B0704700B583B0019083
:10355000019B5B68002B05D0019B5B680198984735
:10356000034600E02223184603B05DF804FB82B056
:10357000019000BF02B0704700B587B003460091CC
:103580008DF80730009B0593059B1B680493049BF3
:103590001B798DF80C30049B5B798DF80D30049B02
:1035A0001B78022B11D00DF10B0203AB114618460C
:1035B00000F091F99DF80B3083F00103DBB21A465D
:1035C000049B1A700598FFF7D2FF00BF07B05DF8A3
:1035D00004FB84B00190019B0393039B1B6802933F
:1035E000029B1B78184604B0704700B587B0019065
:1035F000019B0593059B1B680493049B1B798DF825
:103600000830049B5B798DF80930049B1B78022BF2
:1036100044D00DF10B0202AB1146184600F05BF9E5
:103620009DF80B308DF80F30049B9B79012B28D12E
:10363000049B5B88ADF80C30BDF80C305B009AB28F
:103640009DF80F309BB213439BB24FF6C0721343E9
:10365000ADF80C304FF6E072BDF80C30934202D159
:10366000049B01221A704FF6DF72BDF80C309342B2
:1036700002D1049B00221A70049BBDF80C205A80D2
:103680000DE0049B9B79002B09D19DF80F3083F04E
:103690000103DBB21A46049B1A7000E000BF07B0BA
:1036A0005DF804FB00B585B00190019B0393039B7B
:1036B0001B680293029B1B78022B06D1029B0022FF
:1036C0005A800198DDF77CFB00E000BF05B05DF893
:1036D00004FB00B585B00190019B0393039B1B681D
:1036E0000293029B1B78022B0CD0029B9B79022B2E
:1036F00004D1029B5B791846DDF78EFC029B022207
:103700001A7000E000BF05B05DF804FB84B00190C2
:103710000023039305E0039B01330393019B5B08A4
:103720000193039B1F2B04D8019B03F00103002B83
:10373000F1D0039B184604B0704700B585B00190E6
:103740000B468DF8033013468DF80230019B002B99
:1037500001D1222343E09DF8033003F00F029DF8CE
:1037600003309A4223D1019B1B78002B16D0019B7A
:103770001B78012B0FD0019B1B78022B08D0019BDB
:103780001B78032B02D140F2FF7309E0002307E00E
:1037900043F6FF7304E040F2FF3301E043F6FF73AA
:1037A000019A5278D34003F00103002B01D1212369
:1037B00015E0E1F7E7FF0346002B01D002230EE0FE
:1037C00011F0AEFB03909DF802209DF803301946DE
:1037D0000198E2F79DF8039811F094FB0023184636
:1037E00005B05DF804FB00B585B00190019B002B8E
:1037F00001D122232FE0019B1B78002B16D0019BC7
:103800001B78012B0FD0019B1B78022B08D0019B4A
:103810001B78032B02D140F2FF7309E0002307E07D
:1038200043F6FF7304E040F2FF3301E043F6FF7319
:10383000019A5278D34003F00103002B01D12123D8
:1038400009E011F06DFB039001980FF03FFE039823
:1038500011F058FB0023184605B05DF804FB00B5D5
:1038600085B00190019B002B01D122232FE0019B09
:103870001B78002B16D0019B1B78012B0FD0019BCE
:103880001B78022B08D0019B1B78032B02D140F23E
:10389000FF7309E0002307E043F6FF7304E040F202
:1038A000FF3301E043F6FF73019A5278D34003F0EF
:1038B0000103002B01D1212309E011F031FB03901A
:1038C0000198E1F767FF039811F01CFB00231846ED
:1038D00005B05DF804FB00B585B001900091019B37
:1038E000002B02D0009B002B01D1222333E0019B4F
:1038F0001B78002B16D0019B1B78012B0FD0019B4E
:103900001B78022B08D0019B1B78032B02D140F2BD
:10391000FF7309E0002307E043F6FF7304E040F281
:10392000FF3301E043F6FF73019A5278D34003F06E
:103930000103002B01D121230DE011F0F1FA0390D6
:103940000198E1F74FFF03461A46009B1A7003984F
:1039500011F0D8FA0023184605B05DF804FB00B555
:1039600083B0E1F79FFF034603F0553323F0A043F4
:1039700001930198E1F780FF0198DDF70FFC00BF8C
:1039800003B05DF804FB00B583B0E1F78BFF03469D
:1039900003F0AA3323F0204301930198E1F76CFF71
:1039A0000198DDF7FBFB00BF03B05DF804FB86B0B8
:1039B000019001230593019B5A69019B5B69D91C06
:1039C000019B5B6C143BB1FBF3F30133DB0013444D
:1039D0005A1F019B5B6C143BB2FBF3F3013304935E
:1039E00000230393059A049B1A44039B134418462F
:1039F00006B0704782B001900091009BDA1D019BD8
:103A00005B6C143BB2FBF3F30133DA00009B13440D
:103A1000184602B0704700B583B001900198FFF7D7
:103A2000C6FF0246019B5B6C143B02FB03F3184686
:103A300003B05DF804FB00B585B0019000910198DA
:103A4000FFF7E9FF0390009BDA1D019B5B6C143BC1
:103A5000B2FBF3F30133DB00009A13440293039AA1
:103A6000029B1344184605B05DF804FB00B585B011
:103A70000190019B5B6919460198FFF7DCFF0390F9
:103A8000019B5A69019B5B69D91D019B5B6C143BCF
:103A9000B1FBF3F30133DB0013440293039A029B5F
:103AA0001344184605B05DF804FB00B583B00190DF
:103AB0000198FFF7DBFF0246019B9B691344184600
:103AC00003B05DF804FB00B585B001900198FFF7E5
:103AD000ECFF039004230293039A029B13441846BD
:103AE00005B05DF804FB10B582B001900091019B18
:103AF0001C6B00990198FFF77DFF03469C422CBF89
:103B000001230023DBB2184602B010BD10B582B00D
:103B100001900091019B1C6B00990198FFF78BFFAE
:103B200003469C422CBF01230023DBB2184602B09F
:103B300010BD10B582B00190019B1C6B0198FFF77E
:103B400095FF03469C422CBF01230023DBB218469D
:103B500002B010BD82B00190019B033323F0030338
:103B6000184602B0704782B001900091019A009B04
:103B70001344184602B0704782B001900091019B37
:103B80001A68019B5B6C009901FB03F31344184610
:103B900002B0704784B001900091019B1B68009AAD
:103BA000D31A0393019B5B6C039AB2FBF3F31846A1
:103BB00004B0704788B0039002910192039B5B6C44
:103BC000013B0793029B0693019B0593069A059B75
:103BD0005A40079BDB431340002B0CBF01230023FB
:103BE000DBB2184608B0704782B001900091009B8C
:103BF0000133019AD269B3FBF2F101FB02F29B1A85
:103C0000184602B0704782B001900091009B002BD3
:103C100002D0009B013B02E0019BDB69013B18469F
:103C200002B0704700B58BB001900091002309935A
:103C300022E000990198FFF7D7FF009000990198C2
:103C4000FFF79AFF0890019BDB6B5B6902A90522D5
:103C50000898984702AB184601F081FF03468DF89B
:103C60001F309DF81F30184601F0BCFF0346002BA3
:103C700009D1099B01330993019BDB69013B099A37
:103C80009A42D6D300E000BF009B18460BB05DF807
:103C900004FB00B58BB0019000910023099322E052
:103CA00000990198FFF7AFFF009000990198FFF786
:103CB00063FF0890019BDB6B5B6902A905220898F2
:103CC000984702AB184601F04AFF03468DF81F30B3
:103CD0009DF81F30184601F085FF0346002B09D1DF
:103CE000099B01330993019BDB69013B099A9A42C5
:103CF000D6D300E000BF009B18460BB05DF804FB74
:103D000084B001900091009B0393019B5A6C019B2E
:103D10005B6C591E039B0B40D31A184604B07047C6
:103D200082B001900091019B5B6C5A1E009B134076
:103D3000184602B0704700B587B001900091009915
:103D40000198FFF727FF059005990198FFF76AFF93
:103D5000059005990198FFF70FFF0490049801F072
:103D60006BFF0390039B184607B05DF804FB10B58A
:103D70008CB0019000230B93019BDA6A019B9B6A34
:103D80009A420AD1019B5968019BDA6913469B004C
:103D900013449B00CB1A0B9334E0019BDB6A0A931C
:103DA0002BE00A990198FFF7F5FE0990099901980F
:103DB000FFF7E2FE0890019BDB6B5B6902A905221D
:103DC0000898984702AB184601F0C9FE03468DF8E3
:103DD0001F309DF81F30012B0AD0019B5C6C0A99A3
:103DE0000198FFF79DFF0346E31A0B9A13440B93C8
:103DF0000A990198FFF79FFF0A90019B9B6A0A9A14
:103E00009A42CED10B9B18460CB010BD00B587B0BE
:103E100001900091009B05930023049313E0019B04
:103E2000DB6B5B6903A9012205989847039BB3F1FB
:103E3000FF3F02D0002304930DE0049B043304935E
:103E4000059B04330593059A00990198FFF7B2FE8C
:103E50000346002BE3D1049B184607B05DF804FB32
:103E600082B00190019B13F1020F0CBF01230023CC
:103E7000DBB2184602B0704782B00190019BC3F3D9
:103E80001303019A9A420CBF01230023DBB21846A8
:103E900002B0704782B00190019B93F84230012B31
:103EA00001D1642300E03223184602B0704782B08B
:103EB0000190019B93F84230012B01D1022300E0D5
:103EC0000123184602B0704700B587B003900291F5
:103ED00001920093029A019B1A44009B23F0030372
:103EE00013440593009B03F00303002B02D0059BB2
:103EF00004330593029A05990398FFF75BFE034686
:103F000083F00103DBB2002B06D002990398FFF780
:103F100012FF0290029B0593059B184607B05DF8BF
:103F200004FB00B5A1B00590049103920293002315
:103F30001F93049B1B691E9300231D9300238DF880
:103F40007330049BDB681B930023189300231793A3
:103F500000238DF85B309DF88C30022B04D11E9B22
:103F6000CC2B01D07023E4E19DF88C30022B0ED1D4
:103F70009DF88830002B06D00499059801F040F890
:103F80000346089303E0049BDB681B6808930299CF
:103F90000598FFF7B5FE12901E9B782B03D8049B63
:103FA000DB7D002B01D0012300E000238DF867307A
:103FB0009DF8673003F001038DF867309DF8883075
:103FC000002B0ED0059BDB6B5B69049A506807A938
:103FD0000122984707AB184601F01CFC03468DF8F8
:103FE00067309DF86730002B01D0082300E00423E0
:103FF00011931E9B782B8CBF012300238DF8663014
:104000009DF8663083F00103DBB2002B10D01E9BBD
:104010000433129A9A420BD21E9B002B06D0129B9D
:10402000082B03D901238DF8663001E0042318938F
:104030009DF86630002B01D0082300E00423109384
:10404000049B1A68039B1A60039B1E9A1A619DF8D1
:1040500066209DF88C301146184601F021FC03467D
:104060001A46039B1A7502990598FFF749FE1290AC
:104070001E9B002B09D0109A189B1344129A9A4247
:104080008CBF01230023DBB206E0129A109B9A42F8
:104090002CBF01230023DBB28DF83F30002318939F
:1040A0009DF83F30002B00F03081129A109BD31AFC
:1040B00012931E9A129B934228BF13460E93029BA3
:1040C0000D9310990298FFF74EFD02900E9A1E9BD9
:1040D0009A4212D0039B0122DA75039B1B691E9A38
:1040E0009A4206D101238DF87330039B0D9A5A60D2
:1040F0000EE002238DF873300AE09DF87330002B38
:1041000003D003238DF8733002E000238DF8733061
:10411000039BDB7D002B21D0039B1B7E039A033383
:10412000DB0013440D9A5A60039B1B7E0E9A91B2DA
:10413000039A0333DB0013440A461A81039B1B7E58
:10414000039A0333DB0013449DF873209A72039B98
:104150001B7E0133DAB2039B1A7602E0039B0D9AB1
:104160005A600E9B002B00F08A809DF88C30022B49
:104170001BD19DF85B3083F00103DBB2002B7ED0B6
:10418000179A0E9B1344032B79D9059BDB6B9B6914
:1041900008A90122029898471F901F9B002B40F00E
:1041A000C48001238DF85B3069E09DF8883083F08E
:1041B0000103DBB2002B3ED01B9B1593029B149393
:1041C0000E9B1393139B9B080C930C9B002B16D0F8
:1041D000059BDB6B9B690C9A1599149898471F9067
:1041E0000C9B9B00159A134415930C9B9B00149AEF
:1041F000134414930C9B9B00139AD31A13931F9B85
:10420000002B13D1139B002B10D04FF0FF330693DC
:1042100006AB139A159918460DF005F9059BDB6B53
:104220009B6906A90122149898471F901B9A0E9B20
:1042300013441B9323E00E9B1A931D9B049A119920
:10424000059800F09DF903460B931D9B04331D93C5
:10425000059BDB6B9B690BA90122029898471F9075
:104260001A9B042B0BD91F9B002B08D11A9B043BD4
:104270001A9304210298FFF776FC0290DDE71F9B5A
:10428000002B02D0249B029A1A601F9B002B1CD18A
:10429000049B1968039B1A7D09A89DF8733001934C
:1042A0009DF8663000930E9B01F09FF9059BDB6B38
:1042B0009B69109A920809A90D9898471F901F9B17
:1042C000002B02D0249B0D9A1A600E9B109A0D9918
:1042D0000598FFF7F9FD0246039B9A600E98FFF7D9
:1042E00039FC0246109B1344059A126BD21A059BA7
:1042F0001A631F9B002B1AD11E9A0E9BD31A1E9372
:10430000179A0E9B1344179305E0059B1A6B129B9B
:10431000D21A059B1A6302990598FFF70CFD0290CB
:104320001E9B002B7FF49FAE02E000BF00E000BFA9
:104330001F9B184621B05DF804FB00B599B00390AF
:104340000291019200931A9B5B681793029B13934F
:10435000009B12931A9B1B69129A9A4240F2D780D3
:104360006323D9E0039BDB6B5B6909A901221798E2
:10437000984709AB184601F043FA0E901A9B1B6848
:104380000E9A9A4201D06F23C6E009AB184601F09D
:104390004CFA0D900D9B042B05D109AB184601F08A
:1043A00053FA15900BE0039BDB6B5B6907A90222B4
:1043B0001798984707AB184601F046FA15900D99E3
:1043C0001798FFF7D0FB16909DF86C30002B53D157
:1043D000019A159B9A4206D900231493019A159BC2
:1043E000D31A019315E0169A019B13441693159A5C
:1043F000019BD31A0C93009B0B930B9A0C9B93423B
:1044000028BF1346149300230193009A149BD31AD8
:104410000093149B1193119B9B080A930A9B002BFA
:1044200015D0039BDB6B5B690A9A13991698984722
:104430000A9B9B00119AD31A11930A9B9B00169A10
:10444000134416930A9B9B00139A13441393119BD6
:10445000002B53D0039BDB6B5B6906A901221698E6
:10446000984706AB119A194613980CF0DCFF139A83
:10447000119B1344139341E0159B1493149B1093C9
:10448000109B9B080F931DE0039BDB6B5B6905A9E9
:1044900001221698984705AB0422194613980CF090
:1044A0008DFF0346002B01D0362335E00F9B013BE7
:1044B0000F93109B043B1093169B04331693139B8E
:1044C000043313930F9B002BDED1109B002B15D0D0
:1044D000039BDB6B5B6905A901221698984705AB26
:1044E000109A194613980CF069FF0346002B01D06F
:1044F000362311E0139A109B13441393129A149BC2
:10450000D31A129317990398FFF715FC1790129B73
:10451000002B7FF427AF0023184619B05DF804FB89
:1045200000B589B005900491029313468DF80F30C1
:10453000049B00221A76049B59689DF80F20029B69
:1045400000931346049A0598DCF78CFF03468DF818
:104550001F309DF81F30002B0CD0049BDB7D002BFF
:1045600003D0049B9B7E002B01D0012200E000229F
:10457000049B9A75049B9B7D184609B05DF804FB6B
:1045800000B589B00390029101920093019B5B6892
:104590000793019BDB7D83F00103DBB2002B09D085
:1045A000019B5868029A009B13441946FFF7DBFAF7
:1045B000079035E0009B069300238DF8173029E023
:1045C0009DF81730019A0333DB0013441B891A4608
:1045D000069B93420ED29DF81730019A0333DB00FD
:1045E00013445868029A069B13441946FFF7BBFA16
:1045F000079015E09DF81730019A0333DB00134450
:104600001B891A46069B9B1A06939DF817300133A7
:104610008DF81730019B1B7E9DF817209A42CFD34F
:10462000039BDB6B5B6904A9012207989847049BF5
:10463000184609B05DF804FB00B58BB00190019BF2
:1046400000221A620023099322E009990198FFF7DA
:1046500093FA0890019BDB6B5B6902A9052208981D
:10466000984702AB184601F07AFA03468DF81F30DE
:104670009DF81F30184601F0B5FA0346002B04D010
:10468000019B1B6A5A1C019B1A62099B0133099307
:10469000019BDB69099A9A42D7D3019B1B6A184692
:1046A0000BB05DF804FB00B58FB001904FF0FF3305
:1046B0000C934FF0FF330B9300230A93019B4FF6AB
:1046C000FF725A62019B00221A6200230D933CE0A4
:1046D0000D990198FFF750FA0990019BDB6B5B691C
:1046E00002A905220998984702AB184601F037FA4B
:1046F00003468DF81F3002AB184601F0EBF9089025
:104700009DF81F30184601F06DFA0346002B19D0B2
:10471000019B1B6A5A1C019B1A62089A0C9B9A42C5
:1047200002D2019B0D9A5A62089A0B9B9A4201D2BF
:10473000089B0B93089A0A9B9A4201D9089B0A93FB
:10474000089B0C930D9B01330D93019BDB690D9A24
:104750009A42BDD30A9A0B9BD31A012B1FD9019BF6
:104760004FF6FF725A6200230D9313E00D990198E2
:10477000FFF702FA0990019BDB6B5B6902A9052236
:104780000998984702AB184601F0A4F908900D9BD0
:1047900001330D93019BDB690D9A9A42E6D300BF6A
:1047A0000FB05DF804FB00B58DB0019000230A93B3
:1047B00000230B932FE00B990198FFF7DDF9099087
:1047C000019BDB6B5B6902A905220998984702AB44
:1047D000184601F0C4F903468DF823309DF82330C4
:1047E000184601F0FFF90346002B11D0099801F09B
:1047F00023FA034619460198FFF708FB0790019B2F
:104800005B6C143B079A9A4202D10A9B01330A93CC
:104810000B9B01330B93019BDB690B9A9A42CAD322
:104820000A9B18460DB05DF804FB00B585B00190F9
:10483000019B5B6A19460198FFF79EF90390039864
:1048400001F0FAF90246019B9A6200BF05B05DF8DB
:1048500004FB00B58DB00190009100990198FFF71D
:104860008BF90A90019BDB6B5B6903A905220A980F
:10487000984703AB184601F072F903468DF82730CC
:104880009DF82730184601F0ADF90346002B05D0FE
:1048900003AB184601F01EF90B9020E00099019837
:1048A000FFF7F7F9089008990198FFF765F90A9062
:1048B000019BDB6B5B6903A905220A98984703AB50
:1048C000184601F007F90B900B9BB3F1FF3F06D0A0
:1048D000089A009B9A4202D90B9B01330B930B9BC6
:1048E00018460DB05DF804FB00B587B00390029147
:1048F000019202990398FFF7ACFF0590059BB3F175
:10490000FF3F01D1019B0593059B01330593059B57
:10491000184607B05DF804FB00B587B0039002911C
:10492000019202990398FFF727F90590039BD86B32
:10493000039B4033019A059901F085F9049003988F
:10494000FFF77AFE049B184607B05DF804FB00B53C
:1049500087B003900291009313468DF80730089BAF
:1049600005939DF80730032B0DD1059B9B6A1A46D2
:1049700000990598FFF71EF90346002B03D0029912
:104980000398DDF78FFF0123184607B05DF804FB9D
:1049900000B587B003900291009313468DF807305D
:1049A000039B03F10800029B1B680DF113021946DB
:1049B000DDF7A8FF05909DF80730032B0DD1029B72
:1049C0005B68059A9A4208D1039B03F10802029B97
:1049D0001B6819461046DDF765FF0123184607B02E
:1049E0005DF804FB00B58FB001900091019B5B6AFC
:1049F0004FF6FF7293420CBF012300238DF82B303A
:104A00009DF82B30002B01D0002301E0019B5B6A55
:104A10000C9300230B9338E00C990198FFF7ACF846
:104A20000990019BDB6B5B6903A9052209989847F4
:104A300003AB184601F093F803468DF823309DF838
:104A40002330022B12D09DF82B30002B03D0009B7B
:104A500001330D9305E0009A0C990198FFF744FF8C
:104A60000D900D9A0C990198FFF756FF0C9B01339E
:104A70000C93019BDA690C9BB3FBF2F101FB02F290
:104A80009B1A0C930B9B01330B93019BDB690B9AD5
:104A90009A42C1D300BF00BF0FB05DF804FB00B560
:104AA0008DB0019000230B9332E00B990198FFF732
:104AB00063F80990019BDB6B5B6903A905220998E8
:104AC000984703AB184601F04AF803468DF82330A7
:104AD0009DF82330012B07D09DF82330184601F0B4
:104AE00096F80346002B10D00B990198FFF7B1FE02
:104AF0000A909DF82330012B02D10A9B01330A93BF
:104B00000A9A0B990198FFF707FF0B9B01330B9350
:104B1000019BDB690B9A9A42C7D300BF00BF0DB05F
:104B20005DF804FB00B58DB00390029113468DF83B
:104B30000730039B9A6B039B1B6B9A4203D9039B21
:104B40001A6B039B9A63039B5B6A19460398FFF7F2
:104B500013F80A90039BDB6B5B6904A905220A9892
:104B6000984704AB184600F0FAFF03461A46029B2A
:104B70001A70029B1B78012B07D09DF8073019464D
:104B80000398DDF759F90B9007E00398DDF7CEF9AC
:104B90000B900398FFF7EBF80990039BDB6B5B69C5
:104BA00004A905220A98984704AB184600F0D7FFDD
:104BB00003461A46029B1A70039B9A6B039B1B6B5E
:104BC0009A4203D9039B1A6B039B9A630B9B18466B
:104BD0000DB05DF804FB00B587B00190002305938C
:104BE00000238DF80F30002304930DE00DF10F0327
:104BF000002219460198FFF795FF0490049B002BB3
:104C000012D1059B013305930198FEF792FF0346ED
:104C100083F00103DBB2002B07D0019B1B6A5B0012
:104C2000059A9A42E2D300E000BF9DF80F30012BB5
:104C300007D10DF10F03002219460198FFF772FF0B
:104C40000490049B184607B05DF804FB00B58BB0D8
:104C50000390029101920093002309930823069385
:104C6000039B93F84230012B01D1022300E004237F
:104C70000593009B00221A70029BDB7D83F00103E9
:104C8000DBB2002B1BD0019B059A02FB03F304331C
:104C90000893089B03F00303002B06D0089B23F026
:104CA00003030893009B01221A70029B5868069A1E
:104CB000089B13441946FEF756FF099045E0019BF7
:104CC000059A02FB03F304330893089B03F00303E4
:104CD000002B06D0089B23F003030893009B0122BE
:104CE0001A7000238DF81F3029E09DF81F30029ABA
:104CF0000333DB0013441B891A46089B93420ED2F0
:104D00009DF81F30029A0333DB0013445868069A5B
:104D1000089B13441946FEF726FF099015E09DF8FD
:104D20001F30029A0333DB0013441B891A46089B89
:104D30009B1A08939DF81F3001338DF81F30029B9A
:104D40001B7E9DF81F209A42CFD3099B18460BB0BB
:104D50005DF804FB00B589B00390029101920093C5
:104D60000DF11B03019A02990398FFF76FFF07905B
:104D7000039B93F84230012B12D1039BDB6B5B69E1
:104D800005A90122079898479DF81B30002B02D0F7
:104D9000059B1B0C0593059B9AB2009B1A6006E0CD
:104DA000039BDB6B5B69012200990798984700BF62
:104DB00009B05DF804FB00B587B003900291019241
:104DC00000238DF81730039B93F84230012B15D147
:104DD0000398FFF75FF80346023B019A9A4222D2FA
:104DE00004AB019A02990398FFF7B4FF049BDBB26E
:104DF000002B18D101238DF8173014E00398FFF72A
:104E000049F80346013B019A9A420CD204AB019A3D
:104E100002990398FFF79EFF049B9BB2002B02D1DF
:104E200001238DF817309DF81730184607B05DF84C
:104E300004FB00B589B00390029101920093002316
:104E40008DF81F30039B93F84230012B40D103981B
:104E5000FFF720F80346023B019A9A4267D206AB5D
:104E6000019A02990398FFF775FF019B5A1C05AB45
:104E700002990398FFF76EFF019B9A1C04AB0299FD
:104E80000398FFF767FF08238DF81E3005A90DF181
:104E90001E031022184600F0FCFE04A90DF11E03AB
:104EA0001022184600F0F5FE069BDBB2002B3ED127
:104EB000069B1B0A9DF81E20934238D1049B1A04BE
:104EC000059B1A44009B1A6001238DF81F302EE0C9
:104ED0000398FEF7DFFF0346013B019A9A4226D270
:104EE00006AB019A02990398FFF734FF019B5A1C05
:104EF00005AB02990398FFF72DFF10238DF81E30A4
:104F000005A90DF11E032022184600F0C2FE069BE3
:104F10009BB2002B0BD1069B1B0C9DF81E209342CD
:104F200005D1059A009B1A6001238DF81F309DF86A
:104F30001F30184609B05DF804FB00B587B0039038
:104F400002910192009300238DF81630009B0022FD
:104F50001A6004AB019A02990398FFF7FBFE039BCA
:104F600093F84230012B23D1049B4FF6FF729342FA
:104F700003D100238DF817303CE004A90DF116038E
:104F80000822184600F085FE049B1B0ADAB29DF841
:104F900016309A420CBF012300238DF817309DF87C
:104FA0001730002B26D0049BDAB2009B1A6021E058
:104FB000049BB3F1FF3F03D100238DF8173019E0B4
:104FC00004A90DF116031022184600F062FE049B9E
:104FD0001B0CDAB29DF816309A420CBF0123002355
:104FE0008DF817309DF81730002B03D0049B9AB230
:104FF000009B1A609DF81730184607B05DF804FB57
:1050000000B589B001900091002303930823069313
:10501000009B5B6806991846FEF7A5FD0590019B6D
:10502000DB6B5B6903A9012205989847002307936E
:1050300030E0079A00990198FFF7BDFE03468DF80E
:1050400013309DF81330002B10D003AB079A009952
:105050000198FFF7EEFE03468DF811300198FEF738
:1050600026FF0246079B1344079310E002AB079A02
:1050700000990198FFF761FF03468DF812309DF803
:105080001230002B03D0039A029B13440393079B17
:10509000013307930198FEF7FDFE0246079B9342FA
:1050A000C7D3039B184609B05DF804FB00B585B073
:1050B00003900291009313468DF80730039B03F190
:1050C0000800029B1968029B5A689DF80730DDF7BB
:1050D00051FC0123184605B05DF804FB00B591B002
:1050E00001900091019B4FF6FF725A62019B4FF0B5
:1050F000FF329A62019B4FF0FF32DA62019B00227D
:105100001A62019B00221A63019B08331846DDF7DF
:10511000AFFB0198FFF790FA0F900F9B002B06D082
:105120000198FFF7BCFC0198FFF786FA0F900F9BE0
:10513000002B07D100990198FFF754FC0198FFF765
:105140007BFA0F900F9B002B74D00198FFF7ABFAFE
:10515000019B5B6A4FF6FF72934268D0019B5B6ACA
:1051600019460198FEF708FD0B90019BDB6B5B690C
:1051700003A905220B98984703AB184600F0AAFC38
:105180000A900198FFF751FB0198DCF79BFC019B0B
:10519000DB6A19460198FEF7FDFC034619460198A3
:1051A000FEF7EAFC0B900198FEF701FC09900198CC
:1051B000FFF7F9FA0890089A099B9A4234D2019BAA
:1051C0005B6A19460198FEF764FD0D9000230C936D
:1051D00024E00C9A089B9A4218D30D990198FEF787
:1051E000CBFC0B90019BDB6B5B6903A905220B9841
:1051F000984703AB184600F06DFC0A90019BD86BF2
:10520000019B40330A9A0B9900F01DFD0D990198FE
:10521000FEF73FFD0D900C9B01330C930C9A099BFC
:105220009A42D6D364230EE000230E9304E0672352
:105230000E9301E05E230E930E9B002B02D101988A
:10524000DCF7C6FE0E9B184611B05DF804FB00B5F6
:1052500083B001900B468DF80330DDF711FC019B04
:10526000DB6BDB689DF803201046984700BF03B056
:105270005DF804FB00B583B00190019BDB6BDB683C
:1052800000209847DDF706FC00BF03B05DF804FB83
:1052900086B003900291009313468DF80730069B69
:1052A00005939DF80730032B0CBF01230023DBB2CD
:1052B0001A46059B1B7E9A4221D1059B1B68029AC8
:1052C0009A421CD3059B5B68029A9A4217D8059BA9
:1052D0005B695A1C059B5A61059B1A69059BDB6833
:1052E0009A420CD2059B9A68059B1B699B0013444C
:1052F000029A1A60059B1B695A1C059B1A610123BF
:10530000184606B0704700B587B005900491039227
:10531000029300230193089B0093029B039A049934
:105320000598DDF767F90346184607B05DF804FBFA
:1053300000B587B005900491039202930123019375
:10534000089B0093029B039A04990598DDF752F994
:105350000346184607B05DF804FB84B003468DF899
:1053600007309DF90730B3F1FF3F04D0002B05D182
:105370000023039305E06E23039302E0712303935C
:1053800000BF039B184604B0704786B0019000919F
:10539000019B0493009B9B080393002305930CE05F
:1053A000049B1B68B3F1FF3F01D000230AE0049B7C
:1053B00004330493059B01330593059A039B9A429A
:1053C000EED30123184606B0704700B583B00190B4
:1053D0000091DFF7D5FF0023184603B05DF804FB0A
:1053E00008B5DFF7E5FF00BF08BD00B585B0019047
:1053F00003AB184600F022FDBDF80E20019B1A8079
:10540000019B0122DA70019B00229A70E0F7A8F953
:105410000246019B5A600023184605B05DF804FB64
:1054200082B003468DF8073000BF02B0704700B568
:1054300087B0039002910192039B0593029B049312
:10544000059B03F00303002B14D1049B03F003031B
:10545000002B0FD10AE0059A131D0593049B191D1B
:10546000049112681A60019B013B0193019B002B80
:10547000F1D106E0019B9B001A46039902980BF0BC
:10548000D2FF0023184607B05DF804FB00B58BB0CF
:10549000039002910192029B0893039B0793019B47
:1054A0009B000693069A0899079810F079F803462E
:1054B0008DF817309DF917301846FFF74EFF099009
:1054C000099B002B09D1069A089907980BF076FFE3
:1054D0000346002B01D03D230993099B18460BB0CE
:1054E0005DF804FB00B585B00190019810F054F808
:1054F00003468DF80B309DF90B301846FFF72DFF52
:105500000390039B002B0ED1E0F72AF903461946BE
:105510000198FFF73AFF034683F00103DBB2002B4B
:1055200001D03E230393039B184605B05DF804FBAE
:1055300000B583B0019000910198019A009B13443B
:10554000013B009A1946E5F79FF800BF03B05DF8EC
:1055500004FB82B00190019B1B68DB0E184602B071
:10556000704782B00190019B5B689B0E184602B0A9
:10557000704784B00190019B0393039BDBB21846F4
:1055800004B0704784B00190019B0393039BDBB28E
:10559000184604B0704700B583B00190019B1B68AA
:1055A00003F07F031846FFF7E4FF0346184603B0F5
:1055B0005DF804FB00B585B001900198FFF7EBFFA3
:1055C00003468DF80F309DF80F30012B03D09DF866
:1055D0000F30002B01D1012300E0002303F0010371
:1055E000DBB2184605B05DF804FB00B587B0039048
:1055F0000291009313468DF8073000238DF8173081
:10560000029BDB0123F0784323F07F03039A1360AE
:10561000009B23F07C42039B5A609DF80730012BCE
:1056200002DC002B04DA23E0023B012B20D817E038
:10563000039B1A689DF807301A43039B1A60039B6B
:105640001B6843F06042039B1A60039B1A689DF835
:105650002430DB0603F0C0531A43039B1A6011E0A9
:10566000039B1A689DF807301A43039B1A6009E0F0
:10567000039B1A68009B073303F07F031A43039BC5
:105680001A6000BF9DF82030002B17D003990DF150
:1056900017032022184600F0FCFA039B191D0DF198
:1056A00017031A22184600F0F4FA039B5A689DF873
:1056B00017309B061A43039B5A600EE003990DF1C5
:1056C00017031B22184600F0E4FA039B1A689DF8A2
:1056D0001730DB061A43039B1A609DF820301846EA
:1056E00000F005F80346184607B05DF804FB82B0E9
:1056F00003468DF807309DF80730002B01D00823B2
:1057000000E00423184602B0704700B585B0019050
:1057100000238DF80D3000238DF80F3001990DF125
:105720000D031B22184600F0B4FA0198FFF711FF91
:1057300003468DF80E309DF80D309DF80E209A42EC
:1057400002D101238DF80F309DF80F30184605B0B7
:105750005DF804FB00B585B0019000238DF80D3095
:1057600000238DF80F3001990DF10D03202218460A
:1057700000F08FFA019B191D0DF10D031A22184636
:1057800000F087FA0198FFF7ECFE03468DF80E3023
:105790009DF80D309DF80E209A4202D101238DF81C
:1057A0000F309DF80F30184605B05DF804FB82B04D
:1057B0000190019B1B68B3F1FF3F0CBF0123002345
:1057C000DBB2184602B0704700B585B00190019B6E
:1057D0001B68DB0E03F003031846FFF7D3FE0346F6
:1057E0008DF80F300198FFF7E5FE0346002B02D03D
:1057F0009DF80F3000E00023184605B05DF804FB6B
:1058000082B00190019B1B68DB09C3F313031846A8
:1058100002B0704700B583B001900198FFF7CAFE4F
:105820000346184603B05DF804FB00B583B0019051
:105830000198FFF7BFFE03461846FFF758FF0346DF
:10584000184603B05DF804FB00B585B001900198DF
:10585000FFF7B0FE0346002B05D0019B5B6823F0E9
:105860007C4303930CE0019B1B6803F07F030393CD
:10587000039B072B02D9039B073B00E00023039304
:10588000039B184605B05DF804FB00B583B001909A
:105890000198FFF780FE0346184603B05DF804FB4D
:1058A00084B003460A468DF8073013468DF806305B
:1058B0009DF80730032B03D103238DF80F3016E03A
:1058C0009DF80730022B09D19DF80630002B01D03E
:1058D000012300E002238DF80F3008E09DF8063028
:1058E000002B01D0002300E007238DF80F309DF836
:1058F0000F30184604B0704782B00190019B1B68BE
:10590000B3F1FF3F0CBF01230023DBB2184602B006
:10591000704784B00190019B1B681B0CADF80E30E2
:10592000019B1B68ADF80C30BDF80E304BF29A228B
:10593000934205D1BDF80C30012B01D1012300E0C9
:10594000002303F00103DBB2184604B0704784B0B3
:105950000190019BDB681B0C0393039B4FF6FF72C6
:10596000934214BF01230023DBB2184604B07047F2
:1059700084B00190019BDB68ADF80E30BDF80E30AD
:105980004FF6FF72934214BF01230023DBB2184687
:1059900004B0704782B00190019BDB0E184602B044
:1059A000704784B001900B468DF803309DF80330AA
:1059B000012B02D1019BDB4300E0019B0393039B7E
:1059C00023F07843184604B0704700B585B00190C5
:1059D0000B468DF803309DF80330012B02D1019B5B
:1059E000DB430193019B23F07843019300238DF85F
:1059F0000F3001A90DF10F031B22184600F049F9E1
:105A00009DF80F30DA06019B1343184605B05DF888
:105A100004FB84B001900023ADF80E30019B5B0ABB
:105A20000193019B5B080193019B002B05D0BDF8FE
:105A30000E300133ADF80E30F3E700BFBDF80E3085
:105A4000184604B0704700B587B001900091009BE4
:105A50000C330593019B5B6904A9012205989847C3
:105A6000049B9BB20393039B0393019B9B6903A934
:105A700001220598984700BF07B05DF804FB00B508
:105A800087B00190009100230593009B0C33049391
:105A9000019B5B6903A9012204989847039B9BB271
:105AA0004FF6FF72934210D1039B1B0C1B04029311
:105AB000029B43F4254343F0A5030293019B9B699A
:105AC00002A90122049898470590059B184607B043
:105AD0005DF804FB10B584B0019000238DF80F3001
:105AE000019B191D0DF10F031B22184600F0D1F880
:105AF0009DF80F301C46019B5B681846FFF74AFF74
:105B000003469C4207D1019B5B6800211846FFF7C2
:105B100048FF034620E000238DF80F30019B03F17E
:105B200008010DF10F031B22184600F0B2F89DF892
:105B30000F301C46019B9B681846FFF72BFF03465E
:105B40009C4207D1019B9B6801211846FFF729FF62
:105B5000034601E04FF0FF33184604B010BD00B516
:105B600087B001904FF0FF3304930198FFF7D1FE07
:105B700003468DF80F309DF80F30002B03D00198AD
:105B8000FFF7A8FF0490049BB3F1FF3F17D00198E3
:105B9000FFF7DDFE0346002B03D002238DF81730FC
:105BA0001AE00198FFF7E4FE0346002B03D001231F
:105BB0008DF8173010E000238DF817300CE00198B5
:105BC000FFF79AFE0346002B03D003238DF817300E
:105BD00002E004238DF817309DF81730184607B0FF
:105BE0005DF804FB82B003468DF807309DF807305E
:105BF000002B03D09DF80730012B01D1012300E0D9
:105C0000002303F00103DBB2184602B0704782B0F4
:105C100003468DF807309DF80730032B03D09DF81D
:105C20000730042B01D1012300E0002303F001031E
:105C3000DBB2184602B0704782B00190019B14336A
:105C4000184602B0704700B587B0039002910192E8
:105C50000093039B1B69029898470590059B002BB6
:105C60000ED1009B019A02990398DCF783FF0590FF
:105C7000059B002B08D002990398FFF7E4FE03E090
:105C800002990398FFF7DFFE059B184607B05DF801
:105C900004FB88B00390029113468DF80730029BF5
:105CA0001B6807939DF807301F2B0AD89DF8073013
:105CB000012202FA03F3013B0693079A069B134065
:105CC0000793079B5B0803F05533079AD31A079392
:105CD000079B03F03332079B9B0803F033331344D5
:105CE0000793079B1A09079B134403F00F321346CF
:105CF0001B0213441A0413441B0E8DF81730039B28
:105D00001A789DF807109DF81730CB1ADBB21344B0
:105D1000DAB2039B1A7000BF08B0704786B00390D8
:105D200002910192019B002B04D0039B03F5805349
:105D3000059303E0039B03F500530593059B0121A5
:105D4000029A01FA02F21A6000BF06B0704782B0F0
:105D500001900091019B1A68009B22FA03F303F063
:105D60000103184602B0704700B587B00390029156
:105D700001920FF0BBF80590039B1A68029BDB436E
:105D80001A400199029B0B401A43039B1A60059825
:105D90000FF09FF800BF07B05DF804FB00B583B0BB
:105DA00001900091009B002B04DD01210198DEF79A
:105DB00093FD03E000210198DEF78EFD00BF03B0E4
:105DC0005DF804FB08B502214FF42070DDF700F800
:105DD00000BF08BD08B50DF0D3FA034600211846F0
:105DE000DEF77AFD00BF08BD82B001900091019BF3
:105DF0001A68009B22FA03F303F00103184602B06D
:105E0000704782B003468DF807309DF80730013B9C
:105E10004FF4806202FA03F3184602B0704700BFE5
:105E2000704700BF704700BF704700BF704782B027
:105E300003468DF8073000BF02B0704700B585B04B
:105E40000190DFF75BFC0390039B5B099BB203F0BF
:105E50007F039AB2039B9BB203F00F039BB21343E1
:105E60009AB2019B5A80039B1B0CDBB203F00F0319
:105E7000DAB2019B5A70039B1B0BDBB203F00F03DA
:105E8000DAB2019B1A7000BF05B05DF804FB86B062
:105E9000034600918DF807309DF8072040F6FC730B
:105EA000134003934FF0FF33059300238DF8133015
:105EB00019E09DF807209DF81330134403F0030305
:105EC000039A13440293009A029B22FA03F303F00D
:105ED0000103002B02D1029B059308E09DF81330CB
:105EE00001338DF813309DF81330032BE1D9059B56
:105EF000184606B0704784B00190019B1B78002BB8
:105F000006D1019B5B78052B02D1002303934FE060
:105F1000019B1B78012B06D1019B5B78012B02D1E1
:105F20000323039344E0019B1B78012B06D1019BC3
:105F30005B78032B02D10423039339E0019B1B7888
:105F4000022B06D1019B5B78002B02D10623039321
:105F50002EE0019B1B78022B06D1019B5B78052B61
:105F600002D10723039323E0019B1B78022B06D168
:105F7000019B5B78072B02D10823039318E0019B58
:105F80001B78032B06D1019B5B78022B02D10923DE
:105F900003930DE0019B1B78032B06D1019B5B78DB
:105FA000052B02D10A23039302E04FF0FF33039342
:105FB000039B184604B0704700B587B00390029168
:105FC00001920EF093FF0590039B1A68029BDB433E
:105FD0001A400199029B0B401A43039B1A600598D3
:105FE0000EF077FF00BF07B05DF804FB00B589B085
:105FF0000390029113468DF80730039B1B78002B0A
:106000000AD0039B1B78012B06D0039B1B78022B25
:1060100002D0039B1B78032BDFF7B4FB0398FFF739
:106020006AFF0790029BB3F1FF3F01D1079B0293E8
:10603000079BB3F1FF3F03D0029A079B9A4202D01D
:106040004FF0FF3327E0029BB3F1FF3F22D09DF8D2
:106050000730002B14BF01230023DBB283F00103C0
:10606000DBB203F00103DBB21A4603210398DFF72A
:106070004FFC9DF80720029B103302FA03F30693AE
:10608000029B1033012202FA03F305930699059847
:10609000DFF7FEFD029B184609B05DF804FB08B56A
:1060A000F1F79CFA00BF08BD08B54FF0FF300AF0C9
:1060B000A9FD0346184608BD00BF4FF098435B6C2E
:1060C00003F48013002BF8D04FF098435B6D03F47A
:1060D00070231846704786B0039002910192019B8D
:1060E000002B04D0039B03F58053059303E0039B2F
:1060F00003F500530593059B0121029A01FA02F270
:106100001A6000BF06B0704782B000230193019B64
:10611000184602B0704782B00190019BB3F57F0F23
:106120005BD0019BB3F57F0F5DD8019BB3F5302F9A
:1061300057D0019BB3F5302F55D8019BB3F5202FD5
:106140004DD0019BB3F5202F4DD8019BB3F5E02F27
:1061500041D0019BB3F5E02F45D8019BB3F5C02F8B
:1061600037D0019BB3F5C02F3DD8019BB3F5A02FCD
:106170002DD0019BB3F5A02F35D8019BB3F5802F0F
:1061800023D0019BB3F5802F2DD8019BB3F5403F61
:1061900019D0019BB3F5403F25D8019BB3F5003FD3
:1061A0000FD0019BB3F5003F1DD8019B002B04D0FD
:1061B000019BB3F5803F02D015E0002314E0482393
:1061C00012E02A2310E02C230EE04B230CE00123E5
:1061D0000AE0012308E0212306E0062304E010235F
:1061E00002E0112300E00123184602B0704730B5E9
:1061F0008DB0019003AB2422002118460BF008F962
:10620000019B002B01D1212309E0019B1D4603AC1A
:106210000FCC0FC50FCC0FC523682B600023184689
:106220000DB030BD00B583B00190019B002B01D1B2
:10623000212303E00198FFF7DAFF0346184603B075
:106240005DF804FB00B587B001900091019B002B25
:1062500002D0009B002B01D121237CE0002302937C
:1062600002AB1946019800F07AF80590059B002BC7
:1062700001D0059B6FE0019B1B6803F07043049302
:10628000049B002B04D1029A009B1A60002362E059
:10629000019B9B6803F48043002B14BF0123002360
:1062A0008DF80F30019B9B6803F40053002B14BF43
:1062B000012300238DF80E30019B9B6803F480536B
:1062C000002B14BF012300238DF80D30049BB3F184
:1062D000004F13D19DF80F209DF80E305B00D118B0
:1062E0009DF80D2013465B0013445B000B441A46D7
:1062F000029B03FB02F2009B1A602BE0049BB3F1AC
:10630000204F11D19DF80F209DF80E30D1189DF827
:106310000D2013469B0013440B441A46029B03FBBB
:1063200002F2009B1A6015E0049BB3F1304F03D0DA
:10633000049BB3F1404F0BD19DF80F209DF80E3018
:1063400013441A46029B03FB02F2009B1A6001E011
:10635000212300E00023184607B05DF804FB86B057
:1063600001900091019B002B02D0009B002B01D1DA
:10637000212358E0019B1B6803F070430593059BA4
:10638000002B06D1019B1B68C3F30E02009B1A6011
:106390003AE0059BB3F1004F0BD0059BB3F1204FC2
:1063A00007D0059BB3F1304F03D0059BB3F1404FAD
:1063B00028D1019B9B6803F48053002B14BF012359
:1063C00000238DF813309DF81330002B13D0019B60
:1063D000DB69002B01D1212325E0019B1B68002BE9
:1063E00007DA019BDB690393039B1A68009B1A6021
:1063F0000AE00F2317E0019B1B6803F07F02009B5C
:106400001A6001E021230EE0009B1B68002B09D1DC
:10641000019B5B68002B01D1212304E0019B5A689A
:10642000009B1A600023184606B0704700B58DB077
:106430000390029111461A460B468DF80730134619
:106440008DF80630039B002B02D0029B002B01D15C
:1064500021238AE0039B1A68029B1B689A4238D06A
:10646000039B1B6803F07043B3F1004F06D0039BFE
:106470001B6803F07043B3F1404F27D1039B1A68A8
:10648000029B1B685340B3F1805F21D20023059328
:1064900005AB19460398FFF762FF0346002B13D1A3
:1064A000039B1A68059BC3F30E0313430B93029BD4
:1064B0001A68059BC3F30E0313430A930B9A0A9BB6
:1064C0009A4205D0212350E021234EE021234CE0C5
:1064D00000BF039B1B6803F07043002B24DA9DF878
:1064E0000630002B02D04FF4805301E04FF4E0431C
:1064F00009939DF80730002B0AD0039B9A68029BF2
:106500009B685A40099B1340002B01D021232CE0AB
:106510009DF80630002B07D0029B9B6803F40053C4
:10652000002B01D1212320E00023079307AB19465C
:106530000398FFF714FF0890089B002B01D0089BDD
:1065400013E00023069306AB19460298FFF707FFF6
:106550000890089B002B01D0089B06E0079A069B39
:106560009A4201D0212300E0002318460DB05DF8C7
:1065700004FB00B587B001900091019B002B02D075
:10658000009B002B01D1212347E0009B01225A6090
:10659000019BDB68002B03D0019BDB68012B2DD115
:1065A0000023039303AB19460198FFF74BFE0490B9
:1065B000049B002B01D0049B2FE000230593019B3B
:1065C000DB68002B02D1039B059306E0019BDB688F
:1065D000012B02D1039B1C330593019B5B69059A38
:1065E0009A4201D91D2318E0019B1A69009B1A6089
:1065F000059B43F00052009B9A600DE0019BDB6815
:10660000032B03D0019BDB68022B03D1009B0022EC
:106610009A6001E0212300E00023184607B05DF8EE
:1066200004FB00B5A1B001900091019B002B02D0AA
:10663000009B002B01D12123A1E0019B4FF00072B0
:106640001A60019B00225A60019B00229A60019B04
:106650000022DA6103AB19460098E0F76BFB1F904C
:106660001F9B002B01D01F9B89E0019B039A1146C1
:1066700018460EF0B5FC019B1E93009B9B6803F42B
:106680008053002B54D0009B1B68002B4EDA009BDC
:10669000DB691D931D9B1B681C9301231A931D9B93
:1066A0005B6819931C9B1B9319AB19461E9800F04D
:1066B0007BF9012317931D9B9B6816931C9B1893D2
:1066C00016AB19461E9800F06FF9012314931D9B19
:1066D000DB6813931C9B159313AB19461E9800F0AF
:1066E00063F9012311931D9B1B6910931C9B12934B
:1066F00010AB19461E9800F057F901230E931D9B0D
:106700005B690D931C9B0F930DAB19461E9800F00F
:106710004BF901230B931D9B9B690A931C9B0C93C4
:106720000AAB19461E9800F03FF901E00F2326E05E
:1067300007AB19460098E0F7B3FC1F901F9B002B96
:1067400001D01F9B1BE0019B07AA1146184600F0D1
:106750002BF904AB19460098FFF70BFF1F901F9B06
:10676000002B01D01F9B0AE0019B04AA114618468A
:1067700000F036F901980EF007FC1F901F9B184699
:1067800021B05DF804FB00B591B003900291019235
:10679000039B002B05D0029B002B02D0019B002BFA
:1067A00001D121236FE00023012201990298FFF714
:1067B0003DFE0F900F9B002B01D00F9B63E0029BCF
:1067C000DB68002B07D1019BDB68022B05D0019B06
:1067D000DB68012B01D0212355E0039B4FF0807231
:1067E0001A60039B00225A60039B00229A60039B5D
:1067F0000022DA6105AB19460198E0F79BFA0F9089
:106800000F9B002B01D00F9B3DE0039B059A114687
:1068100018460EF0E5FB0CAB19460298FFF7A9FEEF
:106820000F900F9B002B01D00F9B2CE0039B0CAA19
:106830001146184600F0B8F809AB19460198E0F780
:106840002FFC0F900F9B002B01D00F9B1BE0039B95
:1068500009AA1146184600F0A7F806AB1946019898
:10686000FFF787FE0F900F9B002B01D00F9B0AE0D4
:10687000039B06AA1146184600F0B2F803980EF0E2
:1068800083FB0F900F9B184611B05DF804FB00B519
:1068900091B0039002910192039B002B05D0029BC3
:1068A000002B02D0019B002B01D121236FE000239C
:1068B000012201990298FFF7B9FD0F900F9B002B61
:1068C00001D00F9B63E0019BDB68002B07D1029B8B
:1068D000DB68022B05D0029BDB68012B01D0212352
:1068E00055E0039B4FF081721A60039B00225A60AF
:1068F000039B00229A60039B0022DA6105AB1946D4
:106900000298E0F717FA0F900F9B002B01D00F9B16
:106910003DE0039B059A114618460EF061FB0CAB57
:1069200019460298E0F7BCFB0F900F9B002B01D09B
:106930000F9B2CE0039B0CAA1146184600F034F87C
:1069400009AB19460298FFF714FE0F900F9B002B1E
:1069500001D00F9B1BE0039B09AA1146184600F0CB
:1069600023F806AB19460198FFF703FE0F900F9B23
:10697000002B01D00F9B0AE0039B06AA1146184684
:1069800000F02EF803980EF0FFFA0F900F9B1846B8
:1069900011B05DF804FB82B001904FF09842019B6A
:1069A000136000BF02B0704784B001900091019B5A
:1069B0005B68002B03D1019B009A5A600DE0019B9C
:1069C0005B68039302E0039B5B680393039B5B6834
:1069D000012BF8D1039B009A5A6000BF04B07047A6
:1069E00084B001900091019B9B68002B03D1019B17
:1069F000009A9A600DE0019B9B68039302E0039B61
:106A00005B680393039B5B68012BF8D1039B009A9F
:106A10005A6000BF04B0704700B583B0FFF774FB45
:106A2000019000BF03B05DF804FB00B593B00A917C
:106A30000992089303468DF82F3049238DF83030A2
:106A4000002311930CE0149A119B1A44119B0133FB
:106A5000127848336B4403F8182C119B01331193BF
:106A6000119B0C2BEFD9099BDBB21B12DBB28DF80B
:106A70003E30099BDBB28DF83F3000238DF840306B
:106A800001238DF841309DF854308DF842309DF847
:106A90002F0004230693169B0593132304930CAB3A
:106AA0000393089B0293099B01930A9B00930A9B03
:106AB00000220021E0F75CFC0346184613B05DF8A5
:106AC00004FB00B597B002910192009303468DF844
:106AD0000F30019BB3F5807F0AD0019BB3F5807F17
:106AE00010D8019B802B09D0019BC02B04D009E05A
:106AF0004FF48273159307E00F2337E04FF4807350
:106B0000159301E0292331E09DF80F3083F0010354
:106B1000DBB21A46159B13431593189B119301235F
:106B200012931023139321231493009B0D9301239D
:106B30000E9310230F932123109315AB09930DABE4
:106B40000A9304230B9311230C93029B059309AB27
:106B50000693019BDB08079340F61103089311AAE3
:106B600005AB11461846E0F7BBFB0346184617B0C5
:106B70005DF804FB00B589B0079006910592049377
:106B80000B9B02939DF828300193049B0093059B77
:106B9000069A07990020FFF748FF0346184609B0F8
:106BA0005DF804FB00B589B0079006910592049347
:106BB0000B9B02939DF828300193049B0093059B47
:106BC000069A07990120FFF730FF0346184609B0DF
:106BD0005DF804FB08B5E0F7B1FDE0F7DFFD00BFAD
:106BE00008BD82B000230193019B184602B0704794
:106BF00000B585B001900EF079F903904FF0A843ED
:106C00001A68019B1A604FF0A8431A69019B5A60E9
:106C100003980EF05EF90023184605B05DF804FBFA
:106C200000B585B001900EF061F903904FF0A842D5
:106C3000019B1B6813604FF0A842019B5B681361C6
:106C400003980EF046F90023184605B05DF804FBE2
:106C500000BF704700BF704782B00190019BA3F551
:106C60000623A3F550635B09184602B0704782B053
:106C70000190019B03F01F03184602B0704786B0D5
:106C8000CDE90001009B0593DDE900014FF0000212
:106C90004FF000030A000023059B53400293012399
:106CA000039316E0039BDB00029A22FA03F3029A95
:106CB00053400493049B03F00303002B02D0049B76
:106CC0009B000493059A049B13440593039B013393
:106CD0000393039B032BE5D9059B184606B0704729
:106CE00000B593B0CDE906010592059B002B02D1BA
:106CF0006FF086032CE06FF0960311930CAB00222B
:106D00001A605A609A60DA6000230B9300230A939A
:106D1000FFF79EFF0CAA09AB02930BAB01930AABE2
:106D2000009313460022DDE90601E0F701FF119010
:106D3000119B002B03D0FFF78DFF119B08E00D9AEC
:106D4000059B5A600B9A059B1A60FFF783FF00238F
:106D5000184613B05DF804FB00B583B0FFF7D4F913
:106D60000190019B002B02D06FF0920300E0002302
:106D7000184603B05DF804FB00B583B0FFF7C4F913
:106D80000190019B002B02D06FF0920300E00023E2
:106D9000184603B05DF804FB00B58FB00390029174
:106DA0000192FFF7B1F90D900D9B002B02D06FF00F
:106DB00092031EE004AB1846FFF719FA0D900D9BE5
:106DC000002B02D06FF0920313E004AB029A0399F8
:106DD0001846DFF7FFFD0D900D9B002B04D1019BA2
:106DE000029A1A60002304E0019B00221A606FF0EF
:106DF000920318460FB05DF804FB00B587B003900E
:106E00000291019200936FF096030593009B00227C
:106E10001A60009A01990298FFF7BEFF0590059B42
:106E2000184607B05DF804FB82B00190019B1B88F7
:106E3000184602B0704784B00190019B1B68039311
:106E4000039B102B05D0039B182B02D0039B202BF8
:106E500001D1002301E06FF08603184604B07047AB
:106E600082B00190019B1B88184602B0704782B027
:106E70000190019B5B88184602B0704784B0019076
:106E80000091009B002B01D100230DE0019B039397
:106E900004E0039B5A1C039200221A70009B5A1EA6
:106EA0000092002BF5D10023184604B0704784B03F
:106EB000039002910192039B0022DA60039B029AE5
:106EC0001A61019B033323F00302039B5A6100BF45
:106ED00004B0704782B00190019B5B68184602B015
:106EE000704782B00190019B9B68184602B07047C2
:106EF00082B00190019B1B88184602B0704782B097
:106F00000190019B5B88184602B0704784B00390E3
:106F100002910192039B0022DA60039B029A1A619C
:106F2000019B033323F00302039B5A6100BF04B0AB
:106F3000704782B00346ADF80630BDF8063023F046
:106F4000FF03B3F5824F1DD1BDF8063023F4435340
:106F500023F03F03B3F5824F04D1BDF80630DBB216
:106F6000412B0FD0BDF8063023F4435323F03F03E9
:106F7000B3F5824F04D1BDF80630DBB2422B01D00D
:106F8000012300E00023184602B0704788B0039048
:106F90000291019200238DF81F30002306930023F5
:106FA0000493002305932BE0019A059BD31A013B20
:106FB000039A13441A789DF81F3013438DF81F303D
:106FC000019A059BD31A013B039A13441B78194677
:106FD000019A059BD31A013B029A13441B78CB1AE2
:106FE0000493049B002B0CBF01230023DBB25A4205
:106FF000069B1340049A13430693059B01330593A4
:10700000059A019B9A42CFD39DF81F30002B02D0E6
:10701000069B002B02DB6FF0860300E0002318467E
:1070200008B0704784B001900091009B002B01D103
:1070300000230DE0019B039304E0039B5A1C039281
:1070400000221A70009B5A1E0092002BF5D10023DB
:10705000184604B0704700B587B0039002910192C2
:107060000398FFF745FF0346ADF81630BDF816301C
:1070700023F0FF03B3F5E24F0CD1BDF8163023F433
:10708000435323F03F03B3F5824F03D1BDF81630CD
:10709000DBB2412B00BF07B05DF804FB00B58FB039
:1070A000039002910192019B002B05D0039B002BC2
:1070B00002D0029B002B02D16FF086032FE005ABBC
:1070C0002022002118460AF0A3F905AB1A460299BE
:1070D0000398E1F7D5FA0D900D9B002B02D06FF0CD
:1070E00086031CE0059A019B1B689A4213D1069AFD
:1070F000019B5B689A420ED1079A019B9B689A425A
:1071000009D10B9A019B9B699A4204D10C9A019B6D
:10711000DB699A4202D06FF0860300E00023184634
:107120000FB05DF804FB00B587B0039002910192A7
:107130000398FFF7CFFE03461B0A0593019B00222D
:107140001A60059B002B03D0059B012B11D016E084
:107150000398FFF7CDFE03461846FFF7EAFE034605
:10716000002B02D0029B01330293019B029A1A600A
:1071700008E0029B03F12C02019B1A6002E06FF011
:10718000850300E00023184607B05DF804FB00B556
:1071900087B003900291019200930398FFF79AFE43
:1071A00003461B0A0593059B002B03D0059B012B6F
:1071B0000ED020E0019A009B9A4202D26FF08C031D
:1071C0001DE0089B029A1A61089B019A5A6115E01A
:1071D000009B2C33019A9A4202D26FF08C030EE08E
:1071E000029B03F11002089B1A61009B03F11C0231
:1071F000089B5A6102E06FF08B0300E00023184601
:1072000007B05DF804FB00B587B0039002910192CE
:10721000019B2B2B02D86FF089031BE0029B059387
:10722000059B01221A70059B00225A70059B0233B0
:107230000222002118460AF0EBF8039B1A68059B0E
:107240005A60039B5A68059B9A60039B9A68059B4A
:10725000DA600023184607B05DF804FB00B59DB066
:107260000590049103920293059B002B05D0049B8B
:10727000002B02D0039B002B02D16FF08603A4E009
:107280000598FFF73CFE1A901A9B0733DB08199309
:10729000199B002B02D16FF0850396E00598FFF74C
:1072A00027FE0346ADF86230BDF8623003F4E043D8
:1072B000B3F5805F06D0BDF8623003F4E043B3F568
:1072C000005F07D11A9B03F00703002B02D06FF079
:1072D00086037AE0BDF8623003F4E043B3F5804FF3
:1072E00002D16FF0850370E00FAB20220021184619
:1072F0000AF08EF80FAB1A4619990598E1F7C0F914
:107300001B901B9B002B01D01B9B5EE00FAB0093DF
:10731000199B039A04990598FFF739FF1B901B9B53
:10732000002B01D01B9B50E006AB24220021184605
:107330000AF06EF806AB1846FEF759FF1790179B38
:10734000002B02D06FF092033FE00FAA06AB11466C
:107350001846FFF766F91790179B002B0AD0179B6A
:10736000482B03D16FF085031B9322E06FF092034B
:107370001B931EE00598FFF7ADFD03461B0A002B8B
:1073800005D11A9A04990598FFF765FE09E00FAB3D
:10739000039A04991846FFF736FF1B901B9B002B9E
:1073A00006D1029A19990598FFF7BDFE1B9000E0DF
:1073B00000BF06AB1846FEF735FF1790179B002B52
:1073C00002D06FF0920300E01B9B18461DB05DF8E1
:1073D00004FB30B5A3B00390029101920093039B8C
:1073E000002B0ED0029B002B0BD0019B002B08D052
:1073F000009B002B05D0269B002B02D0279B002B47
:1074000002D16FF0860392E016AB202200211846CD
:1074100009F0FEFF16AB019A02990398E1F772FAA0
:107420002190219B002B01D0219B80E00123209300
:107430000EAC16AD0FCD0FC495E80F0084E80F0019
:1074400000231F93009A209BD118269A209BD21AC2
:107450000EAB1846FFF75AFD109B23F0807323F400
:1074600080431093109B43F40053109300230D931B
:107470000DAA0EAB11461846FEF7E4FE1E901E9BA9
:10748000002B02D06FF0920351E00D9A209B1A441A
:107490001F9B5B00D31A0D930D9B269A9A4202D232
:1074A0006FF0890343E004AB24220021184609F061
:1074B000AFFF04AB1846FEF79AFE1E901E9B002BF2
:1074C00002D06FF0920332E00EAA16A904AB184660
:1074D000DFF71CFE1E901E9B012B03D16FF08B0368
:1074E000219318E01E9B002B0AD01E9B482B03D132
:1074F0006FF0850321930EE06FF0920321930AE071
:1075000000232193209B012B02D1009B04221A709F
:107510000D9A279B1A6004AB1846FEF783FE1E9057
:107520001E9B002B02D06FF0920300E0219B1846B7
:1075300023B030BD00B585B0039002910192009355
:10754000009B019A02990398FFF788FE03461846AC
:1075500005B05DF804FB00B587B005900491039277
:107560000293099B0193089B0093029B039A049941
:107570000598FFF72EFF0346184607B05DF804FB99
:1075800030B5A7B005900491039202936FF0960373
:107590002593059B002B11D0029B002B0ED02A9B1C
:1075A000002B0BD0049B002B08D0039B002B05D095
:1075B0002B9B002B02D02C9B002B02D16FF086035B
:1075C000E1E02B9B00221A600598FFF791FC03462F
:1075D000ADF89230039BDA002C9B1A60BDF8923014
:1075E00023F4435323F03F03B3F5824F03D1BDF897
:1075F0009230DBB200E00023122B1BD1BDF8923099
:1076000023F0FF03B3F5824F0AD12C9B1B68A3F133
:1076100008022C9B1A602C9B1B685A082C9B1A6032
:107620002C9B1B68B3F5047F06D12C9B40F20922EA
:107630001A6001E000BF00E000BF00232393002395
:10764000229300232093BDF8923023F4435323F078
:107650003F03B3F5824F1ED120AB039A04990598DE
:10766000E0F792FE2590259B002B01D0259B8AE018
:10767000209B0733DB082093BDF892301846FFF7B4
:1076800058FC0346002B08D0039B013B0393049B4B
:107690000133049301E0039B209318AB20220021C7
:1076A000184609F0B5FE209B18AA19460598E0F780
:1076B000E7FF2590259B002B01D0259B63E010ACB4
:1076C00018AD0FCD0FC495E80F0084E80F0010AB84
:1076D000039A04991846FFF719FC07AB24220021EE
:1076E000184609F095FE00232193039A229B1A4421
:1076F00018AB009313462A9A02990598FFF747FDA5
:107700002590259B002B38D107AB1846FEF76FFD5F
:107710002190219B002B03D06FF09203259331E041
:1077200018AA10A907AB1846FFF72DF82190219B46
:10773000002B03D06FF09203259312E018AB2A9A26
:1077400002991846FFF75FFD2590259B002B16D167
:10775000039A229B13442B9A19460598FFF7E3FCE2
:10776000259007AB1846FEF75DFD2190219B002B6D
:1077700007D06FF09203259304E000BF02E000BF42
:1077800000E000BF259B184627B030BD30B5A5B03E
:107790000390029101920093039B002B0ED0029B59
:1077A000002B0BD0019B002B08D0009B002B05D099
:1077B000289B002B02D0299B002B02D16FF086035F
:1077C00093E00398FFF78DFB034603F00103002BC2
:1077D00002D16FF0840388E017AB20220021184605
:1077E00009F016FE17AB019A02990398E1F78AF89F
:1077F0002390239B002B01D0239B76E00FAC17AD89
:107800000FCD0FC495E80F0084E80F0000230E93FE
:107810000398FFF76DFB0346ADF88A300EAA0FAB55
:1078200011461846FEF70EFD2190BDF88A30184625
:10783000FFF77FFB2090209B012B08D1009B0422A7
:107840001A70009B01330093289B013B28930398F7
:10785000FFF755FB1F900FAB289A00991846FFF7CA
:1078600055FB219B002B02D06FF092033DE00E9B55
:10787000289A9A4202D26FF0890336E005AB24229F
:107880000021184609F0C4FD05AB1846FEF7AFFC11
:107890002190219B002B02D06FF0920325E00FAACC
:1078A00017A905AB1846FEF7F2FF2190219B002B8C
:1078B00003D06FF0920323930BE0002323931F9ACE
:1078C00000990398FFF7C7FB0E9A209B1A44299B47
:1078D0001A6005AB1846FEF7A5FC2190219B002BF2
:1078E00002D06FF0920300E0239B184625B030BD14
:1078F00000B587B003900291019200930398FFF7BF
:10790000F7FA0346ADF81630BDF8163003F4E0433D
:10791000B3F5805F06D0BDF8163003F4E043B3F54D
:10792000005F02D16FF0850306E0009B019A029987
:107930000398FFF793FC0346184607B05DF804FB75
:1079400000B587B005900491039202930598FFF764
:10795000CFFA034603F4E043B3F5804F02D16FF052
:1079600085030AE0099B0193089B0093029B039AFD
:1079700004990598FFF72DFD0346184607B05DF8FA
:1079800004FB00B587B00390029101920093039825
:10799000FFF7AEFA034623F4435323F03F03B3F556
:1079A000824F23D10A9B019A02990398E0F7ECFCDD
:1079B0000590059B002B01D0059B19E0089A019BBF
:1079C0009A4202D26FF0890312E0019A029900985C
:1079D00009F029FD0A9B1B681A4600990398FFF7D6
:1079E0003AFB099B019A1A60002301E06FF08503BE
:1079F000184607B05DF804FB82B00190019B1B881C
:107A0000184602B0704784B001900091009B002B93
:107A100001D100230DE0019B039304E0039B5A1C5A
:107A2000039200221A70009B5A1E0092002BF5D17F
:107A30000023184604B0704700B58DB00B900A9132
:107A400009920893149B0693139B0593129B04932E
:107A5000119B0393109B02930F9B01930E9B00932A
:107A6000089B099A0A990B98E0F7B8FA034618465A
:107A70000DB05DF804FB82B00190019B5B88184655
:107A800002B0704700B593B0079006910592049339
:107A9000069B002B02D0079B002B02D16FF08603C0
:107AA0001EE009AB20220021184609F0B1FC09AB09
:107AB000059A06990798E0F725FF1190119B002B76
:107AC00001D0119B0CE009A8189B0293179B01930E
:107AD000169B0093159B149A0499E1F7A9F80346A5
:107AE000184613B05DF804FB00B587B0059004910B
:107AF00003920293089B0093029B039A04990598B2
:107B0000E1F740FA0346184607B05DF804FB00B5FC
:107B100085B0039002910192039B002B05D0029B3C
:107B2000002B05D1019B002B02D06FF0860308E0EB
:107B3000039B03F160000399019B029AE1F744F96A
:107B40000346184605B05DF804FB00B587B0059004
:107B5000049103920293059B002B08D0049B002BF9
:107B600005D0039B002B02D0029B002B02D16FF0AB
:107B700086030AE0059B03F160000599029B0093D0
:107B8000039B049AE1F784F90346184607B05DF8B1
:107B900004FB00B583B00190019B002B02D16FF074
:107BA000860305E098220021019809F031FC0023AA
:107BB000184603B05DF804FB00B58BB0099008913E
:107BC00007920693109B04930F9B03930E9B0293C3
:107BD0000D9B01930C9B0093069B079A08990998AB
:107BE000E0F7BCFA034618460BB05DF804FB00B59D
:107BF0008DB00B900A9109920893149B0693139BE6
:107C00000593129B0493119B0393109B02930F9B6C
:107C100001930E9B0093089B099A0A990B98E0F731
:107C2000DDF9034618460DB05DF804FB82B0019003
:107C3000019B1B88184602B0704782B00190019BDF
:107C40005B88184602B0704700B587B00390029178
:107C500001920093039B0022DA60039B019A1A6150
:107C6000039B009A5A610298FFF7E0FF0346ADF8C4
:107C70001630BDF81630B3F5105F2DD10298FFF71E
:107C8000DCFF0346B3F5807F15D0B3F5807F19D8AC
:107C9000802B02D0C02B07D014E0039B10225A6027
:107CA000039B10221A6010E0039B18225A60039B6A
:107CB00018221A6009E0039B20225A60039B2022AD
:107CC0001A6002E06FF085030DE000BF039B5B6864
:107CD000009A9A4206D202E06FF0860303E06FF04A
:107CE000860300E00023184607B05DF804FB00B5EA
:107CF00093B00790069105920493069B002B02D047
:107D0000079B002B02D16FF086031EE009AB2022F7
:107D10000021184609F07CFB09A8059B069A0799E3
:107D2000FFF792FF1190119B002B01D0119B0CE0EB
:107D300009A8189B0293179B0193169B0093159B10
:107D4000149A0499E0F774FF0346184613B05DF8DF
:107D500004FB00B587B00390029101920093039B4E
:107D6000002B08D0029B002B05D0019B002B05D1D6
:107D7000009B002B02D06FF0860350E05C220021B4
:107D8000039809F045FB039B089A02991846E0F70F
:107D9000E1FF0590059B002B01D0059B3FE0029879
:107DA000FFF74BFF0346DA08039B9A65039B9B6D25
:107DB000202B22D0202B2ED8102B02D0182B0ED007
:107DC00029E0009B0F2B02D86FF0860327E0039B6E
:107DD000383310220199184609F025FB1EE0009B5C
:107DE000172B02D86FF0860319E0039B3833182253
:107DF0000199184609F017FB10E0009B1F2B02D8D1
:107E00006FF086030BE0039B38332022019918465C
:107E100009F009FB02E06FF0860300E0002318463A
:107E200007B05DF804FB00B587B00590049103929C
:107E30000293089B0093029B039A04990598FFF70D
:107E400088FF0346184607B05DF804FB00B58FB005
:107E5000039002910192039B002B05D0029B002B03
:107E600005D1019B002B02D06FF0860317E005AB14
:107E700020220021184609F0CBFA05AB03991846D9
:107E8000E1F7F8F80D900D9B002B01D00D9B06E05B
:107E9000039805A9019B029AE0F796FF034618464E
:107EA0000FB05DF804FB00B591B00590049103920A
:107EB0000293059B002B08D0049B002B05D0039B4D
:107EC000002B02D0029B002B02D16FF0860319E039
:107ED00007AB20220021184609F09AFA07AB059952
:107EE0001846E1F7C7F80F900F9B002B01D00F9BAE
:107EF00008E0059807A9029B0093039B049AE0F70A
:107F0000C7FF0346184611B05DF804FB00B583B007
:107F10000190019B002B02D16FF0860305E05C22EB
:107F20000021019809F074FA0023184603B05DF8A7
:107F300004FB00B58BB00990089107920693109B43
:107F400004930F9B03930E9B02930D9B01930C9B39
:107F50000093069B079A08990998E0F7FFF80346F3
:107F600018460BB05DF804FB00B587B0059004918E
:107F700003920293059B9A68099B01939DF8203018
:107F80000093029B03990498FEF7F4FD03461846FC
:107F900007B05DF804FB00B587B00590049103922B
:107FA0000293059B9A68099B01939DF820300093EA
:107FB000029B03990498FEF7F5FD0346184607B0A7
:107FC0005DF804FB00B587B005900491039202931D
:107FD000049B802B05D0049BC02B02D0049BB3F5DF
:107FE000807F059B9868099B0193089B0093029BE7
:107FF000039A0499DFF708FB0346184607B05DF8BB
:1080000004FB00B587B004910392029303468DF8F8
:108010001730039B802B05D0039BC02B02D0039B02
:10802000B3F5807F049B99689DF81700089B009327
:10803000029B039AFEF745FD0346184607B05DF81C
:1080400004FB08B500F03EF80346184608BD00B52D
:1080500083B0034600918DF80730009B002B01D1BF
:10806000222306E09DF8073000991846E1F744F80E
:108070000346184603B05DF804FB00B583B00190D9
:1080800001210198E1F75CF90346184603B05DF859
:1080900004FB86B0039002910192019B002B04D057
:1080A000039B03F58053059303E0039B03F5005303
:1080B0000593059B0121029A01FA02F21A6000BFA2
:1080C00006B0704700231846704708B5E1F7C4FAB8
:1080D0000346184608BD82B000230193019B184651
:1080E00002B0704708B501213620DAF72BFF0020D7
:1080F000DBF76CFF0023184608BD08B5E1F708FC64
:1081000000BF08BD08B5E1F781FC00BF08BD00B5A0
:1081100083B00190019B002B01DB019B5D2B01983B
:10812000E1F72CFD00BF03B05DF804FB00B583B0A0
:1081300001900091019B13F1100F01DB019B5D2B5E
:1081400000990198E1F730FD00BF03B05DF804FB32
:1081500082B0019000910E23184602B0704784B09F
:1081600003900291019200930E23184604B07047C9
:1081700082B0019000BF02B0704784B003900291BA
:10818000019200BF04B0704782B00190009100BF1F
:1081900002B0704700B585B001900023039303AB94
:1081A00000224FF0FF310198E1F756FD039B18467E
:1081B00005B05DF804FB00B587B003900B46019253
:1081C0008DF80B309DF80B20019B4FF0FF31039889
:1081D000E1F742FD0590059B184607B05DF804FBEA
:1081E00000B583B001900198E1F7A6FE00BF03B08F
:1081F0005DF804FB00B585B0019000910023039366
:1082000003AB00220099019800F005F8039B184683
:1082100005B05DF804FB00B587B0039002910093B0
:1082200013468DF8073000230593009B002B01D1E6
:10823000222326E0009B00221A60029B002B02D022
:10824000039B002B01D121231BE0039B029A02FB1D
:1082500003F304939DF80730009A19460498FFF73A
:10826000AAFF0590059B002B0AD1009B1B68002BE1
:1082700006D0009B1B68049A0021184609F0C8F834
:10828000059B184607B05DF804FB00B589B0019066
:108290000091019B08330793019B0693079A009B6B
:1082A00013445A1E009B5B4213400793079B083BF5
:1082B0000193019800F06AF8019A069BD31ADB102B
:1082C000ADF81630069B5A88BDF81630D31A9AB20C
:1082D000019B5A80069B9A88BDF8163013449AB2C7
:1082E000019B9A80069B9B88002B13D0069B9B8842
:1082F000DB005B42069A13440493019B9A88049B1B
:10830000DA80049B5A88BDF8163013449AB2049B55
:108310005A8004E0019A137843F002031370069B1D
:10832000DB88002B12D0069BDB88DB00069A134407
:108330000393069BDA88BDF81630D31A9AB2019BD4
:10834000DA80019BDA88039B9A8002E0019B00227D
:10835000DA80019B184609B05DF804FB00B585B0D2
:10836000019000910098FFF715FF0390039B1846BA
:1083700005B05DF804FB00B583B001900091009852
:10838000FFF72EFF00BF03B05DF804FB82B0019041
:10839000019A13786FF300031370019A13786FF347
:1083A00041031370019A13886FF38F031380019BAD
:1083B00000225A80019B00229A80019B0022DA80D1
:1083C00000BF02B0704786B001900B468DF80330B5
:1083D00013468DF802309DF803309B088DF8173056
:1083E0009DF8033003F00303DB000493FF22049B9A
:1083F00002FA03F303939DF81730012B19D89DF867
:108400001720019B0C3253F82220039BDB4302EA26
:1084100003019DF80220049B02FA03F31A46039B12
:1084200013409DF817201943019B0C3243F822108A
:1084300000E000BF06B0704784B003900291019243
:108440000093039B029A9A60039B019ADA60039B54
:10845000009A1A6100BF04B0704708B5E2F730F81F
:1084600008B5FFF7FAFF00BF08BD00B583B06B4643
:1084700000221A601A7100238DF804306B461846EA
:10848000DCF764FD00BF03B05DF804FB00B583B00A
:108490000CF02CFD01900BF0BDFD01980CF019FDC6
:1084A00000BF03B05DF804FB82B0034600928DF874
:1084B00007300B468DF8063000BF02B0704708B594
:1084C0004FF4C870E2F768FA0346184608BD08B5CD
:1084D00000F003F80346184608BD00B583B00DF15F
:1084E000060319461320FFF7B2FDBDF80630184603
:1084F00003B05DF804FB08B5FAF77EFFFAF791FFC9
:10850000FAF796FFFAF7A7FFFAF7B0FF00BF08BD2A
:1085100008B5FAF7ADFFFAF7ADFFFAF7ADFFFAF7D6
:10852000B0FF00BF08BD00B583B00023019302F087
:1085300087FBE7F7ADF903F09CFB04F0B9F9019B69
:10854000184603B05DF804FB08B5EEF76DF800BF00
:1085500008BD08B504213020FFF7E8FD04213120D3
:10856000FFF7E4FD04213220FFF7E0FD0421352070
:10857000FFF7DCFD04213420FFF7D8FD04212F2074
:10858000FFF7D4FD04213320FFF7D0FD05216FF064
:108590000100FFF7CBFD6FF00100E1F7D9FA00BF52
:1085A00008BD82B00190019B00221A600E2318467C
:1085B00002B0704700BF704700B583B001900091D2
:1085C000019B002B03D000990198E2F701FD01986F
:1085D000FFF706FE00BF03B05DF804FB82B0019018
:1085E0000091019B002B03D0019A009B134400E0F3
:1085F0000023184602B0704782B00190019B002B07
:108600000CBF01230023DBB2184602B0704782B0D2
:108610000190019B5B69184602B0704782B00190DF
:10862000019B5B68184602B0704782B00190019BC5
:108630001B88184602B0704782B00190019B5B888E
:10864000184602B0704700B583B06FF096030193EF
:10865000FEF782FB0190019B002B01D0019B08E0FB
:10866000FEF78AFB0190019B002B01D0019B00E0EB
:108670000023184603B05DF804FB00BF704700B547
:1086800087B003900291019200930398FFF7C6FF11
:1086900003461B0A05930398FFF7C7FF0346ADF88F
:1086A0001230009B00221A60059B012B08D1009B11
:1086B000019A1A600099039801F09CFC034601E0BE
:1086C0006FF08603184607B05DF804FB00B58DB067
:1086D00007900691059204936FF096030B93079809
:1086E000FFF79CFF03461B0A0A93012309930A9B89
:1086F000002B03D00A9B012B25D02DE00798FFF714
:1087000094FF034603F48043B3F5804F0DD1099BDA
:10871000002B0AD0109B0F9A0E990798FFF7E8F8E4
:108720000B900B9B13F1860F1AD1109B02930F9B9A
:1087300001930E9B0093049B059A0699079801F0FC
:10874000CBFA0B900DE0109B0F9A0E990798FEF74D
:10875000F1FE0B900B9B05E06FF086030B9300E09E
:1087600000BF0B9B18460DB05DF804FB00B58BB045
:1087700007900691059204936FF09603099307986A
:10878000FFF74CFF03461B0A0893089B002B03D0FE
:10879000089B012B21D02EE00E9B02930D9B019391
:1087A0000C9B0093049B059A06990798FFF7E9F83C
:1087B0000990099B13F1860F01D0099B1DE00E9BC8
:1087C00002930D9B01930C9B0093049B059A0699C1
:1087D000079800F017FB03460FE00E9B02930D9BDA
:1087E00001930C9B0093049B059A06990798FEF74A
:1087F000C7FE034601E06FF0860318460BB05DF834
:1088000004FB00B589B005900491039202936FF0C8
:10881000860307930598FFF701FF03461B0A06939B
:10882000069B002B03D0069B012B0CD017E00B9B63
:1088300001930A9B0093029B039A0499059800F008
:1088400074FC03460CE00B9B01930A9B0093029B74
:10885000039A04990598FEF799FF034600E0079BE9
:10886000184609B05DF804FB00B58FB00B900A9173
:10887000099208936FF096030D930B98FFF7CEFEC5
:1088800003461B0A0C930C9B002B03D00C9B012B63
:108890001ED033E0169B0693159B0593149B0493FF
:1088A000139B0393129B0293119B0193109B0093C4
:1088B000089B099A0A990B98FFF799F90D900D9B5F
:1088C00013F1860F01D00D9B1AE06FF0850317E0BE
:1088D000169B0693159B0593149B0493139B03937C
:1088E000129B0293119B0193109B0093089B099A82
:1088F0000A990B98FFF7A0F8034601E06FF0860392
:1089000018460FB05DF804FB00B58DB009900891D2
:10891000079206936FF096030B930998FFF77EFE7C
:1089200003461B0A0A930A9B002B03D00A9B012BC8
:108930001AD02BE0129B0493119B0393109B02937C
:108940000F9B01930E9B0093069B079A0899099829
:10895000FFF7CDF90B900B9B13F1860F01D00B9B0A
:1089600016E06FF0850313E0129B0493119B0393B1
:10897000109B02930F9B01930E9B0093069B079AFB
:1089800008990998FFF77EF8034601E06FF0860327
:1089900018460DB05DF804FB00B589B00590049150
:1089A000039202936FF0960307930498FFF736FE45
:1089B00003461B0A0693069B002B03D0069B012B44
:1089C0001AD02CE0059B03F108000A9B0093029B40
:1089D000039A0499FFF7BDF90790079B002B02D17A
:1089E000059B04221A60079B13F1860F01D0079B99
:1089F00017E06FF0850314E0059B03F108000A9B64
:108A00000093029B039A0499E0F7BCFA0790079B36
:108A1000002B02D1059B05221A60079B01E06FF035
:108A20008603184609B05DF804FB00B589B00590CF
:108A30000491039202936FF0960307930498FFF753
:108A4000EDFD03461B0A0693069B002B03D0069BF5
:108A5000012B1AD02CE0059B03F108000A9B009320
:108A6000029B039A0499FFF7DEF90790079B002BFE
:108A700002D1059B04221A60079B13F1860F01D0D7
:108A8000079B17E06FF0850314E0059B03F10800D6
:108A90000A9B0093029B039A0499FFF725F807901D
:108AA000079B002B02D1059B05221A60079B01E062
:108AB0006FF08603184609B05DF804FB00B585B079
:108AC000039002910192039B1B68042B02D0052B9B
:108AD00009D011E0039B0833019A02991846FFF769
:108AE000B5F903460AE0039B0833019A0299184638
:108AF000FFF70DF8034601E06FF08603184605B056
:108B00005DF804FB00B585B00390029101920093DB
:108B1000039B1B68042B02D0052B0AD013E0039B98
:108B200003F10800009B019A0299FFF7BCF9034684
:108B30000BE0039B03F10800009B019A0299FFF7E9
:108B400004F8034601E06FF08603184605B05DF8AF
:108B500004FB00B583B00190019B1B68042B02D07D
:108B6000052B07D00DE0019B08331846FFF7CEF91F
:108B7000034608E0019B08331846FFF70AF803464E
:108B800001E06FF08603184603B05DF804FB00B502
:108B90008DB009900891079206936FF096030B939E
:108BA0000998FFF73BFD03461B0A0A930A9B002B1B
:108BB00003D00A9B012B2AD03CE0129B0493119B0B
:108BC0000393109B02930F9B01930E9B0093079BB3
:108BD000089A09990698FFF7ACF90B900B9B13F1D3
:108BE000860F01D00B9B27E0129B0493119B0393EC
:108BF000109B02930F9B01930E9B0093069B079A79
:108C00000899099800F048FF0B900B9B14E0129B09
:108C10000493119B0393109B02930F9B01930E9B54
:108C20000093079B089A09990698FEF7C5FF0B90D9
:108C30000B9B01E06FF0850318460DB05DF804FB57
:108C400082B001900B468DF8033013468DF8023048
:108C5000019B1B7E9DF803209A4202D06FF0960381
:108C600004E0019B9DF802201A760023184602B00A
:108C7000704782B00190019B1B0A002B14BF012397
:108C80000023DBB2184602B0704782B00346ADF84D
:108C90000630BDF8063003F4E043B3F5805F06D03C
:108CA000BDF8063003F4E043B3F5005F01D10123C2
:108CB00000E00023184602B0704700B587B003906B
:108CC00002910192009300230593019B002B0FD08A
:108CD000029B002B01D1009B0593039A059BD018A2
:108CE000019A059BD31A1A46212108F091FB00E056
:108CF00000BF07B05DF804FB82B003460091ADF8F9
:108D00000630BDF80630B3F5105F20D0B3F5105F24
:108D10002ADC41F20522934226DCB3F5905F07DAA4
:108D200041F20102934222D0B3F5885F1FD01BE0CD
:108D3000A3F59053292222FA03F303F00103002B39
:108D400014BF01230023DBB2002B0DD00FE0009BEA
:108D5000802B0ED0009BC02B0BD0009BB3F5807FE7
:108D600007D06FF086030EE06FF085030BE000BFC5
:108D700000E000BF009B03F00703002B02D06FF060
:108D8000860300E00023184602B0704700B583B0A8
:108D900001900091019B1B6A002B02D06FF08A03A7
:108DA00011E000990120FFF725FA0246019B1A62A3
:108DB000019B1B6A002B02D16FF08C0303E0019B27
:108DC000009A5A620023184603B05DF804FB00B510
:108DD00087B003900291019201990398FFF7D6FFA3
:108DE0000590059B002B01D0059B07E0039B1B6AA8
:108DF000019A0299184608F016FB0023184607B09E
:108E00005DF804FB00B587B00390029101920093D6
:108E10006FF096030593039B1B88ADF81230019BFE
:108E2000002B02D16FF0850344E0BDF812301846E4
:108E3000FFF72BFF0346002B3AD00A9B1B68002B41
:108E400003D1019BDA000A9B1A60039B1A880A9BD4
:108E50001B6819461046FFF74FFF0590059B002B36
:108E600001D0059B26E00A9B1B680733DB08019AAB
:108E70009A4202D06FF086031CE00A9B1B680733FE
:108E8000DB08089A9A4202D26FF0890312E00A9B2B
:108E90001B680733DB081A460299009808F0C3FAEA
:108EA0000A9B1B680733DA08099B1A60002301E05C
:108EB0006FF08503184607B05DF804FB00B587B076
:108EC00003900291019200936FF0960305930023A3
:108ED00004930299039801F04CFB0590059B002B2D
:108EE00001D0059B32E0029B1B680493049B1B8806
:108EF00003F4E043B3F5804F03D1019B23F001035A
:108F00000193049B9A68019B1340019A9A4203D0F3
:108F10006FF08403059312E0009B002B0CD0049BA0
:108F200003F10800049B1B88009A1946E2F758FBDE
:108F30000590059B002B01D1002307E000BF029B99
:108F400000221A60049801F0B1FB059B184607B097
:108F50005DF804FB00B583B00190019B1B6A002BF8
:108F600007D0019B1A6A019B5B6A19461046FFF7FE
:108F700023FB019B00221A62019B00225A620023FC
:108F8000184603B05DF804FB00B585B00190019868
:108F9000FFF7E0FF0390019B1B7E032B1ADC022BE3
:108FA00004DA002B12D0012B08D013E0019BDB69FF
:108FB000012B13D06FF0960303930FE0019BDB6945
:108FC000002B0DD06FF09603039309E06FF096032A
:108FD000039306E06FF09603039302E000BF00E006
:108FE00000BF28220021019808F012FA039B1846BE
:108FF00005B05DF804FB00B587B001900023059330
:109000000198FFF7F9FA0346002B01D000233CE05A
:1090100003AB1946019801F0ACFA0490049B002BB5
:1090200001D0049B31E0039B032202211846FFF785
:1090300007FE0590059B002B19D1039B5B68DBB2F3
:10904000FF2B03D16FF08403059313E0039B5B6850
:10905000DBB2002B0DD0039B5B69184601F0F3FBDC
:109060000490059B002B04D1049B059302E000BFF4
:1090700000E000BF039B184601F0E5FA0490049B52
:10908000002B01D0049B0593059B184607B05DF8A3
:1090900004FB30B585B0019000916FF09603039307
:1090A000009800F086FF02A9002300220198FFF734
:1090B00005FF0390039B002B01D0039B0EE0029B56
:1090C000009A14461D460FCD0FC495E8030084E8AE
:1090D0000300029B184601F0E9FA0346184605B062
:1090E00030BD00B585B00390029101920093029AC1
:1090F000009B9A4202D96FF0890312E0029A039909
:10910000019808F090F9019A029BD018009A029BEE
:10911000D31A1A46002108F07BF9069B029A1A60BE
:109120000023184605B05DF804FB00B589B0059032
:10913000049103920293059B1B88ADF81E30BDF885
:109140001E301846FFF7A1FD0346002B19D1BDF8CC
:109150001E3023F4405344F20102934211D0BDF873
:109160001E3023F4435323F03F03B3F5824F08D05E
:10917000BDF81E3023F4435323F03F03B3F5844F6F
:1091800009D10B9B00930A9B029A03990498FFF75D
:10919000A8FF034601E06FF08503184609B05DF8AB
:1091A00004FB00B58BB005900491039202936FF01D
:1091B000960309936FF09603089300230793039B8C
:1091C000002B02D16FF089032BE0029B00221A6072
:1091D00006A9002301220598FFF770FE0990099B5C
:1091E000002B01D0099B1CE0049B0793069B1846AB
:1091F000069B196A069B5A6A029B0193039B009384
:10920000079BFFF7FEFA0990069B184601F04EFAFD
:10921000089000230793099B002B01D1089B00E0D5
:10922000099B18460BB05DF804FB00B589B00590AA
:10923000049103920293059B1B88ADF81E30BDF884
:109240001E3003F4E043B3F5804F23D1BDF81E3048
:1092500023F4405344F20102934211D0BDF81E3072
:1092600023F4435323F03F03B3F5824F08D0BDF8F6
:109270001E3023F4435323F03F03B3F5844F09D149
:109280000B9B00930A9B029A03990498FFF729FF0E
:10929000034624E0BDF81E3023F4405344F201029B
:1092A000934202D16FF0850319E0BDF81E3023F41C
:1092B000435323F03F03B3F5824F02D16FF0850390
:1092C0000DE0BDF81E3023F4435323F03F03B3F504
:1092D000844F02D16FF0850301E06FF085031846DB
:1092E00009B05DF804FB00B58BB0059004910392C2
:1092F00002936FF0960309936FF09603089300238F
:109300000793039B002B02D16FF0890335E0029B8A
:1093100000221A6006A9002300220598FFF7CEFD5F
:109320000990099B002B01D0099B26E0049B079321
:10933000069B1B8803F48043002B03D16FF0860348
:1093400009930DE0069B1846069B196A069B5A6A0C
:10935000029B0193039B0093079B00F09BFF0990E6
:10936000069B184601F0A2F9089000230793099B79
:10937000002B01D1089B00E0099B18460BB05DF85B
:1093800004FB82B00190019B1B6823F47F4323F010
:109390000303002B02D06FF0860300E00023184681
:1093A00002B0704700B587B0019000916FF086035E
:1093B00005930198FFF732F904900198FFF727F918
:1093C00003900099049801F080F90590059B002B0B
:1093D00001D0059B37E0049801F088F90590059BC2
:1093E000002B01D0059B2EE0049BDBB2002B05D1A6
:1093F000039B002B10D06FF0860324E00198FFF749
:1094000006F903460021184601F000F80346002B38
:1094100002D16FF0860316E0019B08331846FFF770
:10942000B0FF0590059B002B01D0059B0BE0019838
:10943000FFF702F903464FF6F872934202D96FF034
:10944000850300E00023184607B05DF804FB30B543
:1094500089B002910192009303468DF80F30009B72
:1094600000221A6000990298FFF79CFF0790079B63
:10947000002B01D0079B2CE0029B5B68DBB2002B2A
:109480000CBF01230023DBB20693069B002B01D007
:1094900004AB00E0002301991846E2F781FD079034
:1094A000079B002B01D0079B13E0019B1B680593D2
:1094B000059A029B14461D460FCD0FC495E8030084
:1094C00084E80300069B002B02D0049A059B5A6196
:1094D0000023184609B030BD00B587B00390029153
:1094E000019200230593039B5B68DBB2002B08D03D
:1094F0000398039B196A039B5B6A1A4601F093FA6F
:109500000590059B002B0FD1039B5A69019B1A60A4
:10951000022201210398FFF793FB0590059B002B86
:1095200002D0019B00221A60059B184607B05DF827
:1095300004FB00B583B001900091019B002B03D088
:109540000198FFF721FD00E000BF03B05DF804FBC8
:1095500082B001900091009B1B88002B08D0009BDB
:109560001A88019B1B889A4202D06FF086030DE097
:10957000009B5B88002B08D0009B5A88019B5B886E
:109580009A4202D06FF0860300E00023184602B032
:10959000704700B58FB007900691059204930023A1
:1095A0000C9300230B9300230A93059B0893049BC1
:1095B00000221A60059B002B02D16FF086038BE01E
:1095C000059BB3F1005F02D36FF0850384E0069B37
:1095D0000C930AAB0BAA07990020FFF738FF0D90F8
:1095E0000D9B002B63D10B9B1B6A002B1BD1079B90
:1095F0005B681846FFF73DFB0346002B09D008AB1C
:10960000059A0C990798FFF73AF80D900D9B002BDF
:109610004FD10B9B089A11461846FFF7B7FB0D90E8
:109620000D9B002B47D10B9B5B8809930B9B186A02
:109630000B9B5B6A0B9A243209A902910192009359
:109640000346059A0C990798FFF790F80D900D9B2B
:10965000002B32D10B9B5B88002B04D1099A0B9B0A
:1096600092B25A8009E00B9B5B881A46099B9A428A
:1096700003D06FF086030D9322E0099B4FF6F8723A
:10968000934203D96FF085030D9319E00B9B079963
:109690001846FFF75DFF0D900D9B002B0FD10B9B24
:1096A0000A99049A1846FFF717FF0D9008E000BFCB
:1096B00006E000BF04E000BF02E000BF00E000BF22
:1096C00000230C930D9B002B05D00B9B0A9A11468F
:1096D0001846FFF72EFF0D9B18460FB05DF804FBF0
:1096E00000B585B00190019B1B68002B01D10023C0
:1096F0000FE00198FFF72DFA0390019B00221A71E9
:10970000019A53796FF300035371019B00221A6091
:10971000039B184605B05DF804FB00B58BB00590BF
:109720000491039202936FF0960309936FF09603EE
:10973000089300230793059B1B68002B03D06FF051
:109740008803099349E0029B002B02D04FF480620A
:1097500001E04FF4006207A9039B0498FFF7AEFBFA
:109760000990099B002B35D1079B1946059B0433B3
:109770001A460398E1F7FCFF0990099B002B2BD1B7
:10978000029B03F00103D9B2059A537961F30003F8
:109790005371029B002B0ED0079B1846079B1A6A39
:1097A000079B596A039B00930B4601460598FFF7F8
:1097B000F3F8099011E0079B1846079B1A6A079B6C
:1097C000596A039B00930B4601460598FFF72DF954
:1097D000099002E000BF00E000BF099B002B02D00F
:1097E0000598FFF77DFF079B184600F05FFF089084
:1097F000099B002B01D1089B00E0099B18460BB088
:109800005DF804FB00B585B003900291019201233D
:10981000019A02990398FFF780FF0346184605B0A6
:109820005DF804FB00B587B00390029101926FF0E0
:109830009603059300230493039B1B68002B04D11C
:109840006FF088030593059B17E0019B002B03D164
:1098500000230593059B10E0029B0493019A049951
:109860000398FFF72BF90590059B002B02D0039876
:10987000FFF736FF00230493059B184607B05DF8F9
:1098800004FB00B589B003900291019200936FF040
:10989000960307936FF09603069300230593029BAC
:1098A0000593039B1B68002B03D16FF0880307937C
:1098B00025E0039B5B7903F00103DBB2002B03D1AE
:1098C0006FF0880307931AE0039B1B79002B03D1E9
:1098D0006FF08803079312E0039B1B791A46019BE4
:1098E000934203D26FF08903079308E0039B1B792F
:1098F0001A46009B05990398FFF704F90790079B08
:10990000002B05D0009B019A1A60039B00221A715C
:10991000059B002B06D0009B1B68019A07990598B0
:10992000FFF7CBF90398FFF7DBFE069000230593C2
:10993000079B002B01D1069B00E0079B184609B04E
:109940005DF804FB10B58EB009900891079206935C
:109950006FF096030D936FF096030C9300238DF830
:109960002B30139B002B02D04FF4806201E04FF4A8
:1099700000620BA9089B0998FFF7A0FA0D900D9BB8
:10998000002B2DD10B9B19460DF12B031A4608987D
:10999000E1F7EEFE0D900D9B002B23D19DF82B30AF
:1099A0001A46119B934203D26FF089030D931AE07C
:1099B0000B9B1C460B9B196A0B9B5A6A9DF82B301C
:1099C0001846129B04930390109B0293069B0193ED
:1099D000079B0093089B2046FEF796FF0D9002E040
:1099E00000BF00E000BF0D9B002B05D0129B119A19
:1099F0001A6000238DF82B30129B1B68119A0D9969
:109A00001098FFF75AF90B9B184600F04FFE0C9088
:109A10000D9B002B01D10C9B00E00D9B18460EB056
:109A200010BD00B58DB007900691059204936FF0BC
:109A300096030B9300230A9300230993059B0A9333
:109A40000E9B099301230393109B02930F9B019399
:109A5000099B0093049B0A9A06990798FFF772FFE7
:109A60000B9000230A93002309930B9B18460DB01B
:109A70005DF804FB82B001900091019B1B68002BF4
:109A800001D0002305E0009B002B01D0002300E063
:109A90000123184602B0704784B0039002910192EE
:109AA00000936FF08503184604B0704700B58BB083
:109AB0000990089107920693099B03F0FE43B3F1C6
:109AC000106F09D1099B23F01F6323F4702343F027
:109AD0000063B3F1006F02D06FF0850312E00898C5
:109AE000089B196A089B5A6A0E9B04930D9B03936B
:109AF0000C9B0293069B0193079B0093099BFFF726
:109B000046F8034618460BB05DF804FB00B58FB06D
:109B100007900691059204936FF096030D936FF0F2
:109B200096030C930023089300230B9300230A93BE
:109B3000109B0A93079B03F0FE43B3F1106F03D011
:109B40006FF086030D9338E008A9079B4FF480421D
:109B50000698FFF7B3F90D900D9B002B2CD1089BB5
:109B60001B8823F0FF03B3F5E24F06D0089B1B8848
:109B700023F0FF03B3F5E44F04D1089B5B88073360
:109B8000DB0800E000230993119A099B9A4203D253
:109B90006FF089030D9310E0059B0B930899129BBE
:109BA0000293119B01930A9B0093049B0B9A0798C5
:109BB000FFF77CFF0D9000E000BF0A9B002B09D04F
:109BC0000D9B002B06D011990A98E1F76DFF129BAF
:109BD000119A1A600A9B002B02D1129B00221A6074
:109BE000089B184600F062FD0C9000230B930023A5
:109BF0000A930D9B002B01D10C9B00E00D9B184696
:109C00000FB05DF804FB00B583B00190082200217D
:109C1000019807F0FDFB00BF03B05DF804FB00B541
:109C200083B0019008220021019807F0F1FB00BFEA
:109C300003B05DF804FB82B001900023184602B027
:109C4000704700B585B00190009100230393019BFC
:109C5000039300990398E1F727FF029000230393F1
:109C6000029B184605B05DF804FB00B585B00346BD
:109C70000091ADF806306FF096030393BDF80630FF
:109C80001846FFF702F80346002B0BD0BDF806304C
:109C900000991846FFF730F80390039B002B16D06D
:109CA000039B15E0BDF8063023F4435323F03F0334
:109CB000B3F5824F08D1BDF8063003F4E043B3F5A5
:109CC000E04F01D1002303E06FF0850300E00023A3
:109CD000184605B05DF804FB00B587B0039002910B
:109CE000019200936FF096030593039B1B88ADF8D8
:109CF0001230BDF812301846FEF7C7FF0346002B9E
:109D000009D009990898E1F7CFFE0590059B002B33
:109D100004D0059B03E06FF0850300E000231846A4
:109D200007B05DF804FB00B58DB007900691059271
:109D3000049300230A93002309930E9B00221A60C8
:109D40000798FEF779FC0346002B02D16FF08603DB
:109D5000F9E0079B1B8803F4E043B3F5804F02D181
:109D60006FF08603EFE004990698FFF783FE034641
:109D7000002B02D16FF08603E5E009AB0AAA079930
:109D80000120FFF764FB0B900B9B002B40F0BE8083
:109D90000A9B1B6A002B40F0A180079B5B681B0A93
:109DA000002B40F08880079B1A88079B5B88194628
:109DB0001046FFF75AFF0B900B9B002B40F0A8803A
:109DC000079B1B8803F4E043B3F5805F06D0079B35
:109DD0001B8803F4E043B3F5005F04D1079B5B8865
:109DE0000733DB0865E0079B1B8823F4435323F00C
:109DF0003F03B3F5844F04D1079B5B880733DB082F
:109E000057E0079B1B8847F2010293420AD1079B48
:109E10005B885B089BB20133DA081346DB0013440E
:109E20003B3346E0079B1B8844F20102934205D175
:109E3000079B5B88DB089BB210333AE0079B1B88CB
:109E400047F20202934209D1079B5B88DB089BB271
:109E50001A4613465B0013445A332AE0079B1B88BB
:109E600044F20202934209D1079B5B88DB089BB254
:109E70001A4613465B0013444A331AE0079B1B88BB
:109E800023F0FF03B3F5E24F04D1079B5B88073350
:109E9000DB080EE0079B1B8823F0FF03B3F5824F1E
:109EA00006D1079B5B880733DB085B00013300E0CA
:109EB0000023089308E008AB1946079800F09AF8C9
:109EC0000B900B9B002B25D10A9B089A1146184634
:109ED000FEF75CFF0B900B9B002B1DD10A9B1B6AAE
:109EE0000A9A526A0A992431029101920093049BC2
:109EF000059A06990798FEF7E9FB0B900B9B002B40
:109F00000CD00A9B1846FFF725F808E000BF06E0D2
:109F100000BF04E000BF02E000BF00E000BF0B9BF9
:109F2000002B06D10A9B09990E9A1846FFF7D4FA1E
:109F30000B900B9B002B05D00A9B099A11461846E3
:109F4000FFF7F7FA0B9B18460DB05DF804FB00B560
:109F500083B0E1F75FF80346002B01D0002324E033
:109F60000120E1F715FF0190019B002B12D1022087
:109F7000E1F70EFF0190019B002B0DD10320E1F7CB
:109F800007FF0190019B002B08D10420E1F700FF9F
:109F9000019004E000BF02E000BF00E000BF019BB1
:109FA000002B01D0E1F7B4FE019B184603B05DF829
:109FB00004FB00B583B0019018220021019807F03E
:109FC00027FA00BF03B05DF804FB82B00190019B4B
:109FD0005B68184602B0704782B00190019B1B88F5
:109FE000184602B0704782B00190019B5B8818460A
:109FF00002B0704700B587B0019000910198FFF75B
:10A00000E4FF03461B0A04930198FFF7E5FF0346AC
:10A01000ADF80E300198FFF7E6FF0290002305939C
:10A02000049B002B04D0049B012B00F0828028E1CC
:10A03000BDF80E3003F4E043B3F5805F06D0BDF801
:10A040000E3003F4E043B3F5005F03D1029B073306
:10A05000DB0858E0BDF80E3023F4435323F03F03F0
:10A06000B3F5844F03D1029B0733DB084BE0BDF807
:10A070000E3047F20102934208D1029B5B08013384
:10A08000DA081346DB0013443B333CE0BDF80E30E6
:10A0900044F20102934203D1029BDB08103332E009
:10A0A000BDF80E3047F20202934206D1029BDA0855
:10A0B00013465B0013445A3325E0BDF80E3044F2DA
:10A0C0000202934206D1029BDA0813465B00134456
:10A0D0004A3318E0BDF80E3023F0FF03B3F5E24F2A
:10A0E00003D1029B0733DB080DE0BDF80E3023F0EF
:10A0F000FF03B3F5824F05D1029B0733DB085B00FA
:10A10000013300E000230593059B002B09D0BDF827
:10A110000E3023F0FF03B3F5824F05D1059B012BD1
:10A1200002D16FF08503B1E0009B059A1A6000230D
:10A13000ACE0BDF80E3003F4E043B3F5805F06D029
:10A14000BDF80E3003F4E043B3F5005F03D1029B8A
:10A150000733DB0858E0BDF80E3023F4435323F0F7
:10A160003F03B3F5844F03D1029B0733DB084BE079
:10A17000BDF80E3047F20102934208D1029B5B0802
:10A180000133DA081346DB0013443B333CE0BDF8EF
:10A190000E3044F20102934203D1029BDB081033DC
:10A1A00032E0BDF80E3047F20202934206D1029B24
:10A1B000DA0813465B0013445A3325E0BDF80E302D
:10A1C00044F20202934206D1029BDA0813465B0076
:10A1D00013444A3318E0BDF80E3023F0FF03B3F503
:10A1E000E24F03D1029B0733DB080DE0BDF80E30D0
:10A1F00023F0FF03B3F5824F05D1029B0733DB0841
:10A200005B00013300E000230593059B002B09D080
:10A21000BDF80E3023F0FF03B3F5824F05D1059B47
:10A22000012B02D1009B1B680593BDF80E3023F073
:10A23000FF03B3F5824F02D1059B013B0593059BBC
:10A24000033323F003030593029B0733DB0803F07A
:10A250000303002B03D1029B0733072B09D8BDF85A
:10A260000E3023F0FF03B3F5824F02D1059B043378
:10A270000593059B2C330593009B059A1A600023D8
:10A2800004E0009B00221A606FF08603184607B0B6
:10A290005DF804FB00B589B0059004910392029328
:10A2A0006FF0860307930598FFF78FFE03461B0A9E
:10A2B0000693069B002B03D0069B012B1DD028E0A4
:10A2C0000B9B01930A9B0093029B039A04990598A8
:10A2D000FDF736FB0790079B13F1860F01D0079B14
:10A2E00018E00B9B01930A9B0093029B039A04992D
:10A2F0000598FEF79AFF03460CE00B9B01930A9B1F
:10A300000093029B039A04990598FDF724F90346EC
:10A3100000E0079B184609B05DF804FB82B001908D
:10A320000091019A009B9A420CBF01230023DBB2EB
:10A33000184602B0704782B00190019B1B6803F47D
:10A340008053002B05D0019B1B6843F48062019B66
:10A350001A60019B1B6803F40053002B05D0019B7E
:10A360001B6843F40062019B1A6000BF02B0704793
:10A3700082B00190019BDB69002B14BF01230023F5
:10A38000DBB2184602B0704782B001900B468DF8E0
:10A39000033013468DF80230019B1B7E9DF803208D
:10A3A0009A4202D06FF0960304E0019B9DF80220D0
:10A3B0001A760023184602B0704782B00190019BC4
:10A3C0001B7E022B04D1019BDB69B3F1FF3F02D15D
:10A3D0006FF0960305E0019BDB695A1C019BDA6173
:10A3E0000023184602B0704782B00190019B1B0AFF
:10A3F000002B14BF01230023DBB2184602B07047C4
:10A4000082B001900423184602B0704784B00190D6
:10A410000091019B0393039B002B05D0039BB3F199
:10A42000804F01D201230CE0009B002B08D0039B3E
:10A43000B3F1804F04D3039B002B01DB012300E029
:10A440000023184604B0704700B587B00190009112
:10A450006FF096030593019B0293002303930298E8
:10A46000E1F716FD0346002B1AD00298E1F730FD04
:10A470000390039B002B0FD0039B1B7E022B0BD161
:10A48000039B5B6919460198FFF748FF0346002BC1
:10A4900002D00023059331E06FF08B0305932DE08C
:10A4A00001210198FFF7B2FF0346002B02D16FF0A4
:10A4B000870331E00023049313E00498E1F718FDCB
:10A4C0000390039B1B7E022B08D1039B5B691946FB
:10A4D0000198FFF723FF0346002B06D1049B0133AD
:10A4E0000493049B032BE8D900E000BF049B032BDB
:10A4F00001D8002301E06FF08B030593059B002B2F
:10A5000009D10398FFF759FF0590059B002B02D155
:10A51000009B039A1A60059B184607B05DF804FB80
:10A5200000B587B001900023059300230493002316
:10A530000393019B03AA04A9184600F0BAFA0590F8
:10A54000059B002B09D1049B039A19460198FEF73D
:10A550003EFC0590059B002B00E000BF049B039A86
:10A560001146184600F099FA059B184607B05DF8A9
:10A5700004FB00B585B0019000916FF09603039342
:10A58000009B00221A60E1F795FC0346002B02D1E4
:10A590006FF0880353E000990198FFF755FF03908F
:10A5A000039B13F18C0F01D0039B48E0009900201E
:10A5B000E1F7F6FC0390039B002B01D0039B3EE0E8
:10A5C000009B1B68019A5A61009B1B6801225A601C
:10A5D0006FF08B030393039B13F18C0F05D1009B4A
:10A5E0001B681846FFF79CFF0390039B002B0CD0C1
:10A5F000009B1B681846FEF7C7FC039B13F18C0FEA
:10A6000016D16FF08703039312E0009B1B68083399
:10A610001846FFF790FE009B1B6802220121184696
:10A62000FFF7B2FE009B1B681846FFF7C6FE0390BB
:10A63000039B002B02D0009B00221A60039B18464C
:10A6400005B05DF804FB00B583B00190019B002BC1
:10A6500001D1002326E0019B1B7E022B06D0019B2B
:10A660001B7E032B02D06FF096031BE0019B1B7E29
:10A67000032B08D1019BDB69012B04D10198FEF764
:10A6800083FC03460EE00198FFF772FE0346002BA1
:10A6900006D0019BDB695A1E019BDA61002301E0B1
:10A6A0006FF09603184603B05DF804FB00B585B063
:10A6B00001906FF0960303930198FFF7C4FF039096
:10A6C000039B184605B05DF804FB00B583B001900C
:10A6D00000910198FFF788FE0346002B01D000236C
:10A6E00000E00023184603B05DF804FB82B001903F
:10A6F000019BDBB2002B01D1002307E0019BDBB201
:10A70000FF2B02D16FF0860300E00023184602B051
:10A71000704730B482B00190019B00221C46154660
:10A7200022462B461046194602B030BC704700B591
:10A730008DB00590049103920598FFF7EAFFCDE9EB
:10A740000A010023069307AB1A46DDE90A01FCF76C
:10A75000C7FA0990099B002B01D0099B12E006ABB8
:10A760000193049B0093039B0022DDE90A01DDF7BE
:10A770002DFB0990069B039A9A4202D06FF0980332
:10A7800000E0099B18460DB05DF804FB00B589B0E8
:10A7900001900198FFF7BDFFCDE9060103AB1A4612
:10A7A000DDE90601FCF79CFA0590059B13F18C0F7F
:10A7B00001D1002300E00123184609B05DF804FB35
:10A7C00000B58DB00590049103920598FFF7A1FFA5
:10A7D000CDE908010598FFF7D9FF0346012B02D107
:10A7E0006FF08A032BE000230093049B039ADDE9BA
:10A7F0000801DDF753FA0B900B9B002B02D06FF092
:10A8000098031CE006AB1A46DDE90801FCF768FA7C
:10A810000B900B9B002B07D1069B039A9A4205D005
:10A820006FF098030B9302E000BF00E000BF0B9BAA
:10A83000002B03D0DDE90801DDF762FB0B9B184616
:10A840000DB05DF804FB00B589B001900198FFF7E9
:10A8500060FFCDE9060103AB1A46DDE90601FCF70E
:10A860003FFA0590059B13F18C0F01D1002318E0EE
:10A87000DDE90601DDF744FB0346002B02D06FF053
:10A8800098030EE003AB1A46DDE90601FCF728FA4F
:10A890000590059B13F18C0F02D06FF0980300E038
:10A8A0000023184609B05DF804FB00B589B001909B
:10A8B00000910198FFF72DFFCDE9060103AB1A4681
:10A8C000DDE90601FCF70CFA0590059B002B01D091
:10A8D000059B03E0039A009B1A600023184609B009
:10A8E0005DF804FB00B597B00390029101920093CC
:10A8F000039B1593029B232B02D86FF098038EE0E5
:10A900000398E1F745FC1490149B002B01D0149B95
:10A9100085E0159B08331293129B1B680493049BDC
:10A920001393139B002B02D06FF0980377E0159BD5
:10A9300020331193119B1B680593059A009B1A60A5
:10A94000009B1A68029B243B9A4204D8009B1B6818
:10A95000B3F5005F02D36FF0980360E0009B1B68C3
:10A96000002B03D1019B00221A6019E0009B1B6899
:10A9700019460120FDF73EFC0246019B1A60019B2F
:10A980001B68002B02D16FF08C0348E0019B186814
:10A99000159B03F12401009B1B681A4606F043FD3A
:10A9A000159B0C330B930B9B1B680A930A9A189BFD
:10A9B0005A60159B10330C930C9B1B889BB2ADF80F
:10A9C0002630BDF82620189B1A80159B12330D9354
:10A9D0000D9B1B889BB2ADF82430BDF82420189B3A
:10A9E0005A80159B14330E930E9B1B680893089A8C
:10A9F000189B9A60159B143304330F930F9B1B68AD
:10AA00000793079A189BDA60159B14330833109349
:10AA1000109B1B680693069A189B1A610023184620
:10AA200017B05DF804FB00B589B003900291019264
:10AA3000029B002B02D0019B002B02D16FF08603FA
:10AA400027E0019BB3F5005F02D36FF08D0320E098
:10AA5000019B2433079307990120FDF7CBFB069058
:10AA6000069B002B02D16FF08C0312E0069B039A29
:10AA700001990298E1F718FB039B5B69079A069915
:10AA80001846FFF79DFE059007990698FDF794FD7F
:10AA9000059B184609B05DF804FB00B583B0019032
:10AAA000009100990198FDF787FD00BF03B05DF8A4
:10AAB00004FB00B58BB00590049103920023099329
:10AAC00000230693059B5B69089306AB194608981B
:10AAD000FFF7EBFE0990099B002B01D0099B36E0A4
:10AAE000069B19460120FDF785FB0790079B002B6D
:10AAF00002D16FF08C032AE0069B1A46079908984A
:10AB0000FFF715FE0990099B002B17D10699059BAD
:10AB10000093039B049A0798FFF7E4FE0990099BB2
:10AB2000002B0DD1049B1B68002B03D0039B1B68DB
:10AB3000002B05D16FF09103099302E000BF00E004
:10AB400000BF069B19460798FDF736FD099B18467E
:10AB50000BB05DF804FB50E8003F0B4340E80032C7
:10AB6000002AF8D17047C94350E8003F0B4040E845
:10AB70000032002AF8D17047431E032B06D8DFE8C5
:10AB800003F002040204032070470420704770475A
:10AB9000CB691847704770470020704770474FF0E7
:10ABA00000007047002070477047704700207047D2
:10ABB0000020704700207047002070470020704739
:10ABC0000020704700207047704770470020704792
:10ABD00000207047704770477047704700207047EB
:10ABE0000020704770477047704711207047002061
:10ABF00070477047002070470020704770477047CB
:10AC00000020704770474FF0FF30704700207047BA
:10AC10007047704700207047002070474FF0FF30AA
:10AC200070471120704700207047012070470020B6
:10AC3000704700207047002070477047704770478A
:10AC400001F010BA38B504460AF06AF9D4E90C12DA
:10AC500005462046E1F7B2FAA18CE28CE060521A78
:10AC600040F2712101FB020303F59C53083328468F
:10AC70002361BDE838400AF045B908B52030FFF738
:10AC80006AFFBDE808404FF08050EBF7D9BC38B5FB
:10AC90000D4604460830E3F735F9294600252046DD
:10ACA000E5F71EFB606CE56110B1E2F7BDFA656483
:10ACB00004F15400BDE8384006F043BE38B5044600
:10ACC00019B390F828208AB190F829300133DBB20B
:10ACD0009A4280F8293009D10121FFF7D8FF4FF0BF
:10ACE00080712046BDE83840FFF7C7BF236ADA030A
:10ACF0000BD5E36A62689B1A002B06DA0121204615
:10AD0000FFF7C5FF4FF08061EBE7236A1B0426D4F1
:10AD100002F085FD1123B0FBF3F303EB0313C01A1C
:10AD200094F9613085B213FA80F0102888BFC5F11C
:10AD300010056DB2083B2B4484F861302046012198
:10AD4000E5F7CEFA40F27121A28C63682A4401FB38
:10AD5000023320466360BDE83840E5F773BA00254A
:10AD6000ECE72DE9F84F1D46C369884604461646B0
:10AD70000C9F9DF838909DF840B09DF848109DF8C4
:10AD800050A0002B40F0C880EB0600F1B68005F023
:10AD90000303032B08BF05F0FD0505F0F705BDF81B
:10ADA0003C30A806A4F862309DF8540048BF05F076
:10ADB000FC05FFF7E1FE47F6FF731BF0020F84F876
:10ADC0006600A4F87C3040F09B801BF0040F00F07C
:10ADD000998000F0FD00012814BF0323042394F898
:10ADE00083209DF8580063F3030284F88320FFF763
:10ADF000C3FE47F6FF738A0784F86700A4F88C3017
:10AE000000F182804B0740F1818000F0FD000128B5
:10AE100014BF0321042194F89330A06E61F303035F
:10AE200084F89330FFF7E0FE00222046216BE1F723
:10AE3000C5F940F27123734398426FD849F6FF7108
:10AE400004F12000FFF78FFEFF2384F84B30BAF1A6
:10AE5000000F03D0236A43F480532362290705D5EA
:10AE60000626B046236A43F484132362236A6A07E2
:10AE700023F4C04323620CD419F0010F1CBF43F428
:10AE800000532362236A19F0020F1CBF43F480436E
:10AE90002362236AA4F848502B43236204F15B0326
:10AEA000B7B33A68C4F85B20BA889A809DF82C3012
:10AEB000012B03D14FF48061FFF74DFE236A9DF80B
:10AEC000282023F4407343EA0223236202F0A7FC04
:10AED0009DF84C30C0F30B0040EA03309DF834304D
:10AEE000A4F87000A4F824802046E68484F82A3070
:10AEF000FFF7A8FE0020BDE8F88F01218B464EE742
:10AF000002236CE701236AE7022184E7012182E73B
:10AF1000C4F85B709F80D1E70C20ECE74520EAE79E
:10AF20002DE9F743894617460446019330B901A835
:10AF300006F007FD422003B0BDE8F083012920D0D0
:10AF4000022910D089B9C369C3B900F130054FF4A3
:10AF50000036236AD9061ED55A0726D501A806F061
:10AF6000F0FC0020E7E7806E20B901A806F0E9FCBC
:10AF70000C20E0E71946FFF738FEDCE700F1380562
:10AF8000E5E7C36923B900F134054FF48026E0E713
:10AF900000F13C05F9E79B0707D5B9F1000F04D193
:10AFA00001A806F0CEFC1220C5E704F120084046B7
:10AFB0003146FFF7D8FDF80702D5284606F0C1FC58
:10AFC000019921B1284606F0A3FD002301932868CA
:10AFD00006F03CFD236AD90605D51F2801DC032FA6
:10AFE00016D02846DDE740F27262904204DD284622
:10AFF00006F0A7FC07209EE7B9F1000F08D1BF2893
:10B0000006DD9A0704D0284606F09BFC452092E70F
:10B010002046D4E90E12E1F7D1F8E3696BB140F2B2
:10B020007122A38C5343984207D9E38C8342EAD31D
:10B0300000F51C70B0FBF2F0A08409F071FFE36929
:10B0400005467BB1BB070DD531464046FFF783FD72
:10B050006368C3F57A7602F01EFCF04202D5204602
:10B06000E5F75AFA284609F04DFF7AE708B548B1E6
:10B07000CB0701D4002008BD4FF400112030FFF7AA
:10B080006AFDF7E74220F6E708B548B1CB0701D4DF
:10B09000002008BD4FF400112030FFF764FDF7E7F2
:10B0A0004220F6E7E1F776BB38B5C36904460D46A2
:10B0B0003BB1036A13F0010010D194F84A30FE2B23
:10B0C0000BD004F120004FF48001FFF744FD012074
:10B0D0002B68E364AB88A4F8503038BD0020FCE74F
:10B0E000036A10B5044613F4602025D09A0307D5EF
:10B0F00004F1300006F025FCA36B23630023A36357
:10B10000236A5B0307D504F1340006F01AFCE36BF5
:10B1100063630023E3634FF4602104F12000FFF731
:10B1200022FD2046FFF78EFD0120B4F870305A1C36
:10B1300062F30B03A4F8703010BD10B50446543010
:10B1400006F0E6FC2046BDE810404FF00071FFF726
:10B1500094BD012313B54189009304468389C289B4
:10B16000084601F056FCE0B1E279531E072B1AD8CD
:10B170006389934217D922899A4214D8237C43B910
:10B18000637C33B9A37C23B9E07C10B9237D0F2BFA
:10B1900007D9607D1B3000F01F000B288CBF0020FA
:10B1A000012002B010BD0020FBE7F8B58D790C46F8
:10B1B0000C354B5D4F1903F0400343F004034B552E
:10B1C0000623B91C7B70164600F00FF8635D002E55
:10B1D00060F386136355A3797A7803F1020313446D
:10B1E000E371A4BF06367E70F8BD37B50246136A18
:10B1F000084603F4007403F40015DB0505D474B9A4
:10B20000E3F762F9204603B030BD44B9B5FA85F4DE
:10B21000D16C64090160B2F850208280F2E701909D
:10B2200092F94B30B5FA85F4009300231A4619467B
:10B230001846FFF7F6FC6409E4E750E8003F0B43CB
:10B2400040E80032002AF8D17047C94350E8003F77
:10B250000B4040E80032002AF8D1704738B5044668
:10B26000D0F8A00010B9D4F8A40058B194F8375120
:10B2700006F098FB05F00F0581B206312846E6F787
:10B2800037F980B240F27122B4F8783000F5487096
:10B2900053439842B8BF184638BD38B505460C46EA
:10B2A00002F071FB20B149F640439C4228BF1C4686
:10B2B000EA68A2420BD240F27121B5F87A304B43D2
:10B2C000934238BF1346A34228BF23461A462A6139
:10B2D00038BD03469A6A4430920404D5D3F8282135
:10B2E000998FE7F7E7B993F86F10E7F7D9B900201E
:10B2F00070470120704700207047002070470120F0
:10B300007047C82070470020704700207047704782
:10B310007047112070477047704700207047704792
:10B32000002070477047012070477047704790F8C1
:10B33000852010B5531C03F00F03072B28BF0023F3
:10B34000044663F30302034480F8852083F87E10EB
:10B3500090F885306F2B4FEA13129EBF013262F3D3
:10B36000071380F88530FFF7E1FF94F83711204686
:10B3700001F00F01FFF7CCFF10BD70477047704719
:10B3800000207047002070470020704710B101F185
:10B39000B000704701F1D4007047F8307047806A00
:10B3A00070472830FFF749BF2830FFF74EBFC06A0B
:10B3B00070472C30FFF741BF2C30FFF746BF00F538
:10B3C0009C70704708B50B79DB0702D4FFF7D5FFF7
:10B3D00008BD91F90510BDE80840FFF7A8BF70B59A
:10B3E00040F2712606FB01F345685643826A1D440C
:10B3F0001207044645600ED500F14005294600F1CC
:10B400003402E3F7A9F9334629462046BDE87040E7
:10B41000012201F0F4BA05EB5605456070BD836A60
:10B42000590505D4D0F8A03013B15B799A0708D438
:10B43000D0F8A40000B9704743799B0701D4006895
:10B44000F8E70120704780F87710704738B5044658
:10B450000D46E1F701FC80B2FFF7B4FB78B14288FA
:10B46000022DA08F11D0032D0BD0012D06D1238FDB
:10B47000626B1B01B3FBF2F3184480B238BD0122AA
:10B48000EEE74FF47A43626BF4E7638F5B000733B8
:10B4900013FB0200F1E738B5044601F09BFC04F110
:10B4A000A40006F04EFA04F1A80006F04AFA04F1EE
:10B4B000AC0006F046FA04F1A00006F042FA20467D
:10B4C000E1F7CAFBC4B22046FFF770FB05462046F1
:10B4D000FFF76EFB01462846FFF767FB38BD38B51E
:10B4E000836A04461B0713D50246B0F87C3052F835
:10B4F000341F4B4340F271214B4300F14001E3F70D
:10B500002BF9236C20469D08FFF7A8FE2844E06035
:10B5100040F27125616B204601396943FFF7BDFE9A
:10B5200020460121E4F7DCFE636BB4F87C20204662
:10B530005A43636805FB02336360BDE83840E4F7B3
:10B5400081BEB0F8303110B5A0F834310446E1F7CF
:10B5500083FBC0B2FFF7D5FE94F8373194F836215B
:10B5600003F00F0304F1440102F006FA014604F56A
:10B57000947002F0A2F9B4F93421B4F930319A424E
:10B5800009D0A36A9B0306D52046BDE810404FF4BE
:10B590000041E1F777BB10BDFFF7D3BF836A0A46CE
:10B5A00000F14401C3F34030E7F730B810B5A0F81C
:10B5B0007810A0F87A200446FFF750FE2169E06079
:10B5C0002046BDE81040FFF768BE38B504460D467A
:10B5D0003AB94FF4C0212830FFF737FE9DB900205B
:10B5E00038BDFFF79AFE98B128344FF4C0212046A9
:10B5F000FFF72BFE1DB14FF40031FFF71EFE4FF495
:10B600008021204601E04FF40031FFF716FEE6E707
:10B610001120E5E72DE9FF41836A04469B032CD501
:10B62000B0F93081B0F934710020E6F7CBFE8045E7
:10B63000CCBF0025012502F0A4F994F83711C822E7
:10B6400001F00F01E6F7C8FE06462046E1F704FBCD
:10B65000B045B4BF00260126002394F83711A8EBAB
:10B6600007073FB245EA46051A46CDE9008502972D
:10B6700001F00F0180B200F0A7FC04B0BDE8F0813A
:10B68000FFF7C8BF86307047F8B504460E4600295C
:10B690005AD040F27123476B30465F43A7F28A27A6
:10B6A0007F083946E5F734FF94F88E30851FADB238
:10B6B0009D4239463046A8BF1D46E5F729FF94F85C
:10B6C0008F20831F9BB29342A8BF1346F21E012A0C
:10B6D000B4F88610B4F888202BD8B1F5296F44F25D
:10B6E0009020B8BF4FF429618142A8BF0146B2F54E
:10B6F000296FB8BF4FF429628242A8BF02461B2DB2
:10B70000B8BF1B251B2BB8BF1B23304684F89130D4
:10B7100084F89050A4F88A10A4F88C20E5F7F8FE7D
:10B72000831F9BB2AB42A8BF2B46DBB284F892309A
:10B73000F8BDB1F5A47FB8BF4FF4A471B2F5A47FF2
:10B74000B8BF4FF4A472DAE71B23EFE72DE9F3410A
:10B75000476B490089B28F42044616461D463BD0CE
:10B7600040F271224368416302FB073302FB11334D
:10B770004360E1F771FA4FF0000887B23346424662
:10B78000012138460195CDF80080FFF723FA3846AD
:10B79000FFF728FA41463846FFF71DFA0123618F6B
:10B7A000228FB1421AD09542668700D02587238F19
:10B7B000626B1B01B3FBF2F394F837112046A4F837
:10B7C0009C3001F00F01FFF75FFF0421204602B01B
:10B7D000BDE8F041E1F756BA0023E0E79542E5D134
:10B7E000A26A1207E3D5002BE1D102B0BDE8F081D7
:10B7F000F0B585B004460E466A4600F1860300F1B6
:10B800008E07154618685968083303C5BB422A4697
:10B81000F7D11868314628609B882046AB80FFF737
:10B8200033FF9DF80B2094F891309A4211D1BDF866
:10B830000620B4F88C309A420BD19DF80A2094F877
:10B8400090309A4205D1BDF80420B4F88A309A426B
:10B8500007D04FF48141204605B0BDE8F040E1F744
:10B8600011BA05B0F0BD37B5044694F88E50BDF856
:10B8700018008D420BD1B4F88650954207D194F848
:10B880008F509D4203D1B4F8885085421DD08DF869
:10B890000610ADF80420019D84F88E1094F837113D
:10B8A00084F88F30A4F88800C4F840512046A4F8EA
:10B8B000862001F00F01FFF79BFFB4F88A30A4F84F
:10B8C0008630B4F88C30A4F8883003B030BD90F8DE
:10B8D000373170B503F00F03044616460D46D9B153
:10B8E0008B4219D00122FFF716FD2946002220467F
:10B8F000FFF70FFD94F83731204665F3030384F812
:10B90000373105F00F01FFF773FF2046BDE87040A7
:10B910004FF48441E1F7B6B919462046FFF768FFB6
:10B92000002EF2D170BDF8B51D46C36A04465B0710
:10B930000F46164610D404212C30FFF77EFC84F805
:10B940009A702046A4F89660A4F898504FF40061CD
:10B95000BDE8F840E1F796B9F8BD10B511B190F81F
:10B960009A400C7012B1B0F89610118013B1B0F873
:10B9700098201A80C06AC0F3800010BD4FF40041C7
:10B980002830FFF75ABC00F5A270704790F83701D5
:10B9900000F00F00704770B5044609F0C1FA656801
:10B9A000064601F078FF2D1AB5F5FA7504D5304634
:10B9B000BDE8704009F0A6BA40F27122636B94F8BA
:10B9C00070105343B5FBF3F5A38FAAB29B1AA3875C
:10B9D00094F86F30154602FB1133252193FBF1F0EB
:10B9E00001FB1033002BB8BF5B1884F86F30B4F83C
:10B9F0009C3020469B1AA4F89C300021E4F770FC90
:10BA000040F27122636B20465D43636802FB15338D
:10BA10006360E4F717FCCAE700232DE9F3474E798A
:10BA20000446B20758BF06F00106084648BF032681
:10BA3000ADF8043058BF01360D46FFF7B0F80746A1
:10BA400007F01F03002BE36A15BF4FF001084FF00A
:10BA500000084FF003094FF002099B050CD59DF833
:10BA60000430294666F3010368F345138DF804306A
:10BA70002046019A00F097F9284605F0E7FF824634
:10BA80004946284605F09DFF9DF80430AA7966F3E3
:10BA9000010368F345138DF804308DF805A0BDF857
:10BAA00004300C32AB529DF80430A91898066B791B
:10BAB00048BF8F7043F001036B7109F031FA0646FD
:10BAC0002046294650F8A47F06F022F894F8463123
:10BAD0002046013384F84631E1F7BEF880B2FFF723
:10BAE00071F880B14388A26A12070ED5B4F87C20A1
:10BAF0009A4202D92046FFF74EFF304602B0BDE819
:10BB0000F04709F0FFB90123EDE7656801F0C3FED6
:10BB10008046E4F7FBFC8442EFD1A5EB0805B5F5C0
:10BB20007A7FEADD1FB1D4F8A030002BE5D1E4F72D
:10BB300069FFE2E708B5022006F0C7F810B100F08F
:10BB400033FE012008BD10B504464FF44071283083
:10BB5000FFF77BFB2046BDE810400021E1F776BDF2
:10BB6000012310B5A1F12002C1F1200423FA04F44D
:10BB700003FA02F222438B40D0E9084123400A40F5
:10BB8000134314BF0120002010BDC36A10B5044642
:10BB900013F0080012D00123A1F12002C1F120000E
:10BBA00023FA00F003FA02F202438B40D4E90801C1
:10BBB00003400A40134314BF0120002010BD10B5FC
:10BBC0000C46C9B2FFF7E1FF70B1E2F7B1FDC4F175
:10BBD0002002A4F12003E04001FA02F2104321FA0E
:10BBE00003F3184300F0010010BD70B504460E4683
:10BBF000E2F708FF09F094F905460221204684F88F
:10BC00007760E1F73FF820460021E4F769FB28461A
:10BC1000BDE8704009F076B970B504460D4609F0EC
:10BC20007FF90646E4F772FC844201D1E4F7CAFECC
:10BC3000304609F067F929462046BDE87040FFF715
:10BC4000D4BF0B68C0F84031704738B540F648059E
:10BC5000D0F840310C460B609BB2AB4204D90B21AB
:10BC6000FFF7ADFF08B9258038BD44F2902323804B
:10BC7000FAE708B500F0C8F8E1F7A2F900F034FBE4
:10BC800000F008F8E2F7BEFDE3F7EAFBBDE8084084
:10BC9000E3F766BC704770B515460E461C46FFF7C5
:10BCA0007CFB2B684EB103606B6843602368C0F86F
:10BCB00025302368C0F8153070BD83606B68C360A1
:10BCC0002368C0F829302368C0F81930F4E770B54C
:10BCD0000546FFF762FB044609F022F906464FF4D9
:10BCE00080712846FFF75DFB4FF400612846FFF79F
:10BCF00060FB304609F006F90023284623612375CE
:10BD0000236284F82430FFF74AFB802310F0080FE9
:10BD100014BF237584F8243070BD10B50446FFF7B6
:10BD200012FF2046BDE810401021E0F7ABBF10B570
:10BD300004464FF46061FFF73FFB2046BDE810402A
:10BD4000FFF701BF7FB506460C46FFF726FB4FF411
:10BD5000C06105463046FFF72CFB4FF400613046CA
:10BD6000FFF72AFB4FF48060E2F788FC224670B9A7
:10BD700069462846E6F7F2F96B4605F1100213F81A
:10BD8000011B02F8011DAA42F9D104B070BD6C4636
:10BD900002F11006234610685168083203C3B2420C
:10BDA0001C46F7D1E8E737B50D46ADF80420FFF79C
:10BDB000F4FA044600F12003024601992846E6F70A
:10BDC000FDF8236A0133236223B994F82430013348
:10BDD00084F8243003B030BD37B50D46ADF80420EB
:10BDE000FFF7DBFA01990446024600F110032846EA
:10BDF000E6F748F930B123690133236113B9237D94
:10BE00000133237503B030BD08B54FF40060E2F78D
:10BE100035FC40B94FF48050E2F730FC40B9BDE842
:10BE20000840E6F791BCFFF7ABFA0028F2D008BD56
:10BE3000FFF7AAFA0028F2D0F9E741F0004141F4F7
:10BE4000E0210160704707B501A8019105F079FD77
:10BE5000002003B05DF804FB704770470020704776
:10BE60007047704710B5DC1D043383734379C47188
:10BE700023F0030343F003030E24437101234473AF
:10BE80008371C3730182827410BDD31CC3713E23BE
:10BE900043734379827323F0030343F00303437135
:10BEA0000123C173837170470F234373042383738A
:10BEB0004379A0F8111023F0030343F00303437107
:10BEC00040F20173C3800123C27303747047D31C13
:10BED000C3714379417323F0030343F003034371B8
:10BEE000012382738371704708B50023FFF7BAFFFF
:10BEF000BDE80840E2F768B82DE9F8438046022023
:10BF0000894617461E4605F0E0FED0B10C23437368
:10BF10000823837340F601334579C38025F0030578
:10BF20009DF8203045F003054571A0F8108080F899
:10BF30001290A0F81370A0F81560C373E2F744F8EC
:10BF40000120BDE8F88308B5022005F0BEFE30B13F
:10BF500001221121FFF799FFE2F736F8012008BD11
:10BF6000F8B504460F46164613211D460922FFF771
:10BF70008CFF83790C331C44A170E77026712B6809
:10BF8000C4F80530AB88A4F80930BDE8F840E2F702
:10BF90001BB870B5064602200D4605F096FE044615
:10BFA00068B114210422FFF770FF83790C331C441D
:10BFB000A170A4F803606571E2F706F8012070BD76
:10BFC00008B504F07CFB08BD2DE9F04107460220CE
:10BFD0000D4690461E4605F078FE0446E0B1092263
:10BFE0002121FFF752FF0A2283790C331C44BDF94B
:10BFF000183084F8038093FBF2F323729DF81C3011
:10C00000A7806372BDF92030A67193FBF2F3E5714E
:10C01000A372E1F7D9FF0120BDE8F08137B50446EE
:10C0200005F014FD3E22A379C0B20C33E518E254AA
:10C03000831E6B700D23AB70AB791C38012BE87637
:10C040008DF8073009D10023E91D1A460DF10700CC
:10C05000FEF7DEFD9DF80730AB712046E1F7B4FF37
:10C0600003B030BD704710B5E1F7E8FF83790021D8
:10C070000C33C418E078E0F70BF96168FEF7F6FFBF
:10C080000446E1F7E1FF2246BDE8104000234FF6E9
:10C090001941FFF7E7BE10B5E1F7D0FF8379002122
:10C0A0000C33C418E078E0F7F3F86168FEF7ECFFB2
:10C0B0000446E1F7C9FF2246BDE8104000234FF6D1
:10C0C0001A41FFF7CFBE70B5E1F7B8FF00218679BE
:10C0D0000446FE20E0F7DCF80546E3F76BFC50B1C0
:10C0E0000C24E1F7B1FF2246BDE87040002342F284
:10C0F0000501FFF7B7BEE3F7A3FC0028F0D10C362B
:10C100003444237AE61C9B09022BE9D0012B18D971
:10C11000237AA11C03F03F02073443F0C00311F857
:10C12000010F8C4242EA000203EA0003F7D1002A21
:10C13000D6D0FF2BD4D055B93046E2F7EBF9002426
:10C14000CFE73146E2F7ACF90028E1D0C8E7314645
:10C150002846FEF7A9FF0028EED1C1E72DE9F041FE
:10C16000E1F76CFF837900250C33C418E678E1F71A
:10C1700065FF0768E1F762FFA6F1FE0359425941E6
:10C1800005603046E0F784F83B4629462279FEF701
:10C19000C7FE0446E1F758FF2B462246BDE8F041B2
:10C1A00042F23701FFF75EBE2DE9F041E1F746FFAD
:10C1B000837900250C33C418E678E1F73FFF076860
:10C1C000E1F73CFFA6F1FE035942594105603046B4
:10C1D000E0F75EF83B4622790121FEF7A1FE044616
:10C1E000E1F732FF2B462246BDE8F04142F238012A
:10C1F000FFF738BE2DE9F047E1F720FF83790C33D4
:10C20000C418277994F8038027B9B8F1010F27D013
:10C21000E0F7A8FA00260534BE420ADB0025E1F764
:10C2200013FF2A46BDE8F047002342F23901FFF729
:10C2300019BE2078B4F80150A0F1FE0359425941CB
:10C2400094F803900434E0F723F858B12A464B469B
:10C250004146E0F781F905460028E0D10136DBE7E9
:10C260001225DCE74225DAE710B5E1F7E7FE83792E
:10C2700000210C33C418E078E0F70AF880B1211DE2
:10C28000FEF712FF00280CBF0C240024E1F7DCFEAF
:10C290002246BDE81040002342F23501FFF7E2BD1F
:10C2A0004224F3E7FE282DE9F843064689469046E6
:10C2B0001F4616D0022005F008FD044690B1062264
:10C2C0001221FFF7E2FD1223A57920460C35254403
:10C2D000AB7085F803902E71A5F80580EF71E1F73A
:10C2E00073FE0120BDE8F883704710B5E3F762FBE9
:10C2F0000446FEF785FC2043C0B210BD38B5E1F717
:10C300009DFE8379C17903F10C020244CB1A02200D
:10C310000021B2F8035005F003FE044640B9E1F7EE
:10C3200093FE0722BDE8384042F21901FFF7BCBD79
:10C330002846E0F77DFC38B12146E3F7A5F804462E
:10C34000E1F782FE2246EDE72046F2F787F8022465
:10C35000F6E770B5E1F772FE83791844B0F80F6024
:10C36000B0B2E0F765FC80B1002100F0CAFE0546DE
:10C37000E1F76AFE044602232A4642F21B01FFF758
:10C3800071FDA3791C44668270BD0225F0E770B58B
:10C39000E1F754FE83790C33C418B4F803502846EF
:10C3A000E0F746FCA0B1611D00F0ABFE0646E1F7E8
:10C3B0004BFE04460223324642F21A01FFF752FDB9
:10C3C000E37923449D72E3792D0A1C44E57270BD24
:10C3D0000226ECE710B5E1F731FE83790C331844FF
:10C3E0004479B0F80300E0F723FC60B12146E2F79E
:10C3F00027FE0446E1F728FEE2B240F20641BDE81E
:10C400001040FFF751BD0224F4E770B5E1F716FEC6
:10C4100083791844B0F80F5008F082FD044628468E
:10C42000E0F706FC80B11621FFF7F6FB0025204659
:10C4300008F068FDE1F708FE2A46BDE870400023D9
:10C440004FF60441FFF70EBD0225F0E7F8B5E1F71E
:10C45000F5FD847905460C340444B4F80300E0F794
:10C46000E7FB064640B9E1F7EFFD0222BDE8F840E0
:10C4700042F21301FFF718BDAB79E97903F10C0221
:10C480000220CB1A2A44002105F04AFD014618B9C2
:10C49000E1F7DAFD0722E9E7837903338371304658
:10C4A000B4F80D50B4F80F70E2F778FD04463A4640
:10C4B00029463046FFF77AF8E1F7C6FD2246D5E770
:10C4C00038B508F02DFD0446FFF70FFF00280CBF1C
:10C4D0000C250025E1F7B8FD2A4642F20E01FFF7D0
:10C4E00003FDE3F7E7FD2046BDE8384008F00ABD4C
:10C4F00010B5E1F7A3FD83791844B0F80F00C0B27E
:10C50000E0F736FFE1F7A0FDBDE81040002342F25E
:10C5100024011A46FFF7A6BC2DE9F8438146022004
:10C52000884617461E4605F0D0FB044690B10A2205
:10C530000321FFF7AAFC0023A57920460C352544EA
:10C54000EB70A5F80490A5F806802F816E81E1F7C5
:10C550003BFD0120BDE8F8832DE9F043814685B01D
:10C5600002200E461F469DF844808DF80F2005F0EE
:10C57000ACFB0546002844D022222921FFF785FC88
:10C580000022AC7930460C342C4404F10E0304F143
:10C590001401C4F80E209A806261228300913A4609
:10C5A0000DF10F01FEF735FB9DF84030A4F8049023
:10C5B000E37006F00103A3719DF80F3016F0FD0F34
:10C5C000E3713B68A360BB88A3814FF6FF7304D07F
:10C5D000032E08BF43464FF0FF08BDF83020284621
:10C5E0006283BDF8342084F82180A283BDF838200E
:10C5F0006384E2839DF83C2084F82020E1F7E4FC8A
:10C60000012005B0BDE8F083F8B5074602201646C4
:10C610001D4605F05AFB044690B10C220421FFF799
:10C6200034FCA1799DF818300C31214420468F80CC
:10C63000C1F80660C1F80A50CB70E1F7C5FC0120D3
:10C64000F8BD70B5064602200D4605F03EFB0446D7
:10C6500068B103223021FFF73AFCA37920460C335E
:10C660002344A3F803609D70E1F7AEFC012070BD88
:10C6700070B5064602200D4605F027FB044688B13A
:10C6800004220821FFF723FCB5FA85F2A3795209A9
:10C690000C3323442046A3F803605A719D70E1F7E0
:10C6A00093FC012070BD2DE9F843814602208846A5
:10C6B00017461E4605F009FB0446B0B10B220721C0
:10C6C000FFF7E3FBA579BDF820300C352544204663
:10C6D000A5F80390A5F80580A5F80770A5F80960EE
:10C6E000A5F80B30E1F770FC0120BDE8F883F8B540
:10C6F000074602200E46154605F0E7FA0446A0B1AB
:10C700000D220521FFF7C1FBA37920460C332344FA
:10C71000A3F80370A3F80D602A68C3F805206A68BF
:10C72000C3F80920E1F750FC0120F8BD2DE9FF41D5
:10C7300016466A4680460F4615460A9C03F1100EBF
:10C740009446186859680833ACE80300734562469C
:10C75000F6D124B9022005F0B8FA044608B31D2228
:10C76000ED212046FFF791FBA3790C332344A3F876
:10C770000380A3F80D702EB13268C3F805207268EB
:10C78000C3F809200F3304AE2A4603CAB242186028
:10C790005960154603F10803F6D12046E1F714FC71
:10C7A000012004B0BDE8F08113B513218279019016
:10C7B0000C32841881544FF44072C280E1F704FABD
:10C7C000A07020B901A805F0BCF802B010BD80002F
:10C7D000013060700198E1F7F7FBF6E770B50646A7
:10C7E00002200D4605F071FA044678B104220521B5
:10C7F000FFF76DFB0022A37920460C332344A3F8F6
:10C8000003605D719A70E1F7DFFB012070BD13B525
:10C81000837901900C33C418C05CE0F709FA20B9A1
:10C8200001A805F08EF802B010BD6378019913F0ED
:10C83000300F0CBF012200228B7904338B714B79AE
:10C8400062F300034B71E0F701FFECE72DE9F041E3
:10C85000E1F7F4FB83790C33C418B4F803801FFAB2
:10C8600088F0E0F7E5F9054600B3A2796179FEF7B3
:10C87000ACFE0646E1F7E8FB07460223324642F2E9
:10C880007A01FFF7EFFABB7938463B44A3F81280F0
:10C89000E1F79AFB46B9A37933B12846FFF776F85A
:10C8A00001462846FEF73BFDBDE8F0810226E1E7A0
:10C8B00000F0BCBE50E8003F0B4340E80032002AC5
:10C8C000F8D17047704770B50E461546E0F7A4FBE7
:10C8D000044648B93046E0F70FF8044620B9284628
:10C8E000E5F752FE044640B10020E0F795FB00203A
:10C8F000E0F702F80020E5F747FE204670BD4FF450
:10C900000010E9F79DBEE4F761BFE1F7E5BD38B57A
:10C91000044601F036F8054658B9C820E5F79CFDF5
:10C92000C82202212846E5F757FD8442A8BF0446E5
:10C9300024B22046E5F790FD01F023F8BDE8384029
:10C94000C8220221E5F748BDB0F90020B1F9003056
:10C950002DE9F0479A4204460D4648DC08F0E0FA1B
:10C960008046E0F705FC00283ED1E5F72BFD824626
:10C9700001F007F8C8220221E5F72EFD47F6FF7304
:10C98000B5F9002081469A4202D1E5F73FFD2880A3
:10C9900047F6FF73B4F900209A4202D1E5F730FD63
:10C9A0002080B5F90000FFF7B2FFB4F90030074668
:10C9B0008342C8BF2080B4F90000E5F72DFDFEF7E3
:10C9C000A2FC064658B15046E5F726FD4846E5F775
:10C9D00043FD404608F096FA3046BDE8F087E5F79B
:10C9E000F1FC20802F80F4E741F20C06F1E72126CC
:10C9F000F2E74368143B4360A0230B6070471AB909
:10CA00004268A2EB530242600A6802EB83020A60AA
:10CA10007047884210B51BD8052819D9B1F5486F61
:10CA200016D8B3F5FA7F13D240F67644A2F10A0085
:10CA300080B2A0420CD8BDF8080001339BB243433A
:10CA40004B435B00B3EBC20F94BF0120002010BD2D
:10CA50000020FCE7C94350E8003F0B4040E80032AB
:10CA6000002AF8D17047002070472DE9F0410446B4
:10CA70000E4600250127214685F00100FEF786FCC1
:10CA80004FF48051FFF7E6FF8368804633B938469C
:10CA90000DB1BDE8F08101250746ECE7028AB242FC
:10CAA00006D100220121204698470028EFD1EFE768
:10CAB0000268D10502D500221146F4E79307E6D5B6
:10CAC0002046FEF7ACFC02460028E0D10521D8F84C
:10CAD0000830E8E708B5FEF772FC002303804360E6
:10CAE00008BD70B506460C4608F01AFA05463046F1
:10CAF000FEF765FC30B103781C4304704FF40070FE
:10CB0000E9F79EFD2846BDE8704008F0FBB9E0F764
:10CB10009DBD07B542798DF8071022F0030242F05F
:10CB20000302427140F203320DF10701C28001227B
:10CB300004F0E3FE03B05DF804FB70B50C46054657
:10CB4000072120461646FFF7E4FF2046E1F7CAFE1C
:10CB5000214646702846BDE87040E0F777BD38B5FD
:10CB60000C4600210546FEF771FC47F6FE73241AB9
:10CB7000A4B29C4205D928462821FFF736F80020A8
:10CB800038BD0120FCE738B504460D4601460020BB
:10CB9000FEF7FCFB03689B0505D429462046BDE84B
:10CBA0003840FFF7DCBF002038BD2DE9F0411546C5
:10CBB0001F469DF81880FEF7E9FB044608F0B0F91F
:10CBC000B8F1010F064623D154E8003F43F48073C7
:10CBD00044E80032002AF7D105B354E8002F42F4AC
:10CBE000007244E80023002BF7D1FF212046FFF715
:10CBF00031FF54E8002F48EA020244E80023002BEA
:10CC0000F7D13046A5602782BDE8F04108F07AB937
:10CC10004FF480712046FFF71DFFDDE74FF40071F0
:10CC20002046FFF717FFE0E773B5064601200C46E4
:10CC3000FEF7ACFB002305461A460093214630461A
:10CC4000FFF7B3FF6B6863B14FF480712046E0F7E4
:10CC500019F855E8003F43F4007345E80032002A14
:10CC6000F7D108F05DF905462046FEF7A8FB28B18C
:10CC700003881BB14FF40070E9F7E2FC284602B0CC
:10CC8000BDE8704008F03EB938B505460C46FEF7E1
:10CC90007DFB83684BB10221204600229847214644
:10CCA0002846BDE83840FFF7BFBF38BD012938B579
:10CCB00005460C4608D0CC1E012C03D801460120A5
:10CCC000FFF7E2FF012038BD2221FEF7BCFB204622
:10CCD0002946FFF7D9FF0020F5E708B5FEF756FB18
:10CCE000006800F0F00008BD10B5014604460120C0
:10CCF000FFF7F3FF20B92146BDE81040FFF7EDBF75
:10CD000010BD70B506460C4601460120FEF73EFBFD
:10CD1000314605460020FEF739FB2B6802680146C4
:10CD200043EA0200C0051ED49B0502F4007203D43E
:10CD30009AB94FF0FF3070BD2B8A1B1B98B27AB1A5
:10CD4000098A091B89B28842A8BF08464FF6FF73BB
:10CD5000984208BF4FF0FF30EDE74FF6FF70EFE766
:10CD60004FF6FF71EFE70120E5E72DE9F3410446B7
:10CD70000191014601201546FEF708FB21460646B3
:10CD80000020FEF703FB80462046FEF708FB8106E5
:10CD900006D501A804F0D5FD0C2002B0BDE8F08155
:10CDA00008F0BEF8336807469A0503D4D8F8003077
:10CDB0009B0509D50199301D8D6004F0A9FE384608
:10CDC00008F0A0F80020E8E708F09CF82046019958
:10CDD000A847E2E738B5014604460120FEF7D6FA37
:10CDE00005460C3004F0ADFD281D04F0AAFD2146D7
:10CDF0000020FEF7CBFA04460C3004F0A2FD201D03
:10CE0000BDE8384004F09DBD70B5014605460120DF
:10CE1000FEF7BCFA0646043004F010FE044670B17A
:10CE20004FF400713046FFF715FE21462846A368EF
:10CE3000984720B12046BDE87040F1F70FBB70BDA8
:10CE400000238260C0E90031704708B50B460146F7
:10CE50001846FEF79BFA0068C0F3402008BDFFF7B4
:10CE600025BFCB1E012B70B504460D46164606D8CD
:10CE70001A21FEF7E8FA40212046DFF703FF324689
:10CE800029462046BDE87040FFF710BF38B504467C
:10CE90000D46FEF7C4FA28B1012D04D12221204607
:10CEA000FEF7D1FA002038BDF8B50C468B7907465D
:10CEB0000B44D3F80D60D3F811303246E0F7A8FBED
:10CEC00009212046FFF725FE2046E1F70BFDA57955
:10CED000E1F72EFC0C3566F0FF0625440640C5F848
:10CEE0000160E1F725FC3846C5F805102146FFF73B
:10CEF0000EFE02213846FFF7F4FDF8BD70B50E4670
:10CF0000054601460020FEF741FA012E044603D0F3
:10CF1000022E11D0012070BDC16828468B791944BA
:10CF20000D31FEF73BFBE068F1F798FA0020294647
:10CF3000E060FFF779FEEDE7C068F1F78FFA0023B4
:10CF4000E360E7E738B50D46044601460120FEF7E9
:10CF50001DFA012D08D100F112012046FEF71EFB3B
:10CF600021462846FFF760FE012038BD08B5FEF7D0
:10CF700016FAC0F3C00008BD08B5FEF718FA00F0B5
:10CF8000010008BD38B50C4602210546FEF711FA2E
:10CF90000C212046FFF7BDFD2046E1F7A3FC4FF032
:10CFA000FF3383700223C3700E2343706FF02F038F
:10CFB00003710523214643712846BDE83840FFF739
:10CFC000A6BDF8B504460D46DFF746FE4FF0FF312B
:10CFD00080B2FDF708FE2046FFF7C8FF80F001078A
:10CFE000FFB221463846FEF7D1F90646C068012D4A
:10CFF000837903D0022D20D00120F8BD0C33C51851
:10D000002B892046EA88A988FEF7A0FB69886A7800
:10D0100049005200204689B2FEF7E1F9F068F1F7C5
:10D020001DFA002320464FF48031F360FEF7C4F967
:10D0300021463846FFF7F8FDDEE7F1F70FFA002347
:10D040004FF480312046F360FEF7B6F9D4E70429A7
:10D0500010B5044601D0002010BDFFF787FFC0F1D6
:10D060000200E1F70BFB0028F5D104F02EFE01468B
:10D0700008B90220F0E72046E1F7B4FF0028F8D114
:10D080000120E9E708B5FEF78AF9C0F3C00008BD42
:10D090002DE9F0410F4604469046FFF7F3FF80F07C
:10D0A0000105EDB221462846FEF770F9012F06462C
:10D0B00003D0032F0FD001200BE02046FEF737FEF0
:10D0C00022212046FEF7BFF928462146FFF7DCFD66
:10D0D0000020BDE8F081C068F1F7C0F900232046C8
:10D0E000F360FEF724FE20465FFA88F1FEF7ABF905
:10D0F00020462021DFF7C6FD21462846FFF7C4FD64
:10D10000D9E737B504460D46FEF751F903054CD56E
:10D11000022004F0DAFD0190002848D0204645B3F3
:10D12000FFF7B0FF50B105210198FFF7F2FC01981D
:10D13000E1F7D8FB20460199FFF7E9FC2046294694
:10D14000FEF700FE2046FFF79DFF78B94FF400611F
:10D150002046FEF729F906210198FFF7DAFC01982D
:10D16000E1F7C0FB20460199FFF7D1FC002003B096
:10D1700030BDFFF787FF68B10199032306222046DF
:10D18000E1F7C2FB2046FEF7D2FD21462846FFF715
:10D190007BFDEBE701A804F0D4FB20463D21FEF720
:10D1A00024FD2046FEF7C3FDE0E70C20DFE7072063
:10D1B000DDE7F7B5014604460020FEF7E7F805462F
:10D1C00000F112074FF48060E1F758FA50B9204699
:10D1D000DFF742FD3A46698B80B203B0BDE8F0400C
:10D1E000FFF785BA2046DFF737FD064620466D8BF0
:10D1F000FEF7D3F800220346009229463A46B0B221
:10D20000FFF794FA03B0F0BD83781A2B09D81B23DB
:10D2100083700288B2F5A47F07D24FF4A473038011
:10D2200007E0FB2BF5D9FB23F2E744F290239A4267
:10D23000F5D87047F0B50446CA798B7987B043EAD0
:10D240000223ADF80C308B8803A88DF80E30CA7815
:10D250008B7840F6480543EA0223ADF810300B887E
:10D2600005A98DF81230FFF7CFFF04A8FFF7CCFF18
:10D270002046FEF7EAFC0B212046FEF7A0FC44F214
:10D280009023002818BF1D46BDF80C709DF80E3085
:10D29000BDF81460BDF810209DF816009DF812101E
:10D2A000AF42D4BF00970095FB2BA8BFFB23B2422F
:10D2B000A8BF32468142A8BF01462046FEF7D3FAF6
:10D2C00007B0F0BD37B5144605461046FFF721FC00
:10D2D0002046E1F707FB01A904462846FEF7B5FC06
:10D2E0000B212846FEF76BFC6FF0040363700023EC
:10D2F00044F29022A37040F64803002818BF13465A
:10D30000A4F803309DF80630A4F80530BDF80430C9
:10D31000A4F8073003B030BDFFF7C8BC022973B5CD
:10D3200005460C4603D00024204602B070BD0521FE
:10D33000FEF716FC0028F6D0E0F720F81B28F2D9FB
:10D340004FF40040E1F79AF90028ECD104F0BDFC5D
:10D3500006460028E8D0284601A9FEF776FC3146AB
:10D3600028469DF80630BDF80420E2F70FF90028A2
:10D37000D9D10124D8E730B190FAA0F00123B0FA56
:10D3800080F08340D8B2704770B50646FEF70FF8BC
:10D3900080F0400402060546C4F3801406D4082138
:10D3A0003046FEF7F2FB08B144F00204EB0506D468
:10D3B0000B213046FEF7E9FB08B144F00404204697
:10D3C00070BD2DE9F843044691460F46FDF7EFFF87
:10D3D000C0F340152046FEF7D6FA2146804628467F
:10D3E000FDF7D4FF494606462046FEF72CF898F88C
:10D3F0000110384601F00F0100F005FA062814BFAD
:10D40000014600212A462046FEF761FA21462846B9
:10D41000FFF70AFC20212046FDF7CEFF56E8003F2B
:10D4200043F4805346E80032002AF7D1BDE8F88380
:10D43000F8B50E4604461546FDF7B9FF032EC0F3B6
:10D4400040170DD0042E16D0012E12D122212046D5
:10D45000FDF7F9FF38462146FFF716FC0020F8BD1E
:10D46000EAB200212046FFF7ACFF21463846FFF71D
:10D470000BFC0120F3E70C22F3E7012910B5044669
:10D480000BD1FDF794FF2146C0F34010FDF77EFF5E
:10D490000022817C2046FFF794FF012010BD2DE97A
:10D4A000F7430F460546FDF782FF00F02009C0F361
:10D4B00040182846FEF767FABB790C333B445E7888
:10D4C0009B781E400378C3F3030000EA131030403A
:10D4D000FFF751FF044648B9B9F1000F06D12846BD
:10D4E000FFF752FF3040FFF746FF04462846FEF79D
:10D4F0004DFAE4F721F8A04223D01CB302212846BC
:10D50000FDF7A4FF002106462846FEF7BDF81821C6
:10D510003846FFF7FEFA3846E1F7E4F9B6B2394685
:10D5200044708470A0F803602846FFF7F0FA2346A1
:10D530002246294640460096E2F762F803B0BDE86D
:10D54000F08300242646E2E770B504460D46FFF757
:10D55000CBFB28B929462046BDE87040FFF79FBFA6
:10D56000402829462046BDE870404FF0160314BFFE
:10D570002A222322E1F7C8B938B505460C46FDF743
:10D5800016FF830604D42046BDE83840F0F766BF96
:10D5900021462846BDE83840FFF781BF73B58C7936
:10D5A00006460C340C440D46FDF701FFA278C0F38B
:10D5B0004010032A14D0052A28BF00226378032BC9
:10D5C00010D0052B28BF0023B4F80310009131467A
:10D5D000E2F716F8284602B0BDE87040F0F73EBF0B
:10D5E0000022EBE70023EFE708B58B790B441B7BA8
:10D5F000162B03D0172B05D0002008BDFFF7A4FF82
:10D600000120FAE7FFF7B8FFFAE708B58B790B447A
:10D610001B7B162B03D0182B05D0002008BDE2F78A
:10D6200019F80120FAE7FFF7B9FFFAE770471FB5CD
:10D630004A1E042A03460C465FD8012902D10088FD
:10D6400004B010BD022905D100885B88984238BF1C
:10D650001846F5E74A00014601A803F0E4FE032C52
:10D6600007D10023ADF80A304FF6FF73ADF80C3048
:10D6700001E0042CF8D0BDF80620BDF80430934238
:10D6800084BFADF80630ADF80420BDF80A30BDF80F
:10D690000C20934288BFADF80A20BDF80A2088BF4D
:10D6A000ADF80C30BDF80430934288BFADF80A30B5
:10D6B000BDF80620BDF80C309A4288BFADF80630A0
:10D6C000BDF80820BDF80630934284BFADF808309D
:10D6D000ADF80620BDF80A30BDF808209A4288BF90
:10D6E000ADF80830BDF80820BDF806309A4238BFC2
:10D6F000ADF80830BDF80800A2E74FF6FF709FE7CD
:10D70000830705D410F0040F14BF032001207047D5
:10D7100002207047012804D0022804D030B9E3F772
:10D7200073BBE3F761BB0020E2F78ABC704710B11E
:10D73000012803D070470120E2F782BC0020FBE7FC
:10D74000F7B51F468B1E012B05460C46164613D80F
:10D75000FDF759FA0023CDE90005F01A18BF0120A2
:10D760001A463946FDF75DFA80B1022C0BD12846E6
:10D77000E0F7AAFE002004E00029F8D0012902D039
:10D78000FF2003B0F0BD2846E0F7E2FE0120F8E7F5
:10D7900070B50D4600219DF810600446817106F1B8
:10D7A0000C014173111E18BF012103F00F00237BF0
:10D7B00040EAC11003F04003184320732B469DF844
:10D7C000141004F10E00FFF7BBFF237B0E3660F34D
:10D7D000861323732B686361AB882383A379334457
:10D7E000E37170BD08B5E4F757FBBDE808400020C1
:10D7F000E4F7C0BBC94350E8003F0B4040E80032AB
:10D80000002AF8D17047022808D0042803D0012844
:10D8100018BF0620704701F00101C81C7047E4F7EB
:10D82000AFBB0A2802D80130C0B27047242801D803
:10D830000230F9E7252805D0262805D0272818BF6B
:10D84000FF207047002070470C20704708B5E3F7B1
:10D85000EFFEBDE808404FF00060E8F7F1BE08B504
:10D86000E4F794FB20B1BDE808401020FFF7EEBFBD
:10D8700008BD704770477047704770470020704779
:10D880007047704770477047704710461946704799
:10D8900000200021704703F0ACB8E9F71FBD03F08A
:10D8A00061B908B5E4F7ECF820B1BDE80840042000
:10D8B000FFF7CCBF08BDD7F731BF10B50446084607
:10D8C000E3F75CFEB4F90820824203D02081E4F73C
:10D8D00089FC608110BDF0B587B00D4616468DF805
:10D8E000070002B9A3B329469DF80700FDF79FF989
:10D8F0000446B8B929469DF80700FDF79CF940BBDE
:10D9000016B39DF80710003918BF012128460DF104
:10D910000F02E4F7F9FDF8B99DF80F40013418BF84
:10D92000012416E004AF012239460DF10700FDF78E
:10D9300080F904464EB19DF80730191E18BF012129
:10D94000002818BF3D46E1E70124FDF75FF900B963
:10D950000124204607B0F0BD4FF0FF34DEE7CB08CE
:10D96000C25C012301F007018B401A4214BF012061
:10D970000020704770477047024619460020E4F7C0
:10D980002BBD002070470020704707B500214FF0E5
:10D99000FF336A46084600938DF80430E4F736FEFC
:10D9A00003B05DF804FB38B50546006803F054FE8B
:10D9B0000446287900F01F0003F04EFE2044C0B258
:10D9C000012894BF0020012038BD7047F8B5878832
:10D9D000C38804469F420E4615460BD2FFF71FFF31
:10D9E000A288E3889B1A013390FBF3F202FB130039
:10D9F0000744BBB23380FFF712FF33880133B0FB1B
:10DA0000F3F202FB13039BB22B80228961898A42C5
:10DA100008D839B1934238BF13462B8062899A42A5
:10DA200038BF2A80F8BD70477047704701207047A3
:10DA300070478160704741EA002008B540F49020AB
:10DA4000FBF7D9FA014640B110F1880F05D0BDE8C7
:10DA5000084040F20740F2F7A9B808BD012070471E
:10DA600070B50C46064611461D46E4F7A1FE58B1B6
:10DA700044EA06206FEA40406FEA50402A46BDE87B
:10DA8000704080B2E8F752BE40F2064070BD837924
:10DA900001461A0703D506220020E4F709BF9B06BA
:10DAA00002D506220120F8E74FF0FF307047837956
:10DAB000532B01D1E4F72EBFFFF7E9BF70B506463F
:10DAC00014461D46E4F774FE10B90024204670BDCC
:10DAD00041EA06206FEA40406FEA50402A4621465C
:10DAE00080B2E8F73FFE0028F0D0EEE708B5E6F791
:10DAF000D5FE002008BD014608B500F03800E5F766
:10DB00006BFB78B1D0E901324078C1F3074110F0E6
:10DB1000020F08BF1346043B53F8040F10B10278FC
:10DB20008A42F9D108BD38B505460C4604B938BD5E
:10DB3000013C55F824301B69002BF7D09847F5E7D6
:10DB400070477047F8B543780546DB0701D4E5F721
:10DB500073FB00266B786F6823F00C0343F002031D
:10DB60006B7057F826402CB9202005F10C01F0F716
:10DB7000BFFC0FE0A3680136002BF2D098470446A3
:10DB80000028EED031463846FFF7CDFF6B7823F002
:10DB900002036B702046F8BD4078C0F34000704728
:10DBA000437813F00E0F0CBF01200020704710B512
:10DBB000E5F7ACFB0446E5F7BDFB204610BD08B514
:10DBC000E5F70AFBC068003818BF012008BD08B59A
:10DBD000E5F702FB20B1BDE80840C06803F0E2BEF3
:10DBE00008BD38B5E5F7F8FA044650B107F098F9E2
:10DBF000054604F10C0003F0C2FE0446284607F077
:10DC000081F9204638BD37B50D461446C2B1B1F58D
:10DC1000827F17D3FFF7E5FF01460190A0B10023F3
:10DC20002A46204603F07CFE01A803F08AFE224625
:10DC3000022052F8041BFFF784FF002003B030BD20
:10DC40002220FBE72120F9E72D20F7E737B583797C
:10DC5000019003440446D86800F03800E5F7BCFAA8
:10DC6000054628B901A803F06CFE022003B030BDC0
:10DC7000204603F070FE07F053F90446019905F1C0
:10DC80000C0003F045FF204607F03CF9E8F760FC84
:10DC90000020EBE72DE9F04104461F462502C4F3BE
:10DCA000072305F4E06524F47F441D4324F0C704F2
:10DCB000EE1944F080048B7944EA16243602B6B299
:10DCC0000C333443084601EB0308CC501146FFF7F0
:10DCD000BDFF20B94544EF704046BDE8F0814FF0EC
:10DCE0000008F9E7427810B50432044601F0040058
:10DCF000D2B2002140F0290004F0A8F818B18379CD
:10DD000022680344DA6010BD10B50021FFF7EAFF76
:10DD1000044608B9002010BD0179FFF797FF0028DD
:10DD2000F8D1A3790C33E018F5E72DE9F041174657
:10DD30001A46036801F004011C0204F4E064C3F312
:10DD400007231C4341F02905043406463B4621467F
:10DD5000284604F0E5F8804650B1E1B203F031FE08
:10DD60003B462A4641463068BDE8F041FFF792BF86
:10DD7000BDE8F0812DE9F341002401F004010768BA
:10DD8000064641F02905106829461460019003F009
:10DD9000E2FD019803F05AFE390201F4E061C7F395
:10DDA0000727394380460122043101A803F0CAFF46
:10DDB00030B101A803F0C5FD204602B0BDE8F081F6
:10DDC00043462A4601993068FFF764FFF5E7A0F85B
:10DDD0006E10704701238B4090F87110194380F842
:10DDE0007110704708B50120F0F7F8FAC0B208BD0D
:10DDF00083790C331844704710B50446A1F1140020
:10DE000003F024FE201A20EAE07080B210BD70B545
:10DE10001C460D461646FFF7EFFFA04207D32246E9
:10DE20003146A5F1140004F04EF8012070BD002029
:10DE3000FCE770B506460D4614467AB90A462046F8
:10DE4000082104F003F8044690B92A460821292045
:10DE500003F0FCFF044658B9204670BD104603F09D
:10DE600070FD204603F025FF08231D44A371E571D2
:10DE7000A3790C331C442670EEE72DE9F0411646D9
:10DE8000069A074688461D46FFF7D3FF0446F0B1C1
:10DE900014382A463146069004F015F8854217D901
:10DEA000069B06A81C7904F0200403F04AFD74B90F
:10DEB00042460821292003F0C9FF2A463146069030
:10DEC00004F001F8854206D906A803F03AFD0024C3
:10DED0002046BDE8F081069A93790C33D418D754C4
:10DEE000F6E711B11439E5F7C9BB1A20704738B508
:10DEF000002204460D4602200321FFF79AFF014647
:10DF000008B1A0F801502046BDE83840FFF7E9BF4E
:10DF1000F8B504460F46164605210120069A1D460F
:10DF2000FFF787FF014638B14770468005712046EC
:10DF3000BDE8F840FFF7D5BFF8BD38B50D46032161
:10DF400004460846FFF775FFA0F801500146204639
:10DF5000BDE83840FFF7C5BF73B505460846114612
:10DF60006C891A46641ABDF81830A4B29C4228BFC6
:10DF70001C46079B089E00932346FFF77EFF014641
:10DF800030B12846348002B0BDE87040FFF7A9BF29
:10DF90001A2002B070BD012110B5002204461320E2
:10DFA000FFF747FF014620B12046BDE81040FFF7CC
:10DFB00098BF10BDF7B54489054618460F4616466A
:10DFC000019303F043FD053CA4B2844203DA011B34
:10DFD00001A803F0DDFD0521019803F07AFE01465A
:10DFE00028B901A803F0ADFC1A2003B0F0BD837975
:10DFF0000C33C2181720C8542846A2F80170A2F8A2
:10E000000360E5F73BFBF0E7012110B50022044671
:10E010001920FFF70EFF014620B12046BDE8104051
:10E02000FFF75FBF10BD73B50E460021448905465A
:10E03000033CA4B2A342009128BF234603211B2026
:10E04000FFF71BFF014670B1012210F80F3CA0F84A
:10E05000016062F3071300F80F3C284602B0BDE8E8
:10E060007040FFF73EBF1A2002B070BD73B50E4678
:10E07000002144890546033CA4B2A342009128BF75
:10E08000234603211D20FFF7F8FE014638B1A0F812
:10E090000160284602B0BDE87040FFF722BF1A2099
:10E0A00002B070BD4B88042B07D1836C08885B8954
:10E0B00098428CBF002001207047002070475328F1
:10E0C00038B505460C4604D1BDE838400846F1F79E
:10E0D000F1BD0620F0F758FB68B96379142D03F001
:10E0E0003F03637104D0722D08D163F03F03637165
:10E0F0000020A57138BD40F20740FBE72120F9E779
:10E100000023036083808371704710B5044660B1BB
:10E11000806C50B1E5F79AFBA06C0028FAD120463C
:10E12000BDE810400321E5F7E9B910BD438907B503
:10E130008B420CD050F80C2B40F2014192F8702029
:10E14000ADF806308DF8042001AA03F028FB03B0D7
:10E150005DF804FB436943F004034361704743697E
:10E1600023F00403436170474069C0F380007047A7
:10E1700047F2305300220068EFF7E2BF006803F077
:10E180009DBA38B5436904469B070D4603D540F256
:10E190000941FFF7F3FFE5F78FFA08B1A3691D7096
:10E1A0002046BDE8384040F20941FFF7E1BF07B51E
:10E1B000027C012A09D00122027440F209429142F4
:10E1C00006D040F20A4291420ED003B05DF804FB43
:10E1D0004FF4816150F80C3B01AA93F870308DF830
:10E1E000043003F0DCFAF0E750F80C3B01AA93F896
:10E1F00070308DF80430F4E738B522F000430D4656
:10E20000114640F20322934204461AD0B3F5017F2F
:10E2100009D240F20122934213D040F202229342EB
:10E2200009D0002038BD6FF481621344012BF8D867
:10E23000FFF7BDFFF5E700F01AF9204601F0A2F85C
:10E24000EFE763699B0704D540F209412046FFF7D9
:10E2500095FF2846FFF759FFE3E708B500B10068CE
:10E26000E5F71CF908B9034602E0836C002BF7D0F0
:10E27000184608BD10B5044642F62A3000F03BFBB4
:10E28000031B5842584110BD022806D142F62A33DA
:10E290000888C31A5842584170470020704710B58B
:10E2A000044642F6293000F026FB031B5842584131
:10E2B00010BD90F8200000F0010070471FB5044623
:10E2C0006846E5F7F3FB1022694604F1210003F0EC
:10E2D00075F8B0FA80F0400904B010BD08B5FFF73A
:10E2E000EDFFB0FA80F0400908BD70B5044600F1BA
:10E2F000210591B92846E5F7D9FB236893F9750004
:10E30000E4F756FA78B120682B46BDE87040102239
:10E310000D2190F97500FFF7A3BB102200212846BC
:10E3200003F076F8E9E770BD38B50446002390F8AD
:10E33000202041FA03F0C50703D442FA03F0C007D6
:10E340001ED40133082BF4D101F0010523682A43C0
:10E3500084F8202093F97500E4F72AFA40B12346A7
:10E3600053F8200B01220C2190F97500FFF778FB80
:10E370000DB9002038BD00212046FFF7B6FFF8E7B1
:10E380001320F7E768B13F290AD800EBA10090F805
:10E39000310001F003014900084100F0030070471B
:10E3A0000020704710B50368044693F97500E4F740
:10E3B000FFF950B12346BDE8104053F8310B10224D
:10E3C0000B2190F97500FFF74BBB10BD10B590F80D
:10E3D0007430DB0706D490F97530013314BF0F2079
:10E3E000052010BD847CF1F737FB844234BF0C203C
:10E3F0000020F6E730B5044685B06846E5F756FBE1
:10E400001021684603F0A1FD2046E5F757FD6B4655
:10E41000C26804AD06321C4603CCAC4210605160A9
:10E42000234602F10802F6D105B030BD08B5E5F784
:10E4300045FD08B1E5F716FDC0B208BD013810B5BD
:10E4400080B2E5F73BFD044608B9002010BD4088C6
:10E4500000F083FB0028F8D0207BF7E708B5E5F74C
:10E460002DFD18B1007AC31F5842584108BD70B540
:10E47000054655F8213B044693F97500E4F798F9F1
:10E4800020B92846BDE87040E5F710BB234653F895
:10E49000310B10220B2190F97500FFF70FFB23467B
:10E4A00053F8200B01220C2190F97500FFF706FBB1
:10E4B00020682B46BDE8704010220D2190F97500B0
:10E4C000FFF7FCBA01302DE9F04185B228460E462F
:10E4D000E5F7F4FC42F60217044642F603089CB145
:10E4E0002046E5F7BFFC78B1204600F045FBB84276
:10E4F00005D10EB123883380607BBDE8F0812046D2
:10E5000000F03AFB404502D14FF0FF30F5E701350E
:10E51000ADB22846E5F7D2FC0446E0E72DE9F04726
:10E5200007460E4690460D4642F6021942F6030A89
:10E530000135ADB22846E5F7C1FC044678B1E5F7F0
:10E5400091FC60B1204600F017FB484505D1237AC5
:10E55000072B04D10320BDE8F0875045E8D14146A0
:10E560003046FFF7AFFF431C014604D03846BDE8F4
:10E57000F047FFF707BF0020EDE770B505460846F6
:10E580001646E5F79BFC044608B9012070BDE5F787
:10E5900069FC0028F9D0F00713D4B10734D472070E
:10E5A00002D5A3885B0732D516F0060F31D116F4D9
:10E5B0000060EBD0A38813F4006F14BF0020062086
:10E5C000E4E7A388DA0743D513F0700F0AD1980661
:10E5D00010D45806E1D52B6893F975300133DCD19E
:10E5E0000820D3E72868FFF7F1FEA388990608D52D
:10E5F0000028CBD12A6892F874209207E9D405202C
:10E60000C4E70028C2D1E4E7A3889907C7D4032050
:10E61000BCE7A38813F4E06F09D198050FD45B051C
:10E62000C5D52B6893F975300133C0D1D8E7286878
:10E63000FFF7CCFEA388990507D50028A6D12A6844
:10E6400092F874209207EAD4D9E700289ED1E6E731
:10E6500002209BE738B504460846E5F72FFC05463F
:10E6600008B9012038BDE5F7FDFB0028F9D0AB88DB
:10E6700013F4E04F0CD1980412D413F48040F1D07D
:10E68000236893F97500431C58425841C000E9E7DC
:10E690002068FFF79BFEAB88990408D50028E1D1DC
:10E6A000226892F874209207E7D40520DAE7002860
:10E6B000D8D1E2E72DE9F0474FF00009044683F88E
:10E6C00000900846A2F80090884616461D46E5F7D9
:10E6D000F5FB074620B9012300202B70BDE8F08729
:10E6E00074B1E5F7BFFB0028F5D04046FFF7D7FD32
:10E6F00030B1012385F8009004F120003380EDE76C
:10E700002B46324639462046BDE8F047E5F75AB970
:10E710002DE9FF4107460846884616460393E5F76C
:10E72000CDFB044638B903A803F00BF901252846B0
:10E7300004B0BDE8F0811FB1E5F794FB0028F2D0EA
:10E74000237A072B05D8DFE803F017262F381C178C
:10E75000172126BB0398002835D13246257A022D91
:10E7600062D0032D64D0012D3BD0002F7FD1002536
:10E7700003A803F0E6F8DAE703A803F0E2F80325BC
:10E78000D5E703A803F0DDF80625D0E703A803F0DA
:10E79000D8F88025CBE7E3685D88B54209DA03A89D
:10E7A00003F0CFF80725C2E7E3689A88B242F6D3B0
:10E7B0005D88039840B9024609E0022EEFDC039819
:10E7C00068B90246CAE7354603F040F982B29319A8
:10E7D000AB42C3DD03A803F0B4F80D25A7E702257B
:10E7E000F2E7E068063000230399304403F098F81C
:10E7F000002FBCD0237A032B39D103A803F0A1F852
:10E8000000212046E5F716FB68B30588617B384692
:10E81000FFF7B8FD0122034629463846CDF80080AF
:10E8200000F047FC002582E7E068B3188380D9E751
:10E83000039B9A79D979891AC9B2481E012810D840
:10E84000134402291A7B04BF5B7B42EA0322237B29
:10E8500032EA03038CD101233846617BE5F788F85F
:10E86000C6E70D2584E708F1FF35ADB2CEE7039B7F
:10E8700041460093384633463A7F00F000FCD1E72A
:10E88000884270B504460D46164611D8012838BF97
:10E8900001242046E5F712FB10B14388B34208D0AB
:10E8A0000134A4B22046E5F7EDFA08B1A542F0D252
:10E8B0000024204670BD70B50C4616461D46014624
:10E8C000B8B1B3B1022C01D0102C12D1E0B2E5F7EF
:10E8D0002DFA4FF6FF718842024602D141F20A102A
:10E8E00070BD3046FFF7CCFF0028F7D0288000200D
:10E8F000F6E72120F4E7002307B50122ADF8040074
:10E90000ADF8063002210DF1060301A8FFF7D3FF91
:10E91000BDF8060003B05DF804FBF8B50F461646D7
:10E92000441CA4B22046E5F7C9FA10B9013CA0B2D4
:10E93000F8BD00F021F90546304600F0F9F820B1A5
:10E94000284600F0F5F80028F0D1304600F0E9F84C
:10E9500020B1284600F0E5F80028E7D10134A4B240
:10E960002046E5F78FFA08B1BC42DBD94FF6FF70BD
:10E97000DEE72DE9F04F9A4687B08B880D460C886C
:10E98000814604A90220ADF810309046E5F7CEF993
:10E99000AB680090A888AF89059300F0C2F838B141
:10E9A000102F05D105A8E5F7A7F9022808BF02270F
:10E9B0009DF840B00BF0010B38E02046009AFFF7BD
:10E9C0005FFF0646A8B3AA886988FFF7A6FF04463A
:10E9D0003046FFF72BFD40EA0B00C0B200B30DF14B
:10E9E0000F03314648460DF11202FFF763FE9DF812
:10E9F0000F302BB1A8F80060184607B0BDE8F08FC3
:10EA0000BDF81220BA420BD13A460599019302F0A3
:10EA1000D5FC019B20B9A8F80060AAF80040EBE7FC
:10EA20004FF6FF739C4201D00134A4B26988A14221
:10EA3000C3D20A23E0E708B5E5F740FABDE808408D
:10EA400000F09AB838B505460846E5F737FA0446A7
:10EA500010B94FF6FF7038BD0DB96088FBE7E5F7D8
:10EA600001FA0028F9D1F4E770B5044642F6052012
:10EA7000FFF741FFB0B10021FFF724FD0546014635
:10EA80002046FFF77FFC06461022002104F13100EA
:10EA900002F0BEFC324629462046BDE87040002305
:10EAA000E4F766BF70BD7FB504460D461022002115
:10EAB000684602F0ADFC0026AB575A1C1BD031460D
:10EAC0002046FFF75FFC1946002BB8BFD91C04AAEB
:10EAD00002EBA10100F00302584200F0030003F032
:10EAE000030358BF43425B0002FA03F311F8102CF2
:10EAF000134301F8103C0136402EDDD16B4604F182
:10EB0000310504AE1A4603CAB24228606960134652
:10EB100005F10805F6D1204604B0BDE87040FFF7C6
:10EB200041BCA0F5205001288CBF00200120704777
:10EB300042F60303C31A58425841704708B503040C
:10EB400009D4E5F7BFF8A0F5205080B201288CBFAA
:10EB50000020012008BD0020FCE7020408B507D40E
:10EB6000E5F7B0F842F60303C31A5842584108BD0E
:10EB70000020FCE7C00B70470346B3F90230408821
:10EB8000002B01DBE5F79EB80020704708B5FFF7C2
:10EB9000F3FF42F60303C31A5842584108BD08B5B3
:10EBA000FFF7EAFFA0F5205080B201288CBF0020BB
:10EBB000012008BD1FB550F80C4BADF80A3094F891
:10EBC0007040069BADF806108DF8082040F2035106
:10EBD00001AA8DF80440039302F0E1FD10B906A8E4
:10EBE00002F0AFFE04B010BD2DE9F0414FF0000877
:10EBF00086B004460E461546CDF80C8000F1440759
:10EC000012B303A802F09DFE384602F09AFE84F883
:10EC10001C8000233246009318212B462046FFF724
:10EC200077F905F58855204650F80C3B40F2055120
:10EC300093F8703004AA8DF81030059502F0AFFDFE
:10EC4000002006B0BDE8F08143691A0710D4A84639
:10EC5000384602F094FE03460390C0B903A802F0C0
:10EC600070FE384602F06DFE0023237755B1D0E7E1
:10EC700023F00803436103A802F063FE384602F064
:10EC800060FE25772046FFF7BFF90025CBE799798D
:10EC9000204601F10C021A44B2F801600531B2F8C5
:10ECA000032099713146FFF733FDCDF80C80002821
:10ECB000CED00546D2E72DE9F84F0E4691469A464A
:10ECC00005469DF828B010B1037C012B60D0284682
:10ECD000FFF740FA3046FFF7B1FB0022314680468D
:10ECE0002846FFF71BFC07463046FFF7A4FE42F616
:10ECF000052398421CD118F0300F26D1BBF1000F2C
:10ED000033D018F0200F3FD0BA073FD5EB8B002B44
:10ED100038D153464A4631462846FFF7A7F90446FC
:10ED2000E8B940F20A412846EE83FFF721FA16E0DF
:10ED30002846FFF7BEFA0028DDD02846FFF7CEFAB6
:10ED40000028D8D041F2121409E0B907D6D03146D4
:10ED50002846FFF77FFC0028D0D000F588542846CD
:10ED6000FFF7FDF92046BDE8F88F18F0100F0BD023
:10ED7000FB070BD553464A4631462846FFF753F961
:10ED80000446ECE70524EAE72124E8E70224E6E765
:10ED90000724E7E72DE9F047002586B09DF8389075
:10EDA00090F81CA004460F4690460F9E0577B9F1D7
:10EDB000000F09D00A464B4651460096FFF7A8F8C7
:10EDC000284606B0BDE8F087BAF1080FADF81690F6
:10EDD00026D145893246043DADB29D424FF0020135
:10EDE0004FF00900A8BF1D46FFF723F80222814615
:10EDF00005A93046ADF8147003F065F82A4641467F
:10EE0000304603F060F80546831C3146204689F8F9
:10EE10000130E4F733FCADF81650BDF81600D0E72A
:10EE2000BAF10A0F0DF116020CBF0B210D21CDE92D
:10EE30000162009301224346FFF78EF81A28ECD1B5
:10EE400011233A4651462046CDF80090ADF8169071
:10EE5000FFF75EF8E1E7F0B5002589B0174601221B
:10EE600004460E460393ADF81650FFF786FB8DF867
:10EE70001500002846D13046FFF7FCF910B13046A6
:10EE8000FFF7B8FA3046FFF7E9FAB8B103A802F085
:10EE900058FD204650F80C2B237F92F8702040F24A
:10EEA00002518DF8182006AAADF81A608DF81C30B2
:10EEB000ADF81E7002F073FC09B0F0BD0DF1150342
:10EEC0000DF1160231462046FFF7F4FB9DF8153090
:10EED00002465BB9BDF81630BB4235BF0723DB1BCA
:10EEE0008DF81530D21928BFADF81630039B314686
:10EEF00001939DF8153020460093BDF81630FFF7BA
:10EF000049FFD9E72A46F1E72DE9F04F89B0029091
:10EF10001846154605930C46FEF76AFF804605988D
:10EF200002F094FD0023B0F1010AB5F80A908DF8C3
:10EF30001D3000F089801AF0010740F085805046AE
:10EF4000EFF7F2FB0646002800F08480524608F1F5
:10EF5000010102F068FA01212046059AFEF769FFD7
:10EF6000B8460AEBDA7A09F1FF3B03904FEA6A0AE6
:10EF7000BA4544DD36F81740012221462846FFF7FE
:10EF8000FCFA8DF81D0068B92046FFF773F910B13F
:10EF90002046FFF72FFA2046FFF760FA78B180236A
:10EFA0008DF81D30304603F017F8059B224600937C
:10EFB00028469DF81D300299FEF7AAFF26E00DF1C4
:10EFC0001D03214628460DF11E02FFF773FB9DF835
:10EFD0001D300490002BE5D1029B202B1BD1ABEB05
:10EFE0000803012B0BDD0DF11E010222059802F032
:10EFF0006AFF012801460CD805A802F0C9FD304679
:10F0000002F0EAFF28460399FEF76BFF09B0BDE85E
:10F01000F08F08F10208BDF81E20ABEB08039A42FE
:10F02000C2BF09F1FF33A3EB0803ADF81E30BDF8F2
:10F030001E20DDE9041002F046FFBDF81E309842A4
:10F04000DDD39844013793E7042300248DF81D3065
:10F050002646A7E71123F8E770B504460D46164685
:10F06000FFF708F940B933462A462146FFF750FB1F
:10F0700008B100F5885070BD41F20310FBE71FB5E1
:10F0800050F80C4BADF80A3094F87040069BADF880
:10F0900006108DF8082040F2015101AA8DF80440B5
:10F0A000039302F07CFB10B906A802F04AFC04B0FE
:10F0B00010BD1FB550F80C4BADF80A3094F87040F5
:10F0C000BDF81830ADF806108DF8082040F2045154
:10F0D00001AA8DF80440ADF80C3002F060FB04B0DA
:10F0E00010BDF0B5122785B00392077702220546BE
:10F0F0000E46FFF742FA044668B103A802F021FC6D
:10F1000000232B7700233246009312212346284602
:10F11000FEF7FEFE0FE0039A3046937903339371B6
:10F12000FFF79CF948B1039B3A46009331462346CA
:10F130002846FFF73FFD05B0F0BD42F62930FFF746
:10F14000DAFBB04220D1039830B903A802F0F9FBF2
:10F1500000230D242B77D5E702F078FC80B201283C
:10F16000F3D1039B28469A791344197BFFF7DCF807
:10F17000044603A802F0E5FB00232B77002CC1D145
:10F180002846FEF708FFD6E7224631462846039B6D
:10F19000FFF7BEFA0446EFE72DE9FF410392042290
:10F1A00004460D46FFF7E9F9074628B103A802F027
:10F1B000C8FB04B0BDE8F0814FF05208039A28461E
:10F1C00093790333937184F81C80FFF747F906465F
:10F1D00040B1039B4246009329463B462046FFF739
:10F1E000E9FCE6E742F62930FFF785FBA842039BDE
:10F1F0000BD19A7920461344197BFFF795F803A8A1
:10F2000002F09FFB00232377D3E7324629462046AE
:10F21000FFF77EFAF6E72DE9FF418B7904460C33C0
:10F220000B44B3F801700E463846B3F80380FFF77D
:10F23000FDF8002858D0022239462046FFF79DF9F4
:10F240000546E8B93846FFF709F968B11622227772
:10F25000B37939460533B371204643460096FFF72C
:10F26000A9FC04B0BDE8F081EFF7A0F833461B68B5
:10F270000135EDB2002BFAD10635A8421DDC092577
:10F2800004F1440002F05DFB2B463A46162120466D
:10F290000096FEF73DFE092DE3D1204650F80C3BC9
:10F2A00040F2055193F8703002AA8DF8083041F20F
:10F2B0000913039302F073FAD3E70121304602F0F9
:10F2C000CDFD01460028DAD004F1440002F020FC14
:10F2D000B37942460533B37139463346204604B00C
:10F2E000BDE8F041FEF766BE0125C9E713B5044647
:10F2F00041B9443002F025FB204602B0BDE8104081
:10F30000FEF782BE18224369027713F0080306D085
:10F31000002319460093FFF74DFC02B010BD1A46BA
:10F32000194602B0BDE81040FFF75EBC7FB5C58B43
:10F3300004462DB342F60520FFF7DDFAA84207D1B7
:10F3400000212046FEF7D1FF636923F001036361CA
:10F35000002640F20A412046FEF710FF29460DF133
:10F360000E022046ADF80E60FFF7D8F8BDF80E206B
:10F3700003460092294602222046FFF79AFEE683C2
:10F3800004B070BD2DE9F041054688B042F6052075
:10F39000FFF7B1FA064604A8E4F788FB102205F14E
:10F3A00021010DEB020002F009F850B101212846BD
:10F3B000FEF79BFF2846FFF757FB6B6923F001031D
:10F3C0006B6142F60303022003A9ADF80C30E4F7A9
:10F3D000ADFC012407464FF0000820463A464FF6A0
:10F3E000FF71FFF74DFA044610B908B0BDE8F0818F
:10F3F000FFF71CF80134A4B20028EED0A64203D1D6
:10F4000031462846E4F7B6FD214628460DF10E02A6
:10F41000ADF80E80FFF782F803460028DDD0BDF876
:10F420000E202146009228460122FFF742FED4E733
:10F4300008B5E4F729FB0020E5F7D6F9002008BD60
:10F4400013B58B7904460B441B7B0A4613F001006D
:10F4500001910AD01D2B0AD101211E20FEF7E9FCE3
:10F4600001462046FEF73DFD012002B010BD01A877
:10F4700002F067FAF8E710B504468069143002F02C
:10F4800060FAA069BDE81040183002F05ABA2DE9C0
:10F49000F0410F46144605461E46FFF7ECFF234693
:10F4A0003A4608210020D5F8188002F039FDAA69F3
:10F4B000C8F81400536923B1002054811682BDE8B6
:10F4C000F0811A20FBE770B50446084602F0BEFA48
:10F4D000A16986B28A894D8912B1521B96420CDA13
:10F4E0006389581E80B225B90A78082A04BF043BF4
:10F4F00098B2831B5842584170BD0020FCE730B5DC
:10F50000044654F80C0B8DB09DF8405090F87000F4
:10F5100042EA01428DF804001946029203A82A46E5
:10F52000079501F080FF40F20241204601AA02F057
:10F5300036F90DB030BD10B550F80C4B86B094F8CC
:10F540007040ADF80E10ADF8102040F2064103AA4D
:10F5500001938DF80C40059302F021F910B901A830
:10F5600002F0EFF906B010BD37B504460D46FFF7BF
:10F5700082FF204640F20941FEF700FE00222046AD
:10F58000A36940F207411A7050F80C3B6A4693F8A1
:10F59000703001958DF8003002F001F903B030BDF4
:10F5A00013B501910021044600F02DFF0422002331
:10F5B00020460DEB0201FFF76AFF02B010BDF0B567
:10F5C00004460F461E46154685B052B983691B781E
:10F5D000072B30D0082B14BF15460925002E18BF65
:10F5E0000D250A9802F032FAA3699A894AB15B891B
:10F5F00081B2D21A914204DD92B2891A0AA802F0AD
:10F60000C7FA204650F80C3B40F2054193F87030A1
:10F6100001AA8DF804300A9BADF806708DF80850E9
:10F62000ADF80A60039302F0BAF810B90AA802F024
:10F6300088F905B0F0BD0B25D0E7B0F80AC02DE978
:10F64000F041ACF1020C9C4505460E4617461C469F
:10F6500003DDBDE8F04100F083BE836922461981D5
:10F6600000233946FFF713FF044658B9AB69024639
:10F67000314628460E3300F08CFE044610B1284671
:10F68000FFF7F9FE2046BDE8F0812DE9F043202A7E
:10F690008FB0054617461C4603910BD941F204145E
:10F6A00021462846FFF760FF03A802F04AF90FB091
:10F6B000BDE8F083002B46D10846A2F1060802F00F
:10F6C000C5F94FF6FF765FFA88F81FFA80F94C45C6
:10F6D00010D3AB69DA88B24239D942F60203ADF8E9
:10F6E00014300223711C0093284605AB89B200F048
:10F6F000E0FD25E023463A46039906A802F010F9FA
:10F70000AB69BDF818609A88B242C7D8DA88B242AD
:10F71000C4D3BDF81A10BDF81C20B8F1000F09D0F1
:10F720002846CDF800800DF11E033C44FFF7E7FEAC
:10F73000A4B2CCE728469E8019815A8100F0D2FD00
:10F7400004460028B0D041F20A139C42A8D10024FC
:10F75000A6E72DE9F0471C4696B0836901921B7815
:10F760000646062B03D0112B60D001A81CE001290E
:10F77000104614BF4FF010084FF002080392002CFF
:10F780004CD102F063F94FF6FF7508F1020987B218
:10F79000A7420ED8B369DA88AA4237D80024214696
:10F7A0003046FFF7E1FE03A802F0CBF816B0BDE843
:10F7B000F08723464A46039904A802F0B1F8B369DA
:10F7C000BDF810509A88AA422DD8DB88AB422AD3C4
:10F7D0009DF81330282BE1D0B2465AF80C3B424634
:10F7E00093F870300DF112010DA88DF83030ADF89E
:10F7F0003250CDF844804C4401F015FE40F20441F3
:10F8000050460CAA01F0CBFFA4B2C1E7691C3046F8
:10F8100089B200F01EFD04460028C4D041F20A134C
:10F820009C42BBD0BBE741F20414B8E70129104663
:10F8300014BF12270427049284BB02F007F942F692
:10F8400002184FF6FF7185B2A5420DD8B369DB8867
:10F850008B4221D901314FF6FF72304689B200F058
:10F86000F8FC0446A0B119E023463A4604990CA8D6
:10F8700002F056F8BDF83220BDF8301042459DF830
:10F88000333007D1B269022330460A32FFF7D5FE82
:10F8900004A889E7282B06D141F20A1421463046F4
:10F8A000FFF762FEF4E73C44A4B2CDE7F0B583690C
:10F8B00087B003911B780546022B144653D10846A6
:10F8C0000491002A47D102F0C1F84FF6FF7687B2C3
:10F8D000A7420DD8A869C288B2422BD8002421467D
:10F8E0002846FFF741FE04A802F02BF807B0F0BD50
:10F8F00004220499234605A802F012F8AA69BDF86B
:10F9000014109088BDF81660814229D3D38899429B
:10F9100026D8864224D39E4222D85069927A83798F
:10F9200004340C330092034432462846FFF7E7FDC7
:10F93000A4B2CDE743694089711C0190987989B2DE
:10F940000C300344009328464FF4205300F095FCFC
:10F9500004460028C7D041F20A139C42BFD1BDE73C
:10F9600041F20414BBE703A8BEE7F0B587B0054633
:10F9700017461C46039153B9FFF7A5FD38B1012383
:10F9800022462846039900F084F807B0F0BDA96923
:10F990000B78082B05D8062B44D8032B0FD003A8CF
:10F9A0003DE00F2BFBD1039B0593002C6DD1002B69
:10F9B0006BD0224628460989FFF7BDFD59E0039820
:10F9C000059018B3ECB9102683794A890C3309895C
:10F9D000034400962846FFF792FDAB699988DA88C0
:10F9E000914217D242F60203ADF8103002230131E2
:10F9F000009328460DEB060389B200F05AFC04463A
:10FA000060B141F20A139C4204D101E0002CF8D10C
:10FA100041F21F0421462846FFF7A6FD05A801F084
:10FA200090FFB2E7039805907CBB70B302F00EF82C
:10FA30000FB386B2B7421ED2394605A802F0E2F9EA
:10FA400038B905A801F07DFF1A212846FFF78CFD83
:10FA50009BE78379F61BC218023391898371AB69E6
:10FA600000225B89B6B200902846FFF7A8FDB74296
:10FA7000E2D92146E9E7AA69284653891189059AFE
:10FA800000920022FFF79BFDF3E705A801F059FF64
:10FA9000EFE7F0B585B006461F461446039132BB2A
:10FAA000084601F0D3FF054608B3B1690B784A89CF
:10FAB000082B0BD8062B0BD9039B098930460093E2
:10FAC00013462246FFF77BFD039401E00F2B19D06C
:10FAD000B1694B89EA1892B2B2F5007F4A8117D812
:10FAE0002FB13046098900F00EFC044628B10022EF
:10FAF000234611463046FFF738FF03A801F021FFE7
:10FB000005B0F0BD3046039B0989FFF714FDDBE724
:10FB100041F20414EBE773B5836901911B78044645
:10FB2000082B15460ED8062B0ED9019E20463146CD
:10FB3000FFF7C9FC2A46034631462046FFF7A9FFD6
:10FB400002B070BD0F2BF0D001A801F0FAFEF7E76C
:10FB500030B5836987B003911B780546092B14469D
:10FB600011D105915AB9134600910F222146FFF792
:10FB700026FD21462846FFF7F7FC07B030BD05A853
:10FB800001F0DFFEF5E703A801F0DBFEF5E770B555
:10FB9000836986B003911B7805460A2B144631D140
:10FBA000059132BB059801F051FF08B9044620E0E9
:10FBB0000023022205A90DF1120001F0BBFE01286D
:10FBC00015D9BDF8126096B1059801F03FFF864245
:10FBD0000FD8BDF8121005A802F014F948B100239F
:10FBE0000090212219462846FFF7E9FCDAE741F2A6
:10FBF0000D1405A801F0A5FE21462846FFF7B4FC28
:10FC000006B070BD03A801F09CFEF9E72DE9F04FA6
:10FC100087699FB003913F780546052F16461C461D
:10FC200004D8032F16D810D003A867E0082FFBD103
:10FC300008461391002B00F0C28013A801F081FE4A
:10FC400021462846FFF790FC01E0FFF71EFD1FB09C
:10FC5000BDE8F08F202A0846049148D8002B40F0D8
:10FC6000A880571F01F0F2FE4FF6FF78FFB21FFA8F
:10FC700080FA0DF11C0BA24506D8AB69DA88424523
:10FC800000F28780002434E02346324604990BA812
:10FC900001F046FEAB69BDF82C809A88424526D813
:10FCA000DA88424523D35969F1B9A94659F80C1BA2
:10FCB000BDF82F2091F870109DF82E308DF84C1063
:10FCC000ADF84E200DF131013A4615A88DF85030AF
:10FCD000199701F0A8FB40F20341484613AA01F02E
:10FCE0005EFD3444A4B2C6E75A89102A09D941F20C
:10FCF000041421462846FFF737FC04A801F021FE32
:10FD0000A5E70023584601F00BFEAB690DF1310168
:10FD1000102FCDE9051B93F80A902BD1B9F1020FF2
:10FD200034D105A8E3F7E8FF0228DAD14A46DDE935
:10FD3000051001F043FB0028D3D12B4653F80C0BE0
:10FD4000BDF82F1090F870009DF82E208DF84C0013
:10FD5000ADF84E108DF8502059464A4615A802932A
:10FD6000CDF8649001F05FFB029B40F2034118461E
:10FD700013AAB4E7022F09D1B9F1100F06D106A8D2
:10FD8000E3F7BAFF0228ACD13A46D0E73A465846E4
:10FD9000CFE742F60303ADF84C30022308F101012E
:10FDA0000093284613AB89B200F083FA044600287A
:10FDB000A3D041F20A139C423FF464AF99E759B9CA
:10FDC00000210023AA692846938153811181139948
:10FDD0003246FFF7CAFD3AE701F038FE16B180B2AD
:10FDE0008642EDD1139A9379D118023389899371A0
:10FDF000E7E72DE9F0431C468FB0836903911B7838
:10FE00000546012B17465BD10846059101F01EFE01
:10FE1000202F0BD941F2041421462846FFF7A4FBFA
:10FE200005A801F08EFD0FB0BDE8F083002C42D193
:10FE3000059801F00BFE4FF6FF76A7F104081FFAB4
:10FE400088F81FFA80F95FFA88F8A14505D8AB69F0
:10FE5000DA88B24220D80024DEE723463A460599E4
:10FE600006A801F05DFDAB69BDF818109A88BDF8D1
:10FE70001A609142CED3DB889942CBD89642C9D33F
:10FE80009E42C7D832462846CDF8008007AB3C4496
:10FE9000FFF735FBA4B2D8E74FF42053ADF810308C
:10FEA0000223711C0093284604AB89B200F03FFA8C
:10FEB00004460028B4D041F20A139C42CBD0ABE7F1
:10FEC00003A8AEE783691B780B2B02D0103B012BF4
:10FED00001D8FFF749BB7047F0B585B0019383693E
:10FEE00017461A7804460B3A0A9E072A42D8DFE8DA
:10FEF00002F004413041410441290198039001F08E
:10FF0000A5FD85B203A801F01CFD26B131462046AF
:10FF1000FFF746FB0FE0A1697A194B8992B2934231
:10FF20000BD90A8201F10E032046098900F031FA4B
:10FF300001460028EBD105B0F0BD0121204600F0BC
:10FF400062FAF5E72EB91A8A0198BA420BD04FF43B
:10FF50008166019B03A8039301F0F3FC3146204620
:10FF6000FFF702FBE7E7DA89596901F07AFD00281B
:10FF7000EDD1EEE701A801F0E4FCDCE738B58269D9
:10FF8000044613780D460E2B12D0102B01D00B2BEC
:10FF900012D1536933B1997902F114000B44DD6831
:10FFA00001F0CFFC29462046BDE83840FFF78ABF64
:10FFB000BDE83840FFF7D8BA38BD07B50023009236
:10FFC0001B22FFF7FCFA03B05DF804FB07B5836959
:10FFD0005980009200231D22FFF7F1FA03B05DF86B
:10FFE00004FB70B506460D461446DEF727F8437944
:10FFF000C57523F0030343F00303437140F609433F
:020000040803EF
:10000000C380A0F815602060153070BD13B50C4694
:1000100001AAFFF7E6FF019BDA791444DC7102B014
:1000200010BD73B5064610460C46154601F00EFD90
:10003000211801AA3046C9B2FFF7D3FF019B06463B
:10004000DA791444DC712B4633B901A8294601F052
:100050005FFD304602B070BD5C7924F0030444F0CB
:1000600002045C711B68EFE708B5DDF7EDFF8379EB
:100070000C33184408BD4B88052B05D108880E2881
:100080008CBF00200120704700207047F8B505465E
:100090000F46164604210A22002001F0D7FE024630
:1000A000B8B1847905210C3403194FF0060C0020F7
:1000B0009970D87002F804C013241C7102245F7177
:1000C0005870D8719C7128461E81BDE8F840E4F74D
:1000D000F1BBF8BD73B50546104601920C4601F020
:1000E000B5FC042186B2019801F0F3FD024628B95F
:1000F00001A801F026FC1A2002B070BD837901909E
:100100000C33C1184C80C65221462846E4F7D2FB76
:100110000020F1E72DE9F041064688461746042104
:100120000A22002001F092FE0246B8B1857900242F
:100130000C354319052106209970DC7050550120BB
:10014000187102205C70987183F805803046DC716C
:100150001F81E4F7AFFB2046BDE8F0811A20FBE7E2
:1001600008B5E4F705FFE4F73FFCE4F745FDE3F7E6
:1001700053FBBDE8084000F0BAB938B505460C4657
:10018000E4F71AFC28B928462146BDE83840EEF7C6
:1001900015B828462146EEF711F800F0A5F9EFE76B
:1001A00073B50E46FCF7D0FB044600BB42F60720B1
:1001B000FEF7A1FB0546D0B10A22B6F900300021B6
:1001C000002BCBBF0533053BB3FBF2F393FBF2F3FC
:1001D0005BB28DF8073001230DF10702184601F0DC
:1001E0009FFE0022034629461046FEF791FA20465C
:1001F00002B070BD430803F05503C01A00F033038A
:10020000C0F3850000F03300184400EB101000F03C
:100210000F007047002110B5421D441E14F8010F55
:10022000FFF7E8FF94420144F8D1084610BD10B52D
:10023000EEF7D6FD044628B10124204610BD436ADE
:10024000DB06F9D4EEF7D6FB0028F8D1F5E700205D
:10025000704770B504460E4615460521002204205D
:10026000FDF7E7FD014618B1A0F80160A0F80350C2
:100270002046BDE87040FDF734BEF7B51D460023AB
:10028000044600930F46164607210620BDF8243089
:10029000089AFDF7F2FD014628B1A0F80170A0F818
:1002A0000360A0F80550204603B0BDE8F040FDF71C
:1002B00018BE73B515461A460023044600930E4631
:1002C000082005219DF81830FDF7D7FD014618B12B
:1002D000A0F80160A0F80350204602B0BDE87040CD
:1002E000FDF7FFBD38B5002204460D460A20032164
:1002F000FDF79FFD014608B1A0F801502046BDE87A
:100300003840FDF7EEBD70B504460E461546052192
:1003100000220C20FDF78DFD014618B1A0F8016008
:10032000A0F803502046BDE87040FDF7DABD73B574
:1003300015461A460023044600930E461020052158
:100340009DF81830FDF799FD014618B1A0F801603D
:10035000A0F80350204602B0BDE87040FDF7C1BDD3
:1003600073B50E46002144890546033CA4B2A3425E
:10037000009128BF234603211220FDF77EFD014690
:1003800008B1A0F80160284602B0BDE87040FDF752
:10039000A8BD2DE9F3410546984683690F46586983
:1003A000164601F053FB6C8980B2053CA4B284422E
:1003B00028BF0446A8692146143001F023FD0090AF
:1003C00048B105220821002001F040FD019030B91C
:1003D000684601F0B6FA1A2002B0BDE8F081009933
:1003E00001A801F095FB1620019A93790C33D118DE
:1003F000D054A8F800402846A1F80170A1F8036085
:10040000FDF76FFDE8E738B5002204460D461820D9
:100410000221FDF70EFD014600B145702046BDE802
:100420003840FDF75EBD70B5857904460C35461938
:1004300001F00CFB625D431E013A9BB2202A12D8E8
:10044000DFE802F0131118111A112B1131114211AA
:10045000421142113511271111113B112711401181
:10046000401111114200002070BD042B14BF012067
:100470000320F9E7022BF9E743B37278022A0AD086
:10048000012A23D10222013B0232B3FBF2F102FB2B
:100490001133002BEAE71022F5E713F0030F14BF26
:1004A00001200320E0E78BB17278013BEDE76BB1EF
:1004B0007278032A0AD9013BE7E7042B34BF0120F5
:1004C0000320D1E7022BF9E70320CDE70120CBE79A
:1004D00008B5FFF7C9FD407940F4805008BD10B958
:1004E0000120E4F7F7BD70470220E4F7E9BD0020E2
:1004F000E4F7E6BD08B5FFF7B7FD407940F480505A
:1005000008BD0078EEF792B913B50C460DF107025D
:100510000DF1060101F025FE30B19DF80600031B28
:100520005842584102B010BD0120FBE77047EEF77A
:1005300041BC7047EFF7C8BAE5F760BD7047704738
:1005400070477047704708B502F0B2FF002814BF2B
:100550001420002008BD7047704770477047002086
:100560007047704770477047F8B504460F46164607
:1005700013680A461D0A0021043500F049FFEDB258
:1005800021222046394601F023F92046294601F070
:10059000A8F9A27933681444E360F8BD7047704746
:1005A000704770477047704702464FF482712020B1
:1005B000FDF729BB13B50C4601A903F0A1FF10B943
:1005C000019BC4E9003002B010BD08B52020FDF742
:1005D000F6FA003818BF012008BD08B5FFF7F5FF8F
:1005E00020B1BDE808402020FDF7F1BA08BD08B5EC
:1005F000EDF760FC08B1012008BD03F045FFEDF701
:1006000061FC0028F7D1E2F79DFE003818BF0120F9
:10061000F2E708B5E5F78EFF00280CBF04200120A3
:1006200008BD0020704730B50446154687B008461F
:10063000FCF76BF9122200210DF1060000F0E8FE34
:10064000A368ADF804500293E3680393E38BADF81D
:100650001030238CADF81230FFF7E3FF029B8DF8CA
:10066000140043F410530293FFF779FF18B1029B73
:1006700043F004030293029B01A843F480330293E6
:10068000DEF70EF810F0FF0516D1A38C0DF1020174
:10069000ADF80030E38C6846ADF80230FFF780FD1E
:1006A000E6F718F8FCF72FF9012100F015F8F2F73A
:1006B0001FFE284607B030BD40F20C40FAE7E6F7CF
:1006C00019B80220704700207047012070470020B1
:1006D000704700207047704737B504460D4601A8A3
:1006E000E8F73CF901A8FFF7F6FF204601A98DF8CD
:1006F0000650E6F75DF903B030BD08461146012209
:1007000000F070B8014608B54FF0FF30E6F778F911
:10071000B0FA80F0400908BD00F0BDBB00F0C5BBD9
:100720007FB56C4605460E460FCA84E80F009DF85B
:100730000D30224643F04003314628468DF80D30F7
:1007400000F0BAF804B070BD7047431E012B03D906
:10075000031F5842584170470120704700F05CBCAD
:100760004FF4D872002100F053BE70B50446E8F78C
:1007700017F80546A8B9A169F1B1238AD3B120467B
:1007800004F1100200F02AFB48BBE16929B3638A37
:10079000A3B1204604F1120200F0F5FA78B1054643
:1007A00003E00023A3612361E36100232846636122
:1007B000236270BDA061E8E72082E6E7E361216A79
:1007C0000029F2D0A38A002BEFD02046E38A04F15F
:1007D0001402BDE8704000F0A6BA6182EFE76582BE
:1007E000E561DCE710B50C461146E7F77DF8E8F760
:1007F000EBFA012801D1002010BD002CF7D1052013
:10080000FAE7F8B506460D46E6F72EF9D8B94FF6E1
:10081000FF734FF0240CEF68C1B28F4208D81C461A
:1008200021463046E6F7D0FA00F0FCFB2046F8BD42
:10083000AA680CFB0122D4899C4202D2002CEFD082
:1008400023460130E8E70024F0E7C08D70470A78BE
:1008500038B505461046FFF778FF60B14C78204662
:10086000FFF773FF38B12243530704D42846BDE88D
:100870003840E7F7E7BA212038BDFFF7E8BF10B5E9
:1008800004460878FFF761FF58B14A781046FFF731
:100890005CFF30B1042A04D02046BDE81040E7F7E1
:1008A000EFBA212010BDFFF7EABF00F0CBB9084630
:1008B00000F02DBBE7F754B970B504460D46164657
:1008C00000F07DF858B129462046E6F77DFA38B9A0
:1008D000324629462046BDE87040EBF705BF0E20A2
:1008E00070BDE8F707BA08B5E6F75AF818B1BDE8E1
:1008F0000840EBF78FB908BD38B5044600200D4617
:1009000000F08CFBD4F8F0302BB929462046BDE826
:100910003840E7F769BB022038BD38B5044648883F
:100920000D4600F07BFBD4F8F0302BB92946204669
:10093000BDE83840E7F7BEBA022038BD00F070BB12
:1009400000F0DCB9E9F732BB38B505460C4604F0D7
:10095000CDFAD5F890301C40D5F88C302343C5F83B
:100960008C3004F0B6FA211E18BF01210020490284
:1009700038BDE7F761B807B5ADF8063013460DF19D
:10098000060200F0D0F920B9BDF8060003B05DF80A
:1009900004FB0020FAE700F0F6B9E8F7BFBFE7F77D
:1009A000B1BCE7F757BD38B50446154609B100F0AC
:1009B0003DFA15B12046E7F795FD002038BD034606
:1009C000408A18B1188A003818BF0120704700F01B
:1009D0003BBA00F045BA0846E9F7D2BB10B5044669
:1009E00000F08BF820B92046BDE81040E6F766BB62
:1009F00010BD00F020BBE9F701BE2DE9FF4198468C
:100A000004460E46174604F08BFA05462046FFF7CB
:100A1000E5FF0A9B3A46029300233146CDE9008365
:100A20002046E6F799FB0446284604F06BFA204678
:100A300004B0BDE8F08138B5044604F071FA05460B
:100A40002046FFF7CBFF2046E6F764FB0446284626
:100A500004F058FAB4FA84F0400938BD38B50446B9
:100A600004F05EFA05462046FFF7B8FF204600F086
:100A700053F80446284604F045FA204638BD38B5F8
:100A8000044604F04DFA05462046FFF7A7FF20462E
:100A900000F048F80446284604F034FA204638BDF1
:100AA00070B504460E4604F03BFA05462046FFF7B3
:100AB00095FF31462046E6F79DFB0446284604F0A4
:100AC00021FA204670BD134607B500228DF80710A5
:100AD0000DF10700194600F06CFA03B05DF804FB55
:100AE000084611461A4600F064BA002070470120FB
:100AF0007047E8F77DBB00F008BAE6F719BA10B501
:100B000004F00EFA044600F015F8E6F737FA20462E
:100B1000BDE8104004F0F6B9024608B5E6F708FA59
:100B2000507D08BD024608B5E6F702FA507D80F018
:100B3000010008BD00F07FBAE7F7D2B800F0BFB8F7
:100B400090F8263003B108470220704710B50446DC
:100B5000E8F7AEFA2046BDE810400321E6F79EBE56
:100B6000FFF7F4BF90F826300BB1E8F763BA022024
:100B7000704790F826300BB1E8F782BA0220704730
:100B800038B590F826400D46BCB1053C012C8CBF11
:100B90000024012449682246E8F7C8FA286890FA38
:100BA000A0F0000AEAF75CF9A97A2889224681F0C8
:100BB0000101E8F7EBFA002038BD0220FCE730B570
:100BC00085B005460FC96C4684E80F0021462846CB
:100BD000FFF7D6FF05B030BD1FB5ADF808309DF862
:100BE0001830CDE900128DF80A3000236946ADF8BF
:100BF0000C30FFF7E4FF05B05DF804FB0020704700
:100C000000207047013001D1E9F762BE2120704712
:100C10007047D0F8943003F06003402B0DD0602B68
:100C200003D0203B58425841704749B10B68012B13
:100C300006D9486940F00100704740F20110704742
:100C400000207047F7B504461046D4E954C7DDE9E3
:100C500008268CEA020587EA06010540194085EA64
:100C60000C057940C4E95451002523F4004106EAFB
:100C7000010320F0010043F40073024043F002033B
:100C8000CDE90055EBF7E6FA94F824309A0713D52E
:100C9000D4F854319B050FD54FF488112046FFF747
:100CA00053FE94F82430024665F3410384F824305F
:100CB00020460B46E6F7D8FD002003B0F0BD022029
:100CC000E9F786BCD0F8E42008B57AB11368022BA6
:100CD0000CD9536A13F47F4FC3F3072106D0126A6D
:100CE000DBB253438B42B3FBF1F006D2002040F657
:100CF00014424C21E6F706F9002008BD0346D0F85F
:100D000030010860B3F8343100208B80704790F8D0
:100D100030310C2B14BF90F82B00FF2070474FF49C
:100D20008071ECF7C3BC2DE9F0410D4615F00308C6
:100D300007461446194623D112B310883F281FD9FD
:100D4000B0FA80F0C0F11902D2B2062A01D81928EF
:100D500014D0062A28BF06220126931DDBB29E402E
:100D6000B6B2B14228BF314628462680E8F786FB56
:100D700023883D62BB824046BDE8F0814246EBE7F6
:100D80004FF02108F7E7F8B511F0030607460D46C6
:100D9000144621D102B313883F2B1DD9B3FA83F334
:100DA000C3F11901C9B2062901D8192B12D006299D
:100DB00028BF062101238A1DD2B2934028462380F2
:100DC00000F0E4F823883846FD617B82E8F768FC90
:100DD0003046F8BD3146EDE72126F9E738B51488ED
:100DE00011F003054FEAC4041ED13F2C1CD9B4FAFC
:100DF00084F4C4F11903DBB2052B01D8192C11D0EE
:100E0000052B28BF052301240633DBB204FA03F3C4
:100E1000C3F3CF041480816104824387E8F740FC68
:100E2000284638BD2B46EEE72125F9E7E6F7B8BCA2
:100E300010B5144608460121E9F710FF2046BDE829
:100E400010400121E9F70ABF10B50A011021ECF7A3
:100E500019FC0446ECF734FC201E18BF012010BD1D
:100E60001021ECF723BCF8B504460E46174604F0F3
:100E70003DF83A46054631462046EAF7A5F90446CC
:100E8000284604F026F82046F8BD022070470320CB
:100E90007047E9F795BB10B50023E7F7E5FD044679
:100EA00008B9EBF70BFC204610BD38B51D460023F2
:100EB0000446E7F7D9FD28B929462046BDE8384061
:100EC000EBF7EEBC38BD8021ECF7F0BB38B505463A
:100ED000E6F7FEFC04462846E6F7D8FC072811D1C1
:100EE000D5F8E03024F47F41DB6921F0080103B13B
:100EF0005B7841EA032141F020012846BDE83840F3
:100F0000E6F7ECBC24F02001F7E7E8F771B910B57B
:100F1000EAF732FC04460021E8F766FAE8F74EFAF1
:100F2000204610BD2DE9F74F01251C469DF83030B5
:100F3000064601930368174603F0070306339D40F6
:100F400005F1FF380B46A1B1416804EA080BA5EB97
:100F50000B0A41F00059524509EB0B0114D95246D6
:100F6000184600F060FA49467A1B5A44504400F093
:100F70005AFA019B2BB13C4448EA050804EA0804EC
:100F8000F46003B0BDE8F08F1846F0E74FF03A4345
:100F900001225A6741F6FF72D96418651A677047D3
:100FA00037B5002514460095FFF7BCFF204603B077
:100FB00030BD70B50E461546044608B9002070BD18
:100FC0000378042B18D02078E8F7FCFDB0B923781B
:100FD0000C2BF3D10EB1FF233370CDB1FF232B7057
:100FE00016E020780130C0B203282070EBD8E8F773
:100FF000E9FD0028F5D0E6E70020F5E71EB12078EE
:10100000E8F750FE30701DB1207800F00CF8287021
:101010000120D4E7E7F744BE002070470020704766
:1010200000207047704710F0FD0F14BF4FF0FF30E5
:101030000020C0B2704708B5E9F710FBBDE80840D2
:10104000E9F734BB38B50446FFF7F5FF0546FFF76F
:10105000F2FF431BA342FAD338BD38B50D46044610
:10106000E9F7FCFA35B1844200D90139204601F094
:10107000030138BD844238BF0131F7E708B5E9F70D
:1010800005FBBDE80840E9F711BB08B50121FFF7F2
:10109000E4FFBDE80840E9F709BB08B521B19200BB
:1010A00000F0C1F9002008BD2120FCE700F06F43EB
:1010B000B3F1804F02D0B3F1204F02D120F0704045
:1010C000704700F06043B3F1204F08BF20F080501C
:1010D00070470B0CB3F5384FF7B506460D468FB287
:1010E00016D04BF60102934214D04BF60202934203
:1010F00012D0B3F5304F14BF04240324D6F8E030E7
:101100000BB1196851B9D6F8DC3093B928680EE0F4
:101110000024F3E70124F1E70224EFE723466846C1
:101120003A46E9F731FBDDE90003002BEBD103B0D0
:10113000F0BD19680029E9D0234668463A46E9F728
:1011400023FBDDE90003002BE0D1F0E708B5F4F75D
:10115000ABFF08BD0204C0F3891307D56FEA8353C0
:101160006FEA935313F5007F18B206D0A3F1C800BD
:101170006FF4FF739842B8BF184670470020E9F734
:10118000BBBE0120E9F7B8BE0E2070477047EBF7F1
:10119000D7BDEBF7D5BDEBF7D3BDEBF7D1BD08B5A8
:1011A0000846ECF7D9F908BDEBF7CABD00228A4220
:1011B00002D14FF0FF30704750F8223093FAA3F37A
:1011C0000BB90132F3E7B3FA83F000EB421070473A
:1011D000002070472DE9F84307468846144600264C
:1011E000D4E90195B9F1010905D52468002CF7D19E
:1011F0003046BDE8F883AB89012B07D9B5F90E302D
:10120000013303D029463846C04706436835E9E72D
:10121000036A70B505460E4684680BB9ECF7B8FC56
:10122000636EDB0705D4A389980502D4A06D00F096
:10123000F8F8A389190702D52369002B35D1214677
:101240002846ECF7C5FC80B34FF0FF35636EDA0734
:1012500005D4A3899B0502D4A06D00F0E3F82846CD
:1012600070BD002B15DB23685A1C22601970A3681F
:1012700016F8011F013BA3600029F2D1002B16DAFA
:1012800022460A21284600F05BF80130DCD00A250E
:10129000DCE7A2699A4201DC0A29E4D12246284609
:1012A00000F04EF80130E2D1CEE7013EDFE72368DF
:1012B0005A1C22600A221A70E9E710B50C46B1F9EF
:1012C0000E10ECF7FDFC0028ABBF636DA3891B1863
:1012D00023F48053ACBF6365A38110BD2DE9F041B9
:1012E0001F468B8905460C46DB05164605D50223AD
:1012F0000022B1F90E10ECF7D1FCA3893246B4F903
:101300000E10284623F48053A3813B46BDE8F041EC
:10131000ECF7E8BC10B50C46B1F90E10ECF7BEFCCA
:10132000431CA38915BF606523F4805343F48053A5
:10133000A38118BFA38110BDB1F90E10ECF79EBCBC
:10134000F8B50E461446054618B1036A0BB9ECF71A
:101350001FFCA369A360A3891A0701D5236943B9B8
:1013600021462846ECF734FC18B14FF0FF373846D9
:10137000F8BD2368F6B222693746981A636983423A
:1013800005DC2146284600F0DEF80028EDD1A368F0
:10139000013BA36023685A1C22601E70431C6269D3
:1013A0009A4204D0A389DB07E1D50A2EDFD121467A
:1013B000284600F0C8F80028D9D0D6E70139024401
:1013C00010B5904201D1002005E0037811F8014FDB
:1013D000A34201D0181B10BD0130F2E7884210B5BE
:1013E00001EB020402D98442234607D8431EA142DE
:1013F00008D011F8012B03F8012FF8E70244014649
:101400008A4200D110BD13F8014D02F8014DF7E7F3
:1014100002440346934200D1704703F8011BF9E7E9
:101420007047704770470A44431E914200D170478D
:1014300010B511F8014B914203F8014FF9D110BDDD
:10144000B1F90C202DE9F041170705460C4656D49A
:101450004B68002B02DC0B6C002B3DDDE66A002E96
:101460003AD0002312F480522F68216A2B6025D0D5
:10147000626DA389580705D56368D21A636B0BB1F7
:10148000236CD21A216A0023E66A2846B047411C21
:1014900024D00023636023692360A389DA0400D584
:1014A0006065616B2F60B9B104F14403994202D0C9
:1014B0002846F6F760FF002363630DE0012328460A
:1014C000B047461C0246D4D12B68002BD1D01D2B2F
:1014D00001D0162B2AD12F6000202EE02A68B4F903
:1014E0000C3042B11D2A01D0162A21D1002363609D
:1014F00023692360D5E7626022692260CEE70F6925
:10150000002FE9D093070E680F600CBF4B690023D2
:10151000A6EB07088B60B8F1000FDDDD43463A46C5
:10152000216A2846A66AB047002808DCB4F90C30C6
:1015300043F040034FF0FF30A381BDE8F081074442
:10154000A8EB0008E7E738B50B6905460C4613B968
:101550000025284638BD18B1036A0BB9ECF718FB13
:10156000B4F90C30002BF3D0626ED00704D4990587
:1015700002D4A06DFFF755FF28462146FFF760FF14
:10158000636E0546DA07E4D4A3899B05E1D4A06D18
:10159000FFF748FFDDE770B50C46B1F90E1096B0C5
:1015A000154600291E460CDAA389002113F0800F8E
:1015B00014BF40234FF48063002031602B6016B0CD
:1015C00070BD6A46ECF7C4FB0028EDDB019901F41D
:1015D0007041A1F50053594259414FF48063EBE744
:1015E0008B89F7B59D0706460C4607D504F14703DE
:1015F000236023610123636103B0F0BD01AB6A4640
:10160000FFF7C9FF009F054630463946F6F7A6FEAC
:1016100048B9B4F90C309A05EED423F0030343F033
:101620000203A381E2E7A389206043F08003A38142
:10163000019BC4E904075BB1B4F90E103046ECF726
:1016400099FB28B1A38923F0030343F00103A3818D
:10165000A3891D43A581CFE7430803F05533C01A82
:1016600000F03333800800F0333018444FF001337A
:1016700000EB101000F00F305843000E704710B50B
:10168000044688B1836A016A7BB180689847002369
:1016900094F8240023620D28636005D82146ECF7F6
:1016A0008DFE0E2384F8243010BD0029EFD083680E
:1016B000002BECDB084600F08FFCE8E7002307B5C1
:1016C0001A46019101A9ECF7CBFC03B05DF804FBCD
:1016D000002330B587B004939DF83430DDE90A4526
:1016E00003930C9BCDE900450293ECF737FC07B060
:1016F00030BD062330B585B003930A9BDDE908456C
:101700000293CDE90045FFF7E3FF05B030BD30B5EA
:1017100000230024002585B0CDE900450293FFF7A2
:10172000E8FF05B030BD03680B60016070472DE92C
:10173000F0410E46174600240546006808B9BDE88A
:10174000F081D0E90083B3420BD18368BB4208D15A
:1017500054B9C5F80080C368DB0701D500F03CFC34
:10176000204604464046E9E7C4F80080F3E7D1E9A3
:101770000112FFF7DCBF002370B51A461946054673
:101780000468ECF76DFC0CB92C6070BDE36826684A
:10179000DB0702D5204600F01FFC3446F3E72DE9B5
:1017A000F8430E461746054610B90020BDE8F883F9
:1017B0000468002CF9D0D4E900893B46324629461A
:1017C000A068C8470028F1D14446F2E730207047AE
:1017D00038B5054614460A460021FFF719FE24F0E5
:1017E0001C046B7944F0100443F004032C716B71FA
:1017F00038BD2DE9F74F1F469DF830308A468046A8
:101800000093002850D0002967D00C68002C66D0C7
:101810004FF0000BE679A179761AF6B2BE4208D3F2
:101820000C31394408EB020945462144F61BC845F2
:1018300037E02068A346BF1B002835D00446E9E7FF
:10184000AB19994538BFA9EB050632462846FFF784
:10185000EAFD009B002B3DD0E279A079F3B237BBC3
:101860001844A071E279A37927689A4232D1DAF854
:101870000030A34208BFCAF80070BBF1000F01D0CE
:10188000CBF800702046ECF7E9FD3C4635444CB1FE
:101890000027A379E67903F10C01F61A2144F6B288
:1018A0004D45CDD3A5EB080003B0BDE8F08F121A6B
:1018B000D2B2F918914209DA0C302044D21BD21A64
:1018C000014438440193FFF789FD019BE279D31A63
:1018D000E371C7E7A3462468D8E70846E4E7204653
:1018E000E2E710B5C4790246C4F14503D8B2884294
:1018F00028BF08460444D47110BD38B50546C079E8
:10190000C0F14504E4B2944288BFD4B20C30224600
:101910002844FFF788FDEB7920462344EB7138BD5E
:101920001FB503910021009103A9FFF762FF05B0E5
:101930005DF804FB13B501240094FFF75AFF02B0D1
:1019400010BD38B50446206800B938BD0568ECF70D
:1019500085FD2560F7E7034610B501F0EC0103B9FA
:1019600010BD1A7902F013020A431A711A1A54426E
:1019700054415A7964F300025A711B68EFE710B5BD
:1019800058B1016802685AB1136823B15C79E40761
:1019900004D5002414600360084610BD0360F1E71D
:1019A0001346F8E7034658B10020DA7999791B68A5
:1019B000521A50FA82F01BB15A79D207F5D5704706
:1019C000704770B50D460446E8B186798E4203D360
:1019D000751A8571012070BDC27906F145039B1A05
:1019E000DBB299420FD806F10C010144921BA81BEF
:1019F000D2B20844FFF7F2FC0023A371E3791D443F
:101A0000AD1BE571E6E70020E5E710B50C4698B19F
:101A100091B18979E279C379521AC3F14503D2B2FF
:101A2000DBB2934208D30C312144FFF766FF204616
:101A3000ECF714FD012010BD0020FCE70346006810
:101A400018B102681A600023036070470346002043
:101A500003B97047DA7999791B68521A50FA82F003
:101A6000F6E72DE9F84F894614468246FFF7EEFF68
:101A700005464846FFF7EAFFA542074601D3A042C4
:101A800008D2BD4208D10024A346A046264647B945
:101A9000384604E02746F6E738D24FF0FF30BDE87D
:101AA000F88F5EB99AF806809AF80760A6EB0806E8
:101AB00008F10C08D044DAF800A0F6B2BBF1000F30
:101AC0000BD199F8064099F807B0ABEB040B0C3436
:101AD0004C44D9F800905FFA8BFB5E45354628BF31
:101AE0005D46BD4228BF3D4621462A464046FFF797
:101AF00065FC0028D3D1A8442C447F1BEDB2761B93
:101B0000ABEB0505F6B25FFA85FBC0E70120C6E73F
:101B100003680BB9016070471A461B68002BFBD1A4
:101B200011607047036803B10B600160704739B101
:101B30000B461A461B68002BFBD10368136001603B
:101B4000704770B5046806460D4644B12046FFF75D
:101B50007DFFA84211D8236813B9E379A37170BD42
:101B600020463360ECF77AFC3468F4E7ED1A23681A
:101B700020463360ECF772FC3468002DEFD0A27978
:101B8000E3799B1ADBB2AB42F0D92A44A271E6E7B3
:101B9000F8B5066805460C4646B13046FFF756FFD5
:101BA000A0421DD8336813B9F379B371F8BD30463C
:101BB0002B60ECF753FC2E68F4E7064638460768BE
:101BC000002FFAD1C2798379D31ADBB2A34202D9AA
:101BD000121BC271EAE7E41AECF740FC3EB1376031
:101BE000002CE3D028680028E0D00026E7E72E602C
:101BF000F6E7F8B504460F46BC4200D1F8BDA1791E
:101C0000E5796D1AEDB2C5F14506B6B20EB9246894
:101C1000F2E749B10C312A46214404F10C00FFF7E8
:101C2000DDFB0023E571A3712368BB42EFD05A7935
:101C3000D207ECD49979DD79A0796D1AEDB2B5426D
:101C400028BF3546E2790C3010440C312A4619443D
:101C50002044FFF7E8FBE379206853FA85F3E3714A
:101C60008379761B53FA85F5C379EDB2AB42B6B2F0
:101C7000857103D103682360ECF7F0FB002ED3D10C
:101C8000C5E738B50C46016809B9046038BD0D4692
:101C900009680029FBD1236823B12046FFF7A9FF7B
:101CA0002C60F3E721462846FFF7AFFE0028EDD170
:101CB000F6E748B10023027943600360836043790B
:101CC000027143F004034371704700221146ECF7A0
:101CD00021BC38B504460D46FFF773FE98B984B1B0
:101CE0002079FFF7F2FF58B163794279C3F34003DB
:101CF00063F3410245235D1B04604271C37185712A
:101D000038BD0120EDE72046FAE738B50368044600
:101D10000D469BB11879FFF7D8FF88B12368427947
:101D200003605B79C3F3400363F3410245235D1B0A
:101D30004271C37185712060002038BD0120EAE73F
:101D40001920FAE738B50C46054640B3006830B3B1
:101D500009B9002038BD4AB9C9B2FFF732FE0028E0
:101D6000F7D12B689A799871A41A06E0452918D8FA
:101D7000C9B2FFF726FE0028EBD1442C07D8002C6F
:101D8000E7D02846E1B2BDE83840FFF7BEBF4521A5
:101D90002846FFF7BAFF0028DCD1453CEDE72220BA
:101DA000D8E72120D6E72DE9F84390F8078090F88E
:101DB00006900446A8EB0907FFB2B9420D4602D3CC
:101DC0000020BDE8F8830079FFF77FFF0646002872
:101DD000F6D0A17980790C317F1B29440C30BAB23E
:101DE00021443044FFF71FFBF37901203B44F3719A
:101DF000E37999444D442368A5EB0805E571336008
:101E00002660DEE7F8B5076806460D463C46002327
:101E100005B12CB90BB100221A6034603846F8BD08
:101E2000E379A2799B1ADBB2AB4207D8E379A279B6
:101E30009B1ADBB2ED1A23462468E9E72046E9B293
:101E4000FFF7B1FF0028F1D10746E7E75318452B0C
:101E500002DCC9B2ECF75EBB00207047F7B5002684
:101E600005460F4601960DB9019C09E0002238464F
:101E70001146ECF74FFB044628B901A8FFF761FDB6
:101E8000204603B0F0BDAB798371EA79C2716879FD
:101E90006179D21A60F30001617169796079C1F3E7
:101EA000400161F34100607103F10C002918D2B2C6
:101EB0002044FFF7B8FA019B03B9019406B13460DE
:101EC00026462D68CFE72DE9F8430D461446064611
:101ED00010B319B3DAB1034699461B68002BFBD146
:101EE0002746C8463A4629464046FFF706FDC14503
:101EF000A7EB0007054418BFC9F8008037B10022DE
:101F0000B1793079ECF706FBC14618B9E41B2046DD
:101F1000BDE8F8838046E5E70446F8E70C46F6E7B7
:101F200037B51546C9B200221C46ECF7F3FA01900A
:101F300040B122462946FFF7C6FF844202D901A8D4
:101F4000FFF7FFFC019803B030BD034610B501391F
:101F50001A1A914200D810BD445C1A7803F8014B5C
:101F600042540139F4E700230144884200D170470C
:101F700000F8013BF9E738B505460C4604B938BD11
:101F8000013C55F834305B68002BF7D09847F5E7F3
:101F90002DE9F0410446002654F836302BB904F1FF
:101FA0000408B34203D100250FE00136F4E754F8EA
:101FB00033205F1C12685AB158F833009047054629
:101FC00030B139462046FFF7D6FF2846BDE8F081FC
:101FD0003B46E6E7ECF7A8BBF6F702B900207047EE
:101FE00010B50446806920B10021E1F787FA00238B
:101FF000A36110BD07B501228DF807100DF107018F
:10200000FFF761FF03B05DF804FBF7B505464FF439
:1020100028500C46FCF76FFC0646FCF707FAB0B3F5
:10202000022C02D8002003B0F0BD002731460DF18C
:1020300005030DF106023846ADF80670FCF73AFBD1
:10204000BDF80620631E934206461EDC072C1AD9F3
:10205000023CADF806400824BDF80630002BE1D064
:102060000133D9B22846FFF7C5FF21462846FFF7BE
:10207000C1FF31462846BDF80620FFF724FFBDF812
:1020800006000230CFE7ADF806700924E4E74FF010
:10209000FF30C8E702292DE9F34104460D461746F3
:1020A000184603D8002002B0BDE8F081FCF723FCFD
:1020B0000646FCF7BBF90028F4D04FF00008314683
:1020C0000DF105030DF106024046ADF80680FCF760
:1020D000F1FABDF80630BDF820200646934228BF2D
:1020E0001346AB4228BF2B469DF80500ADF80630DD
:1020F000C0B9002BD7D001339AB29542D3D9D9B207
:102100002046FFF777FF39462046FFF773FF314639
:102110002046BDF80620FFF7D6FEBDF806000230C7
:10212000C0B2C0E74046BEE707B501A9ECF7E0FB47
:1021300030B9019B586AC0F3C02003B05DF804FBBE
:102140000020FAE7002008B5ECF754FC08B9FF209E
:1021500006E0C37B012BF7D1436ADB06F4D5007898
:1021600008BD73B50E4601A91546ECF7C1FB90B941
:10217000019A546A14F010030FD0C4F30034347081
:10218000D37B5A1E042A02D8D81E18BF01202870FB
:10219000012002B070BD0020FBE71846F9E738B512
:1021A000436A04465B0705D5002300781A461946A2
:1021B000EDF706FA636A9D0706D52046ECF7ACFBFF
:1021C000636A23F002036362636A18070DD5214630
:1021D000E27911F8010BC2F3C002EDF793F905465D
:1021E000E8B9636A23F008036362204600F0F4F95B
:1021F0000546A0B9626AD10611D5D30404D520469C
:10220000FEF725F840B11BE01206E37B09D4E37B1F
:10221000626A023B012B15D9616A48071FD4284620
:1022200038BD03F0FB03012BF6D021692078EDF7D0
:102230008FF9636A256123F0800363620028E6D08A
:102240000546ECE7D305E7D561692078EDF79CF901
:1022500000236361636A23F480736362D2E7E37BE4
:10226000A28D012B03D1A2B1802A28BF802211F0B8
:10227000400F94F830304FF0010118BF012320784F
:10228000EDF79EF90028DBD1636A23F00403636253
:10229000C5E74022EBE7002010B5ECF7ABFB0446A6
:1022A00000B910BD636ADA060BD55B0409D4204679
:1022B000ECF788FA636A204643F006036362FFF78F
:1022C0006EFF2046E9E713B50C4601A9ECF710FBB9
:1022D00050B9022C07D802462146019802B0BDE849
:1022E0001040ECF7ABBB212002B010BDF7B50E4695
:1022F00001A915461F46ECF7FBFAF8B9019C626A82
:1023000093050BD44FF6DF73A6F12001994217D83D
:10231000A5F12001994213D8AE4211D8E369B34226
:1023200002D1236AAB4204D0C4E9076542F002023D
:1023300062629DF82030A78584F8303003B0F0BD8C
:102340002120FBE773B50D4601A90646ECF7D0FA4C
:10235000044678B93046FFF7E7FE2B1E18BF01236D
:10236000834207D0019A536A3DB143F4006343F0BE
:1023700002035362204602B070BD23F40063F6E707
:1023800090F8393037B55B0704460D462AD4ECF790
:1023900019FA6B1E042B14D8032D12D0E379142BD9
:1023A00022D0A3696BB96846FBF7AAFEE1F7B6F93C
:1023B0006946E1F719F818B91A25284603B030BD67
:1023C000A061636AE57343F016036362E2F734FCCD
:1023D0002046FFF7E4FE05460028EED02046FFF732
:1023E000FFFDEAE70225E8E72125E6E707B501A9B1
:1023F000ECF77EFA30B90198C17B03B05DF804EBCD
:10240000FFF7BEBF03B05DF804FB37B50C4601A96A
:10241000ECF76EFA18B9052C019D02D9212003B002
:1024200030BD2869FFF712FB1F28F7D86869FFF74E
:102430000DFB1F28F2D8012CF0D0231F012BEDD962
:10244000214628466B6A23F482536B6203B0BDE8D1
:102450003040FFF795BF37B5FFF774FEFF280446FD
:1024600013D001A9ECF744FA78B9019D6B6A2846AC
:1024700023F010036B62FFF7B3FD204605F1340132
:1024800003B0BDE83040E3F70BB803B030BD002324
:1024900037B580F8723040F6FF73A0F86E3083686D
:1024A0000446DA040D46C16010D443F480636A46E2
:1024B000A36040F203212046CDE90045FFF76FF904
:1024C00000212046E1F71AF803B030BD90F87600FD
:1024D000FFF78CFFA36823F48053E8E773B56E46DB
:1024E00004464A7930460D460631E1F75BF996E835
:1024F0000300A4F85010090C11F0800FE06484F878
:10250000521004F1530312D00122184605F11201B2
:10251000E1F748F90C352846FDF77CFE28B1012289
:10252000294604F15A00E1F73DF902B070BDB4F854
:10253000501094F85220C4F8530099809A71E9E73A
:102540001FB590F87420044602F0010301908DF845
:1025500008300BB102F002038DF8093094F87530A1
:1025600020468DF80A30039100F021FA4FF40171F2
:1025700001AA2046FFF713F92046E1F74BF804B013
:1025800010BDE0F793BFFBF72DBC0A460021E2F730
:1025900021BE13220121E2F71DBE826838B5C2F3C5
:1025A00080320446B0F86E000D46E2F7B9FE20B95D
:1025B000A3681DB143F40053A36038BD23F4005356
:1025C000FAE783791A0705D413F0100F0CBFFF2028
:1025D00001207047002070470020704708B5FDF7C4
:1025E00043FD407940F4805008BDC06B00B970478E
:1025F00083898B42FBD08068F8E7C06B00B97047D5
:10260000C3898B42FBD08068F8E788B14268D36BFE
:102610001BB1834205D18368D363ECF7F1BF002B74
:10262000FBD01A469B688342F9D183689360F4E734
:10263000704722F00042B2F5805F08B505D041F244
:1026400001039A4206D0002008BD0622827440F29F
:1026500015420262FFF7D9FF0120F5E72DE9F047A7
:102660000746894690460421122200209A46FFF729
:10267000EDFB024618B3002505210E2386790C36A2
:102680008419A170E5708355152323710A23A37162
:10269000BDF820303846A381BDF824306570E38151
:1026A000BDF8283084F80590E571A4F80880A4F8F6
:1026B0000AA02382E2F7FEF82846BDE8F0871A2038
:1026C000FBE72DE9F84304460E464FF00609D0F823
:1026D0000480E2F77DF90C222077074604210020D0
:1026E00084F81E90FFF7B2FB024630B940F20E4369
:1026F0009E4227D11A20BDE8F883002505214FF01E
:10270000080C80790C3013189970DD7002F800C045
:102710005F71042783F80490E0895D701881A089B7
:102720009F715881DD714046E2F7C4F847F230539B
:102730002A4641F2010120462662A774EBF700FD0C
:102740002846D8E72046FFF760FFD3E770B54FF47F
:1027500082650446C06B08B9E06370BD8668056297
:10276000ECF74EFF3046F6E72DE9FF4716461D46CB
:10277000A2F117034FF6E6729BB2934207468846D2
:10278000BDF83090BDF834A024D8A5F11703E52B8F
:1027900020D8FFF72AFF0446F0B1837C012B1ED11D
:1027A000BAF1000F13D040F20E430362FFF72DFF82
:1027B000617FE582A4F81A90334642463846CDE957
:1027C000019A0095FFF74AFF04B0BDE8F0870323A4
:1027D0008374EDE72120F7E740F20F40F4E740F281
:1027E0001740F1E72DE9F84380461646AAB3FFF7F4
:1027F000FCFE054698B3837C032B33D1E2F7E8F85F
:102800004FF016090C22287707460421002085F88E
:102810001E90FFF71BFB024638B36B8B002433443A
:102820006B8390F806C005210CF10C0C00EB0C0337
:1028300008209970DC7002F80C00042083F80490E2
:102840005F719871A8895C701881DC7140465E8167
:10285000E2F730F82046BDE8F8832120FBE740F29C
:102860000F40F8E740F21740F5E71A20F3E770B59C
:10287000064615461A46FFF7B8FE0446C0B1837CEB
:10288000032B18D1038BCBB1DDB1838AAB4218D3B4
:102890002B4604210020FFF743FB024698B1304647
:1028A000E189FDF717FC10B9238B013B238370BD31
:1028B00040F20F40FBE740F21740F8E740F21440C7
:1028C000F5E72120F3E71A20F1E708B50A46498821
:1028D000A1F140033F2B0CD8FFF787FE48B11188C8
:1028E000C28A914207D9052240F212418274FFF751
:1028F000E8FE002008BD0120FCE7002070470F2003
:1029000070470F207047704710B588B0E0F7B8FDEA
:102910000446002847D090F87200022845D1A368E9
:1029200013F4407F2AD094F87330012B2FD194F9FF
:102930007500DFF73DFF10B9A368DB0527D594F8D4
:10294000743013F0010322D1CDE90133CDE9043312
:10295000CDE90633ADF80C30A36813F4807F01ABEA
:102960000ED0A06AE16A228E03C31A802046BDF809
:10297000042004AB0DF10601E2F7A2FC08B010BD83
:102980000A22022194F97500FBF798F8EEE700237C
:1029900045F217021946204600F03CF9B0FA80F0E3
:1029A00040094000EAE72120E8E70220E6E738B5E1
:1029B00045F21B020C460B460021054600F02AF9A1
:1029C00030B92CB121462846BDE83840EDF7D0B8E3
:1029D00038BD00F041B900F05ABC00F063BC10B53E
:1029E00004464C30FBF763F884F875002046BDE8D8
:1029F000104000F027BC10B50446FBF72FF8022862
:102A00000DD194F8733094F97000012B14BF052197
:102A1000032184F83210BDE8104000F057BCA368D1
:102A200043F40073A36010BD00F048B938B50378D3
:102A300004463E2B0D4604D18378052B02D0ED2BA6
:102A40000FD038BDB0F80300E0F70CFD20B1B4F8AA
:102A50000D10621D00F098F92846BDE83840FEF7D9
:102A600070BFB0F80300E0F7FDFC0028F4D0B4F824
:102A70000D1004F10F03621D00F089F9ECE7CB049F
:102A800048BF41F480618160704710B5044645F24B
:102A90001A01FEF713FE2046BDE8104047F23053FE
:102AA000002245F21A01EBF74BBB10B50A4604466B
:102AB00008210020FFF7CAF910B1837903441C7381
:102AC00010BD38B505460C460D201121FFF7EDFF6E
:102AD000024688B12146837903440D3304F1100086
:102AE00051F8044B814243F8044BF9D12846BDE824
:102AF00038400621FDF7EEBA38BD38B505460C461C
:102B000004201121FFF7D1FF024688B121468379C5
:102B100003440D3304F1100051F8044B814243F893
:102B2000044BF9D12846BDE838400621FDF7D2BA5A
:102B300038BD38B505460C4603201121FFF7B5FF17
:102B4000024688B12146837903440D3304F1100015
:102B500051F8044B814243F8044BF9D12846BDE8B3
:102B600038400621FDF7B6BA38BD37B50022054614
:102B700008211046FFF76AF90446C0B10C23012270
:102B80000DF107018DF80730FFF79DF9296C202220
:102B900054312046FFF797F9296C202274312046E2
:102BA000FFF791F9224606212846FDF793FA03B074
:102BB00030BD08B5D0B2E0F763FC28B190F87730AB
:102BC00003F07F0380F87730012008BD70B505461B
:102BD000EDF700FA0C4606460A46284645F2010182
:102BE000B0472B6C03B11C60324628462346BDE833
:102BF00070404FF4A041184770B51546044638B1EF
:102C0000EDF7E8F92A4603462046BDE8704018472C
:102C1000022070BD114608B51A4621F00041FFF7A9
:102C2000EBFFB0FA80F0400908BD08B50B4601463D
:102C30001846EBF7A9FD003818BF012008BD10B5F4
:102C40000446006838B11A21FFF78DF92068FFF7B4
:102C5000C3F90023236010BD30B58BB00D460022B0
:102C600001A9C0B2EDF718FA044620BB01460D22B7
:102C70000DF10B00FEF7CCFBB5F803206B79ADF836
:102C8000082006A9019A02A88DF80A30EDF740F84D
:102C900040F20343BDF81820002818BF1C469DF8D9
:102CA0001A30102102A82A80AB70FFF75CF91021BE
:102CB00006A8FFF758F920460BB030BD10B5044602
:102CC000EDF782F804F13400FFF7B9FFA3685A0664
:102CD00006D523F0400300212046A360E2F740FA26
:102CE000236C63B1D3F89400F6F785F90421206CC6
:102CF000FFF739F9206CFFF76FF90023236410BD4B
:102D0000F7B50D4669461646EDF7C6F9044698B97B
:102D100029461022009801ABF6F743FA0746102126
:102D20002846FFF712F92FB110212846FFF71BF9AB
:102D300040F2074406B13760204603B0F0BD38B515
:102D40000446C51C03212846FFF76FFFC8B9E27887
:102D500063797AB922791A43F4D003F07F0343F000
:102D6000400363715323A3712146BDE83840FF201F
:102D7000FFF772BFFF2AF0D122791A40FF2AE1D073
:102D8000EBE740F2074038BD0021E2F7E9B9F8B5BA
:102D90001D46836804465B060F4616462DD41A204E
:102DA000FFF718F90146606320B92046BDE8F840F6
:102DB000E2F7D6B9034623F8027B326805F1100129
:102DC000C0F8022072685A602A46636B0A3352F8D0
:102DD000040B8A4243F8040BF9D110212846FFF76F
:102DE000C2F8A36843F0400213F4407FA26004D00D
:102DF0002046BDE8F840EDF745BAF8BD2DE9F041B1
:102E00009CB0154608AA1C4606460B469046239FD2
:102E100001F1200E9446186859680833ACE80300A5
:102E200073456246F6D120214046FFF78EF810AB7D
:102E30002A469C4605F1200E1D461068516808324E
:102E400003C572452B46F7D160462021FFF77DF878
:102E500018AA9446229B03F1100E1546186859686B
:102E6000083303C573452A46F7D160461021FFF7A2
:102E70006CF804AA2346154604F1100C1446186891
:102E80005968083303C463452246F7D11021284608
:102E9000FFF75BF86B46502241462846EDF748F8AD
:102EA000044610212846FFF75EF850214046FFF700
:102EB0005AF834B108213046EDF7E4FA1CB0BDE809
:102EC000F081039B38463B600421FFF73EF86846DB
:102ED0001021FFF748F8224645F214013046FFF76B
:102EE0008BFEEBE72DE9F04796B01D46DDE9229712
:102EF00005AB06460C469E46DDF8908002F1100AAE
:102F00009C46106851680832ACE80300524563469D
:102F1000F6D170461021FFF718F809AA2B469446FF
:102F200005F1100E154618685968083303C5734536
:102F30002A46F7D160461021FFF707F80DAA9446FC
:102F40001E9B03F1100E154618685968083303C517
:102F500073452A46F7D160461021FEF7F6FF9DF82B
:102F60007C30D9F800008DF844309DF8803006217F
:102F70008DF845309DF8843012908DF8463099F8E0
:102F8000063012A883F00803C3F3C0038DF847305E
:102F9000B9F80430ADF84C30FEF7D7FFBB79062105
:102FA00083F00803C3F3C0038DF84E303B680DF186
:102FB0004F00CDF84F30BB8804F11007ADF8533007
:102FC000FEF7C3FF01AA2346154614461868596840
:102FD000083303C4BB422246F7D110212846FEF72E
:102FE000B4FF4346412205A92846ECF7A1FF044659
:102FF00010212846FEF7B7FF412105A8FEF7B3FFD1
:1030000034B108213046EDF73DFA16B0BDE8F0873F
:1030100040461021FEF799FF224645F21301304643
:10302000FFF7EAFDF1E72DE9F3411D46089B044651
:103030008846164690F873705BB110211046FFF772
:10304000F4FD30B10821204602B0BDE8F041EDF7B3
:1030500019BA236C013EDA1C681E133312F8011FE3
:1030600016F801CF9A4281EA0C0100F8011FF5D150
:103070000023404601A90193ECF7C4FF48B1019831
:10308000F5F7B9FF08212046EDF7FCF902B0BDE8DD
:10309000F08129462846019AECF73AFE0028EED145
:1030A000022F0CBF0023062304F159022B4404F124
:1030B0005F0012F8016F1978904281EA060103F867
:1030C000011BF6D1022F14BF0023062304F1520284
:1030D0002B4404F1580012F8016F1978904281EAEC
:1030E000060103F8011BF6D129462846019AECF7A0
:1030F0000FFE05460198002DC2D1F5F77CFF2A4648
:1031000045F210012046FFF777FDBFE72DE9F041BA
:1031100096B0154605AA1C4606460B4690461D9FCE
:1031200001F1200E9446186859680833ACE8030092
:1031300073456246F6D120214046FEF706FF0DABEF
:103140002A469C4605F1200E1D461068516808323B
:1031500003C572452B46F7D120216046FEF7F5FEE8
:10316000AEB3336C93F85D31013B022B2FD89DF841
:10317000703043F0800301AA8DF854301546234681
:1031800004F1100C144618685968083303C46345E9
:103190002246F7D110212846FEF7D7FE3B464122B2
:1031A00041462846ECF7C4FE044610212846FEF7A7
:1031B000DAFE41214046FEF7D6FE54B11EB1082189
:1031C0003046EDF75FF9204616B0BDE8F0810023E8
:1031D000D1E710213846FEF7B8FE002EF3D0224684
:1031E00045F211013046FFF707FDECE7EEF744BF6B
:1031F000B1F5A04F70B504460D4616460AD045F20B
:103200000603994216D0324629462046BDE8704052
:10321000EDF758BF836843F08003836090F8733004
:10322000012B03D1BDE87040EDF77EBDBDE87040D5
:10323000EDF79ABF93791344597C41F49051ECF720
:1032400097FCE0E7002310B50364044690F975008D
:10325000431C13D0DFF766FE082204F11003114669
:1032600094F97500FAF72AFC94F91330012B07D171
:1032700094F8743043F0020384F87430002010BDD9
:10328000022BFBD194F8743043F00A03F4E74B8827
:10329000062B05D1088841288CBF002001207047EB
:1032A0000020704707B58B790A460B440191197CC1
:1032B0004B1E0D2B04D801F5A0410131FFF79CFCFA
:1032C00001A8FEF73EFB03B05DF804FB7047000069
:1032D00000B583B000F020F801900A4B1B6F1B0B68
:1032E00003F00F030093009B0133019AB2FBF3F349
:1032F0000193054A019B1360019B184603B05DF8DA
:1033000004FB00BF0080005048290020014B1B68CF
:10331000184670474429002000B583B0002301936C
:10332000134B1B6F03F00703013B032B19D801A2BA
:1033300052F823F05B330308453303084D33030889
:1033400055330308FFF7E2FF01900BE0094B1B68C0
:10335000019307E0084B019304E0084B019301E05F
:10336000FFE7FDE7019B184603B05DF804FB00BFD3
:10337000008000503C29002080D54302002D3101FF
:10338000014B1846704700BF00B4C404014B1846F7
:10339000704700BF002D3101014B1B681846704774
:1033A0003C290020014B1846704700BF80D54302DE
:1033B00082B000230193314B03F580531A464FF43A
:1033C000002353664FF0B4439B681B0C03F01F03AC
:1033D0000C2B4DD801A252F823F000BF1134030882
:1033E000713403087134030871340308713403081D
:1033F000713403084D340308533403085934030867
:10340000713403085F340308653403086B34030820
:103410004FF0B4439B6803F04073B3F1007F0ED0CC
:10342000B3F1007F0ED8002B03D0B3F1807F03D01F
:1034300008E0134B019308E0124B019305E0124B97
:10344000019302E00023019300BF12E00F4B0193B0
:103450000FE00F4B01930CE00E4B019309E00E4B74
:10346000019306E00D4B019303E00D4B019300E047
:1034700000BF019B184602B0704700BF008000509B
:1034800000093D0080841E0040420F00405DC600E0
:103490000024F400C0EA210180BA8C010048E80150
:1034A000005A6202014B1B681846704740290020F1
:1034B000054B5B68C3F30803002B14BF01230023F3
:1034C000DBB21846704700BF00ED00E082B001900B
:1034D000019B1B78002B0AD0019B1B78012B06D087
:1034E000019B1B78022B02D0019B1B78032B019BB5
:1034F0005B781A460849019B1B781846012303FA9A
:1035000002F203465B0003441B010B4403F58253A4
:103510001A6000BF02B0704700C0035000BF064BE6
:103520005B6803F00103002B03D0034BDB69002B26
:10353000F5D100BF704700BF00C00A5008B5FFF7C3
:10354000EDFF024B9B69184608BD00BF00C00A5042
:1035500082B0034600918DF807309DF80730002BAC
:1035600006D1054B03F580531A46009B536400BFF8
:1035700000BF02B0704700BF00C00A5082B00346CF
:1035800000918DF807309DF80730002B06D1054BD0
:1035900003F500531A46009B536400BF00BF02B0FE
:1035A000704700BF00C00A5082B0034600918DF8FA
:1035B00007309DF80730002B06D1054B03F500536B
:1035C0001A46009B136400BF00BF02B0704700BFE3
:1035D00000C00A5082B003468DF807309DF80730CE
:1035E000002B02D1034B1B6C00E00023184602B0F5
:1035F000704700BF00C00A5082B003460A468DF8EB
:10360000073013468DF806309DF80730002B0ED199
:103610009DF80630002B02D0012B03D005E0064BAD
:10362000DB6C05E0044B1B6D02E0002300E000238F
:10363000184602B0704700BF00C00A5082B003466F
:1036400000928DF807300B468DF806309DF8073054
:10365000002B0FD19DF80630002B02D0012B04D097
:1036600007E0064A009BD36403E0044A009B13650D
:1036700000BF00BF00BF02B0704700BF00C00A50CB
:1036800082B003468DF807309DF80730002B02D139
:10369000034B5B6D00E00023184602B0704700BF8B
:1036A00000C00A5000B583B000230193019B002B9A
:1036B00007D101220A210548F2F70DFDBFF34F8F14
:1036C00000BF019B184603B05DF804FB6880005002
:1036D00008B500220A210348F2F7FDFC0023184632
:1036E00008BD00BF6880005000B585B0034600915A
:1036F0008DF807300023039301F012FC02909DF82F
:1037000007301F2B00F2EA8001A252F823F000BF1D
:10371000913703089D370308DD380308AD370308E8
:10372000BD370308CD370308DD380308DD3703084C
:10373000ED370308DD380308FD370308DD380308DB
:103740000D3803081D380308DD3803082D38030839
:103750003D3803084D380308DD3803085D38030899
:10376000DD3803086D380308CD380308DD38030859
:103770007D380308DD3803088D380308DD38030879
:103780009D380308DD380308AD380308BD38030849
:10379000FFF7C2FD0246009B1A60A5E04FF4C0701F
:1037A000CFF706FC0246009B1A609DE04FF42070A4
:1037B000CFF7FEFB0246009B1A6095E04FF4407085
:1037C000CFF7F6FB0246009B1A608DE04FF4607065
:1037D000CFF7EEFB0246009B1A6085E04FF40070C5
:1037E000CFF7E6FB0246009B1A607DE04FF4806055
:1037F000CFF7DEFB0246009B1A6075E04FF4406095
:10380000CFF7D6FB0246009B1A606DE04FF4C06014
:10381000CFF7CEFB0246009B1A6065E04FF4F060E4
:10382000CFF7C6FB0246009B1A605DE04FF4B06024
:10383000CFF7BEFB0246009B1A6055E04FF4D06004
:10384000CFF7B6FB0246009B1A604DE04FF41060C4
:10385000CFF7AEFB0246009B1A6045E04FF4E060F4
:10386000CFF7A6FB0246009B1A603DE04FF4A06034
:10387000CFF79EFB0246009B1A6035E04FF41860BC
:10388000CFF796FB0246009B1A602DE04FF42860AC
:10389000CFF78EFB0246009B1A6025E04FF4807044
:1038A000CFF786FB0246009B1A601DE04FF42060B4
:1038B000CFF77EFB0246009B1A6015E04FF448608C
:1038C000CFF776FB0246009B1A600DE04FF40860CC
:1038D000CFF76EFB0246009B1A6005E0009B0022BA
:1038E0001A602123039300BF029801F00BFB039B96
:1038F000184605B05DF804FB00B585B003460A46DE
:103900008DF8073013468DF80630002302939DF89A
:103910000630032B16D801A252F823F02D390308E4
:1039200033390308393903083F3903080123029367
:1039300008E00423029305E01023029302E04023F1
:10394000029300BF9DF80730032B1FD801A252F845
:1039500023F000BF653903086F390308793903087C
:1039600083390308029B43F0020302930EE0029B9B
:1039700043F00803029309E0029B43F02003029303
:1039800004E0029B43F08003029300BF0F4B1B68CF
:10399000039312E0039B5B681A68029B1340002BA1
:1039A00008D0039B5B685B689DF806109DF80720B4
:1039B00010469847039B1B680393039B002BE9D198
:1039C00000BF00BF05B05DF804FB00BFC4160020B7
:1039D00000B585B003460A468DF8073013468DF8CA
:1039E00006309DF80730002B02D09DF80730022BDF
:1039F0009DF80730013B3B4AD35CFF2B05D19DF876
:103A0000063083F00103DBB2002B9DF80730013B49
:103A1000344AD35CFF2B03D19DF80630002B5BD1D9
:103A20009DF80730013B2F4AD35C002B02D19DF853
:103A30000630002B9DF80730013B2A4AD35C002B4F
:103A400006D19DF8063083F00103DBB2002B45D18F
:103A50009DF80730013B234AD25C9DF80630002BCD
:103A600001D0012100E0FF219DF80730013B0A440D
:103A7000D1B21C4AD1549DF80630002B2FD01A4BDE
:103A80001B78012B2BD900F07FF903468DF80F30FE
:103A90009DF80F30012B02D800F078FA09E0124BA4
:103AA0001B78032B05D19DF80F30022B01D101F0BB
:103AB00055FB0D4B1B789DF80F209A420FD00A4BF7
:103AC0001B789DF80F2011461846FFF715FF064A90
:103AD0009DF80F30137002E000BF00E000BF05B09A
:103AE0005DF804FBC81600208824002000B583B0D0
:103AF00001F0E9FA0190AFF3008001F07FF903468D
:103B000083F00103DBB2002B05D0AFF300800198F6
:103B100001F0E5FAD7E06D4B1B78002B05D00020B3
:103B200000F0C4F9694B00221A7000F02DF9034629
:103B30008DF803309DF80330184600F03FF900F08F
:103B400023F903468DF803309DF80330012B09D982
:103B50005F4B1B78DBB283F00103DBB2002B01D09B
:103B600000F090FA5B4B1B789DF803209A4216D028
:103B7000594B00221A70594B1B78DBB283F00103BA
:103B8000DBB2002B07D0534B1B789DF80320114666
:103B90001846FFF7B1FE4F4A9DF8033013704E4BA5
:103BA0001B78002B08D04B4B1B78022B04D14A4BBF
:103BB00000221A7001F0DDFC9DF80330012B13D9AF
:103BC000434B1B78DBB283F00103DBB2002B0BD03D
:103BD000434B1B78002B04D100F06EFA414B0122BD
:103BE0001A703B4B01221A703A4B1B78184601F0B1
:103BF00095FA3A4B1B78DBB2002B03D03A4B1A787C
:103C0000344B1A70AFF30080019801F075FA0190FF
:103C1000364B1B78DBB2002B11D0344B00221A70CC
:103C20002C4B1A78304B1B789A4208D1294B012231
:103C30001A702D4B1B7801211846FFF75DFE2C48AA
:103C400000F05CFB01F0FBF80346002B7FF463AF50
:103C5000214B00221A701E4B1B78DBB2002B21D0A7
:103C60001E4B00221A701F4B1B78002B0CD000F04B
:103C70002BFA1C4B00221A7006E0012001F04EFACC
:103C8000019801F039FA0190002000F05DFA034636
:103C900083F00103DBB2002BEFD100F06FFA0C4B85
:103CA00000221A70002000F089F80A4B1B780021CE
:103CB0001846FFF721FE074B00221A70AFF3008071
:103CC000019801F00CFA03B05DF804FB8E2400208B
:103CD0008D240020882400208A2400208C240020A9
:103CE000892400208F2400208B240020922400208F
:103CF000D016002000B583B001F0F8F801900F4B0A
:103D00001B788DF803300D4B00221A70019801F0DA
:103D1000E0F800F0D9FC03461A469DF8033013433F
:103D2000DBB2002B14BF012300238DF803309DF874
:103D30000330184603B05DF804FB00BF9124002057
:103D400000B583B00023019301F0D0F800900D4B33
:103D50001B78012B04D8009801F0BBF8019B0DE003
:103D6000D6F710FE0346019300F060FA0246019B6D
:103D700013440193009801F0ACF8019B184603B07E
:103D80005DF804FB8824002082B00123019302E047
:103D9000019B01330193019B022B05D8019B013B41
:103DA000054AD35C002BF3D0019B8DF803309DF8BE
:103DB0000330184602B07047C816002000B58BB01B
:103DC00003468DF80F309DF80F30032B60DC022B7B
:103DD0000EDA002B01D0012B5AE02F4B1B78002B61
:103DE00053D0002000F062F82B4B00221A704CE0F8
:103DF00005AB1946002000F0F9FA0890089B002B4B
:103E000045D1059A254B1B689A4206D8012000F03F
:103E10004DF8214B01221A7039E00023079300234B
:103E200006931F4B1B680693079A069B1344079340
:103E300000F0FCF90246079B13440793059A079B81
:103E40009A4206D8012000F031F8134B01221A7073
:103E50001DE00023ADF8263000F0E2F90346002B08
:103E600002D00423ADF82630059A079BD11ABDF87D
:103E7000263043F002039BB20193002300930023FA
:103E8000084A094801F09FF901E000BF00E000BFC7
:103E900000BF0BB05DF804FB8E240020F01600205C
:103EA000F4160020593F0308D016002000B583B057
:103EB00003468DF80730254B1B78FF2B05D19DF865
:103EC000073083F00103DBB2002B204B1B78FF2B64
:103ED00003D19DF80730002B31D11C4B1B78002BF0
:103EE00002D19DF80730002B184B1B78002B06D110
:103EF0009DF8073083F00103DBB2002B21D1134B77
:103F00001B789DF80720002A01D0012200E0FF2243
:103F10001344DAB20D4B1A709DF80730002B11D004
:103F20000B4B1B78012B0DD90A4B1B78DBB283F0AE
:103F30000103DBB2002B05D000F06CF802E000BFFB
:103F400000E000BF03B05DF804FB00BFC81600200E
:103F5000882400208C24002000B585B001900091B9
:103F600000F0C4FF0390084B1B78002B03D003988C
:103F700000F0AFFF04E000F04DF8039800F0A9FF57
:103F800005B05DF804FB00BF9024002000B583B0AD
:103F900000F0ACFF01901B4B1B78DBB2002B2AD04A
:103FA000194B1B7883F00103DBB2002B05D0164BB5
:103FB00001221A70154B00221A70154B1B78002B2A
:103FC00004D000F081F8124B00221A70019800F022
:103FD00080FF012000F0B8F800F088FF01900A4B44
:103FE0001B78002B04D000F0C9F8074B00221A7090
:103FF000044B00221A70019800F06BFF00BF03B061
:104000005DF804FB8D240020902400208C240020E7
:104010008F24002008B5164B1B78DBB2002B24D070
:10402000144B1B78002B04D000F04EF8114B0022EB
:104030001A70002000F088F80346002B0ED000F024
:104040009DF80B4B00221A700B4B1B780121184670
:10405000FFF752FC084B01221A7006E0074B0122C1
:104060001A70054B1A78064B1A7000BF08BD00BFC6
:104070008D2400208F240020882400208C24002000
:104080008B24002008B5094BD3F8203103F0070337
:10409000074A1360054BD3F8283103F00703054A9C
:1040A0001360F1F7C0FE00BF08BD00BF00800050E4
:1040B000F8160020FC160020024B01221A7000BFE7
:1040C000704700BF9524002008B51B4B1B7883F078
:1040D0000103DBB2002B2DD1184B1B7883F00103B9
:1040E000DBB2002B22D0164B9B6D03F48033002BE8
:1040F00005D0144B1B6803F00203002B05D1104BB5
:104100009B6D03F00103002B07D00D4B03F580538B
:104110001A464FF4803393620DE0D5F73FFB084B0E
:1041200003F580531A464FF480339362034B002209
:104130001A7000E000BF08BD9324002096240020E0
:104140000040005A5C40005A00B583B003468DF829
:104150000730094B1B7883F00103DBB2002B01D041
:10416000012305E09DF807301846D5F71BFC0346F0
:10417000184603B05DF804FB9324002008B5F1F75E
:1041800054FE1F4B1B78002B0CD01E4B03F58053A5
:104190001A460123536000BF1A4B9B6903F00103C9
:1041A000002BF9D0184B1B6F23F00702174B1B682D
:1041B000154913430B67144BD3F8203123F0070242
:1041C000134B1B6810491343C1F820310E4BD3F831
:1041D000283123F007020F4B1B680B491343C1F82A
:1041E00028310D4B1B78002B06D00C4B03F50053E8
:1041F0001A464FF48033936200F08BFF00BF08BD76
:104200009424002000C001500080005004170020BA
:10421000F8160020FC160020932400200040005ACD
:10422000014B1B78184670479324002000B583B0DB
:10423000002301930A4B1B78002B07D0D5F762FBB4
:104240000190019BDB08019A13440193054B1B6805
:10425000019A13440193019B184603B05DF804FBD7
:10426000932400200817002008B51F4B1B78002B53
:1042700031D01D4B00221A701C4B1B6F23F007031B
:104280001A4A43F001031367184BD3F8203123F087
:104290000703164A43F00303C2F82031134BD3F847
:1042A000283123F00703114A43F00303C2F82831F1
:1042B0000F4B1B78002B0CD00E4B03F500531A4606
:1042C0000123536000BF0B4B5B6803F00203002B1C
:1042D000F9D100F01EFF084B03F500531A460123E5
:1042E000536700BF08BD00BF952400200080005028
:1042F0009424002000C001500040005A00B587B04F
:10430000019000238DF81730019BDB88062B01D12B
:1043100000F052FD019B002B01D1222329E000F087
:10432000E5FD049000F066FB144B1B68019A9A426D
:1043300002D101238DF81730019800F0F1FA0390B3
:10434000039B002B04D0049800F0C3FD039B10E0F6
:104350009DF81730002B08D000F020FB0390039B42
:10436000222B02D1022000F0E1FC049800F0B1FD04
:104370000023184607B05DF804FB00BF14170020A7
:1043800000B585B001900091019B002B02D0009BED
:10439000002B01D1222322E0009B00221A7000F0A2
:1043A000BFFD0290104B1B6803930AE0039A019B28
:1043B0009A4203D1009B01221A7002E0039B9B6882
:1043C0000393039B002B06D0009B1B7883F0010313
:1043D000DBB2002BEAD1029800F094FD00231846CE
:1043E00005B05DF804FB00BF1417002000B587B0CE
:1043F00003460091ADF806300023049300F090FDD1
:1044000003901F4B1B6805932EE0059B5B69049A84
:1044100013440493059BDB88BDF806209A4203D021
:10442000BDF80630FF2B1CD101F003F80246154BF6
:104430001B68D31A049A9A4209D900F0FAFF02467F
:10444000104B1B68D31A049AD31A049301E000237B
:104450000493009B049A1A60039800F053FD002314
:1044600009E0059B9B680593059B002BCDD1039824
:1044700000F048FD1B23184607B05DF804FB00BFA1
:1044800014170020181700202DE9F04385B000F024
:1044900047FD019000F0CDFF0390154B1B68029380
:1044A000012000F099FF0346002B05D000F0C1FF6A
:1044B0000390029B01330293019800F023FD029BBD
:1044C0000022984691464FF000024FF00003434609
:1044D0000022039900200C46054642EA040643EAFE
:1044E000050732463B461046194605B0BDE8F08345
:1044F0000C170020014B1B6818467047101700204E
:104500002DE9F04383B001900091184909680198A2
:10451000884225D8019900200E46074614490968AB
:1045200000200C46054604FB07F006FB05F101449C
:10453000A6FB042319440B4640F2E73112EB0108B5
:1045400043F100094FF47A724FF0000340464946A8
:10455000E9F7F0F802460B46009B1A60002300E0E2
:104560002123184603B0BDE8F08300BF1C170020CC
:10457000101700202DE9F04F8DB0099000230B9308
:10458000504B1B68002B00F098804E4B1B68184660
:1045900000F06DFE0346002B4FD0099B00220093D4
:1045A0000192DDE9004522462B464FF000004FF016
:1045B0000001590141EAD261500102460B462146F1
:1045C000561A294663EB01074FF000024FF0000333
:1045D000BB0043EA9673B20016461F462346F31803
:1045E00004932B4647EB030305934FF000024FF073
:1045F0000003DDE904452946CB00214643EA517317
:104600002146CA0014461D462E4B1B68184600F072
:104610001CFE0346C3F12001A3F1200224FA03F893
:1046200005FA01F148EA010825FA02F248EA02080F
:1046300025FA03F943460B933FE0099B00229A4673
:10464000934652465B464FF000004FF0000159017F
:1046500041EAD261500102460B46B2EB0A0463EB19
:104660000B054FF000024FF00003AB0043EA9473D8
:10467000A20014461D4614EB0A03069345EB0B03F8
:1046800007934FF000024FF00003DDE9064529468D
:10469000CB00214643EA51732146CA001046194611
:1046A000084B1B68002202930392DDE90223E9F71D
:1046B00041F802460B4613460B930B9B18460DB070
:1046C000BDE8F08F1017002000B583B000F028FC83
:1046D0000190064B1B788DF80330019800F012FC16
:1046E0009DF80330184603B05DF804FB99240020C0
:1046F00000B583B00C4B1B788DF807309DF8073060
:10470000002B0BD000F086FD0246084B1B689B690E
:10471000D31A022B02D900238DF807309DF80730F9
:10472000184603B05DF804FB9824002014170020FD
:1047300082B003468DF80730034A9DF807301370A6
:1047400000BF02B0704700BF9924002000B589B0B7
:1047500003468DF807309DF8073003F00103002B66
:1047600008D0374B1B680133354A136000F042F91B
:1047700000F014F99DF8073003F00203002B5BD022
:1047800000230693002305930023ADF8123000F0B8
:10479000C7FB079000F02EF92AE02A4B1B68039311
:1047A000284B1B6806930AE0069B1A79039B1B792A
:1047B0009A4201D9039B0693039B9B680393039B37
:1047C000002B03D0039B5B69002BEDD0079800F012
:1047D00099FB069800F05CFD069BDB88ADF8123073
:1047E000059B0133059300F09BFB079000F002F955
:1047F000144B1B68002B04D0124B1B685B69002B09
:10480000CBD0114B00221A70059B012B08D1BDF8AB
:10481000123003F00203002B02D00B4B01221A705E
:1048200000F0BCF80290029B222B02D1022000F083
:104830007DFA079800F066FB00BF09B05DF804FB45
:104840000C170020141700209924002000B587B011
:1048500001900091009B0593019BDB88002B0AD1FE
:10486000FFF76EFA0290059A029B9A4203D2029BCE
:104870000593F3F70BFE019B059A5A61274B1B68C2
:10488000002B40D000230493244B1B6803930CE0BF
:10489000039B5B69059AD31A0593019B059A5A619C
:1048A000039B0493039B9B680393039B002B13D0F0
:1048B000039B5B69059A9A42EAD2039B5B69002BD2
:1048C000E6D0039B5B69059A9A4205D1019B1A7950
:1048D000039B1B799A42DBD8049B002B03D0049BDB
:1048E000019A9A6002E00D4A019B1360019B039AB2
:1048F0009A60039B002B0CD0039B5A69059BD21A2C
:10490000039B5A6105E0054A019B1360019B00224D
:104910009A6000BF07B05DF804FB00BF14170020C9
:1049200084B00190002303931B4B1B680293019BEF
:10493000002B06D122232BE0029B0393029B9B6852
:104940000293029B002B03D0029A019B9A42F3D15F
:10495000029A019B9A4201D0022319E0039B002B8B
:1049600004D0019B9A68039B9A6003E0019B9B68BB
:10497000094A1360019B9B68002B08D0019B9B6830
:104980005969019B5A69019B9B680A445A6100233B
:10499000184604B0704700BF1417002000B583B05C
:1049A000124B1B68002B1CD0104B1B685B69002B43
:1049B0000DD00E4B1B685A690D4B1B6813440193B5
:1049C000022000F044FD019800F0FEF805E002200E
:1049D00000F03DFD022000F0D9F900F0B5F8002309
:1049E00000E02223184603B05DF804FB14170020F2
:1049F0001817002000B585B000F01BFD0190174B83
:104A00001B680393164B1B68019AD31A029318E094
:104A1000039B5B69029A9A4208D8039B5A69029BDE
:104A2000D21A039B5A610023029307E0039B5B6940
:104A3000029AD31A0293039B00225A61039B9B683C
:104A40000393039B002B02D0029B002BE0D1044A6E
:104A5000019B136000BF05B05DF804FB1417002034
:104A60001817002000B587B00390029101920093BF
:104A7000039B9DF824201A71039B089A1A60039BDC
:104A800000229A60039B019A1A61039B009ADA60E4
:104A9000039BBDF82820DA80019B002B07D100F092
:104AA000C8FC0246029B1A44039B9A6106E000F090
:104AB000C0FC0246019B1A44039B9A61029B002B97
:104AC00015D1039B00225A61039BDB68002B06D0A3
:104AD000039BDB68039A1268114603989847019B71
:104AE000002B02D0019B029301E0002323E0BDF8DC
:104AF0002830062B0BD1124B9B6A114A43F0080356
:104B00009362029B184600F0B5F8002313E000F012
:104B1000EDF90590FFF76EFF02990398FFF796FEF7
:104B2000084B1B68039A9A4201D1FFF737FF05989B
:104B300000F0CFF90023184607B05DF804FB00BF72
:104B40000040005A1417002082B0144B1B680193D8
:104B500000230093124B00221A7015E0019BDB88A2
:104B600003F00203002B04D00D4B01221A7000BF8A
:104B700010E0019B9B680193019B002B04D0019BDB
:104B80005B69009A13440093009B012B02D8019BA0
:104B9000002BE3D100BF02B0704700BF1417002004
:104BA0009824002008B5074BD3F8403203F00303E4
:104BB000013B012B03D8022000F088FC00E000BF7D
:104BC00000BF08BD0080005000B587B00190019B78
:104BD000059300F08BF9049000F02BFC039000F09B
:104BE0002EFC02900020FEF7F5FC034603F00203C2
:104BF000002B0AD10399029800F07DFC0346032B99
:104C000003D8029A039B9A421CD10399059800F09D
:104C100072FC0346022B02D8039B03330593059BCA
:104C2000B3F1FF3F2CBF0122002252429B1A059391
:104C3000059B013B1A4600210020FEF7FFFC0220E5
:104C400000F005FC049800F044F9084B1B78002B99
:104C500008D0074B9B6C064A43F001039364034B57
:104C600000221A7000BF07B05DF804FB1B2B002068
:104C700000C00A5000B587B0019000F037F90490E9
:104C800000F0D7FB0390019B039A1344059303990B
:104C9000059800F030FC0346022B02D8039B033337
:104CA0000593059BB3F1FF3F2CBF01220022524226
:104CB0009B1A0593059B013B1A4601210020FEF734
:104CC000BDFC049800F005F90B4B1B78002B0ED0AF
:104CD0000A4B9B6C094A43F002039364074B9B6C9D
:104CE000064A43F004039364034B00221A7000BF8A
:104CF00007B05DF804FB00BF1C2B002000C00A5069
:104D000000B583B0084800F0D7F903468DF80730A6
:104D10006A469DF807301146184600F0B7F9009B27
:104D2000184603B05DF804FBB06B030800B585B00E
:104D300003468DF80730002303939DF8073003F0F6
:104D40000103002B03D0039B43F0010303939DF861
:104D5000073003F00203002B0CD0039B43F0020347
:104D60000393084B01221A70074B9B6C064A23F0F1
:104D70000103936403990020FEF700FC00BF05B017
:104D80005DF804FB1B2B002000C00A5082B00346D4
:104D90008DF807309DF8073003F00203002B05D093
:104DA000044B03F580531A460223136400BF02B07C
:104DB000704700BF00C00A500B4B1B7883F0010303
:104DC000DBB2002B0ED0094B9B6C084A23F0020388
:104DD0009364064B9B6C054A23F004039364024BD7
:104DE00001221A7000BF70471C2B002000C00A501F
:104DF00001231846704701231846704700B583B059
:104E000001238DF80730E1F795FB034683F001039A
:104E1000DBB2002B02D000238DF80730FFF7E8FF4C
:104E2000034683F00103DBB2002B02D000238DF890
:104E300007309DF80730184603B05DF804FB00B555
:104E400083B000238DF8073000238DF80630FEF77D
:104E500051FF03468DF80730FBF7DBFB03468DF867
:104E600005309DF80530042B03D101238DF8063061
:104E700006E09DF80530022B02D101238DF80730A2
:104E8000FFF7B9FF03468DF805309DF80530042B78
:104E900003D101238DF8063006E09DF80530022B82
:104EA00002D101238DF807309DF80630002B02D087
:104EB00000238DF807309DF80730184603B05DF8E1
:104EC00004FB4FF40043184670474FF47A731846BA
:104ED000704782B00190019B002B04D162B600BFE5
:104EE000BFF36F8F00BF00BF02B0704782B0EFF317
:104EF00010830093009B019372B600BF019B18467C
:104F000002B0704784B00190019B0393039B83F32D
:104F1000118800BFBFF36F8F00BF00BF04B07047A0
:104F200084B0EFF311830193019B03933023029329
:104F3000029B83F3118800BF039B184604B070479F
:104F400008B5FEF7C5F90346184608BD08B5FEF7D3
:104F5000BFF900BF08BD86B0039002910192019B8A
:104F6000002B04D0039B03F58053059303E0039BC0
:104F700003F500530593059B0121029A01FA02F201
:104F80001A6000BF06B0704700B585B001900123DC
:104F900003934FF4A0230293019B002B01D1212303
:104FA0001AE0FEF77FFB0390039B002B01D0039BCD
:104FB00012E0019B184600F02BF8F1F77DF8029003
:104FC000FEF786FB0390029B002B01D1039B03E0BD
:104FD0000298F1F7A0F80346184605B05DF804FB07
:104FE00082B001900091019BDB69032B0DD8019BDE
:104FF000DB69019A02339B001344009A5A60019BBB
:10500000DB695A1C019BDA6100E000BF02B0704707
:1050100000B585B00190019BDB69042B32D800BF3D
:105020004FF098431B6C03F48013002BF8D0019BC6
:10503000DB6904334FF098429B001365019B1B68AA
:105040001846F1F7A8FC019B5B681846F1F7A3FC32
:10505000019B9B681846F1F79EFC002303930BE02D
:10506000019A039B02339B0013445B681846F1F7D7
:1050700092FC039B01330393019BDB69039A9A42E1
:10508000EED300E000BF05B05DF804FB00B583B0CF
:10509000034600918DF80730009B002B01D122239D
:1050A00006E09DF8073000991846FEF71DFB034601
:1050B000184603B05DF804FB82B00190019B1B7998
:1050C000184602B0704782B0EFF310830093009B44
:1050D000019372B600BF019B184602B0704782B0C0
:1050E0000190019B002B04D162B600BFBFF36F8F0C
:1050F00000BF00BF02B0704700B583B001900198B7
:10510000FFF7EDFFFFF7DFFF0346184603B05DF83A
:1051100004FB08B5FEF7DCF800BF08BD00B583B09E
:1051200003468DF807309DF80730032B0DD0032B75
:105130000FDC012B02D0022B03D00AE0D5F774FC60
:1051400008E00020CFF7A6FE04E00020CFF7D2FE53
:1051500000E000BF00BF03B05DF804FB00BF704774
:1051600000B58BB0079006910592049300238DF84B
:105170002730079B002B01D1222320E0079B002230
:105180009A83079B0022DA830DF1270319460798BB
:10519000FFF7F6F89DF82730002B01D003230EE02F
:1051A000BDF8343002939DF830300193049B009396
:1051B000059B002206990798FFF754FC0346184602
:1051C0000BB05DF804FB00B589B00790069105921D
:1051D0000493079B002B01D1222317E0079B002299
:1051E0009A83079B0022DA830798FFF787F8BDF8B8
:1051F0002C3002939DF828300193049B0093059B6B
:10520000002206990798FFF72DFC0346184609B0BF
:105210005DF804FB00B583B0FFF782FE019000F05B
:1052200008F900900198FFF76DFE009B184603B047
:105230005DF804FB08B500F02DF90346184608BDDB
:1052400008B500F03CF900BF08BD84B00190019B97
:105250000393039B002B01D1202303E0039BB3FAAC
:1052600083F3DBB2C3F11F03184604B0704782B06A
:105270000190019B002B07D0019B5A1E019B1340FC
:10528000002B01D1012300E00023184602B0704733
:105290002DE9F04F8BB00390002309934FF00002EB
:1052A0004FF00003CDE9062300238DF81730039B50
:1052B0001B69002B23D0039B1B69002200930192E2
:1052C000DDE90023CDE9062300F0B3F80246039B95
:1052D0009B69D31A0993099BDA171E461746DDE925
:1052E0000623964277EB030309DB01238DF8173081
:1052F000039B9A69039B1B691A44039B9A619DF85F
:10530000173083F00103DBB2002B08D0FFF708FE53
:1053100004900398FFF704FB0498FFF7F3FD039B49
:105320001B69002B49D09DF8173083F00103DBB2D5
:10533000002B42D0099BDA171C461546DDE90623EF
:10534000B2EB040A63EB050BCDE906AB039B9B8B29
:10535000002B20D0039BDA8B039B9B8B13449AB2C8
:10536000039BDA83039BDB8BB3F57A7F13D3039B19
:10537000DB8BA3F57A739AB2039BDA83DDE906230C
:1053800012F1FF3843F1FF39CDE90689039B9B6990
:105390005A1E039B9A61FFF7C3FD0490069B1946B2
:1053A0000398FFF753FA039B9A69039B1B691A44FE
:1053B000039B9A610498FFF7A5FD039BDB68002B14
:1053C00006D0039BDB68039A12681146039898473E
:1053D00000BF0BB0BDE8F08F00B585B003468DF877
:1053E000073000238DF80F300020FEF7F3F802900D
:1053F0009DF80730012B0BD0022B13D1029B03F039
:105400000203002B14BF012300238DF80F300AE0A4
:10541000029B03F00103002B14BF012300238DF82E
:105420000F3000E000BF9DF80F30184605B05DF862
:1054300004FB08B5FEF782F80346184608BD08B518
:1054400000210020FEF7D8F80346184608BD00B535
:1054500085B003468DF80730002303939DF807308D
:1054600003F00103002B03D0039B43F001030393DC
:105470009DF8073003F00203002B03D0039B43F099
:105480000203039303990020FEF762F800BF05B002
:105490005DF804FB08B50020FEF79CF8034603F016
:1054A0000803002B08D008210020FEF77DF800201B
:1054B000FEF7E6F8034600E00023184608BD08B5ED
:1054C00004210020FEF770F800BF08BD00B585B0CC
:1054D00003468DF80730FFF709FD03909DF807306C
:1054E00001211846FEF774FA0398FFF7F2FC00BF9B
:1054F00005B05DF804FB82B001900091019A009B19
:10550000D31A184602B0704700B585B000238DF855
:105510000F30FFF705FD02900020FEF75BF80190C9
:10552000019B03F00103002B05D09DF80F3043F0E1
:1055300001038DF80F30019B03F00203002B05D00F
:105540009DF80F3043F002038DF80F30019B03F0FC
:10555000030319460020FEF727F89DF80F30184680
:10556000FFF7F4F80298FFF7CDFC00BF05B05DF837
:1055700004FB02210120E1F739BF00000000000018
:10558000F8B500BFF8BC08BC9E467047F8B500BF30
:10559000F8BC08BC9E4670475FF800F0ED2500207F
:1055A0005FF800F089260020746869732069732011
:1055B000646174612067656E657261746564206200
:1055C0007920746865207065726970686572616CB5
:1055D00020646576696365202847415454207365CB
:1055E000727665722920616E64206973206D656131
:1055F0006E7420746F20626520766572792C207637
:105600006572792C2076657279206C6F6E672069DF
:105610006E206F7264657220746F207465737420DD
:105620004C3243415020667261676D656E746174DF
:10563000696F6E20616E64206465667261676D6576
:105640006E746174696F6E000A3E20426567696E10
:105650000A000000504552202D20426F6F74696E81
:1056600067207065726970686572616C2E2E00002B
:105670007468697320697320646174612067656E62
:105680006572617465642075706F6E2072657175E6
:1056900065737400425244343030324100000000DF
:1056A00041303700392E302E30000000002801280C
:1056B0000328002A012A292A242A272A262A232ADB
:1056C000052A2A2B292B0229D17414861968FD89F1
:1056D0000A484A34A0C53C64541E98C31087CDAB19
:1056E0002E4096503AA71C39020020180C0053692E
:1056F0006C69636F6E204C616273000002000A18CF
:105700000200000002000018020001180100000061
:105710000108FFFF00000000085703080200020014
:105720000108FFFF0500000020000A0003000A0036
:105730000008FFFF010000002829002004000D00E0
:105740000308FFFF03000000020000000500020044
:105750000108FFFF0500000002000B0006000B001F
:105760000108FFFF010000001029002007000200CF
:105770000108FFFF050000000A000C0008000C00F3
:105780000308FFFF010000000829002009000000B5
:105790000108FFFF00000000045703080A00020090
:1057A0000108FFFF050000000A0003000B000300D2
:1057B0000308FFFF01000000F42800200C00020095
:1057C0000108FFFF05000000020004000D000400B6
:1057D0000108FFFF00000000005703080E00000052
:1057E0000108FFFF00000000FC5603080F00020044
:1057F0000108FFFF05000000020005001000050081
:105800000108FFFF00000000EC5603081100020031
:105810000108FFFF0500000002000600120006005C
:105820000108FFFF01000000E4280020130002002F
:105830000108FFFF05000000020007001400070038
:105840000108FFFF01000000D82800201500020019
:105850000108FFFF05000000020008001600080014
:105860000108FFFF01000000CC2800201700020003
:105870000108FFFF050000000200090018000900F0
:105880000108FFFF01000000BC28002019000000F3
:105890000188FFFF00000000E85603081A0002001C
:1058A0000108FFFF050000000A0000801B000080C7
:1058B0000308FFFF01000000B42800201C000200C4
:1058C0000108FFFF050000000A0001801D000180A3
:1058D0000308FFFF01000000AC2800200C5703085C
:1058E0001D001D00AC5603080E000E00C85603082C
:1058F000020002000100FFFFFFFF0000342900202A
:10590000C10D0008EB350208A5360208D33602089F
:10591000D3350208CB530208E1530208EB530208C7
:1059200021540208E55402082F5402088D5402083D
:10593000020000002C00000000020100C800B2FEBE
:10594000B400E8087F8DFBFF4E0002036349FFFFB0
:105950002C00AF01EFE5FFFF1B00FF00E61A00007F
:105960001100A700DA2800000A00620015280000D4
:1059700006003B00A821000003000B00A10E000060
:1059800006FF6CFFA1FFBCFFCDFFD8FFE0FFE6FFE5
:10599000EAFFEEFFF0FFF3FFF4FFF6FFF7FFF7FF7C
:1059A000000800B43C5903080100000F80590308A7
:1059B0000000000000000000193F01060410010073
:1059C0000001010600102700000C0000000000008C
:1059D00000000000193F010604100100000101064B
:1059E00000102700000A0000000000000000000076
:1059F00050C30000F22B0000EE020000EE02000097
:105A000050C3000076160000770100007701000007
:105A1000F5DA0200A41F00009001000090010000D0
:105A2000E5BF0000282300006B0300006B030000AB
:105A300050C30000E62D0000D0070000D007000092
:105A400002000000C017530206140000802FA604B5
:105A500005380000A00800000000580901040706EE
:105A6000100A01040707C80A00040807800B000495
:105A70000808380C000409086108000000008A08C2
:105A800000000000C709010404032C0B01040404F6
:105A9000920C01040504000003050000030200004D
:105AA00003040000030300000307000012000000CD
:105AB0002449920000000000B8590308F059030877
:105AC00000000000000000000024F40040420F002D
:105AD0000101F800C224500300000000405A0308EE
:105AE0000000000000000000000000002B420F003A
:105AF0000000000000000000000000001200000094
:105B00006666660000000000B8590308005A0308E2
:105B100000000000000000000048E80180841E0032
:105B20000101F800F147500200000000405A03084C
:105B30000000000000000000000000007C841E0047
:105B40000000000000000000000000001200000043
:105B50001CC7710000000000D4590308105A030844
:105B600000000000000000000051250240420F002C
:105B70000108F600F147100200000000405A030837
:105B80000000000000000000000000002A420F009A
:105B900000000000000000000000000012000000F3
:105BA0001CC7710000000000D4590308205A0308E4
:105BB00000000000000000000051250240420F00DC
:105BC0000102F600F147100200000000405A0308ED
:105BD0000000000000000000000000002A420F004A
:105BE00000000000000000000000000012000000A3
:105BF0001CC7710000000000D4590308305A030884
:105C000000000000000000000051250240420F008B
:105C10000108F600F147100200000000405A030896
:105C20000000000000000000000000002A420F00F9
:105C30000000000000000000000000000C40010017
:105C4000018101002040020000000000010000006E
:105C500030400300000000000000000000000000D1
:105C600040400200000000000040000060400100D1
:105C700001010000A840010007000000BC40040032
:105C80000000000000000000000000000000000014
:105C90000C410300FF4C0000FF4D0000FF4D0000D1
:105CA00020C0011000F8070020C00130F5022801D3
:105CB00024C00110FF00000024C0013000130000C8
:105CC00028C00800EC80B30343754051A00F00F8D2
:105CD00000400000A8AA070000000000000000002B
:105CE0000000000070C00900BA100000000420008D
:105CF000041880000B3C2001187C10022FFCE006E9
:105D00007F0000000000000000000000A8C00500A7
:105D1000BD4B721511A3180510325476980A000075
:105D200000000000CCC004000100000000000000E2
:105D300001000A0001002800080001010807000016
:105D400018000101AAAAAA00200001010060DA00DF
:105D50005C400201000000030000002078400401C4
:105D600029417671000000008C000C00000000004A
:105D7000C44004010000000000000000000000001A
:105D800000000000E040010100020000104102019B
:105D9000331E050000000000204106010000000045
:105DA000FF0483078813C83AFF06660CFF048307C5
:105DB0008813FF0358410101000000006441010104
:105DC0000C010000844105010101000000000000F9
:105DD000000000000000000000000000A4410201DB
:105DE0000000000000000000B041020100000000BF
:105DF00058923EC0BC4103010000000000003C007E
:105E0000699006002C420301601800400000000069
:105E1000000000003C420101000000004442020179
:105E20001400000000000000804202010000000099
:105E300081000000984205013F000002FFFF0000C2
:105E4000FFFF0000FF030000FFFF0000B44201015C
:105E50000000000030430A0140002001A0000000C3
:105E6000085000011F1F1F1F1F1F1F1B1815131194
:105E7000100E0D0C45C1872F00000000000000002F
:105E800010800101030000003C80010101000000BE
:105E90009C80010100000000B080020100030002AC
:105EA000370000019C000102000C0004D80003022E
:105EB000050040AA88010000C0000000F0000102B7
:105EC0002B0100001001011200FF0F001001013230
:105ED000020000315001011200C0010050010132E6
:105EE000C100A2007401010269F11B0C78010112CA
:105EF00000001C00780101321004E0CF8001011283
:105F000079070000800101320200000088010102CF
:105F100050000000FFFFFFFFFC4F0103AC5A0308D5
:105F200010400100014100003C4001000000000061
:105F300048400100A007000350400100000000009D
:105F40005C4001000000000008410100FF4C00001F
:105F500054C00700511130000E0009E62D0000006A
:105F60000405060708000000D1B6020064350000F1
:105F700040400701000050510000A0111000000037
:105F8000000000861FC0810000000020000000000B
:105F90006440050100000040B904F800400800001A
:105FA000020000009200040088400F01B7033B008C
:105FB000000000E0000000000002050D1C2F42530D
:105FC0006269686053402E1F110A08080808070616
:105FD00005040303020202010101010100000000A7
:105FE00000000000000000001C4101010060B18CB5
:105FF00038410701BC200AF0F6625200055B984068
:106000008E6E82941C784852893B4000C003008009
:106010005C410101FFDD000068410701E853FA001F
:106020000000004000000000000000000000000030
:106030000000000000000000D0410301000000AAA1
:10604000D000000004001200E04113010000000035
:10605000FFAB000A5CF10F00D341020095EDB100E7
:10606000197BD80F1208B904EA1B6D1FC9B7C20A01
:106070000B203B00430600005962F300727E96003D
:10608000A73D1900D022F13B000000A00000000055
:1060900038000000000000004C4201010800030429
:1060A000684201010100000038800101C224100093
:1060B000A080020170780300D0000000A8800111C8
:1060C000F0010000A88001310542CB01AC80011134
:1060D000F0010000AC800131053EFD00EC00011232
:1060E000E00F0000EC0001320C205151840101024C
:1060F00000100000FFFFFFFFFC4F0103FC5A0308E4
:1061000010400100014100003C400100000000007F
:1061100048400100A00700035040010000000000BB
:106120005C4001000000000008410100FF4C00003D
:1061300054C00700512130000E000DE62A00000077
:106140000405060708000000D1B602006005000043
:1061500040400701000050510000A0211000000045
:10616000000000861FC08100000000200000000029
:1061700064400501000000404902F00040080000B2
:10618000020000009200080088400F01DA032A0094
:10619000000000E0000000000102071121374B5A07
:1061A00067696254402915050000000001020304DC
:1061B00004040303030303020202020202010101B9
:1061C00000000000000000001C41010100B0B18C83
:1061D00038410701BC200AF0B6555200055B9840D3
:1061E0008E6E8294233C4852893B4000C00300805D
:1061F0005C410101FFDD000068410701E853FA003E
:10620000000000400000000000000000000000004E
:106210000000000000000000D04103010000AAAA15
:10622000D000000004001200E04113010000000053
:10623000FFAB000A5CF10F00D341020095EDB10005
:10624000197BD80F1208B904EA1B6D1FC9B7C20A1F
:106250000B203B00430600005962F300727E96005B
:10626000A73D1900D022F13B000000A00000000073
:1062700040000000000000004C420101080003043F
:10628000684201010100000038800101F14710005F
:10629000A080020170780300D5C00000A880011121
:1062A000F0010000A88001310542CB01AC80011152
:1062B000F0010000AC80013105228D00EC000112DC
:1062C000E00F0000EC0001320C20511184010102AA
:1062D00000000000FFFFFFFFFC4F01034C5B0308C1
:1062E00010400100004100003C400100100000008F
:1062F0004840010020070003504001000004000056
:106300005C4001000D0F00000841010003C00100C6
:1063100054C00700511130000E000DE62A000000A5
:10632000080B0C0D0D000000D1B602008005000026
:1063300040400701000020700000A0111000000084
:10634000300000461FC8810000200030008000009F
:106350006440050100000000B904F8004008000096
:106360001000000092000A0088400F01B7031200DD
:1063700000000060000000000002050D1C2F4253C9
:106380006269686053402E1F110A08080808070652
:1063900005040303020202010101010100000000E3
:1063A00000000000000000001C41010100302C8CA6
:1063B00038410701BC200AF049C0510001000040EB
:1063C000B75635120078085009084000C003008015
:1063D0005C41010100000000684107014CD4E83B2A
:1063E00004190D70080E141A20262C32383E103273
:1063F0005476980A1D6940B4D041030100000000A2
:10640000D000000000000200E04113010000000085
:10641000E2CFDD2C7EB63A00600919005122E2007D
:106420004CB9510E3982A904D8229B29E2CFDD2C28
:106430007EB63A00600919005122E2004CB9510EB3
:106440003982A904D8229B29000000000000000026
:10645000440000003C3C3C3C4C420101080000046C
:10646000684201010000000038800101F14710007E
:10647000A080020170380300D0000000A880011144
:10648000F0010000A8800131055AFD01AC80011126
:10649000F0010000AC800131053EFD00EC0001126E
:1064A000E00F0000EC0001320C20511184010102C8
:1064B00000000000FFFFFFFFFC4F01039C5B03088F
:1064C00010400100004100003C40010010000000AD
:1064D0004840010020170003504001000104000063
:1064E0005C4001000D0F00000841010003C00100E5
:1064F00054C00700511130000E000DE62A000000C4
:10650000080B0C0D0D000000D1B602008005000044
:1065100040400701000020700000A01110000000A2
:10652000300000461FC881000020003000800000BD
:106530006440050100000000B904F80040080000B4
:106540001000000092000A0088400F01B7031200FB
:1065500000000060000000000002050D1C2F4253E7
:106560006269686053402E1F110A08080808070670
:106570000504030302020201010101010000000001
:1065800000000000000000001C41010100302C8CC4
:1065900038410701BC200AF049C051000100004009
:1065A000B75635120078085009084000C003008033
:1065B0005C41010100000000684107014CD4E83B48
:1065C00004190D700A10161C22282E343A4010327D
:1065D0005476980A1D6980A4D04103010000000090
:1065E000D000000000000200E041130100000000A4
:1065F000E2CFDD2C7EB63A00600919005122E2009C
:106600004CB9510E3982A904D8229B29E2CFDD2C46
:106610007EB63A00600919005122E2004CB9510ED1
:106620003982A904D8229B29000000000000000044
:10663000440000003C3C3C3C4C420101080000048A
:10664000684201010000000038800101F14710009C
:10665000A080020170380300D0000000A880011162
:10666000F0010000A8800131055AFD01AC80011144
:10667000F0010000AC800131053EFD00EC0001128C
:10668000E00F0000EC0001320C20511184010102E6
:1066900000000000FFFFFFFFFC4F0103EC5B03085D
:1066A00010400100004100003C40010010000000CB
:1066B0004840010020070003504001000000000096
:1066C0005C4001000D0F000008410100FF4C00007C
:1066D00054C00700511130000E000DE62A000000E2
:1066E000080B0C0D0D000000D1B60200E004000004
:1066F00040400701000020700000A01110000000C1
:10670000000000461FC08100000000200080000043
:106710006440050100000000B904F80040080000D2
:10672000100000009100040088400F01B703120020
:1067300000000060000000000002050D1C2F425305
:106740006269686053402E1F110A0808080807068E
:10675000050403030202020101010101000000001F
:1067600000000000000000001C41010100302C8CE2
:1067700038410701BC200BF049C05100055BA04027
:106780008E6E82942182485209084000C00D00801C
:106790005C410101FFDD0000684107014CD4E83B8A
:1067A00004190D50080E141A20262C32383E1032CF
:1067B0005476980A1D0040B4D04103010000000047
:1067C000D000000004001200E0411301000000802E
:1067D000E2CFDD2C7EB63A00600919005122E200BA
:1067E0004CB9510E3982A904D8229B29E2CFDD2C65
:1067F0007EB63A00600919005122E2004CB9510EF0
:106800003982A904D8229B29000000000000000062
:10681000440000003C3C3C3C4C42010108000304A5
:10682000684201010000000038800101F1471000BA
:10683000A080020170380300D0000000A880011180
:10684000F0010000A8800131055AFD01AC80011162
:10685000F0010000AC800131053EFD00EC000112AA
:10686000E00F0000EC0001320C2051118401010204
:1068700000000000FFFFFFFF185F0308809C2B8FC4
:1068800080841E00000000002500FF7F7829002082
:1068900000000000985A030800000000185F030879
:1068A000809C2B8F80841E00000026002600B700ED
:1068B0007829002000000000985A0308000000001A
:1068C000185F0308809C2B8F80841E000000270027
:1068D00027008C007829002000000000985A030847
:1068E00000000000F8600308809C2B8F80841E004D
:1068F000000000002500FF7F782900200000000034
:106900009C5A030800000000F8600308809C2B8F4D
:1069100080841E00000026002600A00078290020A8
:10692000000000009C5A030800000000F860030803
:10693000809C2B8F80841E00000027002700FF7F93
:1069400078290020000000009C5A03080000000085
:10695000D8620308809C2B8F80841E0000000000FA
:106960002500FF7F8029002000000000A05A0308B6
:1069700000000000D8620308809C2B8F80841E00DA
:10698000000026002600B70080290020000000003B
:10699000A05A030800000000D8620308809C2B8FD7
:1069A00080841E000000270027008C008029002022
:1069B00000000000A05A030800000000B8640308AB
:1069C000809C2B8F80841E00000000002500FF7F2C
:1069D0008029002000000000A45A030800000000E5
:1069E000B8640308809C2B8F80841E000000260062
:1069F0002600B7008029002000000000A45A0308E8
:106A000000000000B8640308809C2B8F80841E0067
:106A10000000270027008C008029002000000000D3
:106A2000A45A03080000000098660308809C2B8F7E
:106A300080841E00000000002500FF7F80290020C8
:106A400000000000A85A0308000000009866030830
:106A5000809C2B8F80841E00000026002600B7003B
:106A60008029002000000000A85A03080000000050
:106A700098660308809C2B8F80841E0000002700EE
:106A800027008C008029002000000000A85A03087D
:106A9000000000003C5C0308000000007868030868
:106AA0000300000000000000C01753023C5C030814
:106AB00000000000E468030803000000000000007C
:106AC000C01753023C5C0308000000005069030833
:106AD0000300000000000000C01753023C5C0308E4
:106AE00000000000BC690308030000000000000073
:106AF000C01753023C5C030800000000286A03082A
:106B00000300000000000000C0175302946A03084D
:106B1000AC6A0308C46A0308DC6A0308F46A030861
:106B20000000000000000000002000000120000024
:106B3000FFFFFFFFFFFFFFFFFFFFFFFFFFFFFFFF65
:106B40004816002001000000040000201168000029
:106B500000000000FFFFFFFF00000000FFFFFFFF3D
:106B6000FFFFFFFFBCE6FAADA7179E84F3B9CAC2C8
:106B7000FC6325510B0000000C0000000300000026
:106B80000000202000000000020000003C3C3C000F
:106B900000000000000000000000000001031001E0
:106BA000010903001A0000001B0000001E00000085
:106BB00000C00A5013000000AC6B03080000000086
:106BC0004E0C00000000000000000000DC5803082C
:106BD00000000000000000000400000000000000B1
:106BE000E2FF5000F86E030800000000DC6E0308AE
:106BF00000000000206D030800000000A46E0308E0
:106C000000000000AC6E0308000000006C6E03087A
:106C1000606C0308646F0308706C0308206F03083E
:106C2000646C03083C6D03080000000000000000D5
:106C300000000000E46E0308446E0308C86E0308F9
:106C4000586E03087C6E0308906E0308506F0308AB
:106C50000C6F0308286D0308506D03080000000046
:106C6000010000000400FB0045AF00080000000028
:106C70000200000000000000505341004B45590045
:106C800000010102010202030102070B0B070116BA
:106C90000C00000108080000050108FFFF02FFFFCB
:106CA0000808020204FF010022FFFF23080F03036C
:106CB00004040A0AFFFF2AFFFF1419191B011C15FF
:106CC000120400480C1404131510801A80128080DE
:106CD0000001020404000000F4010000FA000000BA
:106CE00096000000640000004B000000320000002D
:106CF0001E000000140000000000000001010F0E43
:106D00000C080C080D18100050004000080050003E
:106D1000240004009001500240009001AE011000D8
:106D2000412C0108000000000900000000000000E4
:106D3000000000000000000000000000EDDA020882
:106D400000000000A0030906A0060905A007090429
:106D50000A00000000000000000000000000000029
:106D600000000000A0010A05A0030A04A0080A030D
:106D7000A0070A02A0060A01A003090020050A02D2
:106D80001130010820020A0A41300108626761706F
:106D9000695F62756666657273000100020000003B
:106DA00000000000030049725314497207FF0001FC
:106DB00002030405FF145300724907CDF66761749E
:106DC0007420636F6E6E656374696F6E00000000FF
:106DD000FB349B5F8000008000100000000000007A
:106DE00077000308A5E00208D7290308CB28030889
:106DF00001020C0000000400000008004D550108CD
:106E0000CD540108D9EC01082D050308A705030896
:106E1000A1050308B5F001082D2A03085905030848
:106E2000A3050308A50503083D0503089D05030800
:106E30003F0503085B050308514F0108DF04030801
:106E4000A550010802000000000000000000000042
:106E5000000000000000000004000000000000002E
:106E6000000000000000000000000000030503080F
:106E700000000000A0090402A00104015600000067
:106E80000000000000000000000000000000000002
:106E900005000000000000000000000000000000ED
:106EA0000000000039550108000000002F0503080C
:106EB00000000000A0130500A0070A00A0040903B9
:106EC000A0050902A00609010F0000000000000053
:106ED000000000000000000000000000350503086D
:106EE00000000000010000000000000000000000A1
:106EF0000000000000000000F95701080000000039
:106F0000A0010107A000010402040800060000001F
:106F1000000000000000000001590108C9580108E4
:106F20003159010800000000A0030601A00906096C
:106F3000A0020608A0050607A0050606A00706058C
:106F4000A0020604A0010610A0080602A00D06007B
:106F500043000000000000000000000000000000EE
:106F600000000000DD5B010800000000A0064306F1
:106F7000A0054305A0054304A0044303A00D43025C
:106F8000A00D4301000004020503060107010108EA
:106F9000090A0000A0015C02A0035C01A0025C00E1
:106FA000A0020F09A0030F04A0030F03A0050F0206
:106FB000A0010F01A0050F00A0040108A003010615
:106FC000A01201000101020420020405515401082D
:106FD000200C040325540108200004017954010801
:106FE000200256021D55010820025601F1540108E5
:106FF00020010605795B010820000205B153010854
:1070000020054304715D0108200443039D5D0108D0
:10701000200B4302315D0108424C455F535441430C
:107020004B000000A5680108ED6801088D680108A3
:10703000F9680108E1680108FB090308370A030839
:107040005D0A03087F0A0308A10A0308257D0108D9
:10705000D57C0108E17C0108D17D0108BF0C030843
:10706000C3060308C7060308D3060308CB060308B4
:10707000CF06030800000000B0010000780B0020DC
:1070800010000000280D00200080FF7F000000801D
:10709000FF7F0C0204FF000002000080FF7F000061
:1070A0000080FF7F0C020000A00000007574010842
:1070B00050000000ED730108000000010000010114
:1070C00000010101397701081D770108BDB00108F1
:1070D0004DB301087DB20108010102030004000163
:1070E0000203030303040404040505000000000177
:1070F0000101010202020203030303030404040466
:10710000040000000101010107070808030303054B
:10711000040404050505060606070707080302021E
:107120000404040304050506060606070707020211
:10713000020303030304040404050505050506060C
:10714000060601020202020303030303040404040B
:1071500004050505050606060C0C0C0C0B0B0B0BA9
:107160000B0B0B0B0B0B0B0B0B0B0B0B0B0B0C0C6D
:107170000C0C0C0C0C0C0C0C0B0B0B0B0B0B0B0B57
:1071800002010101010000050505050404040403D2
:1071900003030302020202010101010105050505C5
:1071A0000404040403030303070708080808090983
:1071B000090A0A050505060606070707080808085C
:1071C000090909090505050606060607070708084F
:1071D000C7BFBEBEBEB5B5B4B4ABABDCDCDBDBD287
:1071E000D2D1D1C8C8C8C7BFBEBEBEBDB5B5B4B484
:1071F000B4DCDBDBD2D2D2D11B1B16162E2D2D2AEE
:1072000029292925242420201F1B1B1B162E2D2D48
:107210002A2A29292524242020201F1B1B1B2D2D31
:10722000BEB5B5B4B4ABABABAAA2A1A1A1A09999CC
:107230009898C7BFBEBEBDB5B5B4B4B4ABABABAA2E
:10724000AAA2A1A1A1999999000000000303030338
:10725000030202020202020203030202020201010D
:107260000101010100000000030303030302020205
:10727000D3CACAC9C9C0C0F2F2F1F1E8E8E7E7DE53
:10728000DEDDDDD4D4D3D3CACAC9C9C9F2F2F1F163
:10729000E8E8E7E7DEDEDDDD22221D1D1D1D1818F2
:1072A0001813132C2C2C2727272222221D1D1D1DCD
:1072B000181818182C2C2C272727272222221D1DAE
:1072C000C8C8C8C8C8C8C8C8C8C8C8C800A801A80D
:1072D00002A8000000B801B802B800B00304040816
:1072E0000805000000000000000000000000000091
:1072F00000000000040008007C0031003B001B007F
:107300003437000094030000C83A00001800000061
:107310002C3E0000040000003C320000F804000095
:10732000E03A000004000000283E000003000000D6
:10733000000000003C320000E43A000001000000C0
:10734000303E0000370000007D3700009937000014
:10735000613800004D39000067390000CD39000068
:107360003D320000010000000006800F7047944984
:1073700009684143880B7047924800680104C80FB0
:10738000704730B5002090490A680023FA24A40110
:10739000521C6568AA4200D322681578AD06AD0E6E
:1073A0009D40054328009B1D1E2BF1D30A6030BD74
:1073B00084480168090408D584490A68824B1A6028
:1073C0004A68C261886882490860704780B5FDF7E5
:1073D00061F801207F4908707F480068022808D2C0
:1073E0007E480068F02109050140C02080048142E8
:1073F000F2D07B480068C01C7A4901437A4801609A
:1074000001BD7A48784908600020794908608021E8
:107410008902784A1160784908606E49087070479F
:10742000F3B583B01700C006000E00901038912805
:107430002ED2FFF7A1FF00282AD000256F4C01268D
:107440000398FFF791FF002802D0022803D003E041
:107450002068304000D001250197049F944E0C20F5
:10746000205E38180E21615E4018FFF780FF0199F9
:107470004018306000983818FFF779FF01994018DC
:107480007060C02080018B49086028038A49086029
:1074900005B0F0BDF8B5894C554A042502214F4B83
:1074A000A068284204D0107D8006C50F6D0024E03E
:1074B000084024D01069042807D21868F026360541
:1074C0000640C02080048642F4D0107D0007000FE3
:1074D000072814D1507D022811DD907D8006800E92
:1074E00002280CDBD07D0090284208D0C00700D5D0
:1074F0000A250098084200D0AD1D002D04D1FFF7E9
:1075000080FF00202061F1BD681C1669864207D209
:107510001F68F02636053E40C027BF04BE42F4D0A7
:107520006748405D2061C300F8251D4001D04B062F
:107530001360644B1E68012E00D16D0055602268F7
:10754000002A1CD1284A15682026A65F3603AD05FF
:10755000AD0D35431560284A0125156091608109FC
:1075600009D11968002901D1182100E01A21625EB1
:107570000021FFF755FF207A000700D42560F1BDF8
:1075800014480078002800D1704780B5FFF739FF14
:1075900047484D490160416001BD06204B490860E4
:1075A00000204B490860F02000014A490860802013
:1075B0004000494908603E484349016041607047C6
:1075C000A83E0000C04101A82C3E0000883E0000FB
:1075D0005C4201A8663E0000D44000A80C0002A84E
:1075E000204000A800F0FF3FB84101A8FFF3FF3F93
:1075F000C44000A8106001A8044003A8A43E0000F5
:1076000070B50400A00316D52E480068002803D1E9
:107610001620FEF75CFA02E00C20FEF70DFB2F4867
:10762000806E0007C10F2E48017008202D490860A8
:10763000C0032D4908602D4D286800040CD5FCF7C7
:1076400029FF0600FFF79DFEE861FFF79AFE284933
:1076500008603000FCF727FFA00727D58020C00274
:1076600021490860FCF739FF00281FD0214A106823
:10767000C0B2002802D006211F4B1960810915D025
:1076800016490B68012BFBD949680905090D091D2D
:10769000C9000C4B1B68012B00D14908002B01D1FC
:1076A000182300E01A23D25EFFF7BAFE70BD000077
:1076B000C84101A8C06101A8C05101A89C3E0000BA
:1076C000D84000A86C3F0000FFFF0300006401A841
:1076D000504000A80C6000A80C5000A81C4000A856
:1076E000E43A0000846000A8106001A8C04101A82D
:1076F0005C4201A8A03E0000005401A870B5082219
:10770000814B1A60FB239B011B68DC0302D5002020
:10771000088070BD0C880019401E00787B4DA87051
:10772000641C0C8045076D0F052D05D8784E366812
:10773000F60603D5022D0DD0032070BD9604AE4091
:107740001E4001D1082070BD052D03D1104201D18A
:10775000641E0C80A9484860002070BDF3B582B05B
:1077600008886C490978491CC9B2814204D202993F
:107770000918491E097800E00021644A5170937885
:107780005B075B0F01933023019C052C28D1194224
:1077900033D19478E5081E242C40CD0702D525006E
:1077A00001242C430125A14EE6402E4073D0019FB9
:1077B0009F4EE641402426403E434C0602D534000D
:1077C00020262643947889080D40A7080C213940CB
:1077D0002943C02525400D4320212943967051702F
:1077E000FB2189010C685578022123262E4008D000
:1077F000660302D52B40202B01D0052082E0424BAE
:10780000196093789B0601D4202203E09278120736
:1078100002D540223C4B1A603C4A92786B461A7063
:10782000C022844B1E680E4001D1154212D06E4614
:10783000377827263E40232E03D1E60207D40126BF
:1078400006E0252E03D0212E04D1260302D50426DE
:107850002D4F3E601B6819402026019F002F1CD130
:107860001E4027D0294B5B781A40402A13D00C22A7
:107870001A40042A0FD02A073BD40122002902D043
:10788000E100CB0F5A4069460978CB07DB0F1A425B
:107890002FD021012AD4072034E0022FE2D11E404C
:1078A00008D00029DED1CC232B4003D16B461B78B6
:1078B0005B0601D5032025E0A30311D59C4E736917
:1078C0001B051B0D5B1C3668F60205D5994E366804
:1078D0003607B60F9B1B5B1E9BB2052B04D1C1E77D
:1078E000029B1B78052BBDD006200BE08021064AA9
:1078F0001160E90702D4401C03990880AB48039942
:107900004860002004B0F0BD4C1002A8283E0000E2
:10791000480002A8443E0000F2B587494978CA07EA
:1079200005D4009A12888018401E037800E00023D6
:10793000FB229201106802249D4D2E68F60611D597
:1079400012695340DBB2002B03D16E68D309734038
:107950002340002B03D0020204D40A20F2BDE20629
:10796000944E3260744A1E02C0230B403343914E42
:10797000336093785E07760F022E06D16D682C4037
:1079800003D1002000990880F2BDA0250D409E087B
:10799000102737402F433D090E0702D42E00102533
:1079A0003543CC240C401A262E400A2E04D1CC2C70
:1079B00002D02E00FD2535407F4EEE40F60705D45F
:1079C000000416D5412B10D1082912D17B48E8407C
:1079D0001121014021432020084310700D21014056
:1079E000009808D000F0AAF8F2BD0B2B01D10029B5
:1079F000ECD00720F2BD00F01FF8F2BD9D32000070
:107A000038B50C006E490B781A095339950049199D
:107A100025881B071B0FEB1A9A1A8018FEF7A9FD81
:107A2000010002D1200000F007F832BDF300A3E30B
:107A3000981440684C0002A8F8B504006148056835
:107A40003D4F3878D026304202D00D21014005D07C
:107A500008205D490860EF20FEF748FD39782000D6
:107A6000314204D00909397000F068F8F2BD0521EF
:107A7000294020D00288FB218901CA60534BEC07C2
:107A800005D5521C0280690607D4514B05E04324FA
:107A90002C40422C03D1521C028043600DE0102286
:107AA000494B1A604B4A09688B00DB0F19011163BF
:107AB000802109031160002101800020F2BD0A88A5
:107AC0008018401E0078830601D4121D0A801822F7
:107AD000024004D0088852088018C01E0880394827
:107AE0000068C00702D50888401C088038484860F4
:107AF00000207047334A1368DB0708D512689207E5
:107B000005D40A888018401E007804280DD1102062
:107B10002D4A10602F48FB22920112689300DB0F60
:107B20001A0102638022120302600020088070475D
:107B30000C4000A8080001A8283E000031B581B023
:107B40002549002000900822244B1D7802230C2494
:107B5000254202D10022224903E02C40082C00D10A
:107B60000222EC0703D50C001E21614000931D4248
:107B700007D014490968090601D51A4901E0002116
:107B8000C943019B184C21601849FF248C70009C4C
:107B900015012543CD700870188800994018801889
:107BA000188013485860002036BD0000593400008A
:107BB000480002A8481002A80D0F0C0D0717085026
:107BC0004B3F00004C0002A84C2002A8FF350000EB
:107BD000353600001C1002A8DE1B2501283E0000DF
:107BE0002084100000FCFF01F43E0000483F00002C
:107BF00041350000283E000009320000213200001B
:107C00002132000021320000213200002132000028
:107C10000000000000000000000000000000000064
:107C200021320000213200002132000075290000BD
:107C300021320000B12A0000C12A0000F12B00000F
:107C4000532C0000DF2C0000752E0000112D0000C9
:107C5000212F0000692D0000BD2D0000312E0000F5
:107C60007530000051310000832A00009D2600007D
:107C70004522000021320000592700002132000077
:107C80005128000019280000213200002132000094
:107C9000952800002132000021320000213200002E
:107CA000213200002132000021320000FD110000CD
:107CB000ED11000090488068000200D4704780B544
:107CC00080208002AB490860CF2000F063FA01BD3C
:107CD000F8B58A4800688A4C802292032260FB260D
:107CE000B601316809051DD5110BA023034001D051
:107CF000216017E002403FD18027824A1760824A04
:107D00001760084038D07C4D287A400705D50120FF
:107D10007E49086000027E4908602878002801D06A
:107D2000062801DB0020F2BD00F094FB7168896831
:107D30004E682978052907D1B905A1606E60B6683B
:107D4000CC218901724A116000F08DFB012E00DA0E
:107D50000226BC2080058849086094208005874958
:107D6000086068480021C943016471424164844944
:107D70000F6040210160D5E782480160FFF79AFF5C
:107D80000120F2BD5D480168890504D5C06E00047C
:107D9000000F022801D0002070470120704738B53D
:107DA00080245848046000F055FB050076480068C0
:107DB00000F072F9280000F056FBFFF77BFF4E48F9
:107DC000007A000705D5A0004D49086000F064FC6A
:107DD00031BD60036B490860AE48046031BDFEB53B
:107DE0000500CC208001694948600126684806608A
:107DF000FFF7C8FF00287DD03F4C2078002879D0BD
:107E000031020195052802D02A460A4072D1CC27BA
:107E1000BF015E4A1760914A126881231B0213401A
:107E200001D0032301E053075B0F022805D1022B89
:107E30005ED3080136490860F7BD4D01032804D11F
:107E4000022B55D932480560F7BD042802D11140F4
:107E50004ED0F7BD05284BD10198002848D0C00569
:107E6000C10F684641700198C004C10F6846017097
:107E700000F0F0FA0290606869464978002903D062
:107E800006688021204A11602C048A496A461278CB
:107E9000002A0CD0C2680B68D21A874B1B6823409B
:107EA00001D0066800E04668964200DD160068468C
:107EB00040786A461278024308D008684242B01EF1
:107EC000824202DA7042886000E00026029800F0E8
:107ED000CAFA0198800501D57848046001980540E8
:107EE00001D09D480460002E02D009480760F7BD0C
:107EF000FFF755FFF7BD0000303E0000440002A828
:107F0000442002A80CC001A890E001A8C4D000A899
:107F1000145001A838B580249048046001201C4901
:107F200008608F4D2878052802D060008D490860D0
:107F3000FFF728FF002812D013480068000A8021AC
:107F40004140A868000EC9B2814208D24348006887
:107F50004007400F022802D2FFF721FF31BD8248BF
:107F60000168C0220A4002D1C06F204001D00448FD
:107F7000046031BD1C1002A808E001A808D001A8C7
:107F800094D001A8441002A818C000A8106001A84D
:107F9000C4E000A8F1B582B00F00A020384003D0A3
:107FA00080208000724956E000F054FA01906F483A
:107FB0000468F80202D5A0680069029000F0D5FBC1
:107FC00080210903606800F097F926780020761C6C
:107FD0006178B14200D200261821714365180C3532
:107FE00029780829F3DA2670A56029785C4A11708F
:107FF000B9050FD500F02EFA5C4909688968C9688F
:10800000009100F030FAF80203D40098032188436D
:1080100000900098524988600127384003D100F051
:10802000A9FC01F0B3F8F904686900F065F93C2097
:1080300000F0B0F8F0B200F0ADF860884D490140B2
:108040006180019800F00FFA3805494908604A48F4
:1080500007603802494908600298FEBD184001A82F
:1080600010B547480068800501D4FE2010BDC0202F
:1080700080034449086000F0EDF93C4909688A78BA
:10808000D20702D589688C7800E00C7800F0EBF913
:10809000200010BD100002A8344909688A688B7856
:1080A000DB0704D5927818235A438A180C32906063
:1080B0007047000048C001A84C0002A84C1002A85C
:1080C000F1B582B0304804680027200F000702D1C4
:1080D000E001029031E001262C480068304001D1D7
:1080E00001F054F800F0B6F90190F104606800F076
:1080F00003F925786D1C6078A84200D20025E800BD
:1081000020180C30009000680290F104009840683C
:1081100000F0F2F83D2000F03DF8E8B200F03AF847
:1081200025700098A060019800F09DF9174800683C
:10813000064002D102A801F07FF8154800688004CB
:1081400008D51148C06901F008FD0299081802908D
:1081500000D502970298FEBD4C2002A894E001A829
:10816000303E0000146001A814C001A8C43E000005
:10817000442002A8FEFF0000C0E000A8106001A893
:10818000440002A8441002A8C83E0000784000A89D
:10819000FC0302A84C490968002901D54B49086035
:1081A0007047F3B581B00100494FB868494C4200AF
:1081B0005BD50125000100D52125474A1068566886
:1081C000226893069B0E802252001A43009280225E
:1081D000FD2333400D2B09D1FB239B011B6813406A
:1081E00004D03E4B1B681B2B00D31643009B9C46C0
:1081F0003B689B001A4063461A4300920A0023D052
:10820000890601D5012008E0F021014007D1694627
:10821000097A0C220A4002D0022000F03FF83049CF
:10822000096809040AD53968090701D5022605E05D
:108230003968490301D5002600E003264835009A35
:1082400028490968890003E0009A2649896B0909D1
:108250004023194011439A00002E02D0164326668F
:1082600008352166024322662566E06D4407640FE7
:1082700000F0DAF8A0070BD0052C09D0B86800048C
:1082800006D400F0E7F80221174A116000F0EBF87D
:1082900000F0D3F8002000F001F8F7BD0E490A689D
:1082A000F0239A43000110430860C0B27047802059
:1082B000C0020E490968890701D10D4900E00D4946
:1082C0000860704700000000500002A8884000A825
:1082D000480002A8284000A8683F0000448001A888
:1082E000684101A8184001A814D50350844000A893
:1082F000486000A8485000A880B56F4A116001F09E
:1083000057FCFFF7D4FF01BDFEB5FB25AD01287872
:10831000000604D5287F002801D0182400E0462458
:1083200000F098F802906548C0684005C20DD52A53
:1083300001D2D52204E0D1204000824200D90200BF
:10834000100001005E4B01932B6B5B011DD55D4B53
:1083500000931D1D5C4E367806277E43AA530025E8
:10836000019B1B7CEB40DB070CD5009B06266E4374
:108370009B199B888FB2BB4200D2190086B29E42E5
:1083800000D218006D1C022DEAD389B20919090424
:108390004E4B0B40001BC005C00D184347490860F9
:1083A000C02000064A4908604548017D00290CD0DC
:1083B0004849D52A02D98023DB050B60D1235B0015
:1083C0009A4202D280231B060B600021424B1960A7
:1083D0004188002900D10280029800F044F800F0A2
:1083E00055FDF7BD80B53D483D4908603D48C16831
:1083F0000902090A19225143416005210160FFF772
:1084000083FF01BD80B5FB2080010178090604D5FA
:10841000007F002801D0FFF777FF32480068C003D3
:1084200001D5FFF771FF01BD8020C002224908601D
:108430002D4800684007FBD470478020C0022B49BC
:108440000860704701E02A4908602A49096801402C
:10845000F9D17047284800682021284A116010216E
:10846000274A116070473021014002D11020234972
:10847000086070472048006830210140102901D170
:1084800001207047002070471E4801210160C16033
:10849000704701201C49086070471C48007806217D
:1084A000014007D01A480068022803D0032801D0F1
:1084B0000120704700207047441002A87C40005003
:1084C000743F0000543E0000503E00000000FF01D9
:1084D000A0600050A450005018E000E07F1A060190
:1084E000540002A810E000E0440002A8442002A8C2
:1084F000282002A8280002A8600002A8602002A884
:10850000601002A8789001A884A001A8A43E0000F1
:108510006C3F0000FEB5624880214902C161022122
:10852000604A51600021604AD162604A1180032193
:108530005C4A1160022101605D4CA068C005C10F5A
:10854000684601700127002918D057480068F021BB
:10855000090501409020000581420FD0554802686E
:10856000022055493A4002D0544802220A60086469
:10857000012001F041FB3802514908602020514997
:108580000860802050490860CC2080014F49086075
:108590004F48076024680F26200B304001904D485B
:1085A0000068C505ED0D103DC0202843C0B2FFF79F
:1085B000F1FD6846007800280BD00198092808D002
:1085C000FFF76BFF002802D043480068804701F0A6
:1085D00045F92640009641480468032E04D0022E37
:1085E00007D10198032838D000F042FA00980328F8
:1085F00004D00198062830D1062D2ED038480068C6
:10860000C00B384001D001F017FC3648006800016B
:1086100008D5052D06D10125334807606805FFF709
:1086200011FF00E000252100019800F05BFA040032
:108630002E4E002D05D000F0E1FB376002202C49C2
:1086400008607805706580092A490860FFF725FFF2
:10865000002802D028480068804712483904016287
:108660000199002908D10221416000200E49C86308
:10867000C020C000154948642000FEBD80B5FFF74A
:10868000D3FEFB2080010078800602D402201B4923
:108690000860FFF7D2FE01BD02201949086070474B
:1086A0002C1002A8282002A80C0002A8603E00009E
:1086B000B00002A8FC0302A82C1102A8023000009E
:1086C000B82002A894E001A80CC001A8146001A879
:1086D000C4E000A804ED00E0D83A0000B44000A8CF
:1086E00000E200E0F03E0000645000A8646000A8D2
:1086F0002C4000A880E200E0D43A0000081002A854
:10870000082002A8F8B5594804680427584DBE014E
:10871000A0070FD5574A0120E021C90093680B40FC
:1087200002D02E602F6128611268114002D02E60A5
:10873000AF60A860FFF78EFE210506D52E602F6181
:10874000B3490D220A600F220A60FFF78CFEF1BDCB
:1087500080B5FFF77FFE844901228A600A6000210C
:10876000C14A1160FFF77FFE01BD10B501207F49AE
:108770008A680240FCD1BD4A042313610C6804409E
:10878000FCD193600002106010BD79490868012295
:10879000104200D1704710B5E023DB000340FF24F6
:1087A000A41CA34204D3B44B1B689B0600D54868A5
:1087B000024001D000F01CF910BDF8B504008A4D4C
:1087C00028683F2188438949097801432960FFF7D8
:1087D000DCFFC820A86206208E4908608020400384
:1087E0008D49086080098D49086020688C4DAF680C
:1087F000874200D30700C01B20600121200000F049
:10880000C7FB06002068C0192060FFF77BFF854882
:1088100000682860002E11D1834810214162082190
:10882000824A12680A4001D0016000E04160934929
:108830000968490002D58021490141623000F2BD3A
:10884000FB208001017809060DD5007F00280AD0A1
:1088500089484168C90606D40068A0210140481E25
:108860008041C00F7047002070470000500002A8F0
:10887000881102A8900102A880B5FFF7E1FF002847
:1088800003D00021042001F071FB01BDF1B57C484B
:108890007C49C860EE20C00408607B487B490860C2
:1088A000FFF7CEFF002803D00021042001F05EFB7B
:1088B000774C8020C0012060082776488765012515
:1088C000704845641D2073498862734E9B204000A8
:1088D000B061072001F090F902206E498862534987
:1088E0000A68D20603D56B496C4A0A6008E00F2279
:1088F0000968394002D03100103101E031001431F3
:108900000A6067490968002900D4B761E3210901B9
:108910003160C021C900634A1268F823DB011340AB
:1089200001D1F16201E0574A9165216C294008D0DC
:10893000616BC90705D45C490968084001D101F0A1
:1089400033FB0020C04359490860606B054001D1EA
:10895000FFF7D8FE009801F03DF9606B8001FCD470
:10896000606A53490860F1BD902102A8940102A8F1
:10897000783F000010B5FB2080010178090606D57C
:10898000007F002803D00021052001F0EFFA1648EF
:1089900001683F229143474A12780A4302603C4CE7
:1089A000606BC00701D4FFF7D3FE43499720400016
:1089B0000860102008604148E22212018266404AA5
:1089C000CA6100213F4A11600F210822174B1B6822
:1089D000134001D0816700E0C16703210160026399
:1089E0001003206010BD00002C8001A8623E000032
:1089F000F0210901344A116001403448016020200F
:108A000033490860334909680840BA49086070472B
:108A100000100C500C9001A8982002A8A41002A8E5
:108A2000A03F0000340002A8601102A8FC0302A8C5
:108A300029482A4982680A4002D1C268114001D0FF
:108A40001149016014480821AB4A13680B4000D05B
:108A500081611178C90602D58C21090101601420B9
:108A6000A6490860CBE1000000000C50882102A854
:108A70000548064908607047440002A8EC0002A8B7
:108A8000000FFF00242102A801200000706201A84D
:108A9000100002A8C01002A8501102A8BD030000D7
:108AA00028C000A8A88001A8383E0000B46000A833
:108AB0009C3F0000633E0000682102A8E82002A855
:108AC00010100000C00002A8586001A8585001A86A
:108AD000482002A8184001A8704201A80080008028
:108AE00070470000F8B586B005000C0084480068A7
:108AF000400102D52000402404438248C66AFFF7A3
:108B0000A9FC0590B00503D57F480068FFF7C4FABB
:108B10000020019001237006C00F02907B4A9168EB
:108B200000209060B8204000794E30606608B82080
:108B300030401278F0261640402E02D1020040202C
:108B400010430D2D02D10A00042111434A0704D518
:108B500002001420104310229443A44A12686D4668
:108B60002B70D20506D5802252009C4B1A60020061
:108B700001201043029A002A11D10C220240082A37
:108B80000DD002005F4B9B6BDD0601D41025AA437C
:108B90009B0601D420239A43B12313404FD06A4649
:108BA0001278002A4ED0994A956B966D01236D0775
:108BB0006D0FAD1DAB40F504ED0C5B1B9BB2082B9C
:108BC00009D2802006234F4D2B604302904D2B602D
:108BD00000236D462B708123034036D00823029D6D
:108BE000002D00D113620D000821294310239C435E
:108BF00004231D05874E3560DD04874E35606D46C4
:108C00002D78002D1ED0062B25D33D4DEE6CF6069B
:108C100021D5824E3668360E01966D69ADB27F4E13
:108C2000F66B360603D02E0080256D0135431561A5
:108C30002D1215616D4A1268D50592D40BE00822F9
:108C4000724B1A620491009032E000BF87A3450680
:108C5000ED0E5B5DD3E7049100902A48026B6F49EB
:108C600009686A4D2E686F463E81282616401E43CD
:108C7000930CDB0133431600120E324010263240B3
:108C80001A43890040231940114302AA9170406B96
:108C9000000A02A9C870FFF7E3F902A90871019858
:108CA00048715F480068C8800298E8660398E866E3
:108CB0000598FFF7D8FB0825600601D55548856063
:108CC000FFF7EBFB002805D056480078002801D0BC
:108CD000554805600498C1B20098C0B2FFF761FA28
:108CE000200007B0F0BD081A03D2504909684018A7
:108CF000401C7047481002A8F84F0000703F000069
:108D0000084000A8180002A81CC000A8683F000086
:108D1000B46000A8F8B5464E0F2401254549102738
:108D2000B06B38401BD001200870434800684349AD
:108D30000968FFF7D8FF42490968401801284BDB52
:108D400001F0DAF93F490968090B0C40022C41D1C6
:108D500069053D4A11603D490F6435603AE0306C69
:108D6000C0001ED53A480068E0218905014033D093
:108D7000344D286821030140780281422CD1FFF74D
:108D800069FB344A34490968C90502D53349096881
:108D900011602968090B21400229F3D0FFF763FB1A
:108DA000F1BD2F4E3068002816D00D7000F012FF74
:108DB000002811D101F0A0F922490968090B0C40E3
:108DC000022C07D12904204A116002211F4A116098
:108DD0000021316001F094F9F1BD00001C2100AACE
:108DE000802080041F490860704700001C0100AA11
:108DF000802040041B4908607047000000BF1A48EB
:108E00000168490701D0FF2141617047540000AA61
:108E1000141100AA441002A84C5001A8184001A83F
:108E2000448001A8E43A0000845000A838C001A89A
:108E3000100002A8653E00001CC101A820C001A8C6
:108E4000E03E0000B00002A81C1002A8082002A802
:108E50004C4001A8800000AA084000A8904000A84B
:108E60003C3E00003C2002A80C4000A8030107067D
:108E700003010706050106060501060603020706AB
:108E80000302070605020606050206063E480068BC
:108E9000000219D53D480168C902490F0BA2008A9A
:108EA000CA384009105C081840B2082801DB401F8E
:108EB00002E0002800D5401DAF490A68AF4B1340BF
:108EC000000680111843086070470000020100008E
:108ED000FFFEFD00FF2807D0032805D2BF4909780F
:108EE000C140C807C00F704700207047F0B5802010
:108EF00000020821A24A11600A230121A14A01248B
:108F00009C400443C6A5ED5C25439560F0259E4E2C
:108F100035609B4DC5A6F65C022737432F600426BB
:108F20002E60AF4D2D680D4006D1CD026D1E03D0D1
:108F3000966C3603FAD401E00220F0BD956CD66C35
:108F40006D036D0BAE4200D220005B1ED7D5082307
:108F50008D4C23609060A34B1B685B0112D5A24C23
:108F600063785D1C01262E4066701D000626754341
:108F700065191268AA80E8802370984802789940A1
:108F8000114301700020F0BD500002A8643F0000B2
:108F9000F1B582B0FFF7DCFBFB208001006B4001E4
:108FA00001D401241DE09148826B00208E49C3B298
:108FB00006246343CB189B8894B2A34204D0401C80
:108FC000C3B2022BF3D3FF2008700124FB208001E1
:108FD000006B400105D50878FFF77CFF002800D022
:108FE0000024FB208001007800060AD5FB208001C8
:108FF000007F002805D0FB208001407F002800D1A1
:1090000001247B4DE86901905B480068E861794E76
:1090100002980068316D4718012F16DB00F051FDF2
:109020003060C001381A01280FDBFFF79EFB00F00B
:10903000ADF802980068316D401800F0CBFD0028B3
:1090400003D00021029A116010E06B4FC020C000D5
:1090500038602868072832D005210840052808D044
:1090600029600C2000F0C8FD002802D00199E961B8
:10907000FEBD624EFF207A3070620420B062FFF7BE
:1090800074FB02203060E020C0045D49486080200D
:109090008004786002203860012000F0ADFD80205F
:1090A00080007062022000F0A7FD8020C000706286
:1090B0000820B062022000F09FFD0220B062514EF5
:1090C000E02040003060042000F096FD07003FD112
:1090D00002204B4908608002B062C001B0621020DB
:1090E000424908600120F0654748006840061CD4EA
:1090F000FB208001006B400113D53B480078694696
:10910000087068460078FFF7E5FE002809D0364869
:1091100069460978062251434018C08833490864DB
:1091200003E0FFF7E3FE070012D1304801210160A0
:109130000021C167022000F05FFD344E4020306006
:10914000C0303060022000F057FD8120C002B062C4
:10915000002C05D02C480068800101D4FFF752F99B
:10916000E869E021490301400198044A02400A43AA
:10917000EA613800FEBD0000F80302A8FFFFE3FF2C
:10918000889001A8448001A888A001A838B5FFF7FD
:10919000DFFAFFF7EAFA0224144804601C4D0820A5
:1091A000A862C0016862012000F026FD200268620A
:1091B0002C600620A86217486862E020400013492E
:1091C00008600F4804600021094A1160C021C900ED
:1091D0000160114800681149086031BD843F0000FA
:1091E000140002A8F03E0000503E00000C8001A8D0
:1091F0005C0102A88C3F0000981002A85C1102A834
:10920000982002A82C9001A8500002A82CA001A828
:109210005C2102A8F9610000340002A8943F00001C
:1092200000000001010204081020200050505040AE
:10923000404040302020200070B50600FFF795FA2E
:10924000C020C00020490968F822D2010A4001D19B
:109250001E4900E01E4908601E48AC214900816497
:109260000A2101601C488021490301608909C1600D
:109270001A4C6069AF21C90145183068854200D396
:109280000500401B306000213000FFF781FE31688F
:109290004919316012490968216070BD80200001C0
:1092A00010490860000110490860704710B50400BB
:1092B000FFF7D0F80D490A680D4B13401C430C60B2
:1092C000FFF7D1F810BD0000AC8001A87C1102A806
:1092D0007C2102A80C8001A8981002A8903F0000F1
:1092E000340002A8441002A8685000A83040005A78
:1092F000FFF8FFFFF1B582B0E020C000FFF7D6FF16
:10930000BF4800680190BF48806BAF21C901401879
:109310000299884205D2081A00F05CFC002800D0AF
:10932000FDE1B94C6068C00700D5F8E10420CA49E6
:10933000C8628003C9498862FB20800100680090F0
:10934000A06B8507AD0F032D03D01020C249C86262
:1093500024E00846802189028162E26B920601D5F1
:1093600001204FE0009A120610D5E36B0222134051
:109370000CD1C94B05261E60E66B10273E403243D8
:109380001A6000221A60A26B120A1A600422C262DA
:10939000E06B002802D5B04881620025A06B400731
:1093A00005D5A06BC00080214900084003E0954826
:1093B0000069C10701D5FFF71BFB0098C00708D55E
:1093C000B648A9014018006AC004C00C401EB44948
:1093D0000860B4480168090404D5806FC10F0120FA
:1093E000484000E00020CE49C02292000A602B02D3
:1093F000002801D0100000E01800CA4D28604A6023
:109400006B600020216C942292050A40170000D066
:109410000127802636013501384300062DD0FB2078
:1094200080013021405CC0210140402902D1FFF77A
:1094300025F901E0FFF730F9202020603F061BD01E
:10944000A06B400709D56808844988620220B649A4
:10945000086000F055FA002806D004207E49C86252
:109460007E488662B0480560FB20800100780006D7
:1094700002D5280178490860F7BD6068C007FBD4B1
:10948000A8007649C862FEF7CFFF8548406E216C80
:10949000294008D1C00606D5FEF7DCFF0221A34A09
:1094A0001160FEF7E0FFFEF7C8FFE8082060C0206B
:1094B0000006B0494860A06B4007C10F68460170C4
:1094C0000198C00700D4A1E0EE20C004AA490860BA
:1094D000A848C661964903220A647F224A64422250
:1094E0000A60A02101600821A44A11660421A44A4F
:1094F0001160216CC90248D5D0494A68130B0F2668
:109500001E4033019B1B12090F271740DB190F3B2D
:1095100001D1002200E05A1E86A77600BE5B102B08
:1095200033D3384B1B89E72B2FD395277F00BB42C2
:1095300005D8FB1A1B095E43B30A5F4204E0914F52
:10954000DB191B095E43B70A7BB2D2182D4B9E6B09
:10955000B4467FB25E6C77436646F6199E63B32AC3
:1095600001D3B32202E00F2A00D20F2286495143D1
:10957000C90C864B824E33604B1C1B030E01891BAA
:109580005118491C0901194301667B4F8048B86492
:10959000784EC0208001706078487E4941677E49DE
:1095A0008167F02000017865680930610A2000F0C9
:1095B00023FB822040023066C42000067060C02079
:1095C00040019F490860012000F016FB01207060F7
:1095D000062000F011FB7560082000F00DFB68020A
:1095E00070604008706040087060C00070604000AB
:1095F000B864032000F000FB6800614908600BE0DC
:10960000FC0302A86C3F0000100002A8E022D20078
:109610004021002000F0CEFF8A480021C943C163E9
:109620000121FB2292011278120619D5A26B520772
:1096300016D4854A1278FD2313400D2B10D1834A8E
:10964000126852050CD5824A12681B2A08D2364885
:109650000161C16405E000BF1C2002A81C1002A823
:10966000016000F02EFA784D401DC001A96B47182B
:109670008020C00177494E6F064077490860029804
:10968000874212D2A96B401A00F0A4FA00280BD02E
:1096900098480660F7BD00BFE40000AA0C0000AACD
:1096A000204000A8684101A8029F934831494860C2
:1096B000012000F0A1FA606A6863802040002F4911
:1096C0000860380000F086FAFB27BF016846007882
:1096D000002806D15F48006878628020C00387496F
:1096E000086084480660244802218164C021890101
:1096F0008164606AE86268460078002809D0012029
:1097000000F07AFA3878000603D5802000039349E8
:109710000860206CC00202D548480068A863F7BD05
:10972000086100A8085100A8685000A814E503507B
:10973000600102A800000000000400080008010CFD
:1097400001100218021C0324042C0430053400000C
:1097500080B5FEF77FFE824900220A600A22CA61B4
:10976000FEF781FE7F48C021890201607E49416089
:1097700001BD0000681102A8242102A8B81002A8A7
:10978000C82102A8D6FEFFFF89880000F0F0000083
:1097900004040000020300000004FF007348806B13
:1097A000800300D47047F8B57148056808277148F0
:1097B000076071480068C00403D4704800683840EE
:1097C000FBD06F4C4C486065042000F015FA8820EF
:1097D000C0046065012635400BD0F005606580004F
:1097E0006065012000F008FA6665F00360654002DC
:1097F0006065644D00262E606E60C02000066065C6
:10980000C00C61490860012000F0F6F9F020000169
:10981000E0665E480660862040025D4908605D485B
:1098200060652760A02020652E646E64B8024F49F1
:109830000860000158490860F1BD0000F83F0000D1
:10984000B05101A8786000A86C3F0000504001A80A
:10985000448001A820C001A894E001A8F8B54F48B1
:1098600000680D25054008200424002D01D10425A1
:1098700004E009212940092900D145404849102721
:109880000603484A484B1B682340126814D04A60BC
:10989000284004D00220FEF701FD444806602C4019
:1098A00007D043480068074341480760B0083F4974
:1098B000086002203F4915E00A60284005D00220D8
:1098C000FEF7ECFCA002394908602C4006D038486D
:1098D00001680F4307607009344908603548066025
:1098E00030032D490860FFF759FF00210020FEF7E3
:1098F00058FCF1BD94D001A8024000001C1002A841
:1099000010B580202C490A6802400AD02B4B1A68F7
:109910000624144005D15C6E294A22401B6D9C012F
:1099200001D5002010BD096808400DD025488242AD
:1099300003D1180501D5012010BD23480068C107D7
:10994000C90F481E8041C00F10BD2048032101648B
:10995000A821C16310210160704700001C2002A8EB
:10996000D80000AA442002A804000080100002A829
:10997000FC0302A8106001A8D84001A8104001A86B
:10998000182102A8600102A8B06101A8548001A8B2
:10999000C82102A804340000482002A8B44000A84E
:1099A000E83E00001CC101A8480002A8441002A81B
:1099B000683F0000685000A8440002A814C001A835
:1099C0001F1F0000010C000030C101A8082002A8E0
:1099D0006C4800680121084209D16B4A12686B4B40
:1099E000000C1840F03291400B40984201D0022008
:1099F000704700207047F8B507000F386A4610809E
:109A0000604CE0680A0004D16B461B8882B29A421F
:109A10003AD200226B461A80012502263A0013D062
:109A20002268324007D000292ED059480088401CB7
:109A30005749088000203900216156490E6080B2E4
:109A4000B84201D369460D805348456000E030BFFD
:109A50002068304003D1FFF7BBFF0028F7D04D4806
:109A60004560390010D02168314005D048490A8846
:109A70006B461B88D2180A80066000202061E068CF
:109A8000B84201D244480660FFF7A2FFF2BD38B5E4
:109A9000050000F031FB0400012199204543A8098D
:109AA0003E4A12688018123880B2FFF7A4FF050002
:109AB0008020C0013A490860200000F021FB280006
:109AC00032BD334803883549096802889342F9D189
:109AD000100408187047FEB51238070C6946088054
:109AE00000F00AFB0190274C294D2888B8421ADA69
:109AF00001202C490860274E30BF02202168014018
:109B000006D030604003264908602888401C288021
:109B1000FFF75EFF002802D12988B942ECDB012162
:109B2000716000280DD12888B8420AD1E0686946E2
:109B30000988884205D2002168460088FFF75BFF4C
:109B400001E0FFF745FF04008020C00114490860D0
:109B5000019800F0D5FA2000FEBD10B512490A6840
:109B60000E4B1B680C689442FAD0DB014033141A88
:109B700002D288692418641C0C4800684443181BEE
:109B800010BD0000280002A804ED00E0FF3F000027
:109B9000603E0000282002A8281002A8340002A875
:109BA00080E200E02C1002A820C001A8B43F000011
:109BB000F0B502E00A601C602E607EC84F1C07D022
:109BC0005F1C04D06F1CF5D10A601C60F0BD0A60F8
:109BD000F0BD000010B5C409FFF773FF201A31284B
:109BE00006DAC000183801D4C01EFDD5002010BD13
:109BF0002000FFF770FF10BDC32148436F3801D428
:109C00001E38FDD50020704780B5FEF747FB0120C8
:109C10008649086001BD80B5EB2000F001F801BD68
:109C200030B583490B6818401022134211D0814B84
:109C3000FB24A4012468224008D0B04A14682402FE
:109C4000FF252D0225401D6300241460802252034D
:109C50001A60086030BDF3B5010016001C00002535
:109C60000095A748019A330000270BE0BC464F5DE2
:109C70004743AE009E597E40575D47433740664696
:109C800037436D1CA542F1D3390939438A080A4389
:109C9000510811430840C10901430F208A0B0A43B0
:109CA00002405040F6BDF1B582B00E00002093494D
:109CB0000860FD25AD01EF7AA87A01900F213940A7
:109CC00000910ED00B468F4A8F490298FFF7C3FFD1
:109CD00001990140894801608C4841438C48084003
:109CE00001D1012400E04401380915D032003B09BC
:109CF00029000298009E6D7A75194019FFF7ABFF95
:109D00000199091101407D4802680B01134303606A
:109D1000002901D0480044437E480068204001D11A
:109D20000420FEBD0020FEBD80B50A000021118088
:109D3000794952888018FFF7B6FF02BDF0B50F22AF
:109D4000764B5C7905780F202040C54020092840DB
:109D500001259C79C4402C4001D10320F0BDFB2497
:109D6000A4012468254008D06D4D9E684700F65B2D
:109D7000761E2E608026B601EE60DD78DE79C64064
:109D8000F00711D5E0060FD5002D0DD065484860CD
:109D90000888488008881C7800192A4080185A785A
:109DA00080182A09801800E0002008800020F0BDFB
:109DB00010B55D4801685D4A0820014200D09061FD
:109DC000C90602D58C21090111605949594A5A4BDB
:109DD0001B681B040CD54B685C0402D5C3031360DD
:109DE00006E0C024A4011C4043029C4200D0106045
:109DF0000B68034005D0514B1B689B0F9B0700D09D
:109E00001060FB2080010078C023034002D1802035
:109E1000400510600868202108401060484800682C
:109E2000C00101D4FFF7F7FE10BD00002C4000A8D0
:109E3000703F00001C1002A8F8B5424F38687E68D9
:109E4000064041483040414908608024A403404D09
:109E5000F00229D5FB2080010168080606D53D489F
:109E60000068A86001202870022015E0012001424E
:109E700002D03949A9600FE00020C9060CD5294954
:109E8000A960364A91780B071B0F12789A180909B6
:109E90005118A980E880A888A880A888002801D047
:109EA000264301E0FFF7B7FE264026D0274E746018
:109EB0003460A88800280ED0396A81420BD3291D4E
:109EC0002748AA6890470100F3D0FEF7E7F9012080
:109ED00024490860F1BD01000CD0FC218902F16128
:109EE00021490203CA6134604C603A6A824204D359
:109EF0000C60F1BDEB20FFF793FEF1BD403E00008A
:109F000001010101F83E0000383F0000111100007E
:109F100021840000F43E0000183F0000483F00008C
:109F2000204000A835210000F84F0000502102A871
:109F3000184001A8481002A8684101A84C4201A895
:109F4000D04000A8B44000A8FFFFDFFFB46000A825
:109F5000443E0000E03A000049210000493F000073
:109F6000D84000A82C4000A8B45000A870B5050047
:109F70000C0000F0C1F80600FEF786FA2002054347
:109F800006480560022006490860FEF782FA3000A4
:109F900000F0B6F801200349087070BD04C00950F4
:109FA00040D00950643E0000FEB5C020C0043349D3
:109FB000086033483349486533488865334840244E
:109FC000046044601020FFF717FE002854D1FF20E2
:109FD00000052F4908602F482F4908602F4829495C
:109FE0000860A5032A4805602D4807680820FFF788
:109FF00003FE002840D108262A4806600120FFF70A
:10A00000FBFD2748806801902748066027481D49C6
:10A0100008601F4805600820FFF7EEFD00282BD1DF
:10A02000204806600120FFF7E7FD1D48806800908A
:10A030001D480660134D1E4828600199009800F0E5
:10A040003FF88606B60E0198C10B0098C00B00F0D1
:10A0500037F80002FC218901014031432960104892
:10A06000076060030A4908601248046044601249AE
:10A070000164124941640020FEBD000020E000A8F8
:10A08000571400004C0102A8FF3FFF3F601102A8D7
:10A09000B42002A80000380EB41002A8303000002E
:10A0A000104101A8105101A8106101A81010000072
:10A0B00020200000602102A8F703F000FF3F00000D
:10A0C00010B54904CA104004C310991A00209A1808
:10A0D000D30F9A18521052188B115B0E5B18DB11BC
:10A0E000D2182023541A01D422001843CC0F61182F
:10A0F00049105B08F6D110BDEFF3108072B67047BF
:10A10000002800D162B6704710B5C2001823134072
:10A11000FF249C40E2438907090E9940030004D4C0
:10A1200077489B089B00C01806E0764B0007000F9D
:10A13000083880088000181803681A40114301602D
:10A1400010BD80B573225421002000F033FA01BD08
:10A1500010B5FFF7D1FF6C4901220A606B4B6C4CC4
:10A1600023606C4C236003236B4C23606B4C236097
:10A170006B4B1A606B4B1A606B4A802313606B4BFE
:10A18000136011228A63FFF7BBFF3F20684909680B
:10A1900001400A1D402A00D2081D664A1070A748D7
:10A1A000017010BDFFF7A8FF05000024012160B277
:10A1B000FFF7AAFF641C0E2CF8D301210F20FFF734
:10A1C000A3FF01211120FFF79FFF01211320FFF7BB
:10A1D0009BFF01211720FFF797FF03210120C043B8
:10A1E000FFF792FF01211E20FFF78EFF52485349CF
:10A1F000086002205249086001209B49086047041A
:10A20000504C20693840FCD02068800101D4FEF712
:10A21000E9F82800FFF774FF4B480068400311D4A9
:10A220008B2252005321002000F0C4F90AE00028DC
:10A230001CD0FEF70FF919E020693840FCD0280047
:10A24000FFF75EFF206E0004000F022801D1FEF729
:10A2500061FDFFF751FF05006B4EFEF70BF900287B
:10A260007078E4D0002801D1FEF7FDF801203449D0
:10A270003278002A05D1724A1268920600D408602A
:10A2800030BF0022327002220A6077490860D3E7AB
:10A290007648016842680A40754810401C490860C9
:10A2A000800700D4704770B572480188491C01804E
:10A2B000FB24A4012078000620D56F490A680F20EE
:10A2C000120B0240032A19D16C4A12685207520F2E
:10A2D000032A13D80968090B084003280ED16848DF
:10A2E00005680826674806600D20FFF78DFC35409D
:10A2F00001D0AD480660E08A401CE08270BD0000DD
:10A3000000E400E01CED00E0040002A80000FF3FB4
:10A31000282002A82C1002A840E002A844C002A8ED
:10A3200004C001A8044001A8145001A82000600640
:10A330002C8001A8623E0000FFFF9B4000E100E08E
:10A34000602002A8500002A8F80702A8F8B58248C9
:10A35000016844680C40954804608048204007D05C
:10A36000FEF79BF8002803D020007D490968884744
:10A370007C4880210C4220D0774A936AF825ED0171
:10A380001D401AD0C0231B019D4216D880252D06E2
:10A39000874E3560976AF826F6013E40C76E3F0447
:10A3A0003F0F022F01D0032F03D1002E01D09E4278
:10A3B000F0D38F4A15607D4A11608E4909780629CD
:10A3C0000DDACC20800120401DD0FFF795FE05005E
:10A3D0002000FDF704FD2800FFF792FEF1BD0068A4
:10A3E000800510D58448204005D0FEF779FB200079
:10A3F000FDF7F5FCF1BDA00205D5802040016B49B9
:10A4000008607E490860F1BD653E000010B57C48DB
:10A41000016844680C407B48046080210C4205D0F0
:10A420004160794801600020FDF7D9FC600403D544
:10A43000802040057549086010BD0000633E0000A3
:10A44000F40302A838B57248016844680C40E0077C
:10A4500007D5FFF751FE0500FDF75CFD2800FFF76B
:10A460004FFE6C48046031BD601002A8280002A8AD
:10A47000FFFF00C0603E0000B00002A8184001A825
:10A480004C4000A84C6000A8FEB5634C206C676C83
:10A49000074001252F4216D02E066048066020682E
:10A4A0005F490D60002802D00021FDF725FF5D48BF
:10A4B0000068A021C90188428041C043C00F5A49A9
:10A4C00048705A480660FDF7C5FF0190022007401A
:10A4D0003ED06168CEB20F0A55490822494B440369
:10A4E000012E24D0022E31D1012F22D1514EF678E7
:10A4F0000096504E37780126BE404F4F3E604D4E7D
:10A500003678760590277F04F71903263E434B4F94
:10A510003E601C604A4B1C600B68009C1B194B651D
:10A52000444909788D4047490D6047490DE0009046
:10A53000DFE7002F0AD1454E356000254D655C6090
:10A540001C60C104424B196042490A6034490860EA
:10A550000198FDF788FFF7BD104001A80200060032
:10A56000DC3A0000440002A870B5FDF773FF040058
:10A57000FFF7C2FD31490A68D2070FD52C4A566D44
:10A580001368354D2E60CE686E604968E981802180
:10A59000C904224E3160297B59185165FFF7B0FD7F
:10A5A0002000FDF760FF70BD4C5000A8106001A8AE
:10A5B000E06101A8002800D0704770B50C00FDF7DD
:10A5C00049FF0500FFF798FD0600FDF75DFF2348F2
:10A5D00004600121224A1160026C0A40FCD1FDF79F
:10A5E00058FF3000FFF78CFD2800FDF73CFF70BDE1
:10A5F000E05101A8303E000000104006145001A8B0
:10A6000090C001A890E001A80CC001A804ED00E0F2
:10A61000C0C000A8C0E000A800C002A8441002A862
:10A6200040E002A8404000A8653E0000442002A887
:10A6300018C00A50793E000068E00A5060C101A8C5
:10A6400094D001A868D00A50F42302A860E101A8C0
:10A6500080E200E0F41302A8703E000000C0095040
:10A6600040D0095080B5FDF718FF002802D0B84847
:10A670000068804701BD80B5FDF74CFFC548006804
:10A6800000030AD4FEF7F4F9FFF788F8FEF772F931
:10A690000120FFF75DF8FEF779FD80208005FDF7CA
:10A6A000D1FE01BD80B5FDF735FF80204002FDF7EA
:10A6B000C9FE01BDFEB505208E4908608E480668BA
:10A6C0000124264201D1FEF743F8FDF723FF8B4911
:10A6D000086800908A4849680160B105CA0F694658
:10A6E0000A710025264210D00095AB4949680160E7
:10A6F000A948026897490B68981A9A4202D38B6955
:10A70000C018401C944B9842F5D3A44F3D60684656
:10A710000079002804D031000098FDF73BFC009040
:10A7200000263868204003D16846FEF746F8060048
:10A73000FEF786F8002843D09748407C00283FD198
:10A7400097489549C96802690B689A4200D001256B
:10A75000944FBA1C9446944A137806225343624697
:10A76000D25A8C462B0018214B436146C9184A60C7
:10A77000009901918849C96801226A4018235A4307
:10A780008D1829680161A96801608848E96801603D
:10A79000296901626869A249086001A8FEF70DF8FD
:10A7A000002806D1B91C804A127806235A43895AD8
:10A7B0006960310006000E4302D177494C7401E014
:10A7C000002E02D10098FEF761F8A0480460022034
:10A7D0009F490860C820C0049E4908606004FDF7D6
:10A7E00031FEF7BDF8B59C4C8025EF02FEF728F846
:10A7F000002808D099480078002804D13800FDF7D7
:10A8000021FE2560F1BD206CC00506D58020000624
:10A81000206000BF00BF40082060FEF709F9FDF787
:10A8200079FEFDF755FA06008D488E490860FFF75E
:10A8300019FF3800FDF706FE002E00D0256001202C
:10A84000AA490870F1BDF8B5FDF764FEFDF7ECFD0F
:10A85000A748006802248049096C090407D400074E
:10A8600005D5FDF7F7FDA3490C60FDF7FCFDFDF7ED
:10A87000E4FD1020C043A049086000257648C56368
:10A880009E480560FDF709FE07009D4E002F03D08E
:10A890009C480068804700E035604420305C05211A
:10A8A000014002D0FDF7EAFE01E0FDF7F5FE706C15
:10A8B000044002D0012068490860FFF779FA002FB0
:10A8C00002D091480068804780200003FDF7BAFD60
:10A8D000F1BD80B5FDF71EFE2E480068000303D4CD
:10A8E000FEF748F8FEF752FC80204003FDF7AAFD72
:10A8F00001BD00005C1102A8440002A8B83F00009E
:10A900003C3E000038B5FDF705FE534C2025FEF710
:10A91000F7FF002806D0606B000704D5FFF715F895
:10A92000FEF7BCFC2560FEF725F8FEF72FFC774804
:10A9300000780C210140042902D1FDF79FFE01E0BF
:10A94000FDF7AAFE6804FDF77DFD4020206031BDC3
:10A95000C83A000020C001A801FF00001CB5052076
:10A960006B490860FDF7D6FDFEF7EFFFB8480068B9
:10A9700000906846FEF760FC0400FFF773FE002CB1
:10A9800002D10098FEF7B6FC80204004FDF75AFD86
:10A9900013BD00000C0002A8CC3E0000383E0000B1
:10A9A000348001A8543E0000503E00001C4101A824
:10A9B000F8B5FDF7AFFDA74CA56A5020284002D09E
:10A9C000FDF75CFE01E0FDF767FE234FFEF798FF01
:10A9D00000281BD1B86B40071DD4786BE0214901DA
:10A9E000014018D1A80611D4FDF71EFDA56A9A4EA4
:10A9F000354207D0FF20C0432D18A56280200005F6
:10AA000096490860FDF719FD2E4002D001203860FC
:10AA100001E00020206080208004FDF713FDF1BDDF
:10AA2000284000A880B5FDF775FD8D480068C00579
:10AA300001D5FDF79FFF0120FEF78AFEFEF7A6FB7A
:10AA40008020C004FDF7FEFC01BD0000442002A8E8
:10AA5000305201A8106001A8100002A8DD3E0000DD
:10AA600070012000B46000A870B528480668FDF7A2
:10AA700051FD8024A4037B4D2968090303D52000E0
:10AA8000FDF7E0FC70BD0321C00601D5314001E0B7
:10AA9000B0080140012902D1FDF7F0FD0BE03001C3
:10AAA00007D50E20FFF7B0F8A34804210160082164
:10AAB0000160FDF7F1FDFDF768FEA04E3069A04989
:10AAC0000860FFF7CFFD3068002807D0400012284B
:10AAD00002D2FFF791F801E0FEF7D9FF2000FDF761
:10AAE000B1FCA86B8000FCD470BD0000653E000086
:10AAF000844000A814E50350482002A8403E00000E
:10AB0000AC3E0000CC3A0000D03A0000F03E00001D
:10AB10005C1102A8F8B584B0012600240294FDF768
:10AB2000F9FC03904F4D2868000374D40320A54915
:10AB30000864A54802680227FF2189010F200F231E
:10AB40001340032B03D0120B104006283ED19F4820
:10AB500000684A6800922A6C3A4001D089680091E6
:10AB6000FEF7FBFF0099401801D5019400E0019029
:10AB7000A86B0007C10F684601700320FB21890103
:10AB8000096B014002291BD10399C90618D5FB2185
:10AB900089010968CA0512D5EB6B8D4A13409342AF
:10ABA00003D11020874908640AE0890508D4296C7C
:10ABB00028220A4004D100262849086000E0002627
:10ABC000684600780290300002D10EE008680190DB
:10ABD000FEF796FE002808D0FEF7B7FE0298002880
:10ABE00002D0FEF75BFB00E0002676480760002EEF
:10ABF00012D0FB2080013021405C0C21014004294F
:10AC000002D0E86BC00602D5FDF738FD01E0FDF784
:10AC100043FD2020686014E0FDF7ACFE80200006B4
:10AC20000E4908600020C0436A49086001A8FEF789
:10AC300003FB0400FFF716FD002C02D10198FEF77C
:10AC400059FB80200004FDF7FDFB05B0F0BD0000BE
:10AC5000CC3F0000C83E000000FFFF00481002A8E3
:10AC6000680102A80C0002A8FEB500240194FDF7BB
:10AC700051FCFFF7F7FC584EF06E584D0007000FDF
:10AC800007280ED1706800280BD40020FEF760FD65
:10AC900028682B490860FDF7EFFD3068800045D536
:10ACA000FBE701210320FB22920173685B070BD4B1
:10ACB0004B4B1B680B4007D01368DF050BD55B05BA
:10ACC00002D43368DB0503D40191116B890904E0D8
:10ACD0001021444B1960116B0909084000900020B5
:10ACE000FEF736FD0098002805D17068C00602D432
:10ACF000FDF7D2FC01E0FDF7C1FC0020019900291D
:10AD000003D139480068FEF728FF6969401801D56A
:10AD1000009400E000906846FDF74FFD002805D143
:10AD20000098FDF7B3FDA86905490860802000057B
:10AD3000FDF788FBF7BD000080E200E0AC3F0000BB
:10AD40003C3E0000F8B5FDF7E5FB00240025274850
:10AD5000466B80277F05300606D5300709D5FEF7FC
:10AD6000F4FDFEF79BFA29E001251D480068284004
:10AD700019D00020FEF7ECFC0220064002D01C494E
:10AD80000C60C8611B480468002D03D02000FDF74B
:10AD900097F90400FEF7D9FD2000FEF7ABFA380062
:10ADA000FDF750FBF1BD14480078C0210140402957
:10ADB00002D1FDF763FC01E0FDF76EFC20200B499A
:10ADC0000860ECE7082002A8B00002A80CC101A8A6
:10ADD00010000010B46000A8440002A8BC3F0000AE
:10ADE000B44000A8481002A81CC101A8100002A885
:10ADF000180000AAD83F0000F03E0000FFF7A8F9B5
:10AE0000024803494860FFF7CDF900BFB1250000B3
:10AE10000000000080B5EFF305800B2801D23A2135
:10AE200000E02921FF2216320020FFF7C3FBFEE7D6
:10AE300062675F6D657373616765207265636569DD
:10AE4000766572730062676275660061636C006CA0
:10AE50006C5F636F6E6E656374696F6E006C6C5FC0
:10AE60006164765F736574006761705F636F6E74B1
:10AE7000657874006C6C5F76616C696461746F7284
:10AE80000062675F6D65737361676500736F6674F9
:10AE90005F74696D65725F6D657373616765006C82
:10AEA0006C5F6164765F73796E63006C6C5F736373
:10AEB000616E5F73796E63006761705F7065726960
:10AEC0006F6469635F616476006761705F7065726B
:10AED000696F6469635F73796E63006C326361707C
:10AEE0005F636F635F6368616E6E656C006D626562
:10AEF00064746C735F636F6E746578740000000037
:10AF000045AE03084BAE03084FAE03085DAE030821
:10AF100068AE030874AE030881AE03088CAE030864
:10AF20009FAE0308ABAE0308B8AE0308C9AE030872
:10AF3000DBAE0308EDAE030862676275665F696E9B
:10AF40000062676275665F6F75740062676275663E
:10AF50005F6E6F666C6F770062675F6D616C6C6FC0
:10AF6000630000000D000300020001000500E69DE3
:10AF7000350E480103CCDBFDF4AC1191F4EFB9A51B
:10AF8000F9E9A7832C5E2CBE97F2D203B020008B88
:10AF9000D28915D08E1C742430ED8FC24563765C47
:10AFA00015525ABF9A32636DEB2A65499C80DC00CA
:10AFB0006C888391AAF5A53860370BDB5A6083BE95
:10AFC000000000010001000501000502020300026B
:10AFD0000000000000020501000500000100010062
:10AFE0000001000102020300020000000000020252
:10AFF000010002BF01FB9D4EF3BC36D874F5394108
:10B0000038684C8BD28915D08E1C742430ED8FC2D9
:10B010004563765C15525ABF9A32636DEB2A6549D7
:10B020009C80DCE69D350E480103CCDBFDF4AC11C1
:10B0300091F4EFB9A5F9E9A7832C5E2CBE97F2D263
:10B0400003B0203F49F6D4A3C55F3874C9B3E3D237
:10B05000103F504AFF607BEB40B7995899B8A6CD96
:04B060003C1ABD00D9
:08B064002C56FC7F01000000E6
:0CB06C0078B00308A0280020A800000015
:10B078000000000000000000FFFF00000A000100BF
:10B08800000001000A0001000000000002000800A2
:10B0980000000000000000000000000002000500A1
:10B0A8000000302E302E3000020003000000303047
:10B0B800300000000200080000003030303030302E
:10B0C800303000000A000D000000456D70747920D2
:10B0D8004578616D706C65000A0001000000000091
:10B0E8000200100000000000000000000000000046
:10B0F8000000000000000000200004000000000024
:10B10800000000000000000001010200C017530207
:10B1180000800000C0EA2101C0EA2101C00A002025
:10B128000040310800A00000380F0020C8000000CF
:10B13800FE000000000000001459030850290020F8
:10B148000400E40C0A000000FFFFFFFFFFFFFFFF01
:10B15800FFFFFFFFFFFFFFFF1114030800000000BF
:10B1680001000000000000001000000010000000B6
:10B178007533010800000000854C0108000000003C
:10B18800000000000000000039050308000000006E
:10B19800A95801080000000000000000000000009D
:10B1A80055580108000000000000000000000000E1
:10B1B80069590108000000000000000000000000BC
:10B1C800FD5B0108000000000000000020000000F6
:10B1D8000000000000000000000000000000000067
:10B1E80000000000FD5D01080000000000000000F4
:10B1F8000000000061660108000000000000000077
:10B20800FFFFFFFF4907030874700308FFFFFFFFF4
:10B2180088700308010C0308FD0B0308FFFFFFFFFC
:10B22800FFFFFFFF110C030820C001B8FFFFFFFF5D
:10B238009B100308FFFFFFFFFFFFFFFFFFFFFFFF5C
:10B24800FFFFFFFF4F250000000000000300000083
:10B2580044220020882A0020000000004422002008
:10B26800AC22002014230020000000000000000091
:10B2780000000000000000000000000000000000C6
:10B2880000000000000000000000000000000000B6
:10B2980000000000000000000000000000000000A6
:10B2A800000000000000000000FFFFFFFF0000009A
:10B2B800FB280308FF2803080329030807290308B4
:10B2C80000000000813202080000000000000000B9
:10B2D8000005FA000800FF00FF00FFFFFFFF17004E
:10B2E800FFFF0C0000000000FF28010101BF8FAF25
:10B2F8007F8700370F10100004040F05140A03019C
:10B30800FF0C01FF0F0000006D060008450600084D
:0400000508000C499A
:00000001FF
