:020000040800F2
:10000000C00A00203D0C0008A7340208A7340208EB
:1000100055840208A7340208A7340208A73402084E
:10002000A7340208A7340208A7340208A73402083C
:10003000A7340208A73402083D850208A734020845
:10004000A7340208A7340208A7340208A73402081C
:10005000A7340208A7340208A7340208A73402080C
:10006000A7340208A7340208A7340208A7340208FC
:10007000A7340208A7340208A7340208A7340208EC
:10008000A7340208A7340208A7340208A7340208DC
:10009000A7340208A7340208A7340208A7340208CC
:1000A000A7340208A7340208A7340208A7340208BC
:1000B000A7340208A7340208A7340208A7340208AC
:1000C000A7340208A7340208A7340208A73402089C
:1000D000A7340208A7340208A73402087B390208B3
:1000E00053390208A7340208A7340208A7340208CB
:1000F000A7340208F1CA01088DD501088711030849
:100100008311030835CD01089D1103088B110308E5
:100110005DD501088F110308CDD5010839D6010836
:10012000A7340208A7340208A7340208A73402083B
:10013000F9800208A7340208A7340208A73402088D
:10014000A7340208A7340208A7340208A73402081B
:10015000A7340208A7340208A7340208A73402080B
:10016000A7340208A7340208A7340208A7340208FB
:10017000A7340208A7340208A7340208A7340208EB
:10018000A7340208A7340208A7340208FD54030864
:100190009DB00108A7340208711103087711030804
:1001A000A7340208A7340208A7340208A7340208BB
:0401B000A734020866
:1001B40000B583B0184BDB6903F48033002B02D005
:1001C4006FF0010324E0144B03F580531A46012316
:1001D400D360114B03F500531A46012313640E4BED
:1001E4004FF480721A610021012000F0D3F8034615
:1001F4008DF80730084B03F580531A460123136426
:10020400054B03F500531A460123D3609DF90730CB
:10021400184603B05DF804FB0000035000B585B038
:100224000190234B03F580531A464FF480339366B1
:10023400204BDB6903F48033002B14BF012300231C
:100244008DF80E301B4B41F67132DA63194B03F50E
:1002540080531A460123D360164A019B5361154B00
:1002640002221A610021212000F094F803468DF83F
:100274000F309DF90F30002B06D10021212000F012
:1002840089F803468DF80F300A4B03F500531A46DC
:100294000123D3609DF80E30002B02D0054B0022C1
:1002A400DA639DF90F30184605B05DF804FB00BF12
:1002B400008000500000035000B58BB00390029101
:1002C400019200238DF81F30304B03F580531A46FA
:1002D4004FF4803393662E4BDB6903F48033002B99
:1002E40014BF012300238DF81E30294B41F67132CF
:1002F400DA63274B03F580531A460123D360039B2B
:100304000993029B089329E0019B0693099B03F53B
:10031400005323F4FF5323F01F03099A9B1A0593F8
:10032400059A069B934228BF13460493049A08999E
:10033400099800F06FF803468DF81F309DF91F30BF
:10034400002B0FD1099A049B13440993089A049B28
:1003540013440893019A049BD31A0193019B002B25
:10036400D2D100E000BF0A4B03F500531A46012323
:10037400D3609DF81E30002B02D0054B0022DA63B7
:100384009DF91F3018460BB05DF804FB0080005047
:100394000000035084B0019000911B4B03932AE0AA
:1003A4001A4BDB690293029B03F00403002B02D077
:1003B4004FF0FF3324E0019B03F00103002B07D12E
:1003C400029A134B1340002B02D06FF0010317E085
:1003D400029A019B1340009A9A4209D1029A0C4B4B
:1003E4001340002B02D06FF0010309E0002307E063
:1003F400039B013B0393039B002BD1D16FF00203BA
:10040400184604B0704700BF80969800000003505F
:100414000200010000B587B0039002910192274ABF
:10042400039B5361254BDB6903F00403002B02D0CB
:100434004FF0FF333DE0029B1A1D02921F4A1B68D6
:100444009361019B043B019319E008210820FFF705
:10045400A1FF03468DF817309DF91730002B05D006
:10046400164B04221A619DF9173022E0029B1A1DD3
:100474000292124A1B689361019B043B0193019B06
:10048400002BE2D10D4B04221A6100212120FFF739
:1004940081FF03468DF817309DF91730002B06D1E4
:1004A40000212120FFF776FF03468DF817309DF9D0
:1004B4001730184607B05DF804FB00BF0000035076
:1004C4000000000000000000000000000000000028
:1004D800002370B5404C05468AB0E36318B1008824
:1004E800236011F00DFC3D4830F02EF93C4E3D4B99
:1004F800304633603C4B73602DF0B5F9002130462F
:1005080016F000FA32A3D3E90023A062C4E9062357
:100518002DF0B4F9D4E9062319431043C4E90601C0
:10052800CDE900014FF0FF334FF0FF32A06A30F001
:10053800B2F902224FF0FF31A06A30F0B1F9012080
:1005480011F05EF94FF4007300222849A06A30F0D8
:1005580008FAB0F5007F39D1002394220793099354
:100568003C23CDE903320593962306935023A06AD2
:1005780003A9089316F0E0FA35B3287C11F0ACFE15
:100588000546F0B9A06A30F0E1FA11F053FE11F017
:1005980019F920B14FF4807000210EF06BF811F0BA
:1005A80021F920B14FF4006000210EF063F82DF01E
:1005B80035FA012030F09CF80D4A0E49A06A2DF05A
:1005C80050F928460AB070BDFF20D7E70725F8E79D
:1005D8000DD5015520000000300B0020690345ECC3
:1005E800A41B002041160108B41B0020A4190020F8
:1005F80013D8020853D802080348044B834202D098
:10060800034B03B118477047402B0020402B0020B4
:1006180000000000064B0749C91A891048BF01317C
:10062800491003D0044B0BB101481847704700BF6D
:10063800402B0020402B00200000000010B5064C85
:10064800237843B9FFF7D8FF044B13B10448AFF33D
:1006580000800123237010BD7E24002000000000CC
:1006680064B0030808B5054B1BB105490548AFF34D
:100678000080BDE80840FFF7CDBF00BF00000000C4
:10068800B00D002064B00308A3F5803A704700BF9E
:10069800174B002B08BF134B9D46FFF7F5FF0021B2
:1006A8008B460F461348144A121A30F0A7FE0E4B19
:1006B800002B00D098470D4B002B00D09847002006
:1006C800002104000D000D48002802D00C48AFF3AB
:1006D80000801DF00FFB2000290022F02DFE1DF0E8
:1006E800AFF900BF00000800000000000000000093
:1006F800C00A0020C00A0020802500200000000059
:10070800000000002DE9F0438BB000AFBA601A4634
:100718000346FB730B46BB811346FB806B461E46A4
:100728000023FB84FB8801333C4A1288934203DA96
:10073800FB8802339BB201E0384B1B887B84798CA1
:100748000B46013BFB618BB20022984691464FF065
:1007580000024FF000034FEAC90343EA58734FEA17
:10076800C8028BB200221C4615464FF000024FF01B
:100778000003EB0043EA5473E2000B460733DB083F
:10078800DB00ADEB030D6B460033BB61FB88DAB2CF
:10079800BB691A70FB881B0A9BB2DAB2BB695A7034
:1007A800BB6902337A8CB968184630F032FE7A8C0D
:1007B800B989F87BBB6915F029FD78617A8CFB8CC7
:1007C80013449BB2023BFB84FA887B8CD31A9BB2FE
:1007D8000233BB8418E0114B1B88BA8C934228BFA4
:1007E80013467B827C8AFB8CBA681344B989F87BF0
:1007F800224615F00BFD7861FA8C7B8A1344FB8442
:10080800BA8C7B8AD31ABB84BB8C002BE3D1B54648
:1008180000BF2C37BD46BDE8F08300BF022B002087
:1008280008B5044800F0C2FA024822F031FF00BFC0
:1008380008BD00BFFC58030800B5A9B000F046F990
:10084800164822F0BCFE0346002B14BF01230023E8
:10085800DAB2134B1A70134B1B7883F00103DBB227
:10086800002B13D00E4B1B78002B0FD00E4A6B4673
:100878001146A022184630F0CCFD0C4B1B88D8B28C
:100888000B4B19886A46A023FFF73CFF044B1A78E4
:10089800044B1A7000BF29B05DF804FBFC5803082C
:1008A800802400207F240020A8550308062B002060
:1008B8003024002030B58FB00390039B1B6823F4CD
:1008C8007F4323F007036A4A934200F0BE80684AD8
:1008D800934200F2C080674A934200F0BE80654AA6
:1008E800934200F2B880644A93427FD0624A9342AE
:1008F80000F2B180614A934200F09C805F4A9342C3
:1009080000F2A9805E4A934200F0A9805C4A9342B3
:1009180000F2A1805B4A93424FD05A4A934200F2B8
:100928009A80594A934235D0574A934200F29380AD
:10093800564A934203D0564A934238D08BE05548E2
:100948001DF034F954481DF031F9544815F092FB64
:10095800524B1B780121184615F0C6FB4F4B1B78EC
:100968000221184615F0D4FB4C4B1878002300934D
:100978000023A022A02115F095FB494B1B8848496C
:10098800184612F0EFFB454B1B780221184615F06C
:10099800D3FB69E0414B1B780221184615F0B8FBE0
:1009A8003E4B1B780221184615F0C6FB5CE0039B02
:1009B8001B7B1A463B4B1A8056E0039BB3F8073063
:1009C8009AB2394B1A80039B1879039BB3F8073006
:1009D80099B2364B1A88324B1C88354B1B88002538
:1009E80001950093234615F0EBFB3DE0039BDB7973
:1009F800012B36D1039B1B7AFF2B32D1294B1B8845
:100A0800DBB2294A11880122184615F015FC294B3A
:100A180005AC1D460FCD0FC40FCD0FC42B68236046
:100A2800204B1B88D8B2204B198805AA2423FFF72E
:100A380069FE16E0039BDB79012B14D1039BB3F805
:100A480005309AB21C4B1A800DE0039B1B7918469F
:100A580015F086FB08E000BF06E000BF04E000BF19
:100A680002E000BF00E000BF00BF0FB030BD00BF14
:100A7800A0000A05A0004304A0004303A0000A0345
:100A8800A0000402A0004301A0000601A00001008C
:100A9800A00006004856030854560308182B0020E7
:100AA800022B0020062B002030240020002B0020E1
:100AB800042B002070560308082B0020024B00224C
:100AC8001A8000BF704700BF3224002000B583B0F1
:100AD80000238DF8073034F0FFF900900A4B1B888B
:100AE800002B08D0084B1B88013B9AB2064B1A8092
:100AF80001238DF80730009834F0E1F99DF80730AC
:100B0800184603B05DF804FB3224002000B589B014
:100B18000190019B1B6823F47F4323F00703324AAB
:100B280093425AD1314B08220021122012F034FB93
:100B38000790079B002B01D000BEFDE72C4B03223A
:100B48000021142012F028FB0790079B002B01D0EE
:100B580000BEFDE7274B05220021162012F01CFBE2
:100B68000790079B002B01D000BEFDE70DF1130293
:100B780005AB1146184615F005FB0790079B002B9F
:100B880001D000BEFDE79DF819308DF808309DF8BA
:100B980018308DF809309DF817308DF80A30FF238A
:100BA8008DF80B30FE238DF80C309DF816308DF83B
:100BB8000D309DF815308DF80E309DF814308DF8F5
:100BC8000F3002AB08220021182012F0E5FA079036
:100BD800079B002B03D000BEFDE700BF00E000BF6D
:100BE80000BF09B05DF804FBA0000100945603089B
:100BF800A0560308A456030808B5024822F09BFC37
:100C080000BF08BDFC58030800B583B0064A074B6F
:100C1800D31A9B100193019A0549044822F029FC34
:100C280000BF03B05DF804FBD4040008B401000859
:100C38008025002000B585B000F04AF8FFF7E4FFF2
:100C48001F4B039319E0002302930EE0039B1A68DD
:100C5800029B9B001A44039B5968029B9B000B4410
:100C680012681A60029B01330293039B9B68029AE5
:100C78009A42EBD3039B0C330393039B114A934291
:100C8800E1D3114B019314E00023009309E0019B89
:100C98001A68009B9B00134400221A60009B0133D2
:100CA8000093019B5B68009A9A42F0D3019B08333A
:100CB8000193019B054A9342E6D3FFF7E9FC00BF85
:100CC8006CB0030878B0030878B0030878B003085C
:100CD80008B5214B214A9A601F4BD3F888301E4A29
:100CE80043F47003C2F888301D4B03F580531A464D
:100CF8004FF4804393661B4B03F500531A464FF09D
:100D0800FF331366174B03F500531A466FF400338D
:100D18005366144B03F500531A460D239366124B82
:100D280002221A60BFF34F8F00BFBFF36F8F00BF5F
:100D3800002008F003FF0B4B03F500531A464FF44D
:100D48004033D360002027F0D8F9064B4FF44032E7
:100D58001A6100BF08BD00BF00ED00E000000008F8
:100D68000080005000800044D0ED00E082B0019087
:100D7800024A019B136000BF02B07047442900205B
:100D880000B583B00190074A019B1360064B1B6FA7
:100D980003F00703032B01D132F090FA00BF03B030
:100DA8005DF804FB3C2900200080005000B58DB0A0
:100DB8000390039B0B930B9B1B680A930A9B1B795D
:100DC8008DF814300A9B5B798DF81530254827F08B
:100DD8004AF905AB00220121184622F0A4FC0DF1C6
:100DE800130205AB1146184622F06BFD9DF813302F
:100DF80083F00103DBB21A460A9B1A700A9B9B799F
:100E0800022B29D14FF0FF3307934FF0FF3306939E
:100E180007A905A80B9B0093134B002200F030F99B
:100E28000990079BB3F1FF3F09D106A905A80B9BC1
:100E380000930D4B042200F03BF809900CE00123CD
:100E48008DF823309DF8232006A905A80B9B009355
:100E5800054B00F02DF80990002318460DB05DF8F9
:100E680004FB00BFA46B03086D35020808B50F48E2
:100E780027F0F9F8272008F043FE0346002B05D099
:100E8800272008F05BFE272027F037F9282008F0F4
:100E980037FE0346002B05D0282008F04FFE2820F7
:100EA80027F02BF90023184608BD00BFA46B0308E0
:100EB80000B587B003900291009313468DF8073070
:100EC800039B002B02D0029B002B01D1222393E02D
:100ED800039B1B78002B16D0039B1B78012B0FD08C
:100EE800039B1B78022B08D0039B1B78032B02D192
:100EF80040F2FF7309E0002307E043F6FF7304E0C4
:100F080040F2FF3301E043F6FF73039A5278D3406F
:100F180003F00103002B05D1039B1B78FF2B01D0A5
:100F2800212369E09DF80730002B0DD09DF807308C
:100F3800012B09D09DF80730022B05D09DF807300A
:100F4800042B01D0212357E033F0E0FF0590039BE9
:100F58001B78FF2B0AD0029B1B689DF807201946B7
:100F6800039804F0B3FD0246029B1A60029B1B68BB
:100F7800B3F1FF3F0FD1039B1B78FF2B0BD104F07C
:100F88007FFC0490039B5B780499184624F075FF56
:100F98000246029B1A60029B1B68B3F1FF3F22D0F6
:100FA800029B1A68164913465B0013449B000B44C6
:100FB8000433009A1A60029B1A68114913465B00B1
:100FC80013449B000B440833089A1A60039B1B7850
:100FD800FF2B0DD0029B1B68012202FA03F318466F
:100FE80004F024FC04E0059833F082FF2D2303E08D
:100FF800059833F07DFF0023184607B05DF804FB21
:10100800C80D002000B585B00190019BB3F1FF3FEA
:1010180005D0019B0F2B02DC019B002B01DA212359
:1010280028E033F073FF03900122019B02FA03F3D7
:10103800184604F017FC0122019B02FA03F3184634
:1010480004F002FC0D49019A13465B0013449B000F
:101058000B44043300221A600849019A13465B00C6
:1010680013449B000B44083300221A60039833F0A2
:101078003FFF0023184605B05DF804FBC80D0020AB
:1010880000B587B003900291009313468DF807309E
:10109800039B002B02D0029B002B01D122236DE081
:1010A800039B1B78002B16D0039B1B78012B0FD0BA
:1010B800039B1B78022B08D0039B1B78032B02D1C0
:1010C80040F2FF7309E0002307E043F6FF7304E0F2
:1010D80040F2FF3301E043F6FF73039A5278D3409E
:1010E80003F00103002B05D1039B1B78FF2B01D0D4
:1010F800212343E033F00AFF0590039B1B78FF2B65
:101108000AD0029B1B689DF807201946039824F013
:1011180063FF0246029B1A60029B1B68B3F1FF3F04
:1011280023D0029B1A68174913465B0013449B009F
:101138000B44B833009A1A60029B1A681149134687
:101148005B0013449B000B44BC33089A1A60039B52
:101158001B78FF2B0ED0029B1B681033012202FA6A
:1011680003F3184604F062FB04E0059833F0C0FE70
:101178002D2303E0059833F0BBFE0023184607B083
:101188005DF804FBC80D002000B587B0019034E07D
:10119800019822F0B1FA05900122059B02FA03F3A7
:1011A800DB43019A13400193059B0F2B08D8059A3E
:1011B80013465B0013449B00144A134404930EE047
:1011C800059BA3F1100213465B0013449B00B03348
:1011D8000E4A134404330493059B103B0593049B68
:1011E8005B68002B09D0049B5B680393059BDAB20C
:1011F800049B9968039B10469847019B002BC7D115
:1012080000BF00BF07B05DF804FB00BFC80D002099
:1012180000B593B00790069111461A460B468DF813
:10122800173013468DF8163000230893069B1B6968
:101238001946079822F04DFC034683F00103DBB200
:10124800002B01D01C23B6E0079BDB6A1093109992
:101258005B4801F01FFC08AB02939DF81630019320
:101268009DF817300093109B554A0699079822F06D
:101278004EFE0F900F9B002B04D1514B9A68079B91
:10128800DA627CE01099079822F07AFC0E900E99A9
:10129800079822F067FC0346184624F0C3FC0D901B
:1012A800079BDB6A1946079822F03BFD0C90079BC9
:1012B8009B6A0C9A9A4261D0079B0C9ADA62404B5F
:1012C8009B681946079822F011FD0246079B1B6B85
:1012D8009A1A079B1A63109A0D9BD31A0B93089BB3
:1012E8001946079822F04CFC0A900A9A0E9B9A42DB
:1012F80021D10B9B002B1ED0079BDB6B9B69079AA8
:10130800D06A0B9A92080D9998471190079BDB6A4F
:101318000B99184622F01DFC0246079BDA62079BD0
:101328001A6B0B9BD21A079B1A63079B0833184644
:1013380001F094FA01E0002311930A99079822F02A
:1013480011FC0990079BDB6B0999184624F071FB87
:10135800079823F067F9079822F0FFFC0246079BDD
:101368001A63119B002B0AD0069B1B691946079824
:1013780022F0AFFB0346002B84D100E000BF0F9B97
:10138800002B09D0069B1B691946079822F0A1FB80
:101398000346002B7FF458AF0F9B002B0AD1079B05
:1013A80003F10800069B1968054B5A689DF816302A
:1013B80001F0D6FA0F9B184613B05DF804FB00BF86
:1013C800D415002000B587B00390029101920093D4
:1013D800039B5B69009A9A4201D9622332E0039821
:1013E80023F0EFFB9DF82030032B06D000990398DB
:1013F80022F082FB0346002B01D0012300E00023EA
:101408008DF817309DF8173083F00103DBB2002BFD
:1014180001D01C2316E04FF0FF310C4801F03AFBD5
:101428000A4A029B1360094A009B1361074A019B01
:10143800D3609DF82030002204490398FFF7E8FEA6
:101448000490049B184607B05DF804FBA81500201B
:1014580010B594B00590049103928DF80B300023D9
:101468008DF84F30059BDB6B5B69039A50680CA9BC
:1014780001229847059BDB6B5B690BA90122049845
:1014880098470CAB184624F088F90346002B0BD07C
:10149800039B00229A75039B00225A75039B4FF009
:1014A800FF329A600023DFE10BAB184624F09EF967
:1014B8001190039B01229A75039B1B7E039A0333A9
:1014C800DB001344049A5A60039B1B7E039A033380
:1014D800DB00134400221A81039B5B68049A9A423A
:1014E8000FD1039B119A1A600BAB184624F0C3F96D
:1014F80003461A46039B1A75039B4FF0FF329A6006
:1015080033E0039B1B68119A9A4202D0039B002286
:101518009A750BAB184624F0AEF903461A46039B9E
:101528001B7D9A4202D0039B00229A750BAB18468A
:1015380024F066F903461C460CAB184624F060F903
:1015480003469C4202D0039B00229A750BAB1846B7
:1015580024F061F904460CAB184624F05CF9034604
:101568009C4202D0039B00229A75039B1B7D042B8F
:1015780007D0039B1B7D052B03D0039B1B7D062BEC
:1015880004D1039B00229A7500236DE10BAB18462A
:1015980024F036F90346002B0CD0059BDB6B5B6906
:1015A80009A902220498984709AB184624F042F981
:1015B800129004E00BAB184624F03CF91290039B00
:1015C8001B7D032B29D801A252F823F00D16000821
:1015D800F7150008E515000839160008039B1B7E5F
:1015E800039A0333DB001344CC221A8121E0039BC6
:1015F8001B7E129A91B2039A0333DB0013440A4606
:101608001A8116E0039B1B7E129A91B2039A033348
:10161800DB0013440A461A810BE0039B1B7E129AD7
:1016280091B2039A0333DB0013440A461A8100E09F
:1016380000BF039B1B7D184601F05AFA03461A4661
:10164800169B1A70039B1B7E1C460BAB184624F096
:10165800B1F803461946039AE31CDB0013440A4613
:101668009A72039B1B7E039A0333DB0013441B8986
:101678001293039B1B7E039A0333DB0013449B7A6C
:101688008DF843300BAB184624F0BAF803468DF8B2
:1016980042300BAB184624F0BEF80F909DF842304C
:1016A800002B0FD0059BDB6B5B6907A9022204980E
:1016B800984707AB184624F043F803461A46039B9D
:1016C8005A7507E00BAB184624F015F803461A467E
:1016D800039B5A75039B5B7D83F00103DBB2002BF0
:1016E80002D0039B00229A75039B9B7D002B21D07F
:1016F800129B002B1ED00F99049822F02AFA0E9004
:10170800049A0E99059822F04BFA034683F00103D8
:10171800DBB2002B02D0039B00229A750E99059824
:1017280022F0E4FA0D90129A0D9B9A4202D9039B7B
:1017380000229A75039B9B7D002B30D09DF8433087
:10174800002B07D1039BDB7D002B28D001238DF8CC
:101758004F3024E0039B0122DA75039B5B7E83F004
:101768000103DBB2002B0BD09DF84330012B03D1D2
:10177800039B01225A7612E001238DF84F300EE0C8
:101788009DF84330012B03D101238DF84F3006E03B
:101798009DF84330032B02D1039B01229A76039BC9
:1017A8009B7D002B1BD09DF84F3083F00103DBB2EB
:1017B800002B0BD19DF84F30002B10D09DF84330F3
:1017C800012B0CD09DF84330002B08D0129B0F9AA8
:1017D8000499059822F06EFB0246039B9A60039BCE
:1017E8009B7D002B05D0039B1A69129B1A44039B0F
:1017F8001A61039B1A7E1E4B1B789A4206D2039BE2
:101808001B7E0133DAB2039B1A7602E0039B0022A7
:101818009A759DF80B30002B24D0039B9B7D002BE1
:1018280020D0039BDB7D002B1CD09DF84F3083F02C
:101838000103DBB2002B15D09DF84330032B11D0E8
:10184800039B9B68B3F1FF3F0CD0039B9968169BE1
:1018580000930123039A0598FFF7FAFD03461A46F9
:10186800039B9A75039B9B7D184614B010BD00BF5F
:101878003059030800B593B0039002910192009388
:101888004FF0FF33109300238DF83F3000238DF87D
:101898003E3000238DF817304FF0FF31019801F0EA
:1018A800F9F8029822F0DEFA0346002B08D0039BD1
:1018B80008330DF116020299184601F019F8109034
:1018C800109BB3F1FF3F18D01099019801F0E2F88E
:1018D8000DF1170301220199039822F017FE034620
:1018E8008DF83D309DF83D30002B06D001238DF852
:1018F8003F309DF81720009B1A70029822F0A6FA34
:101908000346002B0CD19DF83F3083F00103DBB276
:10191800002B00F0BB80039B1B7C002B00F0B680E3
:10192800039BDB6AB3F1FF3F07D1039B5B6A194650
:10193800039822F0A4F9119006E0039BDB6A19468C
:10194800039822F01DF91190029822F07FFA0346BD
:10195800002B14BF01230023DBB283F00103DBB2A9
:101968008DF83C309DF83C3003F001038DF83C3095
:10197800039B5B6A119A9A4202D101238DF83E308B
:101988001199039822F0EEF80E90039BDB6B5B69CC
:1019980006A905220E98984706AB184624F0D5F8F4
:1019A80003468DF837309DF83730184624F010F983
:1019B8000E9824F037F90C900C9B109333E0109993
:1019C800394801F067F80DF117039DF83C203649B6
:1019D800039822F09BFD03468DF83D309DF83D307D
:1019E800002B1DD09DF83C3083F00103DBB2002BA7
:1019F80008D19DF83C30002B12D02B4B1B68029A63
:101A08009A420DD101238DF83F309DF81720009B95
:101A18001A70264B1B681A46234901982FF0F9FCC7
:101A2800214B9B681093109BB3F1FF3F07D00C9A92
:101A38001099039822F0B4F80346002BBFD11199EE
:101A4800039822F01CF911909DF83E3083F00103B1
:101A5800DBB2002B06D09DF83F3083F00103DBB2E8
:101A6800002B85D19DF83F30002B0FD0029822F033
:101A7800F9F90346002B09D0039B03F10800019BE9
:101A88005A68009B1B78029900F06AFF9DF83F3066
:101A9800002B01D0002300E02D230B930B9B18464D
:101AA80013B05DF804FB00BFD415002034590308B7
:101AB80000B587B00190019B4FF0FF32DA620DF15B
:101AC8000B032A4A6FF001010198FFF7D3FE049037
:101AD800049B002B04D1254B9A68019BDA6203E032
:101AE800019B9A6A019BDA62019BDB6A0593019B61
:101AF800DB6A1946019822F07FF90246019B1A63B6
:101B0800019B1B6B002B08D1019BDB6A19460198CE
:101B180022F007F90246019BDA620599019822F042
:101B280000F9059018E00599019822F065F90390ED
:101B3800019B1A6B039B1A44019B1A630599019830
:101B480022F0EFF80590039B002B05D1019B0022A2
:101B58001A63019B059ADA62019B9B6A059A9A426D
:101B6800E1D100BF00BF07B05DF804FBA815002055
:101B780010B586B00390019200930B468DF80B3098
:101B8800039B9B6A059346E00599294800F082FF6C
:101B98000DF1110301222649039822F0B7FC0346F0
:101BA8008DF813309DF81330002B10D09DF81120BC
:101BB800019C009B1E490398A04703468DF81230EC
:101BC8009DF8123083F00103DBB2002B2DD1184BA6
:101BD8009B68B3F1FF3F03D0154B9B68059306E064
:101BE800134B5B681946039822F09BF805909DF803
:101BF8000B30012B0FD10E4B5B681A4605990398E1
:101C080021F0CEFF034683F00103DBB2002B02D0A4
:101C18004FF0FF330593039BDB6A059A9A4205D080
:101C2800059BB3F1FF3FAFD100E000BF06B010BD88
:101C38000016002010B588B0039002910093134657
:101C48008DF807300A9B0793079B1B6806939DF83E
:101C58000730032B79D0079B18680DF11303404A0E
:101C68000299FFF707FE0246079B5A60079B5B68CD
:101C7800002B6AD1079B1868394B5968079B1B686A
:101C88009B6A1A4621F08CFF0346002B5DD0079B08
:101C98001B7A012B0CD1324B1A69079BDB681A445B
:101CA800069B5B699A4203D9079B00221A744CE091
:101CB800079B1A68079B1B689B6A1946104621F008
:101CC8005FFF0446079B1A68079B1B68DB6A194677
:101CD800104621F055FF03469C421CD1069B5C6CC4
:101CE800069BDB6A1946069822F010F80346E31AA9
:101CF8000593069B1A6B059BD21A069B1A63079BD2
:101D08001A68079B1B68996A079B1C68104622F093
:101D180008F80346E362079BDA68114B1B69134412
:101D280003F10802079BDA60079B18689DF80730E3
:101D380001220B49FFF76CFA0246079B5A60079B82
:101D48005B68002B01D0002307E0079B1B7A012B5F
:101D580002D1079B1B7C00E00123184608B010BD88
:101D6800A815002000B587B0039002910093134690
:101D78008DF80730009B05939DF80730032B42D060
:101D8800029B19680DF11303254A0398FFF772FDAA
:101D98000246059B5A60059B5B68002B33D19DF872
:101DA8001330032B2FD01E4B5A68029B5B689A4254
:101DB80029D1059B1B7A012B0CD1029B1A69059B23
:101DC800DB681A44039B5B699A4203D9059B00228E
:101DD8001A7418E0059BDA68029B1B69134403F127
:101DE8000802059BDA609DF80730012202990398E2
:101DF800FFF70EFA0246059B5A60059B5B68002BAD
:101E080001D0002307E0059B1B7A012B02D1059B1B
:101E18001B7C00E00123184607B05DF804FB00BFF7
:101E2800A815002000B58FB001900B468DF803303F
:101E3800019B5B6A1946019821F094FE0D90019B65
:101E4800DB6B5B6907A905220D98984707AB184615
:101E580023F07BFE03468DF833309DF83330012B99
:101E680001D100234FE0019B0293002303939DF8C7
:101E780003308DF810300023059301238DF81830B6
:101E8800019B9A6A019BDB6A9A4212D1019B9B6A69
:101E98001946019821F045FF0246019BDA62019B31
:101EA8001A6B019B5B6CD31A03F11402019B1A6332
:101EB80014E0019B1B7C83F00103DBB2002B07D0ED
:101EC800019B083302AA1249184600F093FD05E069
:101ED80002AB104A01210198FFF74AFE039B002B31
:101EE80010D19DF81830002B0CD0019B5B6A194665
:101EF800019821F037FE0D90019BDB6B0D99184678
:101F080023F0B3FD039B18460FB05DF804FB00BF38
:101F18003D1C00086D1D000800B585B00190019BAF
:101F28001B7C83F00103DBB2002B07D0019B083335
:101F3800019A2049184600F05DFD05E000231E4A7D
:101F480001210198FFF714FE019B5B6A194601986D
:101F580022F075FC0390039B01330393019B5B6A9A
:101F6800039A1946019822F0CDFC0290029B002B9F
:101F780008D1019B1A6B019B5B6C1344A3F11402FB
:101F8800019B1A63019B9B6A1946019821F0C9FEBF
:101F98000246019B9A62019B9B6A1946019821F0AF
:101FA800EFFD0246019B5A62029B184605B05DF898
:101FB80004FB00BF434902088549020800B583B005
:101FC8000190019B0833184600F048FC0023044A9E
:101FD80000210198FFF7CCFD00BF03B05DF804FBBA
:101FE800A150020810B586B001900091644B1B689F
:101FF8000493634B00221A60019B002B01D121231B
:1020080019E1019B93F83430002B2BD0009B1A6800
:10201800019B1B689A4223D1009B5A68019B5B680D
:102028009A421DD1009B9A68019B9B689A4217D1DE
:10203800009BDA68019BDB689A4211D1009B1A6900
:10204800019B5B699A420BD1009B9A69019BDB6BF0
:102058009A4205D1009B5A69019B9A610023EAE0E4
:102068005D23E8E0019B9B6B0393502200210198BC
:102078002FF0C4F9019B039A9A63009B1A68019B8D
:102088001A60009B5A68019B5A60009B1A69019B61
:102098005A61009B5A69019B9A61019B03F10800F0
:1020A800009B9968009BDB681A4600F0C5FB009B03
:1020B8009A69019BDA63009B9B699B68019A40328D
:1020C800104698470590059B002B0CD1019B5B6C33
:1020D800002B08D0019B5A68019B5B6CB2FBF3F2A2
:1020E800019BDA6102E0019B0022DA61019B93F80F
:1020F8004330002B01D121239DE0019B5B6C002B19
:1021080003D0019BDB69002B01D15B2393E0019B8A
:102118001B681A46019B5B6CB2FBF3F101FB03F3EE
:10212800D31A002B01D0592385E0019B5B68019AE3
:10213800526CB3FBF2F101FB02F29B1A002B01D0A7
:10214800592378E0019B5C68019821F0B2FC0346B2
:102158009C4201D25A236EE0019B5B69B3F5805F14
:1021680001D95F2367E0019B5B69CB2B01D85F2313
:1021780061E0019B5B6CB3F5007F03D25B235AE0FF
:10218800300F00200321019823F057F8019BDB6BE7
:102198001B68019A1068019A526811469847059081
:1021A800019BDB6BDB6802209847059B002B0CD159
:1021B8000499019822F088FF0590059B642B04D1AF
:1021C8000499019822F080FF0590019B5B6C143BF9
:1021D8000293059B002B0CD1019B1B6A029A02FB00
:1021E80003F4019821F065FC03469C4201D25A236E
:1021F8000593059B002B0CBF01230023DAB2019B3A
:1022080083F83420019B93F83430002B04D00B4B17
:102218001B680133094A1360059B002B07D1019BFA
:102228001A68019B5B681946104623F077F90198F4
:1022380023F016F8059B184606B010BD340F002091
:1022480000B589B0059004910392029301238DF89B
:102258001B30059B002B01D121234FE0059B93F8F0
:10226800343083F00103DBB2002B01D0112345E0A9
:10227800049821F0F7FD034683F00103DBB2002B3D
:1022880001D029233AE00221059822F0D6FF0DF16A
:102298001A031C4A04990598FFF7ECFA0790079B64
:1022A800002B1AD19DF81A30012B16D1154B1B693A
:1022B800029A9A4211D101230193124B0093029B77
:1022C80000220399059822F02EF80790079B002B0F
:1022D80014BF012300238DF81B309DF81B30002B01
:1022E80008D001230093029B039A04990598FFF7ED
:1022F80069F80790059822F0B3FF079B184609B0C4
:102308005DF804FB7C15002000B589B005900491A8
:1023180003920293059B002B01D1212348E0059BE2
:1023280093F8343083F00103DBB2002B01D0112382
:102338003EE0049821F096FD034683F00103DBB2EA
:10234800002B01D0292333E00121059822F075FFE5
:102358000DF11B03184A04990598FFF78BFA0790AB
:10236800079B002B20D19DF81B30012B13D1124B5A
:102378001B69029A9A420BD1002301930E4B0093DA
:10238800029B00220399059821F0CDFF07900BE0EE
:102398006323079308E09DF81B30022B02D16023CA
:1023A800079301E02D230793059822F059FF079B17
:1023B800184609B05DF804FB7C15002000B589B00B
:1023C8000590049103920293059B002B01D12123D0
:1023D8004AE0059B93F8343083F00103DBB2002B0D
:1023E80001D0112340E0049821F03CFD034683F01E
:1023F8000103DBB2002B01D0292335E00121059828
:1024080022F01BFF0DF11B03194A04990598FFF7E9
:1024180031FA0790079B002B22D19DF81B30012B26
:1024280015D1134B1A6902990A9B0B449A420BD394
:10243800002301930E4B00930A9B029A0399059877
:1024480021F071FF07900BE06323079308E09DF8E4
:102458001B30022B02D16023079301E02D23079341
:10246800059822F0FDFE079B184609B05DF804FBAD
:102478007C15002000B587B003900291019200936B
:10248800009B00221A60039B002B01D1212340E00E
:10249800039B93F8343083F00103DBB2002B01D0A7
:1024A800112336E0029821F0DDFC034683F0010396
:1024B800DBB2002B01D029232BE00121039822F065
:1024C800BCFE0DF11303154A02990398FFF7D2F9E0
:1024D8000590059B002B16D19DF81330032B12D0C5
:1024E8009DF81330022B06D1019B01221A60009B34
:1024F80004221A6009E0019B00221A60074B1A693E
:10250800009B1A6001E02D230593039822F0A8FE92
:10251800059B184607B05DF804FB00BF7C1500203A
:1025280000B589B003900291009313468DF80730E7
:10253800009B07939DF80730032B0CBF0123002352
:10254800DBB21A46079B1B7E9A4242D1029B1A684D
:10255800079B1B689A423CD3029B1A68079B5B68DF
:102568009A4236D8029B19680DF117031B4A039843
:10257800FFF780F90690069B002B2AD1174B5A6863
:10258800029B5B689A4224D19DF81730032B0CBF3D
:1025980001230023DBB21A46079B1B7E9A4218D1FF
:1025A800079B5B695A1C079B5A61079B1A69079B23
:1025B800DB689A420DD2079B9A68079B1B699B00B0
:1025C8001344029A12681A60079B1B695A1C079BDE
:1025D8001A610123184609B05DF804FBA81500200C
:1025E80000B58DB0039002910192009300230B93E4
:1025F800039B002B01D100233DE0039B93F834306B
:1026080083F00103DBB2002B01D0002333E001216A
:10261800039822F012FE009B04930E9B0593029BE5
:102628000693019B079300230893002309939DF8C1
:102638003C308DF82830039B1B7C83F00103DBB210
:10264800002B07D0039B083304AA0D49184600F055
:10265800D1F905E004AB0B4A00210398FFF788FA8B
:10266800019B002B01D1099B00E0089B0B93039869
:1026780022F0F6FD0B9B18460DB05DF804FB00BF79
:10268800855202082925000800B587B003900291F9
:10269800039B002B01D1212337E0039B93F83430AF
:1026A80083F00103DBB2002B01D011232DE0029847
:1026B80021F0D8FB034683F00103DBB2002B01D0E5
:1026C800292322E00221039822F0B7FD0DF113031C
:1026D800104A02990398FFF7CDF80590059B002B47
:1026E8000DD19DF81330032B09D003230093002349
:1026F800002202990398FEF765FE059001E02D235C
:102708000593039822F0ACFD059B184607B05DF8C9
:1027180004FB00BF7C15002084B001900091019B50
:102728001A68009BDB0013441B680393039BC3F3E5
:102738001303184604B0704784B001900091019BC0
:102748001A68009BDB0013441B680393039B1B0D53
:10275800DBB2184604B0704782B001900091019B2B
:102768001A68009BDB0013445B68184602B0704788
:1027780086B0039002910192039B1A68029BDB00CA
:1027880013441B680593059B1B0D1B050593059AB0
:10279800019B13430593039B1A68029BDB001344B8
:1027A800059A1A6000BF06B0704700BF86B0039054
:1027B800029113468DF80730039B1A68029BDB00D1
:1027C80013441B680593059BC3F3130305939DF8F6
:1027D80007301B05059A13430593039B1A68029B50
:1027E800DB001344059A1A6000BF06B0704700BFAB
:1027F80084B0039002910192039B1A68029BDB004C
:102808001344019A5A6000BF04B0704782B0019027
:102818000091019B1A68009BDB0013444FF0FF32C4
:102828001A60019B1A68009BDB0013444FF0FF32CB
:102838005A6000BF02B0704700B585B0039002919E
:102848000192039B029A1A60039B019A5A600398AB
:1028580000F004F800BF05B05DF804FB00B585B0D2
:1028680001900023039306E003990198FFF7CEFF38
:10287800039B01330393019B5B68039A9A42F3D34A
:10288800019B00221A7200BF05B05DF804FB00BF6F
:1028980000B585B00190009100238DF80B3000231E
:1028A80003931BE0019B1A68039BDB0013441B681E
:1028B800B3F1FF3F0FD003990198FFF72DFF0246B0
:1028C800009B934207D103990198FFF79FFF0123CB
:1028D8008DF80B3008E0039B01330393019B5B6881
:1028E800039A9A42DED300BF00BF05B05DF804FB2F
:1028F80000B587B00390029101924FF0FF33059322
:102908000023049321E0039B1A68049BDB00134413
:102918001B68B3F1FF3F15D004990398FFF7FCFE3D
:102928000246029B93420DD104990398FFF704FFD6
:1029380003461A46019B1A7004990398FFF70CFF87
:10294800059007E0049B01330493039B5B68049A9A
:102958009A42D8D3059B184607B05DF804FB00BF20
:102968002DE9F8430546406800283ED00F469146B9
:10297800984600242B6853F83460013606D0214667
:102988002846FFF7C9FEB84213D068680134A04250
:10299800F0D850B300242A6802E00134A04214D0D1
:1029A80052F834300133F8D13A4621462846FFF729
:1029B800DFFE424621462846FFF7F8FE4A462146F2
:1029C8002846BDE8F843FFF713BFB8F1030F0CD052
:1029D800002403E06B680134A34206D92146284647
:1029E800FFF7AAFE0328F5D1DEE701232B72BDE825
:1029F800F88300BF2DE9F0439046426883B00AB3DC
:102A080005460F4600242B6853F83430013316D09E
:102A180021462846FFF780FE214681462846FFF7D3
:102A28008BFE214606462846FFF796FE4946034692
:102A380032462846CDF80080B84718B16A68013494
:102A48009442E0D303B0BDE8F08300BF08B5054B5E
:102A58001B68054A126811461846FFF7C3FA034671
:102A6800184608BD4C2900206C29002008B532F012
:102A780033FA0346014A136000BF08BD78150020E9
:102A880008B5034B1B68184632F019FA00BF08BD99
:102A98007815002000B583B001900091134B1B6896
:102AA8001A46002101982EF0A9FC019B4FF0FF3235
:102AB8001A60019B009A5A60019B00229A75019B3B
:102AC80000221A61019B4FF0FF329A60019B00229D
:102AD800DA75019B00225A76019B00229A76019BA7
:102AE80000221A7600BF03B05DF804FB34590308CE
:102AF80084B003468DF807309DF80730062B25D89B
:102B080001A252F823F000BF3D2B0008352B000826
:102B18002D2B00084D2B0008452B0008452B0008DD
:102B2800452B000802238DF80F3013E002238DF89F
:102B38000F300FE001238DF80F300BE000238DF8E4
:102B48000F3007E003238DF80F3003E001238DF8E1
:102B58000F3000BF9DF80F30184604B0704700BF13
:102B680000B591B0039002910192009300230F9356
:102B7800009B5B68184622F042FF03465B0303F4A0
:102B88006042009BDB781B0303F480531A44009BCC
:102B98009B78DB0203F400631A44009B1B88C3F391
:102BA8000A0313440E934FF6FF730D93334B0593AB
:102BB8000021019822F0FFFE0346069301210198A7
:102BC80022F0F9FE034607934FF0FF3308930D9B5D
:102BD8001A040E9B1343099310230C93029A0C9B1F
:102BE80013440B93039B9B6905AA02F11001012270
:102BF8000B9898470A900A9B002B01D00A9B0F93C9
:102C080008230C93029A0C9B13440B93039B9B6918
:102C180005AA02F1080101220B9898470A900A9B1D
:102C2800002B01D00A9B0F9304230C93029A0C9B50
:102C380013440B93039B9B6905AA111D01220B9852
:102C480098470A900A9B002B01D00A9B0F930023F8
:102C58000C93029A0C9B13440B93039B9B6905A945
:102C680001220B9898470A900A9B002B01D00A9BD7
:102C78000F930F9B184611B05DF804FB01009AB240
:102C880008B500BF0421044823F057F80346002B79
:102C9800F8D100BF00BF08BD8440005008B5FFF759
:102CA800EFFF044BD3F884309B0903F00303DBB236
:102CB800184608BD00400050034B5B6A024A23F0E7
:102CC8000103536200BF704700000850054BDB69E1
:102CD80003F48033002B14BF01230023DBB2184612
:102CE800704700BF00000350024B0022DA6300BFA8
:102CF800704700BF00000350024B41F67132DA639F
:102D080000BF704700000350014B5B6818467047CE
:102D18000000035082B00190024A019B536000BF3B
:102D280002B070470000035084B001900023039361
:102D3800019BB3F5607F21D0019BB3F5607F34D848
:102D4800019BB3F5207F29D0019BB3F5207F2CD8B8
:102D5800019BB3F5007F19D0019BB3F5007F24D800
:102D6800019B002B03D0019BB3F5C07F1DD1124BF3
:102D78001B6F1B0B03F00F03039317E00E4BD3F8E5
:102D880080301B0903F0030303930FE00A4BD3F8C9
:102D980090301B0E03F01F03039307E0064B1B6FD5
:102DA8009B0A03F00103039300E000BF039B013378
:102DB800184604B0704700BF0080005010B584B0BA
:102DC80001900091019BB3F5607F4ED0019BB3F554
:102DD800607F00F2A280019BB3F5207F00F08D8018
:102DE800019BB3F5207F00F29880019BB3F5007F2B
:102DF80071D0019BB3F5007F00F28F80019B002BFF
:102E080004D0019BB3F5C07F40F08780009B012B65
:102E18000AD0009B022B07D0009B042B04D0009BF8
:102E2800082B01D0009B102B22F0CAFF22F0C0FF14
:102E380001F016FB3C4B1B6F23F47042009B013BD7
:102E48001B03394913430B6732F070F80446FFF748
:102E580025FF0346C3F102031946204622F094FFDA
:102E680001F07EFE01F008FB5AE0304BDB6803F00E
:102E78008073002B14BF012300238DF80F309DF8B9
:102E88000F30002B05D0294BDB68284A23F08073CC
:102E9800D360009B012B07D0009B022B04D0009B22
:102EA800032B01D0009B042B1F4BD3F8803023F059
:102EB8003002009B013B1B011B491343C1F88030C2
:102EC8009DF80F30002B2AD0184BDB68174A43F0C7
:102ED8008073D36023E0009B002B01D0009B202B44
:102EE800114BD3F8903023F0F852009B013B1B069E
:102EF8000D491343C1F8903012E0009B012B01D01B
:102F0800009B022B084B1B6F23F48062009B013B44
:102F18009B02054913430B6702E000BF00E000BFB6
:102F280000BF04B010BD00BF00800050F0ED00E00D
:102F380000B585B001900B468DF80330002303934C
:102F4800019B5B09002B13D0019B5B09012B02D16C
:102F58000F4B03930CE0019B5B09022B02D10D4B35
:102F6800039305E0019B5B09032B01D10A4B0393F3
:102F7800019B03F01F0302939DF803301A46029940
:102F8800039822F0C1FE00BF05B05DF804FB00BF46
:102F980064800050688000506C80005010B584B088
:102FA80001900023039300230293019BB3F5486F1C
:102FB80000F04383019BB3F5486F00F25683019BF1
:102FC800B3F5406F00F00383019BB3F5406F00F247
:102FD8004C83019BB3F5286F00F03583019BB3F553
:102FE800286F00F24283019BB3F5206F00F01F8326
:102FF800019BB3F5206F00F23883019BB3F5186F7E
:1030080000F00F83019BB3F5186F00F22E83019B2C
:10301800B3F5106F00F0F982019BB3F5106F00F261
:103028002483019BB3F5086F00F01983019BB3F566
:10303800086F00F21A83019BB3F5F06F00F0098363
:10304800019BB3F5F06F00F21083019BB3F5E06FBD
:1030580000F0E182019BB3F5E06F00F20683019B6B
:10306800B3F5D06F00F0CB82019BB3F5D06F00F2BF
:10307800FC82019BB3F5C06F00F0BB82019BB3F5E6
:10308800C06F00F2F282019BB3F5B06F00F0A58229
:10309800019BB3F5B06F00F2E882019BB3F5A06F16
:1030A80000F08F82019BB3F5A06F00F2DE82019BD6
:1030B800B3F5806F00F07F82019BB3F5806F00F25B
:1030C800D482019BB3F5607F00F06682019BB3F563
:1030D800607F00F2CA82019BB3F5407F00F04F8207
:1030E800019BB3F5407F00F2C082019BB3F5207FBE
:1030F80000F03982019BB3F5207F00F2B682019B74
:10310800B3F5007F00F02382019BB3F5007F00F246
:10311800AC82019BB3F5807F00F20A82019BB3F574
:10312800807F00F2A28201A252F823F04D350008F8
:1031380073360008733600087336000873360008C3
:1031480073360008733600087336000873360008B3
:1031580073360008733600087336000873360008A3
:103168007336000873360008733600087336000893
:103178007336000873360008733600087336000883
:103188007336000873360008733600087336000873
:103198007336000873360008733600087336000863
:1031A8007336000873360008733600084D3500087A
:1031B8006F3500084D3500086F350008BF35000829
:1031C800BF350008BF350008BF350008BF35000807
:1031D8006F350008E335000887350008FB3500081F
:1031E80007360008873500086F3500086F35000876
:1031F8006F35000873360008733600087336000808
:1032080073360008733600087336000873360008F2
:10321800733600086F3500086F3500086F350008F1
:103228005B3600081F3600086F3500087336000843
:1032380073360008733600087336000873360008C2
:1032480073360008733600087336000873360008B2
:103258007336000873360008733600082B360008EA
:10326800BF3500084D3500084D3500084D350008BC
:1032780013360008873500088735000837360008F8
:103288004F360008CB350008D735000873360008DC
:103298007336000873360008733600087336000862
:1032A800433600084D35000873360008BF3500085E
:1032B800BF350008BF350008BF350008BF35000816
:1032C800D7350008D73500086F3500087336000871
:1032D8006F3500086F35000873360008733600082C
:1032E8007336000873360008733600087336000812
:1032F8007336000873360008733600087336000802
:1033080073360008733600087336000873360008F1
:1033180073360008733600087336000873360008E1
:103328007336000873360008733600084335000802
:1033380073360008733600087336000873360008C1
:1033480073360008733600087336000873360008B1
:1033580073360008733600087336000873360008A1
:103368007336000873360008733600087336000891
:103378007336000873360008733600087336000881
:103388007336000873360008733600087336000871
:103398007336000873360008733600087336000861
:1033A8007336000873360008733600087336000851
:1033B8007336000873360008733600087336000841
:1033C8007336000873360008733600087336000831
:1033D8007336000873360008733600087336000821
:1033E8007336000873360008733600087336000811
:1033F8007336000873360008733600087336000801
:1034080073360008733600087336000873360008F0
:1034180073360008733600087336000873360008E0
:1034280073360008733600087336000873360008D0
:1034380073360008733600087336000873360008C0
:1034480073360008733600087336000873360008B0
:1034580073360008733600087336000873360008A0
:103468007336000873360008733600087336000890
:103478007336000873360008733600087336000880
:103488007336000873360008733600087336000870
:103498007336000873360008733600087336000860
:1034A8007336000873360008733600087336000850
:1034B8007336000873360008733600087336000840
:1034C8007336000873360008733600087336000830
:1034D8007336000873360008733600087336000820
:1034E8007336000873360008733600087336000810
:1034F8007336000873360008733600087336000800
:1035080073360008733600087336000873360008EF
:1035180073360008733600087336000873360008DF
:10352800733600087336000873360008EF35000854
:10353800019BB3F5C07F05D097E02FF0E3FE03466B
:10354800039393E02FF0BAFE034603938EE02FF027
:10355800D9FE04464FF40070FFF7E6FB0346B4FBC0
:10356800F3F3039382E02FF0A9FE04464FF4207092
:10357800FFF7DAFB0346B4FBF3F3039376E02FF08F
:103588009DFE04464FF42070FFF7CEFB0346B4FBC4
:10359800F3F35B08039369E002AB0021184601F0DE
:1035A8000BF8029C4FF46070FFF7BEFB0346B4FBB8
:1035B800F3F303935AE003AB0021184601F07AF8BD
:1035C80054E003AB0021184600F098FD4EE003AB31
:1035D8000021184600F0E2FD48E003AB0021184640
:1035E80001F07EFA42E003AB0021184601F0ACFB83
:1035F8003CE003AB0021184601F0B6F836E003AB17
:103608000021184601F008FB30E003AB0021184602
:1036180001F04EFB2AE003AB0021184601F0BAFA8C
:1036280024E003AB0021184600F010FE1EE003ABB7
:103638000021184600F046FE18E003AB00211846AA
:1036480000F08EFE12E003AB0021184600F0D6FE13
:103658000CE003AB0021184601F0C8F806E003AB04
:103668000021184600F0E4FF00E000BF039B184665
:1036780004B010BD00B585B0019000230393019BF1
:10368800B3F5486F00F0D881019BB3F5486F00F29D
:10369800DF81019BB3F5406F00F0B681019BB3F564
:1036A800406F00F2D581019BB3F5286F00F0CA8105
:1036B800019BB3F5286F00F2CB81019BB3F5206F16
:1036C80000F0B481019BB3F5206F00F2C181019B2A
:1036D800B3F5186F00F0A481019BB3F5186F00F2E1
:1036E800B781019BB3F5106F00F07681019BB3F5AC
:1036F800106F00F2AD81019BB3F5086F00F0728185
:10370800019BB3F5086F00F2A381019BB3F5F06F3D
:1037180000F05681019BB3F5F06F00F29981019B8F
:10372800B3F5E06F00F07681019BB3F5E06F00F22E
:103738008F81019BB3F5D06F00F04881019BB3F5F1
:10374800D06F00F28581019BB3F5C06F00F0328124
:10375800019BB3F5C06F00F27B81019BB3F5B06F9D
:1037680000F01681019BB3F5B06F00F27181019BE7
:10377800B3F5A06F00F04281019BB3F5A06F00F292
:103788006781019BB3F5806F00F00881019BB3F559
:10379800806F00F25D81019BB3F5607F00F02881A6
:1037A800019BB3F5607F00F25381019B802B00F2EF
:1037B800C780019B242BC0F04B81019B243B5C2BD1
:1037C80000F2468101A252F823F000BFA539000893
:1037D800A5390008A5390008A5390008A539000849
:1037E800593A000899390008593A0008BD390008C3
:1037F800D5390008593A0008593A0008593A0008DA
:10380800593A0008593A0008593A0008593A000844
:10381800593A0008593A0008593A0008593A000834
:10382800593A0008593A0008593A0008593A000824
:10383800C93900081D3A0008593A0008593A0008E1
:10384800593A0008593A0008593A0008593A000804
:10385800593A0008593A0008593A0008593A0008F4
:10386800593A0008593A0008593A0008293A000814
:10387800A5390008593A0008593A0008593A000889
:10388800E1390008593A0008593A0008353A000861
:103898004D3A0008053A0008113A0008593A00085C
:1038A800593A0008593A0008593A0008593A0008A4
:1038B800413A0008593A0008593A0008A539000861
:1038C800A5390008A5390008A5390008A539000858
:1038D800113A0008113A0008593A0008593A000804
:1038E800593A0008593A0008593A0008593A000864
:1038F800593A0008593A0008593A0008593A000854
:10390800593A0008593A0008593A0008593A000843
:10391800593A0008593A0008593A0008593A000833
:10392800593A0008593A0008593A0008593A000823
:10393800593A0008593A0008593A0008533900081A
:10394800019BB3F5807F2FD082E0444B1B6F03F0BF
:103958000703013B032B17D801A252F823F000BF3D
:103968008B390008793900087F3900088539000843
:10397800052303930BE00323039308E00823039331
:1039880005E00223039302E00023039300BF60E0F5
:1039980003AB1946002001F0A3F85AE003AB19461F
:1039A800002000F087FE54E003AB1946002001F028
:1039B800CBF94EE003AB1946002000F0D5FE48E0F5
:1039C80003AB1946002000F011FF42E003AB194693
:1039D800002001F021F93CE003AB1946002001F07A
:1039E80067F936E003AB1946002000F021FE30E00D
:1039F80003AB1946002000F0DFFD2AE003AB1946AF
:103A0800002000F07BFB24E003AB1946002000F007
:103A1800C5FB1EE003AB1946002001F0BBF818E017
:103A280003AB1946002000F011FC12E003AB194665
:103A3800002000F047FC0CE003AB1946002000F022
:103A48008FFC06E003AB1946002000F0D7FC00E02D
:103A580000BF039B184605B05DF804FB00800050CA
:103A680008B50121022001F0A7FA4FF42070FFF7F2
:103A78005BF90346DAB2054B1A7022F0A1F922F07D
:103A880097F900F0EDFC00BF08BD00BF81240020BD
:103A980010B582B003468DF8073031F047FA044676
:103AA800FFF7FCF80346C3F102031946204622F04B
:103AB8006BF90121002001F051FA9DF80730002B25
:103AC80002D001F04DF806E0054B1B7819464FF47B
:103AD8002070FFF773F900F0CFFC00BF02B010BDF3
:103AE8008124002000B583B0104B5B6E03F4803353
:103AF800002B0CBF012300238DF807300B4B03F577
:103B080080531A464FF480335366FFF7D5F89DF873
:103B18000730002B06D0054B03F500531A464FF427
:103B28008033536600BF03B05DF804FB008000508B
:103B380000B585B001900198FFF79CFD0290029BAB
:103B4800092B07D0029B092B20D3029B0A3B012B90
:103B58001CD804E0134B1B88ADF80E301BE0124B49
:103B680003F580531A464FF4800353660F4B5B6A84
:103B780003F00103002B04D04FF4FA73ADF80E30B4
:103B880009E04FF6FF73ADF80E3004E04FF6FF730F
:103B9800ADF80E3000BFBDF80E30184605B05DF820
:103BA80004FB00BF0A2B0020008000500040025098
:103BB80000B585B001900198FFF75CFD0290029B6B
:103BC800032B03D0029B052B05D009E00A4B1B8869
:103BD800ADF80E3009E04FF6FF73ADF80E3004E093
:103BE8004FF6FF73ADF80E3000BFBDF80E30184623
:103BF80005B05DF804FB00BF0C2B002000B589B0B0
:103C08000190019800F096FE0790079B002B02D0C8
:103C1800079BB3F1FF3F454B03F580531A464FF41A
:103C2800C0235366424B5B68012B0CD1404B03F514
:103C380000531A460123536000BF3D4B5B6803F0F5
:103C48000203002BF9D18020FFF714FD0346052B52
:103C580005D122F0B5F822F0ABF800F001FC079B83
:103C680023F040730793019B324A934204D0019B8F
:103C7800314A934205D009E0079B43F0007307934C
:103C880004E0079B43F08073079300BF2FF034FBD9
:103C98000690019A069B9A4203D90121019801F0E6
:103CA8005DF900BF254BDB6803F00603002BF9D153
:103CB800224B9B680593214A079B9360079B03F45B
:103CC800F81304931D4B9B6803F4F8130393049AA9
:103CD800039B9A4203D10198FDF748F804E0174A7C
:103CE800059B9360069B01938020FFF7C3FC034666
:103CF800052B0FD131F01AF90290FEF7CFFF0346DA
:103D0800C3F102031946029822F03EF800F028FF9A
:103D180000F0B2FB019A069B9A4203D801210020C9
:103D280001F01CF900BF09B05DF804FB00800050E9
:103D380000C0015040420F0080841E000000015066
:103D480000B585B001908020FFF794FC0346032B53
:103D580000F00C81874B03F580531A464FF480130B
:103D68005366854B45F60E02C3F88020824B03F557
:103D780080531A464FF0A06393627F4B03F50053BC
:103D88001A464FF48033936200BF7B4B9B6D03F45C
:103D98008033002BF9D100BF774B9B6D03F0804334
:103DA800002BF9D1019B1B681A06019B5B681B0558
:103DB8001A43019B1B7B1B041A43019B5B7B1B0360
:103DC8001A43019B9B7B9B011343019AD27B1146AB
:103DD800694A0B431361684B9B6903F00042019BDE
:103DE8001B699B061A43019B5B691B061A43019BCF
:103DF8001B7E1B041A43019B5B7E1B021343019A23
:103E0800927E11465C4A0B4393615B4B1B6A23F01D
:103E18000F03019AD269002A01D1002200E008228A
:103E28001A43019BDB7E9B001A43019BDB695249C5
:103E380013430B62019BDB69002B5CD14E4B9A6AE2
:103E48004E4B1340019A92F8202052011A43019BCD
:103E580093F821301B011A43019B93F82430DB00AF
:103E68001343454A43F48033936200BF424B9A6D33
:103E7800434B1340424A9342F8D13F4B03F58053DA
:103E88001A464FF0807393623B4B1B6923F4700210
:103E9800019B9B681B05384913430B61364B03F59F
:103EA80080531A464FF000439361019B93F82230E8
:103EB80083F00103DBB2002B06D02F4B03F5005330
:103EC8001A464FF080739362019B93F8233083F076
:103ED8000103DBB2002B3FD0274B03F500531A46F2
:103EE8004FF48033936200BF234B9B6D03F08043F4
:103EF800002BF9D130E0019BDB69022B12D11E4B5C
:103F080000221A611C4B00229A6102230393039B2F
:103F18001A03039B1B0213431A464FF47F411948A7
:103F280021F018FF144B9A6A144B1340019A92F827
:103F3800202052011A43019B93F822301B061A4392
:103F4800019B93F82430DB001A43019B93F823303C
:103F58001B04094913438B62019B93F82530002BFE
:103F680005D0054B084AC3F8802000E000BF05B023
:103F78005DF804FB008000500040005AC7FFFEFEB9
:103F8800030001003440005AF1A7FFFF024B93F9E8
:103F980000301846704700BF192B002082B0034636
:103FA800ADF80630034ABDF80630138000BF02B0F2
:103FB800704700BF0C2B002000B587B003468DF872
:103FC8000730002303930023059300230493274B12
:103FD80003F580531A464FF480035366244B02229C
:103FE8005A6000BF224B9B6803F48033002BF9D141
:103FF8009DF80730012B2ED12FF0C4F90390039BB5
:104008001C4A934205D11C4B059345F67A13049339
:1040180017E0039B194A934205D1194B059345F6BE
:104028001A0304930DE0039A13469B0013445B0A9A
:104038000593144B0493039B5B0A049AB2FBF3F3B6
:1040480004930B4A059BD362094A049B1363084BEC
:1040580001225A6202E0064B00225A62044B0022F7
:104068005A6000BF07B05DF804FB00BF0080005035
:104078000040025000F04902D8B80500C0175302AA
:10408800BBCF05006466666600B585B001900198EF
:1040980000F008FA0390039B002B02D0039BB3F1B6
:1040A800FF3F134B03F580531A464FF40023536622
:1040B800039B23F040730393019B0E4A934204D061
:1040C800019B0D4A934205D009E0039B43F000731E
:1040D800039304E0039B43F08073039300BF4FF006
:1040E800B442039B936000BF05B05DF804FB00BFBA
:1040F8000080005040420F0080841E0000B585B04B
:104108000190009100230293234BD3F8203203F04F
:104118000703042B2CD801A252F823F0734100089E
:104128003941000849410008574100086541000825
:1041380002AB0021184600F031F8122303931AE06D
:104148002FF02CF9034602930723039313E030F072
:10415800AEFE034602930A2303930CE02FF098F96E
:10416800034602930923039305E00123039302E026
:104178000023039300BF019B002B02D0029A019BEE
:104188001A60009B002B02D0009B039A1A6000BFA4
:1041980005B05DF804FB00BF0080005000B585B095
:1041A8000190009100230393274BD3F8283103F0A3
:1041B8000703013B052B33D801A252F823F000BFB7
:1041C800E1410008054200081D420008F9410008C5
:1041D800ED410008114200082FF08EF803900523E6
:1041E800029320E02FF088F80390062302931AE048
:1041F8002FF0D4F803900723029314E02FF0C2F8AD
:104208000390032302930EE02FF0BCF803900423DD
:10421800029308E02FF0B0F803900223029302E023
:104228000023029300BF019B002B02D0019B039A3D
:104238001A60009B002B02D0009B029A1A6000BFF4
:1042480005B05DF804FB00BF0080005000B585B0E4
:104258000190009100230393194BD3F8503203F0D7
:104268000303032B06D0032B16D8012B08D0022BEF
:104278000CD011E030F01FFE03900C2302930EE0E7
:1042880030F015FE03900A23029308E02FF000F99E
:1042980003900923029302E00023029300BF019BCD
:1042A800002B02D0019B039A1A60009B002B02D0BE
:1042B800009B029A1A6000BF05B05DF804FB00BFBE
:1042C8000080005000B585B0019000910023029352
:1042D800224BD3F8603203F00703013B032B29D8A4
:1042E80001A252F823F000BF01430008114300085F
:1042F8002F4300082143000802AB0021184600F0B4
:10430800D9F91023039318E002AB0021184600F0F6
:104318002BFA1123039310E02FF040F80346029381
:104328000723039309E02FF027F80346029302239B
:10433800039302E00023039300BF019B002B02D0EC
:10434800029A019B1A60009B002B02D0009B039AE3
:104358001A6000BF05B05DF804FB00BF0080005084
:1043680000B585B00190009100230293224BD3F849
:10437800943203F00703013B032B29D801A252F81A
:1043880023F000BF9D430008AD430008CB4300085D
:10439800BD43000802AB0021184600F08BF910233A
:1043A800039318E002AB0021184600F0DDF9112351
:1043B800039310E02EF0F2FF0346029307230393C2
:1043C80009E02EF0D9FF034602930223039302E08B
:1043D8000023039300BF019B002B02D0029A019B8C
:1043E8001A60009B002B02D0009B039A1A6000BF42
:1043F80005B05DF804FB00BF0080005000B585B033
:104408000190009100230293144BD3F8703203F00B
:104418000303012B02D0022B08D00CE002AB0021D1
:10442800184600F0A1F91123039307E00023029333
:104438001523039302E00023039300BF019B002B85
:1044480002D0029A019B1A60009B002B02D0009BAD
:10445800039A1A6000BF05B05DF804FB00800050A5
:10446800044B03F580531A464FF48033136700BF9B
:10447800704700BF0080005008B58020FEF78EFD11
:104488000346064A934206D8054B03F500531A46DD
:104498004FF48033136700BF08BD00BF005A6202A3
:1044A8000080005084B0019000230393019B384A98
:1044B800934260D0019B364A934261D8019B354AAA
:1044C800934253D0019B334A934259D8019B324AB5
:1044D800934246D0019B304A934251D8019B2F4AC0
:1044E800934239D0019B2D4A934249D8019B2C4ACB
:1044F80093422CD0019B2A4A934241D8019B294AD6
:1045080093421FD0019B274A934239D8019B264AE0
:10451800934212D0019B244A934231D8019B234AEB
:1045280093420AD0019B214A934229D8019B002B30
:1045380028D0019B1E4A934222D11E4BD3F8A030AB
:10454800039320E01B4BD3F8B83003931BE0194BBF
:10455800D3F8BC30039316E0164BD3F8C03003935E
:1045680011E0144BD3F8C83003930CE0114BD3F887
:10457800CC30039307E00F4BD3F8D030039302E01D
:1045880000BF00E000BF039B184604B0704700BF9F
:10459800005A62020048E80180BA8C01C0EA210191
:1045A8000024F400405DC60000093D0080841E0020
:1045B80040420F000080E00F00B585B001900091E7
:1045C80000230393194BD3F8803003F00303032B24
:1045D80012D0032B16D8012B02D0022B06D011E0E3
:1045E8002EF090FE03900E2302930EE02EF0D6FEDE
:1045F80003900723029308E02EF07EFE0390062323
:10460800029302E00023029300BF019B002B02D01B
:10461800019B039A1A60009B002B02D0009B029A10
:104628001A6000BF05B05DF804FB00BF00800050B1
:1046380000B585B001900091002303931C4BD3F87B
:10464800003103F00303032B1FD801A252F823F013
:104658008D4600086946000875460008814600082E
:104668002EF090FE03900323029311E02EF010FF2A
:104678000390092302930BE02EF08AFE039008238F
:10468800029305E00123029302E00023029300BF96
:10469800019B002B02D0019B039A1A60009B002B00
:1046A80002D0009B029A1A6000BF05B05DF804FBB7
:1046B8000080005000B585B001900091002303935D
:1046C800284BD3F8203103F00703062B37D801A273
:1046D80052F823F029470008F94600080547000862
:1046E8001D470008114700082F4700083B470008EE
:1046F8002EF002FE03900523029323E02EF042FEE3
:104708000390032302931DE02EF048FE0390072335
:10471800029317E02EF030FE03900223029311E07B
:10472800012302930EE02EF0E7FD03900623029387
:1047380008E02EF027FE03900423029302E00023F2
:10474800029300BF019B002B02D0019B039A1A60C1
:10475800009B002B02D0009B029A1A6000BF05B094
:104768005DF804FB0080005000B585B00190009111
:10477800002303931C4BD3F8403103F00303032BAE
:104788001FD801A252F823F0C5470008A147000826
:10479800AD470008B947000830F089FB03900A23A9
:1047A800029311E02EF074FE0390092302930BE0AC
:1047B80030F081FB03900C23029305E00123029360
:1047C80002E00023029300BF019B002B02D0019B53
:1047D800039A1A60009B002B02D0009B029A1A6071
:1047E80000BF05B05DF804FB0080005000B585B03F
:1047F80001900091002303931C4BD3F8603103F020
:104808000303032B1FD801A252F823F049480008DC
:1048180025480008314800083D48000830F047FBAB
:1048280003900A23029311E02EF032FE039009232D
:1048380002930BE030F03FFB03900C23029305E05A
:104848000123029302E00023029300BF019B002B87
:1048580002D0019B039A1A60009B002B02D0009B98
:10486800029A1A6000BF05B05DF804FB0080005092
:1048780084B0019000914FF440130393009B002BE8
:104888000AD1019B0D4A934203D94FF48013039335
:104898000FE0002303930CE0009B002B09DD019B34
:1048A800074A934203D94FF48013039301E000238E
:1048B8000393039B184604B0704700BF005A620276
:1048C800002D310100B585B001900091184B03F51A
:1048D80080531A464FF4803393660020FEF724FA7B
:1048E8000246019B02FB03F30193FEF7EFF903462F
:1048F8008DF80F30FEF700FAFEF706FA034623F4A8
:104908004013029300990198FFF7B2FF0246029BF9
:10491800134302930298FEF7FDF99DF80F30002B20
:1049280001D0FEF7E1F900BF05B05DF804FB00BF58
:104938000080005084B0019000230393019B594AE2
:10494800934200F0A380019B564A934200F2A38051
:10495800019B554A934200F09480019B524A93422E
:1049680000F29980019B514A934200F08580019B97
:104978004E4A934200F28F80019B4D4A934276D073
:10498800019B4B4A934200F28680019B494A93421D
:1049980068D0019B474A93427DD8019B464A93427F
:1049A8005BD0019B444A934275D8019B434A93428A
:1049B8004ED0019B414A93426DD8019B404A934295
:1049C80042D0019B3E4A934265D8019B3D4A93429F
:1049D80036D0019B3B4A93425DD8019B3A4A9342A9
:1049E8002AD0019B384A934255D8019B374A9342B3
:1049F8001ED0019B354A93424DD8019B344A9342BD
:104A080012D0019B324A934245D8019B314A9342C6
:104A18000AD0019B2F4A93423DD8019B002B3CD0E2
:104A2800019B2D4A934236D12C4B9B6D039335E065
:104A38002A4B5B6E039331E0284B1B6F03932DE0E9
:104A4800264B5B6F039329E0244B9B6F039325E070
:104A5800224BD3F88030039320E0204BD3F88430E6
:104A680003931BE01D4BD3F88830039316E01B4BD0
:104A7800D3F88C30039311E0184BD3F8903003939C
:104A88000CE0164BD3F89430039307E0134BD3F89C
:104A98009830039302E000BF00E000BF039B184674
:104AA80004B0704700B4C4040090D003007E5603DD
:104AB800006CDC0280D543020048E80180BA8C0112
:104AC800C0EA21010024F400405DC600C0CF6A009E
:104AD80000093D0080841E0040420F000080E00F66
:104AE80000B585B001900091002302931B4BD3F8C9
:104AF800803103F00303032B0ED0032B1AD8012BAC
:104B080002D0022B0FD015E002AB00211846FFF7A8
:104B1800D1FD1023039310E02EF040FC03460293CE
:104B28000723039309E02EF027FC03460293022390
:104B3800039302E00023039300BF019B002B02D0E4
:104B4800029A019B1A60009B002B02D0009B039ADB
:104B58001A6000BF05B05DF804FB00BF008000507C
:104B680000B583B0022301934FF4C070FEF716FA24
:104B78000346074A934201D80123019301994FF450
:104B88002070FEF71BF900BF03B05DF804FB00BFFF
:104B980080F0FA0200B585B00190009100230393DC
:104BA8001C4BD3F8403203F00303032B1FD801A298
:104BB80052F823F0F14B0008CD4B0008D94B000800
:104BC800E54B000830F073F903900A23029311E0D3
:104BD8002EF05EFC0390092302930BE030F06BF992
:104BE80003900C23029305E00123029302E00023C3
:104BF800029300BF019B002B02D0019B039A1A600D
:104C0800009B002B02D0009B029A1A6000BF05B0DF
:104C18005DF804FB0080005000B585B0019000915C
:104C280000230393214BD3F8003203F00703042B2E
:104C380029D801A252F823F0894C0008554C0008E5
:104C4800614C00086D4C0008794C000830F02FF9D1
:104C580003900A23029319E02EF01AFC039009230B
:104C6800029313E030F027F903900C2302930DE030
:104C78002EF024FB03469B0A03930F23029305E0BF
:104C88000123029302E00023029300BF019B002B43
:104C980002D0019B039A1A60009B002B02D0009B54
:104CA800029A1A6000BF05B05DF804FB008000504E
:104CB80000B585B00190009100230393214BD3F8F0
:104CC800083203F00703042B29D801A252F823F075
:104CD800214D0008ED4C0008F94C0008054D00086E
:104CE800114D000830F0E3F803900A23029319E00D
:104CF8002EF0CEFB03900923029313E030F0DBF88B
:104D080003900C2302930DE02EF0D8FA03469B0A79
:104D180003930F23029305E00123029302E000238B
:104D2800029300BF019B002B02D0019B039A1A60DB
:104D3800009B002B02D0009B029A1A6000BF05B0AE
:104D48005DF804FB0080005000B585B0019000912B
:104D580000230393114B1B6803F00403002B06D0B8
:104D68002EF0ACFA034603930D23029305E002AA42
:104D780003AB11461846FFF7F7FC019B002B02D046
:104D8800039A019B1A60009B002B02D0029A009B99
:104D98001A6000BF05B05DF804FB00BF10E000E03A
:104DA800024B034A1A6400BF704700BF00800950D5
:104DB8003254FFFF024B4AF6CD321A6400BF7047E7
:104DC8000080095082B0019000BF054B5A6B019BCF
:104DD8001340002BF9D100BF00BF02B0704700BFDD
:104DE8000080095008B500BF0421044820F0F2FFF4
:104DF8000346002BF8D100BF00BF08BD8440005017
:104E080008B5FFF7EFFF044BD3F884309B0903F094
:104E18000303DBB2184608BD0040005082B0019081
:104E2800044B03F500531A46019BC2F8203400BF17
:104E380002B0704700C0035000B583B00190019BD9
:104E48001A78054B1A700121002000F087F800BF7E
:104E580003B05DF804FB00BF2C16002082B001905F
:104E6800064B5B6F23F44072019B5B781B0203497E
:104E780013434B6700BF02B0704700BF00400050AB
:104E880000B583B003468DF80730124B1B69114AF1
:104E980043F0040313612FF0DDF920F0B6FF0E4B49
:104EA8005B6E03F08063002B02D00C48FFF7B6FF5F
:104EB80030BF20F0ACFF05F017FF9DF8073083F0F6
:104EC8000103DBB2002B01D030F036F800BF03B08D
:104ED8005DF804FB00ED00E0008000500000FF0FCB
:104EE80000B583B003468DF80730104B1B690F4A95
:104EF80043F0040313610E4B5B6E03F08063002BD9
:104F080002D00C48FFF78AFF2FF0A4F930BF05F054
:104F1800EBFE9DF8073083F00103DBB2002B01D0D4
:104F280030F00AF800BF03B05DF804FB00ED00E0C4
:104F3800008000500000FF0F82B00190064BDB6E2E
:104F480023F03003019A12791146034A0B43D366C2
:104F580000BF02B0704700BF0040005000B585B0E8
:104F680001900B468DF80330019B002B03D12EF0E6
:104F7800C9F9039001E0019B03930D4B1B78002BAB
:104F88000AD0039B0B4A934206D89DF80330194672
:104F9800012000F011F806E09DF8033019460220C0
:104FA80000F00AF800BF00BF05B05DF804FB00BFC1
:104FB8002C160020005A620210B586B003460A4635
:104FC8008DF8073013468DF80630FFF719FF0346B2
:104FD8001A469DF80730934240D02EF093F9059079
:104FE800059B04939DF80730012B03D101210598F7
:104FF80020F0CAFE2FF070FF03901A4B03F5005300
:105008001A464FF0007353669DF80730184620F093
:1050180004FF144C9DF80730184620F0E8FE0346BC
:10502800236702E00F4BD3F884300E4B5B6E03F01E
:105038000073002B06D10B4BD3F8843003F0200308
:10504800002BEFD003982FF03AFF9DF80730022B82
:1050580005D10021059820F097FE00E000BF06B0BA
:1050680010BD00BF0040005000B587B003468DF862
:1050780007300023059300230493404B03F5805326
:105088001A464FF0004353663D4B5B6C03F0010337
:10509800002B14BF012300238DF80F30FFF78AFE81
:1050A8009DF80730002B28D10120FFF78BFE344BE9
:1050B8005B6803F001030293029B002B50D0304B36
:1050C80003F500531A460123536002E0049B0133A1
:1050D80004932B4B1B6B03F00103002B03D1049BA0
:1050E800284A9342F2D9049B264A934238D9072387
:1050F800059335E0049B01330493214B1B6B03F0AC
:105108000803002B03D0049B1E4A9342F2D9049B48
:105118001C4A934202D90723059321E0184B03F553
:1051280000531A4620239362154B03F580531A4601
:10513800012353600023049302E0049B013304938A
:105148000F4B9B6A03F02003002B03D1049B0D4AED
:105158009342F2D9049B0B4A934201D90723059342
:105168009DF80F30002B01D0FFF71AFE2BF0B1FB92
:10517800059B184607B05DF804FB00BF008000508F
:10518800008009503F420F0000B585B00190254BC3
:1051980003F580531A464FF000435366224B5B6C6D
:1051A80003F00103002B14BF012300238DF80F30F7
:1051B800FFF700FE019B5B785B001C4A43F001038C
:1051C800D3630B20FFF7FEFD174B5B6823F4F872DF
:1051D800019B9B781B01144913434B60019BDB78AF
:1051E8001B02019A527911460F4A0B439360019BA7
:1051F8001B791B02019A927911460B4A0B431361E2
:10520800019B1B781846FFF72FFF9DF80F30002BE6
:1052180001D0FFF7C5FD2BF05CFB0123184605B054
:105228005DF804FB008000500080095000400050E9
:1052380000B585B0019000238DF80F3000238DF85C
:105248000E30019B0F2B01D90F2301931E4B5B6E70
:10525800DB0F8DF80E301C4B03F580531A464FF0C8
:1052680000435366194B5B6C03F00103002B14BF1A
:10527800012300238DF80F30FFF79CFD8020FFF7F6
:10528800A1FD124B1B6A23F00F021049019B134327
:105298000B629DF80F30002B01D0FFF781FD9DF8C0
:1052A8000E3083F00103DBB2002B06D0064B03F56A
:1052B80000531A464FF0004353662BF00AFB00BF19
:1052C80005B05DF804FB00BF008000500080095065
:1052D80000B585B003468DF8073000238DF80F30F0
:1052E80000238DF80E301F4B5B6EDB0F8DF80E30F0
:1052F8001C4B03F580531A464FF0004353661A4B74
:105308005B6C03F00103002B14BF012300238DF80D
:105318000F30FFF74FFD8020FFF754FD124B1B6A3B
:1053280023F4F8529DF807301B020F4913430B6210
:105338009DF80F30002B01D0FFF732FD9DF80E309D
:1053480083F00103DBB2002B06D0064B03F50053B4
:105358001A464FF0004353662BF0BBFA00BF05B066
:105368005DF804FB0080005000800950094B03F5EC
:1053780080531A464FF480339366074B41F67132D7
:10538800DA63054B03F500531A460123D36000BFC7
:10539800704700BF00800050000003500A4B41F6E0
:1053A8007132DA63084B03F500531A460123D360C0
:1053B800054B0022DA63054B03F500531A464FF4F8
:1053C8008033936600BF7047000003500080005090
:1053D80084B0019000230393019B372B00F298803F
:1053E80001A252F823F000BFD1540008D754000896
:1053F80019550008195500081955000819550008CD
:1054080019550008195500081955000819550008BC
:1054180019550008195500081955000819550008AC
:10542800195500081955000819550008195500089C
:105438000D5500081955000813550008195500089E
:10544800195500081955000819550008195500087C
:10545800195500081955000819550008195500086C
:10546800195500081955000819550008DD54000899
:10547800E3540008E9540008EF54000819550008DF
:10548800195500081955000819550008195500083C
:10549800195500081955000819550008195500082C
:1054A800195500081955000819550008195500081C
:1054B800F55400081955000819550008FB54000850
:1054C80001550008075500080023039321E0032332
:1054D80003931EE0012303931BE00223039318E0C8
:1054E8000423039315E00523039312E00623039393
:1054F8000FE0092303930CE00A23039309E00B232D
:10550800039306E00723039303E00823039300E0D3
:1055180000BF039B184604B0704700BF84B00190D9
:105528000091009B0393019B372B72D8019B212B81
:105538000CD2019B142B5ED0019B142B69D8019BC4
:10554800012B32D0019B122B47D062E0019B213BFB
:10555800324A22FA03F303F00103002B14BF01239C
:105568000023DBB2002B54D0009B042B1BD801A2D4
:1055780052F823F091550008975500089D550008EA
:10558800A3550008A9550008002303930CE0012344
:10559800039309E00223039306E00323039303E044
:1055A8000423039300E000BF34E0009B022B0FD0DC
:1055B800009B022B0FD8009B002B03D0009B012BD4
:1055C80003D008E00023039306E00123039303E0DC
:1055D8000223039300E000BF1CE0009B012B03D0D3
:1055E800009B042B03D005E00023039302E0012372
:1055F800039300BF0EE0009B022B03D0009B052BFA
:1056080003D005E00023039302E00123039300BFC6
:1056180000E000BF039B184604B070470F007200FB
:1056280000B585B001900B468DF803301346ADF8F0
:105638000030BDF800301B0A03F07F030393BDF868
:10564800003003F0070302939DF80330002B0BD1C1
:10565800039B1A02029B13430E4943F44022019B09
:10566800063341F8232011E002990398FFF756FF0B
:1056780002900398FFF7ACFE0390039B1A020549BA
:10568800029B1A43019B163341F8232000BF05B043
:105698005DF804FB0080035084B001900B468DF840
:1056A80003301346ADF800300E4B0393BDF80030BD
:1056B8000293029B23F00303039A13440393BDF858
:1056C8000030002B0BD09DF80330002B03D1039B37
:1056D800019A1A6003E0019B1A02039B1A6000BF3B
:1056E80004B0704700800350054B03F580531A46F9
:1056F8004FF480335366034B9B691846704700BFCD
:105708000080005000000850F0B482B00E4B9B6C33
:1057180001930D4BDB6C00221E4617464FF000022A
:105728004FF0000333000022019E0027304639461F
:1057380042EA000443EA010522462B461046194670
:1057480002B0F0BC704700BF0080E00F82B0074B8A
:105758009B68DBB20193019B0A3303F01F0301220C
:1057680002FA03F3184602B0704700BF0080E00F4A
:10577800024BD3F810331846704700BF00C00350DF
:1057880082B00190019B1B78002B0AD0019B1B78EB
:10579800012B06D0019B1B78022B02D0019B1B78A2
:1057A800032B019B5B781A460849019B1B78184616
:1057B800012303FA02F203465B0003441B010B4476
:1057C80003F501531A6000BF02B0704700C00350D0
:1057D80084B00190019B1B78002B0AD0019B1B7899
:1057E800012B06D0019B1B78022B02D0019B1B7852
:1057F800032B0D4A019B1B7819460B465B000B4493
:105808001B01134444331B68019A5278D34003F0B8
:105818000103002B14BF012300238DF80F309DF8DE
:105828000F30184604B0704700C0035082B0019092
:10583800044B03F580531A46019BC2F8243400BF79
:1058480002B0704700C0035082B00190044B03F5CA
:1058580000531A46019BC2F8243400BF02B07047B7
:1058680000C0035082B00190044B03F500531A4660
:10587800019BC2F8203400BF02B0704700C003503B
:10588800024BD3F824341846704700BF00C00350B9
:1058980082B0064BD3F824340193044BD3F8202468
:1058A800019B1340184602B0704700BF00C0035068
:1058B80084B003468DF807300F4BDB6E03F03003DE
:1058C8000393039B202B13D09DF80730002B08D09F
:1058D800094BDB6E23F03003074A43F01003D3660D
:1058E80007E0054BDB6E044A23F03003D36600E083
:1058F80000BF04B0704700BF0040005000B585B03D
:1059080001900B468DF8033013468DF802300023C2
:105918008DF80F30019B1B78002B0AD0019B1B7858
:10592800012B06D0019B1B78022B02D0019B1B7810
:10593800032BFFF71DFF9DF803300F2B62D801A240
:1059480052F823F08D590008955900089D59000810
:10595800A5590008AD590008B5590008BD590008F7
:10596800C5590008CD590008D5590008DD59000867
:10597800E5590008ED590008F5590008FD590008D7
:10598800055A000800238DF80F303CE001238DF8FC
:105998000F3038E002238DF80F3034E003238DF800
:1059A8000F3030E004238DF80F302CE005238DF8FC
:1059B8000F3028E006238DF80F3024E007238DF8F8
:1059C8000F3020E008238DF80F301CE009238DF8F4
:1059D8000F3018E00A238DF80F3014E00B238DF8F0
:1059E8000F3010E00C238DF80F300CE00D238DF8EC
:1059F8000F3008E00E238DF80F3004E00F238DF8E8
:105A08000F3000E000BF9DF80330002B0AD09DF84E
:105A18000230002B03D001982DF04EFD02E00198D2
:105A2800FFF7AEFE019B5B78072B1BD8019B1B7809
:105A38001A4613465B0013441B011A1D224B1344DC
:105A4800019A527892000F2101FA02F09DF80F1086
:105A5800019A5278920001FA02F20146184620F0A3
:105A6800A1FA1DE0019B1B781A4613465B001344FC
:105A78001B0103F10C02144B1344019A5278083AA3
:105A880092000F2101FA02F09DF80F10019A527846
:105A9800083A920001FA02F20146184620F082FA0A
:105AA8009DF80330002B0AD19DF80230002B03D05B
:105AB80001982DF001FD02E00198FFF761FE00BF9B
:105AC80005B05DF804FB00BF30C0035000B587B0D7
:105AD8000390029113468DF80730039B1B78002B27
:105AE8000AD0039B1B78012B06D0039B1B78022B43
:105AF80002D0039B1B78032B9DF80730002B0AD09C
:105B08009DF80730012B06D09DF80730022B02D0F4
:105B18009DF80730042BFFF72BFE029BB3F1FF3FE4
:105B280001D0029B002B029BB3F1FF3F09D1FFF785
:105B3800A7FE0590039B5B780599184620F09DF910
:105B48000290029BB3F1FF3F00F08680029B002B7E
:105B5800C0F28280029B072B21DC029B9B00032260
:105B680002FA03F1039B1B781A46029B9B0002FA78
:105B780003F31A463B4820F015FA029B9B000322C8
:105B880002FA03F1039B5B7803F00302029B9B007C
:105B980002FA03F31A46344820F004FA23E0029B81
:105BA800083B0493049B9B00032202FA03F1039B26
:105BB8001B781A46049B9B0002FA03F31A462B48EB
:105BC80020F0F0F9049B9B00032202FA03F1039BE7
:105BD8005B7803F00302049B9B0002FA03F31A4666
:105BE800234820F0DFF99DF8073003F00103002B6C
:105BF80005D19DF8073003F00403002B06D0029B63
:105C0800012219461B482FF09CF905E0029B00224F
:105C1800194618482FF095F99DF8073003F002034C
:105C2800002B05D19DF8073003F00403002B06D0A4
:105C3800029B0122194610482FF083F905E0029BC8
:105C4800002219460C482FF07CF90122029B02FA27
:105C580003F31846FFF706FE029B184607B05DF8E7
:105C680004FB00BF00C4035008C4035004C403501D
:105C78000CC4035010C4035014C4035000B583B0BF
:105C880001900091124BD3F83024019BDB4310495B
:105C98001340C1F830340E4BD3F830240199009BDF
:105CA8000B400B491343C1F83034094BD3F82C246B
:105CB8000749019B1343C1F82C340120FFF7F8FD75
:105CC8000198FFF7CFFD00BF03B05DF804FB00BFEC
:105CD80000C0035000BF094B9B6803F00203002B70
:105CE800F9D1064B5B6803F00203002BF3D1034B99
:105CF800DB69002BEFD100BF00BF704700C00A501E
:105D080008B52DF001FC024B02221A6100BF08BD44
:105D180000C00A5000B583B001902DF0F5FB034A8E
:105D2800019B936100BF03B05DF804FB00C00A50FB
:105D380000B583B00190FFF7CDFF0A4B5B68012BDC
:105D480003D100F021F8FFF7C5FF019B1B78002B5A
:105D580001D0012300E00023024AD36000BF03B052
:105D68005DF804FB00C00A5008B5FFF7B3FF054B08
:105D780003F580531A4601235360024B01221A612E
:105D880000BF08BD00C00A5008B5074B5B68012B6F
:105D980008D1FFF7B5FF044B03F500531A4601235A
:105DA800536000E000BF08BD00C00A5084B003463D
:105DB80000918DF80730002303939DF80730002BDE
:105DC80040D1009B1B78002B01D0012300E0002369
:105DD8000393009B5B68002B06D0009B5B681B78D5
:105DE800DB00039A13430393009B5B78002B01D0DD
:105DF800022300E00023039A13430393009B9B684C
:105E0800002B06D0009B9B681B789B01039A1343C9
:105E18000393009B9B78002B01D0042300E0002310
:105E2800039A13430393009BDB68002B06D0009B67
:105E3800DB681B785B02039A13430393034A039BB3
:105E4800936400BF00BF04B0704700BF00C00A5091
:105E580000B585B00190184B03F580531A464FF4EE
:105E68008033536600F08CF80390039B1B0BDBB266
:105E780003F00F03DAB2019B1A70039B1B0CDBB211
:105E880003F00F03DAB2019B5A70039B5B099BB2C4
:105E980003F07F039AB2039B9BB203F00F039BB2FC
:105EA80013439AB2019B5A80019B4FF6FF729A8066
:105EB80000BF05B05DF804FB0080005000B583B05A
:105EC80000238DF8073000F053F80346ADF804308E
:105ED800BDF80430144AA2FB03239B099BB241334B
:105EE800ADF80230BDF80230432B0ED0432B10DC46
:105EF800412B02D0422B04D00BE004238DF807304D
:105F08000BE005238DF8073007E003238DF80730F1
:105F180003E000238DF8073000BF9DF807301846CE
:105F280003B05DF804FB00BFD34D6210F0B482B03B
:105F38000E4B9B6C01930D4BDB6C00221E461746E3
:105F48004FF000024FF0000333000022019E0027AB
:105F58003046394642EA000443EA010522462B4608
:105F68001046194602B0F0BC704700BF0080E00F31
:105F7800024B5B689BB21846704700BF0080E00F79
:105F8800014B9B69184670470000085030B585B032
:105F9800019001982AF0C8FC0390039B002B09D1BB
:105FA800064A019B14461D460FCD0FC495E8030011
:105FB80084E80300039B184605B030BD3016002066
:105FC8008EB001900B468DF803301346ADF80030C3
:105FD800BDF9003047F6FF72934201D1FF23F7E085
:105FE8009DF80330022B00F2F2809DF803307A4AC4
:105FF800D35C012B00F2EB809DF80330764AD35C2A
:10600800DB00764A13440893089B9B780793089B08
:106018001B78012B2BD100230D93089BDB781A46A4
:10602800079BD31A0C9317E00C9A0D9BD31A5B08A5
:106038000C9AD31A0393089B5A68039B5B0013447A
:10604800B3F90030BDF900209A4203DA039B013B03
:106058000C9301E0039B0D930D9A0C9B9A42E3D39A
:106068000C9BDAB2079BDBB21344DBB2B0E0089BAF
:106078005B680693069B002B01D10023A8E0069BD2
:10608800B3F90030BDF900209A4204DD069B1B8855
:10609800ADF800300AE0069BB3F90230BDF90020E4
:1060A8009A4203DA069B5B88ADF80030C823ADF846
:1060B8002E302823ADF82C300023ADF82A30069B6B
:1060C8009B88FF2B0DD1BDF82A3001339BB2ADF868
:1060D8002A30069BDB88ADF82E30069B9B68ADF80E
:1060E8002C30BDF92E20BDF90030D21ABDF92C3064
:1060F80092FBF3F39AB2BDF82A3013449BB2ADF881
:106108002A30089B5B781A46BDF92A309A4203DD8B
:10611800BDF92A30002B05DA089B5B78013B9BB25E
:10612800ADF82A30BDF92A30DB00069A134404334F
:106138000593059B5A68059BB3F902301946BDF9CA
:10614800003001FB03F313440493049B002B02DA91
:106158000023099301E0049B0993099B5C33204ABF
:10616800A2FB03239B090993BDF92A309BB2013393
:106178009BB2ADF82A30BDF92A30089A527893427A
:1061880009DABDF92A30069ADB0013449B881A46BF
:10619800099B9342C6D9BDF92A30013B069ADB0018
:1061A80013449B881A46099B934207D9BDF92A30A4
:1061B800013B069ADB0013449B880993099A079BC5
:1061C8009A4201D2079B0993099BDBB200E00023A6
:1061D80018460EB0704700BF385903083016002023
:1061E800D34D621088B001900B468DF803301346EA
:1061F8008DF802309DF80330022B00F2C1809DF823
:106208000330614AD35C012B00F2BA809DF8033059
:106218005D4AD35CDB005D4A13440693069B1B78FA
:10622800012B26D1069BDB789DF802209A4203D9E0
:10623800069BDB788DF80230069B9B789DF8022040
:10624800D31A8DF802309DF80220069BDB78194698
:10625800069B9B78CB1A9A4202DD00238DF8023008
:10626800069B5A689DF802305B001344B3F900306E
:1062780087E0069B5B680593059B002B01D1444B87
:106288007FE0059B04330493069B9B789DF80220CE
:106298009A4203D8059BB3F9023072E0069BDB787B
:1062A8009DF802209A4203D3059BB3F9003068E0B9
:1062B80000238DF81F30069B5B78013B8DF80F306B
:1062C800049B1B88FF2B14D101238DF81F3010E08D
:1062D8009DF81F300133DB00049A13441A889DF897
:1062E80002309BB29A420BD39DF81F3001338DF8D0
:1062F8001F309DF81F209DF80F309A42E8D300E028
:1063080000BF9DF802304FF47A7203FB02F29DF849
:106318001F30DB0004990B445B68D31A02939DF885
:106328001F30DB00049A1344B3F90230DA0F134428
:106338005B101BB21A46029B13449DF81F20D20023
:1063480004990A44B2F9022093FBF2F30293059BE5
:10635800B3F900301A46029B934203DD059BB3F95B
:1063680000300EE0059BB3F902301A46029B9342B7
:1063780003DA059BB3F9023003E0029B1BB200E08D
:10638800034B184608B070473859030830160020E8
:106398000080FFFF08B50448FFF7F8FD01202AF048
:1063A800C7FA00BF08BD00BFA0590308014B184633
:1063B800704700BF7029002000B587B001AB0022EC
:1063C8001A605A609A60DA601A61064B029301AB50
:1063D80019464FF0FF302AF0F4FA00BF07B05DF815
:1063E80004FB00BF006A180000B595B00390029145
:1063F800009313468DF80730039B002B0DD0029BAA
:10640800002B0AD0169B002B07D0179B002B04D01B
:10641800009B03F00F03002B01D0212368E0039BAE
:1064280013939DF80730002B01D1334A00E0334A1B
:10643800039B1A60039B00225A60039B00229A6008
:10644800039B0022DA6105AB1946029800F068FC4C
:106458001290129B002B01D0129B49E0039B059AD6
:10646800114618462EF0B2FD009913982EF0AEFD95
:106478000FAB1946029800F009FE1290129B002BF0
:1064880001D0129B34E0039B0FAA1146184620F056
:1064980081FA0CAB1946029820F061F81290129B11
:1064A800002B01D0129B23E0039B0CAA114618462F
:1064B80020F070FA169B099301230A93009B43F07E
:1064C80000530B9309AB1946139820F063FA179BF6
:1064D800069301230793009B43F00053089306ABF0
:1064E8001946139820F072FA03982EF043FD0346DC
:1064F800184615B05DF804FB000100040001010412
:1065080000B595B00390029101920093039B002B74
:1065180008D0029B002B05D0019B002B02D0169BB4
:10652800002B01D121237BE0039B139300231293BB
:10653800029B1B68103B102B8CBF01220022D2B299
:10654800002A0BD1384A22FA03F303F00103002B87
:1065580014BF01230023DBB2002B01D121235FE00C
:1065680000BF039B314A1A60039B00225A60039BB9
:1065780000229A60039B0022DA6105AB1946029853
:1065880000F0CEFB1290129B002B01D0129B47E02B
:10659800039B059A114618462EF018FD009913988A
:1065A8002EF014FD0FAB1946029800F06FFD129003
:1065B800129B002B01D0129B32E0039B0FAA1146BD
:1065C800184620F0E7F90CAB194602981FF0C7FFF0
:1065D8001290129B002B01D0129B21E0039B0CAA66
:1065E8001146184620F0D6F9019B099301230A9316
:1065F800009B43F000530B9309AB1946139820F006
:10660800C9F9169B069301230793094B089306AB18
:106618001946139820F0DAF903982EF0ABFC0346DC
:10662800184615B05DF804FB0101010000000404E0
:106638001000002000B59DB00590049103920293CC
:1066480000231B93059B002B08D0049B002B05D02F
:10665800039B002B02D0029B002B01D12123ACE02D
:10666800059B1B6B0F2B0BD9059B2033059A0192B9
:1066780000931023012203990498FFF7B5FE1B909D
:106688001B9B002B40F09880049B1A93049B4D4A57
:106698001A60049B00225A60049B00229A60049BA3
:1066A8000022DA6107AB1946039800F039FB1B900A
:1066B8001B9B002B01D01B9B7FE0049B079A114674
:1066C80018462EF083FC059B1B6B0F2B09D9059BE5
:1066D8001B6B03F00F03103319461A982EF076FC43
:1066E80005E0059B1B6B19461A982EF06FFC17AB3B
:1066F8001946039800F0CAFC1B901B9B002B01D085
:106708001B9B5AE0049B17AA1146184620F042F931
:1067180014AB194603981FF022FF1B901B9B002BFC
:1067280001D01B9B49E0049B14AA1146184620F08F
:1067380031F9059B119301231293234B1393059B66
:1067480010330E9301230F93059B1B6B03F00F036C
:1067580043F000531093059B10330B9301230C93C4
:10676800059B1B6B43F000530D93059B1B6B0F2B75
:106778000ED9139B23F00053139311AB19461A98A3
:1067880020F008F90EAB19461A9820F003F904E036
:106798000BAB19461A9820F0FDF8029B08930123C9
:1067A8000993094B0A9308AB19461A9820F00EF979
:1067B80004982EF0DFFB1B901B9B18461DB05DF85C
:1067C80004FB00BF000004041000002000B5A3B0C3
:1067D800039002910192009300232193039B002BC5
:1067E80008D0029B002B05D0019B002B02D0009BF8
:1067F800002B01D12123DBE0039B1B6B03F00F036C
:106808002093039B1B6B1A09039B196B249B0B4456
:106818001B099A4200F0BB80209A249B134423F062
:106828000F031F93029B1E93029B634A1A60029BED
:1068380000225A60029B00229A60029B0022DA61C1
:1068480004AB1946019800F06BFA2190219B002BAC
:1068580001D0219BACE0029B049A114618462EF009
:10686800B5FB1F991E982EF0B1FB1AAB194601987B
:1068780000F00CFC2190219B002B01D0219B97E07C
:10688800029B1AAA1146184620F084F817AB19463D
:1068980001981FF064FE2190219B002B01D0219BC1
:1068A80086E0029B17AA1146184620F073F8039B4E
:1068B800149301231593414B169314AB19461E9854
:1068C80020F068F8039B1033119301231293209B47
:1068D80043F000531393009B0E9301230F931F9AC9
:1068E800209BD31A43F000531093139B23F00053BB
:1068F800139311AB19461E9820F04CF80EAB1946AD
:106908001E9820F047F800230B9301230C931F9B3C
:10691800103B43F000530D93039B2033089301234E
:106928000993264B0A930D9B43F080430D930D9BCF
:1069380023F000530D930BAB19461E9820F046F830
:1069480008AB19461E9820F041F8039B05930123D4
:1069580006931A4B079305AB19461E9820F036F894
:1069680002982EF007FB2190209A249B1A441F9B23
:10697800D31A1D93039B03F11000249A1D9BD31A6D
:10698800009A13441D9A19462AF043FD09E0039B17
:1069980003F11002209B1344249A009918462AF008
:1069A80038FD039B1A6B249B1A44039B1A63219B93
:1069B800184623B05DF804FB030200041000002011
:1069C80000B591B003900291019200230A93039BB2
:1069D800002B05D0019B002B04D0029B002B01D17A
:1069E800212381E0039B0E93019B03F003030D9386
:1069F800019B23F003030193019B002B2BD0039BE6
:106A08004FF0E0621A60039B00225A60039B002249
:106A18009A60039B0022DA61029B07930123089383
:106A2800019B43F00053099307AB19460E981FF0DA
:106A3800CDFF01990E982EF0C9FA03982EF09AFA14
:106A48000C900C9B002B06D0019A002102982AF08A
:106A5800D5FC0C9B48E00D9B002B44D0039B4FF0CA
:106A6800E0621A60039B00225A60039B00229A602E
:106A7800039B0022DA610AAB0493012305931C4BA4
:106A8800069304AB19460E981FF0A0FF04210E9838
:106A98002EF09CFA03982EF06DFA0C900C9B002BAC
:106AA80009D0019A0D9B13441A46002102982AF036
:106AB800A5FC0C9B18E0029A019B13440B9300233E
:106AC8000F930CE00A9A0F9BDB0022FA03F10B9A52
:106AD8000F9B1344CAB21A700F9B01330F930F9A7E
:106AE8000D9B9A42EED30023184611B05DF804FBC3
:106AF8000400002000B59BB003900291019200931E
:106B0800039B002B08D0029B002B05D0019B002B78
:106B180002D0009B002B01D12123F9E000230022A1
:106B2800019902981FF078FC1990199B002B01D04D
:106B3800199BEDE014AB194601981FF006FC19905B
:106B4800199B002B01D0199BE2E0009BDB68022B0C
:106B580018D0029B1B68704A934204D0029B1B68A2
:106B68006E4A934206D1009B5A69149B9A4209D2F5
:106B78002123CDE0149B5A00009B5B699A4201D9FE
:106B88002123C5E0009B1B68002B01D02123BFE017
:106B9800039B4FF060621A60039B00225A60039BBC
:106BA80000229A60039B0022DA6115AB194602980D
:106BB80000F0B6F81990199B002B01D0199BA7E09B
:106BC800159B23F4F0631593039B159A11461846F9
:106BD8002EF0FCF916AB1946009800F0A1F81990B0
:106BE800199B002B01D0199B92E0039B169A114622
:106BF80018462EF0EBF90BAB1946029800F046FA4E
:106C08001990199B002B01D0199B81E0039B0BAABB
:106C1800114618461FF0BEFE08AB194602981FF031
:106C28009EFC1990199B002B01D0199B70E0039BC7
:106C380008AA114618461FF0ADFE009BDB68002B22
:106C480010D00EAB1946009800F020FA1990199B45
:106C5800002B01D0199B5BE0039B0EAA1146184636
:106C68001FF098FE11AB194601981FF078FC199097
:106C7800199B002B01D0199B4AE0019B9B6803F4E8
:106C88008053002B1AD0019B9B6803F40053002B00
:106C980012D0019BDB691B681793019B1969179A2E
:106CA80013465B0013445B000B441193179B5B0076
:106CB80043F00053139301E0292329E0039B11AA11
:106CC800114618461FF066FE05AB194600981FF0DE
:106CD80046FC1990199B002B01D0199B18E0039BC7
:106CE80005AA114618461FF071FE0023189309E003
:106CF80003982EF03FF91990199B012B06D1189B88
:106D080001331893189B022BF2D900E000BF199B9E
:106D180018461BB05DF804FB200000B0380000B036
:106D280000B589B001900091019B002B02D0009B17
:106D3800002B01D12123A5E1009B00221A60019BB1
:106D48001B6803F07042009B1A60019BDB68032BF1
:106D580024D801A252F823F0716D00087B6D000859
:106D6800896D0008976D0008009B1A68009B1A60DF
:106D780016E0009B1B6843F00062009B1A600FE05E
:106D8800009B1B6843F08062009B1A6008E0009B30
:106D98001B6843F08062009B1A6001E0212371E1C7
:106DA80000230793019B9B6803F08073002B02D09C
:106DB8004FF080730793019B9B6803F00073002BCF
:106DC80002D04FF000730793019B9B6803F0407358
:106DD800B3F1407F02D14FF040730793019BDB680A
:106DE800002B04D1079B002B01D021234AE1009BF3
:106DF8001B6823F04072079B03F040731A43009B03
:106E08001A60019BDB68022B11D1019B1B69032BC4
:106E180001D9212336E1009B1B6823F47F02019BE3
:106E28001B691B0403F47F031A43009B1A60019B30
:106E3800DB68032B11D1019B1B69F62B01D8212399
:106E480020E1009B1B6823F47F02019B1B691B0444
:106E580003F47F031A43009B1A60019B9B6803F4A9
:106E68000043002B05D0009B1B6843F40042009BA5
:106E78001A60019BDB68032B0CD0009B1B6823F472
:106E8800FF4323F07F03019A1268C2F30E021A43EC
:106E9800009B1A60019B9B6803F48043002B14BF7E
:106EA800012300238DF81B30019B9B6803F40053DA
:106EB800002B14BF012300238DF81A30019B9B6817
:106EC80003F48053002B14BF012300238DF81930DD
:106ED800019B9B6803F48063002B14BF01230023EC
:106EE8008DF81830019B1B6803F07043002B2DDAD6
:106EF8009DF81B30002B05D0009B1B6843F4804293
:106F0800009B1A609DF81A30002B05D0009B1B6867
:106F180043F40052009B1A609DF81930002B05D0ED
:106F2800009B1B6843F48052009B1A609DF81B303D
:106F380083F00103DBB2002B08D09DF81A3083F0F0
:106F48000103DBB2002B01D021239BE0019B1B68CE
:106F580003F07043002B10DA019B1B6803F07043A9
:106F6800B3F1404F09D29DF81830002B05D0009B93
:106F78001B6843F48062009B1A60019B1B6803F046
:106F88007043002B0DDB9DF81B30002B07D19DF8BB
:106F98001A30002B03D19DF81830002B01D0212383
:106FA80070E00023029302AB194601981FF0CDF957
:106FB8000590059B002B01D0059B63E0019B1B6896
:106FC80003F070430493049B002B0CD1009B1B68B7
:106FD80023F4FF4323F07F03029AC2F30E021A43FD
:106FE800009B1A601DE0049BB3F1004F0BD0049B7B
:106FF800B3F1204F07D0049BB3F1304F03D0049B6B
:10700800B3F1404F0BD1009B1B6823F07F02029B1A
:10701800013B03F07F031A43009B1A6001E0212320
:1070280030E09DF81930002B2BD0019BDB69002B39
:1070380001D1212326E0049BB3F1004F1FD1019B0E
:10704800DB690393039B1B7F002B09D09DF8183045
:10705800002B05D0009B1B6843F40072009B1A604C
:10706800039B5B7F002B0CD09DF81830002B08D0B9
:10707800009B1B6843F48072009B1A6001E00F2399
:1070880000E00023184609B05DF804FB82B00190C7
:107098000091019B002B02D0009B002B01D12123E2
:1070A80022E0009B01225A60019BDB68022B03D07F
:1070B800019BDB68012B12D1019B9B69002B07D038
:1070C800019B9A69009B1A60009B094A9A600AE032
:1070D800009B084A1A60009B054A9A6003E0009BDF
:1070E8004FF000529A600023184602B0704700BF64
:1070F80008000020206B030800B593B003900291AC
:107108000192039B002B05D0029B002B02D0019B10
:10711800002B01D12123A7E0039B0F930123012218
:10712800019902981FF078F91190119B002B01D05A
:10713800119B99E0029B9B6803F4C043002B01D18B
:10714800212391E0019B9B6803F40053002B05D099
:10715800019B9B6803F48043002B01D0212383E02B
:10716800039B434A1A60039B00225A60039B002238
:107178009A60039B0022DA6104AB19460298FFF774
:10718800CFFD1190119B002B01D0119B6CE0039B4C
:10719800049A114618462DF019FF0CAB19460298AF
:1071A800FFF774FF1190119B002B01D0119B5BE03E
:1071B800039B0CAA114618461FF0ECFB09AB1946B5
:1071C80002981FF0CCF91190119B002B01D0119B54
:1071D8004AE0039B09AA114618461FF0DBFB019BF6
:1071E800DB68002B0BD1019B9B6803F48043002BC9
:1071F80005D1019B9B6803F40053002B01D1212387
:1072080032E008AB194601981FF012F81190119B53
:10721800002B01D0119B27E0019B5A69089B9A42D9
:1072280001D21D2320E0019B1B69059301230693CE
:10723800089B43F00053079305AB19460F981FF0BE
:10724800C5FB0023109309E003982DF093FE1190DD
:10725800119B012B06D1109B01331093109B022B1D
:10726800F2D900E000BF119B184613B05DF804FB8B
:107278000000010282B003468DF807309DF8073000
:10728800062B1FD801A252F823F000BFB1720008E4
:10729800B5720008C5720008B9720008BD7200080E
:1072A800C1720008C9720008DC230CE098230AE0C8
:1072B800A02308E0D82306E0102304E04C2302E0D2
:1072C800182300E00023184602B0704700B58BB0C1
:1072D800019000911F4B0393019B04931E4B059350
:1072E80046F61103069300F01FFA0990099B142B28
:1072F80004D107AB18461FF071FC04E0099B002B72
:1073080001D0099B21E04FF0A84303225A634FF0B4
:10731800A84203AB13604FF0A842009B13614FF0E3
:10732800A84303229A6300BF4FF0A843DB6B03F026
:107338000303002BF8D1099B142B03D107AB184684
:107348001FF064FC00F020FA034618460BB05DF805
:1073580004FB00BF481600200400002010B5BAB096
:1073680002910192009303468DF80F308F4B31AC98
:107378000FCB84E80F00409A019B13445B4203F053
:107388000F0337933D9B002B04D03D9B5B4203F0DA
:107398000F0300E010233693419B2D9301232E9376
:1073A800429B43F000532F93429BC3F110031B02EF
:1073B80003F4F85343F0210330933D9B002B01D194
:1073C80031AB00E0009B29939DF80F3083F0010357
:1073D800DBB2002B04D0429B002B01D02DAB00E088
:1073E80001232A933D9B002B03D03D9B43F0005380
:1073F80002E0369B43F000532B939DF80F30002B8F
:1074080002D1429B002B01D1212200E00122369BB0
:107418001B0203F4F85313432C93029B259329ABC7
:107428002693019B43F000532793379B1B0203F4D9
:10743800F85343F0410328933F9B2193019B002B72
:1074480001D025AB00E029AB2293019B002B01D092
:10745800002201E04FF00052409B13432393019B0D
:10746800002B06D1379B1B0203F4F85343F041036A
:1074780000E0412324933E9B1D9321AB1E934C4B6C
:107488001F9340F6110320939DF80F30002B01D075
:10749800484B00E0484B19931DAB1A93474B1B937D
:1074A80011231C9315AB00221A605A609A60DA60A7
:1074B80001231693429BC3F1100343F080431793B3
:1074C80011AB00221A605A609A60DA609DF80F309A
:1074D80083F00103DBB2002B01D031AB00E0419B0C
:1074E8001193429B102B01D015AB00E0012312939E
:1074F800429B13930DAB00221A605A609A60DA60BF
:10750800429B002B01D011AB00E001230E93369B68
:1075180043F080430F9309AB00221A605A609A60C7
:10752800DA603C9B0993369B002B01D00DAB05E03C
:10753800429B002B01D011AB00E001230A933C9B36
:10754800002B02D14FF0804200E000223D9B134304
:107558000B9305AB00221A605A609A60DA603D9B73
:10756800002B01D009AB00E00DAB0693409A019BBC
:107578001A44379B134443F08043079305AA19AB79
:1075880011461846FFF7A2FE3590359B002B01D017
:10759800359B2BE09DF80F3083F00103DBB2002B05
:1075A80023D0002339930023389315E0306B030868
:1075B80010000020286B03082C6B0308040000202F
:1075C80031AA389B13441B78DBB21A46399B134304
:1075D8003993389B01333893389A429B9A42EFD3B8
:1075E800399B002B01D02C2300E0002318463AB029
:1075F80010BD00BF00B5A3B00390029101920093A3
:10760800029BB3F5807F0AD0029BB3F5807F1CD81C
:10761800029B802B0FD0029BC02B0AD015E0249B25
:10762800002B02D040F2344301E040F2144321938E
:107638000DE00F2358E0249B002B02D04FF4866303
:1076480001E04FF48263219301E029234CE0249B5D
:107658001D9301231E9310231F9321232093259B01
:107668001993249B002B01D01DAB00E001231A9332
:1076780010231B9301231C93019B1593012316933D
:107688001023179321231893194B119315AB1293B9
:10769800184B139342F611031493009B0D9315ABEB
:1076A8000E9310230F9342F61103109321AB099305
:1076B800009B002B01D00DAB00E011AB0A93042313
:1076C8000B9311230C93039B059309AB0693029B21
:1076D800DB08079340F61103089319AA05AB114676
:1076E8001846FFF7F3FD0346184623B05DF804FB80
:1076F800506B03081000001000B583B0094B1B68DD
:10770800002B04D10421074822F091FA0190054B7F
:107718001B68013343F00043024A136000BF03B003
:107728005DF804FB4816002008B5154B5B6E144A3B
:1077380043F004035366124BD3F88032104A43F0E7
:107748000103C2F880320F4B5B68C3F30803002BB8
:1077580009D000BF4FF0A843DB6B03F04303002BB5
:10776800F8D114230AE000BF4FF0A843DB6B03F005
:107778004303002BF8D1FFF7BFFF0023184608BDCD
:107788000080005000ED00E0054B5B68C3F3080380
:10779800002B01D0002300E000231846704700BFEB
:1077A80000ED00E010B582B0019001981FF055FA85
:1077B8000346012202FA03F401981FF043FA034634
:1077C8000F4A52F8232021460A430D4941F8232045
:1077D80001981FF042FA0346012202FA03F3DC4340
:1077E80001981FF02FFA0346064A52F82320214633
:1077F8000A40044941F8232000BF02B010BD00BF71
:107808004C1600206016002010B586B00190019833
:107818001FF023FA0346012202FA03F401981FF02D
:1078280011FA0346164A52F8232021460A431449FE
:1078380041F82320002305930023049309E0114A0B
:10784800049B52F82330059A13440593049B013393
:107858000493049B042BF2D9059B002B0DD1002324
:10786800039307E0064A039B002142F82310039B79
:1078780001330393039B042BF4D900BF06B010BD5A
:10788800601600204C16002010B582B001900198B7
:107898001FF0E3F90346012202FA03F401981FF0EE
:1078A800D1F90346054A52F8232021464A400349A4
:1078B80041F8232000BF02B010BD00BF4C160020C5
:1078C80010B582B0019001981FF0BCF90346094A2F
:1078D80052F8234001981FF0C0F9034624FA03F335
:1078E80003F00103002B14BF01230023DBB2184669
:1078F80002B010BD4C16002010B582B0019001985E
:107908001FF0A0F90346094A52F8234001981FF0D6
:10791800A4F9034624FA03F303F00103002B14BF70
:1079280001230023DBB2184602B010BD6016002008
:1079380082B00190019BA3F50622A2F6FF42074BF5
:10794800A3FB0213D9080B46DB010B44D11A01F53E
:10795800062303F55063184602B07047813FE00FD5
:1079680000B583B0CDE90001DDE900011FF07DF924
:107978000146084BA3FB0123DA081346DB01134435
:10798800CA1A02F5062303F55063184603B05DF8DA
:1079980004FB00BF813FE00F00B5A9B012AB402245
:1079A8000021184629F02AFD02AB40220021184682
:1079B80029F024FD2A4B279347E0279B1033269371
:1079C800269B284A934201D9264B2693264B1868B2
:1079D800269B013B12A90093279B10221DF089FCCE
:1079E8002390002325930BE0259B9B00A0336B4439
:1079F80053F8583C1846FFF7D5FE259B01332593CD
:107A0800259A239B9A42EFD3174B1868269B013B74
:107A180002A90093279B10221DF080FC22900023CE
:107A280024930BE0249B9B00A0336B4453F8983CB1
:107A38001846FFF7E9FE249B01332493249A229BDE
:107A48009A42EFD3279B10332793279B074A9342E9
:107A5800B3D9074B01221A7000BF29B05DF804FBA7
:107A6800006D0800007108004C290020FF70080014
:107A78008224002000B58BB00590049103920293F4
:107A8800039B002B02D0039B00221A60029B002B51
:107A980002D0029B00221A601D4B18681023009325
:107AA8000023049A0599FAF789FC0990099B002B91
:107AB80001D0099B27E0039B002B02D0039B1022D7
:107AC8001A60049B1B68134A934201D0124B1AE0B8
:107AD800039B002B16D0029B002B13D00C4B18686D
:107AE80007AA029B0599FAF7C5FC0890089B002B8A
:107AF80001D0089B07E0029B1A68039B1B68D21AF7
:107B0800029B1A60099B18460BB05DF804FB00BF86
:107B18004C290020105D175EFFDF00F000B589B02A
:107B2800CDE90201009313468DF807300023069330
:107B380000230593DDE90201FFF712FF05904E4B84
:107B48001B7883F00103DBB2002B09D0FAF77EFF24
:107B58000346002B02D06FF0910388E0FFF71CFF6B
:107B68000023049372E00598FFF7AAFE034683F00A
:107B78000103DBB2002B23D00598FFF7BDFE0346B7
:107B8800002B09D0069B002B01D1059B0693059875
:107B9800FFF7CEFE059056E09DF80730002B0CD07D
:107BA800069B002B04D00C9B069A1A6000235EE00B
:107BB8000C9B059A1A60002359E06FF08B0356E07E
:107BC8000B9B0A9A00990598FFF754FF0790079BAB
:107BD8002A4A934202D0079B632B0CD1284B1B687F
:107BE80005991846FAF750FD0790079B002B02D01D
:107BF8006FF08B033BE0079B002B06D0079B214AC5
:107C0800934202D06FF0910331E0009BD3E9022345
:107C1800DDE90201994208BF904204D00598FFF7B8
:107C280087FE05900FE09DF80730002B06D0009BDB
:107C38005B68012B02D16FF0840318E00C9B059A56
:107C48001A60002313E0049B01330493049B802BE8
:107C580089D99DF80730002B07D0069B002B04D04C
:107C68000C9B069A1A60002301E06FF08B031846FC
:107C780009B05DF804FB00BF82240020FFDF00F09C
:107C88004C290020FEDF00F000B58FB0CDE90601D9
:107C980005920493059B002B05D0049B002B02D171
:107CA8006FF086037FE0059B40F26C72934202D925
:107CB8006FF0910377E0109B012B05D0109B002BF0
:107CC80002D06FF085036EE06FF096030D930023EA
:107CD8000893059B0C930C9B10331946012020F048
:107CE8007FFA0B900B9B002B02D16FF08C035AE0AC
:107CF8000C9B10331A4600210B9829F07FFB0B9B35
:107D08000A931EF09BFF08AB029300230193002304
:107D180000930A9B0122DDE90601FFF7FFFE0D90A3
:107D28000D9B002B07D00D9B13F18C0F2DD16FF0FD
:107D38008D030D9329E00A9B1D4A1A600A99DDE913
:107D48000623C1E902230A9B109A5A60059B002B5F
:107D580006D00B9B1033059A0499184629F059FB55
:107D6800144B186808990C9B10330B9AFAF768FAA9
:107D78000990099B002B04D1089B1846FFF712FDB8
:107D880004E06FF091030D9300E000BF0C9B1033EB
:107D98001A4600210B9829F031FB0B9820F016FAAF
:107DA8001EF04EFF0D9B18460FB05DF804FB00BF98
:107DB800105D175E4C29002000B595B0CDE906018D
:107DC80005920493049B002B05D0179B002B02D12E
:107DD8006FF0860383E0049B002B11D0169B002BC9
:107DE8000BD0169BB3F1005F07D3049BC3F100537C
:107DF80003F50023169A934202D26FF086036EE0D1
:107E08006FF0960313930CAB00221A605A609A60C5
:107E1800DA6000230B930023129300230A931EF0C9
:107E28000DFF0CAA09AB02930BAB01930AAB0093AD
:107E380013460022DDE90601FFF770FE1390139B3D
:107E4800002B48D10B9B1293049B002B14D0059A4E
:107E5800129B9A4206D3129B002B03D06FF0860325
:107E6800139339E0129B002B0ED1059B002B0BD0EE
:107E78006FF0860313932FE0059A129B9A4203D959
:107E88006FF08603139327E0129A059BD31A049A7E
:107E98009A4205D9129A059BD21A179B1A6002E0DA
:107EA800179B049A1A60104B186809990A9A059B3F
:107EB8001A44179B1B6800931346169AFAF77EFA22
:107EC8001190119B002B03D06FF09103139303E0E3
:107ED8000023139300E000BF1EF0B2FE139B184668
:107EE80015B05DF804FB00BF4C29002000B591B027
:107EF800CDE904016FF096030F930AAB00221A60D4
:107F08005A609A60DA6000230993002308931EF0F0
:107F180095FE0AAA07AB029309AB019308AB00933D
:107F280013460022DDE90401FFF7F8FD0F900F9BCF
:107F3800002B20D10B9B012B03D16FF084030F93EF
:107F48001AE0114B1B68079A11461846FAF79CFB72
:107F58000E900E9B002B0AD1079B1846FFF794FC46
:107F6800079B1846FFF750FC00230F9304E06FF0BF
:107F780091030F9300E000BF1EF062FE0F9B1846AE
:107F880011B05DF804FB00BF4C29002000B583B098
:107F980001900091019B0B4A934209D100981EF071
:107FA80039FF0346B3F5105F05D06FF0850304E091
:107FB8006FF0850301E000BF0023184603B05DF8A9
:107FC80004FB00BF0044400400B59BB00590049139
:107FD80003920293049B002B17D0039B002B14D011
:107FE8001E9B002B02D11F9B002B0ED11C9B002B2C
:107FF80002D11D9B002B08D1209B002B02D1219B75
:10800800002B02D1229B002B02D16FF0860394E053
:1080180005990298FFF7BAFF1990199B002B01D018
:10802800199B8AE00FAB24220021184629F0E6F9B3
:1080380007AB20220021184629F0E0F90FAB1846BB
:108048001EF0CBF81890189B002B02D06FF092030B
:1080580073E007AB039A0499059800F049FC19905E
:10806800199B002B01D0199B67E007AB18461EF03F
:10807800D8FE1990199B002B01D0199B5DE01F9B1E
:10808800002B04D1229B00221A60002355E0209A7D
:108098001E9B9A4213D91E9A1F9B1344209A9A42F8
:1080A8000DD2219A1F9B9A4202D26FF0860344E0B8
:1080B8001F9A1E99209829F087F9209B1E93029BEE
:1080C800204A934220D1219A1F9B9A4202D26FF0F4
:1080D800860332E01F9B03F00F03002B02D06FF0E2
:1080E80086032AE007A90FA8209B01931E9B0093F3
:1080F8001F9B0022FEF778F91890189B002B06D1D9
:10810800229B1F9A1A6003E06FF0850315E000BFF9
:10811800189B002B10D0219A0021209829F06EF985
:10812800229B00221A60189B012B02D16FF08B034F
:1081380003E06FF0920300E0002318461BB05DF8DF
:1081480004FB00BF0044400410B5CAB04AACA4F513
:108158008E7420604AA8A0F5907001604AA9A1F524
:1081680092710A604AAAA2F5947213603EAB20226B
:108178000021184629F042F936AB20220021184682
:1081880029F03CF92EAB20220021184629F036F9B7
:1081980025AB24220021184629F030F90123499300
:1081A8006FF0960348934AABA3F58C7300221A60CC
:1081B800043380220021184629F020F94AABA3F5A0
:1081C80090731B68002B0ED04AABA3F592731B6803
:1081D800002B08D04C9B002B05D04E9B002B02D0C7
:1081E800509B002B02D16FF08603BAE04AABA3F58F
:1081F800907318681EF02AFE0346ADF81E314AAB8C
:10820800A3F5907318681EF028FE4690BDF81E313D
:1082180003F4E043B3F5804F02D16FF08603A0E08A
:108228004AABA3F58E731A684F4B134043F01063A3
:108238004E4A934202D06FF0850392E0469B073383
:10824800DB084AAAA2F5947212689A4202D26FF029
:10825800860386E0469B0733DB084F9A9A4202D290
:108268006FF089037DE0BDF81E3147F21212934288
:1082780021D1469BB3F5807F06D13D4B369300BF95
:10828800369B002B1AD002E06FF0850369E04C9B07
:10829800591C4D9B5A1E36AB18461EF0FEFD04A90C
:1082A8002EAB842218461EF0F8FD469B0733DB08E8
:1082B8005B002F9302E06FF0850352E000BF3EABF6
:1082C8004AAAA2F594724AA9A1F592714AA8A0F502
:1082D800907012680968006800F00AFB4890489B93
:1082E800002B01D0489B3CE0389B43F40053389363
:1082F80000232E9325AB18461DF06FFF4990499B2C
:10830800002B02D06FF092032BE02EAB36AA3EA9C9
:1083180025A8FEF7EFFB4990499B002B08D0499B05
:10832800482B02D16FF085031BE06FF0860318E03D
:10833800BDF81E3147F2121293420CD1469B073307
:10834800DA0804AB19464E9829F063F804AB842187
:1083580018461EF089FD469B0733DA08509B1A60C1
:10836800002318464AB010BD0000FFF600000209BD
:108378002000008010B5CCB04CACA4F592742060FD
:108388004CA8A0F5947001604CA9A1F596710A60FB
:108398004CAAA2F5987213604CABA3F592731B68B4
:1083A800002B11D04CABA3F594731B68002B0BD09A
:1083B8004CABA3F596731B68002B05D04CABA3F50B
:1083C80098731B68002B02D16FF0860346E16FF0AB
:1083D80096034B934CABA3F5927318681EF07EFD81
:1083E8000346ADF82A31BDF82A3123F4435323F06C
:1083F8003F03B3F5824F03D1BDF82A31DBB200E069
:1084080000238DF829319DF82931122B40F0218164
:10841800BDF82A3123F0FF03B3F5E24F4AD1002318
:1084280047934CABA3F5927318681EF05EFD0246A5
:108438004CABA3F598731B681A604CABA3F5987303
:108448001B681B68002B0AD14CABA3F596731B68FD
:10845800DA004CABA3F598731B681A600FE04CABBD
:10846800A3F598731B681B680733DB084CAAA2F5B1
:10847800967212689A4202D06FF08603EEE04CAB17
:10848800A3F598731B681B68B3F5807F0FD1754BF4
:10849800479300BF4CABA3F596724CABA3F594730E
:1084A8001268479918681EF067FD4B90D4E06FF08A
:1084B8008503D3E0BDF82A3123F0FF03B3F5824FDB
:1084C80040F0CA804CABA3F594731B681B78042B4F
:1084D80002D06FF08603C1E01CAB242200211846AD
:1084E80028F08CFF1CAB18461DF077FE4990499B7D
:1084F800002B02D06FF09203B0E00023259326AB47
:1085080084220021184628F079FF01238DF8943041
:108518004CABA3F59073184620231A46002128F087
:108528006DFF4CABA3F594731B685A1C4CABA3F5B9
:1085380090731A614CABA3F596731B685A1E4CAB2B
:10854800A3F590735A614CABA3F5807318462023AA
:108558001A46002128F052FF4CABA3F5807325AAD8
:108568001A614CABA3F5807388225A6114AB2022A0
:108578000021184628F042FF25AB18938823199349
:108588004CABA3F596731B68013BDB005A084CAB58
:10859800A3F598731B681A6000238DF823314CAB40
:1085A800A3F598731B681B68E02B02D0B3F5807F96
:1085B80036D14CABA3F590732B4A1A604CABA3F59C
:1085C8008073294A1A6000BF4CABA3F590739B686F
:1085D80043F400524CABA3F590739A604CABA3F5EF
:1085E80080739B6843F480424CABA3F580739A6018
:1085F8004CABA3F598731B681B680733DA089DF822
:10860800233113445B00159314AB04AA0CA91CA8CE
:10861800FEF770FA49909DF82331002B10D102E043
:108628006FF086031AE04CABA3F598731B681B68C0
:108638000733DB085A0025AB114618461EF0E8FC44
:10864800499B002B02D06FF0860307E000234B9371
:1086580002E06FF0850301E000BF4B9B18464CB069
:1086680010BD00BF546B03082000008000B58BB01C
:1086780003900291019203981EF037FC03460733DA
:10868800DB080993099B002B06D0099A029B9A42A2
:1086980002D06FF0860324E103981EF01FFC034606
:1086A800ADF8223003981EF012FC079003981EF0D4
:1086B80007FC0690069B1B0A0593202200210198BF
:1086C80028F09CFE059B002B03D0059B012B04D0B2
:1086D80007E0019B0022DA6006E0019B0122DA60D4
:1086E80002E06FF08B03FCE0029B002B02D16FF0DD
:1086F8008603F6E0BDF8223041F20102934209D028
:10870800BDF82230B3F5885F04D0BDF82230B3F548
:10871800905F06D1019B00221A60019B029A5A6061
:10872800B5E0BDF82230B3F5105F1FD1029B202BB6
:1087380011D0029B202B12D8029B102B03D0029B36
:10874800182B04D00BE0019B10221A600AE0019B51
:1087580018221A6006E0019B20221A6002E06FF0DE
:108768008603BEE0019B029A5A6090E0BDF8223071
:1087780023F4435323F03F03B3F5824F40F0848042
:10878800BDF8223023F4435323F03F03B3F5824F5F
:1087980017D1BDF82230DBB2122B12D1029B202B4D
:1087A8000CD1019B514A1A6000BF00BFBDF82230AE
:1087B80023F0FF03B3F5E24F0DD105E06FF0850319
:1087C8008FE06FF085038CE0019B9B6843F4804247
:1087D800019B9A6010E0BDF8223023F0FF03B3F547
:1087E800824F06D1019B9B6843F40052019B9A601B
:1087F80002E06FF0860374E0079B03F47053002BCC
:1088080014BF012300238DF81330079B03F486431C
:10881800002B14BF012300238DF812309DF813306C
:10882800002B0DD09DF8123083F00103DBB2002B32
:1088380006D0019B9B6843F48062019B9A6026E006
:108848009DF8133083F00103DBB2002B0AD09DF8AA
:108858001230002B06D0019B9B6823F48062019B99
:108868009A6014E09DF81330002B06D09DF8123062
:10887800002B02D06FF0850333E0019B9B6823F443
:108888008062019B9A6002E06FF0850329E0059BF6
:10889800002B25D0079B03F00103002B14BF0123F5
:1088A80000238DF81130079B03F00203002B14BF3F
:1088B800012300238DF810309DF81030002B02D0D2
:1088C8006FF085030DE09DF8113083F00103DBB2F2
:1088D800002B05D0019B9B6843F08072019B9A6036
:1088E800002318460BB05DF804FB00BF2000008091
:1088F80000B59BB0039002910192009303981EF07B
:10890800DFFA1590159B1B0A149300230F93149BF1
:10891800002B03D0149B012B4CD05EE1029B1993D2
:10892800019B189303981EF0D9FA0346ADF84A3014
:10893800BDF84A3023F0FF03B3F5824F26D10398E0
:108948001EF0D3FA03460733DB080F93BDF84A300D
:1089580018461EF0E4FA0346002B14D0029B1B783D
:10896800042B02D06FF086034EE1199B0133199353
:10897800189B013B18930F9B5B00189A9A4207D0EB
:108988006FF0860340E16FF085033DE1019B0F9393
:108998000F9B009A19460398FFF768FE1190119BE8
:1089A800002B01D0119B2FE1189A199900981EF0FD
:1089B800A3FA16E1019B032B02D86FF0860323E18B
:1089C800029B1393139B1B78012B02D06FF091032A
:1089D8001AE1139B5B78002B00F08380139B5B7874
:1089E800F73B082B72D801A252F823F0798A0008C5
:1089F800398A0008D58A0008598A0008D58A0008EB
:108A0800198A0008D58A0008998A0008B78A0008D8
:108A180004AB20220021184628F0F0FC7C4B04937C
:108A28004FF41053069303230793FC23089350E055
:108A380004AB20220021184628F0E0FC744B049374
:108A48004FF41053069303230793F823089340E049
:108A580004AB20220021184628F0D0FC10230493F0
:108A68004FF08073069303230793FA23089330E0AB
:108A780004AB20220021184628F0C0FC20230493D0
:108A88004FF00073069303230793F723089320E01E
:108A980004AB20220021184628F0B0FC5C4B04935C
:108AA8005C4B069303230793FE23089311E004AB62
:108AB80020220021184628F0A1FC554B0493564B60
:108AC800069303230793FF23089302E06FF08B03B9
:108AD8009AE004AB20221946009828F09AFC00235B
:108AE80092E0019B2B2B02D86FF086038CE02022AA
:108AF8000021009828F082FC029B1793179B03F132
:108B08001002009B1A61029B03F00303002B07D09D
:108B180004AB2C220299184628F07BFC04AB17936F
:108B2800179B5A68009B1A60179B9A68009B5A60AB
:108B3800179BDA68009B9A60009B0122DA60019B10
:108B4800A3F11002009B5A61029B03F00303002B60
:108B580005D004AB2C220021184628F04FFC0FAB9F
:108B6800194600981DF0F1FB0346002B07D0202280
:108B78000021009828F042FC6FF0860344E00F9B28
:108B8800169303981EF0AAF9034623F4435323F0DF
:108B98003F03B3F5824F12D103981EF09FF90346A5
:108BA800DBB2122B0BD103981EF098F9034623F081
:108BB800FF03B3F5824F02D1169B5B001693009B0F
:108BC8005A69169B1C339A420AD220220021009827
:108BD80028F014FC6FF0860316E06FF08B0313E0A7
:108BE80000BF0F9B009A194603981EF04DFA10908B
:108BF800109B002B07D020220021009828F0FEFBB4
:108C08006FF0860300E0002318461BB05DF804FBF4
:108C180020000080004400020044000300B597B023
:108C28000590049103920293189B002B05D01A9B80
:108C3800002B02D0059B002B02D16FF0860379E050
:108C48006FF0860315930AAB24220021184628F0FA
:108C5800D5FB0AAB18461DF0C0FA1390139B002BE6
:108C680002D06FF0920365E0049B1B0C03F03F03F6
:108C78001493149B002B02D11023149305E0149B2A
:108C8800102B02D96FF0860354E0199A149B9A426C
:108C980002D26FF089034DE0049B23F47E13274A28
:108CA800934221D10023069307AB00221A605A6031
:108CB8009A600AA806AB0093029B039A0599FDF7F0
:108CC8001FFC1390139B002B11D106AB149A194665
:108CD800189828F09EFB06AB102118461EF089FE56
:108CE8001A9B149A1A6002E06FF0850322E0139B26
:108CF800212B03D16FF0860315930FE0139B012BF3
:108D080003D16FF08B03159308E0139B002B03D05E
:108D18006FF09203159301E0002315930AAB1846F0
:108D28001DF076FA1390139B002B02D06FF092037C
:108D380000E0159B184617B05DF804FB0002C0035D
:108D480000B585B0039002910192039B002B02D0DD
:108D5800029B002B02D16FF0860325E03822002108
:108D6800039828F04BFB019B23F47E13104A93428F
:108D780012D102981EF036FE0346B3F5105F02D0FA
:108D88006FF0850310E0019B1B0C03F03F03102BD1
:108D980005D96FF0860307E06FF0850304E000BF94
:108DA800039B019A1A600023184605B05DF804FB7E
:108DB8000002C00300B593B005900491039202939A
:108DC800059B002B05D0039B002B05D1029B002B94
:108DD80002D06FF086034BE007AB2422002118462F
:108DE80028F00CFB07AB18461DF0F7F91090109B04
:108DF800002B02D06FF092033AE06FF085031193D5
:108E0800059B1B6823F47E131B4A934220D1029BC7
:108E1800002B02D1002311931EE0059B181D07A902
:108E2800029B0093039B049AFDF7D0FC1090109BC3
:108E3800012B03D16FF08B0311930DE0109B002BD6
:108E480003D06FF09203119306E00023119303E01F
:108E58006FF08803119300BF07AB18461DF0D8F9CF
:108E68001090109B002B02D06FF0920300E0119B32
:108E7800184613B05DF804FB0002C00300B595B0B6
:108E88000390029101920093039B002B08D0019B51
:108E9800002B05D0009B002B02D0169B002B02D183
:108EA8006FF086035EE0009B102B01D9102300931E
:108EB800039B1B681B0C03F03F031393139B002BAE
:108EC80005D0009A139B9A4201D9139B0093039BE8
:108ED8001B6823F47E13254A934241D105AB242213
:108EE8000021184628F08AFA00230E930FAB0022BF
:108EF8001A605A609A6005AB18461DF06EF9129018
:108F0800129B002B02D06FF092032BE0039B181DDD
:108F18000EAB05A9029AFDF78DFB1290129B002B50
:108F280005D0169B00221A606FF092031AE005AB79
:108F380018461DF06DF91290129B002B05D0169B58
:108F480000221A606FF092030CE00EAB009A1946EB
:108F5800019828F05EFA169B009A1A60002301E037
:108F68006FF08803184615B05DF804FB0002C003D3
:108F780000B587B00390029101920093039B002BE8
:108F880005D0029B002B02D0019B002B02D16FF071
:108F980086035FE098220021039828F02FFA039BAC
:108FA8006033089A02991846FFF7CAFE0590059B98
:108FB800002B01D0059B4DE0039B009A0199029874
:108FC800FFF796FC0590059B002B01D0059B41E01F
:108FD8000023049302981EF044FD0346DA08039B1D
:108FE800DA65039BDB6D103B102B8CBF012200223E
:108FF800D2B2002A0BD1194A22FA03F303F0010373
:10900800002B14BF01230023DBB2002B02D16FF029
:1090180086031FE000BF039B5A69039BD96D049B1D
:109028000B441C339A4202D26FF0860312E0039B72
:1090380003F12000039B1969039BDA6D049B134419
:109048001C331A4628F0E5F9039B03F12002039B21
:109058001A610023184607B05DF804FB01010100FE
:1090680082B001900091019B0022DA60009B03F11D
:109078003802019B1A61019B20225A61009B9A6D5C
:10908800019B5A60009B1B6823F47E13134A93428A
:1090980002D0134A93421AD1019B5B68102B03D16B
:1090A800019B10221A6015E0019B5B68182B03D105
:1090B800019B18221A600DE0019B5B68202B03D1ED
:1090C800019B20221A6005E06FF0880303E06FF02F
:1090D800880300E00023184602B070470001C0036F
:1090E8000002C00300B585B0034600918DF8073033
:1090F800002303932BF00AFF02909DF807301F2BE3
:1091080000F2F98001A252F823F000BF95910008FF
:1091180095910008FF920008959100089591000824
:10912800B7910008FF92000895910008C3910008C4
:10913800FF920008E7910008FF9200080B920008D0
:109148002D920008FF9200084F9200085B920008D9
:1091580067920008FF92000873920008FF920008C7
:1091680095920008F3920008FF920008A192000867
:10917800FF920008C3920008FF920008CF920008EF
:10918800FF920008DB920008E79200088020FAF7B7
:109198000FFD03461A46009B1A80009B1B884FF65A
:1091A800FF72934240F0AD800E230393A9E0009B29
:1091B80000221A800F230393B0E04FF48060FAF77F
:1091C800F7FC03461A46009B1A80009B1B884FF643
:1091D800FF72934240F097800E23039393E04FF47D
:1091E8004060FAF7E5FC03461A46009B1A80009B8C
:1091F8001B884FF6FF72934240F087800E2303933B
:1092080083E04FF4C060FAF793FC03461A46009BCC
:109218001A80009B1B884FF6FF72934277D10E236A
:10922800039374E04FF4F060FAF782FC03461A46A1
:10923800009B1A80009B1B884FF6FF72934268D1EF
:109248000E23039365E0009B00221A800F230393EB
:1092580064E0009B00221A800F2303935EE0009BCA
:1092680000221A800F23039358E04FF4E060FAF7C6
:109278005FFC03461A46009B1A80009B1B884FF62A
:10928800FF72934247D10E23039344E0009B0022D0
:109298001A800F23039341E04FF41860FAF748FC53
:1092A80003461A46009B1A80009B1B884FF6FF72E4
:1092B800934232D10E2303932FE0009B00221A80A1
:1092C8000F2303932AE0009B00221A800F230393A5
:1092D80024E0009B00221A800F2303931EE0009BCA
:1092E80000221A800F23039318E0009B00221A80A3
:1092F8000F23039312E0009B00221A80212303937B
:109308000CE000BF0AE000BF08E000BF06E000BFB5
:1093180004E000BF02E000BF00E000BF02982BF0AD
:10932800E7FD039B184605B05DF804FB00B587B060
:1093380001900B468DF8033000230593019B002B09
:1093480001D10E2326E0019B1B6803F03F03049321
:10935800019B1B689B0903F007030393039B002BE6
:1093680002D10E4B05930DE0039B012B02D10C4B50
:10937800059307E0039B022B02D10A4B059301E0FA
:109388000E2307E09DF803301A46049905981EF04D
:1093980076FE0023184607B05DF804FB6480005091
:1093A800688000506C80005030B597B02B4B0BACE8
:1093B8001D460FCD0FC40FCD0FC495E8030084E8F8
:1093C8000300002312934FF0FF331593244BD3F877
:1093D8004C3103F40023002B04D1214BD3F8503136
:1093E800DBB21593159BB3F1FF3F06D11D4B1B88CC
:1093F800FF2B02D81B4B1B881593159BB3F1FF3F1E
:1094080001D18C231593159BB3F1FF3F18D0159B01
:10941800DBB28DF84530FAF7B9FD0246159B1344C7
:109428001593159B002B02DA0023159304E0159B76
:10943800FF2B01DDFF231593159BDBB28DF844301C
:109448000948F7F79DFC0BAB1846FAF779FC322070
:10945800FAF7A4FD0023184617B030BD746B030853
:109468000080E00F0001E00FC017530208B5034861
:10947800FAF7C4FB0023184608BD00BF00B4C404B3
:1094880008B50348FAF700FE0023184608BD00BFD8
:10949800C0EA210100B583B0FAF7E2FA664B1B6F08
:1094A80023F00703644A43F0030313670020FAF725
:1094B800EFFA614B1B6F604A23F4744313675F4BE9
:1094C800DB6803F08073002B14BF012300238DF8A1
:1094D80007309DF80730002B05D0584BDB68574AFA
:1094E80023F08073D360544BD3F8803023F0030308
:1094F800514A43F00103C2F880304F4B4E4AD3F82B
:109508008030C2F880309DF80730002B05D04B4BD7
:10951800DB684A4A43F08073D360474BD3F8203165
:1095280023F00703444A43F00203C2F82031424BB8
:10953800D3F8283123F007033F4A43F00203C2F867
:1095480028313D4BD3F8803123F003033A4A43F0E6
:109558000103C2F88031384BD3F8403123F00303BC
:10956800354A43F00103C2F84031334BD3F8603138
:1095780023F00303304A43F00103C2F860312E4B55
:10958800D3F8403223F003032B4A43F00103C2F817
:109598004032294BD3F8003223F00703264A43F020
:1095A8000103C2F80032244BD3F8083223F0070332
:1095B800214A43F00103C2F808321F4BD3F8503256
:1095C80023F003031C4A43F00103C2F850321A4B3C
:1095D800D3F8703223F00303174A43F00103C2F8AB
:1095E8007032154BD3F8203223F00703124A43F0A8
:1095F8000103C2F82032FAF775FA114B1B68104ABA
:1096080043F0040313600C4BD3F8603223F00703D4
:10961800094A43F00103C2F86032074BD3F8943289
:1096280023F00703044A43F00103C2F894320023ED
:10963800184603B05DF804FB00800050F0ED00E030
:1096480010E000E000B583B01E481EF00CFD01904C
:10965800019B002B01D0019B30E0FFF7A5FE019094
:10966800019B002B01D0019B28E01EF02AFD0190F0
:10967800019B002B01D0019B20E0FFF7F7FE019032
:10968800019B002B01D0019B18E0FFF7F9FE019028
:10969800019B002B01D0019B10E01EF019FD0190E9
:1096A800019B002B01D0019B08E0FFF7F3FE01901E
:1096B800019B002B01D0019B00E00023184603B05A
:1096C8005DF804FBAC6B030800B583B00A4A6B462F
:1096D80092E8030018600433198002330A0C1A70E8
:1096E8006B461846FBF750FD0C20FBF7A1FD002345
:1096F800184603B05DF804FB9C6B030800B583B003
:1097080001F040FB0090009B002B01D0009B2EE055
:1097180001F0E4FB2AF0E4FE03464FF4167202FB64
:1097280003F303F5742303F23F23134AA2FB032335
:109738009B0C124A136000238DF8073012E09DF845
:1097480007300E4A12680E4941F823200B4B1A685D
:109758000C4B1B6813440B4A13609DF80730013308
:109768008DF807309DF80730092BE8D900231846F3
:1097780003B05DF804FB00BF83DE1B4374160020B2
:109788007C160020A416002008B5054B01221A708B
:109798002BF036FD0346034A136000BF08BD00BF27
:1097A80084240020A816002010B582B02AF098FE64
:1097B80004462BF080FB03469C420CD92BF030FD6D
:1097C8000190019B002B07D0044A019B1360044BB6
:1097D80001221A7000E000BF02B010BDA8160020D8
:1097E8008424002000B583B0384B1B78DBB283F0AB
:1097F8000103DBB2002B64D12BF002FD0246344B8F
:109808001B68D31A334A1360324B1B68002B02D0F3
:10981800304B1B6800E001232E4A13602AF060FEDB
:1098280003464FF4167202FB03F303F5742303F2A5
:109838003F23294AA2FB03239B0C0193254B1B685A
:10984800244B1B68019A9A4203D2204B00221A70BB
:1098580038E0224B1B781A46214B53F822301A461F
:109868001C4B1B68D21A1F4B1B689B1A1D4A13609E
:109878001A4B1B781946174B1B68194A42F82130B6
:10988800184B1B680933184AA2FB0323DB08174A45
:109898001360124B1B780133DAB2104B1A700F4B5E
:1098A8001A78114BA3FB0213D9080B469B000B44F3
:1098B8005B00D31ADAB2094B1A70044B00221A70F3
:1098C80000E000BF03B05DF804FB00BF8424002063
:1098D800A81600207816002083DE1B43832400206E
:1098E8007C160020A4160020CDCCCCCC7416002009
:1098F800014B1B68184670477416002008B50221F2
:109908003C201EF009FC1F4B03F580531A464FF408
:10991800801353661C4B03F500531A461B4B5367C1
:10992800194B03F500531A4604235367164B03F5E6
:1099380000531A46154B1367134B03F500531A4689
:10994800042313673C2000F0F9F83C201EF0D5FBF7
:109958000D4B03F580531A460C4B53670A4B03F51E
:1099680080531A4604235367074B9B6A064A23F021
:1099780000739362044B9B6A034A43F480539362D7
:1099880000BF08BD008000500040005A010000A040
:1099980084B003468DF8073000238DF80F30144B40
:1099A8009B6D03F00503002B09D0124B1B78DBB22B
:1099B80083F00103DBB2002B01D0012300E0002378
:1099C8008DF80F309DF80F3003F001038DF80F303C
:1099D8009DF80F3083F00103DBB2002B03D09DF814
:1099E8000730002BDBD19DF80F30184604B07047C4
:1099F8000040005A8524002000B583B0274B1B6F18
:109A08000193019B03F00403002B1DD0234A019B03
:109A180003F0040302F500521367204B03F50053CB
:109A28001A46082393621D4B9B6D03F00103002B1C
:109A380001D1FFF7B9FE00F0DFFF00F0B9FF012008
:109A48002AF06CFE2BF0F2FB019B03F00103002BC4
:109A58000AD0124A019B03F0010302F50052136772
:109A6800FFF7C0FE00F0A4FF019B03F00053002B9A
:109A780006D00A4A019B03F0005302F5005213670F
:109A8800019B002B06DA054A019B03F0004302F50F
:109A98000052136700BF03B05DF804FB0040005A92
:109AA80000B583B02BF032FA0090144B1B7883F08A
:109AB8000103DBB2002B09D0104B01221A70009869
:109AC8002BF016FAFB238DF8073010E000982BF0E6
:109AD8000FFA10E09DF90730052118461EF01CFB0F
:109AE8009DF90730DBB20133DBB28DF807309DF901
:109AF80007305C2BEEDD03B05DF804FB8624002004
:109B080082B00190019B002B01DB019B5C2B0A4A70
:109B1800019B5B1152F82320019B03F01F0322FADB
:109B280003F303F00103002B0CBF01230023DBB276
:109B3800184602B0704700BF00E100E082B0019013
:109B4800019B002B0BDB019B03F01F020549019BC6
:109B58005B09012000FA02F2603341F8232000BFBC
:109B680002B0704700E100E082B00190019B002B39
:109B78000ADB019B03F01F020549019B5B090120D9
:109B880000FA02F241F8232000BF02B0704700BF7C
:109B980000E100E082B001900091019B002B09DBFD
:109BA800009BDAB20A49019B1201D2B20B4483F836
:109BB80000230AE0009BDAB20649019B03F00F0379
:109BC800043B1201D2B20B441A7600BF02B07047B0
:109BD80000E100E000ED00E000B583B06B461846F8
:109BE80000F0C0FA124B00221A60124B00221A60D1
:109BF800114B00221A60009B104A13600F4B1B6820
:109C08000F4A13600D4B1B6818461EF0B5FB019BED
:109C1800013BDA08094B1B6892B25A80044B1B6857
:109C28000133034A13600023184603B05DF804FBB0
:109C3800BC160020AC160020B0160020B416002078
:109C4800B816002000B599B0059004910293134608
:109C58008DF80F30049BB3F1FF3F0BD0049B002B12
:109C680008D0049B5A1E049B1340002B02D1049B6E
:109C7800B3F5007F002308930023179306AB18461B
:109C880000F070FA00231593049BB3F1FF3F01D055
:109C9800049B00E00823149300238DF85B30029B9B
:109CA800002B01D1222333E1029B00221A60059B7D
:109CB800002B03D0079B059A9A4201D3212327E161
:109CC800059B073323F0070313932BF01FF912901A
:109CD8009DF80F2008AB009300230499139800F017
:109CE80057FA1190089B002B02D0119B002B04D12E
:109CF80012982BF0FDF819230AE1119A139B9A4246
:109D08000CBF012300238DF85B30089B5B88DB00C8
:109D18001093109A119BD31A0F93089B17937E4B9D
:109D28001B68013B7C4A13600F9B272B40F2AA80DB
:109D38009DF80F30002B5BD1139B08330A93089BC7
:109D480015939DF85B3083F00103DBB2002B08D03C
:109D5800089B149918461EF08EFA03460893089B30
:109D68001793089A0A9B13440B930B981EF004FB55
:109D7800089B5A88139B0F33DB089BB2D31A9AB2FD
:109D88000B9B5A800A9B0733DB089AB20B9B9A807D
:109D9800089BDB88002B14D0089A089BDB88DB0023
:109DA80013440993089BDA880A9B0733DB089BB2A4
:109DB800D31A9AB20B9BDA800B9BDA88099B9A809C
:109DC80002E00B9B0022DA80139B0733DB089AB270
:109DD800179B5A80089B9A88179B9A800B9B9A8896
:109DE800179BDA80002215990B9800F00BFB3EE0D8
:109DF800089A0F9B1344179317981EF0BDFA119BEE
:109E08000733DB089AB2179B5A800F9B0733DB088E
:109E18009AB2179B9A80089BDB88002B18D0089A67
:109E2800089BDB88DB0013440D93089BDB88DA0072
:109E3800109BD31A0C93119A0C9B13440733DB081D
:109E48009AB2179BDA80179BDA880D9B9A8002E0FA
:109E5800179B0022DA80089B0B930F9B013BDB08C2
:109E68009AB20B9B5A80179B9A880B9BDA80179A99
:109E7800137843F001031370274B1B680133264AFC
:109E880013602CE0179B15939DF80F30012B10D110
:109E9800179B08330E930E9B149AB3FBF2F2149996
:109EA80001FB02F29B1A002B0CBF012300238DF843
:109EB8005B309DF85B3083F00103DBB2002B04D0EC
:109EC800149917981EF0D7F91790179A137843F03A
:109ED8000103137001221599179800F093FA0F4B9C
:109EE8001A68119B13440D4A13600C4B1A680C4BEB
:109EF8001B689A4203D9094B1B68094A13601298D8
:109F08002AF0F6FF179B03F10802029B1A60002350
:109F1800184619B05DF804FBBC160020AC160020EA
:109F2800B016002000B58DB0019002AB184600F0C5
:109F380019F9019B002B01D1222306E12AF0E6FF43
:109F48000890019B083B0793079B1B7803F00103CC
:109F5800DBB2002B03D0079B5B88002B04D1089849
:109F68002AF0C6FF0123F0E0079B5B880133ADF8B8
:109F78002E30079B0A9300230993764B1A68079B98
:109F88005B88DB00D31A734A1360734B1B68013379
:109F9800714A1360079B9B88002B47D0079B9B88BF
:109FA800DB005B42079A13440693069BDB881A463C
:109FB800069B5B88D31A0593069B1B7803F0010365
:109FC800DBB2002B1AD1079B1B7803F00203DBB22C
:109FD800002B13D1059B012B10D8069B0A93069BD7
:109FE8005A88BDF82E3013449BB20133ADF82E3099
:109FF800594B1B68013B584A136017E0079B1B78B5
:10A0080003F00203DBB2002B10D0069B0A93079BD8
:10A018009A88BDF82E301344ADF82E30079A13787D
:10A028006FF3410313700A9B00229A80079BDB8819
:10A03800002B3ED0079BDB88DA00079B1A44029B63
:10A048001946039B0B449A4233D2079BDB88DB00FB
:10A05800079A13440993079BDB881A46079B5B887A
:10A06800D31A0493099B1B7803F00103DBB2002B7E
:10A078001FD1049B012B1CD8099B5A88BDF82E3090
:10A0880013449BB20133ADF82E30099B00225A804D
:10A09800099BDB88002B05D0099BDB88DB00099A2C
:10A0A800134400E0002309932B4B1B68013B2A4A09
:10A0B8001360079A13786FF300031370079B00224D
:10A0C8005A80BDF82E30013B9AB20A9B5A800A9AF0
:10A0D80013786FF300031370099B002B0CD0099AB7
:10A0E8000A9BD31A0733DB089AB20A9BDA800A9BC9
:10A0F800DA88099B9A8002E00A9B0022DA80174BD3
:10A108001B68002B09D0154B1B680A9A9A4204D386
:10A11800124B1B685B88002B02D1104A0A9B136004
:10A128000F4B1B68002B09D00D4B1B680A9A9A42EB
:10A1380004D80B4B1B685B88002B02D1084A0A9B8A
:10A14800136008982AF0D4FE002318460DB05DF875
:10A1580004FB00BFAC160020BC160020B41600207B
:10A16800B816002084B00190074B0293074A064BAB
:10A17800D31A0393019B1A4602AB93E8030082E8C3
:10A188000300019804B07047402B0020000008200D
:10A198008CB00390029111461A460B468DF8073091
:10A1A80013468DF8063000230B93002308930023F1
:10A1B8000A93029BB3F1FF3F01D0029B00E0082302
:10A1C800079300238DF81B300C9B00221A609DF822
:10A1D8000730002B02D1584B1B6801E0574B1B6816
:10A1E8000B930B9B002B01D10023A1E00B9B5B88F9
:10A1F800DB0009939DF80630002B01D0082300E00E
:10A208000023099A1344099388E00B9B1B7803F0F9
:10A218000103DBB2002B55D1099A039B9A4251D313
:10A228009DF80730002B2ED10B9B08330893089B11
:10A23800079AB3FBF2F2079901FB02F29B1A002B73
:10A248000CBF012300238DF81B30089B079AB3FB32
:10A25800F2F2079901FB02F29B1A04939DF81B3056
:10A26800002B05D1039A049B1344099A9A4229D3D7
:10A278009DF81B30002B01D0039B02E0039A049B3E
:10A2880013440A9350E0079B082B02D1039B0A93BF
:10A2980014E00B9B5B880133DB000B9A1344059396
:10A2A800039B5B42059A13440893079B5A42089BF9
:10A2B80013400893059A089BD31A0A93099A0A9B94
:10A2C8009A4230D29DF80730002B0CD10B9BDB88CB
:10A2D800002B01D100232BE00B9BDB88DB000B9AC2
:10A2E80013440B930CE00B9B9B88002B01D100239C
:10A2F8001EE00B9B9B88DB005B420B9A13440B937D
:10A308000B9B5B88DB0009939DF80630002B01D07E
:10A31800082300E00023099A134409930B9B002BA0
:10A328007FF473AF00E000BF0C9B0B9A1A600A9B86
:10A3380018460CB0704700BFB4160020B8160020AD
:10A3480000B589B0034600918DF8073000230793C4
:10A358000023069301238DF81730284B1B68002B28
:10A3680001D1002346E0009B002B02D0009B0793FD
:10A378000CE003AB1846FFF7F5FE9DF80730002BFD
:10A3880001D1039B01E01E4B1B680793079B1B78B9
:10A3980003F00103DBB2002B05D1079B06930023D2
:10A3A8008DF8173021E09DF80730002B0AD1079B64
:10A3B800DB88002B06D0079BDB88DB00079A134459
:10A3C800079312E09DF80730012B0BD1079B9B8860
:10A3D800002B07D0079B9B88DB005B42079A13443E
:10A3E800079302E00023069303E09DF81730002B43
:10A3F800CCD1069B184609B05DF804FBBC160020BA
:10A40800B816002000B585B00390029113468DF868
:10A4180007309DF80730002B1ED0224B1B68029A8C
:10A428009A4202D0029B002B06D103990020FFF725
:10A4380087FF03461B4A13601B4B1B68029A9A420C
:10A4480002D0029B002B29D103990120FFF778FF46
:10A458000346154A136021E0124B1B68029A9A4280
:10A4680003D1104A039B136007E00E4B1B68039A45
:10A478009A4202D20B4A039B13600B4B1B68029A49
:10A488009A4203D1084A039B136007E0064B1B68F6
:10A49800039A9A4202D9044A039B136000BF05B08D
:10A4A8005DF804FBB4160020B8160020BFF34F8FE8
:10A4B80000BF064BDB6803F4E0620449044B134316
:10A4C800CB60BFF34F8F00BF00BFFDE700ED00E09A
:10A4D8000400FA0582B00190BFF35F8F00BF0A4AFB
:10A4E800019B43F001035360084B5B6A074A43F43E
:10A4F80080335362BFF34F8F00BFBFF36F8F00BF2E
:10A5080000BF02B0704700BF90ED00E000ED00E032
:10A51800BFF35F8F00BF0A4B5B6A094A23F480339D
:10A528005362084B5B68074A23F001035360BFF38B
:10A538004F8F00BFBFF36F8F00BF00BF704700BFD2
:10A5480000ED00E090ED00E000B583B003460A4658
:10A558008DF8073013468DF806309DF806209DF8D3
:10A568000730194603481DF024FF00BF03B05DF80B
:10A5780004FB00BF90ED00E000B585B003900291A8
:10A588000192019B029A039903481DF04BFF00BFFB
:10A5980005B05DF804FB00BF90ED00E000B585B0A4
:10A5A8000023039300230293FFF7B2FFA0210020AA
:10A5B800FFF7CAFF4FF000530393294A294B9A42E9
:10A5C80004D0284B23F01F03203B00E0264B0293C6
:10A5D800039A029B9A4215D8039B23F01F0343F06A
:10A5E80003030193214B1868029B23F01F0343F0D8
:10A5F80001031A460199FFF7BFFF1C4B1B68013383
:10A608001A4A1360164A174B9A421CD0144B1F3330
:10A6180023F01F030393164B0293039B23F01F039E
:10A6280043F003030193114B1868029B23F01F03A7
:10A6380043F001031A460199FFF79EFF0B4B1B6875
:10A6480001330A4A13600420FFF744FFBFF34F8F1A
:10A6580000BFBFF36F8F00BF00BF05B05DF804FBFC
:10A66800A02800208025002000000820C016002017
:10A67800E0FF072000B58DB00390029101920023FE
:10A6880009930023089300230B934F4B1B68FF2B60
:10A6980001D91A230B93FFF73BFF00238DF82B30CA
:10A6A8000023079300230693019B1F2B7ED9039B4E
:10A6B80003F01F03002B04D0039B23F01F03203358
:10A6C80000E0039B0993029B03F01F03002B03D0B8
:10A6D800029B23F01F0300E0029B089300238DF8E0
:10A6E8002A3037E0394A9DF82A309360374BDB68C7
:10A6F80023F01F030793354B1B6923F01F030693B1
:10A70800099A079B9A4209D1089A069B9A4205D151
:10A7180001238DF82B3000230B930CE0099A069B3C
:10A728009A4208D8089A079B9A4204D301238DF8C5
:10A738002B3028230B939DF82B30012B11D0234B62
:10A748009B68224A23F0FF0393609DF82A30013367
:10A758008DF82A309DF82A201B4B1B689A42C1D3DA
:10A7680000E000BF9DF82B30002B1FD101210120F4
:10A77800FFF7EAFE099B23F01F0343F00303059349
:10A788002AF0C4FB0490104B1868089B23F01F03A1
:10A7980043F003031A460599FFF7EEFE04982AF0E2
:10A7A800A7FB094B1B680133074A13600420FFF716
:10A7B80091FEBFF34F8F00BFBFF36F8F00BF0B9B9E
:10A7C80018460DB05DF804FBC016002090ED00E0BF
:10A7D80000B585B001900091019B009A5A602AF05B
:10A7E8007BFB0390019B1946044818F062FE03980E
:10A7F8002AF065FB00BF05B05DF804FBC416002015
:10A8080008B5024818F04DFE00BF08BDC416002068
:10A8180000B583B02AF060FB01901F481DF023FCAF
:10A828001E4B1B7883F00103DBB2002B22D00023E0
:10A83800009300F0A7FA0090009B002B04D0019829
:10A848002AF03DFB009B23E000F02CFBFFF7D8FF2C
:10A858002AF09EF9124B00221A6029F041FE0346A5
:10A86800104A1360104B5B6F0F4A43F001035367A4
:10A878001DF0F1FD00F0DAF81DF017FE03460B4A53
:10A888001360064B01221A7001982AF018FB002366
:10A89800184603B05DF804FBA46B03088724002066
:10A8A800F4160020CC16002000400050F0160020BE
:10A8B80000B585B003468DF807302AF00DFB0390EC
:10A8C800284B1B78FF2B05D19DF8073083F0010337
:10A8D800DBB2002B234B1B78FF2B07D19DF80730E9
:10A8E800002B03D003982AF0EAFA38E01D4B1B78B6
:10A8F800002B02D19DF80730002B1A4B1B78002B38
:10A908000AD19DF8073083F00103DBB2002B03D096
:10A9180003982AF0D4FA22E0134B1B78022B05D9AE
:10A928009DF8073083F00103DBB2002B9DF8073058
:10A93800002B01D0012200E0FF220A4B1B781344B0
:10A94800DAB2084B1A70074B1B78002B0CBF012397
:10A958000023DAB2054B1A7003982AF0B0FA05B052
:10A968005DF804FB89240020882400208A24002024
:10A9780082B0034B1B680193019B184602B07047D5
:10A98800F416002082B00190074B1B68019A02FB65
:10A9980003F303F5742303F23F23044AA2FB0323C2
:10A9A8009B0C184602B07047CC16002083DE1B4370
:10A9B80008B50C4B1B78002B12D00B4B1B78DBB265
:10A9C800002B0DD029F0D0FB074B00221A70074B43
:10A9D80000221A70064B01221A70064B01221A70C7
:10A9E80000BF08BD882400208C2400208D2400206E
:10A9F8009124002092240020044B1B78002B02D0C5
:10AA0800034B01221A7000BF704700BF8824002042
:10AA18008C240020044B1B69034A23F004031361B0
:10AA280030BF00BF704700BF00ED00E02DE9F04FD8
:10AA38008BB000238DF8203008AB1846FAF7FCF9E4
:10AA4800002000F00DF97F4B1B6F03F007027E4BCF
:10AA58001A607C4BD3F8003103F003027B4B1A6079
:10AA6800784B03F580531A464FF480135366754BA1
:10AA780003F580531A464FF400335366744B9B69B1
:10AA880003F00203002B14BF01230023DBB2714A39
:10AA980013706D4B1B68032B06D06A4BD3F820311B
:10AAA80003F00703022B01D1012300E0002303F088
:10AAB8000103DBB2684A1370674B1B78002B06D181
:10AAC800604BD3F8283103F00703022B01D101238F
:10AAD80000E0002303F00103DBB25F4A13705D4B13
:10AAE8001B78002B19D05C4B1B7883F00103DBB279
:10AAF800002B12D0584B1B78002B06D1514BD3F8A2
:10AB0800003103F00303012B01D1012300E00023EE
:10AB180003F00103DBB2504A13704E4B1B78002B35
:10AB280000F0838000230993464BD3F8003103F0EB
:10AB38000303032B0ED0032B10D8012B02D0022BBA
:10AB480004D00BE028F01EFC099008E028F0A0FCD7
:10AB5800099004E028F01CFC099000E000BF099B64
:10AB6800002B62D03A4BDB68C3F30B035A1C134625
:10AB78009B00134400229846914642464B464FF0AC
:10AB880000004FF00001590141EAD261500102462C
:10AB98000B46B2EB080463EB09054FF000024FF0D7
:10ABA80000036B0243EAD453620214461D4614EBB9
:10ABB800080645EB09074FF000024FF00003BB0100
:10ABC80043EA9663B201911B069163EB070307936F
:10ABD800DDE906120B4613EB080A134643EB090B93
:10ABE800099B013B002200930192DDE900120B460C
:10ABF8001AEB0303029313464BEB03030393099BDE
:10AC0800002204930592DDE90423DDE9020112F034
:10AC180087FD02460B4613461846FFF7B3FE024669
:10AC28000E4B1B6813440D4A13601F20FFF7AAFE42
:10AC380002460A4B1B681344084A136000BF0BB056
:10AC4800BDE8F08F00800050041700200017002096
:10AC580000C00150942400209324002008170020ED
:10AC680000B585B003468DF807301D4B1B789DF85D
:10AC780007209A4230D000238DF80C3002238DF83B
:10AC88000D309DF80730002B03D002238DF80D30CE
:10AC980002E000238DF80D3003AB1846FAF7DEF812
:10ACA8009DF80730002B09D04020FFF76BFE0246C5
:10ACB8000C4B1B689B1A0B4A136008E04020FFF7F7
:10ACC80061FE0246074B1B681344064A1360044A98
:10ACD8009DF80730137000E000BF05B05DF804FB75
:10ACE8001A2B00200817002008B51E4B03F58053C7
:10ACF8001A46012353671C4B1B78002B30D00220C7
:10AD08002AF060FB0346002B2AD029F0E7FC034613
:10AD1800002B25D0134B9B6D03F48033002B05D0FB
:10AD2800124B1B6803F00203002B05D10D4B9B6DE2
:10AD380003F00103002B07D00A4B03F580531A4692
:10AD48004FF4803393620BE0094B01221A70FEF72F
:10AD58001BFD044B03F580531A464FF4803393626E
:10AD680008BD00BF0040005A932400205C40005AF0
:10AD780096240020024B01221A7000BF704700BFC2
:10AD88009324002030B583B02AF0C0F801901E4B00
:10AD98001B7883F00103DBB2002B2ED01B4B002263
:10ADA8001A601B4B00221A601A4B00221A6000F02E
:10ADB80039F801202AF041FB29F098FF0346164A8A
:10ADC8001360154B1B68002B04D101982AF090F8EA
:10ADD800232316E0104B1B6800221C46154622460A
:10ADE8002B460E4840F2E73112F09AFC02460B4619
:10ADF8000B4B1A60044B01221A7001982AF078F85C
:10AE08000023184603B030BD9724002014170020F3
:10AE1800181700200C1700201017002018FCFFFF3F
:10AE28001C17002000B587B000238DF814300123CB
:10AE38008DF8043000238DF8053000238DF8063096
:10AE480000230293002303930023049314481DF066
:10AE58000AF9BFF34F8F00BF05AB1846FAF768FF32
:10AE680000238DF8043001AB19460020FAF79EFF45
:10AE78000F21002028F078FB0F21002028F08AFB02
:10AE8800FAF772FF0020FAF745FF5320FEF756FE47
:10AE980053201DF032F900BF07B05DF804FB00BF76
:10AEA800AC6B030808B50B481DF0DDF840F60152FD
:10AEB80000210120FAF7B4FB4FF4A272002101200F
:10AEC800FAF7EAFB044B9B6C034A43F480739364E0
:10AED80000BF08BDA86B030800C00A5008B50A489F
:10AEE8001DF0C1F840F6016200210220FAF798FB34
:10AEF8004FF49E7200210220FAF7CEFB034B034A5F
:10AF08009B6C936400BF08BDA86B030800C00A507F
:10AF180008B5044A044905480BF0A6F90346184643
:10AF280008BD00BF346C0308E46B0308BC6B03085E
:10AF3800024B4FF080525A6000BF704700ED00E0AE
:10AF480000B585B001900091019B002B02D0009BB9
:10AF5800002B01D1212325E0144B1B68144A1268E9
:10AF680011461846F7F73EF80390039B002B07D1CC
:10AF78000E4B18680623009A0E49F7F7C5F9039097
:10AF8800039B002B0DD1094B18680123019A0A492C
:10AF9800F7F7BAF90290029B002B02D0019B00221E
:10AFA8001A70039B184605B05DF804FB4C29002075
:10AFB8006C2900202C0004003C00040030B585B04A
:10AFC80001900091009B002B15D00C4B1B68009A38
:10AFD800002101989847009B1A46013A03920022E3
:10AFE8001C4615464FF000024FF00003EB0043EA01
:10AFF8005473E200019B00BF05B030BD88290020D2
:10B0080082B00D4B5B78022B0CBF01230023DBB20F
:10B018008DF807309DF80730002B05D0064B1B78BC
:10B02800072B01D1012300E000238DF807309DF89C
:10B038000730184602B070472017002082B00190F0
:10B048000B46ADF80230019A184B1340B3F1607FFC
:10B0580006D1BDF80230B3F5885F01D1002322E0A4
:10B06800019A124B1340B3F1707F1AD1BDF8023028
:10B0780003F4E043B3F5005F13D1BDF8023003F4E5
:10B08800E043B3F5005F0CD1BDF802301B0A9BB258
:10B0980003F00703012202FA03F3012B01D900236D
:10B0A80001E06FF08603184602B070470000C07FC9
:10B0B80000B587B0034602910192ADF80E30019AAF
:10B0C800029B9A4201D101235DE2019B23F0FF0319
:10B0D800974A934221D0019B23F0FF03954A93425C
:10B0E8001BD0019B23F0FF03934A934215D0019B89
:10B0F80023F4FF7323F00103B3F1062F0DD0019B56
:10B1080023F0FF038D4A934207D0019B23F4FF737A
:10B1180023F001038A4A93423BD1029B23F0FF03A9
:10B12800834A934221D0029B23F0FF03814A934232
:10B138001BD0029B23F0FF037F4A934215D0029B4A
:10B1480023F4FF7323F00103B3F1062F0DD0029B04
:10B1580023F0FF03794A934207D0029B23F4FF733D
:10B1680023F00103764A934213D1029BDBB2002BF2
:10B178000FD0029BDBB243F00073724A934208D1AE
:10B18800029A019B5340FF2B94BF01230023DBB29B
:10B19800F9E1029B03F0FE43B3F1A06F1FD1019BBD
:10B1A80003F0FE43B3F1A06F19D1029A019B5340FB
:10B1B80023F47E13002B12D1029B03F40043002BCF
:10B1C8000DD0029B1B0C03F03F02019B1B0C03F0EC
:10B1D8003F039A4294BF01230023DBB2D3E1029BD1
:10B1E80003F0FE43B3F1407F40F0AA81019B03F0D6
:10B1F800FE43B3F1407F40F0A381029A019B534084
:10B2080023F47E13002B40F09B81BDF80E301946C5
:10B218000298FFF713FF0346002B01D00023B2E189
:10B22800019B03F47C13002B04D0019B1B0C03F03F
:10B238003F03BFE0019A444B1340B3F1607F40F0F5
:10B248009F80019BDBB243F00073404A93426DD06C
:10B25800019BDBB243F000733D4A934264D0019BEB
:10B26800DBB243F000733B4A93425BD0019BDBB2F5
:10B2780043F00073384A934252D0019BDBB243F04B
:10B288000073364A934249D0019BDBB243F0007306
:10B29800334A934240D0019BDBB243F00073314AFA
:10B2A800934237D0019BDBB243F000732E4A93429E
:10B2B8002ED0019BDBB243F000732C4A934225D079
:10B2C800019BDBB243F00073294A93421CD0019BD7
:10B2D800DBB243F00073274A934213D0019BDBB2E1
:10B2E80043F00073244A93420AD0019BDBB243F037
:10B2F8000073224A934201D140235BE0002359E0C6
:10B30800302357E0202355E01C2353E0202351E04D
:10B318001C234FE040234DE030234BE0202349E03D
:10B328001C2347E0142345E0142343E0102341E0A5
:10B3380000030006001300060002000600090006CC
:10B3480000040006FF0000020000C07F03000002A6
:10B3580004000002050000020800000209000002C3
:10B368000A0000020B0000020C0000020D0000029F
:10B378001000000211000002120000021300000277
:10B38800019A834B1340B3F1707F12D1BDF80E3090
:10B3980003F4E043B3F5005F09D1BDF80E301B0A92
:10B3A8009BB203F00703012202FA03F302E0002331
:10B3B80000E000230593019A754B1340B3F1607FB9
:10B3C80076D1019BDBB243F00073724A93426DD091
:10B3D800019BDBB243F000736F4A934264D0019B38
:10B3E800DBB243F000736D4A93425BD0019BDBB242
:10B3F80043F000736A4A934252D0019BDBB243F098
:10B408000073684A934249D0019BDBB243F0007352
:10B41800654A934240D0019BDBB243F00073634A14
:10B42800934237D0019BDBB243F00073604A9342EA
:10B438002ED0019BDBB243F000735E4A934225D0C5
:10B44800019BDBB243F000735B4A93421CD0019B23
:10B45800DBB243F00073594A934213D0019BDBB22D
:10B4680043F00073564A93420AD0019BDBB243F083
:10B478000073544A934201D1402333E0002331E062
:10B4880030232FE020232DE01C232BE0202329E06C
:10B498001C2327E0402325E0302323E0202321E05C
:10B4A8001C231FE014231DE014231BE0102319E0C4
:10B4B800019A374B1340B3F1707F12D1BDF80E30AB
:10B4C80003F4E043B3F5005F09D1BDF80E301B0A61
:10B4D8009BB203F00703012202FA03F302E0002300
:10B4E80000E000230493029B1B0C03F03F03002B96
:10B4F80007D1059A049B9A420CBF01230023DBB2B3
:10B5080041E0019B1B0C03F03F03002B08D1029B79
:10B518001B0C03F03F03049A9A4201D1012332E045
:10B52800029B03F40043002B0AD0029B1B0C03F080
:10B538003F03059A9A422CBF01230023DBB222E085
:10B54800029B03F0FE43B3F1106F1BD1029B23F063
:10B558001F6323F4702343F00063B3F1006F11D12C
:10B56800019B03F0FE43B3F1106F0BD1019A164B08
:10B57800134043F01063029A9A420CBF0123002340
:10B58800DBB200E00023184607B05DF804FB00BFFB
:10B598000000C07F03000002040000020500000252
:10B5A80008000002090000020A0000020B00000265
:10B5B8000C0000020D000002100000021100000241
:10B5C80012000002130000020000FFF600B585B06B
:10B5D80003900B460192ADF80A30019B002B02D173
:10B5E8006FF08603A9E0019B23F0FF03554A9342BD
:10B5F80021D0019B23F0FF03534A93421BD0019BA8
:10B6080023F0FF03514A934215D0019B23F4FF73A3
:10B6180023F00103B3F1062F0DD0019B23F0FF03A4
:10B628004B4A934207D0019B23F4FF7323F0010395
:10B63800484A93423DD1019BDBB2002B39D0019B94
:10B6480023F0FF033F4A934221D0019B23F0FF03DD
:10B658003D4A93421BD0019B23F0FF033B4A934290
:10B6680015D0019B23F4FF7323F00103B3F1062FD8
:10B678000DD0019B23F0FF03354A934207D0019B6D
:10B6880023F4FF7323F00103324A93420CD1019B48
:10B69800DBB2002B08D0019BDBB243F000732E4ACB
:10B6A800934201D1012300E0002303F00103DBB240
:10B6B80024E0019B03F0FE43B3F1407F08D1019BD6
:10B6C80003F40043002B14BF01230023DBB215E071
:10B6D800019B03F0FE43B3F1A06F08D1019B03F473
:10B6E8000043002B14BF01230023DBB206E0019BBB
:10B6F800194A93420CBF01230023DBB2002B02D06E
:10B708006FF0860319E0039B5968BDF80A30019A67
:10B718001846FFF7CDFC0346002B0AD1039B996816
:10B72800BDF80A30019A1846FFF7C2FC0346002B01
:10B7380001D0002301E06FF08403184605B05DF8DE
:10B7480004FB00BF00030006001300060002000609
:10B758000009000600040006FF00000200B589B0D9
:10B768000390029101926FF09603079302981CF0E0
:10B7780052FF0346ADF81A3002981CF053FF0590AB
:10B78800039B03F0FE43B3F1407F02D06FF08603C2
:10B798007CE1BDF81A3019460398FFF74FFC079073
:10B7A800079B002B01D0079B70E1039B03F47C13DC
:10B7B800002B06D0039B1B0CDBB203F03F03DBB26C
:10B7C80097E0039A9C4B1340B3F1607F76D1039BBB
:10B7D800DBB243F00073994A93426DD0039BDBB20E
:10B7E80043F00073964A934264D0039BDBB243F064
:10B7F8000073944A93425BD0039BDBB243F000731F
:10B80800914A934252D0039BDBB243F000738F4AB4
:10B81800934249D0039BDBB243F000738C4A9342B6
:10B8280040D0039BDBB243F000738A4A934237D07F
:10B83800039BDBB243F00073874A93422ED0039BED
:10B84800DBB243F00073854A934225D0039BDBB2F9
:10B8580043F00073824A93421CD0039BDBB243F04F
:10B868000073804A934213D0039BDBB243F000730A
:10B878007D4A93420AD0039BDBB243F000737B4AB4
:10B88800934201D1402334E0002332E0302330E0FA
:10B8980020232EE01C232CE020232AE01C2328E070
:10B8A800402326E0302324E0202322E01C2320E04C
:10B8B80014231EE014231CE010231AE0039A5E4BA5
:10B8C8001340B3F1707F13D1BDF81A3003F4E0438D
:10B8D800B3F5005F0AD1BDF81A301B0A9BB203F01A
:10B8E8000703012202FA03F3DBB202E0002300E0BF
:10B8F8000023019A1370019B1B78032B02D86FF069
:10B908008503C3E0019B1B781946039A4A4B1340F1
:10B91800B3F1607F76D1039BDBB243F00073474AF3
:10B9280093426DD0039BDBB243F00073444A9342C9
:10B9380064D0039BDBB243F00073424A93425BD06E
:10B94800039BDBB243F000733F4A934252D0039B00
:10B95800DBB243F000733D4A934249D0039BDBB20C
:10B9680043F000733A4A934240D0039BDBB243F062
:10B978000073384A934237D0039BDBB243F000731D
:10B98800354A93422ED0039BDBB243F00073334A0F
:10B99800934225D0039BDBB243F00073304A9342B5
:10B9A8001CD0039BDBB243F000732E4A934213D0A2
:10B9B800039BDBB243F000732B4A93420AD0039BEC
:10B9C800DBB243F00073294A934201D1402350E08F
:10B9D80000234EE030234CE020234AE01C2348E0BB
:10B9E800202346E01C2344E0402342E0302340E08B
:10B9F80020233EE01C233CE014233AE0142338E0E3
:10BA0800102336E0039A0C4B1340B3F1707F2FD10B
:10BA1800BDF81A3003F4E043B3F5005F09D1BDF86F
:10BA28001A301B0A9BB203F00703012202FA03F340
:10BA38001FE000231DE000BF0000C07F03000002DC
:10BA480004000002050000020800000209000002CC
:10BA58000A0000020B0000020C0000020D000002A8
:10BA68001000000211000002120000021300000280
:10BA780000238B4202D26FF0860307E0019B1B78FC
:10BA8800142B02D96FF0850300E00023184609B093
:10BA98005DF804FB00B585B001900091FFF7B0FA9E
:10BAA8000346002B02D16FF0880315E000230293B0
:10BAB80002AB009A01990A481BF095F90390039B81
:10BAC800002B01D0039B07E0029B009A9A4202D008
:10BAD8006FF0930300E00023184605B05DF804FBFF
:10BAE8002417002070B596B00B900A91099208931C
:10BAF8006FF0960315936FF096031293002310933B
:10BB08000023149300231193002313930A9B03F03B
:10BB1800FE43B3F1806F03D06FF086031593A0E066
:10BB280010A90A9B4FF480720B981DF0BDF915906F
:10BB3800159B002B40F09280109B1B8803F4E04378
:10BB4800B3F5005F35D1109B1B881B0A9BB203F02D
:10BB58000703012202FA03F3012B2AD90A9B554A4B
:10BB6800934213D00A9B544A93420FD00A9B534ADC
:10BB780093420BD00A9B524A934207D00A9B514AE0
:10BB8800934203D00A9B504A934212D1109B1B88C0
:10BB980003F4E043B3F5005F09D1109B1B881B0A2F
:10BBA8009BB203F00703012202FA03F314E0002317
:10BBB80012E0109B1B8842F20402934203D10A9BB5
:10BBC800424A934207D00A9B414A934201D10D232E
:10BBD80002E0002300E00C231493149B102B03D9DC
:10BBE8006FF0830315933CE0149B002B10D01B9A35
:10BBF800149B9A4203D26FF08903159331E00CAB82
:10BC080014991846FFF746FF1590159B002B27D16E
:10BC1800099B11931A9B1393109B1E46109B1C6A39
:10BC2800109B5D6A149913981CF0CEFC01461B9A70
:10BC3800149BD31A1C9A069205930491089B0393AC
:10BC4800119B0293149B01930CAB00930A9B2A4609
:10BC5800214630461CF0FEFD159002E000BF00E0D2
:10BC680000BF109B18461EF017FD1290159B002B65
:10BC780001D1129B1593159B002B0FD1149B002B00
:10BC880005D00CAB149A1946139825F0C2FB1C9BDF
:10BC98001A68149B1A441C9B1A6002E01C9B002221
:10BCA8001A600023119300231393159B184616B0AE
:10BCB80070BD00BF0010C0040011C0040012C00411
:10BCC80000FF40040040400400414004000180049B
:10BCD8000013C00400B585B003900291029B009345
:10BCE80000230022044903981EF013F8034618465F
:10BCF80005B05DF804FB00BF746C030808B51D4B64
:10BD08001B7803F00403002B06D01A4B1B7823F092
:10BD18000403DAB2174B1A70164B1B7803F00203B0
:10BD2800002B08D000F002F9124B1B7823F0020315
:10BD3800DAB2104B1A700F4B5B78002B02D00E480A
:10BD48001DF063FF0B4B00225A7008210A48FFF7C9
:10BD580035F9084B1B7803F00103002B08D01CF0C1
:10BD680082FC044B1B7823F00103DAB2014B1A70F2
:10BD780000BF08BD201700202417002000B585B09B
:10BD880003468DF807300023039300238DF80B300A
:10BD98009DF80730013B032B5BD801A252F823F032
:10BDA800B9BD0008DBBD0008FDBD00083BBE0008AA
:10BDB800304B1B7803F00103002B4ED11CF039FCEB
:10BDC80003902C4B1B7843F00103DAB2294B1A700D
:10BDD80043E0284B1B7803F00203002B3FD100F00F
:10BDE8009BF80390234B1B7843F00203DAB2214BF4
:10BDF8001A7034E01F4B1B7803F001038DF80B30E9
:10BE08001C4B5B78002B2CD19DF80B30002B28D0D5
:10BE180019481DF0EEFE174B01225A7016481DF006
:10BE280000FF0390039B002B1BD1124B02225A7078
:10BE380017E0104B1B7803F00403002B13D10D4BB4
:10BE48001B7843F00403DAB20A4B1A7000230393F9
:10BE580009E06FF09603039306E000BF04E000BF1B
:10BE680002E000BF00E000BF039B184605B05DF884
:10BE780004FB00BF201700202417002082B0019087
:10BE8800019BB3F1804F05D3019B044A934201D82B
:10BE9800012300E00023184602B070470300004069
:10BEA80082B0054B93F8A0308DF807309DF8073025
:10BEB800184602B0704700BF2C17002082B00190CE
:10BEC800019B03F1404213469B001344DB00024AE6
:10BED8001344184602B070472C17002082B0019016
:10BEE800019A13469B001344DB00024A1344184688
:10BEF80002B070472C17002082B001900091009A80
:10BF080013469B001344DB00024A1344184602B050
:10BF1800704700BF2C170020034B012283F8A02094
:10BF280000231846704700BF2C17002000B585B0C5
:10BF3800002303931DE00023029310E00299039865
:10BF4800FFF7DAFF0190019B0122DA61019B0322CE
:10BF58001A7601981DF00EF8029B0133029303989C
:10BF68001EF044FA0246029B9342E7D3039B013337
:10BF78000393039B002BDED0034B002283F8A02001
:10BF880000BF05B05DF804FB2C17002000B589B090
:10BF9800019000916FF096030793FFF781FF034626
:10BFA800002B03D16FF08803079366E00023049306
:10BFB800049B05930023069322E006990020FFF7CF
:10BFC8009BFF0390039B1B7E002B02D1039B0593D1
:10BFD80019E0049B002B10D1039B1B7E022B0CD174
:10BFE80003981EF0BBF90346002B06D1039B5B6840
:10BFF800DBB2002B01D0039B0493069B013306930D
:10C00800069B032BD9D9059B002B0ED1049B002B33
:10C018000BD0049B059305981EF0C5F905981CF0F4
:10C02800A9FF0790079B002B24D1059B002B1DD04F
:10C038000122002105981EF09DF90790079B002B0F
:10C048001AD1019B002B0CD0059B104A9B1ADB10C0
:10C058000F4A02FB03F30693069B03F18042019B00
:10C068001A60009B059A1A6000230AE06FF08C039F
:10C07800079302E000BF00E000BF009B00221A60A7
:10C08800079B184609B05DF804FB00BF2C17002079
:10C09800CDCCCCCC00B595B0039002910192009321
:10C0A800009B0F930F9B08223349184625F0B1F9DE
:10C0B8000F9B0833119300230493049A119B1A6071
:10C0C80000BF0F9B03F10C02019B5B681092059364
:10C0D800059A109B1A6000BF0F9B1033019A1288B3
:10C0E80012931346ADF81830BDF81820129B1A8029
:10C0F80000BF0F9B1233019A528813931346ADF871
:10C108001A30BDF81A20139B1A8000BF0F9B03F149
:10C118001402019B9B680E920793079A0E9B1A6064
:10C1280000BF0F9B14331A1D019BDB680D92089307
:10C13800089A0D9B1A6000BF0F9B143303F1080285
:10C14800019B1B690C920993099A0C9B1A6000BF0A
:10C158000F9B20330B93029B0A930A9A0B9B1A603E
:10C1680000BF0F9B2433029A0399184625F051F912
:10C1780000BF15B05DF804FB786C030800B583B008
:10C18800019008220749019825F00EF90346002B73
:10C1980002D06FF0980300E00023184603B05DF862
:10C1A80004FB00BF786C0308F7B505466B461646D6
:10C1B800174A0C461068516803C395F82A300833AB
:10C1C8006B4413F8087CB5F84830DA0609D43346CE
:10C1D8002246394628461EF005FD00F5FA7003B0E0
:10C1E800F0BD204625F028FCB5F8483000F10A04D7
:10C1F8009B074FEAC40405D0304625F01DFC04F522
:10C208000C740444E823781E584304FB0700E4E751
:10C21800806C03089422144B10B51C68002102FBA3
:10C228000044204625F0EAF8104B04F108001B688A
:10C238000021DB7863761FF0F6FD4FF00823636278
:10C24800072384F82A30236A094A43F01303236238
:10C25800084B2046A364084BC4E91D32C4E92132C7
:10C26800BDE810401EF0E4BCD01700209418002050
:10C27800555555001300FFFFD6BE898EF0B5104BFB
:10C2880002461E6893F804C035464FF0FF34002379
:10C298009C4508DC91B1631C10D0942303FB046017
:10C2A80080F84A20F0BD95F84A7028469742F9D0A0
:10C2B800FF2F08BF1C4694350133E9E70020F1E75A
:10C2C800D017002070B50446234D002842D008300E
:10C2D80001F00EFE0026FF2304F1300084F84A30F6
:10C2E800E66125F024FB04F1340025F020FB04F17D
:10C2F800380025F01CFB04F13C0025F018FB04F184
:10C30800540025F014FB2868144B201A8010584359
:10C31800C0B21EF045FC014630461EF03CFC606C85
:10C3280010B100F077FF6664A06E18B11EF055FCDE
:10C338000023A366E06E1EF05BFC0023E36670BD7D
:10C34800286806FB0400FFF7BDFF01342B79A342E0
:10C35800F6DCF4E79426F9E7D0170020AD1B4C91E2
:10C36800F7B5044621F051FAC0F30F23542B3ED9F8
:10C37800AA2B34BF01230223C0B27E288CBF02221D
:10C38800012203218DF804301344B3FBF1F000EBD4
:10C3980040001B1A8DF805301344B3FBF1F202EB91
:10C3A80042029B1A8DF80630002318461D461A468D
:10C3B800104901AF4B7517F8016B44FA06FC1CF0E5
:10C3C800010F06D053009E40012330430132C0B212
:10C3D800D2B20135EDB2032DEDD103B148754B7DD5
:10C3E80043EA82134B75FF230B7503B0F0BD00239E
:10C3F800C2E700BFD0170020064B1B68D97ADA784D
:10C40800437E5B1A9342A8BFDAB2002142761EF03F
:10C418004BBC00BF94180020B0F864302BB9836877
:10C4280013F4601F08BFA0F8643011B1012913D0BC
:10C4380070474369417E23F010034361084B1A6833
:10C44800D37A92780B449342D8BFDAB2C369427662
:10C4580023B101211EF028BCFFF7CEBF704700BFF3
:10C46800941800202DE9F0410025354E8AB0337923
:10C47800AB4203DC01200AB0BDE8F08194233468A4
:10C4880003FB054494F84A30FF2B0DD0236A98012A
:10C4980006D504F15408404625F0C6FA074628B9DF
:10C4A800226A12F0A06F1ED10135E0E7BB7908A916
:10C4B8000C333B44D8689A7A1B8AC2F38012ADF8D1
:10C4C800243000238DF81F2008901A460DF11F0014
:10C4D8001EF094FB38469DF81F2094F84A1008ABCC
:10C4E8001FF034FDD7E7B4F848301D2B18D13C2392
:10C4F800FF210020CDE90431CDE902000121CDE979
:10C50800000004F15B03C2F3802220F01BF800282E
:10C51800B1D04FF0A06104F120001EF01AFBC3E770
:10C5280012F0807F08BF3C214FF0000218BF432162
:10C5380094F8293094F84A001FF0AAFEE7E700BFF4
:10C54800D01700202DE9F0411F46C36904460D4667
:10C5580016468BB169B928F0D9FC06462946E06E23
:10C568001EF042FB204629461EF087FB304628F085
:10C57800BFFC0020BDE8F0810029FAD0036A03F06F
:10C588001203022B00F0BC80236ADD0700F1C08093
:10C5980094F84A30FE2B0CD104F14C0001F0CEFF88
:10C5A80001F0C4FF28B14FF4800104F120001EF00F
:10C5B800C8FA256A624B2B40B3F5807F00F0BB8038
:10C5C800A80531D5C5F3802504F15B080022414652
:10C5D80028461EF019FB002184F84B001EF025FBAD
:10C5E8004146002228461EF014FBB4F8481020B13A
:10C5F80094F94B00002880F297804FF4007104F101
:10C6080020001EF0A6FAB4F8482002F00302012A1E
:10C618000AD1414628461EF0FCFA28B14FF40061C1
:10C6280004F120001EF08DFA236AD90600F18180FA
:10C63800D4E90C122046FFF7B7FD012F0ED040F2C7
:10C648007123A28C5A43904208D9E28C5A439042F3
:10C6580073D800F51C70B0FBF3F0A084394BE3618C
:10C66800002384F82930236AE168B4F8645023F47D
:10C67800803284F82870226221613DB913F0100FCE
:10C688000CBFC8253C25257605F2B3154EB140F2FE
:10C698007121E38C42F48032C3EB06134B432262D0
:10C6A800E362236A43F400232362274B1B68DB7889
:10C6B800637628F02BFC6369074643F0100304F106
:10C6C8000800294663611FF0AEFB012003F0A6FDB8
:10C6D80028B963691A075CBF43F00403636126B194
:10C6E80021F0CFF8E36A0344E362204603F0A0FD9B
:10C6F800384628F0FDFB0121E06E1EF075FA38E798
:10C70800406B25F099F900287FF43EAF0C2031E703
:10C71800636C002B7FF43CAF00F026FD60640028BA
:10C728007FF436AF092025E701F001011EF07DFAFC
:10C7380069E7064B93E712201CE745201AE700BF7C
:10C748000001400083AB02089418002055C8000877
:10C7580070B500249426094D2B79A34200DC70BDE6
:10C76800286806FB040090F84A30FF2B04D0002309
:10C778001A461946FFF7E6FE0134EDE7D017002008
:10C788002DE9F04304468F798BB00C370DF104097D
:10C79800CD1901220E460DF1030049461EF03FFA5D
:10C7A800636C8046039300236364236AE879C3F3C8
:10C7B80000138DF825302989F75904F08FFE224B94
:10C7C80007441B6805975B7905F118026376012316
:10C7D80006928DF8103005F10C03B8F1000F28D03F
:10C7E8009DF80330CDF81C908DF820309DF8252059
:10C7F80094F84A308DF821300123FAB98DF82230A7
:10C8080094F8933003F00F038DF823306B7903A865
:10C818008DF8243000F0AEFD20F0DAFF012120462B
:10C828001EF02BFA304611F00FFE01200BB0BDE8C8
:10C83800F0830793AB7AC3F38013D5E7AA7AC2F3E0
:10C8480040128DF82220DFE794180020012810B547
:10C858000C461ED0022824D040BB08461EF036FCE9
:10C8680040F27121A38CE28C94F82A00D21AE36872
:10C8780003F59C53083301FB02332361FFF770FD76
:10C888000B4B20469968236BBDE810400B6003F002
:10C8980005BF03F031FE844208D1BDE8104020F006
:10C8A80097BF0846BDE81040FFF7A6BD10BD00BF02
:10C8B800D017002038B50A4D0020FFF703FDAB68FC
:10C8C80013B100221A60DA801FF0C2FB00242B7912
:10C8D800A34200DC38BD2046FFF79CFC0134F6E794
:10C8E800D017002070B52B4C0546A06818B111F080
:10C8F800ABFD0023A360FFF7DDFF00201EF054F915
:10C9080055B9032025712560E58211F00DFD2079C8
:10C918001EF04AF928B970BD022025F0CCF9A060B4
:10C9280048B90025A0682571256070BB00201EF05D
:10C938003BF90720EFE70026032025712660E682F1
:10C9480011F0F2FCB542E2DD05EBC50105EB810112
:10C95800890033460122032089B211F0A1FC064662
:10C968000028DED1032011F001FD20600028D8D076
:10C97800942231466A4324F041FD2379B342C6DD4F
:10C988003046FFF747FC0136F7E711F05DFDA5607B
:10C99800CCE700BFD017002006222DE9F341354B24
:10C9A80006469C688846A5790C35635D671903F0CF
:10C9B8004F036355B0F848307A70103B0D2B31D8CF
:10C9C800DFE803F055305107300C3030303030306C
:10C9D800300C635D6FF30303635523E00123625D4D
:10C9E800006A63F3030262550C2210F4006F7A7038
:10C9F80006F15B0107F108020CD001924FF0FF32FB
:10CA0800C0F3802000921A461EF001F9635D43F0DE
:10CA18008003E1E7D6F85B30BB608B889380336A8C
:10CA28005B05F3D4B6F84820635D304662F34513DE
:10CA38006355B91C1EF0CFFB635D60F38613635525
:10CA4800A3797A7802331344E371B6F8483003F0D7
:10CA58001403142B04D0B8F1000FC4BF42447A70F9
:10CA680002B0BDE8F081635D62F30303B4E702221C
:10CA7800635DF9E7D01700202DE9F0438B7906466E
:10CA88000C33CC18237985B0DA0737D5E77A252F08
:10CA980034D8484B9A6893790C33D118D35CA27A6E
:10CAA800C3F38013B3EBD21F28D1056A0622EB0625
:10CAB8004CBF0231043104F1120024F075FCE8B9CE
:10CAC80094F80A901EF0A7F805F4C04580F0010319
:10CAD8002A1EC9F3801904F10C08414618BF012227
:10CAE8004846DBB220F0EDFE014650B1A37A03F0D0
:10CAF8000F03032B1BD1336A980712D44FF0FF3072
:10CB080012E01EF08EF80028F8D1A37A03F00F0384
:10CB1800002DEED0032B85F4C0451CD1A904EDD51A
:10CB2800E9E70C2FEAD1032005B0BDE8F083052B17
:10CB3800E4D1306AC207E1D500F01403142B0FD0FA
:10CB4800012202A90DF107001EF069F808BBA17ABD
:10CB5800C1F3801121E0052BD0D16B04E9D4CDE7D6
:10CB680006F15B052946C0F380201EF049F800282D
:10CB7800E6D1A27A336AC2F38012C3F380239A42C1
:10CB8800BCD106222946404624F00EFC0028B5D127
:10CB9800D6E79DF807100DF10808404600F068FB3D
:10CBA8000028ABD104F118001EF0C9FA0028A5D05E
:10CBB8000520B9E7D017002030B5174B826A1B68EB
:10CBC8001206597926D5028F1C79436B1203B2FBE2
:10CBD800F3F2631AB2FBF3F2B0F89C3003B1013BF5
:10CBE800D0F8A05005B15B101B02B3FBF2F35B1841
:10CBF8000CD090F895200F2A08D91209B3EB820FB0
:10CC0800B8BF00234FEA8201A8BF5B1A9C42A8BFA5
:10CC18001C46E1B2417630BD94180020084B9A7E3C
:10CC280082420AD94FF4A4721B6802FB0030836A5F
:10CC380013F0100F08BF002070470020704700BF96
:10CC4800E8170020084A09491368C31AD810002BAE
:10CC580001FB00F005DB937E8342D8BF4FF0FF3025
:10CC680070474FF0FF307047E8170020199C8FC1BC
:10CC780070B504460E4628F049F93146054604F1D8
:10CC880030001EF0D0FA2046FFF7DCFF012181407A
:10CC980005481EF0C8FA4FF4807009F0C7FC284612
:10CCA800BDE8704028F024B90C180020F3292DE9BC
:10CCB800F84304460D468D4E1ED1338D5BB9A368EB
:10CCC80013F4601F6ED0238F626B1B01B3FBF2F36A
:10CCD800F32D9FB225D120461EF046FBB4F89C30B8
:10CCE800002B38D1A26A984612F0800F0CBF3E2262
:10CCF800082284F8772030E0736959064BD5836A97
:10CD08001A0748D5336900F1400143601FF067FEF8
:10CD1800338D002BD3D0238F626B1B01B3FBF2F34F
:10CD28009FB2618FB4F89C209BB25B1A9A423BDC9D
:10CD3800736994F836019B074CBF0021022120F04B
:10CD480010FE40F2022372699343C4D12046A4F82E
:10CD58009C701EF00AFB4FF001082046FFF72CFFDD
:10CD6800FFF770FF87B238461DF030FF814638461E
:10CD78001DF02AFF30B138461DF01CFF002138464F
:10CD88001DF021FFF32D04D0A36A180701D5628F87
:10CD98008AB9012334E0318D238F626B00298ED04C
:10CDA8001B01BBE733858EE7737F002BC9D00321B6
:10CDB80094F83601C3E713F4C05FEAD1726912F040
:10CDC8000C0FE6D140F202239343E2D1D4F8A43009
:10CDD800002BDED12046FFF735FF80B21DF0EEFEB6
:10CDE8000028D6D12046A18F1FF081FF031E6CDDDD
:10CDF800628F0132934268DC012BCAD0013B9BB29F
:10CE0800A4F87C3038461DF0D7FEB4F87C301844BE
:10CE1800A4F87C0038461DF0CEFE236B590409D5D2
:10CE28004FF4804104F130001EF005FA002120463D
:10CE3800FFF71EFFA58FB4F87C302B44A387B8F109
:10CE4800000F07D020461DF09FFE2046A18F1FF03F
:10CE580002FE804638461DF0B9FE48450DD0A36A4B
:10CE68001A070AD43846A5871DF0A6FEA38F0130FD
:10CE780080B2A4F87C001844A087A38FAB4202D2EA
:10CE880038461DF09FFEA36A1B0702D4184B1B6887
:10CE98009847B4F87C20B4F89C3094F870109B1A2A
:10CEA800A4F89C3094F86F3002FB01332522B3FBC1
:10CEB800F2F102FB113384F86F30B8F1000F07D09C
:10CEC8002046BDE8F8431EF000BB638F013396E7A8
:10CED800204608211FF0FBFD20460221FFF7C8FE6F
:10CEE8002046BDE8F843012103F0F0B9E817002017
:10CEF8001C1800200022074B10B55A772022044640
:10CF08005A611EF0DCF984F8360120461EF03AFB1F
:10CF180010BD00BFE8170020012810B50C462AD024
:10CF2800022830D000283DD191F8953060F30713DE
:10CF380081F895300846FFF7DDFFA36A20461B07F6
:10CF480016D503F041FD042001F08EFB50B3164ABC
:10CF5800937F3BB3D37F0133DBB2D37792F82120A1
:10CF68009A421FD8BDE810404FF0806009F05EBBC0
:10CF780003F014FFE7E703F0BFFA844212D1BDE8DB
:10CF8800104003F015BD91F895302046C3F3031205
:10CF9800013262F3071381F89530BDE81040F321A0
:10CFA800FFF784BE10BD00BFE817002010B501F0E0
:10CFB800BBFBFB22114B10F0020F1A770CBF0122AA
:10CFC80003224107197E48BF42F0040262F30301BD
:10CFD80019761A7EC2F3030161F307121A764FF429
:10CFE800417100221984DA76DA835A621A611A8545
:10CFF800034BBDE810401B68184700BFE817002026
:10D00800141800202DE9F843504C0546A06818B1C3
:10D0180011F01AFA0023A360022011F085F9EFB28B
:10D0280000201DF0BFFD38461EF065F906460028B1
:10D0380038D138461EF06AF9A0BB002D52D005EB56
:10D04800850105EBC101C90033460122022089B2DE
:10D0580011F026F900BB4FF4A4790220A77611F04D
:10D0680085F909FB05F831464246206024F0C6F9E7
:10D0780032462368681E03EB090182422ADB002D31
:10D08800A8F5A4724FF00001D8BF00223846995085
:10D0980063601DF08BFD50B30020C4E90000A0764A
:10D0A8001DF084FD002500201EF025F900201EF04B
:10D0B8002DF92846C4E90055A5761DF077FD2846C8
:10D0C8001EF00BF928461DF06DFD022011F02CF919
:10D0D800072637E009FB02FC013243F80C1001F582
:10D0E800A471CAE7C4E90055A5761DF05FFD28467E
:10D0F8001DF058FD0028D5D138461EF0EEF800285E
:10D10800D0D138461EF0EFF807460028CAD1002DC6
:10D1180016DD022024F0CFFD0223A060C3718379BD
:10D128003946C3F102020C33D2B2184424F066F92E
:10D138000121A3689A7913441A7B61F301021A73D7
:10D14800FFF734FF3046BDE8F88300BFE81700203A
:10D15800014B987E704700BFE8170020014BD87E2E
:10D16800704700BFE8170020F8B5284D27F0CEFE1D
:10D178006C681CB927F0BCFE2046F8BD4FF4A476B5
:10D18800012723686B60EB7E0133EB7627F0B0FE56
:10D1980032460021204624F031F904F128004021CC
:10D1A80067611EF040F82B8B0722A4F8443194F8ED
:10D1B8003731002167F3030384F837314FF6FF73E3
:10D1C800A4F87A302B7FA4F8866084F8423144F2C0
:10D1D8009023A4F8403194F8853004F1080062F3F4
:10D1E800030384F885300A4BC4F8883003F1CE5322
:10D1F80003F59813C4F88C3041F61B33A4F890302B
:10D208001B2384F892301EF00EFEB5E7E8170020C5
:10D218004801480170B5044600261EF032F904F1B1
:10D22800080000F065FE104B20461B689847C4E9CB
:10D238000A6627F06BFE4FF4A47231460546204675
:10D2480024F0DCF809490B4653F8042F42B91C6056
:10D25800CB7E2846013BCB76BDE8704027F048BE20
:10D2680013461268F2E700BF18180020E8170020DC
:10D278002DE9F04106464FF480400F4601F0F4F9DD
:10D28800044630B90E4B1D6893F81A807135A045D5
:10D2980002D80020BDE8F08155F8493CDA0609D5E6
:10D2A800C3F38003BB4205D106222946304624F049
:10D2B8007BF818B1013405F5A475E8E70B20E9E718
:10D2C800E8170020B0F8943010B55A1C62F30B032D
:10D2D8000446A0F89430042001F0C6F9C0B12046F5
:10D2E800FFF7B0FC80B21DF063FC78B14188094AB1
:10D2F800937F0B44DBB2937792F820209A4207D8A9
:10D30800BDE810404FF0806009F090B90121EEE7C8
:10D3180010BD00BFE817002038B58B7905460B44CF
:10D328009B7D0C4603F00303032B09D101212C300C
:10D338001DF079FF4FF4006105F128001DF073FF1F
:10D3480021460548A56024F0D9FBBDE838404FF0D8
:10D35800005009F06BB900BFF4170020014B187793
:10D36800704700BFE8170020014B187F704700BFC7
:10D37800E81700202DE9F04FD0E9027590F9181050
:10D3880087B00291417E046890F80480D0F810A01C
:10D39800037D427D90F816B090F81790002940F070
:10D3A800ED80A9F1030101298CBF0226032603930E
:10D3B8002B8984F89B202A4652F8101BBBF10000E9
:10D3C80018BF0120C4F8281104F14401019305F0A5
:10D3D80013F920461FF074FB20461DF099FF20F03A
:10D3E800C6FA4946024620461DF08CFFC822204650
:10D3F8000DF11601ADF816201DF077FF47F6FF7204
:10D40800A4F83021AA88039BA4F82C21AA7984F8CF
:10D418002E21DAF80020C4F87120BAF8042004F1AB
:10D42800280AA4F875201BB1042150461DF0FBFE04
:10D43800BBF1000F04D04FF4005150461DF0F3FE2D
:10D448004FF4607001F010F9C0F3C0134FEA831B6A
:10D45800C30548BF4BF0800B810548BF4BF4807B68
:10D4680027F054FD4FF48261039050461DF0DBFE17
:10D47800594604F12C001DF0D6FE039827F038FD1C
:10D48800A8F10203012B7BD84FF4002150461DF070
:10D49800CAFE01212046FFF7EBFB042120461FF0BE
:10D4A80016FB6B7D2046C3F3040384F870306A8949
:10D4B80052006263697B2A7B42EA01226287E97B28
:10D4C800AA7B42EA012222876A7D84F86F30C2F380
:10D4D800421284F83E2000220523A2870122A4F8E4
:10D4E8009C30A4F87C2002991DF017FF01F016F972
:10D4F80020F40060C4E908012046FFF75DFB3D49C0
:10D508003D4AB1F828B008F0FD03BBF1000F6CD11B
:10D51800002B3BD140F2C71B6760E26120460F61D8
:10D528001DF092FEB9F1010FE0600AD094F837318E
:10D53800204669F3030384F8373109F00F011EF020
:10D5480099F804F1080059461EF06DFC012002F01C
:10D5580065FE28B963691A075CBF43F00403636179
:10D5680040F271216B892046013B59431DF08BFE27
:10D57800204602F05DFE07B0BDE8F08F012616E7F1
:10D58800B8F1010F85D140F2014183E74FF4D77B11
:10D59800E26140F27128019B760006EB430608FB26
:10D5A80006F6374440F608015046676004F1400724
:10D5B8001DF039FE394620461FF011FA3346394628
:10D5C800204604F1340201F0BDF8EB7901225B003A
:10D5D8003946204608FB03F31FF007FA236C204660
:10D5E8009E081DF031FE30449CE76760E261002B25
:10D5F800CFD193E7E817002021CF000870B51D466A
:10D60800C36A04461B07164613D408212C3025F498
:10D6180010551DF008FE25F01005064B2D0433406B
:10D628002D0C2046C4E90835BDE870404021FFF7BD
:10D638001FBB70BD2FCF87F72DE9F04F85B004468B
:10D648000191084689B34B799A071FD424F0F4F95D
:10D65800019D70B96B79DB0705D54FF4803104F172
:10D6680028001DF0E0FD01A824F061F905B0BDE82F
:10D67800F08FA36ADF0309D54FF4803104F1280045
:10D688001DF0D9FD6B7943F001036B71019E27F002
:10D698003DFC737931469E0705461ED504F1AC0062
:10D6A80024F03BFA284627F023FCDFF8909127F076
:10D6B8002DFCA36A0746DD0514D5D4F8AC3043B178
:10D6C8009A7913441B7B3A2B03D829FA03F3D8071A
:10D6D80011D4384627F00CFCC8E704F1A80024F060
:10D6E8000DFADFE794F94631022BF2DCD4E92A235C
:10D6F80072B9002BEDD004F1AC0024F036F90546E0
:10D70800384627F0F5FB294620461EF07BF9CEE780
:10D71800002BF0D194F89280039304F1A80BD4F86D
:10D72800A86096F807A0B379AAEB030A5FFA8AFA09
:10D73800C24527DC584624F077F90546A8EB0A08C5
:10D748006B7929466FF3C3036B7103A824F0D6F9EC
:10D75800D4F8A8302BB15B79990702D1B8F1000F42
:10D76800DDD1039B002BB4D09B79022B40D800203D
:10D7780024F0A1FA014670BB039904F1A80024F033
:10D78800CCF9A6E7002024F096FA054630B90399AB
:10D7980004F1A80024F0C1F903959AE78079B179DA
:10D7A8000C300C3142463144284423F032FEEB79E8
:10D7B80053FA88F3EB71B379727953FA88F3B3713A
:10D7C8006B794FF0000862F300036B7173796FF3A4
:10D7D80000037371B4E7039B4A79587960F3000238
:10D7E8004A715A7903A86FF300025A7124F090F92C
:10D7F800E36A9A0512D50398034600680028FBD10E
:10D80800DB79C3F14503DBB2032B07D824F053FAC5
:10D8180001460028B0D003A824F070F9D4F8A83045
:10D8280013B15B79DB0704D5039A537943F00803F6
:10D838005371384627F05CFB039965E77C2C02009E
:10D8480070B5036B0446990786B001D51DF019FE23
:10D85800236BDA0733D5A66A330723D516F4002FCE
:10D8680014BF032501252046FFF7ECF994F89B30F7
:10D87800294605930023049394F83E30C6F38002AA
:10D888000393238F80B20293638F0193636BC3F377
:10D898004F03009304F171031EF054FE30B90020C9
:10D8A80006B070BDB50C05F00205DCE7012104F1F6
:10D8B80030001DF0C0FC4FF400511DF0B4FC236B88
:10D8C800980410D52046FFF7BDF9A16AC0B2C1F38C
:10D8D80040311EF054FB0028E1D04FF4005104F110
:10D8E80030001DF0A8FC236BD90409D5002120467F
:10D8F800FFF7A2FE4FF4805104F130001DF09BFCAD
:10D90800236B5A0512D52046FFF79CF9002394F89B
:10D918009B50C2B2194628461EF0BAFC0028BED059
:10D928004FF4806104F130001DF085FC236B5B0728
:10D9380011D52046FFF786F9616B238F628FC1F3FB
:10D948004F0180B21EF0DEFD0028A8D0042104F1AA
:10D9580030001DF070FC236B1E0709D520461FF010
:10D968001EFC00289BD0082104F130001DF063FC48
:10D97800236BDD0618D52046FFF764F9E16A80B20B
:10D9880011F4805100F0C58000211EF050FE0028DF
:10D9980085D04FF4805104F12C001DF04CFC10216F
:10D9A80004F130001DF047FC236B580615D52046BE
:10D9B800FFF748F994F8773080B20093D4E9082348
:10D9C8001EF018FE00283FF46AAF0023402184F8B7
:10D9D800773004F130001DF02EFC236B190516D5A5
:10D9E8002046FFF72FF900230093B4F89830B4F8D5
:10D9F800962094F89A1080B21EF074FA00283FF42A
:10DA08004EAF4FF4006104F130001DF014FC236B9D
:10DA180013F4804532D19A0516D52046FFF712F93E
:10DA280094F8371194F8772001F00F0180B200F0D4
:10DA3800DBFC00283FF433AF4FF4007184F87750D3
:10DA480004F130001DF0F7FB236B1B0616D52046AA
:10DA5800FFF7F8F8B4F88C3080B2009394F891305E
:10DA6800B4F88A2094F890101EF013FE00283FF4B2
:10DA780016AF802104F130001DF0DDFB236B9E06FC
:10DA880012D52046FFF7DEF894F8771080B21EF022
:10DA9800E5FD00283FF403AF0023202184F8773008
:10DAA80004F130001DF0C7FB236BDD0508D504F138
:10DAB80030004FF480711DF0BEFB20461FF09AF92C
:10DAC800236B180408D504F130004FF400411DF011
:10DAD800B2FB20461DF0CAFD236BD90308D504F11B
:10DAE80030004FF480311DF0A6FB20461DF005FCE8
:10DAF800236B9A0308D504F130004FF400311DF070
:10DB08009AFB20461DF007FC236B9B0704D40120D9
:10DB1800C6E61EF0A3FD3AE70022204611461DF096
:10DB2800F8FB20461DF0F7FB2046FFF78BF894F82A
:10DB3800771080B21EF048FE00283FF4B0AE0221F4
:10DB480004F130001DF077FB2046FFF763FB024B22
:10DB58001B689847DBE700BF14180020F8B50023BE
:10DB6800124A02F1240151E8004F41E80035002D26
:10DB7800F7D1012734B9BDB10D4829461DF053FB33
:10DB88002046F8BD94FAA4F0B0FA80F007FA00F63F
:10DB980024EA0604FFF742F80028EBD0FFF750FE0E
:10DBA8000028E7D13543E5E70120EAE7E817002038
:10DBB8000C1800202DE9F74F04460190002860D08A
:10DBC800C5794FF000080C35054427F09FF9464603
:10DBD80000904FF4A47A40462B4FBA7E5FFA88F93A
:10DBE8004A4517D90AFB09FB3A685A44916ACB0699
:10DBF80044D5B2F89420C2F30B02002A3ED0E27951
:10DC0800C2F14502D2B2032A15D8022024F053F8F3
:10DC1800044640B900230098FB8327F069F9304691
:10DC280003B0BDE8F08F014601A823F067FF00208C
:10DC3800E5790C35254404220123002112FB003329
:10DC480005F82090E9543B6802FB005C5B44B3F89C
:10DC5800943001368CF80230032312FB0032A954A9
:10DC68003B6801305B44B3F89420C0B261F30B0207
:10DC7800A3F89420E379F6B20433E37108F10108BC
:10DC8800ABE70646CBE700BFE8170020F7B56846C4
:10DC980004F0A6FC00254FF4A477124EB37EAB42E5
:10DCA80001DC03B0F0BD346807FB0544A36A03F048
:10DCB8001803102B13D10522694604F1450023F0FF
:10DCC80073FB60B1012120461FF0B5F838B9012077
:10DCD80023F0F1FF014610B1204601F073F9013538
:10DCE800DCE700BFE81700202DE9F74F27F00EF911
:10DCF800424BDA6800920022DA6027F0F9F8009BBC
:10DD080013B903B0BDE8F08F684623F02EFE827980
:10DD1800876802F10C04044401460190A07A0A3293
:10DD280010F0200F14BF0320022002448A71FA6AFF
:10DD380052050FD5E07AA27A42EA002238461EF050
:10DD480041F838B901A823F0F2FD3D2138461DF00D
:10DD580042FFD4E7BA6A94F80AB012F40072019943
:10DD68000BF0030013D003288A79EBD10A44127B05
:10DD78003A2AE7D8224B23FA02F2D307E2D54A79A6
:10DD8800384642F002024A7100F0ECFDB7E703287A
:10DD9800F5D048790BF0030B62F34100487108464F
:10DDA80094F8069094F905A023F046FE019D0646D6
:10DDB800AC793846063CE4B2AC71FEF743FF0C344C
:10DDC800C0F3032305EB040843EA0B1388F8033078
:10DDD8002B46F6B288F80200A8F8046005F804A0FB
:10DDE80088F801905A796FF341025A711B68002B29
:10DDF800F8D128461EF0DAF881E700BFE8170020BE
:10DE08007C2C0200104B1A7842F0F0021A701A7C2F
:10DE180042F0F0021A7493F8202042F0F00283F8DE
:10DE2800202093F8302042F0F00283F8302093F855
:10DE3800402042F0F00283F8402093F8502042F04E
:10DE4800F00283F850207047241800200368054A20
:10DE580023F07F6323F4002302EAC14213430360E3
:10DE6800704700BF0000F80FF8B54488054604F075
:10DE78000704072C1C4E28D127F048F8002211016E
:10DE8800735C06EB02171B090F2B0AD00132062A16
:10DE9800F5D1164A13880133138027F029F8192081
:10DEA800F8BD2B6894B27B801123735427F020F8B7
:10DEB8001FF0E7FC06EB0413D8602B68002023F45E
:10DEC800E02343EA04432B60EAE72301F15CC1F352
:10DED8000312013202F00F02052A28BF002262F362
:10DEE8000711F154E4E700BF24180020342400206F
:10DEF80038B54488054604F00704072C0FD027F0EE
:10DF080005F8074A2401135D43F0F00313552B6805
:10DF180043F4E0232B60BDE8384026F0E9BF38BD64
:10DF2800241800202DE9F0474588074605F0070525
:10DF3800072D894637D01D4C4FEA051814F808609C
:10DF48001FF09FFC04EB051ADAF80C30360906EBD3
:10DF5800C506C01A04EB4606708014F8083003F0B2
:10DF68000F02042A9EBF013262F3030304F808304B
:10DF7800B9F1030F14D114F8081004EB0514A01C10
:10DF880001F00F011FF049FB044626F0BFFF3A6875
:10DF9800074B134023433B60BDE8F04726F0A8BF7A
:10DFA8004FF6FF74F1E7BDE8F08700BF24180020A2
:10DFB8000000FF7F064A08B59268824207D042797E
:10DFC80022F0030242F00302427108F089FB08BD07
:10DFD8008418002010B5064C204623F0A8FC201D0C
:10DFE80023F0A5FC04F10800BDE8104023F09FBC15
:10DFF8008418002010B5022023F05DFE034C6060F9
:10E00800022023F058FEA06010BD00BF8418002035
:10E0180008B5FFF7DFFF0022024BDA60BDE80840D1
:10E02800FFF7E8BF84180020014B5868704700BF0D
:10E0380084180020014B9868704700BF841800209E
:10E0480038B50C4CE3681BB1E36898470023E360DC
:10E0580023686BB1074823F088FC054640B1236864
:10E068001BB14FF0004008F0E1FA28461EF0C5FB4E
:10E0780038BD00BF8418002010B5084CE0604FF090
:10E08800004008F0D3FA00BF00BF00BF00BFE3683C
:10E098001BB1E36898470023E36010BD8418002093
:10E0A80038B58379044603445B7B13F0300F43791A
:10E0B80023F0030308BF43F00103437126F026FF52
:10E0C80005462146054823F019FD4FF0004008F0A9
:10E0D800ADFA2846BDE8384026F00ABF841800206B
:10E0E800F0B5184E85B07568AB790C331D4400F057
:10E0F8001BFBB5F80920B5F807108A421FD8032A78
:10E108001DD903291BD96F79CFB1C04360F0050031
:10E1180010EA070413D1EB78A879CDE901742C79BA
:10E12800009401F0F3FB00280CBF0C22002242F2FD
:10E138004101B06805B0BDE8F0401DF0CBBE11222A
:10E14800F5E700BF8418002010B50D4C626893797C
:10E158000C331A441179D078003918BF01210038DE
:10E16800B2F8073018BF0120B2F8052001F0E2FE2E
:10E1780042F242010246A068BDE810401DF0AABE66
:10E188008418002010B5084C6068837918440F3053
:10E1980000F098F90023A0681A46BDE810404FF631
:10E1A80028411DF055BE00BF84180020242816D829
:10E1B8000F2805D802280CD8B0FA80F0400970471B
:10E1C800084B103880B2C34003F0010383F001000C
:10E1D80070470538012894BF0020012070470120AE
:10E1E800704700BF2D2011002DE9F04F95B0FFF7C3
:10E1F8001BFF42F23603867905460C3630F8068056
:10E20800841998450ED1FFF70FFF022123F05FFB19
:10E218007F22A3780233A370AA55002320222377F4
:10E22800627063770121E078FEF728F8002306463C
:10E23800002800F0D180CDE91233237AE2888DF8E6
:10E248004A30E37AADF84820B4F809208DF84E300A
:10E25800E378ADF84C20A288FE2B4FF6FF7308BF79
:10E268004FF4804312F0050F25D1DDE912018842F1
:10E278001DD900251126FFF7DDFE01233246414650
:10E28800ACB21DF0E5FD002DCCBF0534053C24B231
:10E29800002E40F0A4800A2394FBF3F4E4B2FFF7C5
:10E2A800C9FEC3791844C47215B0BDE8F08F1F28A1
:10E2B800DFD99942DDD8D206E77D657E04D5012FE6
:10E2C80016D000251226D6E7012F74D0032FD0D1FF
:10E2D8006B1EDBB2022BCCD800F026FA04270742CB
:10E2E800C7D0032D08BF04252840C0B20028C0D0DD
:10E2F800E0781CF075FC20B1A088FFF757FF0028D4
:10E30800DFD0384A237F1278002A5CD0042BD8D873
:10E31800637F042BD5D8A388DB065BD41FF027FBCB
:10E328000121C822084004F04DF894F91630B4F8D9
:10E3380004E003EB8303B0EB430F4FEA4302637B34
:10E34800677E0F93A37BE188109304F10F03119369
:10E35800637F94F80C9094F815A094F818B00546CB
:10E36800E07DC8BF15B2B4F809200C93237F0328B9
:10E378000B93E37E08BF0420032F08BF0427003B4C
:10E3880018BF01230A93A37E1FFA85FCCDE9087301
:10E39800119BCDE9060B0293109BCDE904ACCDF897
:10E3A8000C9001930F9B304600935FFA8EF31CF09C
:10E3B800CEFC06465FE76B1EDBB2022B3FF659AF79
:10E3C80000F0B2F98BE7002B7FF453AF637F002B8B
:10E3D800A1D04EE70020A3E7054607264BE7002417
:10E3E8005DE700BF9A240020F8B5074601200D46D6
:10E3F800164623F060FC0446C0B106220C211DF02D
:10E408003AFD691EC9B2032988BF0022A37998BFC3
:10E41800074A03F10C0398BF525C234420469F80AF
:10E42800DE70DA719A71FFF7C5FD0120F8BD00BFF3
:10E43800886C0308F8B5FFF7F7FD83791844B0F83E
:10E448000F60B0B2FEF7EAFB0446C0B11DF094FAC3
:10E458000138C0B2032814D800270B4B1C5CFFF707
:10E46800E9FD054604233A4642F230011DF0F0FC6E
:10E47800AB790C33E818C68004724472F8BD0227E1
:10E48800EDE700242746EAE7886C03080B4610B539
:10E498000649074C0622002808BF2146184622F0E4
:10E4A80083FFB0FA80F0400910BD00BF9C24002013
:10E4B800A2240020024B1A6802609B888380704760
:10E4C800A224002013B50D4C28B10368236083886B
:10E4D800A38002B010BD1FF0E4F9CDE900019DF85A
:10E4E8000230BDF80020A370BDF805302280A4F8E2
:10E4F80003309DF807306371EBE700BFA2240020CA
:10E5080010B5044626F002FD2268064B1A60A28860
:10E518009A80054A137843F00103137026F0E8FC4B
:10E52800012010BD9C2400209B240020024B187859
:10E53800003818BF012070479B240020024B1A683E
:10E5480002609B88838070479C240020024B1869D6
:10E5580008B108F06BB87047100B0020002310B505
:10E568003C4A02F1100151E8001F02F1100C4CE87E
:10E578000034002CF5D140EA0104A10201D501F0D4
:10E58800C1FE220101D503F0B1FC002C01DAFFF72E
:10E5980057FD630001D501F071FCA00001D5FFF71C
:10E5A800A3FBE10007D5FDF75DFF20B94FF08051CF
:10E5B80029481EF075F9620107D51DF0B1FA20B996
:10E5C8004FF0806124481EF06BF9A30105D51FF0B8
:10E5D800C7F9FFF75BFB1CF008FBE00108D51CF04E
:10E5E80080FE072804D14FF080711B481EF058F9AF
:10E5F800610201D51CF0F3FA220201D51CF0CAFA17
:10E60800E30207D51CF06BFE20B94FF480111248C5
:10E618001EF046F9A00507D500F03AF920B94FF4E5
:10E6280000710D481EF03CF9E10507D5FFF796FA91
:10E6380020B94FF4807108481EF032F9620503D5FD
:10E648001DF004FC1DF003FC230501D51EF030F974
:10E6580010BD00BF100B0020200B00200146014810
:10E668001EF01EB9100B0020014B1B6818407047A4
:10E67800100B002010B5044BD3E9064204430A43AB
:10E68800C3E9064210BD00BF100B002070B51E4D37
:10E6980004462B68002B03DAFFF7BAFC002031E0B0
:10E6A8004CF20C000021FFF7E5FF0023174E336002
:10E6B80024B163682B60A36803B133604FF0004056
:10E6C800FFF7CCFF33680BB9114B3360114B12487D
:10E6D800AB6000232B730FF0F3FEFFF793FB20468C
:10E6E80002F0F0FE70B92CB1B4F90E10B4F90C00B8
:10E6F80002F022FF1FF03FF903F036FF01F03AF86D
:10E708000028C9D070BD00BF100B0020941800204D
:10E718001D2B002055E50008140B0020014BD3E900
:10E7280006017047100B0020054B9B69DA054CBFAA
:10E73800032001201B0548BF40F00400704700BFBC
:10E74800100B0020F8B517461C460D46064603F088
:10E75800D1FA1C4BBA7A1C4953F8222053F82030BE
:10E768008C421A4424D9194B9C4214D9184B013CA9
:10E7780093FBF2F3002BB8BF03339A1004EBA30406
:10E78800B4FBF2F371682A68A1EB930102EB430230
:10E7980071602A60F8BD0F4B0F49A3FB04435B0966
:10E7A80002FB03F303F6C313A1FB0313DB0AE9E738
:10E7B80002FB04F3094A03F574338F33A2FB0323E6
:10E7C8001B0CDFE7D86C03084C6210001366660662
:10E7D80040420F001F85EB515917B7D183DE1B4309
:10E7E800024B1A6802601860704700BF9C1800202E
:10E7F8000022024B1A6000F053BA00BF9C18002098
:10E808002DE9F84306461CF0D0FD0446002835D013
:10E8180045784DB926F07AFB237863701B4B1B684B
:10E828002570636026F064FB4FF00108677837B9FC
:10E8380023781BB34FF4007007F0F8FE1EE097FA38
:10E84800A7F5B5FA85F508FA05F55FFA85F963685D
:10E8580033B90E4B27EA050565701B686360E5E769
:10E868009B681BB963681B686360F0E749463046DC
:10E878009847012805D163681B6863600120BDE8DB
:10E88800F8830228EED10020F9E700BF9C18002089
:10E8980070B500250D4EFEF75BFCA84201D801209B
:10E8A80012E03068FEF7BAF950B93468FEF750FC48
:10E8B8000134B4FBF0F303FB104401353460EAE79C
:10E8C800FFF79EFF0028F0D170BD00BF9818002008
:10E8D80010B50446837903441B7B3A2B96BF044A40
:10E8E800FF21D15C22F0F3FFA0790C30204410BD49
:10E8F8008C6C0308F8B5174606460C461D461CF0F6
:10E908004CFD020713D5022130461DF01FF970B1E6
:10E91800112120461EF0F3F82046FFF7D9FF457075
:10E92800877021463046BDE8F840FEF785BE2920AD
:10E938000B49C5F12002A5F12003E94000FA02F2D3
:10E9480020FA03F311431943CB07E1D40D212046E4
:10E958001EF0D5F82046FFF7BBFF4770E1E700BF80
:10E96800000040842DE9F34105460C4601911CF056
:10E978000CFD830605D501A822F0D9FF02B0BDE839
:10E98800F081019FBE790C36BB5D3A2B18D8164A28
:10E9980012F80380B8F1FF0F12D0384623F04CF874
:10E9A800013840450CD1114B1E6896B921462846BE
:10E9B800A37923441A7B02B0BDE8F0411EF0B3B836
:10E9C800019822F0B4FF2846BA5D01991EF0ABF811
:10E9D800D4E773680BB93668E7E7214628469847B5
:10E9E8000028F8D0CAE700BF8C6C03089C180020E8
:10E9F80037B504460D4620211CF0C9FC294620469F
:10EA08001CF017FD214601201EF034F92146002094
:10EA18001EF030F9012000232146034A00901EF021
:10EA2800BAF803B030BD00BF5BCA020837B5044668
:10EA38001EF09EFA032120461CF0FEFC002503462A
:10EA480021460120034A00951EF0A5F8284603B088
:10EA580030BD00BF53CE02082DE9F34104460D46F0
:10EA6800014601201CF088FC0121074628461EF0BB
:10EA780046F82846FFF72CFF064600F101084046F5
:10EA880003F0AEFDD6F801300221C7F812307379D1
:10EA98002046BB751CF0D0FC29460746F08020466E
:10EAA8001EF02BF820232146009301203B46034A01
:10EAB8001EF071F8002002B0BDE8F08139CF0208DD
:10EAC8007FB504460D46014601201CF055FC50E870
:10EAD800003F43F4806340E80036002EF7D120461B
:10EAE8001EF03AFAD8B320461CF057FC430715D558
:10EAF8003346324620460DF10F011CF024FF9DF8E5
:10EB08000F30062B0AD828460FF09EFC012200235E
:10EB18002046FEF773FD002004B070BD0E21284684
:10EB28001DF0EDFF2846FFF7D3FE0646FFF7F6FD7A
:10EB3800C6F80510FFF7F2FD2946C6F80100204681
:10EB48001DF0DBFF032120461CF076FC0022034663
:10EB5800009221460120034A1EF01DF8DBE7082138
:10EB6800DDE700BF57CE0208F7B50D460446174645
:10EB78001EF0F2F980F001002146C0B21CF0FCFB47
:10EB8800C668012DB37907D03A462946204603B016
:10EB9800BDE8F0401EF00BBA0C3320461E44FEF7C9
:10EBA80051F8718980B21CF014F81022738921463B
:10EBB80000920020024A1DF0EEFF284603B0F0BD87
:10EBC800B7CF02082DE9F74F074688461CF0E5FB4A
:10EBD80010F480165DD1022023F06DF80546002858
:10EBE80059D098F8063031460C334344B3F80490B2
:10EBF800B3F806B0B3F808A01DF081FF2846FFF768
:10EC080067FE0221044638461CF016FCA4F804905E
:10EC18006081A4F806B0A4F808A01EF0F6FD09F17A
:10EC28000109B0FBF9F303FB19000223608063704C
:10EC3800AB7988F80630EA7903F10C0088F80720E8
:10EC4800D21AD2B22918404422F0E3FB39460120F7
:10EC58001CF092FBC0F80C803846FDF7F3FF618981
:10EC680080B201391BF0B5FF1022638939460120B3
:10EC780000920A4A1DF08FFF4FF4803138461CF08D
:10EC88008EFB384629461DF038FF304603B0BDE8F4
:10EC9800F08F2320FAE70720F8E700BFB7CF020874
:10ECA80010B5054C054A204605491EF0BFF8204618
:10ECB800BDE81040FFF794BDA018002043D002081B
:10ECC80035EE0008F7B58B7904460C33CE18CB5CCB
:10ECD8000D46023B0F2B00F2A080DFE803F0089EF0
:10ECE8009E9E9E739E829E9E2C689E9E9E4F26F0A0
:10ECF8000DF97178074620461CF09BFB2021204621
:10ED08001CF045FB214601201DF0B4FF21460020E0
:10ED18001DF0B0FF01230093002321461846404A06
:10ED28001DF039FF28460FF08FFB384626F0E0F833
:10ED3800012003B0F0BDB388728871781CF0E9FD3A
:10ED480020461CF02AFB830708D4294620461EF0DB
:10ED58000FF9012120461DF0BAFEE9E721460120FE
:10ED68001CF00AFB2F4B82689A4203D121460120EE
:10ED78001DF050FF28460FF067FBEAE77778084652
:10ED8800B6780FF061FB162F05D1324603212046D5
:10ED98001EF044FBCCE7214601201CF0EDFA836805
:10EDA800002BC5D03246032120469847C0E70146CC
:10EDB80001201CF0E1FA0746284676780FF044FB5C
:10EDC800BB68EDE7014601201CF0D6FA0746284645
:10EDD80076780FF039FBBB68002BA9D032460421A6
:10EDE800E2E7014601201CF0C7FA0F4B82689A42FD
:10EDF80003D028460FF028FB9AE7D6F80120D6F86A
:10EE080005302046FEF7FAFB28460FF01DFB214689
:10EE180001201DF0FFFE02219CE7002089E700BFCA
:10EE28006DCF020853CE020857CE02082DE9F341F0
:10EE38000D4604461EF090F8AB7900287DD00C33BF
:10EE480015F80380EE18B8F1010F53D0B8F1080F88
:10EE58004BD0B8F1000F63D1204671891DF089FEAF
:10EE6800B38872889A4294BF07460027092B38BF97
:10EE780009237278013B9BB29A421BD8002A08BF2B
:10EE880000272046FDF7DEFE1FFA80F840461BF0FB
:10EE98008FFE88B14388B18800930846F388328989
:10EEA8001DF0ADFD50B928460FF0CEFA012002B092
:10EEB800BDE8F0814746E4E70123ECE7002FF2D0F4
:10EEC800214600201CF058FAC56071894046013976
:10EED8001BF07FFE102273890092013B1B4A9BB2F4
:10EEE800214600201DF057FEE0E7294620461DF088
:10EEF800D1FFDBE72046F1881DF03BFE0746701C7A
:10EF08001EF047FD0028CED0002FCCD0214600208F
:10EF18001CF032FA2023C5600093F3880C4ADFE71F
:10EF2800294620461EF067FB0028BFD12946204607
:10EF380002B0BDE8F041FFF7C5BE2B441B7B0E2B8A
:10EF4800D3D0294620461EF045FBEDE771EB0008BB
:10EF5800F1CE020838B504460D461CF01EFA4207E9
:10EF68000BD420461CF019FA830706D429462046FC
:10EF7800BDE83840034A1DF0EEBE28460FF064FA9B
:10EF8800002038BD35EA000838B504460D461CF0A7
:10EF9800FCF900F0180010280CD120461CF0FDF9EF
:10EFA80010F4C02F06D129462046BDE83840044A4F
:10EFB8001DF0D1BE28460FF047FA0C2038BD00BF1F
:10EFC800CDEB0008014A1DF0C6BE00BF61EA00088B
:10EFD80070B505460C46014601201CF0CDF90646E1
:10EFE80028461CF0DAF9020704D520460FF02CFA5F
:10EFF800002070BD33685B05F7D428461DF0ACFFD0
:10F0080040B121462846FFF7A5FF18B922F053FE64
:10F01800044630B121462846BDE87040024A1DF03A
:10F028009ABE0720E5E700BFC9EA000873B50446A1
:10F038000E461CF0AAF900F0300010284FF002002C
:10F0480031D122F038FE054678B34379022143F0E6
:10F05800020343711DF053FD2846FFF739FC29468A
:10F06800467020461DF049FD162120461CF0E1F9A6
:10F07800202120461CF08BF9214601201DF0FAFDC5
:10F08800214600201DF0F6FD20461DF099FE0121C5
:10F0980020461CF0D1F90346012021460090044A7D
:10F0A8001DF079FD002002B070BD0720FBE700BF0E
:10F0B80081CE02082DE9F04387B004460E461CF0C5
:10F0C8006CF900F4C060B0F5C06F06D1022022F0E0
:10F0D800F2FD054610B9072054E00025214601201D
:10F0E8001CF04AF9814696F8068000F1120208F1F0
:10F0F8000C08B04408F10F0308F11F0153F8040B82
:10F108008B4242F8040BF9D1032130461DF0F7FC7D
:10F118003046FFF7DDFB0A22074608F105010130FA
:10F1280022F052F90C210DEB010000F037FB03AB84
:10F1380003CBC7F80B00C7F80F10059B07F10B02AC
:10F14800C7F813300DB30A2128461DF0D8FC28460D
:10F15800FFF7BEFB294620461DF0CFFC4FF4807117
:10F168002046C9F80C601CF012F9032120461CF057
:10F1780063F900250346214601200C4A00951DF03D
:10F188000AFD284607B0BDE8F083204607F11303BF
:10F1980001211CF076FD204631461DF0AEFC2046CC
:10F1A800C9F80C501CF089FDDFE700BF85D00208C4
:10F1B800F0B589B00D4604461DF05AFFAB7900281A
:10F1C80000F0A3800C33EA18EB5C033B082B00F239
:10F1D8003881DFE813F00900360136018400360172
:10F1E800360136015D007E00D2F80100D2F8051024
:10F1F80003ABB2F8097003C302F1130301210B3208
:10F2080020461CF03EFD042128461DF078FC2846C7
:10F21800FFF75EFB06460C2105A800F0BFFA05AB18
:10F2280003CB3346C6F80100C6F80510079A00213B
:10F2380043F8092F2046721C1CF023FD21460020AC
:10F248001CF09AF8034603AA478303CAC3F81200BE
:10F25800C3F8161020460821FDF70AFD4FF4007187
:10F2680020461CF094F820461CF027FD294620462D
:10F278001DF043FC032120461CF0DEF80346002065
:10F288002146714A00901DF086FC012009B0F0BDAE
:10F298000B2128461DF033FC2846FFF719FB2946A9
:10F2A80020461DF02AFC25F031FE05464FF440713A
:10F2B80020461CF06CF84FF4805120461CF06FF883
:10F2C800284625F015FE4FF4806120461CF06AF8A8
:10F2D800DBE728460FF0B8F84FF40071F5E7062190
:10F2E80028461DF00CFC2846FFF7F2FA20461CF0D1
:10F2F8003BFB294620461DF000FC20461CF003FD80
:10F30800214600201DF086FCBFE72B441B7B043BF5
:10F31800072BBBD801A252F823F000BF45F3000821
:10F328006BF30008CDF3000895F2000895F2000889
:10F3380095F2000895F20008E3F3000820464FF420
:10F3480000711CF024F8AA7920460C322A4402F1F4
:10F358000903002101321CF094FC28460FF074F8D0
:10F3680093E74FF48060FFF77FF9B0B100274FF4BF
:10F37800006120461CF00BF82046CDE90577FDF723
:10F3880061FC064620461BF0FEFF39460346009501
:10F3980005AAB0B21DF0C0F977E7214601201BF09D
:10F3A800EBFF00F1120120461CF0C2FC06212846A2
:10F3B8001DF0A5FB2846FFF78BFA294620461DF0CD
:10F3C8009CFB62E728460FF03FF8214601201DF01C
:10F3D80051FC20461CF097FC57E725F097FD0646A0
:10F3E8004FF4007120461BF0D2FF4FF480512046A5
:10F3F8001BF0D5FF304625F07BFD4FF4C061204659
:10F408001BF0D0FF294620461DF077FB214601203E
:10F418001BF0B2FFC268054682B1937901210C3313
:10F428001A4402F1130320460B321CF02AFC204632
:10F438001CF043FC2046E9681DF05FFB0023EB60ED
:10F4480023E7002022E700BF85D0020810B5074C4B
:10F458000749204600221DF0E9FC2046FFF7C0F9C5
:10F46800BDE8104001200021FFF704B9AC180020C6
:10F47800B9F1000838B505460C461BF086FF00F0C8
:10F488001800102806D121462846BDE83840044A0D
:10F498001DF061BC20460EF0D7FF0C2038BD00BF20
:10F4A800BDF0000838B50C468B7905460C33194475
:10F4B800E35C142B03D0152B0FD0002038BD01318D
:10F4C8001DF0AEFE1521284622461DF0F1FE21460C
:10F4D80028461DF012FB0120F0E7014601201BF031
:10F4E8004BFF0B4B82689A4203D020460EF0ACFFCC
:10F4F800F1E7A179284621440D311DF091FE2046FF
:10F508000EF0A2FF294601201DF084FBE3E700BFAF
:10F518000DD3020837B504460D460A4614211DF0DE
:10F52800C7FE294620461DF0E8FA032120461BF0B5
:10F5380083FF30220346009221460120024A1DF033
:10F548002AFB002003B030BD0DD3020810B5074CCC
:10F5580007492046074A1DF069FC2046FFF740F995
:10F56800BDE8104020200021FFF784B8B81800201B
:10F57800ADF4000811D3020873B51E46ADF800209B
:10F588008DF80230009B044601A801930D461146F0
:10F598001DF030FE9DF80630B34203D1BDF80430AB
:10F5A8008B4205D028460EF04FFF122002B070BDE6
:10F5B80020461CF05DF89DF80230827A9A4209D103
:10F5C8008288BDF800309A4204D128460EF03CFFEC
:10F5D8000020EBE7694620461CF029FB2946204617
:10F5E800014A1DF0B8FBE1E71DF500082DE9F041DF
:10F5F80016461A4307460C461D46BDF8188005D125
:10F608002046BDE8F04111461DF0D1BE41462046D6
:10F618001DF09BFA78B1214638461BF0ADFE402319
:10F628008674C5742146069338464346BDE8F041C2
:10F63800024A1DF0B0BABDE8F08100BF6FD40208DD
:10F64800F7B505460E46014601201BF095FE0368F6
:10F6580013F0F00F03D0294601201DF00BFB2846BC
:10F668001CF087F9B3790C3333445F789B781F40DB
:10F678000378C3F3030000EA131038401DF071FE4D
:10F68800044668B928461DF075FE38401DF069FE2D
:10F69800044628B928461CF06FF901F043FF0446D8
:10F6A800284600211BF0E6FF172130461DF027FAF7
:10F6B8003046FFF70DF931464470847028461DF036
:10F6C8001CFA032128461BF0B7FE4022034600928D
:10F6D80029460020024A1DF05EFA03B0F0BD00BFC3
:10F6E80025D402082DE9FF4107460E461446DFF8E7
:10F6F80038804346694638460A4A02F011FD002818
:10F70800F7D0102C254628BF102530462A466946D2
:10F7180021F07FFE641B2F442E44EAD104B0BDE8DB
:10F72800F08100BFB8240020A824002030B589B09B
:10F7380020226946FFF7D6FF6A460C4D04AB1446F3
:10F7480003CC9C4228606960224605F10805F6D181
:10F75800074C08AD1A4603CAAA42206061601346E6
:10F7680004F10804F6D109B030BD00BFA824002078
:10F77800B824002010B588B0694620200EF0FAFFA2
:10F78800044630B96846FFF7D1FF0122024B83F8DF
:10F798002020204608B010BDA824002070B5134BC7
:10F7A800054693F820300C468CB00BB9FFF7E2FF02
:10F7B8000023CDE90033CDE9023354B91C22214698
:10F7C80005A8049421F01AFE04A8FFF7AFFF0CB0B7
:10F7D80070BD102C264628BF10262946324668469A
:10F7E800FFF780FF3544A41BE7E700BFA8240020EB
:10F7F80008B581B207481CF016FB012000F00EFD89
:10F8080030B9054A536919075CBF43F004035361D3
:10F8180008BD00BFCC180020C41800200123834075
:10F82800DB43064901F1240252E8002F1A4001F196
:10F83800240C4CE800200028F4D17047C41800209C
:10F848000123074A03FA00F002F1240353E8003FBA
:10F85800034302F1240C4CE800310029F4D170472D
:10F86800C4180020044A4FF08040536A43F4002330
:10F87800536206F0DBBE00BFC418002038B54FF055
:10F8880010131D4C0122E3624FF4E063238647F610
:10F89800FF730025A4F8603094F86730656262F35E
:10F8A800030384F86730154A154BC4E91632FEF78E
:10F8B8003BFF4FF48073A4F84830124B84F856008D
:10F8C800E361114B65611A6829461378527804F18F
:10F8D800080013445B106376A4F8BC50A4F8B45035
:10F8E8001CF0A1FA294604F194001CF09CFABDE82A
:10F8F80038401EF090B800BFC41800205555550078
:10F90800D6BE898E09D70208941800202DE9F8433D
:10F91800224C9946636A0F46DB0715469DF824601A
:10F928009DF8288038D480B30120FFF789FF636AE7
:10F938009DF8202023F4C07343EAC213052E6362A6
:10F9480084F8546007D101F053FF50B96D00ADB28F
:10F95800BD4228BF3D4694F854001DF0C7FE00F094
:10F968000F0694F86730A78566F3030384F86730B9
:10F97800E585636A84F83090B8F1000F09D043F444
:10F98800801301206362BDE8F8830120FFF746FF7A
:10F99800CDE723F48013F4E70020F4E7C41800202F
:10F9A800024B586AC0F38000704700BFC41800209B
:10F9B80010B51D4CFFF7F4FF636A13F0010313D170
:10F9C800A8B994F8663094F83110253BDBB20133BE
:10F9D800DBB2032B28BF002341FA03F2D207F6D586
:10F9E800253384F8663018E094F8543010B194F850
:10F9F8005520134303F00503052BE2D101F0F8FE6F
:10FA08000028DED194F8673003F00F02012A05D1EF
:10FA1800032262F3030384F8673010BD012262F306
:10FA2800030384F86730CCE7C4180020024B586AF7
:10FA380000F00100704700BFC4180020F8B52C4C36
:10FA480018B1636943F0100363611DF01AFF40F2B7
:10FA58007121E28DE66C151F4D43AE42236DA78DD3
:10FA680018D2A3F5967301FB0733E768181A2389A0
:10FA78003B4483420EDA51436369891B43F0100308
:10FA880063618142D4BF216120611948BDE8F84013
:10FA980000F0CEBB40F271277A43A2F5E1722261F1
:10FAA800FFF786FF236DA28DAE4207FB023363602A
:10FAB80023654FF00003E3640E4B0CD31A68616AA8
:10FAC800137B4907617E4CBF927912780B449342AD
:10FAD8000CDC6376D9E7626A1B685207197B4CBF56
:10FAE800DA795A78637E5B1A9342F2DA6276CCE767
:10FAF800C41800209418002038B505460D4C80B174
:10FB08000320FFF78BFE002384F845300123A4F877
:10FB180046300420FFF782FEBDE838401020FFF78A
:10FB28007DBE0520FFF77AFE012384F8B650A4F8BD
:10FB3800B830EEE7C4180020274B70B55A6A0D4656
:10FB480009B3160747D503F1450603F1460428B360
:10FB5800D1061FD52388012B1CD95B0804202380DC
:10FB6800FFF75CFE1020FFF759FE1DF04EFE2388BC
:10FB7800B0FBF3F202FB1300307055B30320BDE86D
:10FB88007040FFF74BBE940625D503F1B60603F186
:10FB9800B804DCE70420FFF753FEE3E7D20314D5EB
:10FBA800B3F84610B3F8482091420ED222881020AC
:10FBB800520092B22280B3F84830934228BF1346CD
:10FBC8002380FFF72BFE0420CDE71020FFF738FE37
:10FBD800F9E70520D3E770BDC418002070B58AB0D6
:10FBE80005466B46484AAC7910685168127A03C3D7
:10FBF8000C3408201A702C44FEF736FD20B101227F
:10FC08002846A11D21F06FFE0021A379CDF821100F
:10FC18008DF80F30A37AADF8251003F00F0303F128
:10FC280028026A4412F8282C8DF82010ADF810200C
:10FC3800062B08D8DFE803F0044F07075F074B00DF
:10FC48000D20FFF7FDFDA37A0DF11301C3F3801317
:10FC58008DF81230E3680DF11200CDF81330238AC5
:10FC680009AEADF8173000231A461AF0C7FFE3793A
:10FC78001C218DF819304FF47F43ADF81A307F23DB
:10FC88008DF81C30637928468DF81D300023ADF8B7
:10FC98001E30AB7903AC1233AB7121F088FEAB791F
:10FCA8002B440C33224603CAB242186059601446EA
:10FCB80003F10803F6D1106829461860134821F0AB
:10FCC8001DFF4FF0804006F0B1FC0AB070BD0D205A
:10FCD800FFF7A4FDB7E7D4F81230CDF82130E38A56
:10FCE800ADF82530EB79063BEB71A37AC3F3C0136B
:10FCF8008DF82030A7E7064B5B6A9B0444BF42F0AF
:10FD08000102ADF810209EE7C76C0308E418002034
:10FD1800C418002070B583790C33C4182379DA0726
:10FD280002D44FF0FF3070BDA37AE27A03F00F05DA
:10FD3800082DF6D8062D01D92846F4E7911F1F296A
:10FD4800EFD8012D1FD10C2AEBD1244E736A13F082
:10FD5800060F01D1DB05EFD41AF05DFF20B91AF0C8
:10FD680051FF0028E8D1DCE7A37A96F83020C3F3E6
:10FD7800C010B2EBD31FD4D104F1120100F001007E
:10FD8800FEF784FBEDE7042DD6D11449144A486ADE
:10FD98000240002AC5D0C96B0029CDD08A79C3F3A7
:10FDA80080130C3288188A5CB3EBD21F08D01AF083
:10FDB80032FF0028C0D11AF01CFF0028BCDBB0E7D6
:10FDC80004F10C010622083021F0EEFA04461AF07C
:10FDD80022FF0028B0D1002CAED0ECE7C4180020D8
:10FDE80008000400F0B5244C87B0606B00B3A76B23
:10FDF800BE79FCF727FF0223FF210C36BA5DCDE957
:10FE08000431BD1995F8233000215B090393AB8BAE
:10FE1800D20902936B8B80B201932B8B009305F16F
:10FE280008031CF08FFB606BFDF7F4F90023636394
:10FE3800A06B0EF009FB0023A363636A23F004029E
:10FE4800DB0762620CD594F85450052D0AD101F0F5
:10FE5800CFFC38B194F8673065F3030384F8673052
:10FE680007B0F0BD94F854001DF040FC94F86730DA
:10FE780060F30303F2E700BFC418002013B5154C64
:10FE880025F044F8236A01930023236225F030F813
:10FE9800019BA3B9636A1A0406D51CF04AF8A0B1FD
:10FEA800636A23F400436362636A1B0305D5FFF7A3
:10FEB80099FF636A23F40023636202B010BD01A8AE
:10FEC80021F053FD1CF0A0F8E2E74FF0804006F067
:10FED800ADFBE9E7C418002038B50E4D044600F024
:10FEE80079FFE86B18B10EF0AFFA0023EB631BF053
:10FEF800AAFF0948FDF7FCFFAB6B0BB1FFF7B2FC9B
:10FF08002146044800F0E2F9BDE83840034821F0F2
:10FF18000EBD00BFC4180020CC180020E418002033
:10FF2800034B586A10F0050001D1FFF7D5BF7047A1
:10FF3800C418002070B53B4C1646636A03F00102F2
:10FF480070B95AB124F0E2FF636A054623F0010351
:10FF58006362FFF7E5FF284624F0CAFF002070BD62
:10FF6800002AFBD19B0704D5E36BBBB10120FFF747
:10FF7800C3FD94F8303003F0FD03012B16D024F0B4
:10FF8800C5FF0546C6B10E20FFF75AFC1DF079FCE7
:10FF980042F2107303FB0600A06210E0022021F079
:10FFA8008AFEE0630028E1D10720D8E7FEF7BEFA11
:10FFB8000028E4D11220D2E70E20FFF72FFC002002
:10FFC800FFF73EFC636A13F00403C4D140F27122C8
:10FFD800E364E38DE260023B534323611DF015FCAB
:10FFE8000323B0FBF3F303EB4303C31A253384F86D
:08FFF8006630FFF7DDFC1DF08F
:020000040801F1
:1000000044FC60602065B4F8BC00002808BFF520FF
:10001000FFF7F2FB064B05481A6813785278134431
:100020005B10637600F008F999E700BFC418002060
:100030009418002038B51A4C0546636923F0100364
:10004000636100F0CBFEB4F8BC302BB9A36813F4A5
:10005000601F08BFA4F8BC300121114800F03AF934
:10006000104BE361636A5A0405D485F00100BDE8D2
:100070003840FFF7E7BCA26A6168521A002AF4DA36
:1000800023F0010343F400436362FFF74DFF4FF099
:10009000804006F0CFFAFFF787FC0028E5D138BD95
:1000A000C418002009D7020808B5FFF77DFCB0B1DD
:1000B0000B4B586A20F0040210F001005A6203D181
:1000C000BDE80840FFF70CBF00F088FE1BF0BFFE44
:1000D000FFF7CCFBBDE808400020FFF7ABBF08BD31
:1000E000C41800202DE9F04F4FF0000B304C89B0C0
:1000F000A66B636BB779C4E90DBB0C37F519019397
:100100006B6A904682468946039301F0BFFEF35D19
:1001100005F108073946C3F3C01306A88DF8183057
:100120001AF085FDFF238DF81930636A01A8C3F327
:1001300080230E358DF81A30CDE904578DF808B0BC
:100140008DF81BA08DF81C908DF81D80FDF716F919
:1001500030460EF07DF9636A23F02402DB07626209
:1001600005D40120FFF7BCFE09B0BDE8F08F114BAC
:1001700094F854501A68052D1378527813444FEAB6
:10018000630363760FD094F854001DF0B3FA00F0C7
:100190000F0594F86730012065F3030384F8673096
:1001A000FFF748FFE0E701F027FB0028EBD0F0E77E
:1001B000C41800209418002010B5074C2368DA06F4
:1001C00007D523F01003236018B90120A1681AF0A5
:1001D000D9FC0023A36010BD84190020014610B58E
:1001E000044602201AF0CEFC054B1B68D90305D447
:1001F00063691A075CBF43F00403636110BD00BF6D
:1002000084190020014BD868DC387047841900201D
:10021000034B10B5DC681DF038FBDC3C201A10BD28
:1002200084190020034B1B6813EA004314BF01200C
:10023000002070478419002038B50023036043690B
:10024000044658070DD5204650F8081FC90C01F484
:10025000FC7141F00501FDF7FDFD636923F0040326
:1002600063616369D90602D51DF00FFB6060184811
:10027000024652F8043F8BB92360146083684BB187
:10028000617E5A7E914219D26269D2060ED5002053
:10029000FFF792FFBDE838401CF02BBB596865683A
:1002A000491B0029E8DA1A461B68E4E75A681B690B
:1002B000134462689B1A002BECDBE8E71A895B6841
:1002C000D31A62681344E268D342E3D5DFE700BF84
:1002D0008419002038B504460A4D0846AB68A3428D
:1002E00001D1FFF769FF6B68074A1BB1A342196888
:1002F00004D11160BDE838401CF0FBBA1A460B4629
:10030000F3E700BF84190020881900202DE9F04789
:10031000754D2B685B0700F1AF80AB68002B40F098
:10032000AB8055E8003F43F0040345E80032002A63
:10033000F7D16C689CB11DF0A8FAD4E9043717F026
:10034000100F0646A26819D010FA82F26260206887
:10035000D4F8048038BBDC334344C5E9024355E894
:10036000003F23F0040345E80037002FF7D1AC68C5
:10037000002C74D1BDE8F04701F0D8BB606892B2A0
:10038000811AFF07A1EB060109D40029DFDAE7682B
:10039000DF1BCF4205D432441844831AD6E7002924
:1003A000D5DA20464FE041690289CF06D0F804E053
:1003B00048BF06EB020EAEEB020211F0010C11BFBA
:1003C0001146D0E90371C91B891808EB03077F1A8E
:1003D000002F28DDBB4205D9E768A1EB0801DC3717
:1003E0008F423AD9D4F814A01AF0010F1DD1216917
:1003F000D0F80C9027894144A1EB0901C91BE7689B
:10040000A1EB0E01DC37B9420FDD971BBCF1000FE9
:1004100003D10169A1EB09010F44002F05DB4B4615
:10042000C0F804E00446006892E7477E617E8F4290
:10043000F9D2921BBCF1000F03D1D0E903135B1A70
:100440001A44002A02DAFFF7C9FE72E71AF0100F09
:10045000A7D0C368C0F804E0E4E70B46E3E7A3686D
:1004600013F4601FC3F3C24008D121462B6843F048
:1004700010032B601AF086FBBDE8F08704F1080634
:100480003046FDF7F5FC2B68214643F010032B6046
:10049000F8B91AF077FBA36813F4601F4FEAD34151
:1004A000C3F3C24517D0013DEDB201F4FC713046F3
:1004B0002943FDF7CFFC03213046FDF737FD75B129
:1004C000A268237E1344120C9BB212041343A36050
:1004D000D2E73846CEE703213046FDF727FD304608
:1004E000FDF70AFDECE700BF8419002008B5034BB7
:1004F000996809B11AF046FB08BD00BF84190020B5
:10050000014B9868704700BF841900200A4B70B5F2
:100510009C6884420FD1214601201AF033FB6668A3
:1005200025891DF0B2F9AD1BC54221464CBF002004
:1005300002201AF027FB70BD84190020054B1B68B0
:100540001B6A13F0100003D013F0030018BF012042
:10055000704700BF941900202DE9F34100264FF0A9
:10056000FF31044601A8019601F068F9019949B1EB
:100570002046FCF785FA032806D005282FD001A8CD
:1005800021F0D9F9012023E01B4D1C4801F0ECFCBF
:100590002B683046597E01F09DFB2F68184E786B12
:1005A000D6F8088021F04CFA4146024638461AF047
:1005B000F6FD2B68B0685B6B036001F03DFB2B68B8
:1005C0001B6ADB0407D5204601991AF0B0FD002014
:1005D00002B0BDE8F08101A821F0ADF9F7E701987C
:1005E00001F0E2F9204601991AF056FD0028C9D021
:1005F000304601F0B9FCEAE794190020D50701085C
:10060000D017002038B5264904460B7D4A7D0133BA
:10061000DBB2B3EB921F0B7503D3032300200B75E2
:1006200038BD016AC9022ED5032390F88220243AEE
:1006300092FBF3F303EB4303D21A2532D2B2B4F8A0
:10064000481094F8833011F01001B4F9620084F876
:10065000822003F00F031CD11DF088F904F174050A
:10066000014628461DF023F9284601F0ABFA002286
:10067000114610461AF088FA94F8820000211DF005
:1006800074F90120CCE75B001A4102F00302253225
:10069000D5E702461946002001F098FEDEE700BFCC
:1006A000D01700201F4B2DE9F04104461860006B65
:1006B00021F0C6F901462046FCF772F9B4F848303B
:1006C000194E03F01403142B0CBF0022226BB368E5
:1006D00020461A60FFF796FFFFF730FF134B051E09
:1006E000134808BF184601F03FFC6369676803F0D0
:1006F00010081DF0CAF86D000346627EE8B2B8F13A
:10070000000F03D1FF1AB7F59B7F07D5114601F003
:10071000BFFAB068BDE8F04101F08EBA61681DF023
:10072000BAF8F6E794190020D0170020C107010895
:100730001108010870B50546FFF700FF104B041EB5
:10074000104808BF184601F00FFC2846FFF75AFF73
:100750000D4E054660B133686000597E00F0FE0022
:1007600001F096FABDE87040084B986801F064BA51
:1007700001F0FAFB29463068BDE87040FBF750BE37
:10078000C10701081108010894190020D0170020A2
:10079000034610B5094C052B20680AD0062B0CD156
:1007A000002001F0E1FB20680121BDE81040FBF7CB
:1007B00037BEBDE81040FFF7BDBF10BD9419002043
:1007C000032803D1024B1868FFF7B4BFFFF7E0BF5F
:1007D000941900200C4B032810B51C680FD1206B16
:1007E00021F02EF901462046FCF7DAF8074B226B80
:1007F0009B682046BDE810401A60FFF79BBFBDE82C
:100800001040FFF7C5BF00BF94190020D01700208B
:100810000E4A032810B5146805D0042809D0BDE895
:100820001040FFF7B5BF617E0120BDE8104001F028
:10083000EDB92046FFF790FE30B101F027FB2046CE
:10084000BDE81040FFF776BF10BD00BF941900202F
:1008500038B50D460446002001F086FB01F016FB7A
:1008600029462046FCF726FA0022014B1A6038BDC3
:10087000981900200123074A03FA00F002F114033B
:1008800053E8003F034302F1140C4CE80031002907
:10089000F4D17047E8170020F8B5244F05467B696E
:1008A0000C4613F4C07F03D099063BD401200CE022
:1008B00039B15A0705D4D5F8A43013B90820FFF789
:1008C000D9FF7B699B0601D50020F8BD7B7FAE6A0E
:1008D000022B06F0080604D916B114B90220F4E779
:1008E000E4B995F8921095F83701063100F00F0041
:1008F00000F0F8FD85B20EB904B16D00FFF788FC79
:10090000A8420DDB7B6913F01C0FDDD11EB1002C5A
:10091000DAD10520D9E7002CFBD1D5E70320D4E7B5
:100920000420D2E7002CCFD0C3E700BFE817002097
:1009300038B50446114D4FF480616B69283043F49B
:1009400000736B611CF050FF012120461AF02EFD50
:1009500000212046FFF7A0FF014620B12046BDE858
:100960003840FFF775BF6869617E80F48070C0F31E
:100970000020BDE8384001F049B900BFE817002069
:1009800038B504460B4B186000F5947001F01AF965
:100990002046FCF75BF9C4B220461AF001F905467F
:1009A00020461AF0FFF82946024602201AF0ECF819
:1009B00038BD00BF9819002008B5002001F0D4FA16
:1009C00001F064FA0022014B1A6008BD981900205A
:1009D00010B50446FFF7D4FF064801F0C5FA616878
:1009E000226C637E1120BDE8104001EB920201F001
:1009F000EFB900BFED0C0108454B37B51C6800236B
:100A0000A26A01935005D4F8A03012D504F1A400D5
:100A1000019320F0AEFFC4F8A00050B194F8463125
:100A20004FF48061013B84F8463104F128001CF04A
:100A3000DBFED4F8A0500DB9364B9D6894F94631D1
:100A4000022B0DDCD4F8A83013B1A36AD90502D566
:100A5000D4F8AC3023B14FF480512046FCF70CF9A8
:100A6000D4F8A410A36A002914BF01210021AA7997
:100A70004FEA830302F10C0203F00C0343EA011373
:100A8000A95C21F01C0143EA0103AB540DD1214ABA
:100A900002F1140353E8003F23F0080302F11400AD
:100AA00040E800310029F3D102E00320FFF7E2FE25
:100AB000284601F0C1F82046FCF7C8F8AB792B4472
:100AC0005B7B1BB1012180B21AF081F8019B53B10D
:100AD0005B7903F00A03082B02D12046FCF7F6FBF2
:100AE00001A820F028FF6B799A070ED5A36A1B0492
:100AF0000BD50820FFF7BEFE4FF4004104F128009B
:100B000003B0BDE830401CF06FBE03B030BD00BF85
:100B100098190020E817002000232DE9F04385B044
:100B20000446032103A8039300F088FE039D35B912
:100B3000F4212046FFF78CFE05B0BDE8F083AB79C9
:100B4000694F0C331D442A797B69D6074FD4DD06E3
:100B50004CBF07200420FFF78DFE00260121204610
:100B6000FFF79AFE054650B97869617E80F480707F
:100B7000C0F30020400001F0ADF8FFF73DFF0398FF
:100B800000F012FFDDF80C807A6998F80630510603
:100B900003F10C0308EB030915D458F803300620C1
:100BA0003B61FFF767FEA36A1A060CD404F1280222
:100BB00052E8003F43F0800342E800310029F7D1BA
:100BC0000120FFF757FE494620461AF0F5FB99F839
:100BD0000430DB0740F18480002E52D11DB129463C
:100BE0002046FFF735FE03A800F0DCFCA4E7012057
:100BF00023F010037B61FFF73DFEAE7AF0062FD5A0
:100C00000220FFF737FEA36AAA7A83F00203C2F339
:100C10008002C3F340039A422FD14FF4006104F1E4
:100C200028001CF0E1FD50E8002F42F4806240E80B
:100C30000023002BF7D1A26A82F00202A2627B7726
:100C4000AA7AA36AC2F3C00203F001018A4284D1E6
:100C500083F0010316F0030618BF0126A3627DE7A7
:100C600007F1140353E8003F23F0040307F11401D4
:100C700041E80032002AF3D1C5E77B7F0133DBB2C4
:100C8000DDE72046FBF7E2FFC0B219F089FF064618
:100C90002046FBF7DBFFCDF80480A38F82B20093E0
:100CA00031460023022019F077FF4FF0FF3103A8EF
:100CB00000F0C4FD039B9A791344DB7D002B8DD09B
:100CC0002046FBF7C3FF012180B219F080FF2046C8
:100CD0000399FCF725FB002D3FF42EAF294628E7AA
:100CE000002E3FF47BAFE0E7E817002008B503468D
:100CF000114A042B10680BD002D8032B18D008BD62
:100D0000053B012BFBD8BDE80840F121FFF7A0BD52
:100D1000FFF702FF094A02F1140353E8003F23F0F2
:100D2000200302F1140040E800310029F3D1E6E786
:100D3000BDE80840FFF7FCBD98190020E817002027
:100D4000164B033810B51C68032818D8DFE800F0EC
:100D50000702181E2046BDE81040FFF7DDBE204602
:100D6000FFF7E6FD0E4A02F1140353E8003F23F0BB
:100D7000200302F1140040E800310029F3D110BD36
:100D8000F1212046BDE81040FFF762BD4FF48061BD
:100D900004F128001CF028FDF221F2E79819002048
:100DA000E817002010B50446FFF7EAFD054801F0FA
:100DB000DBF8FFF721FE627E61680220BDE810408B
:100DC0001CF069BD410D0108034B5B6A13F0060F6F
:100DD0000CBFE220F1207047C418002008B5FFF7CF
:100DE0008FFB054B834206D101F050F8BDE8084067
:100DF000002001F0B9B808BDC418002070B51E4C21
:100E00001E4801F0B1F894F8673094F8662003F0BA
:100E10000F030021C8201CF0A9FD014604F1580071
:100E20001CF045FD04F1580000F0CCFE00221146F4
:100E3000104619F0A9FE66681CF027FD0246FFF770
:100E4000C3FFB61AB6F5FA6F054609DCFFF7DAF903
:100E5000627EA0F5E1712846BDE8704000F07EBFDB
:100E60006668FFF7CFF93146637EA0F5E172284648
:100E7000BDE8704000F0ACBFC4180020ED120108BE
:100E800038B501F003F8FFF7C3F9B0F5967F0D4CC4
:100E90000CDDFFF799FF0546FFF7B4F9627EA0F578
:100EA000E1712846BDE8384000F058BF1CF0EDFC69
:100EB000E36C62689B1A0344E3640020BDE8384099
:100EC0001CF02FBCC4180020F7B5104C064694F84F
:100ED00045500F462DB10020013D84F8455003B028
:100EE000F0BD0B4B02201B68597800F0F3FE94F81C
:100EF00030303A46CDE9005331460323E06B1CF015
:100F000041FCE06B00F098FE0120E8E7C4180020E7
:100F100094180020094A02F1240353E8003F43F0EB
:100F2000080302F1240040E800310029F3D1044B0A
:100F300001201B68597800F069BE00BFC41800206A
:100F4000941800200289438940F271205B004343DA
:100F5000D0B25B1A4343120AB3FBF2F3024A12689F
:100F600011445818704700BFDC1C002030B58C1AA3
:100F7000E41A002C08DA124C551A64681D44B5FBBB
:100F8000F4F505FB04442144134440F2E242CB1A39
:100F9000B3FBF2F39BB242892BB940F271245300A8
:100FA00004FB031113460132B3FBF2F402FB1432CB
:100FB000028140F2E2409B1A00FB131030BD00BFDB
:100FC000DC1C00202DE97043064618469DF81830B9
:100FD00089461446E3B9C31E012B8CBF02250325A5
:100FE000222100F07FFA40F27128154B6D005B68FA
:100FF00008FB05F581446BB121463046FFF7A2FF9F
:101000004A460146ABB23046BDE87043FFF7AEBF7B
:101010000125E5E7738934890133B4FBF3F203FB5F
:101020001244F37934815B00640008FB03F308FB8E
:1010300004F404EB530404EB09002844BDE8708376
:10104000DC1C002070B50A4C636A5B070DD58B79F8
:101050000C33CD1850B9E879CE58298900F042FAFE
:10106000064426646B7984F8443070BD0120F3E7B0
:10107000C41800202DE9F04F16468DB0021E0691CF
:1010800008BF00211F46954B05929D6B5B6AAC79AA
:1010900038460C342A5DC3F3801A61F345122A5591
:1010A000314603F04002039219F0BBFD05EB040842
:1010B0000790285D08F1080B5946C00919F0B1FDE9
:1010C000039B8146002B44D1002844D119F0A7FD91
:1010D00080F00103DBB252463146384603F001038B
:1010E0001CF0F3FB0490002800F08A80039B002B87
:1010F00033D1B9F1000F75D1079B002B72D019F0D5
:101100007FFD00286ED001220AA90DF1270019F0F9
:101110008AFD002874D09DF827302A5D591E4B4265
:101120004B41B3EBD21F6BD1062258460AA920F0DF
:101130003FF9002864D13368C8F80830B388ABF8A9
:1011400004302B5D67F3C7132B554FF00009CA46D7
:1011500019E00123BFE7039BBDE7604B5B6A13F413
:1011600000791CD115F804A0CAF3801A484619F07A
:101170005FFD3368C8F80830B388ABF804302B5DE6
:1011800067F3C7132B55059B544E002B3ED196F8A1
:10119000B630002B3AD0013B86F8B63030E019F07B
:1011A0002CFD002806DA15F804A04FF00009CAF358
:1011B000801ADBE700221146104619F02EFD15F8C3
:1011C00004A08146CAF3801A0028CFD00023022150
:1011D0001A4608EB01001CF0ADFA2B5D60F3861394
:1011E0002B55C3E77A1E57422B5D5741B7EBD31FF0
:1011F00006D106223146584620F0DAF80028A4D05D
:101200000023049304980DB0BDE8F08F1CF03DFB63
:1012100007461AF0B1F8059B02463946009308F1DB
:101220000E009DF85830FFF7CDFE2D4B059A07466E
:101230001B68A2B95978022000F04CFDB06B00F099
:10124000FBFCB36B9A7913441F63FFF759F9254BE5
:10125000C361069BBBB9736A23F4806316E0D97936
:10126000002000F037FDB06B00F0E6FCB36B1E48C9
:101270009A7913441F6300F077FE069BC3B9736A23
:1012800023F4806317E0736A43F480637362039B03
:101290009BB1B9F1000FB5D0002351461A4608F1B1
:1012A00002001CF047FA2B5D60F386132B55A9E76B
:1012B000736A43F480637362EBE72B5D0022C3F330
:1012C000C01359460AA88DF8283019F0ACFC2B5DE4
:1012D0009DF8282062F3C7132B55DAE7C4180020C5
:1012E000941800204DBE02089D14010804282DE921
:1012F000FF471ED005D8032800F0C28004B0BDE827
:10130000F087431F012BF9D805384FF0010118BFB2
:101310000120FEF715FC1CF0B8FA5E4AD36C516848
:101320005B1A03440020D36404B0BDE8F0471CF00E
:10133000F8B9002303A84FF0FF31039300F07EFAC1
:101340000398DFF8508158B1FEF7E8FC08280746FB
:1013500003D8514B1E5C31070AD403A820F0EBFAE6
:10136000D8F8243013F0060F15D0FFF789FD12E0EE
:101370000728D8F8242015D112F48012EDD1404668
:1013800003991AF05AFD0028EAD01AF061FD10B155
:101390000120FEF757FB0121084604B0BDE8F047E5
:1013A000FEF7CEBB12F00404039D10D016F0020429
:1013B0000DD00120AA790C322A44917A0090C1F311
:1013C00080130C32C1F34011FFF754FE0446284647
:1013D00000F0EAFA29460120FFF734FED8F824305D
:1013E000DA072DD503F0800995F806A019F017FC4F
:1013F0000AF10C0AAA4480F001039AF80A00B9F134
:10140000000218BF0122DBB20AF10C01C0F3801008
:101410001CF05BFA60B12CBBD8F8243028469B073F
:1014200033D5F40710D4730731D5FEF7DBFB97E70C
:10143000B9F1000F04D1494619F0F7FB0028EAD0B2
:1014400028460DF005F818E01CF0EAFA044648B109
:10145000A8790C302844817A0C30C1F38011FFF751
:1014600033FD0446042F03D1D8F824309907E7D57B
:101470007207E5D52846FEF7B5FB002C8BD16FE748
:1014800004B0BDE8F047FFF745BD042FCBD10CF009
:10149000DFFF65E7C4180020FE6C0308032808B5C9
:1014A0000BD1084800F060FD0122074B104693F96C
:1014B0004410BDE80840FEF715BEBDE80840FFF740
:1014C00015BF00BFED120108C418002010B500249C
:1014D000034BC3E90044EEF7FFFF204610BD00BFF9
:1014E0009C190020064B10B51B680C4610B101F08A
:1014F00043F9034618795B8804FB003010BD00BF38
:101500009C190020084B10B51B680C4610B101F067
:1015100033F903465A88A2423DBF1B79A41AB4FB93
:10152000F3F0002010BD00BF9C1900200138C0B2AC
:1015300003289ABF014B185C00207047D16C030848
:101540008BB200294FF00A01B4BF053B05331BB233
:1015500093FBF1F3014A9080937170479C1900202E
:10156000024B9B79C01A40B2704700BF9C19002003
:10157000024B9B88C01A00B2704700BF9C19002024
:10158000074B186840F20D1338B9002BC1BF452234
:101590004433B3FBF2F0C0B270470068453BF3E759
:1015A000300B00202DE9F041064623F0B3FC07463E
:1015B000FFF7E6FF35460446286818B16CB928469F
:1015C00020F0B9F931680A4820F09CFA384623F037
:1015D00093FC00233360BDE8F081D0F8008020F058
:1015E00062FB2B68013CC3F800802D68E4B2E3E79E
:1015F000300B0020024BDB6B03B11847FEF776BFC0
:10160000300B0020C04310B5054A131D53E8003FBE
:101610000340141D44E800310029F6D110BD00BF7D
:10162000300B002010B5054A131D53E8003F03435B
:10163000141D44E800310029F6D110BD300B002004
:10164000F8B516461C460746194610461CF012F916
:101650003246234638461CF012F9564DD5E906238A
:1016600000EA020401EA030654EA060330D06301EB
:1016700004F080601BD56B681F062AD44E4B2340B4
:10168000002B76D024F0011323F4A043334370D110
:10169000EB7A012B69D140F201436A68052093433C
:1016A00014BF00230323EB72FFF7A4FF0CE0A4F1A7
:1016B0000C0333436BD00D2C76F1000314D2231F9F
:1016C000334327D11CF0D8F8204631461CF0CEF821
:1016D000F8BD2B1D53E8003F23F08003291D41E88E
:1016E0000032002AF5D1F3E7A4F58043083B3343E9
:1016F00026D004F17F433343C0D1EB7A022B34D19F
:101700006B689A074AD50423EB722B8C03200133B4
:101710002B840FE0A4F108033343AFD1EB7A012B04
:1017200023D16B68D90735D50323EB7204206B8C6A
:1017300001336B84FFF75EFF01201CF09CF8C3E7C8
:10174000EB7A012B32D16B68D8072BD50323EB72D0
:101750006B8C042001336B84FFF74CFF01201CF0DD
:101760008AF8EB7A012BAFD195E704201CF068F8DA
:10177000AAE7124B06F0200223401343A4D0042012
:10178000FFF750FF4FF0006004F054FF9CE71CF09F
:1017900072F8C3E713F40063C8D1C6E713F020035F
:1017A000B3D1B1E713F40063D2D1D0E704201CF029
:1017B00047F8D6E7300B0020015001000DD5015548
:1017C000014B986A704700BF300B002010B5064CE3
:1017D000A06A1FF084F928B9A06A1FF082F900F00E
:1017E000010010BD0120FAE7300B0020014B986A80
:1017F0001FF079B9300B0020024B5868C0F340202D
:10180000704700BF300B002010B504464FF4007045
:10181000FFF7F8FE084B986A1FF067F938B10CB96A
:10182000002010BD4FF40070FFF7FCFEF8E7002C1D
:10183000F6D00C20F5E700BF300B00202DE9F04F6B
:10184000046806468846574D89B0002C48D020468B
:10185000A77920F0F5F80C3727443C890A38B8F10D
:10186000FF3FA4EB000402D04445A8BF4446B5F8AE
:101870003890B0EB090713D4002C0EDD6D6B366881
:101880003D44FF2C224629463046A8BFFF2220F0C7
:101890002EF8241A36680544F3D109B0BDE8F08F5C
:1018A000A9EB0009A145A8BFA146296BC846D6F8F7
:1018B00000A001EB000BB9F1000F0DD04246FF2A4A
:1018C00059465046A8BFFF2220F011F8B8EB000897
:1018D000DAF800A08344F1D1A4EB09044F44CBE72C
:1018E0000321A86A03AA1FF052F8BDF80E70A146A2
:1018F00002940A3702ACE86209E023601B682B609F
:101900002368C3F800902368002F1C4611DD2B6864
:10191000453F002BF1D1012020F0D1F90346206092
:101920000028F1D1019002A820F005F8019B336056
:10193000B3E72B1D53E8003F43F008032A1D42E89C
:101940000034002CF5D14FF0006004F073FE0298D3
:10195000BDF8102043790A2143F001034371069B2F
:1019600030606B63059B2A872B638379BDF80E205B
:101970000C3303441C711A812A7ADC719A719DF828
:101980000C20072A0BBF0122AB8C1A7101331FBF39
:10199000AB846B8C03F1FF336B841FF09CFF3468C6
:1019A00055E700BF300B00202DE9F041877905464F
:1019B0000C37C419237986B013F002081BD1174ED7
:1019C00043F0020323716A46D6E90A011EF0E1FFE3
:1019D000238969460333B06AADF804301EF0DBFF9B
:1019E000009B9DF90E00EB51FFF7BAFD6071B37AD1
:1019F000022B03D8E37106B0BDE8F0819DF81130E9
:101A0000012B04D0022B04D02BB90423F2E70323CB
:101A1000F0E70123EEE784F80780ECE7300B0020C5
:101A200037B5124B00F00F041B88012CADF80430C1
:101A300015D0022C15D18DF8044042F222000C4D35
:101A40006B680340A3420ED0FFF7DCFD2046FFF792
:101A5000E9FDA86A01A91EF00AFF03B030BD2024E9
:101A6000EBE70024E9E70020F7E700BFFC6C030880
:101A7000300B00202DE9FF411646022300270D46BA
:101A8000124C8046A06AE372CDE9027704F0A8FF09
:101A900030468DF80C7002951BF0EAFE00903A4635
:101AA000617AA06A02AB1EF033FE0446074648B9CD
:101AB0004046FFF7B5FF334604463A460121284623
:101AC0001BF0D2FE204604B0BDE8F081300B0020B0
:101AD00037B5144B00F00F041B88012CADF804300F
:101AE00014D0022C16D0002441F601000E4D6B6874
:101AF0000340A34213D0FFF785FD2046FFF792FD78
:101B0000A86A01A91EF0C9FE03B030BD04238DF8F8
:101B10000430E9E78DF804404FF40064E4E7002066
:101B2000F2E700BFFC6C0308300B0020002210B568
:101B3000084C104611461BF096FEA06A04F050FFB8
:101B40001BF09CFE20461FF0F6FEBDE8104008206A
:101B5000FFF758BD300B0020014B986A1FF003B807
:101B6000300B002038B5154C0546A37A834211D0BE
:101B7000431E042B08D8DFE803F0030E12171900E8
:101B8000A06A05F09FFB28B92846A57200F0F4FD75
:101B90000B4B186038BDA06A1BF079FEF3E70121FA
:101BA000A06A1BF076FEEEE70321F9E7FFF724FEBB
:101BB0000028E9D0A06AFFF7CFFFE4E7300B002050
:101BC0009C19002073B50446408900F05FFC0E4D5F
:101BD000A07B002628721BF01EFE6872E07B00F0DE
:101BE0000F00FFF7BFFF0096A37BD4E90021A86A8E
:101BF0001EF0ECFF32463146304618F0C5FF206833
:101C00001BF03BFE02B070BD300B00200122094BDF
:101C100010B50C46DA72FFF75BFF10B104201BF021
:101C20000FFE2246002101201BF01DFE18F0ADFF23
:101C300010BD00BF300B0020F8B5044618F0A6FF19
:101C40000746A179E279114E521A0C310123B06A8C
:101C5000D2B221441EF087FEE579A379ED1A57FA36
:101C600085F524680CB93561F8BDA179E2790023C6
:101C7000521A0C31D2B2B06A21441EF074FEE379DC
:101C8000A2799B1A55FA83F5EBE700BF300B0020D1
:101C9000F8B502230E4E0D46F372FFF7C1FE04465F
:101CA00020B1BDE8F84004201BF0CABD28461BF057
:101CB000DFFD07462A46214601201BF0D4FD3B46A6
:101CC0002246717AB06A1EF021FD0028E9D1F8BDE4
:101CD000300B00200222084B10B50C46DA72FFF7D9
:101CE0009FFE10B104201BF0ABFD22460021012015
:101CF0001BF0B9FD10BD00BF300B0020014B187B5D
:101D0000704700BF300B002068B1084B194653F8EC
:101D1000042F0AB18242FAD25B1A9B10013BDBB25C
:101D2000034A137370470123FAE700BFD86C030816
:101D3000300B002010B5084C606810F480700AD099
:101D4000A06A1EF040FE30B90121A06A1EF039FEE3
:101D500080F00100C0B210BD300B00200023F0B5B0
:101D6000012785B0194E00938DF80C30C0F3401355
:101D70008DF80E30C0F3001304461546F7728DF847
:101D8000047002918DF80D30FFF7A2FE20B10420FF
:101D90001BF056FD05B0F0BD28461BF069FD717AB9
:101DA00003466A46B06A1EF0B5FC2A46C4F38011A9
:101DB000064638461BF057FD18F0E7FE230601D50E
:101DC000FFF7B8FF002EE2D1E4E700BF300B0020A0
:101DD0002DE9F0434FF0010985B0244F04460D462C
:101DE00090460021102268461E4687F80B901FF08F
:101DF00009FBB86A04F0F4FD0023E20600958DF8B3
:101E00000430CDF8088006D5194B1B681B888DF867
:101E10000D9043440293002330468DF80C30C4F3F8
:101E200040138DF80E301BF023FD6A460346797A85
:101E3000B86A1EF06FFC28B104201BF001FD05B04C
:101E4000BDE8F0832046FFF743FE33460121C4F38B
:101E50008012074628461BF007FD18F096FE230661
:101E600001D5FFF767FF002FE6D1E8E7300B002030
:101E70009C190020044B5A68D20503D50021986AAA
:101E80001EF09FBD704700BF300B002038B5114CCD
:101E9000E37A23B10022114610461BF0E4FC002532
:101EA0002846E5721BF0E7FC01220321A06A1EF020
:101EB0001EFC2A460121A06A1EF06FFDFFF7DAFF23
:101EC0008020FFF79FFBBDE838404FF44050FFF7FC
:101ED000A9BB00BF300B002008B5FFF7D7FF044AAD
:101EE0000620D38C0133D384BDE80840FFF782BBC2
:101EF000300B0020F8B51B4D6B68590704D5042042
:101F0000FFF780FBFFF7E8FF6B681A070FD523F098
:101F100001F80646FFF734FB0446124F24B10120B6
:101F20001FF0CDFE0146A8B9304622F0E5FF6B68F0
:101F3000DB0615D51020FFF765FB00F021F878B11E
:101F400022F0E8FF0446FFF7C7FF2046BDE8F8404F
:101F500022F0D2BF3846013C1FF0DEFDE4B2DDE7DF
:101F6000F8BD00BF300B0020014BD863704700BFA5
:101F7000300B0020014B186E80B2704700C001B8D2
:101F80000A4BD86800F07060B0F1106F0CD008D820
:101F9000B0F1E06F08D0B0F1006F14BF0020012055
:101FA0007047B0F1406FF8E701207047000002B8B9
:101FB0002DE9F04F87B0074691469A46ADF80C10D0
:101FC0001FF03EFDB0F100083DDD002F3ED03C4645
:101FD0004FF0000B264EA379E57903F10C01ED1AC1
:101FE000EDB2214406EB0B002A461FF016FA2468D6
:101FF000AB44002CEFD19DF80C101E4801F02301DA
:102000000091C0F808900DF1140942465346184952
:10201000CDF80490A04615F0B8FF3C46A379E579C9
:1020200003F10C00ED1AEDB206EB080120442A463C
:102030001FF0F3F92468A844002CEFD1042249468C
:1020400038461FF03AFF07B0BDE8F08F9DF80C103E
:10205000084801F02301C0F808900DF1140900911F
:10206000534642460249CDF8049015F08EFFE5E74D
:10207000C41B00208C2900202DE9F04784B0904635
:1020800099460390ADF808101FF0DAFC071F002FE7
:1020900025DD039D002D40D04FF0000A204EAB7986
:1020A000EC7903F10C01E41AE4B2294406EB0A00CE
:1020B00022461FF0B2F92D68A244002DEFD1194835
:1020C000F119C0F8088001919DF808104B4601F005
:1020D000230100913A46124915F040FF18B1002043
:1020E00004B0BDE8F087039D7DB10746AB79EC797C
:1020F00003F10C00E41AE4B2F119284422461FF05F
:102100008CF92D682744002DF0D103A804211FF07D
:1021100039FD012004B0BDE8F087014ECFE700BFD4
:10212000C41B00208C29002030B514460D46024601
:10213000064883B00195802183602346009415F002
:102140003BFFB0FA80F0400903B030BD8C2900207D
:102150000023F0B50E46D1688BB009BA0291C17860
:1021600090F800C061F3070381781A4D61F30F23E3
:10217000417802AF61F317436CF31F6309939368CF
:1021800051681BBA0393836809BA1BBA0793136893
:1021900042681BBA0593C36812BA1BBA06AC049115
:1021A000AF600892069323468022294601200094BE
:1021B00015F021FF0028F6D1DDE90810DDE906322F
:1021C00000BA09BA12BA1BBA30607160B260F3602B
:1021D0000BB0F0BD8C29002073B50F4B04469B7CDF
:1021E0000E4EFF2B15D10023ADF804000DF10302B4
:1021F000B06A01A98DF8033005F024F89DF803506A
:1022000022462946B06AF3F7DFFE40EA052002B015
:1022100070BD034B1D78F3E73C240020300B0020F9
:1022200036240020044BC2B2C0F30721986A82B062
:1022300002B0F3F7DBBF00BF300B002010B50D4C30
:102240000021A06A04F0F6FD0B49A06A1EF05FFBB6
:10225000FE21A06A1EF04AFBA06A04F003FE074BB1
:10226000B3F90C208242C8BF98819A891A80DA8912
:102270005A8010BD300B0020362400203C24002062
:10228000F0B585B0ADF80210ADF8042069464FF006
:10229000C812ADF806304FF08213ADF80000CDE95A
:1022A000022304200B460C4C02ADB4F90C70B1F9BA
:1022B000002035F9026BBA42A8BF3A46B242A8BF25
:1022C0003246013821F8022BF1D103CB034B606079
:1022D000596005B0F0BD00BF3C2400204024002020
:1022E00073B50546F4F766F82F4E0368FF2D33608B
:1022F00083882E4CB380337818BF1D46A5742C4DAF
:102300008DF801300DF10303A86A0DF102020DF101
:1023100001011EF0DFFB9DF8013040B90133DBB253
:102320000B2B8DF80130EDD9212002B070BDA27CBD
:10233000FF2A00D0A3748DF8053033709DF8023069
:102340008DF804300198FFF76DFFC828A8BFC8209A
:102350009DF80330A0818DF804300198FFF762FFEB
:10236000144B9842B8BF1846E081B4F90C00FFF74F
:1023700033FFADF804000198FFF754FFA081B4F9D2
:102380000E00FFF729FFADF804000198FFF74AFFA0
:102390004FF6FF7323826423E0811A4618461946DC
:1023A000FFF76EFF0020C0E7362400203C24002009
:1023B000300B00200CFEFFFF0346034AB2F9020077
:1023C0000BB1FFF7D5B870473C240020084B10B57F
:1023D000B3F9004030B903EB4103B3F902309C423A
:1023E000A8BF1C46A242A8BF2246104610BD00BF8F
:1023F0003C240020014BB3F90E0070473C24002020
:10240000014BB3F90C0070473C24002073B506461D
:1024100022F080FD0C4D0446B5F90E00B5F90C30E4
:10242000B042B8BF30469842A8BF1846FFF7D4FE66
:10243000ADF804000198FFF7F5FE6880204602B071
:10244000BDE8704022F058BD3C24002073B506461C
:1024500022F060FD0C4D0446B5F90C00B5F90E30C4
:10246000B042A8BF30469842B8BF1846FFF7B4FE46
:10247000ADF804000198FFF7D5FE2880204602B091
:10248000BDE8704022F038BD3C240020F0B5C0F318
:10249000072585B0FE2DADF8040027D09DF8047007
:1024A00022F038FD124C0646637CAB420ED0114B35
:1024B00002A918689B880290ADF80C300E4B8DF87D
:1024C0000850986A1EF023FAFF232374237CBB4232
:1024D00006D0094B3946986A1EF008FA27746574CD
:1024E000304605B0BDE8F04022F006BD05B0F0BDB5
:1024F0003C24002036240020300B00202DE9F84F2A
:10250000DFF868908246D9F800B088461746BBF1DC
:10251000000F28D0002699F80450B54207D13D702D
:1025200099F80400A84214BF0120022017E0741992
:102530006110C1EBC10159448879C4F3470400F02C
:102540000100B8EB000003D1062250461EF030FF18
:10255000002806DB02D0661CF6B2DEE73C70BDE860
:10256000F88F2546D9E70320F9E700BFD41C0020E7
:102570000022014B1A717047D41C0020F8B50546A3
:1025800022F0C8FC104C85F3070563790646AB4280
:1025900005D10024304622F0AFFC2046F8BD0027CC
:1025A00020686571277110B11FF010FD27606379F5
:1025B000002BEED0C5EBC5000CF0B0F82060002871
:1025C000E7D160710724E5E7D41C0020484070473C
:1025D00000EB0010084480B2704700BF90FAA0F0F2
:1025E00000BA80B2704700BF044BD3F801200260EC
:1025F0005B7903F01F030371704700BFC9240020FB
:10260000234B2DE9F041002914BF0C461C46002540
:102610000646174613688AB0C4F80130137925704E
:1026200063715FFA85F8414638461BF092F938B17C
:10263000237803F128026A44013302F8288C2370BE
:102640000135252DEDD194F800803EB14246694612
:10265000A01D1EF0E2FE0AB0BDE8F081B8F1000F47
:10266000F9D00534F5B2294638461BF072F940B965
:10267000B5FBF8F308FB13550AAB53FA85F515F8CB
:10268000285C0136252E04F8015FEBD1E3E700BF9B
:10269000C9240020034B002818BF03460B44987937
:1026A000704700BFC9240020F8B50D4682EA1242E7
:1026B00096B2314603462846FFF788FFFFF78EFFA4
:1026C000FFF786FFFFF78AFFFFF782FFFFF786FF1E
:1026D000FFF77EFF0546FFF779FF164C002B14BF6E
:1026E0001F4627460446144B781CA3FB0423E21A1A
:1026F00003EB52035B0903EBC30203EB8203E41A0F
:10270000E4B221461BF025F940B93B786E40B6B2E1
:1027100006FB03F307EB1347B879F8BD7B1D2A3797
:1027200001E09F4204D013F8010F8442F9D1F4E78D
:102730002046F8BDC92400204D91CFBA064B074A68
:1027400001201A60064B074A1A60074B074A1A60B5
:10275000074B084A1A60704720180020C1D90208A8
:102760001C1800201DDA020818180020BFD9020822
:10277000141800201BDA0208052808BF03200622CF
:10278000024B013802FB0030704700BF086D0308A0
:102790000022034B1A609A80FF229A71704700BF93
:1027A00016250020064A1379834207D901231268AF
:1027B0008340134214BF012000207047002070475F
:1027C000E81C0020054A03461068002208B91A6078
:1027D0007047C10748BF01324008F7E7E81C0020F6
:1027E000F0B541EA002087B040F4902606200F465D
:1027F0001546F4F743FD1FF0E7FB044640B90146D8
:102800001A200DF0CDF96FF08C05284607B0F0BD09
:1028100043684661DAB222B923F0FF0343F00103B3
:102820004360F3F74FFB052804BF40F201136360D8
:10283000062F1A4B0CBF40F201114FF48071204655
:102840001BF0F1F8E360164B2A46236002AB1E46EC
:1028500005F110071D4610685168083203C5BA42D9
:102860002B46F7D1102130461FF069FB102231466C
:10287000204601AB16F087FE054620B1014640F226
:1028800007400DF08DF9102130461FF066FB204601
:1028900017F089FB20461FF099FBB6E7004440047F
:1028A00000248000102A2DE9FF4706460F461546F2
:1028B00023D800244FF00109DFF84480DFF844A05A
:1028C000D8F8002009FA04F3134213D046EA042092
:1028D00040EA0A006A46E9B280B203F03DFF48B917
:1028E0002A46394668461EF063FD18B960B204B046
:1028F000BDE8F0870134202CE2D14FF0FF30F6E73D
:10290000E81C00200080FFFF2DE9F3411D4E054625
:102910000146062230461EF04BFD20B996F906000E
:1029200002B0BDE8F0810024A046EF1C2046FFF76E
:1029300039FFD8B13B88CDF80080ADF80330BB78C3
:102940006946E0B28DF8053020F03DF821280DD021
:10295000A8B90322294668461EF02AFD30B92B6823
:1029600060B23360AB88B071B380D9E70134202CFA
:10297000DCD12B683360AB88B380FF23B3714FF099
:10298000FF30CDE716250020034B93F906300133C5
:1029900001D1FFF7FDBE704716250020F7B50446AC
:1029A0001DF0F7FD631C58D1FFF7F2FE0024624EC4
:1029B0003379A3422CD84FF400410024084603F099
:1029C0002BFF20224FF0FF315C4834601EF01AFDCF
:1029D000204600F05DFDFF260446594D5CBB59487A
:1029E00016F003FB014630B110F1880F03D040F21E
:1029F00007400DF0D5F80C214F4A43F6FF7003F065
:102A00008FFE202138204D4A03F08AFE00202AE064
:102A10002046FFF7C7FE60B165B2052128461BF0CE
:102A200004F8032128461BF000F8062128461AF076
:102A3000FCFF0134BCE794F97530013305D02B78E5
:102A400043B9132120461FF09AFD204600F020FDD7
:102A50000446C3E784F87560F7E72046FFF7A2FE57
:102A600018B940F2064003B0F0BD6B4606220021C3
:102A700020461BF01DF8002845D049238DF806306C
:102A80004FF47F41304840EA0420084003F0C4FE80
:102A9000052120461AF0C9FF032120461AF0C5FF80
:102AA000062120461AF0C1FF01222349E3B29A40D1
:102AB0000B6823EA02030B60244B93F90630A34210
:102AC00001D1FFF765FE002005460B791B4A013B4B
:102AD000C1B2994221DBFF260020D65400F0D8FC79
:102AE0000546174F002D86D095F97530A34205D1C4
:102AF0003B78EBB9132128461FF041FD284600F032
:102B0000C7FC0546EEE76B460622012120461AF077
:102B1000CFFF0028B4D07223B0E75656A64200D0AB
:102B200025B1551895F90150555401250130CFE7CD
:102B300085F87560E2E700BFE81C0020F62400205D
:102B4000F4240020370004000080FFFF1625002039
:102B50002DE9FF41354C064601A8FFF733FE2379E6
:102B6000019A93421ED86279012A40D100274FF082
:102B7000FF383D4610E02368EB40D9070BD508220B
:102B800002AB114668B21AF093FF20B1039B434594
:102B90003CBF2F469846013523799D42EBD378B24E
:102BA000FFF7FCFE236813F0010529D00025012260
:102BB0000135202D18D002FA05F71F42F8D13B430A
:102BC0002360A3680C21013343F6FF70174A736139
:102BD000A36003F0A5FDA8B1236823EA07032360DF
:102BE000A368013BA36073614FF0FF3519E0022A2F
:102BF000FAD10F4A134413F9010D421CFBD0CFE761
:102C00000127DCE722790A4C013A2146D2B2601C46
:102C10001EF0DEFB6DB2224620213820257003F025
:102C20007FFD284604B0BDE8F08100BFE81C00200D
:102C3000F62400202DE9F043002489B0AF4D042193
:102C40003F2001AA2C7003F087FD00B10194019F81
:102C5000002F4FD00026781E4742474100242C7099
:102C6000A74D0C212A4643F6FF7003F075FDC0B155
:102C70000D23AB80019B2C60032BAC6011D803ACFF
:102C80002246142143F6FF7003F066FD48B994E82C
:102C9000070085E807002A460C2143F6FF7003F081
:102CA0003FFD019B042B06D004213F200DEB0102C8
:102CB000019103F035FD20213820924A03F04CFDAC
:102CC00028B120224FF0FF318E481EF09BFB0322DB
:102CD0002B795B00B3FBF2F38B4A1370FFF758FDBF
:102CE00017F02FF9014618B140F207400CF058FFD9
:102CF000002413E001263746B0E72B68E340D907EC
:102D00000BD508224FFA84F81146404603AB1AF05F
:102D1000CFFE10B94046FFF741FE01342B799C42AB
:102D2000EBD38EB11021372003AA03F015FD002844
:102D300053D10620F4F7A2FA1FF046F9044680B9F1
:102D400001461A200CF02CFF3FB13D2003F020FD7E
:102D500000242B799C42C0F0AC80002009B0BDE873
:102D6000F0836A4A43684261DAB222B923F0FF0372
:102D700043F001034360F3F7A5F8052804BF40F2D0
:102D800001136360624B40F2011120461AF04BFEC2
:102D9000E360604B1021236003A81FF0D0F81022DD
:102DA00002AB03A9204616F0EEFB0646102103A84D
:102DB0001FF0D3F8204617F0F6F820461FF006F96A
:102DC000372003F0E5FC46B140F2074031460CF0F5
:102DD000E7FE4FF0FF30FFF7E1FD002623E030462D
:102DE000FFF7E0FCF0B174B210220321204603ABE0
:102DF0001AF05EFE1028814620D10321204603AA46
:102E0000FFF7EEFC8046494603A81FF0A6F8B8F18C
:102E1000000F0CD040F2074041460CF0C1FE2046A6
:102E2000FFF7BCFD01362B799E42D8D38CE748F2E0
:102E3000030040EA062080B203F0AAFC102205211C
:102E4000204603AB1AF034FE1028814613D1052129
:102E5000204603AAFFF7C4FC8046494603A81FF09A
:102E60007CF8B8F1000FD5D148F2050040EA062001
:102E700080B203F08DFC10220621204603AB1AF02D
:102E800017FE10288146CDD10621204603AAFFF760
:102E9000A7FC8046494603A81FF05FF8B8F1000F71
:102EA000B8D148F2060040EA062080B203F070FC78
:102EB000B8E72046FFF776FCF0B166B204220C2199
:102EC000304602AB1AF0F4FD04280AD1029B01221D
:102ED000C3F300238DF80C300C21304603AB1AF0FD
:102EE000B9FD00231022CDE90333CDE905330D21CF
:102EF000304603AB1AF0AEFD01342AE7F42400207B
:102F0000E81C0020F6240020F524002037000400EF
:102F10000044400400248000F8B5104B04461879A2
:102F20000F4B00221D46D1B2884204D913F9017B10
:102F3000561CA74204D10B4B1B788B4202D9F8BD1B
:102F40003246F0E70649481C1EF042FA2C70202158
:102F5000BDE8F8403820024A03F0E2BBE81C00203C
:102F6000F6240020F524002020F00040A0F20540C7
:102F7000F8B5032817D8DFE800F0021728330C79DA
:102F80000F78A4F11B02534253414E88CD8801F1C2
:102F90000802194899001AF0E7FE20B10771A0F85D
:102FA0000560C4710581F8BD0E784D888C8801F1EB
:102FB0000802124800211AF0D7FE0028F3D006714B
:102FC000A0F80550A0F80740EDE70D480D784C68D3
:102FD0001AF094FE0028E6D00571A0F80540E2E75B
:102FE00007480C781AF08AFE0028DCD007234371CA
:102FF000002304718371D6E74C6D0308486D030804
:10300000446D0308002110B5421D037904460846AB
:103010001EF080FF024648B1618820881CF016F837
:103020000446034800F096F9848010BD1A24F8E79E
:1030300020020A0238B50488FA2C28BFFA24204658
:1030400000F0F2FB051E044818BF002400F082F9CE
:103050008580C48038BD00BF20040A0A40F20553B1
:1030600020F0004098422DE9F0410BD840F2015386
:10307000984209D840F2014398420DD040F20A43E9
:10308000984214D0BDE8F081A0F20350022816D86F
:10309000DFE800F024495C000D784C882D481AF0D8
:1030A0002DFE0028EED00571A0F80540EAE72A4879
:1030B0000C781AF023FE0028E4D00471E2E72748D8
:1030C0000F784E880D79CC881AF018FE0028D9D0D8
:1030D0000771A0F80560C5710481D3E78C684E883C
:1030E0000D790F7884B1B1F8068001F108021C480F
:1030F00000211AF039FE0028C4D00771A0F805603D
:10310000C571A0F80880BDE7234622462146144831
:103110001AF005FE0028B5D00771A0F80560C5714A
:1031200004724472AEE70F4891F800804F880E7920
:10313000CD880C891AF0E2FD0028A3D080F8048025
:10314000A0F80570C671058144819BE70D784C6835
:103150000548A4E7786D0308646D0308746D0308DF
:10316000706D03086C6D0308686D0308F8B50646BA
:1031700009480D4600F06EF8044658B9074F3B6801
:103180009E8000F0BDF8044615B13B68DB882B80BB
:1031900000F0CAF82046F8BD846D0308FC1C00202E
:1031A00038B505460C460748012100F063F838B9E8
:1031B000054B1B689D80DC80BDE838401AF0F1BCEF
:1031C00038BD00BF7C6D0308FC1C0020044A034688
:1031D000106810B102789A4200D170470069F8E790
:1031E000F81C002008B51AF0A5FC02F0F9FE002238
:1031F000014B1A6008BD00BFF81C002038B5094C0F
:1032000005462146204614F09DFF4FF48270A847E2
:10321000054B014618604FF482722046BDE83840E5
:1032200014F0A5BF8C6D0308FC1C0020084A13682D
:1032300033B94178036141F001014170106070477A
:10324000197802789142FAD003F110021B69EFE776
:10325000F81C002010B504461DF06FF928B9034B87
:1032600022681C60024B1B681A6010BDF41C002011
:10327000FC1C00202DE9F84F046898464FEA042A08
:103280000AF4E06AC4F307234AEA030A0AEB0209D4
:10329000B9F5807F83460F46154603D91D26304673
:1032A000BDE8F88F1DF049F906460028F7D1124B0A
:1032B00024F47F44C3F800B024F0C7040F4B44EA61
:1032C00019244FEA09291B681FFA89F944EA0904FD
:1032D00043F8044B53442A46414618461EF09DF8D5
:1032E000012F04D1FF2DD9D800F8015CD7E7022FB8
:1032F00008BF20F8025CD2E7F41C0020FC1C002070
:1033000010B5064B064C19682268064B52F8040BA0
:103310001B68496898472368988810BDF41C0020F2
:10332000FC1C0020A02900200022024B1A601DF086
:103330000CB900BFF41C0020054B186808B1C36825
:103340001BB1003818BF012070470069F6E700BFC5
:10335000F81C002010B5034C2368186003F0F2F845
:10336000206810BDFC1C0020F8B504460D4601463F
:10337000002017461AF0DFFB0022174E2046336864
:103380001A705A709A70DA701AF0AFFB18B165B9FA
:103390004368220E2BB90F250DE05979914204D0D4
:1033A00008331D68002DF8D1F5E73846A847336883
:1033B0001B684BB9012524F47F4020F0C70040F47E
:1033C0000070FFF7C7FF85803268012052F8041BA8
:1033D0001AF0B1FBF8BD00BFFC1C002070B504461C
:1033E0000D461B4A13686BB393F87D10586811F0B3
:1033F000040129D110608C22184693F870601EF0E9
:1034000001F8034680F870602268C0F85A20A2884C
:10341000A0F85E20A27980F860202868D864AA7994
:10342000A98883F85220FF2283F8752083F876203C
:1034300040F6FF72A3F86E20064AA3F850101168F8
:1034400013605960184670BD1A1D0346CBE700BFD4
:10345000041D0020001D0020054A0346106800B925
:103460007047B0F86E209A42FAD04068F7E700BF84
:10347000001D0020054A0346106800B9704790F807
:1034800070209A42FAD04068F7E700BF001D002084
:1034900010B9024B1868704740687047001D002043
:1034A0000023114A2DE9F0418C2113608046024629
:1034B00001200AF0F9FE044620B905460B4E3060A3
:1034C000454502D32046BDE8F08101200AF052FFB5
:1034D00007468C22002101351DF094FF87F87050BB
:1034E00037603E1DECE700BF001D0020041D0020DA
:1034F000012310B58B4090F87110044621EA0301B6
:1035000049B280F87110002949D11DF025F82046F4
:103510001FF084FA102104F118001EF01EFD204651
:1035200001F016FA04F138001EF005FA20461FF0EB
:1035300007F9214A13681BB19C42596830D11160C8
:10354000A36859050BD51A0509D443F40063A18972
:1035500094F87000A36004F1780202F019FB0023D4
:10356000204663601EF001F91AF036FC4FF48072B9
:10357000B2FBF0F2424394F870300344B3FBF2F133
:1035800002FB1133DBB2591EC9B2FD29F5D884F80C
:10359000703000236360094B1A6852B91C6010BD7B
:1035A0001A465B68002BCBD09C42F9D1636853600C
:1035B000C6E7131D5268F0E7001D0020041D00201F
:1035C00010B5084C206830B9BDE81040064B1860B3
:1035D00001200AF0ADBE436890F871102360FFF738
:1035E00087FFEFE7001D0020041D002090F87430D5
:1035F00003F00B03013BDBB20A2B9ABF014AD05CFC
:10360000002070479A6D03081FB5014690F870308E
:103610008DF80430FFF7EAFFB1F862308DF80C0046
:10362000ADF80630B1F8643001AAADF80A30B1F84F
:103630006630054840F20311ADF808301EF0A9F8D5
:1036400005B05DF804FB00BF201D002007B590F811
:1036500070308DF8051001AA40F2072103488DF85B
:1036600004301EF096F803B05DF804FB201D002026
:1036700038B50A4B04461B680D462BB143699B07BE
:1036800002D51AF06BFD30B12A4620680421BDE84E
:1036900038401CF019BDA3699D6138BD081D00208C
:1036A000014B1860704700BF081D0020024B1868CE
:1036B000003818BF01207047081D002013B50446CC
:1036C000019120B901A81EF036F9212012E0084628
:1036D0000029FAD01EF0B4F980B20028F2D0094BCC
:1036E00020461B6801994BB1984728B9204601999B
:1036F00000F064FC02B010BD0020FBE71BF09AFE56
:10370000F3E700BF081D002000487047331D00206C
:10371000044890F82B1000F10F020830012918BF5F
:1037200010467047241D002038B58379044613F0F5
:10373000280F25D00368134DC5F80F308388A5F8EE
:103740001330837900206B750BF04EF940B96B682C
:10375000032043F004036B60BDE838400BF08CBBE2
:10376000436A13F4404FEFD1226843F00803C0F8D6
:103770000120A288A0F80520A2794362C271E3E784
:10378000212038BD241D00204379024A9B09D05CCA
:10379000704700BFB56D03080B6810B503608B88D8
:1037A000FF2A0446838002D10723A37109E0032A7C
:1037B00008D8054B9B5C072B837102D1FFF7E4FF10
:1037C000A07110BD0023F0E7B96D03088379024AA8
:1037D00003F00703D05C7047AD6D030810B5827924
:1037E0008B79094C02F0070203F00703A25CE35C4B
:1037F0009A4206D106221DF0DBFDB0FA80F04009A6
:1038000010BD0020FCE700BFA56D0308044908B502
:10381000084614F097FCF722024B1A8008BD00BF3F
:10382000BD6D03080E2B0020A0F11703E82B9DBFF0
:10383000024B188000202120704700BF0E2B002073
:1038400010B5044670B30068836CA34222D163684C
:103850008364224614491DF064FF04F10C001DF03E
:1038600084FF04F144001EF066F8FFF71FFF58B113
:10387000A06948B114301EF05EF8A06918301EF03F
:103880005AF8A0691EF0A2FB2046BDE810401EF0C9
:103890009DBB1346002BDCD05A68A242F9D1626866
:1038A0005A60D6E710BD00BFEDE1020870B50546CD
:1038B00048200E461EF088FB044601464822264852
:1038C00014F055FC84B1FFF7F1FE90B11C201EF0FE
:1038D0007BFB1C220146A0611F4814F048FCA36931
:1038E0002BB920461EF072FB0024204670BD00223A
:1038F0001A70032128461AF067FAAB6C22466360FF
:10390000AC6417232681002663811449284625606C
:10391000267766640AF030FC01F064FF3246014607
:1039200004F10C000AF028FC02232374FFF7BEFE0A
:103930000028DAD00A4B19881729D6D920461AF060
:10394000D0FA0028D1D1132120461AF014FC636963
:1039500043F002036361C8E7BD6D0308EDE10208AF
:103960000E2B0020F8B5054610B3002920DB114CC2
:103970002468247E8C421BDD3F2919DC032701F0DB
:10398000030600EBA10191F831407600B74002F048
:10399000030224EA0704B240224381F8312013B124
:1039A00000211AF09CFC2846BDE8F8401AF0F4BC4F
:1039B000F8BD00BF141D002070B5164600221A7015
:1039C00032800A7A0D46072A4DD8DFE802F0040952
:1039D0000D111A1E304AE86830F8023B338043E08C
:1039E000EB68981D5B88F9E7EB68981D9B88F5E705
:1039F000697B1AF0C1FC02221C4B188018463280E9
:103A000032E002231A4833802EE01A4C2B7BE889DF
:103A100023702B88E11C013363702B8801331B1248
:103A2000A37000F0D3F90330308020461CE0124C24
:103A3000A889EB89020AA3701B0A20706270E370E8
:103A400000F036FA58B1C3681A88022A07D19A786A
:103A50002271DB78637106230748338004E0042376
:103A6000FAE780221A70002070BD00BF36250020C2
:103A7000CD6D0308232500201D250020054A064B97
:103A80001860136843F001031360828B034B1A80A4
:103A9000704700BF0C1D0020141D00205024002082
:103AA00000232DE9F04FDFF8AC9191B0CDE906335A
:103AB000CDE90833D9F80030054613F008080AD0DC
:103AC000614B03F1100253F8041B934245F8041BA9
:103AD000F9D1002011E00320F3F7D0FB1EF074FAB7
:103AE000074648B10620F3F7C9FB1EF06DFA0646FB
:103AF00030B938461EF06AFA1A2011B0BDE8F08FCE
:103B0000CDE9048816F01DFA044668B138461EF067
:103B10005DFA30461EF05AFA40F2074021460CF09A
:103B20003FF840F20740E8E74FF4A053DFF828A140
:103B30001022C6E9023A454B3046336006A904AB71
:103B400015F021FD0446A8B952463846049915F0EF
:103B500053FE044670B9C3463D4B1FFA88F21B68FA
:103B6000D988914227D810222946384605AB15F04E
:103B700082FE0446384615F0ADFD38461EF026FAA2
:103B8000304616F010FA30461EF020FA049815F070
:103B90002CFA002CC0D12C4B05F1100255F8041B57
:103BA000954243F8041BF9D1D9F8003043F00803DB
:103BB000C9F800308DE71A681FFA88F4210102EB7A
:103BC00004142046ADF80EB0019100921AF0CEFF19
:103BD0008246204600F040F930B3DDE90021AAF525
:103BE000205080B2032802D9BAF5245F1FD1525A5F
:103BF00000202146ADF828200DF10D030DF10E0235
:103C0000ADF82AA0FFF7D8FEBDF80E2001460BA89C
:103C10001DF003FCBDF80E20384604320AA915F049
:103C2000FBFD04460028A5D108F1010894E70AF538
:103C30005640FF3080B20428F6D8525AADF82AA078
:103C4000ADF82820E6E700BF3825002000248000DA
:103C5000141D00200C1D00200002C003134B014660
:103C60001B6870B513F0040306D00022104B1C68CB
:103C7000E38990B2834209D80E4A14680022E5898C
:103C800090B2854209D84FF6FF7005E0A56835F877
:103C9000125001328D42ECD170BDA66836F8126028
:103CA00001328E42ECD1034498B2F5E70C1D00209E
:103CB000101D0020141D0020094B1B685B070AD54E
:103CC000084B1A68D389834203D9936833F81000EC
:103CD0007047C01A80B2044B1B689B68F6E700BFB0
:103CE0000C1D0020101D0020141D002038B5046894
:103CF00005460C22204608491DF05AFB50B9022205
:103D0000064904F10E001DF053FB18B902200C34D3
:103D10002C6038BD1020FCE7D06D0308DE6D030871
:103D20002DE9F743102801910BD0022804D04FF65B
:103D3000FF7003B0BDE8F083019B1888FFF78EFF8A
:103D4000F7E701A8FFF7D2FF0228F5D01028EED13F
:103D50001B4B019F1E6816F0040608D00024194B67
:103D6000D3F80080B8F81660A5B2AE421AD8002584
:103D7000154BD3F80080B8F81690ACB24C45D6D2AB
:103D8000D8F81000102200EB051039461DF010FB8A
:103D900001350028F1D1A0196FEA40406FEA504088
:103DA00080B2C6E7D8F81000102200EB04103946A4
:103DB0001DF0FEFA01340028D6D145F40040B8E7E2
:103DC0000C1D0020101D0020141D0020020408B549
:103DD0001DD5124BC0F30E001B685B0713D5104BAB
:103DE0001A68D38A98420CD2136903EB001000F1D1
:103DF000100350F8042B984241F8042BF9D11020FD
:103E000008BDC01A80B2074B1B681B69EDE7FFF7BE
:103E100053FF0870000A48700220F1E70C1D0020D3
:103E2000101D0020141D002038B50446094B1B68E6
:103E30001D68A54209D2204621B91AF0A1FE30B171
:103E4000103402E01AF0A5FE08B1204638BD103C3F
:103E5000EFE700BF141D0020437ADA0702D5C3F351
:103E600080007047034BC2881B881A4214BF012090
:103E700000207047502400200A4B1B68DB0708D540
:103E800070B1094B1B68DB88834234BF00200120DE
:103E9000704728B1054B1B88834294BF0020012046
:103EA000704700BF0C1D0020141D0020522400206C
:103EB00070B50246FFF7E0FFE8B10F4B1968CD88F7
:103EC000954209D302F180500B680138040103EBDD
:103ED00000101B5B93420ED0002398B2854201D89C
:103EE000002008E00E681C01345B06EB03109442CE
:103EF00003F10103F1D170BD141D00202DE9F34140
:103F000000250E46A846174F01903A68ABB2D188FB
:103F100099421DD91468ABB204EB0314B4F9043010
:103F2000002B1CDA2046FFF797FFC0B1E1680B8831
:103F30009E4214D13246019802311DF0BEFFE36863
:103F400082B21B88934207D0114601A81DF01AFEC9
:103F5000404602B0BDE8F08143441FFA83F80135C2
:103F6000D3E700BF141D00207FB5134B0E46054656
:103F700004460393A0B11AF09BF978B900223146A8
:103F800020461AF0C5FA022807D1012331460093D2
:103F90002046042303AA1AF088FE0DB104B070BDB8
:103FA00020461AF054F904460028F7D01AF080F998
:103FB0000028F5D1E2E700BF0100FFFF2DE9F04F37
:103FC00097B0834609911AF0BFF8099883790C33AA
:103FD000C45CC5181DF034FD202C0646099F26D868
:103FE000012C28D9C74BA21ED2B2D340DA0722D562
:103FF000384697F806801DF023FDBBF80A2083B2EF
:104000009A4228D214F0010240F0A78004F07F0306
:10401000522B00F0A2801E2C00F09F80099B2146AD
:1040200000935846042319F06DFF21240CE004F09E
:104030007F03522BDCD021460623002258460097EE
:1040400019F060FF41F2061458461AF082F8204633
:1040500017B0BDE8F08F47443A7B013B202A9BB262
:1040600046D8012ACED9023A1E2ACBD801A151F84E
:1040700022F000BF11410108054001081541010867
:10408000054001080941010805400108FD400108FB
:1040900005400108114101080540010815410108CA
:1040A000054001081941010805400108FD400108CB
:1040B0000540010847410108054001080540010885
:1040C000054001084B410108054001084F41010826
:1040D00005400108054001080540010805400108A8
:1040E0000540010853410108054001081941010834
:1040F000522A28D0D22A85D10D2B06E0062B11D0CA
:10410000142B7FF47FAF0DE0052B7FF67BAF09E02A
:10411000022BF6E7042BF4E7032B7FF673AFDB07E4
:104120003FF570AF022C00F00281DBF800309B6895
:104130009F0516D40BF144001DF0FDFB099BCBF845
:104140004430002480E7012BDFE7032BDDE7012B60
:10415000D7E7002B7FF456AFE4E709A81DF0EBFB8F
:1041600063E71E2C00F0368358461AF0A1F8074684
:10417000002840F0828058461AF095F800287CD03C
:1041800004F07F03522B00F0CE80082C68D1B6B229
:10419000152E14BF02201020691D1AF06FF8002898
:1041A0005ED0DBF81430D8074BBF23F0010343F097
:1041B00001033946012158464CBFCBF81430CBF8E7
:1041C00014301AF08CF809980D9019F00BFE044683
:1041D000B0F80180B0F803900D981DF031FC15285F
:1041E00014BF02251025053421462846FFF798FD07
:1041F0002146039028461AF041F80490B8F1000FC8
:1042000000F05281C84500F24F81022109200D9A29
:1042100019F009FEBBF80A708246023FBFB23E4663
:1042200040464FF0FF354946039A1AF023FB0446F7
:10423000002800F07B811AF0F3F8002800F0938149
:104240000122214658461AF092F903468DF82E00B5
:10425000002800F02E810D9A009222460821B2E03B
:10426000DBF8143013F001064ED023F001030021D7
:104270005846CBF814301AF032F8202C72D8032CA0
:1042800075D9231F1C2B72D801A252F823F000BF4E
:104290007D4501086F4301086F4601086F4301081F
:1042A000C74101086F430108594701086F430108DE
:1042B000774701086F4301088D4701086F430108E4
:1042C0007B4301086F430108A54701086F430108BC
:1042D0006F4301086F430108C14701086F4301089C
:1042E000CB4701086F4301086F4301086F43010882
:1042F0006F4301086F430108D54701086F43010868
:104300009B4701085555515043F001030121584680
:10431000CBF8143019F0E3FF1223324621465846F9
:10432000009619F0EFFD09A81DF005FB09E7099DAE
:10433000BA4C284619F056FD2188B0F801602A468B
:10434000584619F0F4FD2388BBF80A10B34228BF81
:104350003346172BB8BF17235846ABF80A3019F06D
:10436000DFFEEEE6522C00F02482D22CDBD0099B3B
:10437000002200932146062325E0099F384619F0C4
:1043800031FD0546B0F80180B0F803A038461DF0B5
:1043900057FB15280CBF20460220691DFFF7C0FC03
:1043A000B5F8053004900793B8F1000F07D0D04559
:1043B00005D81AF0BDFB50B91023009701E0012386
:1043C000009742461021584619F09CFDB9E63A463E
:1043D0000221112019F027FD44464FF0FF35BBF8AC
:1043E0000A3005909E1E0393063B9BB2B6B208931B
:1043F00051462046049A1AF03DFA814668B3514668
:10440000079A1AF084FA044648461AF009F840B9A7
:104410004FF6FF739C4201D00134A4B25445E7D952
:104420001BE04FF000030DAAADF8343049460CAB49
:1044300058461AF039F9039ABDF83430053A9A42D1
:10444000089A0690D8BF1346002DADF8343009DB2A
:104450009D4202D1EB1CB34208DB691C1CD10A232C
:104460000097AEE7351F9D42A8BF1D46042211A943
:104470003846ADF84490ADF846401DF01EFD2A4682
:10448000384606991DF019FD4FF6FF73043E761B62
:104490009C42B6B2C0D1E0E73946059B04355D7059
:1044A0005846FFF7E5F84CE60D9B00930123424682
:1044B000D4E6049B13B1204619F096FF204619F06C
:1044C000C7FFD8B1002D54DC0DA81DF034FA082325
:1044D00058468BF81C3050F80C2B40F2025192F8E1
:1044E00070208DF8483000238DF8442011AAADF8D3
:1044F0004640ADF84A301DF04CF922E6ADF84400D4
:104500000DF12E032146584611AA1AF0CDF8BDF838
:1045100044300590BB4228BF3B46002DADF84430E7
:104520000ADBAB4202D16B1CB34209DB6A1C0D9B58
:104530001FD100930A23BAE7B51E9D42A8BF1D46AE
:1045400002220CA90D98ADF830401DF0B6FC2A46A9
:1045500005990D981DF0B1FC4FF6FF73023E761BD6
:104560009C42B6B2E2D0601C80B28145BFF45BAE23
:10457000DCE702350D998AF8015091E7DDF82490C7
:10458000484619F02FFCB0F80330B0F801800493CE
:10459000B8F1000F44D0984542D84FF6FF774A460D
:1045A0000221052019F03FFC4546BA46BBF80A40F7
:1045B0000590023CA4B2294658461AF03DFA5045EF
:1045C00006464CD04FF400622946584619F0CFFFFA
:1045D00000283FD130461AF0C7FA00280CBF02234A
:1045E00010235745039321D030461AF0BDFA0690A8
:1045F00038461AF0B9FA069B834203D1039B013374
:10460000A34214DB38461AF0AFFA059B0130194675
:104610005870584619F05FFC93E500BF0E2B002040
:104620000123CDF8009042460421CCE637460DF137
:1046300046013046ADF84450FFF7C8FB039B48469F
:104640009A1C11A91DF039FC039B023CE41A554544
:10465000A4B2D7D0049B0135ADB2AB42ABD24FF67A
:10466000FF739F42CED10A23CDF80090DBE7DDF83F
:1046700024900024484619F0B5FBB0F80530B0F896
:1046800003A0B0F801600746484603931DF0D8F92F
:10469000C51FADB2102D0C945AD82A46F91D0DA88D
:1046A0001CF0BBFE002E55D0564553D84A4601217A
:1046B000072019F0B8FBA046074633460A249A455E
:1046C000049307D93946BBF80A0019F08FFB032879
:1046D000049B04D8B8F1000F1CD0394699E7ADF817
:1046E0004430039B5846ADF848300DAB139300237C
:1046F0000BAA009311A90DF12E03ADF846A0ADF859
:1047000050501AF030F90A280446E3D0BDF82C3096
:1047100030B11E46234632460621CDF8009052E6BF
:10472000ADF83030BDF82E300CAAADF83230394635
:104730000423BBF80A0019F064FB4FF6FF72BDF8C2
:104740002E309342C9D001334FF001089BB2B6E737
:104750000424DFE70124DDE70A23099C8BF81C30E1
:10476000204619F03FFB23460022B0F801105846BE
:104770001AF06BFBE5E4099C204619F033FB0C238F
:104780008BF81C30B0F803202346EEE75A460F2181
:104790000E20099B1AF0B2FBD3E45A4621212020B7
:1047A000099BF7E75846099AB5F801101AF093FCEF
:1047B000C7E45846099AB5F801101AF0E7FCC0E4BE
:1047C000584609991AF021FDBBE4584669781AF059
:1047D00087FDA8E558461AF0A3FDA4E57FB5174A62
:1047E0000646136842F6052023F0080313601AF00A
:1047F0007CF8054650B16846FFF752F9002019F0E1
:1048000026FD044620B92946FFF7AEFB04B070BD73
:104810001022684604F121011CF0CAFD38B10121C3
:10482000204619F05CFD636923F0010363611EB14A
:10483000314620461AF031F92046E0E70C1D0020F1
:1048400038B5124B04461B8842898B4228BF0B4661
:10485000172BB8BF17231146438119F061FC636918
:1048600023F002036361A3699D693DB100222946DB
:1048700020469A61BDE83840FEF7FABE40F2094191
:10488000204619F075FCA3691D7038BD0E2B002061
:104890000148FEF705BF00BFD94C010801481DF0D3
:1048A00068B800BF881D002040F6FF732DE9F34172
:1048B0000D46B0F86E100192994205D101A81DF085
:1048C0003AF802B0BDE8F0811146134601229BBBC5
:1048D0001E481DF017F9FFF7E1FF04460028F0D04D
:1048E0001DF0AEF86379074603F001086FF300038B
:1048F000637104212046A6681DF0E5F9437904465A
:1049000068F300034371DB438179B6F86E200C3104
:10491000866003F001036254C2F30322084442EAB2
:104920000312427047802246304629461BF015FE8E
:104930002046F9F7B9FBCEE75C79986024F00304D0
:1049400014435C7100221B68C1E700BF881D002072
:1049500070B50546064C206800B970BD8368AB424F
:1049600004D1066809F074FD2660F4E70446F2E716
:10497000881D0020014601481DF0C4B88C1D002090
:1049800001481CF0F6BF00BF8C1D00200146014805
:104990001DF0B8B8841D0020034BD86818B103F18E
:1049A0000C001CF0E6BF7047781D0020044BDA684D
:1049B00022B95869003818BF01207047012070479C
:1049C000781D0020044B18780130C0B2012838BF90
:1049D00001201870704700BF181D0020014800F02A
:1049E000CFBA00BFE94901082DE9F04F867987B0B9
:1049F0000C3605900546805BC0F30B00FEF72CFDDE
:104A0000044618B905A81CF096FF4EE090F87230E5
:104A1000022BF7D1AB5B059AC3F30B0103F44053B0
:104A2000B3F5805F9060A95342D153796FF30003CF
:104A30005371836B002BE5D0042105A804F13806DF
:104A40001DF079F8304605991DF05CF8A06B002345
:104A500001465A1CA9BBDBB2012B01D91DF0C3F8DA
:104A6000A06B1CF0EDFF03281FD9D4F838904846FE
:104A700099F806701CF0E4FF0C3709EB070539F8CC
:104A80000770A0F10408474522D9524FD4F838A046
:104A900007F1100957F804BB534642462946204601
:104AA000D8474F4510D00028F4D007B0BDE8F08FAC
:104AB00038301CF040FF059A537943F001035371DD
:104AC000BAE713460968C4E70028EED130469AE7F2
:104AD000A06B1CF0B5FF04378742F7D36988A1F1BA
:104AE00040033F2B0BD8042130461DF024F820460C
:104AF000A26B69880AF042FF0023A363D5E705296A
:104B00000BD0062961D00429E0D130461DF013F8FE
:104B1000A16BA06CFEF7D2FDEEE7294620460AF015
:104B2000D3FD02460028D1D12B79122B06D0132BAE
:104B300036D0204669791BF0E7FAC7E794F873305E
:104B4000022BF6D040F67A4029898B1F9BB2834214
:104B500024D86A89931F9BB283421FD891421DD8E3
:104B6000AB89B3F5FA7F19D240F6764CEF89A7F1FD
:104B70000A0080B2604511D8B4F86A000290B4F817
:104B80006800CDE90070204600F064FB021E18BFEB
:104B90000122204669791BF073FA97E70122F8E7B2
:104BA00094F87330012B03D1204669791BF0ACFADD
:104BB000A3681A048AD523F40043A3602B89012B30
:104BC00084D120460AF060FA80E72046A16B1DF0F0
:104BD000FEFE91E7E06D03080138C0B20A289ABFD3
:104BE000014B185C00207047F06D03080149024832
:104BF0001CF093BDA4290020201D002010220A4B88
:104C00002821DA826422C3E906124FF6FF721A8461
:104C100002225A60002283F82B200F2283F82D00F5
:104C200083F82C20704700BF241D002038B5104C9D
:104C300094F82B30D3B1626812F0010516D104F15B
:104C400008000BF031F81BF0ECFA78B14EF6602258
:104C500094F82C304FF48271534306482A4609F0E9
:104C600069FA18B9636843F00103636038BD00BF97
:104C7000241D0020201D002022F00042052A10B52E
:104C80000DD0B2F5827F13D0032A06D1114A5368A2
:104C900023F0020353600AF0A5F8002010BD0D4A6E
:104CA0001B88118D9942F8D1002313850120F5E767
:104CB000084B5A6893F82B4022F00102012C5A60ED
:104CC000F4D11DF0E2FAFFF7B1FF20460AF0D4F864
:104CD000ECE700BF241D002030B5044685B008462F
:104CE00003911BF09AFB830708D410F0010003D056
:104CF00003A81CF020FE012005B030BD03998B797C
:104D000003F10C0288188A5C013A202A00F217810C
:104D1000DFE812F021001501B1001501B400150102
:104D2000BD001501C4001501CC001501D40015010A
:104D3000DB001501E9001501F10015011501150150
:104D4000F300150101011501030115010C01150105
:104D500015011501E20003790BB103F58853427880
:104D6000023A1E2AC4D801A151F822F0E94D0108E7
:104D7000F14C0108F34D0108F14C0108FF4D010809
:104D8000F14C01080B4E0108F14C0108174E0108C7
:104D9000F14C01083B4E0108F14C0108234E01087B
:104DA000F14C0108474E0108F14C0108534E01082F
:104DB000F14C0108F14C0108F14C01085D4E01086D
:104DC000F14C01086D4E0108F14C0108F14C01084D
:104DD000F14C0108F14C0108F14C0108F14C0108BB
:104DE000F14C01082F4E010817212046FFF728FD3E
:104DF0007EE70022204611461AF0A5FC78E71A4605
:104E0000002120461AF04CFD72E700222046114690
:104E10001AF0F6FE6CE70022204611461AF09FFDBC
:104E200066E71A46002120461AF08CFE60E71A4613
:104E3000002120461AF0A5FE5AE71A460021204616
:104E40001AF063FE54E70022204611461AF0CBFF09
:104E50004EE7194620461BF02FF849E70093002340
:104E600020461A4619461BF031F841E719462046FC
:104E70001BF07EF83CE7B0F80110B6E702338B7107
:104E80000A460023417820461AF05DFC33E70133DF
:104E9000002220468B711AF003FD2CE702338B7140
:104EA0004278002320461AF0ABFE24E701338B71D1
:104EB000002320461A461AF052FD1CE70133002257
:104EC00020468B711AF021FE15E70133002220469F
:104ED0008B711AF037FE0EE70133002220468B71EA
:104EE0001AF04FFE07E702338B7142780023204609
:104EF0001AF079FFFFE60021ACE705338B71002340
:104F0000B0F80320B0F8010000930B46014620469C
:104F10001AF0DCFFEFE60021A9E703338B710A46A4
:104F2000B0F8011020461BF042F8E4E603338B7121
:104F30000A46B0F8011020461BF042F8DBE60020DC
:104F4000DAE600BF07B5837801916A460821044874
:104F50008DF800301CF01DFC03B05DF804FB00BFB1
:104F6000201D00200022054BC3E90322C3E90522CE
:104F70001A70DA614FF6FF725A847047781D00206C
:104F8000014B1860704700BF741D002082780D4BE4
:104F900013B55A60B0F8032091B2102910D040F632
:104FA0000344A1420CD041795B8C8DF80210ADF81E
:104FB000042005216A460448ADF800301CF0E9FBE6
:104FC00002B010BD781D0020201D002073B583792C
:104FD00001900C33C418C35C132B0ED8042B10D9CA
:104FE000053B0E2B0DD8DFE803F01E0C0C1E0C0C3D
:104FF0000C0C0C161A0C0C0C2300302B13D03E2B6F
:105000001BD0F9F71BF8019B834202D001A81CF0CA
:1050100092FC02B070BD2046FFF7B8FFF1E7E278DE
:105020000E4B5A60EDE7204601A90AF03DF8E8E78B
:10503000204601A91BF08CFAE3E70025084E019BEE
:105040003BB1204656F8043B01A901359847102D85
:10505000F5D101A81CF06FFCD3E700BF781D00203C
:10506000FC6D030807B5FFF78BFC20B103B05DF8BA
:1050700004EBFFF7ABBFFFF78FFC019018B1054BB6
:105080001B681BB1984703B05DF804FB01A81CF036
:1050900052FCF8E7741D0020024610B1022804D02B
:1050A0007047032102481CF02CBBFFF7DBBF00BF99
:1050B000201D0020024B1A78024B53F8223018476B
:1050C000781D00203C6E030810B504460120FFF750
:1050D000F1FF034B00201C70BDE81040FFF7EABF52
:1050E000781D002010B50446062142F205001AF092
:1050F00087FF2368C0F80330A388A0F8073006486C
:10510000F8F7BEFF1AF0AAFF407918B1BDE81040C9
:105110001BF0D8B910BD00BFBBC0020810B50446D3
:1051200006214FF628401AF06BFF2368C0F80330C1
:10513000A388A0F807300648F8F7A2FF1AF08EFF00
:10514000407918B1BDE810401BF0BCB910BD00BFDC
:105150008DE1000838B505460C4669B9022142F2D6
:105160001B001AF04DFFB5F86E30A0F803300D4863
:10517000BDE83840F8F784BF122142F21A001AF055
:105180003FFF2146B5F86E30053020F8023C04F1AF
:10519000100351F8042B994240F8042BF9D102482E
:1051A000E6E700BF47C3020883C3020808B5002131
:1051B00042F20E001AF024FFBDE808400148F8F75B
:1051C0005FBF00BFB5C4020838B590F8723004461E
:1051D000032B154606D1FFF7E9FF0123002084F8D1
:1051E000723019E0C9B9012B2DD9032140F20640D4
:1051F0001AF006FFB4F86E304571A0F8033013487A
:10520000F8F73EFF1AF02AFF8378002BE5D01AF05A
:1052100025FF807840F4805038BDA3B102214FF6BD
:1052200004401AF0EDFEB4F86E30A0F803300848E0
:10523000F8F726FF1AF012FF4379002BCDD01AF0B1
:105240000DFF4079E6E70220E6E700BFC9C3020888
:10525000FFC30208F8B507460E4642F213000E21BE
:1052600015461C461AF0CCFEB7F86E30A0F8056063
:10527000A0F80330BDF81830A0F80750A0F80B30A4
:10528000BDF81C30A0F80940A0F80D30BDF8203062
:10529000A0F80F300648F8F7F3FE1AF0DFFE80782A
:1052A00020B11AF0DBFE807840F48050F8BD00BFDA
:1052B00041C40208F8B507460D4642F219001C2108
:1052C0001C4616461AF09CFEB7F86E300F3020F8D8
:1052D0000C3C2B6804F1100240F80A3C6B6820F883
:1052E000026C40F8063C234653F8041B934240F8F6
:1052F000041BF9D10648F8F7C3FE1AF0AFFE807818
:1053000020B11AF0ABFE807840F48050F8BD00BFA9
:10531000F1C2020870B506460D4642F27A00042139
:1053200014461AF06DFEA0F80360457184710648BA
:10533000F8F7A6FE1AF092FE407918B1BDE8704069
:105340001BF0D2B870BD00BF41C8020810B50446BA
:10535000022142F230001AF053FEB4F86E30A0F889
:1053600003300F48F8F78CFE1AF078FE437963B9E2
:105370001AF074FEC088FEF76FF8044628B11AF0E0
:105380006DFE017A2046FEF761F91AF067FE40795A
:1053900020B11AF063FE407940F4805010BD00BF88
:1053A0003DE4000838B5FEF7AFF90446FEF70EFA03
:1053B00005460648FDF7CEFF0023037143712368BD
:1053C000C0F80630A3880573438138BD2009020563
:1053D00073B5411D027904466846FEF7DDF968465B
:1053E00018F05FFB054668461DF0E5F806460948DB
:1053F000E47818F083FC034648B104710098DE722B
:10540000C3F80500BDF804201D73A3F8092002B0FD
:1054100070BD00BF746E030813B5C37A0093B0F873
:105420000930D0F80520D0F8011000781CF058FFA2
:1054300004460348FDF78EFF848002B010BD00BF14
:105440002002040310B5064B064A417800781A6022
:105450001CF072FF04460448FDF77CFF848010BDF9
:105460009C1D0020D153010820020405FF2337B5FD
:105470000DF107008DF8073009F0FAFB04460448E7
:105480009DF80750FDF766FF8480857103B030BD3D
:105490002003040138B54B7905465B070C460CD454
:1054A00014212046054A1BF059F82046217918F0AE
:1054B000C7FB10B9A3791C44257438BD786E030866
:1054C000837810B5132B0C4608D1054B1B6803B12C
:1054D00098472046BDE810401CF02DBA10BD00BF13
:1054E0009C1D002010B50021044600781BF006F832
:1054F00048B1617820781CF0E0FE04460348FDF7CF
:1055000029FF848010BD0224F8E700BF2002560165
:1055100010B5417800781CF072FF04460248FDF790
:1055200019FF848010BD00BF200256020020024BEC
:105530001870024B1870704749250020482500203C
:105540002DE9F04183780D460D2B90B04FD109AC79
:105550002646821C00F11A0327461068516808325B
:1055600003C79A423C46F7D113881C213B8028464A
:105570001CF0E1FABDF826402F6814F00C043ED16F
:1055800038461CF05DFAA0F10208A0450DDA4FF094
:10559000FF3400239C428DF81C301EDB012239466B
:1055A000A31C07A81CF0B6F917E0631C01223946BA
:1055B00005A81CF0AFF99DF81430012BE9D0234663
:1055C0000122394607A81CF0A5F99DF81C3013B13B
:1055D00001331C44D9E78DF81C3009F0F5FB012894
:1055E00008D0022837D050B928461CF0A4F910B0D2
:1055F000BDE8F0819DF81C3013F0010FF4D09DF848
:105600002F0000F033FD04469DF8300000F02EFD21
:105610000DF11C089DF828200DF12901074605A869
:10562000FEF7BAF840469DF836200DF13701FEF737
:10563000B3F80D4B1B78DB0712D405A818F031FA2C
:10564000CDE901053A4621463046CDF8008005AB4C
:1056500000F00CF8C8E79DF81C3013F0030FCDE7FD
:105660004FF0FF30ECE700BF482500202DE9F74F51
:10567000B0F802C006461CF0100F1C460C9F9DF9A6
:1056800034A0DDF838B033D05FFA8CF51CF0080F89
:10569000184614BF05F0080505F00F051CF08BFF38
:1056A000814638461CF087FF96F90F3080465A46EF
:1056B000042113480193767818F056FB019BA0B1A2
:1056C00005712268C0F80520A28880F80B90A0F828
:1056D000092080F80CA0437386733B68C0F80F3034
:1056E000BB8880F81580A0F8133003B0BDE8F08FB8
:1056F000CDE90DAB0C9703B0BDE8F04F1AF013BF26
:10570000B46E030810461946F8B522F0004340F283
:105710000A4293420ED8B3F5806F59D96FF4806274
:105720001344092B54D8DFE803F00D101F305050FC
:105730005050530D40F20152934234D0A3F2025321
:10574000032B45D8FDF78AFC0CE00D784C688A697C
:1057500001F108031F48002118F0E1FA10B10571AA
:10576000C0F805400120F8BD0E784D880C798A6993
:1057700001F108031848002118F0D1FA0028F1D0EF
:105780000671A0F80550C471ECE70D784C884A69A1
:105790000B1D1248002118F0C2FA0028E2D0057152
:1057A000A0F80540DEE70F784E880D79CC8801F12E
:1057B00008020B48002118F0D7FA0028D2D0077150
:1057C000A0F80560C5710481CCE7FDF7CDFBC9E702
:1057D0000020C8E7C46E0308C06E0308BC6E03084F
:1057E000B86E0308004870470557010810B5104B04
:1057F0001B681C7FD4B1102C28BF10241BF0E0FFC5
:10580000621C81B200230720D2B208F04DFD04468D
:1058100050B9084908481BF080FF084808491BF0A8
:105820007CFF084808F04EFF204610BD0424E5E741
:10583000CC1D0020BC290020A41D0020A01D00209C
:10584000CC290020B429002030B5124B0D469942D6
:10585000144689B01BD1930011D505A906A808F0FC
:1058600009FD072300220393059BE1B20293069BE7
:105870002846CDE9003241F000511BF023FF0648D5
:1058800018F03CFA00B10471012009B030BD0020CD
:10589000FBE700BFA01D0020006F030822F00042BC
:1058A000B2F1A04F08B504D1034818F027FA01203F
:1058B00008BD0020FCE700BF046F030800200A4B6E
:1058C00010B51871FDF7E4FD04463CB909F0EEFA95
:1058D000BDE81040054906481BF043BF20461CF0B8
:1058E00052FE6468F1E700BF54240020DC29002048
:1058F000201D002070B50020FDF7CAFD01260446DA
:10590000074D04B970BD94F8723033B12E711AF09E
:1059100011FE132120461CF032FE6468F1E700BF3F
:105920005424002038B50023094C2360A380036869
:10593000236020781CF01FFE054630B90548064953
:105940001BF0EBFE608809F0C7FA284638BD00BF9F
:1059500054240020201D0020DC29002022F00042D9
:10596000B2F5887F2DE9F0471C4600F0E2800ED8A2
:1059700040F203139A423CD040F209139A4200F0DD
:10598000C2800E2A00F0B3800020BDE8F08740F20C
:1059900007239A4247D0B2F5037F56D040F2062340
:1059A0009A42F1D120684C30FDF710FF2568074678
:1059B000644895F8736095F870A095F9759095F81E
:1059C0007680A48818F09AF90028DDD0EB6C43604B
:1059D000B5F8503087720381731E5E425E41C67215
:1059E00080F80CA080F80D9080F80E80A0F80F4091
:1059F000CAE72078FDF73EFD0028C5D0524894F84C
:105A000000806788A688E588247A18F077F900284E
:105A1000BAD080F80480A0F80570A0F80760A0F85C
:105A20000950C472B0E72078FDF724FD0028ABD000
:105A300060782578FFF7D0F80446444818F05EF9FE
:105A40000028A1D0057144719EE7A578012D1ED0D4
:105A5000022D2DD0CDB9E37894F80080023BDBB263
:105A6000022B8CBF01253A4A94F90470667998BFDD
:105A7000D55C94F90640374818F040F928B180F811
:105A8000048045718771C671047201207DE7E37857
:105A900094F80080023BDBB2022B98BF2C4A94F9A9
:105AA0000470667998BFD55C94F906402A48E3E70C
:105AB000E3782A48023BDBB2022B94BF244A01253B
:105AC00094F80180277898BFD55C94F904906679A2
:105AD00094F9064018F012F90028D6D0A0F80480F6
:105AE0008771C57180F8089046728472CDE72346AD
:105AF0000822002113F8014B194818F010F900286A
:105B0000C3D00471C1E7174894F800806788A6885D
:105B1000E588248918F0F2F80028B6D080F80480CF
:105B2000A0F80570A0F80760A0F80950A0F80B4095
:105B3000ABE70D481C7818F0E1F800283FF424AFDB
:105B4000047121E74C6F0308486F0308406F030896
:105B5000086F0308386F0308346F03083C6F0308AD
:105B6000306F03082C6F0308446F030810B50078EA
:105B7000FDF780FC40B113211CF001FD04460348F1
:105B8000FDF7E8FB848010BD2524F8E72002060518
:105B900070B5144606460D46204614210A4A1AF0EE
:105BA000DDFC2046217918F04BF858B9A3790C3365
:105BB0001C44064BA6711B79A5801BB1BDE8704043
:105BC0001AF0B9BC70BD00BF286F03085424002030
:105BD00010B5007809F06AFD044618B90249034877
:105BE0001BF09BFD204610BDEC2900200024002066
:105BF0006FF4E06122F000420A442DE9F047052AE3
:105C000000F28280DFE802F003153556676F5A888C
:105C1000272A79D03D481F781E79DD881C8918F025
:105C20006DF818B107714671C58004810120BDE887
:105C3000F0875C88272C67D0354893F800A0B3F82C
:105C40000490B3F808805F899E89DD8818F056F8C3
:105C50000028EBD080F804A0A0F80540A0F8079039
:105C6000A0F80980A0F80B70A0F80D60A0F80F5004
:105C7000DCE75A88272A47D0264893F800A0B3F8D3
:105C80000490B3F808805F899E89DD89DC8818F06C
:105C900035F80028CAD080F804A0A0F80590A0F834
:105CA0000780A0F80970A0F80B60A0F80D50A0F8CC
:105CB0000F40BBE75A88272A26D01E789D889C680B
:105CC000154818F01BF80028B0D00671A0F8055050
:105CD000A0F80740AAE75A88272A15D01E789D8881
:105CE000DC880E48EDE75A88272A0DD000210C48A1
:105CF00003F108021D789C8818F036F8002895D02A
:105D00000571A0F8054091E7002090E76C6F03084B
:105D1000806F03087C6F0308706F0308746F0308BB
:105D2000786F030813B504460078FDF7A3FBA0B114
:105D3000B4F809300193B4F807300093B4F8053093
:105D4000B4F80320B4F801101CF008FD0446044820
:105D5000FDF700FB848002B010BD2524F7E700BFEB
:105D60002002430210B504460078FDF783FB58B1CA
:105D7000B4F80320B4F801101CF02EFD04460348CB
:105D8000FDF7E8FA848010BD2524F8E720024304DB
:105D900010B504460078FDF76DFB58B1E278B4F811
:105DA0000110231D1CF05DFD04460348FDF7D2FAE7
:105DB000848010BD2524F8E720024303024B002015
:105DC0001A68024B5A607047C41D0020FC2900204D
:105DD00010B500F073FA044630B9044817F0ACFE71
:105DE000044608B900F070FB204610BDFC290020D5
:105DF0007FB51C4640F20A6322F000429A4206D860
:105E0000B2F5C06F06D8032A20D00D2A4AD0002050
:105E100004B070BD6FF4C0631A44092AF7D801A317
:105E200053F822F00F5F0108BD5E0108E15E010832
:105E3000F15E0108075F01080F5E0108275F010896
:105E40003D5F01085D5F0108A95F0108002402A809
:105E5000F0F702F801A8BDF80850019412F09BFB7E
:105E600000B101945248019C17F048FF0028CED0A1
:105E7000002343718371C371037243726FF0010396
:105E800083724FF0FF33C3721C2383744A23C3749D
:105E90006FF045030922037579230271C4600582FE
:105EA0004375B4E723460422002153F8044B4148CC
:105EB00017F035FF0028AAD08480A8E72078FDF7E6
:105EC000D9FA0028A3D03C48267894F90150A47848
:105ED00017F014FF00289AD006714571847196E777
:105EE0002478364817F00AFF002890D004718EE716
:105EF00025783348646817F001FF002887D00571C2
:105F0000C0F8054083E725782E486468F3E72E48FB
:105F10002578646817F0F2FE00283FF478AF057129
:105F2000A0F8054073E729482578646817F0E6FE75
:105F300000283FF46CAF0571447168E7637824482A
:105F40000D2B96BF234A0125D55C247817F0D6FE89
:105F500000283FF45CAF0471457158E76378002175
:105F60000D2B98BF1B4A1C4898BFD55C6368A2786C
:105F700088BF0125267817F0D2FE08B10671457159
:105F80006378012B3FF643AF8DF8083001220021E2
:105F9000114802AB247817F0C2FE00283FF437AF57
:105FA00001230471437132E724780C489AE700BF5B
:105FB000C06F0308BC6F0308A86F0308B06F030825
:105FC000B46F0308AC6F0308A46F0308A06F030845
:105FD0009C6F0308846F0308986F0308946F03088D
:105FE0001422002101481BF00DBA00BFA81D00209B
:105FF00070B505461EF08EFF1A4C064663795B07A6
:106000000ED414212046184A1AF0A8FA2046217905
:1060100017F016FE20B13046BDE870401EF06CBF90
:10602000A3790C3323442DB91A79FF2AF3D0013216
:106030001A71F0E7012D05D15A79FF2AEBD0013210
:106040005A71E8E7022D05D19A79FF2AE3D001328F
:106050009A71E0E7032DDED1DA79FF2A1CBF013205
:10606000DA71D8E7A81D0020B86F0308042828BFFC
:106070000020014B185C7047C46F030838B5054613
:106080000848FDF7E7F8044648B9FDF739F9044632
:106090001DB1054B1B689B792B70FDF745F9204618
:1060A00038BD00BFD86F0308FC1C00202DE9F84361
:1060B00080460D480F4616461D469DF82090FDF778
:1060C000C9F878B9094B1C6884F80480C4F80570D5
:1060D000C4F80960A4F80D5084F80F90BDE8F843A7
:1060E00017F05FBDBDE8F883D06F0308FC1C0020EB
:1060F00038B5054606480C46FDF7ACF838B9054BEF
:106100001B681D715C71BDE8384017F04ABD38BD91
:10611000C86F0308FC1C002038B5054606480C462D
:10612000FDF798F838B9054B1B681D715C71BDE827
:10613000384017F036BD38BDE86F0308FC1C00205E
:1061400038B5054606480C46FDF784F838B9054BC6
:106150001B681D715C71BDE8384017F022BD38BD69
:10616000E06F0308FC1C002010B504460548FDF74D
:1061700071F830B9044B1B681C71BDE8104017F072
:1061800010BD10BDF06F0308FC1C002070B5054663
:106190000B480E46FDF75EF8044678B9FDF7B0F8F7
:1061A000084B04461B6825B1D3F806202A605A899B
:1061B000AA800EB11B7B3370FDF7B6F8204670BD88
:1061C000F86F0308FC1C00202DE9F04780460F48BB
:1061D0000F4616461D46BDF820A0BDF82490FDF7D9
:1061E00039F888B90A4B1C6884F80480A4F8057053
:1061F000A4F80760A4F80950A4F80BA0A4F80D9027
:10620000BDE8F04717F0CDBCBDE8F087107003087B
:10621000FC1C002038B505460C4607480121FDF757
:1062200029F840B9054B1B681D71A3F80540BDE86E
:10623000384017F0B6BC38BD08700308FC1C0020BD
:1062400070B5064608480D461446FDF703F850B9E8
:10625000064B1B681E71A3F80550A3F80740BDE864
:10626000704017F09EBC70BD00700308FC1C00203D
:1062700070B50E4615460446A8B10DF04FF898B912
:106280000A4B1C600A4B1E600A4B1D6012F05BF942
:1062900008F03EFAFCF7A6FF0748FCF7AFFFBDE8A1
:1062A0007040FFF78BBD212070BD00BFCC1D0020CA
:1062B000C81D0020C41D00201DE701082DE9F04184
:1062C000764D88B008F0F8F90E20754908F046F8C8
:1062D0002B6851215A685423B2FBF3F2002392B287
:1062E000184607F0E1FF0446002840F0C18008F09E
:1062F0007BF80A206B4A6C4907F0FEFE064604460E
:10630000002840F0B58007F055FD12F04DF98DF8EA
:106310000E608DF8076002AE31460DF10700F4F70C
:1063200013FE002840F09980304619F06DFF0028D8
:1063300000F09380302800F090809DF80730012B0A
:1063400017D172238DF80E30EFF7F4FDCDE9060179
:10635000030C8DF81230BDF81D30ADF81000ADF80B
:1063600013309DF81F308DF8153049238DF8163005
:106370000AE049238DF80E3096E80300ADF81410BA
:10638000090C04908DF816109DF80E3013F0280FAC
:1063900007D1DDE90401ADF80C10090C02908DF86D
:1063A0000E102B68186900285DD12B685A690AB94C
:1063B0003E4A12683E490A609A690AB93D4A126823
:1063C0003D490A6093F82220D20755D412F079F89B
:1063D00004A90246074628681AF01FF90446002857
:1063E00046D101F0F5F812F098F8044600283FD1A4
:1063F0000120FEF703FC314B18681BF0C3FD044677
:10640000B0BB1CF0BAF8044608F00CFB80461BF049
:10641000DFFD41460246204616F04FFA044638BBDF
:106420002B681B689B0511D4B7F5FA7F0ED91EF0B7
:1064300057FD0121054608461DF0C4FA0121204AF6
:10644000084612F02BF828461EF03DFD3046FDF7B9
:106450006BF91C4807F04AFE0AE09DF80E30190758
:106460007FF572AF88E718F0DDFF044600289CD066
:10647000204608B0BDE8F08193F8232000234FF0B8
:10648000FF3006A9CDE906338DF81A201AF009FA73
:10649000C0B200289AD040F20C44E9E7CC1D00209D
:1064A0001DE70108A90503087D440308686C03087B
:1064B000C01D00206C6C0308BC1D0020C81D0020FE
:1064C00018700308656501080022032101481BF0CC
:1064D00018B900BF201D00202DE9F041114817F028
:1064E00059FBE8B91DF0CAFF05460E460D4F07F1EE
:1064F0000C082846314619F03AFE07F097FC04468E
:10650000384617F043FB10B940461BF014FAFCF76D
:1065100013FF08B9002CECD1BDE8F0411AF00CB81B
:10652000BDE8F081FC29002008B5054B1B782BB98C
:106530001AF057F8B0FA80F0400908BD0020FCE7D7
:106540004A250020012310B5044C2370044B1B681E
:1065500003B198470023237010BD00BF4A250020D7
:10656000BC1D002050EA010337B504460D4604D196
:1065700003B0BDE83040FFF7E5BFB1F1FF3F08BF12
:10658000B0F1FF3F13D01DF079FF221845EB010356
:1065900008490948C1E9002300239D420CBF214658
:1065A0004FF0FF31CDE90033044A1EF006FE03B080
:1065B00030BD00BF700B0020B01E0020C165010877
:1065C000D3B51EF0A7FC04461DF058FF0B46104A39
:1065D000D2E90067B04273EB070107D3FFF7B2FFC0
:1065E000204602B0BDE8D0401EF086BCD2E900676C
:1065F0000022311A67EB03039342CDE900221346D0
:1066000018BF4FF0FF31034A03481EF0D6FDE7E7FD
:10661000700B0020C1650108B01E00200023044A51
:1066200052E8000F42E800310029F9D1F7F79ABF8C
:10663000D01E0020054A52E8003F034342E80031E3
:106640000029F8D1024B1B68184700BFD01E00205C
:10665000C01D002037B51C68E10705D519F07AFD8B
:10666000164917481BF059F8A20723D5FEF79EF9E3
:10667000D0B9144D01901EF04DFC044628461BF085
:1066800078F9019020461EF037FC019890B14379CB
:106690009B070CD401A802211BF04DFA0198FEF7CC
:1066A00075F919F01BFFE6E719F018FFDEE7FEF7B2
:1066B00061F9F6E7002003B030BD00BF102A0020CA
:1066C000201D0020D41E002008B5054807F07EFBE1
:1066D000044B01211870BDE8084007F087BB00BFDC
:1066E000202A00204B25002038B5044648B11EF072
:1066F00011FC0546214608481BF004FA28461EF006
:10670000FBFB064B022193F9000007F06FFBBDE88D
:106710003840FFF717BF00BFD41E00204B250020D4
:106720002DE9F0410A4B0B4F04460E4638681968B4
:106730001546EBF75BFC40B933462A46386844F40B
:106740008021BDE8F041EBF77FBDBDE8F08100BFDF
:106750006C2900204C2900202DE9F0410A4B0B4FF9
:1067600004460E46386819681546EBF73FFC40B9F9
:1067700033462A46386844F48021BDE8F041EBF7FF
:10678000C7BDBDE8F08100BF6C2900204C29002066
:1067900038B5084D084B044619682868EBF726FC05
:1067A00030B9286844F48021BDE83840EBF770BF69
:1067B00038BD00BF4C2900206C2900202DE9F04392
:1067C000134B0E461968134B05468DB018681746D3
:1067D000EBF70CFC80B933460A222846009702A941
:1067E0000EF08BFD4FF0000804460DF108094445FA
:1067F00005D1002CEFD120460DB0BDE8F08328462E
:1068000059F8041BEBF744FF08F10108EFE700BF5C
:106810006C2900204C290020F8B50B4B0B4F064685
:106820000C4638681968EBF7E1FB054648B9E243C6
:1068300016FA82F2386842F4802246F48021FFF78B
:10684000BDFF2846F8BD00BF6C2900204C29002060
:106850001046044A1368591E033102D80021116002
:1068600018477047302A0020034B1868034B002854
:1068700008BF1846704700BFD81E00204C700308A0
:1068800008B504481AF0D1F880F00100C0B2400009
:1068900008BD00BFE01E002013B50B4C022922608A
:1068A00005D10A481AF0C1F8002002B010BD0A460E
:1068B00000930146064B05481AF099F8003818BFB6
:1068C00001204000F1E700BF302A0020E01E002038
:1068D0005168010801481AF0BBB800BFE01E002053
:1068E000002101481AF0D6B8E01E002008B5064B7A
:1068F0001B68013305D0FFF7EDFF80F00100C0B247
:1069000008BD0020FCE700BF302A0020F0B50D468E
:1069100004468BB018B9002420460BB0F0BD1A4EC7
:106920003768002FF7D12022394602A81AF06AFDF5
:10693000236801A80193154B1B88ADF81430144B44
:106940001B68079300F0C4F804460028E3D03060C9
:1069500000F0E4F82046394619F0BDFF204619F052
:10696000FEFE38B10020306000F0D8F8204619F063
:10697000F1FED0E7204600F08BFA0028F2D1002D7E
:10698000CAD02046A847C7E7DC1E00208070030855
:1069900084700308024B1868003818BF0120704744
:1069A000DC1E002038B50C4602F032F8A3780B4A02
:1069B00013705A1E55425541A8420CD0012B04D0E9
:1069C0002846BDE8384002F005B8204601F0D4FF63
:1069D0000028F5D038BD0020FCE700BF4C25002082
:1069E000002108B5024B08465B689847002008BDA7
:1069F000442A002010B5FFF737FF0D4B0C461A1A3A
:106A0000534253418B4201D1002010BD094B1B68FA
:106A10003BB9094A064B002C08BF1346074A1360CE
:106A2000F2E71AF046F90028F3D00220EDE700BFA4
:106A300024700308DC1E00204C700308D81E0020C0
:106A4000431E033306D8044B984228BF18466428D7
:106A500038BF6420704700BF40420F0038B5194B63
:106A600005461B680C4603B1984744B1236833B10F
:106A70001B68013303D0E3680BB1A3684BB91AF06C
:106A8000C3FA00204FF4B672412100F035FA2120FC
:106A900038BD204602F0EEFF00230B4A85F83C315A
:106AA000C5E93743C2E9003363694BB1074A422164
:106AB00010684FF4C572C31A5842584100F01CFACE
:106AC0000020E5E76C210020A0280020A82100205C
:106AD000F8B504461EF004FA002607460E4B1B6864
:106AE00093B19E68AEB196F82420D20711D43546F2
:106AF0000FCC0FC50FCC0FC523682B6096F8243040
:106B000043F0010386F8243038461EF0DCF93046A5
:106B1000F8BD1B68E4E700BF382A002010B5044622
:106B200018B9054B054A136010BD00F087FED4F874
:106B3000E830002BF6D1F4E73D070308342A0020A3
:106B400008B502460868FFF77BFF08604868FFF752
:106B500077FF48608868FFF773FF8860C868FFF7B1
:106B60006FFF0B69C860581C03D00B48834228BFD5
:106B700003460B614B69581C03D00748834228BF6A
:106B8000034688694B61FFF75BFFBDE808408861F9
:106B9000104601F071BE00BF40420F00D0F8E03057
:106BA0002DE9F04105460C4613B1C38D8B424CD004
:106BB000D5F8DC30002B4BD09E68002E48D0D8682A
:106BC000002845D0013800B200281ADB002106E079
:106BD000128A591CA24217D209B2884211DB0B1843
:106BE00003EBD3735B1003EBC30206EB8202B2F834
:106BF0000EC003F1FF3EA445EAD90FFA8EF0884299
:106C0000EDDA2120BDE8F0814FF6FF7299B2914292
:106C1000F7D09BB203EBC30306EB83062846B6F915
:106C2000122095F83011D5F8F080EFF7CDF907462E
:106C3000B8F1000F04D00023324628461946C04759
:106C4000EC85C5F8E06085F839710020BDE8F08179
:106C50000E20BDE8F08100BF2DE9F04782B0044668
:106C60000F46164602F034F8002863D14F4D2B68CA
:106C7000D4F8DCA0D4F8E0800BB1534576D04FF0C7
:106C80000009AF6002F09AF80128074665D1204656
:106C90001AF013F9002851D12B68DAF80010D8F84F
:106CA000002013B1186888426BD020461AF0BAF859
:106CB000C5E900A8D4F8F0508DF80760002D67D022
:106CC0000022204611460DF10703A847204601F097
:106CD000D9F90546B9F1000F0FD076B9D4F88C3048
:106CE0000BBB012F05D025B1314B002103205B6880
:106CF0009847284602B0BDE8F087B5FA85F040F223
:106D00001F423321400900F0F7F83146204601F0D8
:106D10000DFC284B05461B68414620469847D4F891
:106D20008C30002BDDD000224FF40073204600F0A1
:106D300095FDD6E700231D4D6B6098E794F825304C
:106D4000DA07A9D5D4F894305B05A5D51A4B0122F2
:106D5000002120461B6898479EE70021012000F093
:106D6000BDFD02F02BF80128FBD190E76B68002BEA
:106D700085D0434583D1AB689F4215D04FF00109C0
:106D80007FE7696811B10968914291D059688CE731
:106D900094F82A1094F839313246994228BF19469E
:106DA000204601F0EFF891E70025A2E7A028002097
:106DB000442A0020342A002070210020F8B50F4614
:106DC00005461EF08DF8394606462846FFF7E6FED2
:106DD000044620B130461EF076F82046F8BD01F09A
:106DE00059FF224639462846FFF736FF0446002859
:106DF000F0D128461AF061F80028EBD095F825303C
:106E000013F001030DD0D5F8942052050DD5B5F837
:106E10002A21BA4205D0B5F82C31DB1BB3FA83F333
:106E20005B09034A82F8DC30D4E72346F9E700BF68
:106E3000003E00B070B504460E461EF051F83146D3
:106E400005462046FFF7BAFF044620B9044B014629
:106E50005B680320984728461EF035F8204670BD31
:106E6000442A002013B50446694619F063FD204604
:106E700019F047FFFF28024606D020469DF8001073
:106E8000EFF7B4F902B010BD0048FBE70080FFFF48
:106E90004FF4007307B50A490DF10602ADF806304C
:106EA00019F073FDBDF80630B3F5007F05D1022857
:106EB00008BF002003B05DF804FB2120FAE700BF03
:106EC000F81E0020024B1860024B1960FEE700BF5D
:106ED000F82000203C2A002038B5044D044C054B16
:106EE000286021601A60FFF7EDFF38BDF820002010
:106EF0003C2A0020FC20002010B550B90548064B64
:106F00000160064802601868054B18601868FFF7B2
:106F1000E3FF10BD3C2A0020DC1E0020FC200020E6
:106F2000F8200020054B1B680BB9184670478342B8
:106F300001D01B69F8E70120704700BF0421002041
:106F4000094A13680BB918467047834207D11B6979
:106F500001201360054A1368013B1360704703F179
:106F600010021B69EEE700BF042100200021002071
:106F70002DE9F74F06461DF0CDFFDFF828810123EC
:106F800098F800B0DFF820910190BBF1000F06D017
:106F900089F8003003B0BDE8F04F1DF0ADBF3F4FA2
:106FA00088F8003089F800B019F0C2FD08B119F076
:106FB000BDFD3D683A495DB9DFF8F0A0DAF8002080
:106FC0000024AA423B682FD84FF0FF3134483BE001
:106FD0006B7D8BB12B68B34202D09A1B8A420BD9CE
:106FE0006A6813442B60AB68003A18BF0122003B6B
:106FF00018BF01236A75AB752D69DCE7907D20B160
:10700000107D88429CBF014614461269002AF5D1C2
:10701000002CD9D0D4E90001A275411AD4E902327A
:10702000204698470135C9E71A46FF21EEE75A7D09
:107030004AB11A68B24224D0921B824221D89142AE
:1070400001D311461C461B69002BF0D15CB12046D0
:10705000FFF776FF38B13B683C602361DAF8003017
:107060000133CAF800303B685A7D6AB919F05CFDFB
:10707000064699F80030002B94D1019888F800302A
:1070800088E71C460021DEE7186800F0D3F80446C4
:1070900019F04AFD0646002C84D1EAE704210020BD
:1070A000FCFFFFBF4E2500204D25002000210020C1
:1070B00038B5054608B3182200211AF0A3F91DF0CF
:1070C00029FF02462846FFF72DFF20B110461DF08C
:1070D00013FF022038BD0A4B1C6854B909491D60D2
:1070E0000B68104601332C610B601DF005FF204634
:1070F000F0E704F110032469EFE72120EAE700BF7D
:10710000042100200021002038B50446FFF70AFFC3
:107110001DF000FF05462046FFF704FF637D23B9FD
:1071200028461DF0E9FE0E2038BD00236375064B8E
:107130001B68A34203D119F0F7FCFFF719FF28469B
:107140001DF0DAFE0020EFE7042100202DE9F84FC2
:10715000DDF82890984604460D469246FFF7E2FE79
:10716000DDF830B01DF0D6FE074619F0DDFC06460E
:107170002046FFF7D7FE637D23B12046FFF7C4FF0B
:107180000023A375BAF1010F23D175B9B8F1000F2F
:1071900021D1B9F1000F03D05A4631462046C847E5
:1071A00038461DF0A9FE002019E035440D4BAA1BFE
:1071B0009A4210D8012363759DF82C303046C4E9FB
:1071C0000058C4F808902375C4F80CB0FFF7D0FE3F
:1071D000E6E7AE42EAD138461DF08EFE2120BDE83A
:1071E000F88F00BFFCFFFFBF2DE9F041074688463E
:1071F000FFF798FE1DF08EFE3D68064619F094FCE0
:107200007B7D7BB185420DD0094B2C1A9C4209D85D
:1072100030461DF071FEB8F1010F08BF2546284623
:10722000BDE8F08130461DF067FE0025F7E700BF9E
:10723000FCFFFFBF0023024A194600F06DBD00BFEE
:10724000F30A03080C232DE9F74F13700F46144679
:1072500002210022064619F030FCDFF8648010B1EC
:10726000164BC8F8003000254FF00609EBB209FBB9
:1072700003F3D8F80010CA185079012804D92378EC
:107280000C2B14D1212013E031F903B01179B2F99C
:1072900002A030460022019119F00FFC58B101996B
:1072A0002170B7F900305B4505DB534503DC002056
:1072B00003B0BDE8F08F0135D8E700BF9470030834
:1072C000402A0020014919F035BC00BFFD8F01089C
:1072D000014919F02FBC00BFD18F010870B5164EBF
:1072E000032804460D4633781ED023FA04F202F038
:1072F0000102AA421DD053B10122A240A54023EAB7
:1073000002032B43DBB233704BB1012070BD2DB1B2
:107310000A4B01201B6898473378EDE73570074B1F
:1073200000201B689847F0E79A07DED003F0FC03C3
:10733000E9E7002070BD00BF502500204421002057
:10734000F8B505460C461DF0CBFD104F06463B78C0
:1073500033B1012D04D01CB90D481CF0C9FF3C709D
:1073600021462846FFF7BAFF0A4B04461B783BB973
:107370003B782BB919F087FD10B1074B1B68984774
:1073800030461DF0A0FD2046F8BD00BF512500206D
:107390001821002050250020442A0020054A0B46D1
:1073A000117831B100211170034A01215268187817
:1073B0001047704751250020442A002038B5074D5A
:1073C00004462B78834207D001F0E2FC20462C7063
:1073D000BDE83840F3F770BA38BD00BF4F25002034
:1073E0001B4B022910B5187002D0032904D010BD20
:1073F000184B1B78002BFAD1FFF7CCFA0028F6D0F7
:107400004FF40052144BC3F88420BFF34F8FBFF3E7
:107410006F8F01F073FC0028E9D001F0BDFA00285D
:10742000E5D10E4B1C6834B123689847BDE8104085
:10743000002001F0A1BC19F0D6FA094B18601DF02C
:10744000E3FE084B1860204601F060FCEEE700BF49
:107450002F2B00204F25002000E100E068210020B4
:10746000402100203C21002038B504460D46FFF79E
:1074700091FA80B14FF40052124B5A6001F03EFC79
:1074800048B9012D07D8012001F076FC0E4B1B688E
:1074900023B15B6898470D4B1C7038BD1DF0B4FEDE
:1074A0000B4B1A68801A18601DF05EF84FF47A7260
:1074B000084B1B6802FB003019F097FA012001F01D
:1074C00025FCE8E700E100E0682100202F2B0020E8
:1074D0003C21002040210020F0B585B01DF000FDCA
:1074E000344D04462B7823B133481CF001FF0028AB
:1074F00052D11CF0F9FF02AA03A919F0AEFC034611
:10750000002838D019F0BDFC029B98421CD1002005
:107510002A4B03991B682A4E9942307020D90027C4
:10752000C91A012324482B70264A3346CDE9007737
:107530001DF010FE002837D1234A1378D90701D552
:107540003178F9B1204611E019F099FC029B98427C
:1075500028D0002318461949194A09681370039165
:107560000121FFF7BBFE002320462B701DF0ABFC72
:10757000002005B0F0BD20462B701DF0A4FC21209A
:1075800005B0F0BD03F0FE031370002BDAD10F4BF2
:107590001B6898472046E9E720461DF094FC0E2022
:1075A00005B0F0BD0220B3E7032320462F703370EF
:1075B000F3E700BF512500201821002038210020CA
:1075C0002E2B00209D73010850250020442100200F
:1075D00038B51DF085FC144D04462B78EBB9134AE1
:1075E00013491370134B144A14481A60144A5A6012
:1075F000F3F7F2F813491448F3F7EEF8134A144B73
:107600001A60144B5B6F03F44073B3F5007F02BF45
:107610000222114B1A6001232B70F3F7AFFB2046B7
:107620001DF051FC002038BD5225002051250020BE
:10763000A8700308442A0020D974010808210020FA
:1076400041730108B070030810210020BD730108C8
:1076500044210020004000503821002037B50C465E
:10766000264D69B90A46012106F006F8244BEC6460
:107670005C6006F01FF82022224B5A6603B030BD32
:107680000122114605F0F8FF07221E4B0121DA60A6
:10769000237901A885F84C306379019319F080FDB6
:1076A000019BC2B2D34000F00F0040EA031085F8FE
:1076B0004D00A27985F84E20E27985F84F202068A8
:1076C00028650193BBB1012102888B420CD8217936
:1076D0004B1E13440C4A1362C2F8CC1020220B4BF1
:1076E0005A6605F0E7FFC9E730F811500131AA42A8
:1076F00028BF2A46E9E71A46E9E700BF003F00B085
:107700004C3F00B0006000B8004000B8005000B826
:1077100010B5054C237823B103F0AAFD002020709A
:1077200010BD0E20FCE700BF5425002008B503F073
:107730006DFD0122014B00201A7008BD5425002068
:10774000D0F8E43013B11A68032A10D8094BDB6B68
:10775000C3F3C20213F0380F03F0070018BF504301
:1077600013F4E07FC3F3821203D050437047986A4A
:10777000400E7047008001B8431C07D06FF0FF0235
:10778000034B10405A62A3F580535862704700BF04
:1077900000E000B810B504234FF03A4101240A4A32
:1077A000D1F81801C2F81831C2F814314C634FF403
:1077B00000511163410742BFC2F81431A2F5805253
:1077C000C2F8183110BD00BF002000BAF8B5044659
:1077D0000F4616461DF084FB0546A047044620B11F
:1077E00028461DF070FB2046F8BD05F0DFF80422A6
:1077F0000549D1F8F03E23EA07033343C1F8F03ED0
:10780000024B5A64ECE700BF003000B0002002B821
:1078100000F01803182B0AD003070AD440F2011312
:1078200010F0100018BF1846034BD86770470020AF
:10783000FAE70120F8E700BF003F00B038B1036865
:10784000044A002B08BF1346034A13607047014BDC
:10785000FAE700BF050C0308542A002010B4D0E951
:10786000544122400B4052EA030104D003495DF821
:10787000044B096808475DF8044B7047542A002000
:10788000024B986E00F00F00704700BF003F00B041
:107890000F2938B505460C460ED801F08FFA01289D
:1078A0000CD1074A2846936E23F00F0323439366B7
:1078B00019F006FB002038BD2120FCE70220FAE782
:1078C000003F00B0014BD86E704700BF003F00B0D2
:1078D000014B0020D9667047003F00B003282DE916
:1078E000F347884665D8344B13F80090334B1E5C41
:1078F000334B13F800A01DF0F3FA074604F076FEB0
:10790000054640B100230022CDE9003301200023C9
:10791000002104F099FC04F071FE48B1002300221C
:10792000CDE90033002000234FF4004104F08CFC2B
:10793000002E3CD0234BDC6C04F00804224B314673
:107940004846DC6405F090F801235246314648462B
:1079500005F01AF91D4BDC64DDB11D4B1868D0F839
:107960009410F83003F08AFA1A490868FFF704FF08
:107970004FF0FF330B60184B1A68511C06D06FF0A4
:107980007E401649C863A1F58051CA634FF0FF32AB
:107990001A60B8F1000F04D0114B002103205B687E
:1079A0009847384602B0BDE8F0471DF08CBA34461F
:1079B000C4E702B0BDE8F087C0700308BC700308DC
:1079C000B8700308004000B8006000B8005000B86C
:1079D000DC1E0020502A00204C2A002000E000B8C5
:1079E000442A00200F4A536C13F0A00F15D1906C5D
:1079F00010F0040013D10C4BD3F8F03E23F07F437A
:107A000023F0FF035BB1D368C3F30362092A07D0F5
:107A1000B2F10C0018BF0120704700207047012010
:107A2000704700BF000002B8003000B0F8B507464C
:107A30000D46164683B1FFF7ADFE29463846BC8A8F
:107A400001F022FCB44228BF3446294622460948A8
:107A500001F02EFD2046F8BD4FF03A420124D368D4
:107A6000D26A03F0070306339C40C2F30C03E41A06
:107A7000A4B2E7E70C0000BA074A084B30B1022174
:107A8000C2F864120422C3F8642270470421C2F8C9
:107A900064120222F7E700BF006001B8005001B88D
:107AA00070B50D46064620B91C4B1B68D3B10E209D
:107AB00017E001F083F901282DD1194B93F900400B
:107AC000D6F8E430C4F11C040BB193F92630E41A63
:107AD000641BC4F12B03002BB8BF5B42232B0CDDCE
:107AE000212070BD01F10F03002BB8BF5B42232B97
:107AF000F6DC0B4B19700020F3E786F827501DF0D9
:107B0000EFF9084A136A23F4FF2343EAC4231362FC
:107B10001DF0D9F9EFE70220E3E700BFDC1E0020EB
:107B20005325002000C000B8094B08461A6D910289
:107B30000BD4D3F84021D20708D4D3F8803013F403
:107B4000706F14BF0120002070470120704700BFF4
:107B5000004001B8F8B50D46D0F8943002EA0104AF
:107B600023EA01032343C0F894304D4A01F00B038C
:107B700023EA0401D1642340A2F580526F07064630
:107B8000D36410D50121FFF7CFFF60B104F00EFFE1
:107B90004FF4007314F0040F14BF424A424A1365B5
:107BA0000422424B5A64E90606D514F0100F14BFA4
:107BB00000221B223E4B5A652A0618D5230611D5F2
:107BC0004FF40012374BDA641DF08AF90E21074694
:107BD000032003F0DBF840F20122354B3846DA622D
:107BE0001DF071F9214606F1F80003F047F9EF05A1
:107BF00003D5E0053DD503F0B7F8A90503D5A205E7
:107C00003AD503F0BDF815F48C6F1DD014F48062E2
:107C100037D096F82530DB070CD5F28DB6F82A312F
:107C200093422CD0B6F82C319F1A7B427B41214ADB
:107C300082F8DC30D6F8E410304618F0E4FF8022F9
:107C40001D4B98671D4B1A612B0510D504F0AEFE35
:107C50001B4A14F4006FD2F8F03E14BF43F00063E7
:107C600023F00063C2F8F03E0422104B5A64002057
:107C7000F8BD03F073F8C0E703F07CF8C3E7012315
:107C8000D5E76805D6D596F82530D907D2D5094B62
:107C9000114683F8DC200B4B30461B689847C9E738
:107CA000006000B8005001B8006001B8002002B8C0
:107CB000004000B8003E00B0003F00B0000002B835
:107CC000003000B070210020014B1868704700BFE1
:107CD0005821002037B51DF003F9002401230022AC
:107CE000CDE90034002305461946104604F0ACFAED
:107CF000022002F069FB064B21461C60054B022066
:107D00005B68984728461DF0DEF8204603B030BD7A
:107D100060210020442A00202DE9FF4102290D4660
:107D200016469846039004D1FFF7D4FF04B0BDE88F
:107D3000F0811DF0D5F81E4F04463B683BB1B342BD
:107D400005D01DF0C0F8002321203B60EEE7194B61
:107D50000022C3F800803E60002301264FF0000897
:107D600010461946CDE9006604F06EFA124B022067
:107D700083F8008002F028FB43462A46022003A92C
:107D800002F040FB0D4B039A1A6008B92046D8E771
:107D90000B4D2B689847212804D020461DF093F8FE
:107DA0000020C3E731466B6802209847F5E700BF23
:107DB000602100205C210020562500205821002051
:107DC000442A0020044B5B6E5B054EBF0120034B31
:107DD000187800F00100704700C001B85625002057
:107DE00090F826305A1F012A01D9082B05D14B7C67
:107DF00093B1012B12D0022B12D0D0F858311B06B0
:107E000008D5D0F8983003F0FD030D2B02D18B8AF2
:107E10001A2B07D818F050BF034870470348704723
:107E2000034870470348704720A1070048E8010055
:107E300040420F0080841E000A78022A11D0101FD1
:107E40004242424152004B781201022B0BD0191FC3
:107E50004B424B415B000549054842EA8312FFF75C
:107E6000B5BC0122EFE70123F5E700BFF0FFFF00FB
:107E7000058E01080B78022B10D0181F4342434196
:107E80005B004A78022A0BD0111F4A424A41520035
:107E90000F21044843EA8202FFF798BC0123F0E770
:107EA0000122F5E7318E01082DE9F8430E780446EA
:107EB000042E0D4690F830810BD100275FFA87F928
:107EC000484601F079FE08B14E4602E00137042F22
:107ED000F4D1304601F070FE002849D094F83031DA
:107EE000B34209D1AA88D4F8A4309A4204D16A884E
:107EF000B4F832319A4238D084F83061AB883046D9
:107F0000A4F834316B88A4F83231AB8804F5987545
:107F1000C4F8A430FF2384F82B3019F07EF884F8DD
:107F20002A00284601F0D8FD18BB284601F03AFE89
:107F3000F8B9D4F8E03053B194F83011414506D087
:107F40002046B3F91220EEF73FF884F839012046B5
:107F500001F0B0FE0949A4F834010123084AD1F820
:107F6000FC1004F1F80003F01DFF0020BDE8F883C9
:107F700021200C2384F83031F8E700BF004F00B017
:107F8000A43F00B070B5054690F830010C460C28AF
:107F90001FD0FF2901D1212070BD1AB14FF0FF324F
:107FA0000D4B1A6019F039F8064695F8300101F0CA
:107FB00073FE844228BF0446E4B2B44238BF34465C
:107FC000E0B285F82B0001F093FFFF28E3D00020FA
:107FD000E2E70220E0E700BF5C2A002010B590F83D
:107FE000303104460C2B44D0D0F8E03080F82A1011
:107FF000DBB3D0F8F020D2B990F839318B421CD3E2
:1080000000222046FFF7BEFF48BB1B4B1B7813F036
:10801000FD0F23D1204601F04DFE18490123184AD7
:10802000D1F8FC1004F1F80003F0BCFE16E0B0F942
:108030004220B3F912309A42E2DD0022204694F841
:108040003911FFF79FFF50B9C4F8E000204618F03F
:10805000F6FB4FF6FF739842014601D1002010BD98
:108060002046BDE81040FEF7A9BEFF2380F82B3064
:10807000F4E70220F3E700BF122B0020004F00B00E
:10808000A43F00B0F0B504468FB001F0B5F8D4F8C5
:108090009C300546012B00D010B128460FB0F0BD32
:1080A0006C49204619F00FF8D4F8E0600146E58DE0
:1080B000C4F8E4003EB133682BB15B681BB11A68A9
:1080C000032A00F2A4801CF00BFF01462046FFF7B4
:1080D00037FB074608461CF0F6FED4F8E410B389D7
:1080E0008DF80E70EB1A9BB2D6E9012000FB03223B
:1080F0005948ADF80C3003680292994207D02046E7
:1081000018F081FD80225549554B88671A61554DFD
:10811000534E00F053FE0128FBD12B6CDB07F8D443
:10812000736CDF01F5D4D4F8E41020460D919DF86E
:108130000E20029908AB03F097FB002847D100F00E
:108140003DFE0128FBD1464A4649536CD801FCD478
:108150000B6CDB07F9D408A901A803F0FDFC054668
:10816000002834D1E28D404B5A6494F8243060F3F7
:10817000410384F8243001F031F9D4F8E030596932
:10818000431E0E68DBB2FD2B049624D84B680128F1
:10819000059330D10126DF1C06D90133334B5B68D0
:1081A00046D0DA1C41D80593024604A9204601F0C6
:1081B000D7F8002E7FF471AFD4F85431990529D443
:1081C00094F8243043F0020384F8243065E7022554
:1081D00028460FB0F0BDF71C13D9244B01361B689D
:1081E00018BF0126DA1C1BD804934B68FF2805939F
:1081F000D1D00020D8E70246204604A901F0B0F80B
:108200004BE74B68FF280593C4D02A46F4E79F6AE2
:108210007F0E64E720464FF4803118F08FFB3CE777
:10822000FF284B6813D00593C3E7FF28C1D1E0E7CF
:10823000DE1C06D80246204604A9059301F090F8FA
:10824000BAE7FF28B8D10022204604A9F6E70120AA
:108250000593A0E7FC4F00B04C210020003F00B088
:10826000000002B800C002B8008001B8642A0020F3
:1082700038B590F83C510446002D37D01CF030FE44
:108280001F221B4B013D1A651540A3F580531D6548
:10829000D4F84021A3F580539A67D4F84421DA67D3
:1082A000D3F84031DB071AD5D4F8E430DBB11A68D3
:1082B000102A18D9196D4FF0FF3320290A4628BF1C
:1082C000202219B1C2F120029340DB43084AC2F8D0
:1082D0004431D4F8A0201340064AC2F84431BDE826
:1082E00038401CF0F0BD4FF0FF33EFE738BD00BF62
:1082F000006001B8005001B82DE9F0410B46064678
:10830000154611B92120BDE8F081002AFAD00329D1
:1083100005D8002201F0FCFA03460028F2D01C88A0
:108320009A78B4F5804F02F0070180F08680A1F1C1
:10833000070C1879DF88DCF1000343EB0C030529F7
:108340002B7394BF0023C2F30013C2F3801C6B7322
:10835000930985F810C003F00203C2F3C00C43EA8E
:108360000C03C2F34012E8746B74AA74D6F894300C
:10837000AF82D8064DD4063901294AD8B6F8128002
:10838000F76908F1FF38083C04EA0804395D2C4B12
:1083900080295B6D08BF6FF07F014FF000031CBFA9
:1083A000323949B2A973AB6096F82600013404EA69
:1083B000080460BB3B5D5B0103F47E63FF2B9CBF45
:1083C000DB43D8B2D6F8EC3003B19847631CE873AE
:1083D00003EA0803F95C013303EA0803FA5C01339A
:1083E00003EA080341EA0221FA5C013303EA0803C5
:1083F000F85C41EA0241002341EA00616A7C3046B0
:1084000003F098FD06232860AB7100207BE7184637
:10841000DCE700230020EB730A4BDA69C2F3072381
:10842000120448BF63F0FF035AB212F1800F1CBF61
:10843000323B5AB2AA730346E5E7022063E700BF66
:10844000004000B800C000B8F8B507460E468C885A
:10845000FFF7C6FC97F826700546082F737C0CD1F1
:10846000012B0AD80146012003F058FD421C01D11E
:108470000220F8BDE30003330EE0053FFFB2012FF9
:108480008CBF00200120294603F048FD431CEFD09B
:10849000012F4FEAC403EED90E4A0344D2F8AC10C0
:1084A000326801F01F01A2EBC10203213260B171F9
:1084B000002DDDD0B3F5803FDAD84FF224406909B2
:1084C00000FB03132D09B3FBF5F3D21A0020326031
:1084D000CFE700BF003E00B070B54FF03A434FF415
:1084E00080640A4DD3F818610020C5F81841C5F81A
:1084F000144104F021FB4FF400532B67730542BF76
:10850000034BC5F81441C3F8184170BD002000BAF0
:10851000001000BA082310B1024A53647047024A9F
:10852000FBE700BF001002B8002002B82DE9F041BF
:1085300004460E4619B990F824305A064AD44FF62C
:10854000FF73618ED4F8E470994204D0334B1B68FA
:108550000BB120469847324D2B68BB4256D0314B69
:108560001B6833B1002F54D0396801B1B968204677
:1085700098474FF00708204601F09CFB002E3AD0A8
:10858000294B93F90030C3F11C0317B197F926204A
:108590009B1A062094F9276024499B1B0A6ADB0278
:1085A00022F4FF2203F4FF2313430B62D4F8E420E8
:1085B0001F4B2A60986701F037FD002501211D4AF5
:1085C0001D4B1170204683F8845018F079FC284622
:1085D000BDE8F0814FF6FF71114DD0F8E4702A68C4
:1085E00066F38613BA42418680F82430B7D101F091
:1085F00061FB4FF00108114A4346D2F8FC1004F128
:10860000F800A2F65C7203F0CDFBB9E74FF0010869
:10861000B1E7394620469847ABE700BF5421002018
:108620004C210020502100205325002000C000B81C
:10863000006000B855250020003F00B0004F00B09A
:10864000054A12681AB190F81E1119B91047084668
:1086500002F0AEBB014870474821002000FEFFFF3A
:108660003A4B2DE9F7431C6801F4007900F001034F
:10867000174653EA090206460D4640D04FF000085F
:1086800093B30023002201200021CDE9008803F0EC
:10869000DBFD41462046FFF7D3FF012241462086FD
:1086A000104618F099F8D4F8941004F1F80002F08C
:1086B000E5FB27490868FFF75FF84FF0FF330B60D1
:1086C000244B1A68511C06D06FF07E402249C863C3
:1086D000A1F58051CA634FF0FF321A6094F824303C
:1086E00043F0040384F82430B9F1000F07D00121CE
:1086F000204618F023F925F4007506430D432B4658
:1087000032462046FFF7AAF8FB070FD51349144A53
:1087100008680021136811600121124A117003B129
:108720009847114B002102205B68984717F00E0F05
:1087300008D04FF4FD723B21002003B0BDE8F043A8
:10874000FEF7DABB03B0BDE8F08300BFDC1E0020FB
:10875000502A00204C2A002000E000B85C210020B4
:108760006021002056250020442A002008B5582208
:108770000021064818F046FE1022FF21044818F098
:1087800041FE04F097FF002008BD00BFF43E00B09A
:10879000383F00B06F2273B5C0F800218622A0F8E0
:1087A000142164220C23C0E94122C0E9432207229C
:1087B0004FF0FF35002680F830314FF6FF73044646
:1087C000C28700F14C028264204AC385A0F8403081
:1087D0004263038780F82930438580F82760C0F81A
:1087E000A450458680F82C5003F010FF2046FFF778
:1087F000BDFF0122164B2046C3F8382294F92710FA
:10880000FFF74EF96023134A41F6FF71D3644FF02E
:108810003A4211631167104A2946D36440220F4B34
:1088200020465A64D4F89420FFF794F90E230022CE
:10883000CDE9003340F202231046194603F004FD4F
:1088400001F0D4F9304602B070BD00BF4000FFFF18
:10885000005001B8004000B8005000B8002002B835
:10886000044BD3F8F03E13F0806F14BF2320002098
:10887000704700BF003000B00246F8B5B0F8344190
:1088800000F1F805FFF7ECFF0B688E68013304BFB9
:10889000D2F800310B604B68013304BFD2F80C31C1
:1088A0004B60771C3BD1D2F80831CF688B607E1CBF
:1088B0003CD1D2F804610F69CE60013704BFD2F811
:1088C000F8700F614F69013704BFD2F8FC704F6137
:1088D0008F69013704BFD2F810718F618F6967BB50
:1088E000C0F1640408688C6110B16F2838BF6F2034
:1088F000C2F808314B68C2E94006C2E943340B694B
:108900002846C2F8F8304B690F49C2F8FC30D1F85C
:10891000FC1007230D4A03F045FA0020F8BD04F1CE
:108920006F031B1AB34238BF3346BEE704F1860615
:10893000361ABE4238BF3E46BDE76F34241ABC42E9
:1089400038BF3C46CEE700BF004F00B0A43F00B0A8
:1089500038B50446074D21462868621C003818BF08
:10896000012002F01DFC2B680020003B18BF0123F2
:10897000A37038BD6421002038B5054C054B417803
:1089800000782568236002F093FB00B1256038BDB4
:1089900064210020CC70030870B51CF0A1FA0546D4
:1089A0000B4E00F00BFA012805D028461CF08BFA7C
:1089B0000224204670BDF36813F0706FF1D1F468A3
:1089C00014F08054EDD128461CF07DFAF1E700BF89
:1089D000000002B80A4B10B51B68044673B1094B7E
:1089E00048B10121084A1A60022003F023F900204F
:1089F000064B1C7010BD01461860F5E70220F9E730
:108A00006421002068210020C4700308572500203D
:108A1000014B1878704700BF5725002038B51CF06F
:108A20005FFA4FF6FF710A4A13888B4203D11CF09C
:108A30004AFA0E2038BD074C074D1B046567A4F5A4
:108A40008054636711801CF03EFA0020F2E700BFFB
:108A5000102B0020006001B80000FFFF2DE9F74354
:108A600004460F4615461E46FEF7BCFF28B32046B7
:108A700017F09FFF78B97A4BD3F8F02E1EB10E2075
:108A800003B0BDE8F08302F03003102BF7D002F002
:108A9000C002402AF3D0DFF8F88103F0B5F8D8F827
:108AA0001430D907EBD51CF01BFA0646032001F061
:108AB00089FD20B130461CF006FA0220E0E7D8F824
:108AC000142012F00608F5D130461CF0FCF9644B76
:108AD0004FF400612046D3F8F09ED3F8C86E04F03E
:108AE000DFFD40B14FF4007201215E4B08465A642D
:108AF000424617F071FE94F82530DA0707D5D4F80E
:108B000094305B0542BF4FF40022574B5A643946FC
:108B10002046FEF753F9524BC3F8F09EC3F8C86ED7
:108B20000028ADD194F82430980601D4002D58D0F7
:108B3000C5F3400003F000FF022315F4807F1FBF40
:108B4000494A002153644FF03A420BBF454A9161B4
:108B50005364536303F02AFF4FF4806315F0040F4E
:108B600014BF424A424A15F0400F13654FF0040209
:108B70003C4B28465A644FF0400314BF3D4A3E4ADE
:108B8000C2F8B830FEF744FE204618F0C2F838B1FB
:108B90004FF4807315F0010F14BF334A314A536408
:108BA000A90647D54FF6FF72B4F8403093420FD074
:108BB000324A3349526F100CC2F301120132B3FB37
:108BC000F2F30880294A2A492E481B044867536754
:108BD000003D18BF012594F8243065F3451384F84F
:108BE0002430204618F069F9F0B1204618F091F8C9
:108BF000D0B14FF40031204604F052FD431C032253
:108C00009BB2214801A918F0C5F99DF8042002F093
:108C10000703052B9DF8053015D112070DD443F439
:108C200080731A4AC2F8D030002003B0BDE8F04388
:108C300018F0EEB9FFF7F2FECAE713F0040F09D1FE
:108C40009DF80630EBE703F03002202A05D113F03F
:108C5000010FF4E74FF48073E3E79DF80630E0E797
:108C6000003000B0002002B8001002B8005001B877
:108C7000006001B800D000B800E000B8004001B8C2
:108C8000102B00200000FFFF0C0000BA003E00B0D7
:108C900000C001B808B50B4BD3F84C114B1C10D0D9
:108CA00011F080410DD1084B1B6813B10320FEF772
:108CB00015FE4FF08062054B1A6501225A610222AF
:108CC0009A6208BD0080E00FDC1E0020001002B890
:108CD0004FF40022034B586C03F500535A64C0F361
:108CE000C0407047000002B8024B034A00201A60DF
:108CF000704700BF502100205D760108024B586983
:108D000000F00100704700BF00C001B808B50D4B6E
:108D10005A69D10710D518B9BDE8084001F02EBB3B
:108D20005B69DA070DD401F01BFB0323064A1364C9
:108D3000A2F58052536404E05B69DB0701D400288C
:108D4000F1D108BD00C001B800E0095090F924300D
:108D5000002B0CDA4FF08053064A29B19360A2F53C
:108D60008052D36000207047D3609360FAE70E20F2
:108D7000704700BF006001B84FF0806310B1024A35
:108D800053617047014AFBE7001002B8002002B8A7
:108D9000202350B1064AC2F8F433064B196C11F087
:108DA000020104D1032002F045BF034AF3E77047F4
:108DB000001002B800C002B8002002B80F4BDB68F8
:108DC000C3F30363013B0B2B0FD8DFE803F0060668
:108DD0000C06060606080A08080802207047042048
:108DE00070470520704703207047054B5B6913F0FF
:108DF000060F0CBF01200420704700BF000002B81E
:108E000000C001B8094AD368C3F303630B2B08D031
:108E10006FF49050184100F0010080F00100400014
:108E20007047506C10F48030EDD17047000002B8EC
:108E30000C4AD368C3F30363062B07D8042BD8B2BC
:108E40000BD8C31E5842584140007047072B06D12B
:108E5000D2F868010028ECD170470220704700204A
:108E6000704700BF000002B8094BDB68C3F303631F
:108E70009A1E012A8CBF00220122012B02701EBF04
:108E80004FF4026222FA03F303F001030B70704700
:108E9000000002B8024B1B6803B11847704700BFBF
:108EA0007C210020024B1B6803B11847704700BFAC
:108EB0007821002011F0010311D09AB9552391FABD
:108EC000A1F193FAA3F34A081B0F490042EAC372C7
:108ED00001F00203C0F8A02080F82830704722B9C2
:108EE000AA23ECE70023024AF4E7014AF2E700BFB5
:108EF000B75635120F2370B51B4C11F0010F636785
:108F00001A4B14D09AB901225A674FF0FF32C4F8B5
:108F10004421D0F8A020C3F844214FF07042C4F897
:108F2000482190F828201207C3F8482170BD4FF05F
:108F3000FF3602255D67C4F84461D0F8A060C3F82D
:108F400044614FF07046C4F8486190F82840240707
:108F5000C3F84841002AE9D0836C19604FF03A43C6
:108F6000C3F8F450E2E700BF006001B8005001B858
:108F700013B590F826300446033BDBB2072B96BFAF
:108F8000104A0021D15CFEF7A3FC012001F05CF93E
:108F90004FF4F0620C4BDA644FF40072A3F5805387
:108FA000DA6494F82630053B012B08D80421074BDE
:108FB00001229B6F0DEB0100019300F03FFB02B01B
:108FC00010BD00BFD8700308006000B8004001B8B1
:108FD000012310B580F816312823C0F8FC30042393
:108FE000044680F82630044B196817F004FC20462C
:108FF000FFF7BEFF002010BD80210020012310B527
:1090000080F816312823C0F8FC300223044680F88B
:109010002630044B196817F0EEFB2046FFF7A8FF37
:10902000002010BD0C6B0308012910B5044604D9BB
:109030000239012915D90E2012E00C4B19680523BD
:10904000012284F816214FF4BC7284F82630C4F84B
:10905000FC20204617F0CFFB2046FFF789FF0020B9
:1090600010BD034B19680623EAE700BF146B030821
:10907000186B0308012310B580F816314FF4BC7348
:10908000C0F8FC300823044680F82630044B1968E9
:1090900017F0B1FB2046FFF76BFF002010BD00BFAB
:1090A0001C6B030838B5194B04461D6845B1EB68C5
:1090B00033B1286801F096FDAB68186801F092FDA5
:1090C000134B144A1B6813602BB1DA681AB19B6802
:1090D000186801F087FD104B1B682BB1DA681AB1D4
:1090E0009B68186801F07EFD0C4B1B682BB1DA6899
:1090F0001AB19B68186801F075FD2046FFF77EFFE6
:109100002046BDE83840FFF733BF00BF0C6B0308B3
:10911000106B030880210020146B0308186B0308F0
:10912000F8B5D0F8403104468B420D46164603D1BF
:1091300090F83C31202B0ED0324629462046FFF7CE
:10914000B9FE202384F83C310023C4F84051C4F810
:109150004431FFF78DF84FF00077074B32465F64DC
:1091600029462046FFF7C6FE8022044B1A6103F50C
:1091700000535F64F8BD00BF001002B8000002B8E1
:10918000072330B5144CE363144B61B94FF48042AC
:109190004FF48041C3F80811C3F80C21C3F8102123
:1091A000C3F8142130BD44250D4940F040004D6303
:1091B00088630121D9634FF480414AB1C3F8081193
:1091C000054BC3F80C11C3F81011C3F81411E9E7EB
:1091D000C4F80811F4E700BF006000B8005000B800
:1091E000004000B8034BD3F8F80780F00070C0F3DC
:1091F00040607047000002B810B590F82630022B8E
:1092000008D11B4BD3F89C1031B9C28D272A0ED937
:109210000E2002E0042B01D0002010BD144BD3F827
:109220009C30002BF8D1C28D272AF1D80121114B97
:109230001868114B984214BF31246FF003040C4896
:1092400018BF0023A0F8B64008BF01235024634391
:10925000282404FB013309491944895CFA31A0F838
:10926000BC1007490B449A5C064B1A70D4E700BF48
:10927000003E00B0A821002000F04902D071030890
:10928000E07003085825002010B590F82600A0B122
:10929000304BD3F8A42012F0060F01D004280DD9CA
:1092A0004FF470622C4BDA604FF48072A3F5805358
:1092B000DA600022274BC3F8A02010BD02F00204A0
:1092C00012F0040202D00B789B0637D4002C39D060
:1092D0000B7803F00F03072B34D14B78022B31D9D5
:1092E0008B7813F03E0F2DD0CC7814F0040F29D0DA
:1092F00014F0010F0CBF04230A23A40748BF063350
:10930000CB5CFBB1002A14BF02220122042840F6E4
:10931000FF7003F01F0108BF4900013940EA013125
:109320000E4801654FF470600B491202C860A1F548
:109330008051CA60074AC2F8A030BEE7002CC7D1EE
:109340008B7823B90023054A13650122EAE702223C
:10935000DCE700BF003E00B0006000B8004000B88D
:1093600010B5124B0C68C3F87842C3F87C42C8B100
:10937000D0F8E030B3B15B69A3B1501EC0B2FD2894
:1093800012D9013404BF6FF0010008600868FF2A99
:10939000186007D14A68013202D16FF001024A60B9
:1093A0004A685A60002010BD012AF2E7004001B867
:1093B000FF2818BFC3434FF0180108BF1023064A07
:1093C00018BFDB00C2F8FC1318BF03F00803A2F5B6
:1093D0008052C2F8FC337047002002B8024BD3F829
:1093E000F807C0F3C0407047000002B84FF03A439E
:1093F000D3F81421D2031ED54FF480320E49C1F8A0
:109400001421A1F58051C1F818215A6DD1B2C2F3CF
:109410000722C3F8A410C3F8A4200422C3F8A42090
:109420000022C3F8A420C3F8A420C3F8A420C3F8E2
:10943000A420C3F8A4207047002000BAF0220B4BF0
:1094400001219A64A022A3F580539A644FF03A4315
:10945000826CC3F8F410FC21C3F8CC10C3F8D02000
:109460004FF40052C3F8F020704700BF006000B80E
:10947000F8B54FF03A440D46174606461BF030FD4E
:10948000012304226363084BE76026616561C3F82A
:1094900014214FF40042054BC3F884211BF013FD47
:1094A0000DB102236363F8BD002000BA00E100E0C3
:1094B0002DE9F04105460124006800F00700063060
:1094C00004FA00F3A868EC685E1EA04262D000EACD
:1094D000060E6C6810441E430640A3EB0E000EEB14
:1094E000040C8242644618D9D31A0EEB030298B1D9
:1094F000431E052B04D94B1CACEB0303022B59D89C
:109500000B460844ACEB010E03EB0E0113F8014BC4
:1095100083420C70F8D101466C688AB1531E052B4A
:1095200001F1010302D9E01A022812D80A44611E8F
:1095300000E0013313F8010C934201F8010FF8D158
:109540001BF0CEFC0223AE60AB62BDE8F0411BF025
:10955000BABC0B46204622F0030E8E4453F804CBCF
:10956000734540F804CBF9D122F00303D01A9207D7
:1095700001EB030C04EB0307E2D0CA5C0128E254C0
:10958000DED09CF8013002287B70D9D09CF80230E4
:10959000BB70D5E7042A35D90878043AA861487821
:1095A0000431A86111F8020CA86111F8010CA8613E
:1095B000A8688CE70B4620F003070F44ACEB010EC4
:1095C0001C684EF803400433BB42F9D120F003037A
:1095D00010F0030F01EB030EA0EB03040CEB0307E9
:1095E00028D011F80380012C0CF8038022D09EF8BB
:1095F0000130022C7B7018BF9EF80230084418BF5F
:10960000BB7088E7013A032A12D8DFE802F00F1591
:1096100007020B4613F8012B1946AA610A4612F8F5
:10962000013BAB61114611F8013BAB610B78AB61BB
:10963000BDE8F08108446EE70A46F3E738B50B460B
:10964000154601464FF03A4468B101221048C4F86B
:10965000F4201A46FFF72CFF25B14FF03A430422BD
:10966000C3F8F42038BD73B1D4F8D8209A4284BF2F
:109670000122C4F8F4204FF03A42C2F8D430022359
:10968000C2F8F430E8E70123C4F8F430E4E700BF9F
:10969000CC0000BA38B504461BF022FC4FF03A4229
:1096A0000121638F054651674BB3B3FA83F3C3F1CE
:1096B0001903DBB2A069C2F8B410C2F88C300723DA
:1096C000C2F89000C2F8B0304FF4A02302F5005267
:1096D000C2F81431A2F58052C2F8183100220C4BA6
:1096E0001A600C4B5B6C5B0209D54FF480020A4B8D
:1096F00004F1F8005A64D4F8941001F0BFFB4FF461
:10970000E0232846E363BDE838401BF0DCBB00BF24
:1097100084210020000002B8002002B82DE9F8439F
:1097200005460C46B1B1D0F81880478F1BF0D8FB26
:10973000B5F83CC0791E01EA0C0323F00702032CA4
:109740000646DFF8F8E042445FD1DEF8004024B975
:109750001BF0B9FB0E20BDE8F88324F00104DEF80D
:10976000000020F00100A04254D10023CEF80030C8
:10977000238894426FEA43436FEA534323803FD1E7
:10978000EB8F08EB07091846083880B202F108048D
:109790004C4528BF4446082804D9B4F800E0BEF57B
:1097A000804F41D263440F431B1A3B409BB2AB87AF
:1097B000E887947811884FF03A42C1F30C01916523
:1097C000C2F89830C2F8B0004FF48022174B04F072
:1097D0000704C3F814214FF40042154BC3F8842149
:1097E000FFF704FE042C0BD14FF48002114B05F15E
:1097F000F8005B6C104B5A64D5F8941001F03EFBF6
:1098000030461BF060FB0020A5E7601E012898BFD2
:109810001446A4E7E88F4344E31A48BFDB1908382D
:109820009842A5DC304693E72246ADE7002000BA17
:1098300000E100E0000002B8002002B8842100200E
:10984000154B10B51968CA8F8B8F488F1344013898
:10985000073B8C69034023F007031C4402F1080313
:109860004FF03A429BB2CB87C2F8B0304FF480221F
:109870000A4BC3F814214FF40042094BC3F884216A
:10988000A07800F00700042803D1064AD3681B0320
:10989000FCD4054B1C6010BDDC1E0020002000BA6B
:1098A00000E100E0000002B88421002010B5064C61
:1098B000216839B1CB0703D4044B1868FFF72EFF9A
:1098C0000023236010BD00BF84210020DC1E002087
:1098D0004FF480320C4B0D49C3F818214FF03A4336
:1098E000C1F81421D3F8AC10D3F88C20012302F076
:1098F000070206329340C1F30C01083B994201D89C
:10990000FFF774BD704700BF002000BA001000BA16
:109910002DE9F04780460C4616468769458F1BF0B7
:10992000DFFAB8F83C2005F1FF3C02EA0C0323F013
:109930000701032C82463944B8F83E0019D14A4C3D
:1099400024689CB90244073A02EA0C0222F007029A
:10995000BC183B44E31A48BF5B19834210DB5046F6
:109960001BF0B1FA00242046BDE8F08724F0010482
:10997000EFE7012C02D0022CEBD108380C46E8E7C7
:10998000002E3FD08C4241D14FF03A42D2F858904D
:109990004FF03A41D1F8AC20B8F81270C2F30C0283
:1099A000934247DA2588B5F5804FD8D2A378C5F31E
:1099B0000C0503F007037A1EA5EB09053A43052BB6
:1099C000337005EA02052DD82DB2E84340F23D423E
:1099D0000421C00FFDF790FA7580E3783374D8F84E
:1099E0001C207B1E03EA0903D118B160A9B213FA47
:1099F00085F5AF422FBF0023FF1AB780F26024BF66
:109A0000B180F36050461BF05EFAACE7A4F10802A7
:109A1000974284BFED0802EBC502B2F80090C9F38B
:109A20000C09B5E7114B5B6D003B18BF0123A5EB9B
:109A3000C305C9E74B6D7A1EA3EB09033A431A40ED
:109A40000B4915B2002DCB680BDCC3F30363D81EA2
:109A500043424341DB003370CB6C72801B0A33748A
:109A6000BDE70823F7E700BF84210020004000B8CD
:109A7000000002B8054BA822D3F84C013121431C49
:109A80000CBF0120C0F38070FDF736BA0080E00FF4
:109A900010B50F4B1C78ACB90E4BD3F8F8375B03FD
:109AA00009D490B10F23441EB4FBF3F410300444E6
:109AB000E4B2204610BD40F61D023F212046FDF7CE
:109AC0001BFAF6E70001C4B2F3E71024F1E700BF88
:109AD000122B0020000002B838B5294D0446297821
:109AE00019B92022274817F08DFC2378264A61886F
:109AF000137051804FF2F0022449C1F8C821244A62
:109B00004BBBA1F50051D1F8F81711F4002F4FF01D
:109B1000FF011CBF1F48C0F8DC3011704FF04073CC
:109B20001A4AC2F834311C4BD3F8F83713F48023A7
:109B30000BD14FF47F01C2F830111849C1F8303110
:109B400048F2C801164BC3F8F4100723C2F8FC33DF
:109B50000122124B0DE000240E48022BC0F8DC401D
:109B60004FF0FF001070D9D107230422C1F8FC3355
:109B70000A4BC3F8FC23012300202B7038BD00BF23
:109B800059250020E03F00B0122B0020002002B831
:109B9000332B0020004001B8000002B8001002B8CA
:109BA000003F00B0034B1A6802609B88838000204E
:109BB000704700BF122B002010B5044600F024FFB0
:109BC000094BD3F8F80734B900F44020B0F5402031
:109BD00018BF012010BD022C0ABF80F40030002005
:109BE000C0F34040F6E700BF000002B82049D1F8BA
:109BF000FC37FF2B31D01F48C3F303120270D1F89A
:109C0000F81703F00F0309035BBFC2EB02120F3B0F
:109C100002F1FF32D2184ABF03EB0213D3B2DBB218
:109C2000154A164913700978154B1A68E9B1B2F153
:109C3000A06F1AD3D3F85012124A134BB1F1FF3F61
:109C400018BF1346114A136041F66A02104B1B6895
:109C5000B3FBF2F30F4A13607047D1F8F83713F4EF
:109C6000002F0CBFB4235A23DAE7074BEAE700BF03
:109C7000000002B8342B00205B250020322B00208E
:109C80000080E00F5082E00FC0720308882100209E
:109C9000A82100208C21002020B1022804D1034BF0
:109CA00018787047024BFBE700207047342B0020E8
:109CB0005B2500202DE9F74FD0F8A4404C22022C60
:109CC00038BF02247B49013CCB6CD1F8DC507A4987
:109CD000C3F38213DA400B680646A34290F8307152
:109CE000764BDFF800A2DFF80092DFF8008202F086
:109CF000010216D11878904213D19AF80000B842A8
:109D00000FD1D6F8A80060B1A8420AD196F82B501E
:109D100099F80000854204D1B8F8040003B0BDE80A
:109D2000F08F98F800001A700C60FFF7B5FF03463B
:109D3000002A00F0918004234FF07F41604AC2F86E
:109D4000BC30604BC3F8BC1096F82B301B06C2F831
:109D5000BC30002040F271225B4B19211B68B3FB21
:109D6000F2F36343182BB3FBF1F14FEA004400F226
:109D70009380002C00F09B80B4FA84F2C2F12002A0
:109D8000C2F10F03012B38BF0123D440A14201D2FD
:109D9000013B6408421C03F01F0152008A40121B61
:109DA000DFF838B19208CBF8B0201A0242EA031269
:109DB0001343019300EB002300EB0325434B40F6D4
:109DC000970218682B21003818BF0120FDF794F87E
:109DD000FA223E4B02FB04F01B6840F6FF72B0FB18
:109DE000F3F00A2358433A4B00F57A74C3F8D820AD
:109DF000019AA3F58053C3F8D820364AA3F58053BF
:109E0000C3F8DC50D2F8F827520308D4D3F8DC307A
:109E100003F47F02C3F303531343CBF8FC30C6F8BB
:109E2000A8502D4D00F6B8302C6001F045FF4FF4DE
:109E30007A722A4BC3F8A400C3F8F8002B68B4FB6D
:109E4000F2F0B3FBF2F3A8F8043096F82B308AF85E
:109E5000007089F8003061E796F82B00984228BF1F
:109E60001846C0B22FB1022F7FF473AFFFF710FE78
:109E700070E7184BD3F8F8371903F7D450B10F2314
:109E80000138B0FBF3F00130154B1B68034413F8A5
:109E9000010C5FE70120F7E7B1FA81F23CB1B4FAB7
:109EA00084F3D21A002A3FF76BAF0F236EE70F231C
:109EB00070E700BF004001B85C2A00205A2500204E
:109EC000001002B8002002B8A82100208C21002038
:109ED000006001B8000002B890210020003F00B0EF
:109EE00088210020312B0020302B0020122B002055
:109EF00038B5254B05461A78244C0C2A02D1FF2090
:109F0000207038BD104617F088F801461046FFF75C
:109F1000C3FEA84228BF2846C0B2884238BF0846C0
:109F20002378C0B28342ECD020703ABB184BD3F8F0
:109F3000F83713F4002321D14FF2F001154AC2F88B
:109F4000C811C8B10F230138C0B2B0FBF3F3591CDC
:109F5000C3EB0313C01A431C0D4A1B01D2F8C801FE
:109F600043EA01330343C2F8C831D2F8C8210A4B8F
:109F7000C3F8FC202078C4E70121EDE7074B1868FF
:109F8000FFF798FEF6E700BF122B0020332B0020CE
:109F9000000002B8002002B8003F00B0DC1E002024
:109FA000014B1870704700BF322B002010B50446DB
:109FB000FCF7F0FC78B1154B1B786BB964B1144B0E
:109FC0001B784BB1134B1B78013B012B04D84FF48A
:109FD0000042114B1A6510BD104B1B6D1B04FAD4C7
:109FE0001AF07EFF044602F0E1FC4FF400420C4BF5
:109FF0002046BDE810401A6502220A4BC3F814251A
:10A000000422054B5A641AF05EBF00BF5C25002095
:10A010005D25002094210020002002B8000002B835
:10A02000001002B800D00350054BD3F8843013F071
:10A03000030F4FF4802314BF024A034A936470470E
:10A04000004000B8005000B8006000B873B5054685
:10A0500000F0DAFC01213A20E8F76EFF3D4C3E4B60
:10A0600000201D70FFF7A2FF2378013B012B08D8C9
:10A07000E37B01A88DF80430237C8DF8053009F0CE
:10A08000E8FB0022354BC3F81425A5B94FF6FF7144
:10A09000334AC2F88410F821A2F58052C2F8841025
:10A0A000C3F814552F4B4FF080421A650020FFF77C
:10A0B000BBFF02B070BD62685AB32B4B1B6803EB49
:10A0C0005203B3FBF2F3013B1B0243F0F803267883
:10A0D0002349022E254A1ED0032E4FF6FF751F4836
:10A0E00026D0012E2FD143F00203C1F88450C2F8CC
:10A0F00084300723C0F81435E37B01A88DF80430C1
:10A10000237C8DF8053009F068FB0120FFF74EFF36
:10A1100017E0F823DBE74FF6FF7043F00103C1F8C7
:10A120008400C2F8843006220C4BC3F81425E3E700
:10A1300043F00503C1F88450C2F884300423C0F80A
:10A1400014350B4BAFE7C1F88450C2F884300023BC
:10A15000F5E700BF942100205D25002000C00350DA
:10A16000006000B8002002B8A8210020005000B80C
:10A17000001002B8F0B52B4F06463D4604460FCE00
:10A180000FC5336885B02B6000F03EFC01213A20FA
:10A19000E8F7D2FE0022244BC3F81425A17A627A94
:10A1A00042EA0142C3F82025217CE27B42EA0142D7
:10A1B000C3F81C25217B627B41EA0240C3F81805E5
:10A1C0003B78032B2AD8DFE803F022020C178DF826
:10A1D000041004218DF805200DEB0100002209F088
:10A1E000A6FAE37B00228DF80830237C042102A824
:10A1F0008DF8093009F09BFA637A01228DF80C3052
:10A20000A37A042103A88DF80D3009F090FA074BCA
:10A21000187805B0BDE8F040FFF718BF212005B061
:10A22000F0BD00BF9421002000C003505D25002038
:10A23000034B1B6D002BBCBF024BC3F8880070475B
:10A24000000002B8004000B84FF0006338B1064A81
:10A250001365064B4FF40032C3F884207047044A5C
:10A260001365044BF6E700BF001002B8005000B8B9
:10A27000002002B8006000B82DE9F04700F01EFC95
:10A280004FF47A762D4BB0FBF6F618604FF4FA7364
:10A29000734307462A48190E1B021818294A4FF023
:10A2A000000341F1000103F03FFA274BA0F5807253
:10A2B00005461A6320B946222B21FCF71DFE012515
:10A2C0004FF47A724FF0000A6A4353465008310245
:10A2D00003F02AFA1C4B1D4AB7F57A7F9A601C4B93
:10A2E0004FEA056819601B4B8946044618604FEA1F
:10A2F000152505D298222B215046FCF7FDFD01269D
:10A300004FF47A73A8FB030103FB05117308C0180F
:10A3100041F100010023324603F006FA0E4B0234ED
:10A3200019600E4B49F10009A408186044EA8974C9
:10A33000054B013C9C63BDE8F08700BFA8210020CD
:10A3400020A1070040420F0000C001B80211010027
:10A35000B8210020B4210020B0210020AC21002031
:10A360004FF40022034BC3F884215A600122024BB0
:10A37000DA60704700E100E000C001B84FF400224D
:10A38000064BC3F88421C3F88420BFF34F8FBFF37B
:10A390006F8F0422024BDA60704700BF00E100E0DB
:10A3A00000C001B810B50446A242A2EB0000A3EB26
:10A3B000010104D2034B01399B6B0133184401F0B6
:10A3C000030110BD00C001B838B501250A4B0201D8
:10A3D0009D504FF480730446084A834053661AF038
:10A3E0007FFD074AA540137823EA05031370BDE8F3
:10A3F00038401AF068BD00BF00E101B800E001B8C4
:10A40000662500202DE9F84F164605468A461F4668
:10A410001AF066FD022E00F0918080461AF07AFD57
:10A420005A4B5B4AD3F8209092F87D405A6EE4B2C2
:10A43000520744BFD3F82090013404F003041AF00B
:10A440005BFD4846214600F02BF98446DAF800000F
:10A45000012E04BF01306044ACEB000C08BFCAF809
:10A460000000BCF1804F7DD300F02CF98145A1EBB9
:10A47000040188BF454BDFF838C188BF01F1FF31C7
:10A4800001F0030188BF9B6BA0EB090E0CF80510CF
:10A49000A1B1F90742BF41F61F723E4B5A67BA0796
:10A4A00042BF3C4B3C4A5A677B0742BF0022374BB6
:10A4B0009A673C0742BF0022344B9A6511244FF043
:10A4C000010A324B05F11002120103EB051BCBF818
:10A4D0000C0132499C501A6A0AFA05F4586E0B783E
:10A4E000A2EB0902E4B2234372450B7025D34FF46B
:10A4F0008073AB40034220D11CF80520002A40D1D4
:10A500000EB3274AF807536607D541F61F7140F28C
:10A510000110204B596750675967B90706D51D4B85
:10A520001D4A1F491F485A6748675A677A0742BF42
:10A5300001221D4B1A613B071AD440461AF0C3FC96
:10A540000120BDE8F88F194A2D0142F805A042F814
:10A550009C3C1AF0C5FC11490B7823EA04030B70EC
:10A560001AF0B1FC40461AF0AEFC0020BDE8F88FAE
:10A570002120FFF75DFE4FF48032044B4046DA6045
:10A58000DCE7074A40465366D8E700BF00C001B881
:10A59000003E00B000E001B800001F1F662500204B
:10A5A00000D001B800000101000002B800E101B8CC
:10A5B0005E250020024B1878003818BF0120704734
:10A5C00066250020034B10300001185800F00100F0
:10A5D000704700BF00C001B8044B01F0F0711030AB
:10A5E00041F0030100011950704700BF00C001B8DD
:10A5F00070B50646FEF782FB044608B1FFF7BEFEC3
:10A6000000230A4D3046AB61EB612B6200F05AF833
:10A61000074BC9B283F87D1028622CB1FFF7A0FE6A
:10A620004FF08062034B5A64002070BD00C001B837
:10A63000003E00B0002002B808B52220FFF7F8FD68
:10A640004FF48022014BDA6008BD00BF00C001B8A2
:10A6500038B51AF05FFC084B084A1D6A92F87D4035
:10A660005A6EE4B2520744BF1D6A01341AF044FC2A
:10A67000284604F0030138BD00C001B8003E00B018
:10A680000346064A103302EB00111B01D1F80C01FE
:10A69000D158C1F3400116F0DABC00BF00C001B8C8
:10A6A000064B1B68434303EB8171054B1B68A3FBFF
:10A6B000003013F1004341EB00007047B02100204F
:10A6C000AC2100200C4A20F04043014610B5002088
:10A6D00014684FF00042E4FB0320084A890F126817
:10A6E00002FB0300064B9B6B984204D901330131F6
:10A6F000C01A01F0030110BDB4210020B8210020D0
:10A7000000C001B840B1836833B10649C268096826
:10A7100003F13043032A00D8704743F8041B043A7E
:10A72000F8E700BFEC21002070B51646054600B3DF
:10A73000F9B1F2B14268104B006803321B6892080D
:10A7400000F130409847044688B9EA68A8680332A7
:10A750003146920800F1304016F099FC044630B9B9
:10A76000D5E90402214600F1304016F04BFE2046A8
:10A7700070BD2124FBE700BF602A002070B50C6883
:10A78000651C15D0C4F302669E42C4F3074530D160
:10A79000A4B294422DD804EB8506B24229D2141BF0
:10A7A000A50824F003040E59340F04D0012C08D05E
:10A7B0000022212402E06B1C51F82320C0E9002470
:10A7C00070BD0E4C34F8133042EA03431A686B1C18
:10A7D00051F8234001EB83014B6822405E4036F084
:10A7E000704404D11B0F032B04BF8B681A43002451
:10A7F000E4E7013501EB8501C1E700BFD47203082E
:10A8000007B501A80BF014FB264B2749D3F86022AB
:10A81000D2B2FF2A1DBFD1F87801130243EA021316
:10A82000D1F878311CBF20F47F621343C1F8F833AC
:10A830000C20EAF751FD01213F20E8F77DFB4FF0A6
:10A8400000421A4B42F201015A60C822184B5A6565
:10A850004FF4C02203F51043C3F868214FF480324F
:10A86000C3F86C21134AC2F8701202F52042D2F8E4
:10A87000F827120308D44FF470610F4AC2F8A010F1
:10A880004FF42062C3F8A02001220C4BC3F800242F
:10A8900003F53043D3F86821094B1A6003B05DF823
:10A8A00004FB00BF0080E00F000002B800900950D8
:10A8B000008001B8006001B8002002B8005001B863
:10A8C00074210020134B1B78002B20D0124B134A0D
:10A8D00000201A60124B134A1A60134B134A1A6075
:10A8E000134B1A68134B1A60134B144A1A60144B1B
:10A8F000144A1A60144B154A1A60154B154A1A600F
:10A90000154B164A1A60164B164A1A6070470220F9
:10A91000704700BF67250020F8210020F47B030862
:10A92000F021002030730308F42100206473030831
:10A93000742A0020EC210020102200201873030844
:10A9400008220020FC7603080C2200206073030814
:10A950000422002000730308FC2100206873030810
:10A9600000220020487303080022012138B51E4B45
:10A970005A649A64DA641D4A516102219162DA686C
:10A98000C2F303620D2A01D0002AF8D1112201245A
:10A99000174DDA634FF0FF302C7016F0D1FB002317
:10A9A0002B70144D40F2437228685421C01A18BF0E
:10A9B0000120FCF7A1FA104B28681A680F4B1968A0
:10A9C000FFF7B2FE01F0DCFA0D4B1868FFF79AFEB4
:10A9D0000C4B1868FFF796FE4FF08062034B5A61EC
:10A9E00003F580535C6138BD000002B8001002B866
:10A9F00067250020F0210020F4210020F82100200C
:10AA0000102200200422002001230D4A0D49C2F823
:10AA1000803291660C4A53600C4A53600C4A536072
:10AA2000A2F580425360A2F54042536002F5C03265
:10AA3000536002F580425360A2F5004253607047B4
:10AA400000900050FF0B001600D000B8001000BAB4
:10AA5000005001B838B50324FFF7D6FF114A124B56
:10AA6000124D1A65FFF7CCFE114BC3F810410123BC
:10AA70002B6501F0C9F84FF460736B614FF40073FC
:10AA80002B65FEF7ABFC0021FEF792FC4FF4800231
:10AA9000084B1C64A3F580535C64074BC3F8842106
:10AAA0005A6038BD0048F000000002B8001002B83B
:10AAB000005001B800E0095000E100E008B518F0CE
:10AAC00025FC044B1B6FC3F300430133B0FBF3F0D1
:10AAD00008BD00BF008000502DE9F04F044687B04C
:10AAE0000290894659F8043B5A1C06D12360029B08
:10AAF000E01A801007B0BDE8F08F3748C3F301615A
:10AB00005FEA137B30F8110008BFC3F307429BB222
:10AB100018BF012243EA004016F0C2FA4FEAC20A07
:10AB200005460AF104032D48234483421BD807231A
:10AB30000127C846CB4003F001030193930004931F
:10AB400007FA0BF705EB8203039307F0940304F174
:10AB500008060593039B08F10408AB4208D1049949
:10AB600054444944BDE71E4B9C42E0D80020C1E755
:10AB7000059B53B917F0420F19D117F0280F0BD1CD
:10AB800046F8085C58F8042C21E040F6E612322121
:10AB90000020FCF7B1F9F3E740F6EA123221019800
:10ABA000FCF7AAF905F5805246F8082CEAE740F6CA
:10ABB000F31232210198FCF79FF905F50052BBF121
:10ABC000010F46F8082CDDD158F8042CD24346F882
:10ABD000042C04350836BDE7CC720308DF4F00B003
:10ABE000E04F00B0F8B50646E0B10024144B25460E
:10ABF0001F46144953F8042BAAB91348314600EBF9
:10AC00008500FFF769FF30B940F694323621BDE880
:10AC1000F840FCF771B90D4B0135281847F824604E
:10AC200023F81400F8BDB242FCD001340C2C02D041
:10AC300031F81450DEE740F6AE3236210020E6E768
:10AC4000BC21002058240020404000B05A2400209D
:10AC500070B5044698B1B1B13A4A52F8043B834208
:10AC600013D10023384A116CC907FCD4374800EBD4
:10AC7000830016F015FA364B106001221A6470BD7D
:10AC800001330C2B02D1334D2CE0012352F8041B6D
:10AC9000A142F5D1304A32F81330E3E7C2F3016341
:10ACA00035F81300110C93B211F0FE0F43EA004384
:10ACB000606820D00434CAB2022A216808D9D4E9D5
:10ACC0000160033AC3E9001698600C340C33F3E7D3
:10ACD00004D16268C3E90012083403E0012A01D1FB
:10ACE000043419602268531CD8D10022164B1A6014
:10ACF00003F58053C1E7120F072AEDD8DFE802F011
:10AD00000704090D1013181DC04303F50053186004
:10AD1000E2E71A6842401A60DEE703F58053F6E77F
:10AD200016F08AF9D8E7012203F580538240F2E752
:10AD3000012203F500538240EDE71A6830EA02026F
:10AD4000FBD1C9E7BC21002000C002B8404000B0E0
:10AD500000D002B8D4720308582400200122014B0D
:10AD60001A657047001002B80122014B1A6570473E
:10AD7000002002B84022014B1A657047002002B83B
:10AD80004022014B1A657047001002B8064BDB6881
:10AD9000C3F30363984206D1044A936E23F0F00391
:10ADA00043EA011191667047000002B8003F00B00D
:10ADB0002DE9F743064616F038F900248046DFF8FF
:10ADC00090901AF08DF80DF1070105460DF106007F
:10ADD000FEF74AF89DF806308BB9721C29D016F0A0
:10ADE00024F9A0EB080428461AF06DF89DF8063007
:10ADF00013B99DF807303BB3A642E2D824E0D9F856
:10AE00000C3013F4603FE8D0D9F8180016F09CF924
:10AE1000731C074603D016F008F9A0EB0804284677
:10AE20001AF051F817F5007FE0D0384603B0BDE8BE
:10AE3000F08328461AF047F89DF80630002BC0D161
:10AE40009DF80730002BBCD1004FEEE700FEFFFF5E
:10AE500000C000B80122024B98611A61704700BF20
:10AE6000000001B8044BD3F8B03010B1C3F3033283
:10AE7000027003F00F007047000002B8064B01F0AB
:10AE800080015B6C03F480030B4302BF4FF400129C
:10AE9000024BDA64704700BF000002B8006001B8DE
:10AEA0000F4B1B788BB1012B11D10E4A012102F5FA
:10AEB00080528B4291600FD80A4A0B49002B08BF81
:10AEC0000A4693689B07FCD47047074AEEE70022C6
:10AED0004FF480539A60FFDE00239B68FBE700BFBE
:10AEE00068250020004003B8000003B838B50B4BBC
:10AEF0000B4C002818BF1C46A569E3691D4007D00C
:10AF0000084B1B682BB12846984704F50054A561EF
:10AF100038BD6B05F9D5FFF7C3FFF6E7004003B86E
:10AF2000000003B8142200204FF604014FF605027A
:10AF3000044B01201B6C9BB28B4208BF1346024A94
:10AF4000136670470080E00F00C001B82DE9F74F8D
:10AF500081460F464FF0FF35FFF77AFB0026019040
:10AF60008A462C463046DFF8D8B006F110031B01A4
:10AF70005BF8033003F00308B8F1010F15D1304638
:10AF8000FFF77EFB02460B4601985146FFF70AFA8F
:10AF9000DBF8643006F10802D340DB0739D5002F17
:10AFA00040D000252C463E6040460136082EDCD1BC
:10AFB00060B3234A0027D2F808C0916B0CF44033E9
:10AFC0000131A4FB0141641941F10001B3F5003FD7
:10AFD00030D1536B0CF4405C013347F10006BCF5F3
:10AFE000805F22D1156B15F5807505FB06F647F1DC
:10AFF000000203FB0266A5FB03323244594304FB03
:10B000000212A3FB04341444C9E9003403B0BDE8C0
:10B01000F08FA84271EB0403C6D207B13E6005462B
:10B020000C46C1E73D463C46BEE7320242EA1362A7
:10B030001B02E3E7136B13F5807347F10002DDE7B2
:10B0400000C001B8F8B5062016F012F8044615F055
:10B05000ECFF42F21073041B9C42054618D94FF0D6
:10B0600080624F240B4B5A6441F26F770A4E0BE01B
:10B0700015F0DBFF401BB8424FF0FD0221468CBFAC
:10B0800000200120FBF738FF736C5B01F0D5F8BDA1
:10B090001A24E9E7002002B8000002B8034B1A6E38
:10B0A000596E03F500530A401A66704700C00A50F3
:10B0B0000F28F8B50D4662D8002960D1314C324EC8
:10B0C00084F8791084F87800706940F253124B21AB
:10B0D00000F00100FBF710FF11234FF48012B3665C
:10B0E0002A4B7566C3F888219A6001213B20E7F757
:10B0F00023FF94F87910264A94F878300A432549BA
:10B10000063341F82320244B3E201E68E7F74AFF10
:10B110007708F60702462B463046394602F004FB14
:10B12000090241EA1061C0F3C05040EA41001B4BE4
:10B13000A066186B10F5807005D140F295122B2196
:10B14000FBF7DAFE0220024600230020012102F074
:10B15000EBFAE0663E20E7F725FF40F64943584307
:10B16000000DFF2828BFFF20022838BF0220002141
:10B1700084F87C00012000F05DFD0020F8BD212056
:10B18000FCE700BF003E00B000C00A5000E100E054
:10B19000020D0C0000800350A821002000C001B85F
:10B1A00038B1054B93F87800087093F87900107067
:10B1B000704707230B70FAE7003E00B02DE9F3411A
:10B1C00005460F4668461146FFF7C0FE0646B0B179
:10B1D000AFB1DDE900321B0A43EA0263A5FB038439
:10B1E000094B120A05FB02441A6812B9FFF766FC04
:10B1F000024600234046214602F096FA3860304667
:10B2000002B0BDE8F08100BFA821002070B5FFF7B3
:10B2100019FF0021022000F00DFD15F006FF044685
:10B220000F4D104ED5F8F4331B070BD519F058FE0F
:10B23000BDE8704002220C4BDA6001220B4B1A7001
:10B2400019F041BE15F0F1FE001BB04240F2FD12B4
:10B250004FF045018CBF00200120FBF74DFEE1E7D8
:10B26000000002B83F420F0000C001B8692500206D
:10B27000224910B50B78002B3ED00122204C94F8C7
:10B2800079300133DBB202FA03F31E4A53661366C8
:10B290004FF400221C4BC3F8882100230B700323BA
:10B2A0001A4A39211364A2F580525364184B40F2B4
:10B2B000A922586CC0F38060FBF71EFE4FF480415A
:10B2C000144A154BC2F89410144A216FD26E914261
:10B2D00002BFD3F86C216267D3F86431606F08BF96
:10B2E000A4F87E30B4F87E1000F0DEF8BDE810401F
:10B2F0000121022000F09EBC10BD00BF6925002086
:10B30000003E00B000E00A5000E100E000E009501B
:10B31000000002B800E001B800C001B800C00A5047
:10B3200010B504463E20E7F73DFE6043034B00F5B1
:10B33000F42000F59070B0FBF3F010BD40420F0018
:10B340002DE9F74FFFF7ECFF0446FFF77BFE19F0FE
:10B35000C7FD00214B4F054668463970FFF7F6FDE3
:10B36000494B80469E69494BDB6813F0706F1CD1D6
:10B37000474B5B6913F0060A17D1E0B1454B611DDD
:10B380001868A1FB00B93E20E7F70CFE53460246C1
:10B390004946584602F0C8F9009B090241EA10618B
:10B3A00000029842019B994105D3284603B0BDE8AD
:10B3B000F04F19F088BD0021022000F03BFC15F091
:10B3C00034FE8146DFF8C4B0DFF8D4A0DBF8F433F4
:10B3D0001B0741D5B8F1000F4DD0DDE900893E20B3
:10B3E000E7F7E0FD4FEA182141EA09614FEA192326
:10B3F000A0FB019800FB0388264B1A6812B9FFF7DF
:10B400005DFB024600234846414602F08DF90121CA
:10B41000214B013493F87930DFF86CC001331F4AB7
:10B42000361BDFF880E0DBB201FA03F30644CEF806
:10B430006030CCF86C605366DCF81820DCF86C6087
:10B44000241A921BA24216D2CEF864300220CEF803
:10B45000603000F0EFFBA8E715F0E7FDA0EB090076
:10B46000504540F24E224FF045018CBF0020012094
:10B47000FBF742FDAAE70222054BDA6001233B708D
:10B4800093E700BF6925002000C00A50000002B801
:10B4900000C001B8A8210020003E00B000D00A5032
:10B4A0003F420F0000E00A5001232DE9F74F9A4F69
:10B4B000044697F879208A469340984A0E46936648
:10B4C00097F87820964B0546C3F8F0204FF40032E9
:10B4D000944B4FF0000B1A610223DFF85482C8F836
:10B4E0000C30914B9B6903F1FF39A3EB0903002B4F
:10B4F00040F3D4800BF1010BBBF1020F57D9EC22C2
:10B500000D210020FBF7F8FC4FF08053874A884F4D
:10B5100053664FF40031804BC7F86C51C3E91C955A
:10B520000025C7F86461A3F87E6011617C4AC2F807
:10B53000F05093F8792001239340784A936619F0EC
:10B54000CFFC2A462B464FF4807E3E6AD7F864C073
:10B5500002F110010901795801F00301012910D10C
:10B560000EFA02F111EA0C0F0BD107EB0215B442EF
:10B57000D5F80C5100F2A580AC4202D2AE4280F068
:10B58000A3800132082AE3D16A4D2968012940F2DB
:10B590009E803BB16049B1F87A201A43A1F87A2025
:10B5A000604A536603B0BDE8F04F19F08CBC01232C
:10B5B00097F879205C4D9340584A936619F090FCB7
:10B5C0004FF08052594B01905A66AB6903F1010963
:10B5D000C5F86C90D8F83010D8F80830DD036DD578
:10B5E0003A6FBE6EA9EB0202A2FB0626FB6E01F5C6
:10B5F0008071A6FB03E5A2FB03C313EB0E03A1FBC3
:10B6000003EC45F1000501FB05CCB2EB0E0266EB45
:10B610000C06120A42EA06625244B2EB112F4FEABC
:10B62000112603D3013345F10005921B043E9642D7
:10B6300028BF1646C8F8186097F87D20D8F8201063
:10B64000E318D2B245F100058C42D8F8381084BF17
:10B6500002F1FF32D2B2481C0ED04FF0000E01F1C1
:10B66000010C99427EEB050008D20132B3EB0C03CA
:10B67000D2B265F10005F4E72A44D2B21D4602F0C9
:10B68000030287F87D20C8F82030012397F879203D
:10B6900001989340284A936619F015FC224B9B6948
:10B6A00000BF00BF00BF00BF00BF00BF00BF00BFA2
:10B6B000D8F86420D2007FF518AF25E75646254616
:10B6C000E3E7AC42BFF45AAF19438BB259E71B4AC8
:10B6D0001478142C01BF0024194E1470347014789F
:10B6E00001341470002B3FF45DAF0B4EB6F87A4076
:10B6F0001C43A6F87A400B4C6366114C2378013347
:10B70000DBB2022B23707FF44DAF0023013129609F
:10B710001370237046E700BF003E00B000E00A50FF
:10B720000080035000D001B800C00A5000E001B80A
:10B7300000C001B83821002000D00A506B2500203D
:10B740006A2500204FF40052014B5A60704700BF39
:10B7500000E100E04FF40052034BC3F88420BFF334
:10B760004F8FBFF36F8F704700E100E037B504469D
:10B77000FFF74AF901213A20E7F7DEFBE178227969
:10B780001B4841EA0243C0F8BC35E579A37943EA96
:10B790000543C0F8C03523784BB18DF8041004215F
:10B7A0008DF805200DEB0100002207F0C0FF637843
:10B7B0005BB10421A37900228DF80430E3790DEB0D
:10B7C00001008DF8053007F0B2FF227801235AB14D
:10B7D000084AC2F8B835627802233AB1054A002017
:10B7E000C2F8B83503B030BD034AF2E7024AF6E7C3
:10B7F00000C0035000D0035000E00350F8B50B46E2
:10B80000002213F8044B944225D91D68854224D1A7
:10B8100006245A791D79124B88181E6804FB05030B
:10B82000104F33F8063C7B43B3420ED900238A5AAB
:10B830007A43964202D804FB0300F8BD9D42FAD930
:10B84000013304FB03F2825AF2E740F244423D2105
:10B850000020FBF751FB0020EFE708330132D2E76D
:10B860001822002040420F0000202DE9F84FA2FBD3
:10B87000017BAA4EDFF8DCC2BE1998466BF10003CB
:10B88000B44570EB030307D240F23E220E21FBF7D2
:10B8900033FB0220BDE8F88FD8F814A00C461546FB
:10B8A000BAF1000F04D0DAF80030032B00F2A980BF
:10B8B0009B4B9C4A9B6BD2F8FCA0C3F314099A4B98
:10B8C0001B6F58074EBF4FF440039B0503F0E07316
:10B8D00049EA0309954BD3F8EC30590048BF49F0C9
:10B8E000807949EA456917F051FD012D0646D0D10E
:10B8F0000028CED08E4B984200F0948003F512239E
:10B9000003F5F863984200F0B6808A4B984200F045
:10B91000BE80002502462B4600204FF0007101F04A
:10B9200003FF2B46013007FB03F3C9F3130100FBB0
:10B930000B33A7FB0070A1FB0662034401FB052249
:10B9400020339B09C8F800307B4BF60C1C6046EA9C
:10B9500042367A4B19F4801F08BF76421E60784B3E
:10B9600034441C60BAF1000F48D00023C8F80430FA
:10B97000C8F80830DAF81C5019F0807F18BF640846
:10B98000002D53D1DAF800600023062EC8F80C30E1
:10B99000C8F8103032D9DAF830307BB317F0F6FC43
:10B9A000DAF83010FFF72AFF044618B18378002B2D
:10B9B00040F0998017F0A4FCDAF83010FFF71EFF72
:10B9C0000446D8B18378CBB140794FF4AE620038E9
:10B9D00018BF01203D21FBF78FFA207940F2715208
:10B9E00000384FF03D0118BF0120FBF785FA23799D
:10B9F00062791B0243EA0213C8F810300020BDE848
:10BA0000F88F042BDAF828907FF46DAF19F0807F5F
:10BA100014BF4FF4400309F0E07329F0E07949EADC
:10BA2000030960E7002347481D467CE73E4FD7F8EF
:10BA30003C21D2022FD4DAF800601CB1B4FA84F1B0
:10BA400007291CDD2B462102B1FBF3F14B006702F5
:10BA50000133E40D01E002330131A5FB030287420B
:10BA600074EB0202F7D2C1F30E01090341F0006149
:10BA7000C8F8081088E7002333481D4653E7C1F192
:10BA8000080325FA03F304FA01F10133DCE700238C
:10BA90002E481D4647E719462D4AC9F3815912F829
:10BAA0000920002EB8BF764292066008C2FB06014C
:10BAB000224601F039FEDAF800600E2E0ED9184B3E
:10BAC0009A6BBB6CD7F83C11DB0607D502F48012E9
:10BAD00001F400110A4308BFC0F58010C0F3130041
:10BAE000C8F80400A9E7407940F25552003818BF61
:10BAF00001203D21FBF700FA207940F25652003830
:10BB000018BF01203D21FBF7F7F9237962791B0269
:10BB100043EA0213C8F80C304CE700BF006CCA8837
:10BB2000008001B8004F00B0004001B8000002B82A
:10BB300000F04902005A6202202200201C2200204C
:10BB4000182200200A3BB2DF313641DCD694BFD642
:10BB5000DC720308807C814A10B5044686B059B96E
:10BB6000214B4168D3F8FC30827A20480593006865
:10BB70006B46FFF779FE69461D4B0A685A631A4BFC
:10BB8000D3F8FC3033B34B6843B11A4B1A4AC3F8AD
:10BB90003C214A68A3F58053C3F83C218B6843B12C
:10BBA000144B164AC3F81C218A68A3F58053C3F8C6
:10BBB0001C21134AC868D2F8983123F4EE6303437A
:10BBC000C2F89831D2F89031096923F4EE630B433F
:10BBD000C2F89031002022890A4B9A6203F5A03303
:10BBE000186406B010BD00BF004F00B0DC1E00207E
:10BBF000008001B8006001B8FFFF0F0000F0FF0FE8
:10BC0000000002B8004000B8074BD3F88022D207EA
:10BC100007D55B6E002B4FF48043B4BF034A044A40
:10BC200013650020704700BF00800050002002B85C
:10BC3000001002B8064B1A6C9207FCD4022240EAAC
:10BC400001205860034B1A640122034B1A7070479D
:10BC500000C002B800D002B86C25002010B590B129
:10BC60000468012C0FD902696AB11168094B102CC4
:10BC7000196051685960916888BFD268996094BF13
:10BC8000D960DA6010BD10220021024815F0BAFB1D
:10BC9000F8E700BF28220020064B586F1B6DC0F349
:10BCA0000112000C02FB000003F01F0301331844D3
:10BCB000704700BF004001B8084BC1171A68A2FBCB
:10BCC000000302FB013310F1807043F10003400ECA
:10BCD00040EAC310803820EAE07070473822002024
:10BCE0000722194B70B51A64184B194A1D68194B75
:10BCF000EC08E005C0184FEA153141F100010023BE
:10BD000001F012FD144B154E18601548FFF7D4FFD3
:10BD10004042C6F8DC0049F65800FFF7CDFFC6F8F0
:10BD2000A8001048FEF7CEFC024660B1E3015008BF
:10BD300018184FEA15714FF0000341F1000101F0AE
:10BD4000F3FCC6F8B40070BD000002B8A8210020C2
:10BD500065CD1D00B2E60E0038220020003F00B085
:10BD60007011010040420F0010B5044698B10B4B12
:10BD7000D3F8FC00FFF772FF4FF47A7303FB04F073
:10BD8000074BA0F6AC50DA689B681044C01ABDE8B7
:10BD90001040FFF791BF4AF6C870F8E7004F00B0B7
:10BDA000282200202DE9F8430546084614461E4681
:10BDB000FFF754FF05B306F0020716F004061DD185
:10BDC000D7B14FF47A706B685843002B40F08C80E9
:10BDD000FFF772FF20636B69002B00F08C804A4AEA
:10BDE000D0684FF47A7202FB0300A0F5FA50FFF717
:10BDF00063FFE062002E58D1BDE8F883286900286F
:10BE000069D04FF47A7358433F4BA0F6AC509B680F
:10BE1000C01AFFF751FFA062A88B00285ED04FF434
:10BE20007A735843384BA0F6AC509B68C01AFFF7A2
:10BE300043FFE061354BE968D3F80080002950D01A
:10BE40004FF47A735943304BA1F6AC519A685B6852
:10BE5000891AC91A2E4BC8171A68DFF8BC90A2FBC2
:10BE6000011302FB003311F1807143F10003490E0D
:10BE700041EAC3118039274B2162D3F8C430636291
:10BE8000D9F8003053B1404615F017F830B12246CA
:10BE9000D9F800301C49D8F8D80098470021A86983
:10BEA000FFF762FF6063002F8BD1A86830BB47F2B9
:10BEB0003050FFF701FF60614FF47A702B685843F0
:10BEC0002BB1114B1B6803F51C5310331844FFF7BB
:10BED000F3FEA06190E74AF6C8709AE74AF6C87088
:10BEE000A5E74AF6C871B5E7074B1B6803F51C5375
:10BEF000103318446CE747F2305078E74FF47A7308
:10BF00005843A0F5FA50D4E728220020DC1E002078
:10BF100038220020003F00B02422002008B9FFF79B
:10BF2000BBBE034881420CBF2F20BC20704700BF1E
:10BF300048E8010038B5054608461C4615F09FF84C
:10BF4000D5F8E430A3B11A68012A11D91A69094B4E
:10BF5000002A08BF1A465368074A002BA8BF4FF4AF
:10BF6000FA721A44054B204492FBF3F2104438BD98
:10BF7000004AF0E7E47203080CFEFFFF18FCFFFF25
:10BF800070B588B06D46184C0FCC0FC594E80F0003
:10BF900085E80F00EC220021144815F033FAAC229A
:10BFA0000021134815F02EFA20220021114815F027
:10BFB00029FA15F0E5F8104B1B783BB16D460A4E97
:10BFC0000FCD0FC695E80F0084E80F000B4A0C4B0D
:10BFD0001068516803C3906818600A4BD3F8782141
:10BFE000094B5A6608B070BDE03F00B0683E00B033
:10BFF000543F00B0E04F00B059250020F472030810
:10C00000B03E00B0000002B8003F00B008B518F024
:10C0100067FF0E4B1A78A2B90D4A126812F4843FDA
:10C020000FD10C4A102111651B7863B9084B1B68AE
:10C03000DB0508D4074B20221A65BDE8084018F03C
:10C0400042BF054AEEE7044BF5E700BF712500202B
:10C05000A80D0020002002B8001002B80A4B197881
:10C0600001F0FF0229B10021197008499202C1F8BC
:10C070000821597801F0FF0229B10021597093027B
:10C08000024AC2F80C3170476D250020005000B8FC
:10C09000064BD3F8F00E064B9B6C1A0103D4054BEC
:10C0A0009B6E1B0401D500F580707047003000B016
:10C0B000000002B8004000B810B518F011FF0E21C2
:10C0C00004460320FEF762FE40F20122034B2046A5
:10C0D000BDE81040DA6218F0F6BE00BF004000B8BC
:10C0E000064B00201B6893F82430DB0902BF0322B3
:10C0F000034BC3F85022FBF7BFBC00BFDC1E00207F
:10C10000006001B80022044B1A70044B197811B179
:10C110001A70FFF77BBF7047702500207125002043
:10C1200038B518F0DDFE4FF48043274C0546C4F8BF
:10C130008430BFF34F8FBFF36F8F4FF40043C4F8C9
:10C140008430BFF34F8FBFF36F8F4FF48033C4F849
:10C150008430BFF34F8FBFF36F8F4FF40033C4F8B9
:10C160008430BFF34F8FBFF36F8F4FF48023C4F839
:10C170008430BFF34F8FBFF36F8FFFF7EBFA4FF4AD
:10C180000023C4F88430BFF34F8FBFF36F8F4FF499
:10C190008013C4F88430BFF34F8FBFF36F8F4FF419
:10C1A0000013C4F88430BFF34F8FBFF36F8F4FF489
:10C1B0000003C4F88430BFF34F8FBFF36F8F28465E
:10C1C000BDE8384018F07FBE00E100E038B518F057
:10C1D00087FE05464FF480430E4C63604FF40043E6
:10C1E00063604FF4003363604FF480236360FFF7B4
:10C1F000A9FA4FF4002363604FF4801363604FF497
:10C20000001363604FF4000363602846BDE83840C4
:10C2100018F059BE00E100E0012370B5074C23700F
:10C22000074B1E68074B3240D3E9005319402840A2
:10C23000FCF716FA0023237070BD00BF6F250020A5
:10C2400040220020A80D00202DE9F047DDF820A0B5
:10C2500003EA0108099B06460D4602EA000703EAC5
:10C260000A09BAF1000F40F04F81031F0B4300F0A1
:10C270000F81052871F1000380F0E58050EA010389
:10C2800000F07581431E0B4300F02581FFF748FF46
:10C29000B84AD2E9004323EA050324EA06043C43F2
:10C2A00043EA0807B44BC2E900471E6826EA0A06BB
:10C2B00046EA09061E60FFF7A9FE14F02A4F14BFD4
:10C2C00048F202034FF40043AC4AB007D26EAC48C8
:10C2D00048BF43F4005383EA020122EA0302C26624
:10C2E000A84A0B408166D366C4F38042120321033F
:10C2F00048BF42F48072E30648BF42F40052A24BAA
:10C30000A50648BF42F40072600648BF42F480624E
:10C310002106D96848BF42F4006282EA010323F093
:10C3200080539A4819401A40C1608360984B17F4B3
:10C33000007FDA60974B07F4007200F0048101225D
:10C340004FF4802583F88820E30448BF45F4803506
:10C35000A00348BF45F48015A10748BF45F4001568
:10C3600014F4001FDFF8688206D0D8F8000014F03B
:10C3700029FF08B945F40025E20248BF45F400351D
:10C38000FB06854B48BF45F480051A6A834985EA58
:10C39000020323F001031A400A621D40CB61804B67
:10C3A00016F0010F1D627F4B7F4A18BF1A467F4B64
:10C3B0007D071B6F48BF42F000627D4882EA03019F
:10C3C00023EA020303677B4B0A4041661A677A4AF5
:10C3D00004F00103D16CA0F5803081EA030221EA68
:10C3E0000301C16482641A40744B2002DA64D8F8F5
:10C3F000002048BF724B92F8F62058BF714B61077E
:10C4000048BF43F4806322B114F4C06F18BF43F4F3
:10C41000807332074FF03A42BDE8F047D2F8181166
:10C4200048BF43F0004383EA010222F4A022664899
:10C430001140C0F818111340C0F81421634AC2F823
:10C440001831FFF7C3BEA0F580630B4306D020F47C
:10C450008063A3F500730B437FF418AF18F040FD21
:10C460004449D1E9003223EA060322EA050242EAFE
:10C4700008023B43C1E90032554A126892F8F610AF
:10C48000514A09B313F4C06F1ED04FF4807311E00A
:10C4900018F026FD374AD2E9003123F004033B436C
:10C4A00041EA080157EA0807C2E900314FF4806306
:10C4B000454A0BD0C2F81431A2F58052C2F81831A7
:10C4C000BDE8F04718F0FFBC4FF48073C2F8183194
:10C4D000C2F81431F4E718F003FD264AD2E900311E
:10C4E00023F001033B4341EA0801C2E90031012383
:10C4F000384A57EA08071BBF9364A2F58052D364F9
:10C50000D36408BF9364DBE750EA01037FF4BEAE57
:10C51000BAF1010F7FF4BAAE18F0E2FC164A1368C4
:10C5200023F0010343EA090313604FF48063204AB8
:10C53000B9F1000F04D05366A2F580521367BFE72C
:10C5400013675366BCE793F8881071B183F88820AD
:10C55000214BD3F8A41003F50053C3F8A410C3F87B
:10C56000A0104FF05023C3F8A4200025ECE6BDE84E
:10C57000F08700BFA80D002040220020004000B836
:10C58000006000B8005000B8004001B8006001B879
:10C59000005001B8003F00B0000002B8002002B80F
:10C5A000001002B8041C00030418000300C001B806
:10C5B00000E001B800D001B800C000B800D000B859
:10C5C0000D0A0A09090A0A09002000BA001000BA77
:10C5D000DC1E002000E000B800400050024B58680C
:10C5E000C0F3C000704700BFA80D0020024B1868C0
:10C5F00000F00100704700BFA80D0020024B5868F2
:10C60000C0F3C030704700BFA80D002010B504462D
:10C61000FEF720FAFFF784FD2046FCF70FFFFEF738
:10C62000A3F9FDF729FEFDF79BFEFFF759FB134920
:10C630000723134AD1F8FC1004F1F800FFF7B2FB0E
:10C640004FF080710020FDF7C7FF4FF000720D4BD7
:10C650004FF400110120C3F80021FDF7BDFFFEF7E4
:10C6600063FC20B940F267321421FAF745FC14F05C
:10C6700085FDBDE810400120FDF7E8BC004F00B08B
:10C68000A43F00B000D001B88022074B5A640822B2
:10C6900003F580535A64054AD2F8C03E23F02003C4
:10C6A000C2F8C03E704700BF001002B8003000B0B2
:10C6B00010B518F015FC01210446FFF7E5FF054B06
:10C6C00000201961044B5B6898472046BDE8104084
:10C6D00018F0F9BB000002B8442A0020F0B583B07E
:10C6E00014460646FFF790FAFCF708FB002800F016
:10C6F000AE805B4B5D6915F0060540F0A88018F030
:10C70000EFFB23790095022B05464AD1237B022BB0
:10C7100036D00320FDF756FF20B9524BDB685B048F
:10C7200040F19780A37B277B003B18BF0123A268C1
:10C730004D49012F01920B7072D000234B4A4C4C93
:10C7400013702278002A76D10420FDF73DFE0420E4
:10C75000434E3A46736F0DEB000123F0F85323F478
:10C76000F81343F0506343F4803373670223FDF7FB
:10C7700049FE002863D0012130223E4B21701A650A
:10C780003D4E336898472128044604D101210020FA
:10C79000736898470024284618F095FB204603B09C
:10C7A000F0BD0320FDF70EFF002852D12279D6F804
:10C7B0000031012A226830D0D01A00900020284B86
:10C7C0002E4A2F495A679867637B2E4A23F0400010
:10C7D0000028C3F380130B700CBF012300231370D8
:10C7E000294B294AD3F8C03E4FF003000CBF43F059
:10C7F000200323F02003C2F8C03EFDF7E5FD184BEF
:10C80000224A03205A67694601232279FDF7FAFD7F
:10C8100008B301221E4B1A7078E79A42CDD3CBE7BA
:10C820002379022B89D0009BD6F8001100270B44F6
:10C830001344019381E72370FFF7E8FB84E70320AB
:10C84000FDF7C2FD28460D4B736718F03CFB0E2424
:10C85000A4E72846F9E7284618F035FB21249DE790
:10C8600000C001B8000002B8742500207025002027
:10C8700071250020001002B8442A002000000101A8
:10C880007225002073250020003000B0010C01004B
:10C89000752500202DE9F34100240D46074618F0C8
:10C8A0001FFB204BDFF88C801C70FFF7EDFE1E4B4A
:10C8B0000646C8F87430C8F878406879431E584274
:10C8C0005841FBF727FE40F60143C8F878302A7933
:10C8D0002968012AD7F8083101D1994200D3CC1A2E
:10C8E000042303200DEB03010194FDF78BFD50B9E8
:10C8F00088220E4B30465A6418F0E5FA212420466F
:10C9000002B0BDE8F0810A4D2B6898472128044603
:10C9100004D1012100206B6898470024304618F0AC
:10C92000D2FAECE77525002000000101002002B8D2
:10C93000442A002000C001B8F8B5194C05462078FB
:10C9400040F2AA42B0FA80F03E214009FAF7D4FA48
:10C9500055B9607840F2AA42BDE8F840B0FA80F0DC
:10C960003E214009FAF7C8BA4FF440660D4F0E4D0C
:10C97000D7F8083140F2AA42C3F381232370C5F8E7
:10C98000086160783E21B0FA80F04009FAF7B4FA05
:10C99000D7F80C31C3F381236370C5F80C61F8BD7F
:10C9A0006D250020004000B8006000B8F8B5084CC4
:10C9B000084D636C0423084F6B64636C5B0300D405
:10C9C000F8BD042602207E6414F036FB6E64F4E7A2
:10C9D000000002B8001002B8002002B8A82238B542
:10C9E0001A4B5D6C03F500535A6410229A60A3F54C
:10C9F000804302F100521A675A66FFF72FFB144B6F
:10CA00001B7813B90320FDF7DFFC0024114B9C6752
:10CA1000FFF7CCFF104A114BD2F8F01E0B40C2F8C2
:10CA2000F03E04220E4B5A640E4BAA06C3F8C840CF
:10CA300008D503F580739B6FB3F5817F22BF8022F9
:10CA4000024B1A61BDE83840FBF7E8BF000002B8AE
:10CA50007525002000C001B8003000B0DF0000FFE5
:10CA6000002002B8003E00B010B528B979B94FF4E3
:10CA7000C062154B9A6510BD49B9144BDB681B0E9B
:10CA800013F00E0FF3D1124B1B6CD907EFD4FFF745
:10CA900013FB0E4C0020FEF7E5F9032801D009280E
:10CAA00005D1A36ADA07F5D4A36CDB03F2D4FFF750
:10CAB0007DFF0122074B5A6102229A62042203F58C
:10CAC00080535A64D3E700BF006001B8000002B889
:10CAD00000C002B8001002B808B503210920FEF713
:10CAE00055F92022014B1A6108BD00BF000002B8B1
:10CAF0000D4A10B5D2F8A030D2F8A4100B40B3F113
:10CB0000804F0CD34FF040400849094CC1F8A400B5
:10CB1000D467C1F8A0004FF48021064AD161034ACE
:10CB2000C2F8A03010BD00BF0040005000600050AF
:10CB30000000FF01001002B838B5054618F0D0F922
:10CB40000E4B04461868FCF7A5FD35B1FFF7DAFA7D
:10CB50002046BDE8384018F0B6B9094B1B78002BC9
:10CB6000F6D0084B1D78002DF2D1FFF7CBFA2A46FC
:10CB70004FF480400021FFF74FFBE9E7DC1E002067
:10CB8000702500206F2500202DE9F84F5B4B0646ED
:10CB90000D4614465B6C002A40F0AC8013F0A00FE9
:10CBA00014BF4FF001094FF00009FBF737FFA02336
:10CBB0004FF0000ADFF860810320C8F84430FDF729
:10CBC00003FC0420FDF700FC4D4FFFF79BFA4D4B93
:10CBD0004FF0040B7B67C7F878A0FFF7E7FE4A4BDE
:10CBE0004FF48071D3F8C02E42F02002C3F8C02E5B
:10CBF000FF22C8F80820414A1161D3F8F02E4349BA
:10CC00001140C3F8F01EC8F844B0C3F8C8AE7B6941
:10CC100013F0060F04D0FDF70FFD5846FDF7D4FBC7
:10CC2000B9F1000F08D04FF40062394B5A644FF449
:10CC30000042A3F5E0339A6666B1364BDB6C180709
:10CC400001D4FFF739FAFFF747FF0420FDF7BCFBDB
:10CC5000FFF704FA294B5A69D10746D5DA6812F072
:10CC6000706FFBD12C4B2D4A5A642D4A936E23F0E2
:10CC7000F003936615B12046FFF75EFF294BD3F80A
:10CC80004C315A1C01D05B0002D50122224B5A6163
:10CC90005CB3204BDA6E03F500539A6603F5D0338C
:10CCA0001B6A1D4A23F00103D3611F4BD96803F5AA
:10CCB0000053996003F50053D3F8841003F5005333
:10CCC00099674FF03A43D3F8181103F50053C3F8AE
:10CCD0001411164BD96C03F500539964144903F5EC
:10CCE000803359664FF6084353640020BDE8F84F7F
:10CCF000FCF7D0B84FF0000957E700BF000002B8BA
:10CD000000C001B800000101003000B0DF0000FFEA
:10CD1000001002B8004000B8002002B81000300037
:10CD2000003F00B00080E00F004001B800C000B834
:10CD30005000002F9C4B2DE9F04F9A6EDB6E85B0B2
:10CD400002EA0308994BC3F868804FF03A43D3F8DE
:10CD50001461D3F818311E40954BC3F81461954BFC
:10CD60009A68DB6802EA030A934BC3F808A003F54C
:10CD70002043DA691B6A02EA0309904B09F477023F
:10CD8000DA618F4BD3F80422110306D4D3F80431AF
:10CD90001A03C3F3C04740F1E58018F0A1F8894BAE
:10CDA0005A695F6E1B6F12F0060F07EA0307864A87
:10CDB00027F0007323F4006314BF4FF0010B4FF012
:10CDC000000B53667B0706D5804A92F87D3001330D
:10CDD000DBB282F87D3018F076F8B8F1000F00F081
:10CDE000DF8018F4004427D018F07AF80146FFF7E6
:10CDF0004FF90446764D2B6818681A689042FCD0AB
:10CE000018689042FCD0FFF743F9A04240F0AC8094
:10CE1000084618F058F86F4B1C606F4B5D6C15F4AA
:10CE2000E05240F0A38024F07F4424F0DF040CB9EA
:10CE3000FFF7D4FD4FF0807418F0020F4FF000059B
:10CE400014D0654B5D495B6C03F460424A64002A70
:10CE500000F0A0801D0400F1A08013F4005F0CBF5F
:10CE60004FF000534FF0006300251C43C8F34038D7
:10CE70004FEA4808594B3340002B4BD016F4206F33
:10CE80000AD040F6311206210020FAF735F80020CA
:10CE9000FFF752FE26F48026F00506D5FF22474B09
:10CEA00044F4C0649A60FFF707F916F0090F0BD03D
:10CEB00040F6461208210020FAF71EF8FFF70CFE94
:10CEC0004FF03A4301225A6316F0106F0CD040F62F
:10CED0004F1209210020FAF70FF8FFF7FDFD00229D
:10CEE00011461046FCF7AAFB16F4202F0AD040F694
:10CEF000571207210020F9F7FFFF0020FFF71CFE63
:10CF000026F48026F10301D5FCF7E2FC002EB8BF21
:10CF100048F0080872070ED54FF03A431B6B13F424
:10CF2000005F4FF4005317BF214A2D4A136344F4A6
:10CF3000000408BF1363730548BF44F0040416F4EB
:10CF40008023019300F0B580FCF77AFC01380628B5
:10CF500048D8DFE810F03501380135013B013E01CA
:10CF600041014101BB4638E7044644E70192FFF71F
:10CF700035FD124B019A5A6415F4805307D115F40C
:10CF8000806F0CBF4FF080544FF0806454E74FF037
:10CF9000804451E74FF0007366E74FF0004363E7CA
:10CFA0004446454666E700BF004000B8006000B850
:10CFB000002000BA004001B8006001B8002002B8AB
:10CFC00000E100E000C001B800E001B8003E00B0A0
:10CFD000582A00203C220020000002B8090B0B89CF
:10CFE000001000BA40F6881203210020F9F784FFF0
:10CFF0004FF03A420121D2F88C30D2F8AC0003F065
:10D000000703063301FA03F3C0F30C001B1A9BB2AB
:10D01000072B12D97A4B5B6C58020ED47948D36C2B
:10D02000D26E406D58B103F0070306339940C2F346
:10D030000C03C91A89B2072901D844F40074724B51
:10D040001B78002B35D04FF03A43D3F8143113F44A
:10D05000A02F2ED16D4B6E4A1B7893B9FB0410D4D0
:10D06000137873B1E3086B4943EA457383F0010316
:10D07000D1F8F01E03F001035B0021FA03F39807D7
:10D0800017D10420FDF7A0F9634B64495967FFF7F6
:10D0900039F85F4A137843B9614B1B782BB1614B68
:10D0A000614A1B682340134201D144F4804427F4B1
:10D0B0008057BAF1000F27D01AF4805F18BF44F4EC
:10D0C00080241AF4807F18BF44F400241AF4005F0F
:10D0D00018BF44F010041AF4007F18BF44F0200475
:10D0E0001AF4806F18BF44F040041AF4006F18BFA0
:10D0F00044F080041AF0805F06D04C4B0021186881
:10D1000045F48055FBF722FEB9F1000F3AD019F42F
:10D11000802F18BF45F4007519F4803F18BF44F400
:10D12000805419F4801F18BF44F4003419F4001F10
:10D1300018BF44F0020419F4003F18BF44F48014EF
:10D1400019F4800F18BF45F0100519F4002F19D0FD
:10D15000304BD3F8C03E13F0C00F13D0284AD36829
:10D16000C3F30363032B01D0072B05D1936CD906BE
:10D1700002D4D36C1B0732D54FF400222C4B29F478
:10D180000029DA61002F00F01381380540F18A8010
:10D190002849DFF884A0CB78274A002B52D04FF4DF
:10D1A0000060013BDBB25066CB7033B9234B1B7878
:10D1B000C3B140F60142224B5A67002300226FE0C0
:10D1C00044F4803414E744F4006411E744F48064C8
:10D1D0000EE744F480740BE744F0080408E744F4D5
:10D1E0000014CFE7DAF8783013F4A05F15BF4FF4DE
:10D1F000807340F60143CAF85830CAF87830DCE74B
:10D20000000002B8004000B8712500207025002001
:10D2100073250020003000B000C001B800000101FB
:10D2200072250020A80D0020088D0100DC1E0020C2
:10D23000002002B85E25002000E001B8752500201E
:10D2400000D001B80320FDF7BFF8DAF81430AD487C
:10D2500013F0060F04BF41F61F73AB4AAB4908BF7A
:10D2600053674FF40062A84B5A66DAF8143013F093
:10D27000060308BFCAF87830B0F87A3013F40062B9
:10D280005CD023F40063A0F87A300B7803F0FF0A37
:10D29000002B57D1FDF7D0F9FFF7A0FB5346202212
:10D2A0001C431543B90009D52E20FCF7C1FF4FF0F0
:10D2B0000052954B45F008051A675A66FA0606D5DE
:10D2C0002B20FCF7B5FF10228F4B1A675A6617F018
:10D2D000306F05D1FB045FD5BBF1000F00F0BE80BD
:10D2E000380111D52920FCF7A3FFFFF777F948B1E2
:10D2F000874B8849844A53660B6701F54051C968DA
:10D30000490422D445F0040517F0007B28D00420FE
:10D31000FDF75AF82720FCF78BFFFFF75FFB4FF074
:10D320000072794B5A667C4BD3F8F02E51067DD4AF
:10D3300002227A4B9A6045F0020528E00B784FF400
:10D340000053ADE74FF4004338E7136720205366DE
:10D35000FCF76EFF2D2045F00C05FCF769FFD3E7C5
:10D3600017F0807FDFF8B8A14BD00420FDF72CF830
:10D370002820FCF75DFFDAF87830002B3ED1FFF76C
:10D380002DFB614B624A45F001051A675A66FEF7AC
:10D39000A7FE0022624B9A657A0509D5614A937807
:10D3A000002B00F0AA80013B9370002348EA030899
:10D3B000594BD3F8C03E1B0603D520462946FBF740
:10D3C00071FD424620462946FEF726FF019B0BB120
:10D3D000FCF76CFA4FF40042534B06F00436C3F8E6
:10D3E0001461524B19F4002FC3F884211EBF4FF46F
:10D3F00000224A4BDA6105B0BDE8F08FCAF878B078
:10D40000BFE7F804C5D50420FCF7DEFF484BCAF897
:10D410007430FDF711F9DAF8643013F0407FB8D1B9
:10D420002A20FCF705FFFFF7D9FA7CE7D3F8C03EC6
:10D430009A0680D402223F4B9A603F4B1B6893F8B8
:10D440002530DB077FF577AF2E4B93F8DC30002BD0
:10D450003FF471AF8022394B1A616CE7314A13797E
:10D460004BB1013BDBB2137113B92A4B344A5A67F3
:10D4700000231C4390E70420FCF7A6FF0320FCF7E1
:10D48000A3FF274B2A4A5A6717F02AFD82460DF15F
:10D490000F00FDF7E7FC2B4B83461B780BB1FEF723
:10D4A0000BFEBBF1030F0ED1DFF890B00020FDF7AB
:10D4B000D9FC032807D1DBF82830D807F6D4DBF8ED
:10D4C0004830D903F2D49DF80F30032B06D1012246
:10D4D0001D4B50461A7017F0F6FCC9E74FF03A435F
:10D4E000D3F8143113F4A02FF1D1FEF70BFE504600
:10D4F00017F0E9FC4FF48043BBE70220FCF764FF20
:10D50000012353E7003E00B000E001B8752500207C
:10D510001000002000D001B8003000B0002002B898
:10D5200000C001B85E250020002000BA00E100E044
:10D5300000000101001002B8DC1E0020000002B84B
:10D540000000010D74250020702500200122024BEF
:10D550001A62DA61704700BF002002B8094A08B5B4
:10D56000D369116A0B40084923F47F00DB07C861C7
:10D5700006D5D1684FF0FF30C1F3036113F009FE07
:10D5800008BD00BF000002B8002002B80C4A08B570
:10D59000936CD26C13400B4A9364DB070FD50A4B94
:10D5A00040F6E1321878122100F00100F9F7A4FCEE
:10D5B000BDE80840002201200021FEF72DBE08BD75
:10D5C00000C000B800E000B8A80D0020164B10B550
:10D5D0001C6C5A6C1440154A24F002011164E207D5
:10D5E00005D54FF4446200201968F9F785FCA307BC
:10D5F00018D502220D4B1A640D4AA3F50053146886
:10D600005B687CB1DBB2042B07D100220121094BFE
:10D6100018682346BDE810401847052B02D10022A8
:10D620001146F4E710BD00BF00C0095000E00950EA
:10D6300070210020DC1E002038B50C4C0C4DD4F8B5
:10D640008430DB0706D4A36FD4F884201340094A42
:10D65000936738BDD5F804315A02F0D5FFF7B6FF0D
:10D660004FF48003C5F88431E9E700BF008001B8BA
:10D6700000E100E000A001B870B514460D4617F0B7
:10D680002FFC064BD3F8C06E74402C407440C3F896
:10D69000C04E17F018FC06EA050070BD003000B05F
:10D6A000034BD3F8C03E99430CBF012000207047C4
:10D6B000003000B0174BD3F8C02E12F0010312D087
:10D6C000154B93F84C30154A43F08073C2F8D030B4
:10D6D0004FF4801302F50052C2F8B430A2F5805224
:10D6E000C2F8B83070471106EDD40D4B93F84B11CA
:10D6F00021B1D20602D593F84831E4E74FF4801205
:10D700000020084B0549C3F8B820C1F8D000C3F881
:10D71000B4207047003000B0003F00B0004000B8B7
:10D72000003E00B0006000B853B94AB9002908BFF4
:10D7300000281CBF4FF0FF314FF0FF3000F082B9DE
:10D74000ADF1080C6DE904CE00F006F8DDF804E058
:10D75000DDE9022304B070472DE9F04F099D0C4626
:10D76000002B4DD18A420F4684469646B2FA82F388
:10D7700060D94BB102FA03FEC3F120029F4000FAC8
:10D7800003FC20FA02F217434FEA1E461FFA8EF4FA
:10D790004FEA1C42B7FBF6F106FB117701FB04F0E0
:10D7A00042EA0742904208D91EEB020201F1FF371C
:10D7B00002D2904200F231813946121A1FFA8CFCD3
:10D7C000B2FBF6F006FB102200FB04F44CEA024C1C
:10D7D000644508D91EEB0C0C00F1FF3202D26445FF
:10D7E00000F21E81104640EA0140ACEB040C00211F
:10D7F00025B12CFA03F30022C5E90032BDE8F08F11
:10D800008B4205D90DB1C5E9000100210846F5E7B5
:10D81000B3FA83F100294DD1A342C0F0F3809042C6
:10D8200080F0F080064623460846002DE6D0C5E984
:10D830000063E3E7002B40F0A3808A1A4FEA1E47FB
:10D840001FFA8EF60121B2FBF7F407FB14204FEA12
:10D850001C4242EA004206FB04F090420FD91EEB44
:10D86000020204F1FF382CBF4FF001094FF000090C
:10D87000904203D9B9F1000F00F0CC804446121A4F
:10D880001FFA8CFCB2FBF7F007FB102200FB06F638
:10D890004CEA024C664508D91EEB0C0C00F1FF3235
:10D8A00002D2664500F2B3801046ACEB060C40EAAB
:10D8B00004409DE7C1F120068B4004FA01FE22FAE4
:10D8C00006F720FA06FCF4408A401F434EEA0C0398
:10D8D00000FA01FE4FEA17484FEA13491FFA87FC86
:10D8E000B4FBF8F008FB104449EA044400FB0CF9CF
:10D8F000A1450ED93C1900F1FF3A2CBF4FF0010BA6
:10D900004FF0000BA14503D9BBF1000F00F08B8055
:10D910005046A4EB09041FFA83F9B4FBF8F308FBA3
:10D92000134403FB0CFC49EA0444A44506D93C1902
:10D9300003F1FF3801D2A4457BD8434643EA0040B7
:10D94000A4EB0C04A0FB02984445CC46434602D30A
:10D9500006D1CE4504D20138B9EB020C68EB0703BF
:10D96000002D6CD0BEEB0C0264EB030422FA01F331
:10D9700004FA06F6CC4000211E43C5E900643DE7E9
:10D9800002FA03FEC3F1200104FA03F200FA03FCD9
:10D99000CC404FEA1E4720FA01F11FFA8EF6B4FB85
:10D9A000F7F00A4307FB1044110C41EA044100FB65
:10D9B00006F48C420ED91EEB010100F1FF382CBF9A
:10D9C0004FF001094FF000098C4202D9B9F1000F64
:10D9D0002CD04046091B92B2B1FBF7F407FB14119F
:10D9E00042EA014204FB06F1914207D91EEB020212
:10D9F00004F1FF3801D291421ED84446521A44EA3B
:10DA0000004120E7861A64EB030301200DE7F4448C
:10DA100002384AE7023C724431E702397244CCE6EC
:10DA2000F4440238DFE602383C4472E702387144BD
:10DA3000D0E7023B3C4481E7023C7244DEE72946E2
:10DA4000DCE600BF704700BF08B5064B044613B1C3
:10DA50000021AFF30080044B1B6803B198472046B8
:10DA600005F044FD000000007C230020002310B5D9
:10DA700004468360818119464366C281082283611E
:10DA8000C0E90033C0E904335C3013F0BBFC0D4B3C
:10DA9000246263620C4BA3620C4BE3620C4B236366
:10DAA0000C4B9C4206D003F16802944202D0D03362
:10DAB0009C4205D104F15800BDE8104013F0AABC07
:10DAC00010BD00BFAF120308D112030809130308E9
:10DAD0002D13030844220020024A0349034813F08F
:10DAE00073BB00BF782A00203B150308882A00205A
:10DAF00041680C4B994210B5044601D013F01DFD4E
:10DB0000A168094B994202D0204613F016FDE16846
:10DB1000064B994204D02046BDE8104013F00DBDDD
:10DB200010BD00BF44220020AC220020142300209E
:10DB300010B50B4B04210B4C0B4A20461A600022F7
:10DB4000FFF794FF04F1680001220921FFF78EFF1F
:10DB500004F1D00002221221BDE81040FFF786BF79
:10DB60007C23002044220020D9DA0108014813F068
:10DB700052BC00BF76250020014813F04DBC00BF09
:10DB80007625002010B50446FFF7F0FF236A1BB18D
:10DB9000BDE81040FFF7F0BF044B2362044B1B6845
:10DBA000002BF5D1FFF7C4FFF2E700BFF1DA01085F
:10DBB0007C230020024B0146186813F023BB00BFF2
:10DBC000842A002038B5294B05460C46186818B140
:10DBD000036A0BB9FFF7D6FFB4F90C30190722D44A
:10DBE000DA0607D409222A6043F040034FF0FF30E1
:10DBF000A38133E0580712D5616B41B104F14403AE
:10DC0000994202D028460AF0B0FB00236363A3893F
:10DC100023F02403A3810023636023692360A38985
:10DC200043F00803A38123694BB9A38903F420734C
:10DC3000B3F5007F03D02146284613F0CBFCB4F99E
:10DC40000C3013F001020AD00022A2606269524235
:10DC5000A261226942B913F08000C5D138BD99078D
:10DC600058BF6269A260F4E70020F7E7842A002029
:10DC700038B50023054D044608462B6005F02FFCFF
:10DC8000431C02D12B6803B1236038BD80230020E0
:10DC900038B50446064D0846114600222A601A4649
:10DCA00005F035FC431C02D12B6803B1236038BD5D
:10DCB0008023002038B50446064D08461146002250
:10DCC0002A601A4605F02BFC431C02D12B6803B1D5
:10DCD000236038BD8023002038B50446064D084631
:10DCE000114600222A601A4605F021FC431C02D18D
:10DCF0002B6803B1236038BD8023002070B50D4D23
:10DD000000260D4C641BA410A64209D10B4D002621
:10DD10000B4C17F035FC641BA410A64205D170BD56
:10DD200055F8043B01369847EEE755F8043B0136B9
:10DD30009847F2E7382B0020382B0020382B0020A2
:10DD40003C2B002038B50023064D044608461146FA
:10DD50002B6005F0CFFB431C02D12B6803B123607D
:10DD600038BD00BF8023002038B50023054D044690
:10DD700008462B6005F0C5FB431C02D12B6803B19C
:10DD8000236038BD80230020094A5168C84390FAB7
:10DD9000A0F048B1B0FA80F0042805DC01238340EC
:10DDA0000B43536040B270474FF0FF30704700BFE5
:10DDB000AC2300200021034B28220348C3E90011B3
:10DDC00013F020BBAC2300208423002038B5054687
:10DDD000FFF7DAFF04460448294600EBC40013F0BD
:10DDE0009CFC204638BD00BF84230020C3B2042B16
:10DDF00010B515D804230B4A03EBC003134453E8B2
:10DE0000002F0A4343E80024002CF8D101220649E0
:10DE1000824051E8003F134341E800300028F8D128
:10DE200010BD00BF84230020AC230020F7B54FF0C5
:10DE3000040C01260827184A1849194D106800B328
:10DE40000B7806FA03F420421DD0E04352E8004F5D
:10DE5000044042E8004EBEF1000FF7D117FB03C3A8
:10DE60002B4453E8000F43E800E4002CF9D1019063
:10DE700048B1087801AA0B4905EBC00013F089FCF2
:10DE8000012003B0F0BD0B78506883422EBF002301
:10DE90000133DBB20B70D1E7AC23002077250020E3
:10DEA0008423002078563412024B1868003818BFBB
:10DEB00001207047AC23002038B505460C4617F00A
:10DEC00029F8084B1B6853B1D3E9042395429C41C0
:10DED0002CBF0124002417F00FF8204638BD1C4643
:10DEE000F9E700BFC42300202DE9F0414FF0FF34D3
:10DEF00025460746884617F00DF8144B1E68A6B94C
:10DF000016F0FAFFB5F1FF3F08BFB4F1FF3F08D0AC
:10DF1000BC4275EB080316D3E71B65EB08083C46CB
:10DF2000454620462946BDE8F0817269D6E90331AD
:10DF30005B1842F10002A34272EB05013CBF1C4694
:10DF400015467668DBE734463546EAE7C423002009
:10DF50002DE9F74F109F0E46DDE90CA915469DF8F7
:10DF60003CB008B1026882B93FB129463046B84793
:10DF700040F2034003B0BDE8F08F002DF8D0002E32
:10DF8000F6DB284614F022F8F2E7019016F0C2FF03
:10DF90008046584600F0EEF90446404616F0ACFFC5
:10DFA000019B8CB947B129463046B847032031461A
:10DFB00000F09EFB1A20DDE7002DF7D0002EF5DBE8
:10DFC000284614F003F8F1E7256200252360DFF806
:10DFD00080800E9BC4E906A9A660E360A762D8F81A
:10DFE000003084F824B0656098471AEB000649EBCE
:10DFF000010916F08FFF144B0746D3F800E0C4E97F
:10E00000046972462AB1D2E90401864279EB010122
:10E0100011D2A5B9C4F804E01C600C4B1C682CB1EB
:10E02000D8F800309847FFF75FFFA047384616F052
:10E0300063FF00209EE7516815460A46E2E76A68DA
:10E0400062606C60E9E700BFC4230020B4230020B5
:10E05000BC2300202DE9F74F4FF0000881460D4604
:10E0600092461E4616F056FF4746DFF87CB00190F8
:10E07000DBF800408CB9B8F1000F08D0184B1C68D1
:10E080002CB1184B1B689847FFF72EFFA04701984B
:10E0900003B0BDE8F04F16F02FBF22684A4511D1FA
:10E0A0002DB1A268296822F000428A420AD126B91D
:10E0B000626857B9CBF8002008E05146206AB047A3
:10E0C0000028F5D027466468D4E77A60D4F8048045
:10E0D000204613F0CEFA44464FF00108CAE700BFCD
:10E0E000B4230020BC230020C4230020014B18606F
:10E0F000704700BFB423002070B50E46094904469E
:10E10000084615460AF01EF80023074A302113601E
:10E11000064A06201660064A15602246BDE8704091
:10E1200000F0C2B830AE0308C4230020BC23002096
:10E13000B823002070B50446164618460022002376
:10E1400086B0CDE904230B4B0D461B6813B9212083
:10E1500006B070BD04A998470028F8D1DDE9042372
:10E160000290CDE9002329463246204613F0BBFA3F
:10E17000EEE700BFB8230020F8B5054610200F4693
:10E18000164600F0CBFA044601461022074809F073
:10E19000EEFF44B101230020E3602B68C4E901765F
:10E1A00023602C60F8BD1A20FCE700BF30AE0308E6
:10E1B0002DE9F84F814688460027DFF8B4A0294EA4
:10E1C00048464146FFF778FED8B916F0A3FE264B25
:10E1D00006461B689847FFF787FE05460C464FB179
:10E1E000B1F1FF3F08BFB0F1FF3F03D01F4B1B68E9
:10E1F00003B19847304616F07FFE28462146BDE819
:10E20000F88F16F087FEDAF8004084B16368CAF828
:10E21000003016F071FEA368346033F000430AD179
:10E22000306813F026FA002301273360C8E716F0A0
:10E2300063FE3460C4E72368002BF1D01D68002D15
:10E24000EED0A26832F00043EAD0D5E9007B236A21
:10E250002168A868D8470028E2D1002FE0D03D46C9
:10E26000EFE700BFC0230020BC230020B423002020
:10E27000C4230020F8B504460D4616F04BFE094BAA
:10E280001B684BB1D3E90667C4E90067DB682B6004
:10E29000BDE8F84016F030BE00260027C4E900674C
:10E2A000F5E700BFC02300202DE9F0474FF6FC78CA
:10E2B000002416461B4F03311B4B07EB001501EAE8
:10E2C00008084FEA001A1B686A80814627F80A800E
:10E2D00002FB08F0EC60984718FB06F39BB202467D
:10E2E00068602B81D8B11149284651F8291009F0EE
:10E2F00030FF21462A89686813F084F821462346B6
:10E300009E4204DC002057447E80BDE8F0876A68A6
:10E31000E868541850500133EC604144F0E71A208B
:10E32000F3E700BFD01D0020C823002000AF030882
:10E3300038B5094C04EB00156B682BB1284609F081
:10E3400011FF686813F042FE2846BDE838401022ED
:10E35000002113F057B800BFD01D0020034B02016D
:10E36000C3E900100021024813F04CB8C823002074
:10E37000D01D002038B5094B020103EB0015EC68F5
:10E38000284621469A5A09F0F2FE24B12368EB6030
:10E390006B88013B6B80204638BD00BFD01D00203C
:10E3A000024B03EB00139878704700BFD01D00208C
:10E3B00030B4064C04EB0013DD685A880D6001325E
:10E3C000184630BCD9605A8009F0D8BED01D002054
:10E3D000044A010102EB0013505A10B11B89B3FB30
:10E3E000F0F07047D01D00200020124B10B51870BF
:10E3F000114B124C1860124B206018706060A060C6
:10E40000FFF7E6FF80B2A0F10E036380A0F11403D2
:10E41000013060810B49201DE38009F093FE204606
:10E42000094909F08FFE04F108000849BDE81040D1
:10E4300009F088BE79250020E823002072240020FE
:10E440007825002038AF030841AF03084BAF03081D
:10E4500070B5044680B316F05DFD637905466FF331
:10E4600082036371237913F0100605D01023237102
:10E47000BDE8704016F040BD104903F0030331F8C9
:10E4800023203046013A21F823202146FFF790FF50
:10E490000B4B0C4E1C681CB90A4B28461C70E7E756
:10E4A000237A1BB933781BB92468F4E7012BFBD11D
:10E4B000204663689847F7E770BD00BF72240020CC
:10E4C000E82300207925002010B5044616F022FD2F
:10E4D000034B1A6822601C60BDE8104016F00CBDAA
:10E4E000E823002010B5064B00F0E0001A78541C19
:10E4F0001C70044B03F8320003EBC203596010BDDB
:10E5000078250020D02300202DE9F04F044646074F
:10E5100089B048BF00F0F7040492029116F0FAFCAB
:10E52000604E04F0030706EB870336F827205B886C
:10E5300081469A4204F0EF0A4FEA870830D2002061
:10E54000FFF718FF054638B336F827304846013341
:10E5500026F8273016F0D0FC284613F0A4FB029BC7
:10E56000029AAB71049B85F804A01344EB7116F07A
:10E57000D1FC80464C4B1C68002C40F08B80404600
:10E5800016F0BAFC06EB87004522294609F0EFFD9C
:10E59000284609B0BDE8F08F01224846434B1A7067
:10E5A00016F0AAFC25071DD51F2C1BD904F0E0038B
:10E5B000B044039316F0AEFCB8F8023036F827905A
:10E5C0004FF0000B99452CBF00230123DFF8E480B6
:10E5D000019316F091FC06EB87030593344B1B78EF
:10E5E0009B4508D384F004005146C0F3800000F03E
:10E5F0007FF80025C6E798F80030039A1A4204D045
:10E60000D8F80490D9F8003023B90BF1010B08F1C8
:10E610000808E3E707935A79D00708D51A79510714
:10E6200005D5019941B98AEA0202920704D09946B8
:10E630001B68002BEFD1E5E7484613F09AF90579FE
:10E64000079007A813F077F92946002000F050F84A
:10E6500016F060FC059B36F827205B8805469A4239
:10E6600034BF01230023019309D20020FFF782FE6B
:10E67000079058B136F82730013326F8273028465E
:10E6800016F03AFC079D002DBCD065E70122074B30
:10E690001A70F4E7237A012B02D120466368984769
:10E6A000246869E772240020E823002079250020EF
:10E6B00078250020D02300200022014B1A607047EB
:10E6C000EC23002010B5044616F024FC074A13681A
:10E6D0002BB914602360BDE8104016F00DBCA342B6
:10E6E00002D01A461B68F3E710BD00BFEC230020E0
:10E6F00070B505460E46054B1C6804B970BD6368CD
:10E700003146284698472468F7E700BFEC230020ED
:10E710000149084609F016BD58AF0308012838BF63
:10E72000012038B5C41C24F00304204609F02CFD58
:10E73000054601462246084809F019FD2DB9214633
:10E740000220FFF7D5FF284638BD22460021284683
:10E7500012F058FEF7E700BF58AF030810B5064C9B
:10E76000237823B90BF0EDFB18B9012323700020A7
:10E7700010BD40F20740FBE77A25002038B50B4B6F
:10E7800004461B780D464BB1214628460BF053FA40
:10E79000002840F2074008BF002038BD0449054862
:10E7A000FFF7DCFF0028EFD0F7E700BF7A25002055
:10E7B000EFBEADDEBEBAFECA436A70B55904044668
:10E7C00016D4154A03F4004392F82B20012A10D1E5
:10E7D000826A92040DD4002B00F101010CBF53207A
:10E7E00014200FF066FC18B9636A43F008036362F3
:10E7F00070BD002BFCD1094D661C29463046F4F74C
:10E80000EDFF0028F4D12B68C4F80130AB88A4F8E0
:10E810000530AB79E371E7E7241D0020331D0020AC
:10E820002DE9F041244E86F82A00002841D000EB63
:10E83000C000C100002301220420FFF735FD05467A
:10E8400058B90420FFF796FD4FF048082F46306076
:10E8500096F82A30AB4203DC00252846BDE8F0815B
:10E860003468002108FB05441422A76104F1340038
:10E8700012F0C8FDA0224FF4A073C4E907230723B8
:10E8800004F1100084F83130E773E77113F053F8A6
:10E8900004F1140013F04FF8204613F09BFB40F2F4
:10E8A0000113E3857F23A76284F832306762013564
:10E8B000CEE73060D0E700BF241D0020084A0346A1
:10E8C00092F82A10814209D9106840B103EBC303C2
:10E8D00000EBC300406A00F0010070470020704761
:10E8E000241D002038B504460D46FFF7E7FF034618
:10E8F00040B10020044B04EBC4041B6803EBC403C9
:10E900002B6038BD2120FBE7241D00202DE9F04FAE
:10E910000446344A93B0106851680FAB03C3906843
:10E9200012AA1860E37B94F82E7002EB430333F8CD
:10E930000C1C636A94F82F60DA0444D4012637462D
:10E9400041F0100194F80E80C3F340495B0348BFC7
:10E9500049F002098BB288F00808012F94F800A052
:10E9600094F831500B9304F1080BD4E90723C8F352
:10E97000C00894F9324005D0022F03D0042F14BFF1
:10E9800000270327012E05D0022E03D0042E14BF2A
:10E99000002603265046CDE90C2313F0BFFBDDE92A
:10E9A0000C230121CDE90760CDE900515046CDE9A6
:10E9B0000547CDE903B90B99CDF8088000F020FD9B
:10E9C00013B0BDE8F08FA26A950648BF41F0200160
:10E9D000500648BF41F04001DA0348BF41F004014E
:10E9E000B0E700BF62AF030837B5044648B104780A
:10E9F0002046FFF763FF10B9002003B030BD01349B
:10EA0000E4B2074D95F82A30A342F5D9204601A972
:10EA1000FFF768FF08B90198EFE70134E4B2F1E7C6
:10EA2000241D0020014B93F82A007047241D00206C
:10EA30002DE9F04F054600F1100A87B0504605F168
:10EA4000140B0C46174612F076FF584612F073FF6F
:10EA5000002013F034F90646002800F00381012F4E
:10EA600040F2726818BF4FF01F08012C60D0022CD2
:10EA70000CBF062404240221304613F0B5FA01210C
:10EA8000304613F0B1FA2146304613F0ADFA304665
:10EA900012F0D6FF012384B2A8EB04010A220093EE
:10EAA00089B242F60723304613F0EEFA04230444F9
:10EAB000A4B2A8EB04010093122242F604233046CC
:10EAC00089B213F0E1FA0719BFB2A8EB0709B9F14F
:10EAD000010F04962EDC0024644F97F82B30002B96
:10EAE00000F0A080504612F026FF6B6A2E6143F0C2
:10EAF00080026A62DB0400F1A78097F82B000028EF
:10EB000040F0A28013F0DBF80590002800F09C8014
:10EB1000414613F074FA002800F0A0805846059C86
:10EB200012F009FF6B6A6C6143F480736B628BE0D7
:10EB30000524A0E7002013F0C2F805900028CAD0F1
:10EB40000221F5F7DBF9A8F10204E41BA4B2844228
:10EB5000074611D224F001018BB2411A05A8039394
:10EB600013F010F8039B1F4602233FB90598E0B944
:10EB700005A812F0E0FEAEE70323F6E7791C04983F
:10EB8000C9B2039313F030FA039B0498194613F0AB
:10EB90002BFA059904A813F06EF8002013F08FF8F3
:10EBA0000590002832D0E41BA4B2022C38BF022406
:10EBB000A31E9BB20F2B30D910210393F5F79EF9BA
:10EBC000039B044683421ED223F00F018BB2411AED
:10EBD00005A8039312F0D6FF039B1C460623611C75
:10EBE0000498C9B2039313F0FFF9039B04981946E4
:10EBF00013F0FAF9059904A813F03DF8BB1C1C4466
:10EC0000A4B23FB968E740B10723E8E705A812F0CE
:10EC100092FE3C460234A4B25EE705A812F08BFED9
:10EC20003C46EEE7A9EB040189B2304613F0E7F960
:10EC30000446504612F07FFE6B6A2E6143F080025C
:10EC40006A62002C3FF456AF686A10F010000AD0D8
:10EC5000284607B0BDE8F04F13F09BBA05A812F0A4
:10EC60006AFEF1E71A2007B0BDE8F08F241D0020EE
:10EC7000002370B51349054691F82A4008689C4264
:10EC800001DC1A2019E0426AD60717D490F83960DF
:10EC9000760713D4DCB2034603F8014BD1F80F100A
:10ECA000094EC0F80110B18842F009029980B1798B
:10ECB00099714262FFF72AFE2C7070BD0133483013
:10ECC000DDE700BF241D0020331D00208378F7B549
:10ECD000122B0E4635D10B689A790C321344DD782D
:10ECE0001F790DB145F48055384601A9FFF7FAFDAB
:10ECF00088B9019C636A23F0100363628DB93946B9
:10ED0000A069621C104B00F089F9222229460E48A6
:10ED1000A56112F077FB304603B0BDE8F04012F079
:10ED20000ABE204613F056F9636A5A0603D523F04B
:10ED300040036362EFE7384604F13401F6F7AAFBBB
:10ED4000E9E703B0F0BD00BF521D002073B5144DBC
:10ED5000144C6A68236802F0800103F002030B433D
:10ED60001BD053064CBF0126A67AF4F7D1FC0196BE
:10ED7000837983F00803C3F3C0030093E388A28878
:10ED8000217A607A00F0F8FA40B9236823F0020390
:10ED900023606B6823F080036B60002002B070BDBD
:10EDA000241D0020F023002001210020054BA3F1A9
:10EDB0000802C3E9000043F8081C4FF01013517219
:10EDC00053607047F8230020014B187B704700BF49
:10EDD000F0230020024BD87A003818BF012070477A
:10EDE000F023002070B5224E716811F002013AD173
:10EDF000204D2B68580706D5084600F0E3FA2B682B
:10EE000023F004032B602B68726803F0080302F000
:10EE10000402134310D0F4F77BFC83791A071FD543
:10EE2000F6F77CF90446C8B92B6823F008032B6079
:10EE3000736823F004037360FFF788FF044668B922
:10EE4000EB7A5BB12B685B0708D40121084600F020
:10EE5000B9FA50B92B6843F004032B60204670BD0B
:10EE6000F6F740F9DEE71124F8E70446F6E700BFBD
:10EE7000241D0020F0230020032805D10A4A13682E
:10EE800043F00803136008E0012808D1064BDA7A42
:10EE900042B11A6842F008021A60FFF7A3BF10F0EF
:10EEA000FD0FEBD000207047F02300200020094B1D
:10EEB00010B55862F4F7ECFA04461CB9BDE81040EE
:10EEC000F4F77EBB204641F2160113F0DAFA6468CB
:10EED000F3E700BF241D0020A0F11B03E02B10B5B9
:10EEE000044618D8042142F2240011F089F86FF08A
:10EEF0006F0343714223A0F8034083710748EFF783
:10EF0000BFF811F0ABF8407920B111F0A7F84079C3
:10EF100040F4805010BD2120FCE700BFE5C402088A
:10EF200037B504460D4613F0D3FA698820460EF033
:10EF300048FF6A7E2B7E204643EA0223A4F8623013
:10EF40006A7F2B7F43EA0223A4F86430EA7EAB7E1B
:10EF500043EA0223A4F866301B23A4F86C302D4B3F
:10EF6000DA8B1B8CA4F86820A4F86A30022384F89A
:10EF7000723011F0F0FA204613F02BFD94F8733044
:10EF8000022B15D100F068FD70B194F97530013392
:10EF90000AD105212046A36843F48053A36003B03F
:10EFA000BDE8304013F0EBBA002120460EF00CFF14
:10EFB00000212046F4F77AFC4FF6FF73288C984224
:10EFC00025D000F0C3F9009400F0AEF96A46ADF820
:10EFD000040040F20621104812F0DBFB002240F250
:10EFE0000221204612F08DFB2046F4F70DFB20464F
:10EFF00013F0FBFC2046F6F7A9F9A368012123F4DE
:10F0000080432046A36013F0C2FA03B030BD002055
:10F01000D9E700BF241D0020201D0020F7B50446BD
:10F020000F46164668465A79991D1D46F4F7B4FBFB
:10F030002CB969463046F4F7D1F90446A0B140F244
:10F04000032384F87670A4F8723033682946C4F834
:10F050005A30B3882046A4F85E30B37984F8603023
:10F06000FFF75EFF03B0F0BD032140F2064010F051
:10F07000C7FF6B88A0F803300D2343710148EEF7FA
:10F08000FFFFEFE7C9C3020807B590F870304FF4EF
:10F09000887101AA03488DF8043012F07AFB03B09E
:10F0A0005DF804FB201D00202DE9FF410378044694
:10F0B000302B0E4639D006D8052B25D0082B41D051
:10F0C00004B0BDE8F0813E2BFAD183780C2B4BD8ED
:10F0D000022BF5D9033B092BF2D801A252F823F0F9
:10F0E00079F10108B3F20108C1F00108C1F001088B
:10F0F0004BF20108C1F00108C1F00108C1F001089C
:10F10000C1F001089FF20108B0F80300F4F7A4F978
:10F1100028B1617909B141F4805113F0B2F9304658
:10F1200004B0BDE8F04112F006BCB0F80300F4F7FB
:10F1300093F90028F3D0A17809B141F4805113F07C
:10F14000F9F9ECE7B0F80300F4F786F90028E6D007
:10F15000627990F8743022B143F0010380F8743082
:10F16000E9E703F0FE03F9E7212B00F0B780292B34
:10F170001FD0202BD3D0A3E78088F4F76DF90028A7
:10F18000CDD0E278002ACAD1E179A27942EA0122FF
:10F19000A0F86220E17AA27A42EA0122A0F8642073
:10F1A000227A617A42EA0122A0F86620F4F72CFA6A
:10F1B000B5E7C778851C3C2F02D113F046F9AEE7BE
:10F1C00090F80680B8F1000F23D1544A546AC2F86F
:10F1D0002480CFB12946204647F4805713F078F9B0
:10F1E000E76084F8728040F20121204601AACDE94F
:10F1F000014712F0CEFAA368414643F480632046EB
:10F20000A360F4F775F98AE729462046FFF788FEE0
:10F2100085E74FF6FF73408C98420BD000F096F8CC
:10F2200040B1F4F775FA2B460246FF210020FFF7A4
:10F23000F5FE74E73A4B223455F8042BA54243F807
:10F24000042BF9D12A881A8069E7B0F80300F4F793
:10F2500003F900283FF463AF40F20911B4F8053018
:10F2600090F87020A0F86C308DF80420ADF80630CE
:10F27000227AE37943EA0223ADF80830A27A637A6E
:10F2800043EA0223ADF80A30227BE37A43EA022301
:10F29000ADF80C3001AA234812F07BFA3FE78088D2
:10F2A000F4F7DAF800283FF43AAFA179F4F7CEF991
:10F2B00035E78088F4F7D0F800283FF430AF90F8B5
:10F2C00070300E218DF80430D4F8063001AACDF844
:10F2D0000530D4F80A30CDF80930DCE78088F4F73F
:10F2E000BBF800283FF41BAF90F870304FF4037167
:10F2F0008DF80430E37801AA8DF80530A3798DF8F4
:10F300000630E3798DF80730237A8DF80830637A78
:10F310008DF80930A37A8DF80A30BCE7241D00204F
:10F32000521D0020201D002050B10C22064B1B68EE
:10F33000C31AB3FBF2F3807A40EA032080B270472D
:10F340004FF6FF70704700BFD42A002002460949DB
:10F350000B7A0968FF2B01D10020704703EB4303B0
:10F3600001EB830031F82330C3F30B039342F4D055
:10F37000C37AEFE7D42A0020F8B507460E4642F2DA
:10F380004100082115461C4610F03AFE9DF8183041
:10F390004771C3709DF81C3086710371A0F8075047
:10F3A000A0F809400648EEF76BFE10F057FE4079D2
:10F3B00020B110F053FE407940F48050F8BD00BFFA
:10F3C000E9E0000838B505460C4642F24200062145
:10F3D00010F016FE0023C57043718371C371037270
:10F3E00004710648EEF74CFE10F038FE407920B16B
:10F3F00010F034FE407940F4805038BD51E10008EF
:10F400002DE9F041154606460F4642F23600192115
:10F410001C46DDF8248010F0F3FD2B0AC371230A8B
:10F4200083729DF81830857103739DF81C30447207
:10F4300043739DF820302D0C240CC6708780057214
:10F44000C4728373D8F80030C0F80F30B8F80430B5
:10F450008676A0F813309DF8283043759DF92C303E
:10F4600083759DF83030C375002303769DF83430E2
:10F4700043769DF83830C3760648EEF701FE10F06B
:10F48000EDFD407920B110F0E9FD407940F4805065
:10F49000BDE8F081F1E1000838B505460C464FF6AD
:10F4A0001940052110F0ACFDC57044600548EEF729
:10F4B000E7FD10F0D3FD407918B1BDE8384013F0F6
:10F4C00087B838BD5BC0020838B505460C464FF614
:10F4D0001A40052110F094FDC57044600548EEF710
:10F4E000CFFD10F0BBFD407918B1BDE8384013F0F6
:10F4F0006FB838BD8BC0020870B50D4606460121B5
:10F50000DAB1FFF7C9FF0446A8B9072142F2350076
:10F5100010F076FDC6702B684360AB880381084805
:10F52000EEF7AEFD10F09AFD437923B110F096FD91
:10F53000447944F48054204670BDFFF7C5FFE2E7EC
:10F540005DC202080A4610B50421044642F23700A3
:10F5500010F061FD032303710023C47043718371B4
:10F560000548EEF78DFD10F079FD407918B1BDE842
:10F57000104013F02DB810BD51C102080A4610B555
:10F580000421044642F2380010F045FD03230371C4
:10F590000023C470437183710548EEF771FD10F0CC
:10F5A0005DFD407918B1BDE8104013F011B810BDF1
:10F5B0009DC10208F8B506460F4642F23900062101
:10F5C00014461D4610F01CFD01238471240A0371AA
:10F5D000C7704671C47105720548EEF751FD10F011
:10F5E0003DFD407918B1BDE8F84012F0F1BFF8BD1B
:10F5F000E9C102081FB5837C0446022B22D0042BEC
:10F6000025D0A37C033B032B12D8636840F204711E
:10F6100093F870300F488DF80430238A01AAADF8B2
:10F620000630A389ADF80830236A039312F0B1F8CD
:10F63000204612F09AF821460C2004B0BDE8104094
:10F64000FEF7B6BE4FF4805112F032F8D9E741F21E
:10F650000101F9E70024002038B505460C20FEF72B
:10F6600089FE0446E0B12422002111F0CBFE0D4AB0
:10F6700051882846A1F13F033F2B8EBF4021013125
:10F6800089B2518012F0ABFF0028F1D1EB6BA18160
:10F690006560A360224620460349EC63FEF76CFDDB
:10F6A000204638BD181D002027260308402108B534
:10F6B000044B024659800C2000232421FEF7F4FD60
:10F6C000002008BD181D0020F0B50B790546142B4D
:10F6D0000C4689B074D009D8062B1ED0072B57D002
:10F6E000012B00F00A81002009B0F0BD152B00F0BD
:10F6F000BD80162BF7D1098912F079FFB0B1028BCA
:10F700006489C2F57F41A6B2FF31B14280F2E08048
:10F71000052240F2134182742BE1498912F067FF00
:10F7200021890646284612F05AFF28B902222846A7
:10F73000617910F0E9FC93E0002E00F091808642A0
:10F7400040F08E8040F20D430C22336204210020F1
:10F75000677912F075FB0246C0B1002405214FF015
:10F76000080C80790C3013189970DC7002F800C016
:10F770000720187104205F719871B0895C7018813E
:10F78000F089DC7158812846F5F78EF8304614E090
:10F79000498912F024FF02462189284612F027FFEA
:10F7A000002A5DD000285BD0824259D1937C042B83
:10F7B00056D16179137F994252D112F020FF4FE068
:10F7C0004A79C36B2BB92389013BFE2B06D902234F
:10F7D0003DE0597F914243D09B68F3E76189A1F1F5
:10F7E00040033F2B32D8284612F001FF002839D1C0
:10F7F0002846FFF731FF0646002835D06379437766
:10F80000208930826389F381228A3283E189B1823F
:10F8100095F87050ADF812008DF81050B089ADF821
:10F820001630ADF81400607B237BADF81A1043EA64
:10F830000023ADF81C2040F202714F4804AAADF835
:10F84000183011F0A6FF0123B37409E009230293D5
:10F850000023CDE900331A462846617912F0F8FEFC
:10F86000012041E70A23F2E70423F0E74B79C66B56
:10F87000002EF5D0327F9A4265D0B668F8E7F38162
:10F88000A089B082E189318395F870508DF81050CD
:10F89000358AADF81250B589ADF81630ADF8145070
:10F8A000A37AE57AADF81A0043EA0523ADF81C10F7
:10F8B000ADF81E2040F203712F4804AAADF81830AD
:10F8C00011F067FF238A002B7FF460AF0323BBE7AF
:10F8D0003244028395F8702040F205718DF81020B3
:10F8E000028A8389ADF81220234804AAADF81430A7
:10F8F000ADF8164011F04DFFB2E74B79C66B002E04
:10F90000AED0327F9A4201D0B668F8E795F87030F1
:10F9100040F201718DF81030338A1748ADF812307B
:10F92000B37F8DF81430627A237A43EA0223ADF86C
:10F930001630B38904AAADF8183011F02AFFB37C51
:10F94000022B8DD122E7B37C022B89D14FF4805159
:10F95000304611F0ADFE228A238991B200298ED162
:10F96000A3F140013F298AD9052340F216413046D0
:10F97000B37412F0A0FE73E70024002070B586B0C7
:10F980000646019212F02BFE044610460D4612F078
:10F9900057F814B1A37C032B04D001A811F0CBFFBE
:10F9A00006B070BD628BC2B1E18A83B2994214D3B2
:10F9B000013A628396F8703040F206718DF80C308F
:10F9C000238A0B48ADF80E30019B03AAADF8105006
:10F9D000059311F0DEFE05A8E0E701A811F0ABFFEA
:10F9E000052340F212412046A37412F064FED7E7CB
:10F9F000002400200C4B01461A789AB95B689B07DB
:10FA000010D490F97520013218BF012291F85230BC
:10FA100013F0400005D091F8600010F0400018BFCE
:10FA2000D0B270470122F1E704240020024B58684D
:10FA300000F00200704700BF04240020024B586809
:10FA400000F00800704700BF04240020014B1B6831
:10FA5000184700BFE02A002008B50DF0F9FF022882
:10FA600017BF034B0020586800F0100008BD00BF0E
:10FA70000424002007B502460846042802F00101CC
:10FA800013D9B1B903200C4B5A6002F080030193E3
:10FA900002F04003009302F0200302F0040200F0A1
:10FAA00073FB002003B05DF804FB0029EBD00328B2
:10FAB000E9D12120F6E700BF0424002038B50D4924
:10FAC0000D48FEF74BFE0446054688B90B4B0C4A21
:10FAD0001A600C4A5A600C4A9A600C4ADA6000F0CC
:10FAE00091FB032104462846FFF7C4FF084B1D7015
:10FAF000204638BDEFBEADDEBEBAFECAE02A002009
:10FB00007D010208332D0308C9010208910C020887
:10FB10000424002038B504460320FEF7FFFD054607
:10FB2000D0B194F87030037094F87530437020466B
:10FB3000F3F75CFD2A46A87040F20261074811F015
:10FB4000E0FD074B2046DB680121984794F97500DA
:10FB5000BDE83840F2F718BF38BD00BF201D0020B7
:10FB6000E02A002070B5054608200E46FEF7D6FDB7
:10FB7000044680B195F8703000210370064B466052
:10FB8000DB68284698472246BDE8704040F2016194
:10FB9000024811F0B6BD70BDE02A0020201D0020F3
:10FBA00038B5054608200C46FEF7B8FD024638B1C8
:10FBB000C0E90054BDE838400D21024811F0A1BD54
:10FBC00038BD00BF201D002038B5054608200C4672
:10FBD000FEF7A4FD024650B195F8703040F2056181
:10FBE000037044600248BDE8384011F08ABD38BD5A
:10FBF000201D002013B504460191114612B301A93E
:10FC00000420FEF7BBFD019B104A2046B3FBF2F136
:10FC100002FB113345F218020021019301AB12F0EF
:10FC2000F3FF0820FEF77AFD024648B194F87030E1
:10FC300040F204610370019B4360054811F061FDCF
:10FC400002B010BD45F2180201ABE8E740420F00D8
:10FC5000201D002010B504460120FEF75FFD02467E
:10FC600048B194F8703040F203610370BDE8104071
:10FC7000014811F046BD10BD201D002038B50546D5
:10FC800008200C46FEF74AFD024650B195F8703048
:10FC900040F20761037044600248BDE8384011F04B
:10FCA00030BD38BD201D0020014B5B68184700BFE8
:10FCB000E02A002010B50446006C30B94FF4B07053
:10FCC00012F082F9206420B910BD4FF4B07112F027
:10FCD00044F9FF23226C82F85E31A3681B0603D52A
:10FCE000054B01201360EFE794F87300034B0449C0
:10FCF000012808BF0B46F4E7E53103085D1102084F
:10FD00001D0D02082DE9F0418AB006AC8846154663
:10FD10000346264600F11007224618685968083342
:10FD200003C2BB421446F7D11021304612F007F946
:10FD3000002306200593E7F7A1FA12F045F90446DF
:10FD400010B310274FF4807112F093FE194B1A492B
:10FD5000036005ABC160324628460293CDE90087B7
:10FD60003B46EBF7C3FE0546F0B93946404612F074
:10FD7000E6F83946304612F0F0F820460AF013F95A
:10FD8000204612F023F90BE06FF08C0140F207409F
:10FD9000FFF706FF1021304612F0DFF86FF08C05F8
:10FDA00028460AB0BDE8F081014640F20740FFF75F
:10FDB000F7FEDEE7002480000044400410B50F4C3D
:10FDC0002368D3B10022D3F8A0001A7783F83D202E
:10FDD00083F85E2009F009F920684421603012F0B0
:10FDE000BCF8206821211D3012F0B7F820682121CD
:10FDF000BDE810403E3012F0B0B810BD0C24002019
:10FE000070B50E460446154692B020223046404951
:10FE100011F0CEFA68B9202228463E4911F0C8FAFE
:10FE200038B93D4B1B681B7D002B5ED040F2034070
:10FE30001BE0246C2022304604F1540111F0B8FA82
:10FE400038B92022284604F1740111F0B1FA0028D3
:10FE5000ECD00620E7F712FA12F0B6F8044630B9F3
:10FE600001461A20FFF79CFE1A2012B070BD002335
:10FE70004FF48041009312F0FCFD284B06F1200264
:10FE8000C360274B0360042330468DF804300DF126
:10FE9000050350F8041B904243F8041BF9D10DF1FF
:10FEA0000500202112F04BF828460DF1250305F13D
:10FEB000200250F8041B904243F8041BF9D1202182
:10FEC0000DF1250012F03BF801A96B4641222046B6
:10FED00009F059FB014650B920460AF064F8204663
:10FEE00012F074F8009809F080F80020BDE710F1D6
:10FEF000870F03D040F20740FFF752FE20460AF07A
:10FF000052F8204612F062F8009809F06EF88DE77A
:10FF100023B0030803B003080C24002000000209EA
:10FF2000124100012DE9F0439846002387B00446B2
:10FF300006200E461746CDE90433E7F79FF912F085
:10FF400043F8054638B34FF4805112F092FDDFF8C4
:10FF500074901B4B214603601022C0F80C9004AB38
:10FF600009F011FB044628BB05AB0293102332466F
:10FF7000CDE9008349463B46049809F04CFD044610
:10FF8000C0B9049809F031F828460AF00CF8284660
:10FF900012F01CF80AE06FF08C0140F20740FFF706
:10FFA000FFFD049809F021F86FF08C04204607B09B
:10FFB000BDE8F083214640F20740FFF7F1FDE0E79E
:10FFC000002480000002C003036C53B983681B0641
:10FFD00009D490F87320054B0548012A08BF18463C
:10FFE0007047186870470348704700BF1D0D02082E
:10FFF0005D110208E53103082DE9FF4104460620A2
:020000040802F0
:100000008846E7F73BF911F0DFFF054648B901469E
:100010001A20FFF7C5FD6FF08C04204604B0BDE840
:10002000F08122466C4627464FF4807112F021FD84
:10003000144BC360144B036002F110032646106892
:100040005168083203C69A423446F7D11021384627
:1000500011F075FF434610223946284609F093FAFD
:10006000044620B1014640F20740FFF799FD1021F8
:10007000384611F072FF284609F095FF284611F026
:10008000A5FFCAE70044400400248000FF282DE9B2
:10009000F74318BF354C814618BF44EA00244FF09F
:1000A00006000F46164608BF314CE7F7E7F811F097
:1000B0008BFF8046002855D00146204608F0E3FF1C
:1000C0000546404609F06FFF404611F07FFF15F1ED
:1000D000880F43D1B9F1FF0F42D10620E7F7CEF8E0
:1000E00011F072FF044658B901461A20FFF758FD77
:1000F000002005463C6006B1356003B0BDE8F083E2
:1001000000231B4A019343684261DAB222B923F00B
:10011000FF0343F001034360E5F7D4FE052808BF61
:1001200040F2011340F2011108BF6360204612F053
:10013000A0FC104B01A9E3600F4B2360EBF7CEFD51
:10014000014618B140F20740FFF72AFD204609F0AA
:100150002AFF204611F03AFF019CC9E7002DC7D0C5
:100160002120C8E71A206FF08C05C4E70680040040
:10017000370004000044400400248000014B1B6849
:10018000187A70470C240020003918BF0121003B69
:1001900018BF012310B50B4C003A246818BF012288
:1001A000A3749DF808302070003B18BF0123E3744E
:1001B0009DF80C302174003B18BF01236274237535
:1001C00010BD00BF0C24002001280AD002280ED048
:1001D00098B90B4B1A68936943F0010300209361AF
:1001E0007047074B1A68936943F00203F6E7044B24
:1001F0001A68936943F00403F0E72120704700BFB9
:100200000C24002010B5194C236833B9A42011F038
:10021000DBFE206038B91A2426E0FFF7CFFDA421C9
:10022000206811F09AFE03224FF0FF312368104836
:100230001A70D960002210211A77197283F83D20B4
:100240000C4983F85E201A829A749A61FDF794FF34
:10025000044648B909F075FE30B122460549044804
:1002600011F05FFA40F20744204610BD0C24002034
:1002700010240020A72B03082DE9F04383680446CF
:10028000590687B040F1B48023F040038360FFF744
:100290009BFE734EB04203D0724B984240F0AB804D
:1002A00094F9758004F13409B8F1FF3F1DD10DF0C8
:1002B000CFFB022872D0636B04201A888DF80820C7
:1002C0001A4632F8021B090A8DF80910D3F80230D9
:1002D00002A9CDF80A3053680A22CDF80E30F2F7A1
:1002E000E1FAB0F1FF3F804658D0A56815F480755B
:1002F00054D10620E6F7C2FF11F066FE074698B912
:1003000001461A20FFF74CFC204641F20601FFF798
:1003100029FC20460021F4F71DFF04F1340007B04A
:10032000BDE8F04312F085BC2046FFF74DFE864243
:1003300028D14D4D394645EA0825284608F0A3FE48
:100340000646384609F02FFE16F1880F1BD1474D9F
:10035000394645EA0825284608F095FE06463846FF
:1003600009F021FE384611F031FE9EB9606B2A4635
:1003700002A90A30FFF7C6FC78B3102102A811F0D9
:10038000ECFDC1E72E462046FFF71EFE354B8342AB
:10039000E8D1DCE7314640F20740B3E794F8743027
:1003A000DA0702D4A368DB05AED5002301A904F166
:1003B00018000193FFF720FE18B1019808F015FE10
:1003C000A2E7606B019A02A90A30FFF79BFC054681
:1003D000019808F00AFE002DCFD1204602A9F4F7BB
:1003E000B9FE02A8102111F0B8FD484612F021FC18
:1003F00007B0BDE8F083636B1A88002A84D11C4AD9
:10040000904203D01B4A90427FF47EAF002201331A
:1004100013F8011F00297FF477AF0132082AF7D1C2
:10042000206C019100F5987001A9FFF7E5FD002807
:10043000C3D1606B019A02A90A30FFF763FC05463D
:10044000019808F0D2FD002D97D1204602A9F4F7BB
:1004500081FE02A8102111F080FD04F13400C5E7EF
:100460005D1102081D0D02080580040003800400D0
:10047000591E0208ED2D020838B504460D46052028
:10048000022112F00CFB0246C0B18379062103441D
:100490005D7320460FF018FE204645F49051FFF79B
:1004A00061FB94F87310064B064A2046012914BFDD
:1004B00011461946BDE8384012F082BB38BD00BF76
:1004C0001D0D02085D1102082DE9F043804693B02E
:1004D00006200F4616469946E6F7D0FE11F074FD49
:1004E000054648B901461A20FFF75AFB6FF08C0405
:1004F000204613B0BDE8F0834FF4804112F0B9FA02
:100500005A4BC3605A4B03605A4B1A68137F022B35
:1005100021D102F1600302F1800153F8040B8B42F8
:1005200047F8040BF9D102F1A00153F8040B8B42F8
:1005300046F8040BF9D1D2F8A0302846C9F80030AB
:1005400009F031FD284611F041FDB8F1000F40F0EF
:1005500085800024CCE79369DB072DD5464B03F15A
:10056000200253F8041B934247F8041BF9D1434B74
:1005700003F1200253F8041B934246F8041BF9D1FF
:100580004B4620223E49284608F0FDFF04462846F7
:1005900009F009FD284611F019FD002CD5D021469F
:1005A00040F20740FFF7FCFAB8F1000FA0D0082195
:1005B0004046FFF761FF9BE74946EBF78FFB044698
:1005C00090B1014640F20740FFF7EAFAB8F1000F98
:1005D00003D008214046FFF74FFF284609F0E3FC0F
:1005E000284611F0F3FC83E76B46412201A9D9F8B4
:1005F000000008F072FE0446284609F0D4FC2846A4
:1006000011F0E4FC4CB1214640F20740FFF7C8FA74
:10061000D9F8000008F0E9FCC6E73A460DF10503F9
:100620000DF1250153F8040B8B4242F8040BF9D16C
:1006300032460DF1450153F8040B8B4242F8040B8E
:10064000F9D101A8412111F088FC3846202111F090
:1006500076FC2021304611F072FC76E7002245F24C
:100660001601404612F0C2FA73E700BF000002090B
:10067000127100010C2400206EAF03088FAF030835
:1006800043B003082DE9F74390F873700446012F37
:10069000056C04D195F85031002B40F0AB8095F8F3
:1006A0005C3195F85181032B00F2F080DFE803F014
:1006B0000286AFD318F0010F7BD01121062012F073
:1006C000EEF98146002800F09580867910210644D5
:1006D0000D36304612F0A3FA014658B120460821E3
:1006E000FFF7CAFE002140F2074003B0BDE8F04327
:1006F000FFF756BAA07CC0F11002304410F082FE21
:100700000DF0A6F9022895F95E010BD032460521BD
:10071000F2F766F890B10821204603B0BDE8F04337
:10072000FFF7AABE3346102205210DF093F928B138
:10073000002140F21B40FFF733FAECE70DF088F997
:1007400002280FD1012F0DD004F1180306F1100279
:1007500056F8041B964243F8041BF9D1A36843F4EE
:100760008073A3604A46062120460FF0ADFC0B21A2
:10077000072012F094F9814600283BD0867995F93C
:100780005E310C36064443F43F430821A6F801309D
:10079000F01C12F044FA0A22042195F95E01731C40
:1007A0000DF058F90028C3D14A46062120460FF023
:1007B0008BFC95F85C31013385F85C3118F0020F41
:1007C00020D01121082012F06AF9064690B10023CA
:1007D000817901AA01440D31FF20019312F08AFAB8
:1007E00058B108212046FFF747FE40F20740019923
:1007F000FFF7D6F903B0BDE8F08332460621204664
:100800000FF062FC95F85C31013385F85C3118F02B
:10081000020F1BD00821092012F041F9814600285F
:10082000E8D086790C360644F2F76EFF83794A46A3
:1008300083F00803C3F3C003737003680621C6F88E
:10084000023083882046F3800FF03EFC95F85C313F
:10085000013385F85C3118F0040F12D011210A2001
:1008600012F01DF906460028C4D0807910223044C9
:10087000AB210D3010F0C6FD3246062120460FF0A8
:1008800023FC95F85C31013385F85C31012F08D0E9
:10089000236C93F85031002BACD195F85C31042BCC
:1008A000A8D1A36C10220B2195F95E0131330DF014
:1008B000D1F878B140F21B412046FFF753F91F4BA6
:1008C0001F492046012F08BF194603B0BDE8F04379
:1008D00012F076B9A36C01220C2195F95E01203348
:1008E0000DF0B8F80028E5D1A36C10220D2195F980
:1008F0005E0121330DF0AEF80028DBD1082295F916
:100900005E01114604F110030DF0A4F80028D1D1C6
:10091000236C93F85E2184F87520FF2283F85E2112
:100920000DF096F8022808BFA368204604BF43F4E0
:100930008073A360FFF7EEF8C1E700BF1D0D02084A
:100940005D1102082DE9F04F97B01546DDE92098BA
:1009500004AA06468C4692461C46524B229F03F13F
:10096000100B9646186859680833AEE803005B45DB
:100970007246F6D16B46202261465046FFF7D2FA06
:100980008346002871D1484B05F110020893652376
:100990008DF824300DF12503184655F8041B9542B7
:1009A00043F8041BF9D1102111F0C9FA0DF13503F8
:1009B000184604F1100254F8041B944243F8041B37
:1009C000F9D1102111F0BBFA99F80630062183F015
:1009D0000803C3F3C0038DF84530D9F800300DF19A
:1009E0004600CDF84630B9F804300124ADF84A305D
:1009F00011F0A5FA98F80630062183F00803C3F336
:100A0000C0038DF84C30D8F800300DF14D00CDF812
:100A10004D30B8F80430ADF8513011F090FA0023A1
:100A200035228DF854306846239B08A98DF8534031
:100A3000FFF778FA8346C0B91021239811F07FFAA6
:100A40003B463522684608A98DF82040FFF76AFA30
:100A5000834650B9B27C0146C2F11002384610F00C
:100A6000D1FC1021384611F06AFA1021684611F0C5
:100A700074FA352108A811F070FA1021504611F0CF
:100A80006CFABBF1000F06D008213046FFF7F4FCEA
:100A900017B0BDE8F08F5A4645F21201304612F009
:100AA000A5F8F5E7B0AF03080062746C70B51E4698
:100AB0000423054696B014468DF8143001F1200247
:100AC0000DF1150351F8040B914243F8040BF9D1D1
:100AD00020210DF1150011F032FA22460DF13503F7
:100AE00004F1200152F8040B8A4243F8040BF9D1B7
:100AF00020210DF1350011F022FA04AB02932023DE
:100B000001931A9B314600930E48412305AA08F031
:100B1000F7FF0446412105A811F01FFA54B1214600
:100B200040F20740FFF73CF808212846FFF7A4FCF5
:100B300016B070BD224645F21501284612F056F84F
:100B4000F6E700BF00000209F8B50446FEF752FFC1
:100B5000266C054628B394F975305F1C0BD086F8D7
:100B60005E31FEF763FF0721012011F098FF024676
:100B700038BB1A2111E02046F1F7EAFF86F85E0142
:100B8000236C93F95E310133EBD1FEF74FFF60B177
:100B9000A3685D070FD441F205212046FEF7E2FF6E
:100BA0000DE0FF2386F85E31EFE794F975300133ED
:100BB000EED10025D7E705212046FFF75DFC002098
:100BC000F8BD3249867909680C3691F800C083195E
:100BD00083F801C091F81CE0281E18BF0120BEF167
:100BE000010F0DD183F802E0D870487C00B3D878AB
:100BF00000071DD4A3685B07DDD441F20321CCE7D5
:100C00008F69BEF1020F07F002070ED191F85EE086
:100C1000BEF1000F09D04FF0010E83F802E0D8704A
:100C2000002FE2D140F00800DEE74FF0000EF4E7BD
:100C3000BCF1030F07D0096911F0FF1F1EBFD9785F
:100C400041F00401D97094F874108F0708D5D97851
:100C5000480705D4BCF1030FCFD041F00401D9708F
:100C6000002D18BF032510215D7119719D71216C34
:100C70009059C1F80600988848819B7920460B73EB
:100C800006210FF021FA01209AE700BF0C24002072
:100C9000204B10B51B6804469B6913F0040310D168
:100CA00041B180F8773090F87010BDE810401A48D4
:100CB00010F0FEBC90F87330012B03D18368580705
:100CC00005D410BD022B02D183685907F9D494F9D9
:100CD000772094F87730002AF3DBB3B9012384F846
:100CE000773094F877305B08EBD04FF47A7294F851
:100CF0007010534308480022FDF71CFA94F877302F
:100D000063F07F0384F87730DBE75A06E9D45B00B1
:100D1000E5E700BF0C2400201024002045F21E034C
:100D200030B599420446154689B010D845F21603ED
:100D3000994213D845F20103994200F0848145F2AB
:100D40000C03994222D0B1F5A04F00F082812A46CF
:100D5000204609B0BDE8304000F0AEB9A1F5A0438F
:100D6000173B072BF3D801A252F823F0510E0208CB
:100D70004F0D02084F0D02084F0D02080110020826
:100D80004F0D0208C90F02083D0E020890F9773096
:100D9000002B02DB8268530707D520460921FFF7A5
:100DA0006BFB41F2092009B030BDAB792B44914D6A
:100DB0005B7C2D6803F008016D7CD5B121B903215E
:100DC000FFF75AFB2120EEE713F0040F03F00103B5
:100DD00008D042F00802826093B9A36843F0200370
:100DE000A36013E0002BF8D0836843F01003836006
:100DF000F3E7580744BF42F00802A260DB0703D5BF
:100E0000A36843F01003A3600029E6D1A36822463B
:100E100043F00403A36078492046FDF7ADF90221B1
:100E200020460CF0D1FF47F23053002245F21A0160
:100E30002046FDF77FF9A3689D054AD5A3685807AA
:100E400047D594F8700009B0BDE8304011F056BDA8
:100E500090F87430D90745D590F9753001333AD000
:100E600094F9131001291DDCA26893060DD5614B7E
:100E700015071B6801D4187C38B1187F10B9187891
:100E8000032802D09B6998072CD501290AD0594B19
:100E900011071B6801D41A7C22B11A7F12BB1B7880
:100EA000032B1FD10023CDE90433CDE906330CF029
:100EB000CFFD022801AB2DD1A06AE16A228E03C3C7
:100EC0001A802046BDF8042004AB0DF10601F4F7AA
:100ED000F1F9002067E78368DA0616D4FEF7A6FD6D
:100EE0000028BDD0434B1B68197F022929D1DA7C29
:100EF0003AB393F85E3023BBA3685A0717D5204650
:100F0000FFF7BAFA41F202204DE7FEF773FD002821
:100F1000E4D0E7E70A22022194F975000CF0C8FD3D
:100F20000028CED1CDE90100ADF80C00C9E720467C
:100F300041F20221FEF716FE01212046FFF7A8FE2E
:100F4000E0E72046FEF7B6FEA56860B96B0705D559
:100F500008212046FFF790FA1A2024E71A2120469C
:100F6000FEF700FEF8E715F0040508D0FEF766FD71
:100F7000C8B1204694F97510FEF780FEA9E7224615
:100F80001D492046FDF7F8F8022120460CF01CFF11
:100F900047F230532A4645F21A012046FDF7CAF8B7
:100FA000A3685D07E2D4226CD2F8583143F02003E5
:100FB0002046C2F85831FFF7C7FD002889D02046E7
:100FC0000E4911F0FDFD84E7FEF738FD00286AD0D8
:100FD000226C002A67D0A368580764D5D2F858312C
:100FE000990660D429780029E0D105212046FFF731
:100FF00043FA6EE70C240020092C03088124020820
:1010000090F87430D80707D42046284911F0D8FD4D
:1010100029462046FEF7A6FDA36859077FF559AF7C
:10102000204645F21A0110F043FB20462246204993
:1010300010F077FBA368022123F03C032046A36055
:10104000F2F756FA45E7024619491A48FDF794F8AF
:101050003FE745F21A0110F02BFBA36823F03E0393
:10106000A360236C6BB193F95E01421C09D094F923
:101070007520013203D0D3F858315B0601D5F1F762
:101080008DFC224620460A4910F04BFB22460849B7
:10109000084810F046FB20460221F2F729FA2046C4
:1010A00011F006FE15E702207DE600BF1D0D0208C7
:1010B000092C0308201D002045F21703994210B5A2
:1010C000044640D01AD845F20603994228D019D8D0
:1010D00040F2012321F00201994213D190F87010DF
:1010E0001A4810F0E5FA94F873300022012B4FF4FF
:1010F000A041204608D1FFF711FE03E045F21A0394
:10110000994204D048200AE000F028F8FAE7104994
:1011100011F056FD07212046FEF724FD002010BDEA
:1011200093791A44517C41F49051FEF71BFD94F8D9
:101130007310084A084B2046012914BF114619466E
:1011400011F03EFDEAE70220E9E700BF102400208D
:10115000E53103085D1102081D0D020845F21E036A
:1011600099422DE9F3410446154611D845F216037C
:10117000994214D845F20103994200F0468345F2A2
:101180000203994200F09C80B1F5A04F00F0438328
:101190002A46204602B0BDE8F041FFF78DBFA1F519
:1011A000A043173B072BF3D801A252F823F000BF4E
:1011B000D11102089111020891110208911102083F
:1011C000C5170208911102088F130208551302086F
:1011D000864E33681A7F022A11D1DA7C7AB193F8ED
:1011E0005E3063B941F20221FEF7BCFC20460121CA
:1011F000FFF74EFD41F2022002B0BDE8F081A36886
:10120000590701D50220F7E72046FEF7F3FB3368C4
:10121000051E1A7818BF0125032A07D019696AB27A
:1012200011F0FF1F28D042F0040503E094F8742069
:10123000920729D49A69960723D41A7F012A20D0CD
:1012400045F0080502210B2011F029FC024600B3ED
:10125000837903445D7394F97530013303D094F8B6
:101260007430DD0703D5A36843F00203A3600621B1
:1012700020460EF029FF0CE094F874108F07D2D4AA
:10128000D8E75B7C002BDDD041F203212046FEF73E
:1012900069FCA368224643F00403A3605449204636
:1012A000FCF76AFF022120460CF08EFD47F2305316
:1012B000002245F21A012046FCF73CFF00209BE784
:1012C0008368580703D494F97730002B05DB236C2F
:1012D00053B1D3F85831D90606D520460921FFF776
:1012E000CBF841F2092087E72046FEF7E3FC28B956
:1012F00008212046FFF7C0F821207DE7206CD0F8B8
:10130000583143F01003C0F85831AB790C332B44FB
:101310005A68C0F806201A89428101229B7A037319
:10132000236C9A71A26812F0040610D1224630494B
:101330002046FCF721FF022120460CF045FD47F234
:101340003053324645F21A012046FCF7F3FEA368FB
:101350009A05B3D5236C002BB0D0D3F85831DB06F7
:10136000ACD5FEF76BFB94F9751030B1A3689F07FD
:1013700003D42046FEF782FCA0E70846F1F712FAF4
:1013800028B194F87430DE0701D40521B1E7236C4D
:10139000002B3FF437AFD3F85831D8067FF532AF82
:1013A00099063FF52FAFFEF749FB48B1A3689A07AE
:1013B00006D42B7823B905212046FFF75DF87DE799
:1013C000A368256C23F00203A360D5F85831074FBA
:1013D00043F02003C5F858313B68AA7A1B7A934240
:1013E00002D8A37C934205D9062182E70C24002071
:1013F000092C030894F9521094F852300029B2BF16
:10140000012383F00803C3F3C003102A28BF10226E
:101410002B7194F86030204683F00803C3F3C003B7
:101420006B71A2746E7AFEF7E5FA90B3F30730D5CC
:1014300094F97530D4F84080581C20D088F85E317B
:1014400006F00D063B689A69910704D41A7F012AB9
:1014500001D0320701D406F0F7061A78032A1BD010
:101460001B6913F0FF1F01D046F00406072102207C
:1014700011F015FB0190A8B940F20340BCE62046EC
:10148000F1F766FB88F85E01236C93F95E31013356
:10149000D6D106F00C06D5E71B7F002BE6D106F06F
:1014A000FB06E3E790F806C03A680CF10C0C1378E1
:1014B00000EB0C014B70137F012B06D0022B46D1A1
:1014C00092F85E30003B18BF01238B701023CE7062
:1014D00016F0010608BF32460B711FBFEB7A2A7B5C
:1014E00003F003034B71236C14BF02F003024E712F
:1014F0008A7183F851214A7983F8502150F80C20E1
:10150000C3F80D208A88A3F811208A79DA7406B30B
:10151000206C90F8501111F002061AD194F8521074
:10152000062281F0080190F95E0104F14C03C1F339
:10153000C0010CF08FFA60B13146FEF731FB204656
:101540000821FEF799FF01A810F0F5F994E70023B0
:10155000BBE7019E002E8FD0FEF768FA95F809C010
:1015600018B994F9753001330FD01CF0010F04D075
:10157000236C93F95E31013307D105212046FEF734
:101580007BFF3046FCF764FFB6E63B680CF00802D0
:10159000597C29B112B12A7C100703D40321EDE74D
:1015A000002A70D02A7C11076DD5D5F8581141F06A
:1015B0000401C5F85811B5F8501121F4807121F0DB
:1015C0000101A5F85011187F297A02280FD091B98E
:1015D00042EA0C0212F0040240D185F85D211B7C26
:1015E000002BDBD194F874309807D7D40DE021B9E3
:1015F00093F85E203ABB0221C0E7012283F83D2028
:10160000DA7C32BB042385F85D3194F91330022B68
:1016100003D1D5F858315A07C0D50CF019FA022871
:101620004DD094F97500431C49D0002201A9C0B2E5
:10163000FEF72CFD002842D1236C93F8502191072E
:1016400037D40A219AE783F83D10DB7C002BD2D1F6
:10165000D8E793F85E30002BD4D1CCE7EA7919783B
:10166000052A28BF03227F4801EB810101448A5CDF
:1016700085F85D211B7C1BB994F874309907C4D59B
:10168000002AC2D18AE71A7F012A02D12A7A002AC7
:10169000B8D11CF0040F03D12A7C12F004029CD0B4
:1016A000EA791978052A28BF03226F4801EB8101E6
:1016B000DCE793F851319A0701D40A2119E694F92D
:1016C0007520531C1CD048F20800216C40EA02200F
:1016D000D1F8583180B243F04003C1F85831F5F7E2
:1016E00057F8052194F975000CF09FF9032194F93E
:1016F00075000CF09AF9062194F975000CF095F933
:101700003246062120460EF0DFFC95F85D31206C54
:10171000042B1DD13B6800F5987003F11D022D3399
:1017200052F8041B9A4240F8041BF9D1D5F85831FD
:1017300095F85D2103F004018AB923F00203C5F88E
:101740005831E274B9B14949204611F039FAB5E58A
:101750001022002100F598700FF054FEE6E743F0E8
:101760000203C5F8583141B90123032AE37412D9A1
:10177000042A7FF4A3AD3E49E6E7A37C0F2B89BF83
:1017800094F87430012343F0080384F8743088BF60
:101790000223E374D7E7012A07D02046354911F028
:1017A0000FFA2046FEF756FA88E52046314911F037
:1017B00007FA3B682046D9684D1C6A426A41FEF729
:1017C00019FA7BE590F87430D80707D420462A49E7
:1017D00011F0F6F929462046FEF7C4F9A368590727
:1017E0007FF56CAD45F21A0120460FF061FF2246ED
:1017F000204622490FF095FFA36823F00403A3605D
:1018000002212046F1F774FE58E502461B491C48A8
:10181000FCF7B2FC52E545F21A010FF049FFA3684C
:1018200023F03E03A360236C6BB193F95E01421C6D
:1018300009D094F97520013203D0D3F858315B06F2
:1018400001D5F1F7ABF8224620460C490FF069FFAD
:1018500022460A490A480FF064FF204611F028FA90
:10186000CEE700BFC1AF0308DAAF03086D2302085B
:1018700085180208DD2202085D110208092C030800
:10188000201D002073B545F20406B14204461546FA
:101890000DD045F21006B14222D0B1F5A04F38D19B
:1018A00011F0EDF8236CD3F85831D90720D5236C0B
:1018B000D3F85821D2070BD4AA7998330C321544A7
:1018C0006A1D153552F8041BAA4243F8041BF9D1CE
:1018D000216CD1F8583113F004030CD00F4904E007
:1018E000016CA83111F01FF90D49204611F068F97B
:1018F000002002B070BD81F85C31012301F1B80213
:101900000093204601F1A80301F5987111F085FBC1
:10191000EEE702B0BDE87040FFF7CEBB2519020824
:10192000BD190208B1F5A04FF7B5044608D045F23D
:101930001105A94236D003B0BDE8F040FFF7BCBBAB
:10194000006C1021B83011F06AF960B1082120460E
:10195000FEF792FD40F207400021FEF721F940F228
:10196000074003B0F0BD256C95F85D6105F1A8074F
:10197000013E022E01979CBFD5F82C0195F85C61C1
:1019800005F154019EBFF04000F0010040F08000DE
:10199000009005F11402204605F1B80311F0B0FBE8
:1019A0000020DEE7016CA83111F0BDF820460249A5
:1019B00011F006F9F4E700BFBD19020845F2100363
:1019C00030B59942044685B000F0A6800CD8B1F538
:1019D000A04F27D045F20503994228D0204605B0F4
:1019E000BDE83040FFF768BB45F21103994200F0B3
:1019F000B08045F212039942F0D1016C91F85D314B
:101A000013B1043B012B03D82046B83111F06FF815
:101A1000236C93F85D31042B40F2DF80052B03D15A
:101A20006F4992E011F02BF8002005B030BD91799C
:101A3000036C0C310A44511DC833153251F8040BA4
:101A4000914243F8040BF9D1206CD0F8583113F0CF
:101A5000040354D090F85D31042B22D1614B1B68F4
:101A600093F85E5065B1002100F114020091114617
:101A700000F5A07001903E33204611F041FBD3E702
:101A80001021B83011F0CBF858B108212046FEF7EC
:101A9000F3FC40F207402946FEF782F840F2074087
:101AA000C3E7216C91F85D3101F1C80213B1043B29
:101AB000012B12D801F1F803039301F598730293F7
:101AC00004F15A03019304F15303009301F1B803A5
:101AD0002046D831FEF736FFA6E701F5A073019343
:101AE00091F85C01D1F82C31C34003F0010343F0BD
:101AF00080030093134601F154021431BCE780F8CF
:101B00005C3100F1C802009300F5987100F5A073F4
:101B1000204611F082FA87E7056C102205F1980142
:101B200005F5A0700FF044FC20B104212046FEF71B
:101B3000A3FC79E7D5F858312B499B0742BF94F8AD
:101B4000743043F0020384F87430204611F038F802
:101B50006AE7056C95F85D3105F5A070042B1ED180
:101B6000204B102219684E310FF022FC0028DCD1E6
:101B7000102105F1B80011F052F8216C01F1F803C1
:101B8000039301F59873029304F15A03019304F14E
:101B90005303009301F1C80201F1B80398E701462D
:101BA000102205F198000FF003FC0028BDD105F1CB
:101BB000B801204610F09BFF216C91F85C31013395
:101BC000DBB2142B81F85C31D8D0D1F8583123F036
:101BD0000103C1F858310549B7E70549B5E700BF2A
:101BE000F51B02080C240020591E02088518020863
:101BF000AD1C020845F21403994213B504462BD0DC
:101C00000CD8B1F5A04F13D045F20E03994232D053
:101C1000204602B0BDE81040FFF74EBA45F2190366
:101C20009942F5D1137813BB0C21FEF725FC10E087
:101C300010F025FF216C204601F59473019301F10A
:101C4000B803009301F1540201F1C803143111F0FB
:101C5000CFF8002002B010BD036CD3F82821114B3F
:101C6000B2FBF3F103FB1121FDF7AEFFF1E70E49E3
:101C700010F0A6FFEDE79179036C0C310A44511D79
:101C800003F58473153251F8040B914243F8040BA9
:101C9000F9D1226CD2F8583143F00803C2F8583118
:101CA000D7E700BF40420F00AD1C0208F0B545F277
:101CB0000E06B142044615468DB00ED045F213060D
:101CC000B1425CD0B1F5A04F40F0BD8010F0D7FE1E
:101CD000236CD3F85831190757D5236CD3F8582102
:101CE00012070CD4AA7903F584730C3215446A1DCB
:101CF000153552F8041BAA4243F8041BF9D10023FE
:101D0000256CCDE90833CDE90A3385F85C3195F8C7
:101D10005D310DF1200C042B2AD14D4B1B6893F83B
:101D20003D205AB1674603F11D022D333E4610682F
:101D30005168083203C69A423746F7D105F5A073B9
:101D4000069304F15A03059304F153030493EB79CA
:101D500005F1C80203932B7A02936B7ACDE900C395
:101D600005F1B803204605F1F80111F0B5F80CE0D3
:101D7000013B022B9CBFD5F82C310893DEE7056CA4
:101D800095F85C3123B1012B54D000200DB0F0BD8B
:101D9000102205F5A07105F584700FF009FB20B144
:101DA0000B212046FEF768FBEFE7D5F858310DF11F
:101DB000200C9B0742BF94F8743043F0020384F870
:101DC0007430012385F85C310023CDE90833CDE977
:101DD0000A3395F85D31042B25D11D4B1B6893F810
:101DE0005E205AB1674603F13E024E333E4610680C
:101DF0005168083203C69A423746F7D105F58C730D
:101E0000069304F15303059304F15A030493AB7B47
:101E100005F1B8020393EB7B02932B7CCDE900C361
:101E200005F1C8039EE7013B022B9CBFD5F82C317E
:101E30000893E3E705F58C7110F03DFE2046054957
:101E400010F0BEFEA1E70DB0BDE8F040FFF734B9D9
:101E50000C240020591E0208B1F5A04F73B50446AA
:101E6000154677D045F21B06B14240F0F68090F857
:101E70007430DB0766D5056CB5F850312BB1794964
:101E800010F09EFE002002B070BDD5F858315E07FC
:101E900047D56B7AD80744D52B7CD90741D5A36C9D
:101EA00010220B2195F95E0131330BF0D3FD38B1CF
:101EB00040F21B412046FDF755FE40F21B40E2E791
:101EC000A36C206C01220C2190F95E0120330BF0F1
:101ED000C1FD0028ECD1A36C206C10220D2190F9DB
:101EE0005E0121330BF0B6FD0028E1D10822206C01
:101EF000114690F95E0104F110030BF0ABFD0028D0
:101F0000D6D1236C93F85E2184F87520FF2283F8E4
:101F10005E212046544910F053FE2046FDF7FAFD9D
:101F2000B0E705F5987304F1180205F5A07553F8AC
:101F3000041BAB4242F8041BF9D1A36843F480733D
:101F4000A360E6E7484910F03BFE29462046FDF72E
:101F500009FE97E7036CD3F8582112F0040245D02C
:101F60005A7AD2078ED51B7CDB078BD50BF070FD20
:101F70000228206C0ED000F59872032190F95E01C2
:101F8000F0F72EFC00283FF47DAF08212046FEF735
:101F900073FA92E700F598731022032190F95E011D
:101FA0000BF058FD28B1002140F21B40FDF7F8FD71
:101FB000EBE7206C102200F59873052190F95E0183
:101FC0000BF048FD0028EED1236C04F1180103F555
:101FD000987203F5A07352F8040B9A4241F8040B6F
:101FE000F9D1A36843F48073A3604BE7D3F8B8102A
:101FF000C3F8D010D3F8BC100192C3F8D410006C11
:1020000001A900F59870FDF7F7FF48B1019806F0B7
:10201000ECFF20460821FEF72FFA40F2074032E796
:10202000206C019A00F59871C830FDF76BFE0546EB
:102030000198002DEBD106F0D8FF236CA07C03F5AE
:1020400098732946C0F1100218440FF0DBF9216C97
:102050002046B83110F04BFD14E702B0BDE87040E7
:10206000FFF72AB86D2002085D110208B1F5A04FF4
:102070002DE9F0410446154600F01E81A1F5A0436C
:10208000DE1F042E00F21F819279083B0C321544AA
:10209000026C92F85021032B05D8DFE813F04700BB
:1020A0009300C4000A01D10740F1BB80053510221E
:1020B000294687480FF07CF9002800F09C800BF03F
:1020C000C7FC0228206C27D02A46032190F95E0124
:1020D000F0F786FB002607460BF0BAFC022812D167
:1020E00094F87330012B0ED12B4604F1180205F140
:1020F000100153F8040B8B4242F8040BF9D1A3688A
:1021000043F48073A360102128460FF026FF002EB1
:102110006CD0002130462FE02B461022032190F98D
:102120005E010BF097FC00270646D5E712F0010789
:1021300077D00BF08DFC022821D0236C062093F978
:102140005E81E5F79BF80FF03FFF064608B91A26B7
:10215000DFE701465F4840EA082006F094FF80462A
:10216000304607F020FF30460FF030FFB8F1000F87
:1021700005D0414640F20740FDF712FD37E0206CE4
:1021800005F1050843460A22022190F95E010BF091
:1021900061FCD5F805300646A362D5F80930E36244
:1021A000B5F80D3023860028B3D1226C92F8503157
:1021B00023EA070382F850312046FEF763FA002035
:1021C000BDE8F08192072CD50BF042FC022805F106
:1021D0000505206C16D006212A4690F95E01F0F71D
:1021E000FFFA1021074628460FF0B7FECFB10821AD
:1021F0002046FEF741F920460821FEF73DF940F25E
:102200000340DDE706212B46102290F95E010BF01A
:1022100021FC0646102128460FF09FFE002E7FF479
:1022200078AF0027C1E79307FBD50BF011FC02281C
:102230001AD0236C062093F95E71E5F71FF80FF0B2
:10224000C3FE0646002882D00146234840EA072004
:1022500006F019FF0746304607F0A5FE30460FF09E
:10226000B5FE0FB1394685E7697989B90A466B1D14
:1022700013F8010F60B90132062AF9D194F852100F
:10228000206C81F0080104F14C03C1F3C00106E0A9
:1022900000394FF0060218BF0121206CAB1D90F9E8
:1022A0005E010BF0D7FB064600287FF432AF022711
:1022B0007BE702F0040778E710F0E1FB0022236CD3
:1022C00083F85C2178E7BDE8F041FEF7F5BE00BF7A
:1022D000F3AF0308038004000680040070B545F2E4
:1022E0000406B1420446134624D045F21806B14212
:1022F00006D0B1F5A04F32D110F0C1FB002070BD67
:1023000011684D1C03D10121FEF7B6F8F6E7026C07
:10231000D2F85801400743BF002182F85C111B68C6
:10232000C2F830112046104948BFC2F82C3110F0D5
:1023300047FCE3E79979026C0C310B44591D983244
:10234000153351F8040B994242F8040BF9D1226C71
:10235000D2F8583143F00103C2F85831CEE7BDE856
:102360007040FEF7A9BE00BF8518020845F21503AC
:102370009942F7B5044651D00CD8B1F5A04F19D009
:1023800045F20D0399421BD0204603B0BDE8F04052
:10239000FEF792BE45F216039942F5D1016C01F1A8
:1023A000D8030093D1F8943001F134021431FEF7D0
:1023B0007DFB01E010F063FB0027384603B0F0BD61
:1023C00093790C331A44551D02F1250632462946ED
:1023D000FDF716FD074620B10B212046FEF74CF80D
:1023E000EBE72946236C143351F8042BB14243F830
:1023F000042BF9D1236C01F12002343351F8040B82
:10240000914243F8040BF9D1216C204601F1940369
:1024100001F174025431FEF757F8CDE710F09FFB3D
:10242000236C93F85D31052BC6D8DFE803F0190360
:1024300011111E1920460E4910F0C2FB0D4B20460B
:102440001B68D9684B1C5A425A41FDF7D3FBB3E7CE
:102450002046074910F0B4FB2046FDF7FBFBABE735
:102460000549204610F0ACFBA6E70449F9E700BF98
:10247000DD2202080C24002025190208BD190208DB
:1024800045F216039942F7B5044600F0B4810CD822
:10249000B1F5A04F0FD045F20303994210D020466A
:1024A00003B0BDE8F040FEF707BE45F217039942BE
:1024B000F5D1022002E010F0E2FA002003B0F0BDF6
:1024C0009379056C0C33D618F379DF070CD4FDF73C
:1024D000ADFA18B994F97530013305D005212046BD
:1024E000FDF7CAFF2120E9E7A44F337A3A68127A50
:1024F0009A4202D8A27C9A4201D90621EFE7D6F887
:102500000530C5F80E30B6F809306B8202236B73C4
:1025100094F9523094F85210002BB2BF012381F08D
:102520000803C3F3C0036B7194F8603083F00803B1
:10253000C3F3C0032B71337A102B28BF1023A3746D
:10254000F379D8072BD56B7ADA0728D5737AEA7A2C
:10255000134085F85131B37A2A7B134085F8503106
:1025600095F95E3101331ED0206C90F850319B07F5
:1025700019D481F00801062290F95E0104F14C03A0
:10258000C1F3C0010BF066FA68B140F21B4120466E
:10259000FDF7E8FAA3685907A4D508219FE70023AF
:1025A00085F85131DAE73B68F079597C00F0080290
:1025B00029B112B16A7A120703D403218FE7002AE6
:1025C00073D06A7A110770D5D5F8581141F004011B
:1025D000C5F85811B5F8501121F4807121F00101AE
:1025E000A5F8501193F81CC0B179BCF1020F03D0CB
:1025F000002937D0022172E729B3012283F83D2058
:10260000DA7C52BB042385F85D3194F91330022B38
:1026100003D1D5F858315A07CFD50BF019FA022853
:102620005CD094F97500431C58D0002201A9C0B2B7
:10263000FDF72CFD002851D1236C93F8502196070B
:1026400048D40A214BE793F85E20002AD2D083F8C1
:102650003D10DB7C002BCDD1D4E793F85E30002B0E
:10266000D0D1C7E7024312F0040209D185F85D21F9
:102670001B7C002BA1D194F8743098079DD4C4E73B
:1026800072791878052A28BF03223D4902EB82029D
:102690000A44125C85F85D211B7C1BB994F87430E8
:1026A0009907B2D5002AB0D187E71A7F012A02D153
:1026B000B279002AA6D1420703D46A7A12F0040242
:1026C000D4D072791878052A28BF03222D4902EB4D
:1026D0008202DDE793F851319807B2D594F975205D
:1026E000511C1CD048F20800216C40EA0220D1F8AD
:1026F000583180B243F04003C1F85831F4F748F83C
:10270000052194F975000BF090F9032194F97500F7
:102710000BF08BF9062194F975000BF086F995F80A
:102720005D31206C042B00F5987021D13B6803F1DA
:102730001D022D3352F8041B9A4240F8041BF9D1B4
:10274000D5F8583195F85D2103F00401E2B923F082
:102750000203C5F85831E274002947D0216C2046A5
:1027600001F1940301F174025431FDF7ADFEA4E6CA
:10277000102200210EF046FEE2E700BF0C240020EC
:10278000C1AF0308DAAF030843F00203C5F85831BC
:1027900049B90123013AE374032A3FF68EAEDFE81C
:1027A00002F010181025A37C0F2B89BF94F8743009
:1027B000012343F0080384F8743088BF0223E374D4
:1027C000CCE720460E4910F0FBF92046FDF742FA0F
:1027D00073E620460A4910F0F3F93B682046D968B1
:1027E0004B1C5A425A41FDF705FA66E60549204658
:1027F00010F0E6F961E610F0B2F90349F7E700BF1F
:10280000F9310208D53002080D28020845F20D03FF
:102810009942F7B5044627D00DD8B1F5A04F1DD089
:1028200045F20403994200F08F80204603B0BDE8D2
:10283000F040FEF741BC45F21103994200F0A6803A
:1028400045F215039942F0D1006C90F85D31052BEB
:1028500006D8DFE803F0503A423A555010F00FF92D
:102860000027384603B0F0BD93790C331A44561D47
:1028700002F125052A463146FDF7C2FA074620B186
:102880000B212046FDF7F8FDEBE73146236C1433AE
:1028900051F8042BA94243F8042BF9D1236C01F120
:1028A0002002343351F8040B914243F8040BF9D160
:1028B000216C204601F1D8030093D1F8943001F146
:1028C00034021431FEF7F2F8CAE720463B4910F013
:1028D00077F92046FDF7BEF9C2E72046374910F0E8
:1028E0006FF9374B20461B68D9684B1C5A425A4136
:1028F000FDF780F9B4E73349204610F061F9AFE7FE
:102900002F4B1B6893F85E5065B1002100F1140253
:1029100000F5A07001900091204611463E3310F062
:10292000EFFB9DE71021C83010F079F900283DD069
:1029300008212046FDF7A0FD294640F20740FDF79B
:102940002FF940F207478CE79179036C0C310A4468
:10295000511DA833153251F8040B914243F8040B72
:10296000F9D1256C102205F1A80105F198000EF0AF
:102970001FFD20B904212046FDF77EFD70E7D5F844
:10298000583143F00103C5F8583169E70C4B056C29
:10299000196810224E3105F5A0700EF009FD0028CF
:1029A000E8D1102105F1C80010F039F9216C20465A
:1029B000C83110F09CF804499EE700BFF9310208C5
:1029C0000C2400202D300208CD29020845F2100306
:1029D000F0B59942044685B000F087800CD8B1F577
:1029E000A04F1CD045F2050399421DD0204605B0EA
:1029F000BDE8F040FEF760BB45F21103994200F0DC
:102A00008D8045F212039942F0D1036C93F85D3149
:102A1000042B40F2B380052B03D159497BE010F021
:102A20002EF8002005B0F0BD9179036C0C310A44FA
:102A3000511DB833153251F8040B914243F8040B81
:102A4000F9D1256C102205F1C80705F1B806314609
:102A500038460EF0ADFC20B904212046FDF70CFDF0
:102A6000DFE7D5F8583113F0040332D095F85D3123
:102A7000042B13D105F1F803039305F59873029322
:102A800004F15303019304F15A0300933A46334689
:102A9000204605F1D801FDF755FFC2E705F5A07006
:102AA00005F1140105F1540201900BB1052B06D17B
:102AB000002300932046334610F022FBB1E795F83F
:102AC0005C01D5F82C31C34003F0010343F08003CF
:102AD000EFE785F85C3132460093204605F5A07398
:102AE00005F5987110F099FA9BE7056C102205F135
:102AF000A80105F5A0700EF05BFC0028ACD1D5F85C
:102B0000583120499B0742BF94F8743043F00203C8
:102B100084F87430204610F053F882E7056C1022D8
:102B200005F1A80105F5A0700EF042FC002893D134
:102B300095F85D31013B022B0FD895F85C310133DC
:102B4000DBB2142B85F85C3107D0D5F858310E492B
:102B500023F00103C5F85831DCE705F1F8030393CE
:102B600005F59873029304F15303019304F15A039A
:102B7000009305F1C80205F1B80389E70349CAE7E4
:102B8000912B0208ED2D0208D5300208112C020805
:102B900073B545F21406B14204461AD045F219063F
:102BA000B14221D0B1F5A04F28D10FF068FF216CC0
:102BB000204601F59473019301F1B803009301F1EC
:102BC000140201F1C803543110F012F9002002B0D0
:102BD00070BD036CD3F828210B4BB2FBF3F103FB60
:102BE0001121FCF7F1FFF1E713781BB90C21FDF778
:102BF00043FCEBE705490FF0E3FFE7E702B0BDE870
:102C00007040FEF759BA00BF40420F00112C020875
:102C1000F0B5B1F5A04F05468DB008D045F21304CC
:102C2000A14244D00DB0BDE8F040FEF745BA002304
:102C3000046CCDE90833CDE90A3394F85D310DF128
:102C4000200C042B2CD11F4B1B6893F85E205AB12B
:102C5000674603F13E024E333E4610685168083223
:102C600003C69A423746F7D104F58473069305F1FB
:102C70005303059305F15A030493E379284603931C
:102C8000237A04F1C8020293637A04F1F801CDE9D2
:102C900000C304F1B80310F01FF900200DB0F0BD1F
:102CA000013B022B9CBFD4F82C310893DCE7016C6C
:102CB00001F584710FF0FFFE284603490FF080FFF5
:102CC000EBE700BF0C240020CD2C0208F0B545F244
:102CD0000E06B142044613468DB00BD045F21303E5
:102CE000994260D0B1F5A04F77D10FF0C8FE002017
:102CF0000DB0F0BD9979026C0C310B44591D02F5F1
:102D00008C72153351F8040B994242F8040BF9D137
:102D1000256C102205F58C7105F584700EF048FBCA
:102D200020B90B212046FDF7A7FBE0E70023CDE902
:102D30000833CDE90A3395F85D310DF1200C042BF1
:102D40002AD1284B1B6893F83D205AB1674603F1FE
:102D50001D022D333E4610685168083203C69A4260
:102D60003746F7D105F5A073069304F15A0305938E
:102D700004F153030493AB7B20460393EB7B05F1F3
:102D8000B80202932B7C05F1F801CDE900C305F1EF
:102D9000C80310F0A1F8AAE7013B022B9CBFD5F8AD
:102DA0002C310893DEE7056C102205F5A07105F5BE
:102DB0008C700EF0FDFA0028B3D1D5F858312046BA
:102DC0009B0748BF94F87430074944BF43F002039F
:102DD00084F874300FF0F4FE89E70DB0BDE8F040E0
:102DE000FEF76AB90C240020ED2D020870B5B1F58C
:102DF000A04F0446154688B077D045F21B06B14275
:102E000040F00A8190F87430DB0766D5056CB5F8A0
:102E100050312BB183490FF0D3FE002008B070BDB4
:102E2000D5F858315E0747D56B7AD80744D52B7C47
:102E3000D90741D5A36C10220B2195F95E013133DE
:102E40000AF008FE38B140F21B412046FCF78AFE2A
:102E500040F21B40E2E7A36C206C01220C2190F9A8
:102E60005E0120330AF0F6FD0028ECD1A36C206C43
:102E700010220D2190F95E0121330AF0EBFD0028AC
:102E8000E1D10822206C114690F95E0104F1100393
:102E90000AF0E0FD0028D6D1236C93F85E2184F877
:102EA0007520FF2283F85E2120465F490FF088FEDF
:102EB0002046FCF72FFEB0E705F5987304F11802E1
:102EC00005F5A07553F8041BAB4242F8041BF9D179
:102ED000A36843F48073A360E6E753490FF070FEE4
:102EE00029462046FCF73EFE97E7036CD3F85821AD
:102EF00012F0040255D00022CDE90122ADF80C20D9
:102F00005A7AD2073FD51B7CDB073CD50AF0A0FDDF
:102F10000228206C0CD000F59872032190F95E0114
:102F2000EFF75EFC78B308212046FDF7A5FA8FE79E
:102F300000F598731022032190F95E010AF08AFDD2
:102F400028B1002140F21B40FCF72AFEEBE7206C81
:102F5000102200F59873052190F95E010AF07AFDC0
:102F60000028EED1236C04F1180103F5987203F5E3
:102F7000A07352F8040B9A4241F8040BF9D1A368EC
:102F800043F48073A3600023BDF80420CDE904332B
:102F9000CDE906330DF1060104AB2046F2F78AF9BC
:102FA0003BE7D3F8B810C3F8D010D3F8BC100092A8
:102FB000C3F8D410006C694600F59870FDF71CF852
:102FC00048B1009806F011F820460821FDF754FAA0
:102FD00040F2074022E7206C009A00F59871C83053
:102FE000FCF790FE05460028EBD1009805F0FDFFA8
:102FF000236CA07C03F59873C0F110022946184495
:103000000EF000FA2A46CDE90155CDE90455CDE987
:10301000065504AB01A9C0E708B0BDE87040FEF753
:103020004BB800BFE13103081D0D0208B1F5A04FF8
:1030300070B50446154607D045F20406B1420CD0DF
:10304000BDE87040FEF738B80FF019FD236CD3F8D7
:103050005831D90701D4002070BD236CD3F8582112
:10306000D20718D4AA79A8330C3215446A1D153535
:1030700052F8041BAA4243F8041BF9D1206C102219
:1030800000F1A80198300EF093F920B904212046F0
:10309000FDF7F2F9DFE7206C1021C8300FF0BFFD1B
:1030A00058B108212046FDF7E7F940F2074000211A
:1030B000FCF776FD40F20740CEE7216C2046C83190
:1030C0000FF015FD204602490FF07AFDC3E700BF5F
:1030D000CD290208B1F5A04F13B504460ED0A1F5D5
:1030E000A043103B012B45D8016C98310FF01BFD1C
:1030F000204623490FF064FD002017E0016CD1F851
:10310000583101F1C80213F0040328D010211046F1
:103110000FF085FD60B108212046FDF7ADF940F2C2
:1031200007400021FCF73CFD40F2074002B010BD13
:10313000216C204601F19803019391F85C21D1F8AC
:103140002C31D34003F0010343F08003009301F1DD
:10315000140201F1C80354310FF0D2FFCCE781F81B
:103160005C310123009301F1980301F598710FF090
:1031700054FFC1E702B0BDE81040FDF79DBF00BF9E
:1031800085310208B1F5A04F70B51346044607D04B
:1031900045F20406B14207D0BDE87040FDF78CBF90
:1031A0000FF06DFC002070BD9979026C0C310B445E
:1031B000591DA832153351F8040B994242F8040BFB
:1031C000F9D1256C102205F1A80105F198000EF047
:1031D000EFF820B904212046FDF74EF9E2E720463A
:1031E00005F1C8010FF083FC204602490FF0E8FC0E
:1031F000D8E700BFCD290208B1F5A04F70B503464E
:10320000144607D045F21806B14207D0BDE8704019
:10321000FDF752BF0FF033FC002070BD1268551C43
:1032200003D10121FDF728F9F6E7016CD1F8580127
:10323000400743BF002281F85C212268C1F8302199
:1032400048BFC1F82C21184601490FF0B9FCE3E74B
:10325000D530020807B506480EF08BFB042101901B
:103260000DEB01000EF067FC019803B05DF804FB64
:1032700014240020F7B5186810F0020003D0164E91
:10328000316811B9012003B0F0BD002404222346A7
:103290000DEB020001940EF03DFBBDF80630DB079C
:1032A00002D4FFF7D7FF044600250C4F57F8043B24
:1032B00023B12146BDF80400984748B13368002B7C
:1032C000E0D0074B022193F90000FAF78FFDD9E710
:1032D0000135062DEAD1F1E714240020182400203E
:1032E0007B25002010B50948FAF770FD0024084B33
:1032F0000849187020200C60FBF7F4F8064BC3E96E
:103300000044C3E90244C3E9044410BDF02A00208C
:103310007B2500201424002018240020074BDA69A4
:10332000D20407D51B6A40F2044013F0010F18BF06
:103330000020704740F20440704700BF0080E00F5B
:1033400008B505F0D2F8DDF76FFADDF7BBFB05F045
:10335000D9F8DDF775FA10F0C3FB00BFF7E700B549
:1033600083B0E7F7D9FD0190F2F732FD019000BF7D
:1033700003B05DF804FB00B583B001900198DDF760
:10338000C9FB0198DDF79AFA00BF03B05DF804FBB2
:1033900082B001900123184602B0704700B5C5B055
:1033A000F3F79AF80DF013F94390439B002B15D0D7
:1033B0004398FFF7EDFF034683F00103DBB2002BD8
:1033C0000CD101AB18460DF0E9F84290429B002B5E
:1033D00006D101AB1846FFF7CEFF02E000BF00E0C8
:1033E00000BF45B05DF804FB00BF704708B5FFF7AC
:1033F000FBFFE6F759FB04F062FEE6F769F904F01B
:103400001AFE04F074FEE6F7EBFBDFF723FBE7F7A9
:1034100003FA00BF08BD08B5DDF72CFDDDF7F0FBB2
:1034200000BF08BD08B5E7F7B1FCE6F76BF9E7F7B1
:10343000B9F803F0EBFA06F084FD02F05FFE03F04A
:10344000CAFB03F0C1FB00BF08BD08B5E2F7A6FF49
:1034500002F01FFEE2F7B4FFFFF781FF00BF08BDD7
:1034600000BF704700BF704700BF704708B5FFF747
:1034700095FF00BF08BD00BF704784B00390029164
:10348000019207E0039A131D0393029B191D0291F9
:1034900012681A60019B5A1E0192002BF2D100BFE4
:1034A00000BF04B0704700BFFDE782B00190019BF0
:1034B00000221A6000BF02B0704782B001900091F4
:1034C000009B002B01D0019B002B019B1A68009BE5
:1034D0001A60019B009A1A6000BF02B0704782B068
:1034E00001904FF0FF33184602B0704782B0019050
:1034F00000BFFDE782B0019000910023184602B0A2
:10350000704782B001900123184602B0704784B022
:103510000390029101920023184604B0704784B0D2
:103520000390029101920023184604B0704784B0C2
:103530000390029101920023184604B0704700B531
:1035400083B00190019B5B68002B05D0019B5B68F9
:1035500001989847034600E02223184603B05DF81F
:1035600004FB82B0019000BF02B0704700B587B085
:10357000034600918DF80730009B0593059B1B685F
:103580000493049B1B798DF80C30049B5B798DF8B8
:103590000D30049B1B78022B11D00DF10B0203ABF5
:1035A0001146184600F091F99DF80B3083F00103A5
:1035B000DBB21A46049B1A700598FFF7D2FF00BFD2
:1035C00007B05DF804FB84B00190019B0393039B5B
:1035D0001B680293029B1B78184604B0704700B525
:1035E00087B00190019B0593059B1B680493049B86
:1035F0001B798DF80830049B5B798DF80930049BAA
:103600001B78022B44D00DF10B0202AB1146184679
:1036100000F05BF99DF80B308DF80F30049B9B791F
:10362000012B28D1049B5B88ADF80C30BDF80C3021
:103630005B009AB29DF80F309BB213439BB24FF6DA
:10364000C0721343ADF80C304FF6E072BDF80C3089
:10365000934202D1049B01221A704FF6DF72BDF82B
:103660000C30934202D1049B00221A70049BBDF8D7
:103670000C205A800DE0049B9B79002B09D19DF80A
:103680000F3083F00103DBB21A46049B1A7000E08E
:1036900000BF07B05DF804FB00B585B00190019B49
:1036A0000393039B1B680293029B1B78022B06D19A
:1036B000029B00225A800198DDF77CFB00E000BFEE
:1036C00005B05DF804FB00B585B00190019B039344
:1036D000039B1B680293029B1B78022B0CD0029B5E
:1036E0009B79022B04D1029B5B791846DDF78EFC97
:1036F000029B02221A7000E000BF05B05DF804FBD7
:1037000084B001900023039305E0039B01330393EE
:10371000019B5B080193039B1F2B04D8019B03F0C3
:103720000103002BF1D0039B184604B0704700B58D
:1037300085B001900B468DF8033013468DF80230AA
:10374000019B002B01D1222343E09DF8033003F0BD
:103750000F029DF803309A4223D1019B1B78002B66
:1037600016D0019B1B78012B0FD0019B1B78022BDD
:1037700008D0019B1B78032B02D140F2FF7309E0B4
:10378000002307E043F6FF7304E040F2FF3301E05B
:1037900043F6FF73019A5278D34003F00103002BE4
:1037A00001D1212315E0E1F7E7FF0346002B01D00B
:1037B00002230EE011F0AEFB03909DF802209DF86D
:1037C000033019460198E2F79DF8039811F094FB35
:1037D0000023184605B05DF804FB00B585B00190E4
:1037E000019B002B01D122232FE0019B1B78002B92
:1037F00016D0019B1B78012B0FD0019B1B78022B4D
:1038000008D0019B1B78032B02D140F2FF7309E023
:10381000002307E043F6FF7304E040F2FF3301E0CA
:1038200043F6FF73019A5278D34003F00103002B53
:1038300001D1212309E011F06DFB039001980FF0F5
:103840003FFE039811F058FB0023184605B05DF8C1
:1038500004FB00B585B00190019B002B01D1222310
:103860002FE0019B1B78002B16D0019B1B78012BAE
:103870000FD0019B1B78022B08D0019B1B78032BD8
:1038800002D140F2FF7309E0002307E043F6FF7323
:1038900004E040F2FF3301E043F6FF73019A5278EF
:1038A000D34003F00103002B01D1212309E011F0E3
:1038B00031FB03900198E1F767FF039811F01CFBBF
:1038C0000023184605B05DF804FB00B585B00190F3
:1038D0000091019B002B02D0009B002B01D12223E1
:1038E00033E0019B1B78002B16D0019B1B78012B2A
:1038F0000FD0019B1B78022B08D0019B1B78032B58
:1039000002D140F2FF7309E0002307E043F6FF73A2
:1039100004E040F2FF3301E043F6FF73019A52786E
:10392000D34003F00103002B01D121230DE011F05E
:10393000F1FA03900198E1F74FFF03461A46009B06
:103940001A70039811F0D8FA0023184605B05DF8F4
:1039500004FB00B583B0E1F79FFF034603F0553346
:1039600023F0A04301930198E1F780FF0198DDF770
:103970000FFC00BF03B05DF804FB00B583B0E1F7B6
:103980008BFF034603F0AA3323F0204301930198F1
:10399000E1F76CFF0198DDF7FBFB00BF03B05DF8BA
:1039A00004FB86B0019001230593019B5A69019B9A
:1039B0005B69D91C019B5B6C143BB1FBF3F30133D6
:1039C000DB0013445A1F019B5B6C143BB2FBF3F307
:1039D0000133049300230393059A049B1A44039B29
:1039E0001344184606B0704782B001900091009BC6
:1039F000DA1D019B5B6C143BB2FBF3F30133DA007D
:103A0000009B1344184602B0704700B583B0019084
:103A10000198FFF7C6FF0246019B5B6C143B02FB5B
:103A200003F3184603B05DF804FB00B585B00190C0
:103A300000910198FFF7E9FF0390009BDA1D019BBD
:103A40005B6C143BB2FBF3F30133DB00009A1344CD
:103A50000293039A029B1344184605B05DF804FBD9
:103A600000B585B00190019B5B6919460198FFF78D
:103A7000DCFF0390019B5A69019B5B69D91D019B87
:103A80005B6C143BB1FBF3F30133DB001344029393
:103A9000039A029B1344184605B05DF804FB00B579
:103AA00083B001900198FFF7DBFF0246019B9B6901
:103AB0001344184603B05DF804FB00B585B00190CF
:103AC0000198FFF7ECFF039004230293039A029BF3
:103AD0001344184605B05DF804FB10B582B00190A0
:103AE0000091019B1C6B00990198FFF77DFF034635
:103AF0009C422CBF01230023DBB2184602B010BD4C
:103B000010B582B001900091019B1C6B0099019847
:103B1000FFF78BFF03469C422CBF01230023DBB23F
:103B2000184602B010BD10B582B00190019B1C6B0D
:103B30000198FFF795FF03469C422CBF0123002309
:103B4000DBB2184602B010BD82B00190019B033376
:103B500023F00303184602B0704782B00190009131
:103B6000019A009B1344184602B0704782B001903E
:103B70000091019B1A68019B5B6C009901FB03F3A8
:103B80001344184602B0704784B001900091019B25
:103B90001B68009AD31A0393019B5B6C039AB2FBD8
:103BA000F3F3184604B0704788B003900291019275
:103BB000039B5B6C013B0793029B0693019B059360
:103BC000069A059B5A40079BDB431340002B0CBF12
:103BD00001230023DBB2184608B0704782B0019081
:103BE0000091009B0133019AD269B3FBF2F101FB12
:103BF00002F29B1A184602B0704782B00190009101
:103C0000009B002B02D0009B013B02E0019BDB6983
:103C1000013B184602B0704700B58BB0019000918F
:103C20000023099322E000990198FFF7D7FF009045
:103C300000990198FFF79AFF0890019BDB6B5B6985
:103C400002A905220898984702AB184601F081FFA7
:103C500003468DF81F309DF81F30184601F0BCFF59
:103C60000346002B09D1099B01330993019BDB69B2
:103C7000013B099A9A42D6D300E000BF009B184648
:103C80000BB05DF804FB00B58BB0019000910023F0
:103C9000099322E000990198FFF7AFFF0090009987
:103CA0000198FFF763FF0890019BDB6B5B6902A93A
:103CB00005220898984702AB184601F04AFF0346D0
:103CC0008DF81F309DF81F30184601F085FF034620
:103CD000002B09D1099B01330993019BDB69013B4F
:103CE000099A9A42D6D300E000BF009B18460BB059
:103CF0005DF804FB84B001900091009B0393019B4D
:103D00005A6C019B5B6C591E039B0B40D31A1846DF
:103D100004B0704782B001900091019B5B6C5A1E09
:103D2000009B1340184602B0704700B587B0019061
:103D3000009100990198FFF727FF059005990198D8
:103D4000FFF76AFF059005990198FFF70FFF0490B0
:103D5000049801F06BFF0390039B184607B05DF8D1
:103D600004FB10B58CB0019000230B93019BDA6A21
:103D7000019B9B6A9A420AD1019B5968019BDA69AF
:103D800013469B0013449B00CB1A0B9334E0019B1A
:103D9000DB6A0A932BE00A990198FFF7F5FE099078
:103DA00009990198FFF7E2FE0890019BDB6B5B69C4
:103DB00002A905220898984702AB184601F0C9FEEF
:103DC00003468DF81F309DF81F30012B0AD0019B50
:103DD0005C6C0A990198FFF79DFF0346E31A0B9A62
:103DE00013440B930A990198FFF79FFF0A90019BD8
:103DF0009B6A0A9A9A42CED10B9B18460CB010BD12
:103E000000B587B001900091009B059300230493B7
:103E100013E0019BDB6B5B6903A9012205989847BE
:103E2000039BB3F1FF3F02D0002304930DE0049BFA
:103E300004330493059B04330593059A0099019874
:103E4000FFF7B2FE0346002BE3D1049B184607B0F0
:103E50005DF804FB82B00190019B13F1020F0CBFCF
:103E600001230023DBB2184602B0704782B00190F4
:103E7000019BC3F31303019A9A420CBF0123002351
:103E8000DBB2184602B0704782B00190019B93F8F4
:103E90004230012B01D1642300E03223184602B0E6
:103EA000704782B00190019B93F84230012B01D101
:103EB000022300E00123184602B0704700B587B026
:103EC0000390029101920093029A019B1A44009B75
:103ED00023F0030313440593009B03F00303002B1B
:103EE00002D0059B04330593029A05990398FFF7C6
:103EF0005BFE034683F00103DBB2002B06D0029980
:103F00000398FFF712FF0290029B0593059B18464A
:103F100007B05DF804FB00B5A1B0059004910392D1
:103F2000029300231F93049B1B691E9300231D9380
:103F300000238DF87330049BDB681B9300231893D8
:103F40000023179300238DF85B309DF88C30022BF3
:103F500004D11E9BCC2B01D07023E4E19DF88C3062
:103F6000022B0ED19DF88830002B06D004990598BD
:103F700001F040F80346089303E0049BDB681B68EC
:103F8000089302990598FFF7B5FE12901E9B782BB7
:103F900003D8049BDB7D002B01D0012300E000232C
:103FA0008DF867309DF8673003F001038DF86730B6
:103FB0009DF88830002B0ED0059BDB6B5B69049A63
:103FC000506807A90122984707AB184601F01CFC6E
:103FD00003468DF867309DF86730002B01D0082329
:103FE00000E0042311931E9B782B8CBF0123002338
:103FF0008DF866309DF8663083F00103DBB2002B4C
:1040000010D01E9B0433129A9A420BD21E9B002B97
:1040100006D0129B082B03D901238DF8663001E0EE
:10402000042318939DF86630002B01D0082300E08C
:1040300004231093049B1A68039B1A60039B1E9A27
:104040001A619DF866209DF88C301146184601F0E3
:1040500021FC03461A46039B1A7502990598FFF73F
:1040600049FE12901E9B002B09D0109A189B1344F6
:10407000129A9A428CBF01230023DBB206E0129A07
:10408000109B9A422CBF01230023DBB28DF83F30F6
:10409000002318939DF83F30002B00F03081129AD6
:1040A000109BD31A12931E9A129B934228BF134659
:1040B0000E93029B0D9310990298FFF74EFD02900C
:1040C0000E9A1E9B9A4212D0039B0122DA75039B23
:1040D0001B691E9A9A4206D101238DF87330039B07
:1040E0000D9A5A600EE002238DF873300AE09DF8B5
:1040F0007330002B03D003238DF8733002E00023CC
:104100008DF87330039BDB7D002B21D0039B1B7E3E
:10411000039A0333DB0013440D9A5A60039B1B7E02
:104120000E9A91B2039A0333DB0013440A461A81B4
:10413000039B1B7E039A0333DB0013449DF873201B
:104140009A72039B1B7E0133DAB2039B1A7602E05C
:10415000039B0D9A5A600E9B002B00F08A809DF8FD
:104160008C30022B1BD19DF85B3083F00103DBB256
:10417000002B7ED0179A0E9B1344032B79D9059BF5
:10418000DB6B9B6908A90122029898471F901F9B2F
:10419000002B40F0C48001238DF85B3069E09DF86E
:1041A000883083F00103DBB2002B3ED01B9B1593BC
:1041B000029B14930E9B1393139B9B080C930C9BD5
:1041C000002B16D0059BDB6B9B690C9A15991498F4
:1041D00098471F900C9B9B00159A134415930C9BBA
:1041E0009B00149A134414930C9B9B00139AD31AAC
:1041F00013931F9B002B13D1139B002B10D04FF058
:10420000FF33069306AB139A159918460DF005F97E
:10421000059BDB6B9B6906A90122149898471F90A8
:104220001B9A0E9B13441B9323E00E9B1A931D9B1A
:10423000049A1199059800F09DF903460B931D9B74
:1042400004331D93059BDB6B9B690BA9012202982C
:1042500098471F901A9B042B0BD91F9B002B08D14A
:104260001A9B043B1A9304210298FFF776FC0290F4
:10427000DDE71F9B002B02D0249B029A1A601F9B34
:10428000002B1CD1049B1968039B1A7D09A89DF87B
:10429000733001939DF8663000930E9B01F09FF9F7
:1042A000059BDB6B9B69109A920809A90D989847AA
:1042B0001F901F9B002B02D0249B0D9A1A600E9B0F
:1042C000109A0D990598FFF7F9FD0246039B9A6035
:1042D0000E98FFF739FC0246109B1344059A126BA7
:1042E000D21A059B1A631F9B002B1AD11E9A0E9B94
:1042F000D31A1E93179A0E9B1344179305E0059B40
:104300001A6B129BD21A059B1A6302990598FFF744
:104310000CFD02901E9B002B7FF49FAE02E000BFBD
:1043200000E000BF1F9B184621B05DF804FB00B5FC
:1043300099B003900291019200931A9B5B681793C6
:10434000029B1393009B12931A9B1B69129A9A4229
:1043500040F2D7806323D9E0039BDB6B5B6909A93B
:1043600001221798984709AB184601F043FA0E90BE
:104370001A9B1B680E9A9A4201D06F23C6E009ABC4
:10438000184601F04CFA0D900D9B042B05D109AB9A
:10439000184601F053FA15900BE0039BDB6B5B6949
:1043A00007A902221798984707AB184601F046FA6A
:1043B00015900D991798FFF7D0FB16909DF86C306B
:1043C000002B53D1019A159B9A4206D900231493CE
:1043D000019A159BD31A019315E0169A019B134479
:1043E0001693159A019BD31A0C93009B0B930B9A6F
:1043F0000C9B934228BF1346149300230193009A09
:10440000149BD31A0093149B1193119B9B080A933E
:104410000A9B002B15D0039BDB6B5B690A9A1399EF
:10442000169898470A9B9B00119AD31A11930A9BDE
:104430009B00169A134416930A9B9B00139A1344ED
:104440001393119B002B53D0039BDB6B5B6906A975
:1044500001221698984706AB119A194613980CF04A
:10446000DCFF139A119B1344139341E0159B1493A3
:10447000149B1093109B9B080F931DE0039BDB6B19
:104480005B6905A901221698984705AB04221946D5
:1044900013980CF08DFF0346002B01D0362335E036
:1044A0000F9B013B0F93109B043B1093169B04330F
:1044B0001693139B043313930F9B002BDED1109B99
:1044C000002B15D0039BDB6B5B6905A901221698B5
:1044D000984705AB109A194613980CF069FF0346EC
:1044E000002B01D0362311E0139A109B1344139331
:1044F000129A149BD31A129317990398FFF715FC7D
:104500001790129B002B7FF427AF0023184619B099
:104510005DF804FB00B589B0059004910293134641
:104520008DF80F30049B00221A76049B59689DF881
:104530000F20029B00931346049A0598DCF78CFF2A
:1045400003468DF81F309DF81F30002B0CD0049BC4
:10455000DB7D002B03D0049B9B7E002B01D001222E
:1045600000E00022049B9A75049B9B7D184609B0CD
:104570005DF804FB00B589B00390029101920093AD
:10458000019B5B680793019BDB7D83F00103DBB23A
:10459000002B09D0019B5868029A009B13441946CE
:1045A000FFF7DBFA079035E0009B069300238DF8B8
:1045B000173029E09DF81730019A0333DB001344CC
:1045C0001B891A46069B93420ED29DF81730019A1A
:1045D0000333DB0013445868029A069B13441946C0
:1045E000FFF7BBFA079015E09DF81730019A0333E7
:1045F000DB0013441B891A46069B9B1A06939DF801
:10460000173001338DF81730019B1B7E9DF8172062
:104610009A42CFD3039BDB6B5B6904A90122079805
:104620009847049B184609B05DF804FB00B58BB0B1
:104630000190019B00221A620023099322E009994C
:104640000198FFF793FA0890019BDB6B5B6902A965
:1046500005220898984702AB184601F07AFA0346FB
:104660008DF81F309DF81F30184601F0B5FA03464B
:10467000002B04D0019B1B6A5A1C019B1A62099BE8
:1046800001330993019BDB69099A9A42D7D3019BB5
:104690001B6A18460BB05DF804FB00B58FB00190A3
:1046A0004FF0FF330C934FF0FF330B9300230A932B
:1046B000019B4FF6FF725A62019B00221A6200238F
:1046C0000D933CE00D990198FFF750FA0990019B7A
:1046D000DB6B5B6902A905220998984702AB184673
:1046E00001F037FA03468DF81F3002AB184601F08F
:1046F000EBF908909DF81F30184601F06DFA03465B
:10470000002B19D0019B1B6A5A1C019B1A62089A44
:104710000C9B9A4202D2019B0D9A5A62089A0B9BFB
:104720009A4201D2089B0B93089A0A9B9A4201D99C
:10473000089B0A93089B0C930D9B01330D93019BDF
:10474000DB690D9A9A42BDD30A9A0B9BD31A012BAF
:104750001FD9019B4FF6FF725A6200230D9313E09D
:104760000D990198FFF702FA0990019BDB6B5B69D9
:1047700002A905220998984702AB184601F0A4F94E
:1047800008900D9B01330D93019BDB690D9A9A42B2
:10479000E6D300BF0FB05DF804FB00B58DB001900B
:1047A00000230A9300230B932FE00B990198FFF746
:1047B000DDF90990019BDB6B5B6902A90522099871
:1047C000984702AB184601F0C4F903468DF8233030
:1047D0009DF82330184601F0FFF90346002B11D055
:1047E000099801F023FA034619460198FFF708FBE0
:1047F0000790019B5B6C143B079A9A4202D10A9B7B
:1048000001330A930B9B01330B93019BDB690B9ADA
:104810009A42CAD30A9B18460DB05DF804FB00B556
:1048200085B00190019B5B6A19460198FFF79EF9DC
:104830000390039801F0FAF90246019B9A6200BFC7
:1048400005B05DF804FB00B58DB0019000910099B2
:104850000198FFF78BF90A90019BDB6B5B6903A959
:1048600005220A98984703AB184601F072F90346EF
:104870008DF827309DF82730184601F0ADF9034632
:10488000002B05D003AB184601F01EF90B9020E079
:1048900000990198FFF7F7F9089008990198FFF738
:1048A00065F90A90019BDB6B5B6903A905220A98F5
:1048B000984703AB184601F007F90B900B9BB3F137
:1048C000FF3F06D0089A009B9A4202D90B9B013306
:1048D0000B930B9B18460DB05DF804FB00B587B039
:1048E00003900291019202990398FFF7ACFF0590A3
:1048F000059BB3F1FF3F01D1019B0593059B01335C
:104900000593059B184607B05DF804FB00B587B01A
:1049100003900291019202990398FFF727F90590FD
:10492000039BD86B039B4033019A059901F085F9ED
:1049300004900398FFF77AFE049B184607B05DF8D1
:1049400004FB00B587B003900291009313468DF8E5
:104950000730089B05939DF80730032B0DD1059B6D
:104960009B6A1A4600990598FFF71EF90346002B2B
:1049700003D002990398DDF78FFF0123184607B093
:104980005DF804FB00B587B00390029100931346D5
:104990008DF80730039B03F10800029B1B680DF1A3
:1049A00013021946DDF7A8FF05909DF80730032B89
:1049B0000DD1029B5B68059A9A4208D1039B03F1D3
:1049C0000802029B1B6819461046DDF765FF0123AC
:1049D000184607B05DF804FB00B58FB00190009158
:1049E000019B5B6A4FF6FF7293420CBF01230023C9
:1049F0008DF82B309DF82B30002B01D0002301E0E7
:104A0000019B5B6A0C9300230B9338E00C9901988F
:104A1000FFF7ACF80990019BDB6B5B6903A90522EA
:104A20000998984703AB184601F093F803468DF8B0
:104A300023309DF82330022B12D09DF82B30002B11
:104A400003D0009B01330D9305E0009A0C99019867
:104A5000FFF744FF0D900D9A0C990198FFF756FF50
:104A60000C9B01330C93019BDA690C9BB3FBF2F1B5
:104A700001FB02F29B1A0C930B9B01330B93019BDE
:104A8000DB690B9A9A42C1D300BF00BF0FB05DF83B
:104A900004FB00B58DB0019000230B9332E00B991D
:104AA0000198FFF763F80990019BDB6B5B6903A931
:104AB00005220998984703AB184601F04AF80346C7
:104AC0008DF823309DF82330012B07D09DF823303B
:104AD000184601F096F80346002B10D00B99019868
:104AE000FFF7B1FE0A909DF82330012B02D10A9BFB
:104AF00001330A930A9A0B990198FFF707FF0B9B62
:104B000001330B93019BDB690B9A9A42C7D300BF19
:104B100000BF0DB05DF804FB00B58DB003900291AD
:104B200013468DF80730039B9A6B039B1B6B9A42CD
:104B300003D9039B1A6B039B9A63039B5B6A194619
:104B40000398FFF713F80A90039BDB6B5B6904A9DA
:104B500005220A98984704AB184600F0FAFF03466E
:104B60001A46029B1A70029B1B78012B07D09DF8F6
:104B7000073019460398DDF759F90B9007E00398C1
:104B8000DDF7CEF90B900398FFF7EBF80990039B44
:104B9000DB6B5B6904A905220A98984704AB1846A9
:104BA00000F0D7FF03461A46029B1A70039B9A6BCC
:104BB000039B1B6B9A4203D9039B1A6B039B9A635B
:104BC0000B9B18460DB05DF804FB00B587B0019053
:104BD0000023059300238DF80F30002304930DE08C
:104BE0000DF10F03002219460198FFF795FF04907D
:104BF000049B002B12D1059B013305930198FEF70E
:104C000092FF034683F00103DBB2002B07D0019B28
:104C10001B6A5B00059A9A42E2D300E000BF9DF850
:104C20000F30012B07D10DF10F0300221946019817
:104C3000FFF772FF0490049B184607B05DF804FB71
:104C400000B58BB003900291019200930023099369
:104C500008230693039B93F84230012B01D10223D2
:104C600000E004230593009B00221A70029BDB7D69
:104C700083F00103DBB2002B1BD0019B059A02FBE2
:104C800003F304330893089B03F00303002B06D0BF
:104C9000089B23F003030893009B01221A70029BD8
:104CA0005868069A089B13441946FEF756FF099068
:104CB00045E0019B059A02FB03F304330893089B2C
:104CC00003F00303002B06D0089B23F00303089393
:104CD000009B01221A7000238DF81F3029E09DF8F7
:104CE0001F30029A0333DB0013441B891A46089BCA
:104CF00093420ED29DF81F30029A0333DB00134417
:104D00005868069A089B13441946FEF726FF099037
:104D100015E09DF81F30029A0333DB0013441B8912
:104D20001A46089B9B1A08939DF81F3001338DF893
:104D30001F30029B1B7E9DF81F209A42CFD3099BF8
:104D400018460BB05DF804FB00B589B003900291E2
:104D5000019200930DF11B03019A02990398FFF74A
:104D60006FFF0790039B93F84230012B12D1039BF6
:104D7000DB6B5B6905A90122079898479DF81B30FA
:104D8000002B02D0059B1B0C0593059B9AB2009B40
:104D90001A6006E0039BDB6B5B69012200990798B0
:104DA000984700BF09B05DF804FB00B587B00390D9
:104DB0000291019200238DF81730039B93F8423043
:104DC000012B15D10398FFF75FF80346023B019AC8
:104DD0009A4222D204AB019A02990398FFF7B4FFDA
:104DE000049BDBB2002B18D101238DF8173014E09F
:104DF0000398FFF749F80346013B019A9A420CD207
:104E000004AB019A02990398FFF79EFF049B9BB2A3
:104E1000002B02D101238DF817309DF8173018466A
:104E200007B05DF804FB00B589B0039002910192D0
:104E3000009300238DF81F30039B93F84230012B21
:104E400040D10398FFF720F80346023B019A9A42AB
:104E500067D206AB019A02990398FFF775FF019B91
:104E60005A1C05AB02990398FFF76EFF019B9A1C31
:104E700004AB02990398FFF767FF08238DF81E30F3
:104E800005A90DF11E031022184600F0FCFE04A92E
:104E90000DF11E031022184600F0F5FE069BDBB252
:104EA000002B3ED1069B1B0A9DF81E20934238D151
:104EB000049B1A04059B1A44009B1A6001238DF879
:104EC0001F302EE00398FEF7DFFF0346013B019AF7
:104ED0009A4226D206AB019A02990398FFF734FF53
:104EE000019B5A1C05AB02990398FFF72DFF102375
:104EF0008DF81E3005A90DF11E032022184600F082
:104F0000C2FE069B9BB2002B0BD1069B1B0C9DF88F
:104F10001E20934205D1059A009B1A6001238DF84B
:104F20001F309DF81F30184609B05DF804FB00B52E
:104F300087B0039002910192009300238DF8163000
:104F4000009B00221A6004AB019A02990398FFF7B4
:104F5000FBFE039B93F84230012B23D1049B4FF6B9
:104F6000FF72934203D100238DF817303CE004A96F
:104F70000DF116030822184600F085FE049B1B0A5B
:104F8000DAB29DF816309A420CBF012300238DF847
:104F900017309DF81730002B26D0049BDAB2009B07
:104FA0001A6021E0049BB3F1FF3F03D100238DF889
:104FB000173019E004A90DF116031022184600F06D
:104FC00062FE049B1B0CDAB29DF816309A420CBFAD
:104FD000012300238DF817309DF81730002B03D0E4
:104FE000049B9AB2009B1A609DF81730184607B0D0
:104FF0005DF804FB00B589B0019000910023039394
:1050000008230693009B5B6806991846FEF7A5FDEA
:105010000590019BDB6B5B6903A90122059898470A
:105020000023079330E0079A00990198FFF7BDFE2F
:1050300003468DF813309DF81330002B10D003ABCE
:10504000079A00990198FFF7EEFE03468DF811309C
:105050000198FEF726FF0246079B1344079310E0D2
:1050600002AB079A00990198FFF761FF03468DF89C
:1050700012309DF81230002B03D0039A029B134488
:105080000393079B013307930198FEF7FDFE024649
:10509000079B9342C7D3039B184609B05DF804FBF6
:1050A00000B585B003900291009313468DF8073048
:1050B000039B03F10800029B1968029B5A689DF844
:1050C0000730DDF751FC0123184605B05DF804FBFD
:1050D00000B591B001900091019B4FF6FF725A62AA
:1050E000019B4FF0FF329A62019B4FF0FF32DA6270
:1050F000019B00221A62019B00221A63019B083364
:105100001846DDF7AFFB0198FFF790FA0F900F9B61
:10511000002B06D00198FFF7BCFC0198FFF786FA38
:105120000F900F9B002B07D100990198FFF754FCBB
:105130000198FFF77BFA0F900F9B002B74D001981A
:10514000FFF7ABFA019B5B6A4FF6FF72934268D0A0
:10515000019B5B6A19460198FEF708FD0B90019BC5
:10516000DB6B5B6903A905220B98984703AB1846D4
:1051700000F0AAFC0A900198FFF751FB0198DCF7B8
:105180009BFC019BDB6A19460198FEF7FDFC034678
:1051900019460198FEF7EAFC0B900198FEF701FC16
:1051A00009900198FFF7F9FA0890089A099B9A422A
:1051B00034D2019B5B6A19460198FEF764FD0D909D
:1051C00000230C9324E00C9A089B9A4218D30D9963
:1051D0000198FEF7CBFC0B90019BDB6B5B6903A98D
:1051E00005220B98984703AB184600F06DFC0A9017
:1051F000019BD86B019B40330A9A0B9900F01DFD6F
:105200000D990198FEF73FFD0D900C9B01330C9317
:105210000C9A099B9A42D6D364230EE000230E9386
:1052200004E067230E9301E05E230E930E9B002B98
:1052300002D10198DCF7C6FE0E9B184611B05DF84E
:1052400004FB00B583B001900B468DF80330DDF709
:1052500011FC019BDB6BDB689DF80320104698472F
:1052600000BF03B05DF804FB00B583B00190019B63
:10527000DB6BDB6800209847DDF706FC00BF03B05E
:105280005DF804FB86B003900291009313468DF8FD
:105290000730069B05939DF80730032B0CBF0123B5
:1052A0000023DBB21A46059B1B7E9A4221D1059B47
:1052B0001B68029A9A421CD3059B5B68029A9A4229
:1052C00017D8059B5B695A1C059B5A61059B1A6997
:1052D000059BDB689A420CD2059B9A68059B1B696B
:1052E0009B001344029A1A60059B1B695A1C059B7C
:1052F0001A610123184606B0704700B587B00590C3
:1053000004910392029300230193089B0093029B54
:10531000039A04990598DDF767F90346184607B024
:105320005DF804FB00B587B00590049103920293E9
:1053300001230193089B0093029B039A049905980B
:10534000DDF752F90346184607B05DF804FB84B058
:1053500003468DF807309DF90730B3F1FF3F04D0C5
:10536000002B05D10023039305E06E23039302E095
:105370007123039300BF039B184604B0704786B0A7
:1053800001900091019B0493009B9B0803930023D1
:1053900005930CE0049B1B68B3F1FF3F01D0002391
:1053A0000AE0049B04330493059B01330593059A9B
:1053B000039B9A42EED30123184606B0704700B50E
:1053C00083B001900091DFF7D5FF0023184603B0AA
:1053D0005DF804FB08B5DFF7E5FF00BF08BD00B5C9
:1053E00085B0019003AB184600F022FDBDF80E20F9
:1053F000019B1A80019B0122DA70019B00229A70A6
:10540000E0F7A8F90246019B5A600023184605B050
:105410005DF804FB82B003468DF8073000BF02B090
:10542000704700B587B0039002910192039B0593EA
:10543000029B0493059B03F00303002B14D1049BF0
:1054400003F00303002B0FD10AE0059A131D059307
:10545000049B191D049112681A60019B013B019382
:10546000019B002BF1D106E0019B9B001A4603999A
:1054700002980BF0D2FF0023184607B05DF804FB3A
:1054800000B58BB0039002910192029B0893039B9D
:105490000793019B9B000693069A0899079810F0C2
:1054A0007FF803468DF817309DF917301846FFF73F
:1054B0004EFF0990099B002B09D1069A089907987D
:1054C0000BF076FF0346002B01D03D230993099B87
:1054D00018460BB05DF804FB00B585B0019001984B
:1054E00010F05AF803468DF80B309DF90B30184632
:1054F000FFF72DFF0390039B002B0ED1E0F72AF955
:10550000034619460198FFF73AFF034683F001036B
:10551000DBB2002B01D03E230393039B184605B05A
:105520005DF804FB00B583B0019000910198019AE9
:10553000009B1344013B009A1946E5F79FF800BF12
:1055400003B05DF804FB82B00190019B1B68DB0E89
:10555000184602B0704782B00190019B5B689B0EB9
:10556000184602B0704784B00190019B0393039BDF
:10557000DBB2184604B0704784B00190019B0393DE
:10558000039BDBB2184604B0704700B583B00190AE
:10559000019B1B6803F07F031846FFF7E4FF0346F7
:1055A000184603B05DF804FB00B585B00190019882
:1055B000FFF7EBFF03468DF80F309DF80F30012BFE
:1055C00003D09DF80F30002B01D1012300E0002310
:1055D00003F00103DBB2184605B05DF804FB00B52B
:1055E00087B003900291009313468DF80730002393
:1055F0008DF81730029BDB0123F0784323F07F0303
:10560000039A1360009B23F07C42039B5A609DF831
:105610000730012B02DC002B04DA23E0023B012BD4
:1056200020D817E0039B1A689DF807301A43039BA4
:105630001A60039B1B6843F06042039B1A60039B44
:105640001A689DF82430DB0603F0C0531A43039B0D
:105650001A6011E0039B1A689DF807301A43039BF8
:105660001A6009E0039B1A68009B073303F07F036D
:105670001A43039B1A6000BF9DF82030002B17D0FF
:1056800003990DF117032022184600F0FCFA039B42
:10569000191D0DF117031A22184600F0F4FA039BA6
:1056A0005A689DF817309B061A43039B5A600EE018
:1056B00003990DF117031B22184600F0E4FA039B2F
:1056C0001A689DF81730DB061A43039B1A609DF891
:1056D0002030184600F005F80346184607B05DF87C
:1056E00004FB82B003468DF807309DF80730002B8D
:1056F00001D0082300E00423184602B0704700B52B
:1057000085B0019000238DF80D3000238DF80F3007
:1057100001990DF10D031B22184600F0B4FA01980F
:10572000FFF711FF03468DF80E309DF80D309DF800
:105730000E209A4202D101238DF80F309DF80F30D0
:10574000184605B05DF804FB00B585B00190002354
:105750008DF80D3000238DF80F3001990DF10D03F8
:105760002022184600F08FFA019B191D0DF10D0340
:105770001A22184600F087FA0198FFF7ECFE03465C
:105780008DF80E309DF80D309DF80E209A4202D112
:1057900001238DF80F309DF80F30184605B05DF8E5
:1057A00004FB82B00190019B1B68B3F1FF3F0CBF6B
:1057B00001230023DBB2184602B0704700B585B064
:1057C0000190019B1B68DB0E03F003031846FFF7F3
:1057D000D3FE03468DF80F300198FFF7E5FE034630
:1057E000002B02D09DF80F3000E00023184605B0D2
:1057F0005DF804FB82B00190019B1B68DB09C3F3D9
:105800001303184602B0704700B583B001900198A9
:10581000FFF7CAFE0346184603B05DF804FB00B567
:1058200083B001900198FFF7BFFE03461846FFF7CB
:1058300058FF0346184603B05DF804FB00B585B079
:1058400001900198FFF7B0FE0346002B05D0019BA5
:105850005B6823F07C4303930CE0019B1B6803F01F
:105860007F030393039B072B02D9039B073B00E0B5
:1058700000230393039B184605B05DF804FB00B5B5
:1058800083B001900198FFF780FE0346184603B0ED
:105890005DF804FB84B003460A468DF807301346D2
:1058A0008DF806309DF80730032B03D103238DF8C4
:1058B0000F3016E09DF80730022B09D19DF8063015
:1058C000002B01D0012300E002238DF80F3008E007
:1058D0009DF80630002B01D0002300E007238DF84F
:1058E0000F309DF80F30184604B0704782B0019019
:1058F000019B1B68B3F1FF3F0CBF01230023DBB208
:10590000184602B0704784B00190019B1B681B0CC5
:10591000ADF80E30019B1B68ADF80C30BDF80E30B1
:105920004BF29A22934205D1BDF80C30012B01D1E4
:10593000012300E0002303F00103DBB2184604B0AA
:10594000704784B00190019BDB681B0C0393039BA1
:105950004FF6FF72934214BF01230023DBB21846B7
:1059600004B0704784B00190019BDB68ADF80E3045
:10597000BDF80E304FF6FF72934214BF012300238F
:10598000DBB2184604B0704782B00190019BDB0E79
:10599000184602B0704784B001900B468DF8033072
:1059A0009DF80330012B02D1019BDB4300E0019BFA
:1059B0000393039B23F07843184604B0704700B567
:1059C00085B001900B468DF803309DF80330012B14
:1059D00002D1019BDB430193019B23F078430193A8
:1059E00000238DF80F3001A90DF10F031B2218467B
:1059F00000F049F99DF80F30DA06019B1343184671
:105A000005B05DF804FB84B001900023ADF80E30C2
:105A1000019B5B0A0193019B5B080193019B002B97
:105A200005D0BDF80E300133ADF80E30F3E700BFFE
:105A3000BDF80E30184604B0704700B587B001902D
:105A40000091009B0C330593019B5B6904A9012223
:105A500005989847049B9BB20393039B0393019B78
:105A60009B6903A901220598984700BF07B05DF81C
:105A700004FB00B587B00190009100230593009BC3
:105A80000C330493019B5B6903A901220498984796
:105A9000039B9BB24FF6FF72934210D1039B1B0CEA
:105AA0001B040293029B43F4254343F0A503029396
:105AB000019B9B6902A90122049898470590059BC8
:105AC000184607B05DF804FB10B584B001900023C0
:105AD0008DF80F30019B191D0DF10F031B22184685
:105AE00000F0D1F89DF80F301C46019B5B6818460A
:105AF000FFF74AFF03469C4207D1019B5B680021E8
:105B00001846FFF748FF034620E000238DF80F30CA
:105B1000019B03F108010DF10F031B22184600F051
:105B2000B2F89DF80F301C46019B9B681846FFF7A2
:105B30002BFF03469C4207D1019B9B68012118461D
:105B4000FFF729FF034601E04FF0FF33184604B08A
:105B500010BD00B587B001904FF0FF33049301985A
:105B6000FFF7D1FE03468DF80F309DF80F30002B64
:105B700003D00198FFF7A8FF0490049BB3F1FF3F07
:105B800017D00198FFF7DDFE0346002B03D0022358
:105B90008DF817301AE00198FFF7E4FE0346002B5A
:105BA00003D001238DF8173010E000238DF8173053
:105BB0000CE00198FFF79AFE0346002B03D0032365
:105BC0008DF8173002E004238DF817309DF8173058
:105BD000184607B05DF804FB82B003468DF8073025
:105BE0009DF80730002B03D09DF80730012B01D121
:105BF000012300E0002303F00103DBB2184602B0EA
:105C0000704782B003468DF807309DF80730032BAC
:105C100003D09DF80730042B01D1012300E00023BD
:105C200003F00103DBB2184602B0704782B0019066
:105C3000019B1433184602B0704700B587B003903B
:105C4000029101920093039B1B690298984705906B
:105C5000059B002B0ED1009B019A02990398DCF75B
:105C600083FF0590059B002B08D002990398FFF74E
:105C7000E4FE03E002990398FFF7DFFE059B184658
:105C800007B05DF804FB88B00390029113468DF8CD
:105C90000730029B1B6807939DF807301F2B0AD81B
:105CA0009DF80730012202FA03F3013B0693079A9D
:105CB000069B13400793079B5B0803F05533079A35
:105CC000D31A0793079B03F03332079B9B0803F01B
:105CD000333313440793079B1A09079B134403F0BC
:105CE0000F3213461B0213441A0413441B0E8DF883
:105CF0001730039B1A789DF807109DF81730CB1AC0
:105D0000DBB21344DAB2039B1A7000BF08B07047CD
:105D100086B0039002910192019B002B04D0039B5B
:105D200003F58053059303E0039B03F500530593AC
:105D3000059B0121029A01FA02F21A6000BF06B027
:105D4000704782B001900091019B1A68009B22FA73
:105D500003F303F00103184602B0704700B587B0A3
:105D60000390029101920FF0BBF80590039B1A6813
:105D7000029BDB431A400199029B0B401A43039B91
:105D80001A6005980FF09FF800BF07B05DF804FB9C
:105D900000B583B001900091009B002B04DD012130
:105DA0000198DEF793FD03E000210198DEF78EFDF8
:105DB00000BF03B05DF804FB08B502214FF420706A
:105DC000DDF700F800BF08BD08B50DF0D3FA0346B3
:105DD00000211846DEF77AFD00BF08BD82B00190B1
:105DE0000091019B1A68009B22FA03F303F0010360
:105DF000184602B0704782B003468DF807309DF810
:105E00000730013B4FF4806202FA03F3184602B0F8
:105E1000704700BF704700BF704700BF704700BFAA
:105E2000704782B003468DF8073000BF02B070475C
:105E300000B585B00190DFF75BFC0390039B5B0925
:105E40009BB203F07F039AB2039B9BB203F00F0354
:105E50009BB213439AB2019B5A80039B1B0CDBB28B
:105E600003F00F03DAB2019B5A70039B1B0BDBB2EA
:105E700003F00F03DAB2019B1A7000BF05B05DF8A2
:105E800004FB86B0034600918DF807309DF807208B
:105E900040F6FC73134003934FF0FF330593002348
:105EA0008DF8133019E09DF807209DF81330134446
:105EB00003F00303039A13440293009A029B22FA0D
:105EC00003F303F00103002B02D1029B059308E0CA
:105ED0009DF8133001338DF813309DF81330032BE8
:105EE000E1D9059B184606B0704784B00190019B2C
:105EF0001B78002B06D1019B5B78052B02D1002378
:105F000003934FE0019B1B78012B06D1019B5B782B
:105F1000012B02D10323039344E0019B1B78012B47
:105F200006D1019B5B78032B02D10423039339E054
:105F3000019B1B78022B06D1019B5B78002B02D1C1
:105F4000062303932EE0019B1B78022B06D1019BB5
:105F50005B78052B02D10723039323E0019B1B7879
:105F6000022B06D1019B5B78072B02D108230393F8
:105F700018E0019B1B78032B06D1019B5B78022B59
:105F800002D1092303930DE0019B1B78032B06D15B
:105F9000019B5B78052B02D10A23039302E04FF0AB
:105FA000FF330393039B184604B0704700B587B0D6
:105FB0000390029101920EF093FF0590039B1A68E3
:105FC000029BDB431A400199029B0B401A43039B3F
:105FD0001A6005980EF077FF00BF07B05DF804FB6C
:105FE00000B589B00390029113468DF80730039BEA
:105FF0001B78002B0AD0039B1B78012B06D0039B38
:106000001B78022B02D0039B1B78032BDFF7B4FB1A
:106010000398FFF76AFF0790029BB3F1FF3F01D19E
:10602000079B0293079BB3F1FF3F03D0029A079BA4
:106030009A4202D04FF0FF3327E0029BB3F1FF3FBB
:1060400022D09DF80730002B14BF01230023DBB2C0
:1060500083F00103DBB203F00103DBB21A46032134
:106060000398DFF74FFC9DF80720029B103302FADC
:1060700003F30693029B1033012202FA03F3059304
:1060800006990598DFF7FEFD029B184609B05DF8FA
:1060900004FB08B5F1F79CFA00BF08BD08B54FF046
:1060A000FF300AF0A9FD0346184608BD00BF4FF0B7
:1060B00098435B6C03F48013002BF8D04FF09843A7
:1060C0005B6D03F470231846704786B0039002910D
:1060D0000192019B002B04D0039B03F58053059391
:1060E00003E0039B03F500530593059B0121029AEE
:1060F00001FA02F21A6000BF06B0704782B00023B6
:106100000193019B184602B0704782B00190019B39
:10611000B3F57F0F5BD0019BB3F57F0F5DD8019B7B
:10612000B3F5302F57D0019BB3F5302F55D8019BD5
:10613000B3F5202F4DD0019BB3F5202F4DD8019BF7
:10614000B3F5E02F41D0019BB3F5E02F45D8019B7B
:10615000B3F5C02F37D0019BB3F5C02F3DD8019BBD
:10616000B3F5A02F2DD0019BB3F5A02F35D8019BFF
:10617000B3F5802F23D0019BB3F5802F2DD8019B41
:10618000B3F5403F19D0019BB3F5403F25D8019BA3
:10619000B3F5003F0FD0019BB3F5003F1DD8019B25
:1061A000002B04D0019BB3F5803F02D015E0002303
:1061B00014E0482312E02A2310E02C230EE04B23A6
:1061C0000CE001230AE0012308E0212306E0062376
:1061D00004E0102302E0112300E00123184602B07E
:1061E000704730B58DB0019003AB242200211846D2
:1061F0000BF008F9019B002B01D1212309E0019B41
:106200001D4603AC0FCC0FC50FCC0FC523682B6008
:10621000002318460DB030BD00B583B00190019B3E
:10622000002B01D1212303E00198FFF7DAFF034699
:10623000184603B05DF804FB00B587B001900091EB
:10624000019B002B02D0009B002B01D121237CE07D
:106250000023029302AB1946019800F07AF80590EA
:10626000059B002B01D0059B6FE0019B1B6803F091
:1062700070430493049B002B04D1029A009B1A6084
:10628000002362E0019B9B6803F48043002B14BF52
:10629000012300238DF80F30019B9B6803F400530A
:1062A000002B14BF012300238DF80E30019B9B6847
:1062B00003F48053002B14BF012300238DF80D300D
:1062C000049BB3F1004F13D19DF80F209DF80E30C1
:1062D0005B00D1189DF80D2013465B0013445B0052
:1062E0000B441A46029B03FB02F2009B1A602BE050
:1062F000049BB3F1204F11D19DF80F209DF80E3073
:10630000D1189DF80D2013469B0013440B441A46E8
:10631000029B03FB02F2009B1A6015E0049BB3F1A1
:10632000304F03D0049BB3F1404F0BD19DF80F20A9
:106330009DF80E3013441A46029B03FB02F2009BA9
:106340001A6001E0212300E00023184607B05DF841
:1063500004FB86B001900091019B002B02D0009BB2
:10636000002B01D1212358E0019B1B6803F07043EF
:106370000593059B002B06D1019B1B68C3F30E02FE
:10638000009B1A603AE0059BB3F1004F0BD0059BD0
:10639000B3F1204F07D0059BB3F1304F03D0059BDD
:1063A000B3F1404F28D1019B9B6803F48053002B2D
:1063B00014BF012300238DF813309DF81330002BF8
:1063C00013D0019BDB69002B01D1212325E0019B28
:1063D0001B68002B07DA019BDB690393039B1A6898
:1063E000009B1A600AE00F2317E0019B1B6803F073
:1063F0007F02009B1A6001E021230EE0009B1B68D6
:10640000002B09D1019B5B68002B01D1212304E003
:10641000019B5A68009B1A600023184606B070471B
:1064200000B58DB00390029111461A460B468DF8C7
:10643000073013468DF80630039B002B02D0029BD9
:10644000002B01D121238AE0039B1A68029B1B6861
:106450009A4238D0039B1B6803F07043B3F1004F9E
:1064600006D0039B1B6803F07043B3F1404F27D164
:10647000039B1A68029B1B685340B3F1805F21D2D3
:106480000023059305AB19460398FFF762FF034607
:10649000002B13D1039B1A68059BC3F30E03134310
:1064A0000B93029B1A68059BC3F30E0313430A93D5
:1064B0000B9A0A9B9A4205D0212350E021234EE0FB
:1064C00021234CE000BF039B1B6803F07043002BAB
:1064D00024DA9DF80630002B02D04FF4805301E0FF
:1064E0004FF4E04309939DF80730002B0AD0039B3B
:1064F0009A68029B9B685A40099B1340002B01D06D
:1065000021232CE09DF80630002B07D0029B9B68CE
:1065100003F40053002B01D1212320E00023079333
:1065200007AB19460398FFF714FF0890089B002B50
:1065300001D0089B13E00023069306AB194602988E
:10654000FFF707FF0890089B002B01D0089B06E08F
:10655000079A069B9A4201D0212300E000231846A7
:106560000DB05DF804FB00B587B001900091019B70
:10657000002B02D0009B002B01D1212347E0009B80
:1065800001225A60019BDB68002B03D0019BDB6872
:10659000012B2DD10023039303AB19460198FFF77C
:1065A0004BFE0490049B002B01D0049B2FE00023A2
:1065B0000593019BDB68002B02D1039B059306E04A
:1065C000019BDB68012B02D1039B1C330593019BCC
:1065D0005B69059A9A4201D91D2318E0019B1A694B
:1065E000009B1A60059B43F00052009B9A600DE0EF
:1065F000019BDB68032B03D0019BDB68022B03D1DB
:10660000009B00229A6001E0212300E0002318464D
:1066100007B05DF804FB00B5A1B001900091019BAB
:10662000002B02D0009B002B01D12123A1E0019B74
:106630004FF000721A60019B00225A60019B0022F9
:106640009A60019B0022DA6103AB19460098E0F7DB
:106650006BFB1F901F9B002B01D01F9B89E0019BB0
:10666000039A114618460EF0B5FC019B1E93009B41
:106670009B6803F48053002B54D0009B1B68002BB5
:106680004EDA009BDB691D931D9B1B681C93012345
:106690001A931D9B5B6819931C9B1B9319AB19469E
:1066A0001E9800F07BF9012317931D9B9B6816939E
:1066B0001C9B189316AB19461E9800F06FF9012326
:1066C00014931D9BDB6813931C9B159313AB194606
:1066D0001E9800F063F9012311931D9B1B69109311
:1066E0001C9B129310AB19461E9800F057F901231A
:1066F0000E931D9B5B690D931C9B0F930DAB19466D
:106700001E9800F04BF901230B931D9B9B690A9384
:106710001C9B0C930AAB19461E9800F03FF901E050
:106720000F2326E007AB19460098E0F7B3FC1F9053
:106730001F9B002B01D01F9B1BE0019B07AA11464A
:10674000184600F02BF904AB19460098FFF70BFF31
:106750001F901F9B002B01D01F9B0AE0019B04AAE6
:106760001146184600F036F901980EF007FC1F900C
:106770001F9B184621B05DF804FB00B591B0039053
:1067800002910192039B002B05D0029B002B02D0AB
:10679000019B002B01D121236FE0002301220199ED
:1067A0000298FFF73DFE0F900F9B002B01D00F9B2F
:1067B00063E0029BDB68002B07D1019BDB68022BA7
:1067C00005D0019BDB68012B01D0212355E0039B01
:1067D0004FF080721A60039B00225A60039B0022D4
:1067E0009A60039B0022DA6105AB19460198E0F735
:1067F0009BFA0F900F9B002B01D00F9B3DE0039B5A
:10680000059A114618460EF0E5FB0CAB19460298A6
:10681000FFF7A9FE0F900F9B002B01D00F9B2CE0E0
:10682000039B0CAA1146184600F0B8F809AB1946AC
:106830000198E0F72FFC0F900F9B002B01D00F9BCE
:106840001BE0039B09AA1146184600F0A7F806AB07
:1068500019460198FFF787FE0F900F9B002B01D080
:106860000F9B0AE0039B06AA1146184600F0B2F8F7
:1068700003980EF083FB0F900F9B184611B05DF844
:1068800004FB00B591B0039002910192039B002B91
:1068900005D0029B002B02D0019B002B01D12123AC
:1068A0006FE00023012201990298FFF7B9FD0F90D4
:1068B0000F9B002B01D00F9B63E0019BDB68002B3B
:1068C00007D1029BDB68022B05D0029BDB68012B02
:1068D00001D0212355E0039B4FF081721A60039B86
:1068E00000225A60039B00229A60039B0022DA6117
:1068F00005AB19460298E0F717FA0F900F9B002B93
:1069000001D00F9B3DE0039B059A114618460EF0FF
:1069100061FB0CAB19460298E0F7BCFB0F900F9B94
:10692000002B01D00F9B2CE0039B0CAA11461846AC
:1069300000F034F809AB19460298FFF714FE0F90E7
:106940000F9B002B01D00F9B1BE0039B09AA114654
:10695000184600F023F806AB19460198FFF703FE2E
:106960000F900F9B002B01D00F9B0AE0039B06AA00
:106970001146184600F02EF803980EF0FFFA0F901B
:106980000F9B184611B05DF804FB82B001904FF0E8
:106990009842019B136000BF02B0704784B0019021
:1069A0000091019B5B68002B03D1019B009A5A6008
:1069B0000DE0019B5B68039302E0039B5B6803931C
:1069C000039B5B68012BF8D1039B009A5A6000BFC0
:1069D00004B0704784B001900091019B9B68002B2C
:1069E00003D1019B009A9A600DE0019B9B68039381
:1069F00002E0039B5B680393039B5B68012BF8D168
:106A0000039B009A5A6000BF04B0704700B583B082
:106A1000FFF774FB019000BF03B05DF804FB00B505
:106A200093B00A910992089303468DF82F304923B9
:106A30008DF83030002311930CE0149A119B1A4406
:106A4000119B0133127848336B4403F8182C119BC7
:106A500001331193119B0C2BEFD9099BDBB21B1255
:106A6000DBB28DF83E30099BDBB28DF83F3000235E
:106A70008DF8403001238DF841309DF854308DF869
:106A800042309DF82F0004230693169B0593132391
:106A900004930CAB0393089B0293099B01930A9BFD
:106AA00000930A9B00220021E0F75CFC0346184695
:106AB00013B05DF804FB00B597B00291019200930A
:106AC00003468DF80F30019BB3F5807F0AD0019B00
:106AD000B3F5807F10D8019B802B09D0019BC02B80
:106AE00004D009E04FF48273159307E00F2337E0D9
:106AF0004FF48073159301E0292331E09DF80F30A6
:106B000083F00103DBB21A46159B13431593189BC0
:106B10001193012312931023139321231493009BA9
:106B20000D9301230E9310230F932123109315AB84
:106B300009930DAB0A9304230B9311230C93029B2F
:106B4000059309AB0693019BDB08079340F61103FD
:106B5000089311AA05AB11461846E0F7BBFB0346A4
:106B6000184617B05DF804FB00B589B00790069190
:106B7000059204930B9B02939DF828300193049B8C
:106B80000093059B069A07990020FFF748FF0346EC
:106B9000184609B05DF804FB00B589B0079006916E
:106BA000059204930B9B02939DF828300193049B5C
:106BB0000093059B069A07990120FFF730FF0346D3
:106BC000184609B05DF804FB08B5E0F7B1FDE0F741
:106BD000DFFD00BF08BD82B000230193019B184672
:106BE00002B0704700B585B001900EF079F90390BE
:106BF0004FF0A8431A68019B1A604FF0A8431A6926
:106C0000019B5A6003980EF05EF90023184605B008
:106C10005DF804FB00B585B001900EF061F90390BA
:106C20004FF0A842019B1B6813604FF0A842019BE4
:106C30005B68136103980EF046F90023184605B00F
:106C40005DF804FB00BF704700BF704782B0019041
:106C5000019BA3F50623A3F550635B09184602B018
:106C6000704782B00190019B03F01F03184602B0E9
:106C7000704786B0CDE90001009B0593DDE9000176
:106C80004FF000024FF000030A000023059B534021
:106C900002930123039316E0039BDB00029A22FA7E
:106CA00003F3029A53400493049B03F00303002B65
:106CB00002D0049B9B000493059A049B1344059304
:106CC000039B01330393039B032BE5D9059B1846D4
:106CD00006B0704700B593B0CDE906010592059B5B
:106CE000002B02D16FF086032CE06FF09603119316
:106CF0000CAB00221A605A609A60DA6000230B9392
:106D000000230A93FFF79EFF0CAA09AB02930BAB7B
:106D100001930AAB009313460022DDE90601E0F778
:106D200001FF1190119B002B03D0FFF78DFF119BEA
:106D300008E00D9A059B5A600B9A059B1A60FFF7B5
:106D400083FF0023184613B05DF804FB00B583B041
:106D5000FFF7D4F90190019B002B02D06FF0920352
:106D600000E00023184603B05DF804FB00B583B0D3
:106D7000FFF7C4F90190019B002B02D06FF0920342
:106D800000E00023184603B05DF804FB00B58FB0A7
:106D9000039002910192FFF7B1F90D900D9B002B2A
:106DA00002D06FF092031EE004AB1846FFF719FA09
:106DB0000D900D9B002B02D06FF0920313E004ABFB
:106DC000029A03991846DFF7FFFD0D900D9B002BEB
:106DD00004D1019B029A1A60002304E0019B002267
:106DE0001A606FF0920318460FB05DF804FB00B50F
:106DF00087B003900291019200936FF09603059380
:106E0000009B00221A60009A01990298FFF7BEFFCA
:106E10000590059B184607B05DF804FB82B0019011
:106E2000019B1B88184602B0704784B00190019BFB
:106E30001B680393039B102B05D0039B182B02D0D8
:106E4000039B202B01D1002301E06FF0860318463D
:106E500004B0704782B00190019B1B88184602B0B5
:106E6000704782B00190019B5B88184602B0704762
:106E700084B001900091009B002B01D100230DE014
:106E8000019B039304E0039B5A1C039200221A7097
:106E9000009B5A1E0092002BF5D10023184604B027
:106EA000704784B0039002910192039B0022DA6044
:106EB000039B029A1A61019B033323F00302039B95
:106EC0005A6100BF04B0704782B00190019B5B68BB
:106ED000184602B0704782B00190019B9B6818462B
:106EE00002B0704782B00190019B1B88184602B027
:106EF000704782B00190019B5B88184602B07047D2
:106F000084B0039002910192039B0022DA60039BFC
:106F1000029A1A61019B033323F00302039B5A6117
:106F200000BF04B0704782B00346ADF80630BDF82C
:106F3000063023F0FF03B3F5824F1DD1BDF80630B4
:106F400023F4435323F03F03B3F5824F04D1BDF83C
:106F50000630DBB2412B0FD0BDF8063023F443538B
:106F600023F03F03B3F5824F04D1BDF80630DBB206
:106F7000422B01D0012300E00023184602B07047E5
:106F800088B003900291019200238DF81F300023F6
:106F9000069300230493002305932BE0019A059B9D
:106FA000D31A013B039A13441A789DF81F301343F8
:106FB0008DF81F30019A059BD31A013B039A1344A5
:106FC0001B781946019A059BD31A013B029A134478
:106FD0001B78CB1A0493049B002B0CBF01230023C6
:106FE000DBB25A42069B1340049A13430693059B57
:106FF00001330593059A019B9A42CFD39DF81F3028
:10700000002B02D0069B002B02DB6FF0860300E012
:107010000023184608B0704784B001900091009B8F
:10702000002B01D100230DE0019B039304E0039B9F
:107030005A1C039200221A70009B5A1E0092002BC9
:10704000F5D10023184604B0704700B587B003900F
:10705000029101920398FFF745FF0346ADF8163001
:10706000BDF8163023F0FF03B3F5E24F0CD1BDF8A5
:10707000163023F4435323F03F03B3F5824F03D17B
:10708000BDF81630DBB2412B00BF07B05DF804FB42
:1070900000B58FB0039002910192019B002B05D0A7
:1070A000039B002B02D0029B002B02D16FF08603C2
:1070B0002FE005AB2022002118460AF0A3F905AB0A
:1070C0001A4602990398E1F7D5FA0D900D9B002B13
:1070D00002D06FF086031CE0059A019B1B689A4260
:1070E00013D1069A019B5B689A420ED1079A019BC5
:1070F0009B689A4209D10B9A019B9B699A4204D1E1
:107100000C9A019BDB699A4202D06FF0860300E083
:10711000002318460FB05DF804FB00B587B003905C
:10712000029101920398FFF7CFFE03461B0A0593D5
:10713000019B00221A60059B002B03D0059B012BAD
:1071400011D016E00398FFF7CDFE03461846FFF76F
:10715000EAFE0346002B02D0029B01330293019BFF
:10716000029A1A6008E0029B03F12C02019B1A604C
:1071700002E06FF0850300E00023184607B05DF8D9
:1071800004FB00B587B0039002910192009303982D
:10719000FFF79AFE03461B0A0593059B002B03D0BD
:1071A000059B012B0ED020E0019A009B9A4202D24F
:1071B0006FF08C031DE0089B029A1A61089B019AEC
:1071C0005A6115E0009B2C33019A9A4202D26FF06B
:1071D0008C030EE0029B03F11002089B1A61009BD6
:1071E00003F11C02089B5A6102E06FF08B0300E080
:1071F0000023184607B05DF804FB00B587B0039084
:1072000002910192019B2B2B02D86FF089031BE0A6
:10721000029B0593059B01221A70059B00225A7060
:10722000059B02330222002118460AF0EBF8039B6B
:107230001A68059B5A60039B5A68059B9A60039BDA
:107240009A68059BDA600023184607B05DF804FBD6
:1072500000B59DB00590049103920293059B002B0D
:1072600005D0049B002B02D0039B002B02D16FF0B2
:107270008603A4E00598FFF73CFE1A901A9B07339B
:10728000DB081993199B002B02D16FF0850396E060
:107290000598FFF727FE0346ADF86230BDF862306F
:1072A00003F4E043B3F5805F06D0BDF8623003F429
:1072B000E043B3F5005F07D11A9B03F00703002BEF
:1072C00002D06FF086037AE0BDF8623003F4E04349
:1072D000B3F5804F02D16FF0850370E00FAB202231
:1072E000002118460AF08EF80FAB1A461999059836
:1072F000E1F7C0F91B901B9B002B01D01B9B5EE0AC
:107300000FAB0093199B039A04990598FFF739FF77
:107310001B901B9B002B01D01B9B50E006AB242233
:10732000002118460AF06EF806AB1846FEF759FF22
:107330001790179B002B02D06FF092033FE00FAA2B
:1073400006AB11461846FFF766F91790179B002BFE
:107350000AD0179B482B03D16FF085031B9322E0C3
:107360006FF092031B931EE00598FFF7ADFD0346F7
:107370001B0A002B05D11A9A04990598FFF765FEA0
:1073800009E00FAB039A04991846FFF736FF1B90EC
:107390001B9B002B06D1029A19990598FFF7BDFE99
:1073A0001B9000E000BF06AB1846FEF735FF1790B4
:1073B000179B002B02D06FF0920300E01B9B184636
:1073C0001DB05DF804FB30B5A3B0039002910192AB
:1073D0000093039B002B0ED0029B002B0BD0019B34
:1073E000002B08D0009B002B05D0269B002B02D041
:1073F000279B002B02D16FF0860392E016AB202270
:107400000021184609F0FEFF16AB019A0299039875
:10741000E1F772FA2190219B002B01D0219B80E0A3
:10742000012320930EAC16AD0FCD0FC495E80F00CD
:1074300084E80F0000231F93009A209BD118269AFE
:10744000209BD21A0EAB1846FFF75AFD109B23F073
:10745000807323F480431093109B43F400531093E4
:1074600000230D930DAA0EAB11461846FEF7E4FE5D
:107470001E901E9B002B02D06FF0920351E00D9ADC
:10748000209B1A441F9B5B00D31A0D930D9B269AD9
:107490009A4202D26FF0890343E004AB2422002118
:1074A000184609F0AFFF04AB1846FEF79AFE1E908F
:1074B0001E9B002B02D06FF0920332E00EAA16A999
:1074C00004AB1846DFF71CFE1E901E9B012B03D158
:1074D0006FF08B03219318E01E9B002B0AD01E9B9C
:1074E000482B03D16FF0850321930EE06FF09203D8
:1074F00021930AE000232193209B012B02D1009BC2
:1075000004221A700D9A279B1A6004AB1846FEF7E6
:1075100083FE1E901E9B002B02D06FF0920300E0B2
:10752000219B184623B030BD00B585B00390029171
:1075300001920093009B019A02990398FFF788FE3D
:107540000346184605B05DF804FB00B587B005900A
:10755000049103920293099B0193089B0093029B61
:10756000039A04990598FFF72EFF0346184607B0C3
:107570005DF804FB30B5A7B0059004910392029327
:107580006FF096032593059B002B11D0029B002BD7
:107590000ED02A9B002B0BD0049B002B08D0039B02
:1075A000002B05D02B9B002B02D02C9B002B02D153
:1075B0006FF08603E1E02B9B00221A600598FFF72D
:1075C00091FC0346ADF89230039BDA002C9B1A60C5
:1075D000BDF8923023F4435323F03F03B3F5824FB9
:1075E00003D1BDF89230DBB200E00023122B1BD197
:1075F000BDF8923023F0FF03B3F5824F0AD12C9BE4
:107600001B68A3F108022C9B1A602C9B1B685A086C
:107610002C9B1A602C9B1B68B3F5047F06D12C9B16
:1076200040F209221A6001E000BF00E000BF002321
:1076300023930023229300232093BDF8923023F458
:10764000435323F03F03B3F5824F1ED120AB039A7F
:1076500004990598E0F792FE2590259B002B01D018
:10766000259B8AE0209B0733DB082093BDF89230EE
:107670001846FFF758FC0346002B08D0039B013B3C
:107680000393049B0133049301E0039B209318AB05
:1076900020220021184609F0B5FE209B18AA1946A1
:1076A0000598E0F7E7FF2590259B002B01D0259B4F
:1076B00063E010AC18AD0FCD0FC495E80F0084E85F
:1076C0000F0010AB039A04991846FFF719FC07AB9B
:1076D00024220021184609F095FE00232193039AE5
:1076E000229B1A4418AB009313462A9A02990598D4
:1076F000FFF747FD2590259B002B38D107AB184697
:10770000FEF76FFD2190219B002B03D06FF09203B9
:10771000259331E018AA10A907AB1846FFF72DF8FA
:107720002190219B002B03D06FF09203259312E050
:1077300018AB2A9A02991846FFF75FFD2590259B02
:10774000002B16D1039A229B13442B9A19460598B5
:10775000FFF7E3FC259007AB1846FEF75DFD21908F
:10776000219B002B07D06FF09203259304E000BF0C
:1077700002E000BF00E000BF259B184627B030BDE7
:1077800030B5A5B00390029101920093039B002BAA
:107790000ED0029B002B0BD0019B002B08D0009B2E
:1077A000002B05D0289B002B02D0299B002B02D157
:1077B0006FF0860393E00398FFF78DFB034603F019
:1077C0000103002B02D16FF0840388E017AB202265
:1077D0000021184609F016FE17AB019A029903988A
:1077E000E1F78AF82390239B002B01D0239B76E0BE
:1077F0000FAC17AD0FCD0FC495E80F0084E80F0054
:1078000000230E930398FFF76DFB0346ADF88A3013
:107810000EAA0FAB11461846FEF70EFD2190BDF8DB
:107820008A301846FFF77FFB2090209B012B08D160
:10783000009B04221A70009B01330093289B013B9C
:1078400028930398FFF755FB1F900FAB289A0099D8
:107850001846FFF755FB219B002B02D06FF09203D7
:107860003DE00E9B289A9A4202D26FF0890336E0DF
:1078700005AB24220021184609F0C4FD05AB1846CB
:10788000FEF7AFFC2190219B002B02D06FF09203FA
:1078900025E00FAA17A905AB1846FEF7F2FF2190C5
:1078A000219B002B03D06FF0920323930BE0002366
:1078B00023931F9A00990398FFF7C7FB0E9A209B0A
:1078C0001A44299B1A6005AB1846FEF7A5FC2190C7
:1078D000219B002B02D06FF0920300E0239B1846FF
:1078E00025B030BD00B587B003900291019200939E
:1078F0000398FFF7F7FA0346ADF81630BDF81630D7
:1079000003F4E043B3F5805F06D0BDF8163003F40E
:10791000E043B3F5005F02D16FF0850306E0009B02
:10792000019A02990398FFF793FC0346184607B0A3
:107930005DF804FB00B587B00590049103920293B3
:107940000598FFF7CFFA034603F4E043B3F5804F01
:1079500002D16FF085030AE0099B0193089B009315
:10796000029B039A04990598FFF72DFD03461846DC
:1079700007B05DF804FB00B587B003900291019257
:1079800000930398FFF7AEFA034623F4435323F022
:107990003F03B3F5824F23D10A9B019A02990398C2
:1079A000E0F7ECFC0590059B002B01D0059B19E04E
:1079B000089A019B9A4202D26FF0890312E0019A61
:1079C0000299009809F029FD0A9B1B681A46009944
:1079D0000398FFF73AFB099B019A1A60002301E024
:1079E0006FF08503184607B05DF804FB82B0019084
:1079F000019B1B88184602B0704784B0019000912B
:107A0000009B002B01D100230DE0019B039304E0B8
:107A1000039B5A1C039200221A70009B5A1E00926C
:107A2000002BF5D10023184604B0704700B58DB087
:107A30000B900A9109920893149B0693139B05934C
:107A4000129B0493119B0393109B02930F9B019332
:107A50000E9B0093089B099A0A990B98E0F7B8FAD5
:107A6000034618460DB05DF804FB82B00190019BFF
:107A70005B88184602B0704700B593B00790069136
:107A800005920493069B002B02D0079B002B02D18A
:107A90006FF086031EE009AB20220021184609F092
:107AA000B1FC09AB059A06990798E0F725FF1190FC
:107AB000119B002B01D0119B0CE009A8189B02938D
:107AC000179B0193169B0093159B149A0499E1F759
:107AD000A9F80346184613B05DF804FB00B587B05B
:107AE0000590049103920293089B0093029B039AD2
:107AF00004990598E1F740FA0346184607B05DF887
:107B000004FB00B585B0039002910192039B002B0A
:107B100005D0029B002B05D1019B002B02D06FF0FA
:107B2000860308E0039B03F160000399019B029A1E
:107B3000E1F744F90346184605B05DF804FB00B5CB
:107B400087B00590049103920293059B002B08D007
:107B5000049B002B05D0039B002B02D0029B002B23
:107B600002D16FF086030AE0059B03F160000599DE
:107B7000029B0093039B049AE1F784F9034618469D
:107B800007B05DF804FB00B583B00190019B002BAA
:107B900002D16FF0860305E098220021019809F0D8
:107BA00031FC0023184603B05DF804FB00B58BB030
:107BB0000990089107920693109B04930F9B0393DF
:107BC0000E9B02930D9B01930C9B0093069B079ABF
:107BD00008990998E0F7BCFA034618460BB05DF81F
:107BE00004FB00B58DB00B900A9109920893149B89
:107BF0000693139B0593129B0493119B0393109B75
:107C000002930F9B01930E9B0093089B099A0A997C
:107C10000B98E0F7DDF9034618460DB05DF804FB5C
:107C200082B00190019B1B88184602B0704782B059
:107C30000190019B5B88184602B0704700B587B081
:107C40000390029101920093039B0022DA60039B50
:107C5000019A1A61039B009A5A610298FFF7E0FFAC
:107C60000346ADF81630BDF81630B3F5105F2DD1D0
:107C70000298FFF7DCFF0346B3F5807F15D0B3F51C
:107C8000807F19D8802B02D0C02B07D014E0039B33
:107C900010225A60039B10221A6010E0039B1822E6
:107CA0005A60039B18221A6009E0039B20225A6045
:107CB000039B20221A6002E06FF085030DE000BFF5
:107CC000039B5B68009A9A4206D202E06FF086033B
:107CD00003E06FF0860300E00023184607B05DF86C
:107CE00004FB00B593B00790069105920493069BA0
:107CF000002B02D0079B002B02D16FF086031EE001
:107D000009AB20220021184609F07CFB09A8059B3D
:107D1000069A0799FFF792FF1190119B002B01D053
:107D2000119B0CE009A8189B0293179B0193169BCB
:107D30000093159B149A0499E0F774FF03461846C4
:107D400013B05DF804FB00B587B003900291019277
:107D50000093039B002B08D0029B002B05D0019BB6
:107D6000002B05D1009B002B02D06FF0860350E062
:107D70005C220021039809F045FB039B089A0299B5
:107D80001846E0F7E1FF0590059B002B01D0059B0D
:107D90003FE00298FFF74BFF0346DA08039B9A6522
:107DA000039B9B6D202B22D0202B2ED8102B02D092
:107DB000182B0ED029E0009B0F2B02D86FF0860302
:107DC00027E0039B383310220199184609F025FB60
:107DD0001EE0009B172B02D86FF0860319E0039B6F
:107DE000383318220199184609F017FB10E0009B60
:107DF0001F2B02D86FF086030BE0039B3833202241
:107E00000199184609F009FB02E06FF0860300E0D3
:107E10000023184607B05DF804FB00B587B0059055
:107E2000049103920293089B0093029B039A049986
:107E30000598FFF788FF0346184607B05DF804FB76
:107E400000B58FB0039002910192039B002B05D0E7
:107E5000029B002B05D1019B002B02D06FF0860303
:107E600017E005AB20220021184609F0CBFA05AB3C
:107E700003991846E1F7F8F80D900D9B002B01D0FF
:107E80000D9B06E0039805A9019B029AE0F796FF77
:107E9000034618460FB05DF804FB00B591B005909D
:107EA000049103920293059B002B08D0049B002BA6
:107EB00005D0039B002B02D0029B002B02D16FF058
:107EC000860319E007AB20220021184609F09AFA30
:107ED00007AB05991846E1F7C7F80F900F9B002BE9
:107EE00001D00F9B08E0059807A9029B0093039B14
:107EF000049AE0F7C7FF0346184611B05DF804FB8B
:107F000000B583B00190019B002B02D16FF0860376
:107F100005E05C220021019809F074FA002318465C
:107F200003B05DF804FB00B58BB00990089107928F
:107F30000693109B04930F9B03930E9B02930D9B40
:107F400001930C9B0093069B079A08990998E0F708
:107F5000FFF8034618460BB05DF804FB00B587B088
:107F60000590049103920293059B9A68099B0193E3
:107F70009DF820300093029B03990498FEF7F4FDCE
:107F80000346184607B05DF804FB00B587B00590BE
:107F9000049103920293059B9A68099B01939DF8B3
:107FA00020300093029B03990498FEF7F5FD0346E9
:107FB000184607B05DF804FB00B587B00590049142
:107FC00003920293049B802B05D0049BC02B02D00C
:107FD000049BB3F5807F059B9868099B0193089BE0
:107FE0000093029B039A0499DFF708FB03461846A7
:107FF00007B05DF804FB00B587B0049103920293CB
:1080000003468DF81730039B802B05D0039BC02BB4
:1080100002D0039BB3F5807F049B99689DF81700FD
:10802000089B0093029B039AFEF745FD0346184602
:1080300007B05DF804FB08B500F03EF803461846AB
:1080400008BD00B583B0034600918DF80730009B52
:10805000002B01D1222306E09DF807300099184635
:10806000E1F744F80346184603B05DF804FB00B599
:1080700083B0019001210198E1F75CF903461846AD
:1080800003B05DF804FB86B0039002910192019B5E
:10809000002B04D0039B03F58053059303E0039B5F
:1080A00003F500530593059B0121029A01FA02F2A0
:1080B0001A6000BF06B0704700231846704708B525
:1080C000E1F7C4FA0346184608BD82B000230193C5
:1080D000019B184602B0704708B501213620DAF737
:1080E0002BFF0020DBF76CFF0023184608BD08B506
:1080F000E1F708FC00BF08BD08B5E1F781FC00BF4F
:1081000008BD00B583B00190019B002B01DB019BF2
:108110005D2B0198E1F72CFD00BF03B05DF804FB77
:1081200000B583B001900091019B13F1100F01DBAA
:10813000019B5D2B00990198E1F730FD00BF03B072
:108140005DF804FB82B0019000910E23184602B046
:10815000704784B003900291019200930E23184659
:1081600004B0704782B0019000BF02B0704784B085
:1081700003900291019200BF04B0704782B0019059
:10818000009100BF02B0704700B585B00190002398
:10819000039303AB00224FF0FF310198E1F756FD46
:1081A000039B184605B05DF804FB00B587B003904B
:1081B0000B4601928DF80B309DF80B20019B4FF080
:1081C000FF310398E1F742FD0590059B184607B083
:1081D0005DF804FB00B583B001900198E1F7A6FEBD
:1081E00000BF03B05DF804FB00B585B001900091BD
:1081F0000023039303AB00220099019800F005F8D7
:10820000039B184605B05DF804FB00B587B00390EA
:108210000291009313468DF8073000230593009BCD
:10822000002B01D1222326E0009B00221A60029B32
:10823000002B02D0039B002B01D121231BE0039BC9
:10824000029A02FB03F304939DF80730009A194643
:108250000498FFF7AAFF0590059B002B0AD1009B0D
:108260001B68002B06D0009B1B68049A002118464F
:1082700009F0C8F8059B184607B05DF804FB00B587
:1082800089B001900091019B08330793019B0693ED
:10829000079A009B13445A1E009B5B4213400793AE
:1082A000079B083B0193019800F06AF8019A069B2E
:1082B000D31ADB10ADF81630069B5A88BDF816307D
:1082C000D31A9AB2019B5A80069B9A88BDF8163041
:1082D00013449AB2019B9A80069B9B88002B13D073
:1082E000069B9B88DB005B42069A13440493019B28
:1082F0009A88049BDA80049B5A88BDF81630134490
:108300009AB2049B5A8004E0019A137843F0020366
:108310001370069BDB88002B12D0069BDB88DB00EA
:10832000069A13440393069BDA88BDF81630D31AD5
:108330009AB2019BDA80019BDA88039B9A8002E063
:10834000019B0022DA80019B184609B05DF804FB0E
:1083500000B585B0019000910098FFF715FF0390DC
:10836000039B184605B05DF804FB00B583B001908F
:1083700000910098FFF72EFF00BF03B05DF804FBEB
:1083800082B00190019A13786FF300031370019A81
:1083900013786FF341031370019A13886FF38F03FF
:1083A0001380019B00225A80019B00229A80019B2E
:1083B0000022DA8000BF02B0704786B001900B4601
:1083C0008DF8033013468DF802309DF803309B087A
:1083D0008DF817309DF8033003F00303DB0004939E
:1083E000FF22049B02FA03F303939DF81730012B3D
:1083F00019D89DF81720019B0C3253F82220039BBB
:10840000DB4302EA03019DF80220049B02FA03F316
:108410001A46039B13409DF817201943019B0C3209
:1084200043F8221000E000BF06B0704784B003900C
:10843000029101920093039B029A9A60039B019A16
:10844000DA60039B009A1A6100BF04B0704708B558
:10845000E2F730F808B5FFF7FAFF00BF08BD00B536
:1084600083B06B4600221A601A7100238DF8043025
:108470006B461846DCF764FD00BF03B05DF804FBF3
:1084800000B583B00CF02CFD01900BF0BDFD019800
:108490000CF019FD00BF03B05DF804FB82B0034689
:1084A00000928DF807300B468DF8063000BF02B001
:1084B000704708B54FF4C870E2F768FA03461846EB
:1084C00008BD08B500F003F80346184608BD00B51E
:1084D00083B00DF1060319461320FFF7B2FDBDF876
:1084E0000630184603B05DF804FB08B5FAF77EFFC6
:1084F000FAF791FFFAF796FFFAF7A7FFFAF7B0FF3E
:1085000000BF08BD08B5FAF7ADFFFAF7ADFFFAF7FF
:10851000ADFFFAF7B0FF00BF08BD00B583B0002380
:10852000019302F087FBE7F7ADF903F09CFB04F041
:10853000B9F9019B184603B05DF804FB08B5EEF7E6
:108540006DF800BF08BD08B504213020FFF7E8FD35
:1085500004213120FFF7E4FD04213220FFF7E0FD84
:1085600004213520FFF7DCFD04213420FFF7D8FD7E
:1085700004212F20FFF7D4FD04213320FFF7D0FD85
:1085800005216FF00100FFF7CBFD6FF00100E1F76F
:10859000D9FA00BF08BD82B00190019B00221A6089
:1085A0000E23184602B0704700BF704700B583B075
:1085B00001900091019B002B03D000990198E2F7F4
:1085C00001FD0198FFF706FE00BF03B05DF804FB54
:1085D00082B001900091019B002B03D0019A009B77
:1085E000134400E00023184602B0704782B00190A7
:1085F000019B002B0CBF01230023DBB2184602B005
:10860000704782B00190019B5B69184602B07047C9
:1086100082B00190019B5B68184602B0704782B03F
:108620000190019B1B88184602B0704782B00190F0
:10863000019B5B88184602B0704700B583B06FF0AD
:1086400096030193FEF782FB0190019B002B01D062
:10865000019B08E0FEF78AFB0190019B002B01D0F3
:10866000019B00E00023184603B05DF804FB00BF47
:10867000704700B587B00390029101920093039870
:10868000FFF7C6FF03461B0A05930398FFF7C7FFD2
:108690000346ADF81230009B00221A60059B012BA7
:1086A00008D1009B019A1A600099039801F09CFC84
:1086B000034601E06FF08603184607B05DF804FB3F
:1086C00000B58DB007900691059204936FF0960364
:1086D0000B930798FFF79CFF03461B0A0A9301239D
:1086E00009930A9B002B03D00A9B012B25D02DE078
:1086F0000798FFF794FF034603F48043B3F5804FD8
:108700000DD1099B002B0AD0109B0F9A0E99079848
:10871000FFF7E8F80B900B9B13F1860F1AD1109B13
:1087200002930F9B01930E9B0093049B059A06995D
:10873000079801F0CBFA0B900DE0109B0F9A0E9961
:108740000798FEF7F1FE0B900B9B05E06FF0860398
:108750000B9300E000BF0B9B18460DB05DF804FBC7
:1087600000B58BB007900691059204936FF09603C5
:1087700009930798FFF74CFF03461B0A0893089BD1
:10878000002B03D0089B012B21D02EE00E9B0293DF
:108790000D9B01930C9B0093049B059A06990798E7
:1087A000FFF7E9F80990099B13F1860F01D0099BA7
:1087B0001DE00E9B02930D9B01930C9B0093049B69
:1087C000059A0699079800F017FB03460FE00E9BE9
:1087D00002930D9B01930C9B0093049B059A0699B1
:1087E0000798FEF7C7FE034601E06FF086031846C0
:1087F0000BB05DF804FB00B589B0059004910392BD
:1088000002936FF0860307930598FFF701FF034675
:108810001B0A0693069B002B03D0069B012B0CD052
:1088200017E00B9B01930A9B0093029B039A049908
:10883000059800F074FC03460CE00B9B01930A9B27
:108840000093029B039A04990598FEF799FF03464B
:1088500000E0079B184609B05DF804FB00B58FB037
:108860000B900A91099208936FF096030D930B9861
:10887000FFF7CEFE03461B0A0C930C9B002B03D084
:108880000C9B012B1ED033E0169B0693159B059382
:10889000149B0493139B0393129B0293119B0193CC
:1088A000109B0093089B099A0A990B98FFF799F976
:1088B0000D900D9B13F1860F01D00D9B1AE06FF008
:1088C000850317E0169B0693159B0593149B049351
:1088D000139B0393129B0293119B0193109B009394
:1088E000089B099A0A990B98FFF7A0F8034601E044
:1088F0006FF0860318460FB05DF804FB00B58DB02D
:1089000009900891079206936FF096030B930998CC
:10891000FFF77EFE03461B0A0A930A9B002B03D037
:108920000A9B012B1AD02BE0129B0493119B0393FB
:10893000109B02930F9B01930E9B0093069B079A3B
:1089400008990998FFF7CDF90B900B9B13F1860F4F
:1089500001D00B9B16E06FF0850313E0129B04938C
:10896000119B0393109B02930F9B01930E9B00930B
:10897000069B079A08990998FFF77EF8034601E0DD
:108980006FF0860318460DB05DF804FB00B589B0A2
:1089900005900491039202936FF096030793049855
:1089A000FFF736FE03461B0A0693069B002B03D0F7
:1089B000069B012B1AD02CE0059B03F108000A9BB3
:1089C0000093029B039A0499FFF7BDF90790079B58
:1089D000002B02D1059B04221A60079B13F1860F1E
:1089E00001D0079B17E06FF0850314E0059B03F1AE
:1089F00008000A9B0093029B039A0499E0F7BCFAD3
:108A00000790079B002B02D1059B05221A60079B4C
:108A100001E06FF08603184609B05DF804FB00B56D
:108A200089B005900491039202936FF09603079327
:108A30000498FFF7EDFD03461B0A0693069B002BE7
:108A400003D0069B012B1AD02CE0059B03F10800F4
:108A50000A9B0093029B039A0499FFF7DEF90790A3
:108A6000079B002B02D1059B04221A60079B13F180
:108A7000860F01D0079B17E06FF0850314E0059B7C
:108A800003F108000A9B0093029B039A0499FFF7E5
:108A900025F80790079B002B02D1059B05221A6041
:108AA000079B01E06FF08603184609B05DF804FBF0
:108AB00000B585B0039002910192039B1B68042BC3
:108AC00002D0052B09D011E0039B0833019A0299CB
:108AD0001846FFF7B5F903460AE0039B0833019AED
:108AE00002991846FFF70DF8034601E06FF0860380
:108AF000184605B05DF804FB00B585B003900291FF
:108B000001920093039B1B68042B02D0052B0AD013
:108B100013E0039B03F10800009B019A0299FFF701
:108B2000BCF903460BE0039B03F10800009B019A8C
:108B30000299FFF704F8034601E06FF08603184638
:108B400005B05DF804FB00B583B00190019B1B6884
:108B5000042B02D0052B07D00DE0019B08331846EB
:108B6000FFF7CEF9034608E0019B08331846FFF7EC
:108B70000AF8034601E06FF08603184603B05DF87B
:108B800004FB00B58DB009900891079206936FF031
:108B900096030B930998FFF73BFD03461B0A0A93C4
:108BA0000A9B002B03D00A9B012B2AD03CE0129B8E
:108BB0000493119B0393109B02930F9B01930E9BB5
:108BC0000093079B089A09990698FFF7ACF90B9058
:108BD0000B9B13F1860F01D00B9B27E0129B049394
:108BE000119B0393109B02930F9B01930E9B009389
:108BF000069B079A0899099800F048FF0B900B9B79
:108C000014E0129B0493119B0393109B02930F9B00
:108C100001930E9B0093079B089A09990698FEF70B
:108C2000C5FF0B900B9B01E06FF0850318460DB05C
:108C30005DF804FB82B001900B468DF803301346BB
:108C40008DF80230019B1B7E9DF803209A4202D0D2
:108C50006FF0960304E0019B9DF802201A76002332
:108C6000184602B0704782B00190019B1B0A002B8E
:108C700014BF01230023DBB2184602B0704782B054
:108C80000346ADF80630BDF8063003F4E043B3F513
:108C9000805F06D0BDF8063003F4E043B3F5005F13
:108CA00001D1012300E00023184602B0704700B54F
:108CB00087B0039002910192009300230593019BDA
:108CC000002B0FD0029B002B01D1009B0593039A30
:108CD000059BD018019A059BD31A1A46212108F04A
:108CE00091FB00E000BF07B05DF804FB82B00346D3
:108CF0000091ADF80630BDF80630B3F5105F20D016
:108D0000B3F5105F2ADC41F20522934226DCB3F56D
:108D1000905F07DA41F20102934222D0B3F5885FF7
:108D20001FD01BE0A3F59053292222FA03F303F08E
:108D30000103002B14BF01230023DBB2002B0DD055
:108D40000FE0009B802B0ED0009BC02B0BD0009B14
:108D5000B3F5807F07D06FF086030EE06FF08503D8
:108D60000BE000BF00E000BF009B03F00703002BF7
:108D700002D06FF0860300E00023184602B070476F
:108D800000B583B001900091019B1B6A002B02D0BB
:108D90006FF08A0311E000990120FFF725FA0246DF
:108DA000019B1A62019B1B6A002B02D16FF08C039E
:108DB00003E0019B009A5A620023184603B05DF855
:108DC00004FB00B587B003900291019201990398CA
:108DD000FFF7D6FF0590059B002B01D0059B07E010
:108DE000039B1B6A019A0299184608F016FB0023A0
:108DF000184607B05DF804FB00B587B003900291F8
:108E0000019200936FF096030593039B1B88ADF8C6
:108E10001230019B002B02D16FF0850344E0BDF8B6
:108E200012301846FFF72BFF0346002B3AD00A9B5F
:108E30001B68002B03D1019BDA000A9B1A60039B7D
:108E40001A880A9B1B6819461046FFF74FFF0590CA
:108E5000059B002B01D0059B26E00A9B1B6807336E
:108E6000DB08019A9A4202D06FF086031CE00A9B4D
:108E70001B680733DB08089A9A4202D26FF0890315
:108E800012E00A9B1B680733DB081A460299009818
:108E900008F0C3FA0A9B1B680733DA08099B1A60BB
:108EA000002301E06FF08503184607B05DF804FB6E
:108EB00000B587B003900291019200936FF0960382
:108EC0000593002304930299039801F04CFB05904D
:108ED000059B002B01D0059B32E0029B1B6804938D
:108EE000049B1B8803F4E043B3F5804F03D1019B3F
:108EF00023F001030193049B9A68019B1340019A9C
:108F00009A4203D06FF08403059312E0009B002B7C
:108F10000CD0049B03F10800049B1B88009A19469F
:108F2000E2F758FB0590059B002B01D1002307E0D9
:108F300000BF029B00221A60049801F0B1FB059B60
:108F4000184607B05DF804FB00B583B00190019BA3
:108F50001B6A002B07D0019B1A6A019B5B6A1946AA
:108F60001046FFF723FB019B00221A62019B00229F
:108F70005A620023184603B05DF804FB00B585B0C3
:108F800001900198FFF7E0FF0390019B1B7E032BEC
:108F90001ADC022B04DA002B12D0012B08D013E0CC
:108FA000019BDB69012B13D06FF0960303930FE055
:108FB000019BDB69002B0DD06FF09603039309E052
:108FC0006FF09603039306E06FF09603039302E0BD
:108FD00000BF00E000BF28220021019808F012FA2B
:108FE000039B184605B05DF804FB00B587B00190FF
:108FF000002305930198FFF7F9FA0346002B01D0EF
:1090000000233CE003AB1946019801F0ACFA049050
:10901000049B002B01D0049B31E0039B032202211F
:109020001846FFF707FE0590059B002B19D1039BFF
:109030005B68DBB2FF2B03D16FF08403059313E071
:10904000039B5B68DBB2002B0DD0039B5B6918466A
:1090500001F0F3FB0490059B002B04D1049B0593C6
:1090600002E000BF00E000BF039B184601F0E5FAF4
:109070000490049B002B01D0049B0593059B18468C
:1090800007B05DF804FB30B585B0019000916FF03A
:1090900096030393009800F086FF02A900230022A4
:1090A0000198FFF705FF0390039B002B01D0039B62
:1090B0000EE0029B009A14461D460FCD0FC495E8A2
:1090C000030084E80300029B184601F0E9FA034616
:1090D000184605B030BD00B585B0039002910192ED
:1090E0000093029A009B9A4202D96FF0890312E022
:1090F000029A0399019808F090F9019A029BD018FE
:10910000009A029BD31A1A46002108F07BF9069BAD
:10911000029A1A600023184605B05DF804FB00B5FA
:1091200089B00590049103920293059B1B88ADF8CA
:109130001E30BDF81E301846FFF7A1FD0346002B78
:1091400019D1BDF81E3023F4405344F2010293427A
:1091500011D0BDF81E3023F4435323F03F03B3F581
:10916000824F08D0BDF81E3023F4435323F03F0351
:10917000B3F5844F09D10B9B00930A9B029A039984
:109180000498FFF7A8FF034601E06FF08503184637
:1091900009B05DF804FB00B58BB005900491039213
:1091A00002936FF0960309936FF0960308930023E0
:1091B0000793039B002B02D16FF089032BE0029BE6
:1091C00000221A6006A9002301220598FFF770FE0D
:1091D0000990099B002B01D0099B1CE0049B07937D
:1091E000069B1846069B196A069B5A6A029B0193C6
:1091F000039B0093079BFFF7FEFA0990069B184616
:1092000001F04EFA089000230793099B002B01D12F
:10921000089B00E0099B18460BB05DF804FB00B505
:1092200089B00590049103920293059B1B88ADF8C9
:109230001E30BDF81E3003F4E043B3F5804F23D158
:10924000BDF81E3023F4405344F20102934211D082
:10925000BDF81E3023F4435323F03F03B3F5824F90
:1092600008D0BDF81E3023F4435323F03F03B3F579
:10927000844F09D10B9B00930A9B029A039904988F
:10928000FFF729FF034624E0BDF81E3023F44053C6
:1092900044F20102934202D16FF0850319E0BDF858
:1092A0001E3023F4435323F03F03B3F5824F02D122
:1092B0006FF085030DE0BDF81E3023F4435323F017
:1092C0003F03B3F5844F02D16FF0850301E06FF0E7
:1092D0008503184609B05DF804FB00B58BB0059016
:1092E0000491039202936FF0960309936FF0960333
:1092F000089300230793039B002B02D16FF089038F
:1093000035E0029B00221A6006A90023002205987E
:10931000FFF7CEFD0990099B002B01D0099B26E0A9
:10932000049B0793069B1B8803F48043002B03D107
:109330006FF0860309930DE0069B1846069B196A99
:10934000069B5A6A029B0193039B0093079B00F0C4
:109350009BFF0990069B184601F0A2F90890002394
:109360000793099B002B01D1089B00E0099B18463D
:109370000BB05DF804FB82B00190019B1B6823F4E5
:109380007F4323F00303002B02D06FF0860300E03D
:109390000023184602B0704700B587B001900091D5
:1093A0006FF0860305930198FFF732F90490019856
:1093B000FFF727F903900099049801F080F90590D0
:1093C000059B002B01D0059B37E0049801F088F93C
:1093D0000590059B002B01D0059B2EE0049BDBB282
:1093E000002B05D1039B002B10D06FF0860324E0E7
:1093F0000198FFF706F903460021184601F000F82E
:109400000346002B02D16FF0860316E0019B083360
:109410001846FFF7B0FF0590059B002B01D0059B78
:109420000BE00198FFF702F903464FF6F8729342FA
:1094300002D96FF0850300E00023184607B05DF8FD
:1094400004FB30B589B002910192009303468DF878
:109450000F30009B00221A6000990298FFF79CFFD2
:109460000790079B002B01D0079B2CE0029B5B68B9
:10947000DBB2002B0CBF01230023DBB20693069B5B
:10948000002B01D004AB00E0002301991846E2F75D
:1094900081FD0790079B002B01D0079B13E0019BE8
:1094A0001B680593059A029B14461D460FCD0FC4F9
:1094B00095E8030084E80300069B002B02D0049A81
:1094C000059B5A610023184609B030BD00B587B02E
:1094D00003900291019200230593039B5B68DBB22A
:1094E000002B08D00398039B196A039B5B6A1A46FA
:1094F00001F093FA0590059B002B0FD1039B5A694D
:10950000019B1A60022201210398FFF793FB05904B
:10951000059B002B02D0019B00221A60059B184678
:1095200007B05DF804FB00B583B001900091019B8A
:10953000002B03D00198FFF721FD00E000BF03B02E
:109540005DF804FB82B001900091009B1B88002B0A
:1095500008D0009B1A88019B1B889A4202D06FF0AA
:1095600086030DE0009B5B88002B08D0009B5A8887
:10957000019B5B889A4202D06FF0860300E00023D3
:10958000184602B0704700B58FB00790069105925B
:10959000049300230C9300230B9300230A93059B51
:1095A0000893049B00221A60059B002B02D16FF0E8
:1095B00086038BE0059BB3F1005F02D36FF0850358
:1095C00084E0069B0C930AAB0BAA07990020FFF7D7
:1095D00038FF0D900D9B002B63D10B9B1B6A002B5A
:1095E0001BD1079B5B681846FFF73DFB0346002B2A
:1095F00009D008AB059A0C990798FFF73AF80D9037
:109600000D9B002B4FD10B9B089A11461846FFF774
:10961000B7FB0D900D9B002B47D10B9B5B880993EB
:109620000B9B186A0B9B5B6A0B9A243209A9029167
:10963000019200930346059A0C990798FFF790F85A
:109640000D900D9B002B32D10B9B5B88002B04D11E
:10965000099A0B9B92B25A8009E00B9B5B881A46D1
:10966000099B9A4203D06FF086030D9322E0099B79
:109670004FF6F872934203D96FF085030D9319E00A
:109680000B9B07991846FFF75DFF0D900D9B002B74
:109690000FD10B9B0A99049A1846FFF717FF0D90FC
:1096A00008E000BF06E000BF04E000BF02E000BF2A
:1096B00000E000BF00230C930D9B002B05D00B9BFB
:1096C0000A9A11461846FFF72EFF0D9B18460FB059
:1096D0005DF804FB00B585B00190019B1B68002B71
:1096E00001D100230FE00198FFF72DFA0390019BB1
:1096F00000221A71019A53796FF300035371019B91
:1097000000221A60039B184605B05DF804FB00B503
:109710008BB005900491039202936FF09603099326
:109720006FF09603089300230793059B1B68002B9B
:1097300003D06FF08803099349E0029B002B02D00D
:109740004FF4806201E04FF4006207A9039B049884
:10975000FFF7AEFB0990099B002B35D1079B1946FB
:10976000059B04331A460398E1F7FCFF0990099B17
:10977000002B2BD1029B03F00103D9B2059A537938
:1097800061F300035371029B002B0ED0079B184618
:10979000079B1A6A079B596A039B00930B46014675
:1097A0000598FFF7F3F8099011E0079B1846079B0F
:1097B0001A6A079B596A039B00930B46014605985A
:1097C000FFF72DF9099002E000BF00E000BF099B00
:1097D000002B02D00598FFF77DFF079B184600F08D
:1097E0005FFF0890099B002B01D1089B00E0099BBB
:1097F00018460BB05DF804FB00B585B003900291EC
:1098000001920123019A02990398FFF780FF034612
:10981000184605B05DF804FB00B587B003900291CF
:1098200001926FF09603059300230493039B1B683A
:10983000002B04D16FF088030593059B17E0019B73
:10984000002B03D100230593059B10E0029B04939A
:10985000019A04990398FFF72BF90590059B002BBB
:1098600002D00398FFF736FF00230493059B1846A8
:1098700007B05DF804FB00B589B003900291019236
:1098800000936FF0960307936FF0960306930023FF
:109890000593029B0593039B1B68002B03D16FF07C
:1098A0008803079325E0039B5B7903F00103DBB298
:1098B000002B03D16FF0880307931AE0039B1B79F9
:1098C000002B03D16FF08803079312E0039B1B79F1
:1098D0001A46019B934203D26FF08903079308E075
:1098E000039B1B791A46009B05990398FFF704F91F
:1098F0000790079B002B05D0009B019A1A60039BE1
:1099000000221A71059B002B06D0009B1B68019A50
:1099100007990598FFF7CBF90398FFF7DBFE069050
:1099200000230593079B002B01D1069B00E0079BBA
:10993000184609B05DF804FB10B58EB00990089187
:10994000079206936FF096030D936FF096030C93B6
:1099500000238DF82B30139B002B02D04FF4806234
:1099600001E04FF400620BA9089B0998FFF7A0FAE9
:109970000D900D9B002B2DD10B9B19460DF12B0348
:109980001A460898E1F7EEFE0D900D9B002B23D1AF
:109990009DF82B301A46119B934203D26FF0890336
:1099A0000D931AE00B9B1C460B9B196A0B9B5A6A82
:1099B0009DF82B301846129B04930390109B029342
:1099C000069B0193079B0093089B2046FEF796FF9A
:1099D0000D9002E000BF00E000BF0D9B002B05D002
:1099E000129B119A1A6000238DF82B30129B1B6872
:1099F000119A0D991098FFF75AF90B9B184600F031
:109A00004FFE0C900D9B002B01D10C9B00E00D9B99
:109A100018460EB010BD00B58DB0079006910592A6
:109A200004936FF096030B9300230A93002309938A
:109A3000059B0A930E9B099301230393109B0293AA
:109A40000F9B0193099B0093049B0A9A0699079820
:109A5000FFF772FF0B9000230A93002309930B9BDF
:109A600018460DB05DF804FB82B001900091019B97
:109A70001B68002B01D0002305E0009B002B01D0C8
:109A8000002300E00123184602B0704784B0039021
:109A90000291019200936FF08503184604B070475D
:109AA00000B58BB00990089107920693099B03F0CB
:109AB000FE43B3F1106F09D1099B23F01F6323F418
:109AC000702343F00063B3F1006F02D06FF08503A1
:109AD00012E00898089B196A089B5A6A0E9B049327
:109AE0000D9B03930C9B0293069B0193079B009392
:109AF000099BFFF746F8034618460BB05DF804FBD8
:109B000000B58FB007900691059204936FF096030D
:109B10000D936FF096030C930023089300230B938F
:109B200000230A93109B0A93079B03F0FE43B3F1B3
:109B3000106F03D06FF086030D9338E008A9079BE0
:109B40004FF480420698FFF7B3F90D900D9B002B60
:109B50002CD1089B1B8823F0FF03B3F5E24F06D0FE
:109B6000089B1B8823F0FF03B3F5E44F04D1089B47
:109B70005B880733DB0800E000230993119A099BF7
:109B80009A4203D26FF089030D9310E0059B0B936B
:109B90000899129B0293119B01930A9B0093049BCB
:109BA0000B9A0798FFF77CFF0D9000E000BF0A9B1F
:109BB000002B09D00D9B002B06D011990A98E1F7D4
:109BC0006DFF129B119A1A600A9B002B02D1129B07
:109BD00000221A60089B184600F062FD0C900023DA
:109BE0000B9300230A930D9B002B01D10C9B00E0EB
:109BF0000D9B18460FB05DF804FB00B583B00190D3
:109C000008220021019807F0FDFB00BF03B05DF8BA
:109C100004FB00B583B0019008220021019807F0F1
:109C2000F1FB00BF03B05DF804FB82B0019000239C
:109C3000184602B0704700B585B00190009100232E
:109C40000393019B039300990398E1F727FF029088
:109C500000230393029B184605B05DF804FB00B592
:109C600085B003460091ADF806306FF0960303937C
:109C7000BDF806301846FFF702F80346002B0BD05C
:109C8000BDF8063000991846FFF730F80390039BA3
:109C9000002B16D0039B15E0BDF8063023F4435388
:109CA00023F03F03B3F5824F08D1BDF8063003F42B
:109CB000E043B3F5E04F01D1002303E06FF08503EB
:109CC00000E00023184605B05DF804FB00B587B03E
:109CD00003900291019200936FF096030593039B0A
:109CE0001B88ADF81230BDF812301846FEF7C7FFDA
:109CF0000346002B09D009990898E1F7CFFE05909B
:109D0000059B002B04D0059B03E06FF0850300E06A
:109D10000023184607B05DF804FB00B58DB007902E
:109D200006910592049300230A93002309930E9B46
:109D300000221A600798FEF779FC0346002B02D137
:109D40006FF08603F9E0079B1B8803F4E043B3F54B
:109D5000804F02D16FF08603EFE004990698FFF779
:109D600083FE0346002B02D16FF08603E5E009ABCA
:109D70000AAA07990120FFF764FB0B900B9B002BAD
:109D800040F0BE800A9B1B6A002B40F0A180079B1D
:109D90005B681B0A002B40F08880079B1A88079B92
:109DA0005B8819461046FFF75AFF0B900B9B002B60
:109DB00040F0A880079B1B8803F4E043B3F5805F65
:109DC00006D0079B1B8803F4E043B3F5005F04D182
:109DD000079B5B880733DB0865E0079B1B8823F440
:109DE000435323F03F03B3F5844F04D1079B5B88B3
:109DF0000733DB0857E0079B1B8847F201029342B9
:109E00000AD1079B5B885B089BB20133DA081346D3
:109E1000DB0013443B3346E0079B1B8844F20102FE
:109E2000934205D1079B5B88DB089BB210333AE075
:109E3000079B1B8847F20202934209D1079B5B886C
:109E4000DB089BB21A4613465B0013445A332AE0E0
:109E5000079B1B8844F20202934209D1079B5B884F
:109E6000DB089BB21A4613465B0013444A331AE0E0
:109E7000079B1B8823F0FF03B3F5E24F04D1079B38
:109E80005B880733DB080EE0079B1B8823F0FF038A
:109E9000B3F5824F06D1079B5B880733DB085B0075
:109EA000013300E00023089308E008AB1946079847
:109EB00000F09AF80B900B9B002B25D10A9B089A77
:109EC00011461846FEF75CFF0B900B9B002B1DD133
:109ED0000A9B1B6A0A9A526A0A99243102910192DA
:109EE0000093049B059A06990798FEF7E9FB0B90EF
:109EF0000B9B002B0CD00A9B1846FFF725F808E0B7
:109F000000BF06E000BF04E000BF02E000BF00E0C9
:109F100000BF0B9B002B06D10A9B09990E9A18468D
:109F2000FFF7D4FA0B900B9B002B05D00A9B099AE4
:109F300011461846FFF7F7FA0B9B18460DB05DF86F
:109F400004FB00B583B0E1F75FF80346002B01D0B6
:109F5000002324E00120E1F715FF0190019B002B75
:109F600012D10220E1F70EFF0190019B002B0DD1D1
:109F70000320E1F707FF0190019B002B08D104208B
:109F8000E1F700FF019004E000BF02E000BF00E045
:109F900000BF019B002B01D0E1F7B4FE019B1846E6
:109FA00003B05DF804FB00B583B0019018220021D6
:109FB000019807F027FA00BF03B05DF804FB82B0F8
:109FC0000190019B5B68184602B0704782B0019017
:109FD000019B1B88184602B0704782B00190019B1C
:109FE0005B88184602B0704700B587B001900091B9
:109FF0000198FFF7E4FF03461B0A04930198FFF75B
:10A00000E5FF0346ADF80E300198FFF7E6FF02903A
:10A0100000230593049B002B04D0049B012B00F02C
:10A02000828028E1BDF80E3003F4E043B3F5805F91
:10A0300006D0BDF80E3003F4E043B3F5005F03D162
:10A04000029B0733DB0858E0BDF80E3023F443537E
:10A0500023F03F03B3F5844F03D1029B0733DB08A2
:10A060004BE0BDF80E3047F20102934208D1029B4B
:10A070005B080133DA081346DB0013443B333CE052
:10A08000BDF80E3044F20102934203D1029BDB087B
:10A09000103332E0BDF80E3047F20202934206D18F
:10A0A000029BDA0813465B0013445A3325E0BDF8DF
:10A0B0000E3044F20202934206D1029BDA081346A4
:10A0C0005B0013444A3318E0BDF80E3023F0FF0361
:10A0D000B3F5E24F03D1029B0733DB080DE0BDF877
:10A0E0000E3023F0FF03B3F5824F05D1029B0733F7
:10A0F000DB085B00013300E000230593059B002B88
:10A1000009D0BDF80E3023F0FF03B3F5824F05D11F
:10A11000059B012B02D16FF08503B1E0009B059AEE
:10A120001A600023ACE0BDF80E3003F4E043B3F551
:10A13000805F06D0BDF80E3003F4E043B3F5005F56
:10A1400003D1029B0733DB0858E0BDF80E3023F43F
:10A15000435323F03F03B3F5844F03D1029B0733EE
:10A16000DB084BE0BDF80E3047F20102934208D104
:10A17000029B5B080133DA081346DB0013443B33D0
:10A180003CE0BDF80E3044F20102934203D1029B41
:10A19000DB08103332E0BDF80E3047F20202934282
:10A1A00006D1029BDA0813465B0013445A3325E0BC
:10A1B000BDF80E3044F20202934206D1029BDA0847
:10A1C00013465B0013444A3318E0BDF80E3023F009
:10A1D000FF03B3F5E24F03D1029B0733DB080DE029
:10A1E000BDF80E3023F0FF03B3F5824F05D1029B7B
:10A1F0000733DB085B00013300E000230593059B78
:10A20000002B09D0BDF80E3023F0FF03B3F5824FC9
:10A2100005D1059B012B02D1009B1B680593BDF85E
:10A220000E3023F0FF03B3F5824F02D1059B013BB3
:10A230000593059B033323F003030593029B073328
:10A24000DB0803F00303002B03D1029B0733072B2A
:10A2500009D8BDF80E3023F0FF03B3F5824F02D1C9
:10A26000059B04330593059B2C330593009B059AAE
:10A270001A60002304E0009B00221A606FF086033E
:10A28000184607B05DF804FB00B589B0059004914D
:10A29000039202936FF0860307930598FFF78FFEF2
:10A2A00003461B0A0693069B002B03D0069B012B3B
:10A2B0001DD028E00B9B01930A9B0093029B039AFD
:10A2C00004990598FDF736FB0790079B13F1860F5D
:10A2D00001D0079B18E00B9B01930A9B0093029B04
:10A2E000039A04990598FEF79AFF03460CE00B9B2E
:10A2F00001930A9B0093029B039A04990598FDF72A
:10A3000024F9034600E0079B184609B05DF804FBFA
:10A3100082B001900091019A009B9A420CBF0123E8
:10A320000023DBB2184602B0704782B00190019B57
:10A330001B6803F48053002B05D0019B1B6843F47A
:10A340008062019B1A60019B1B6803F40053002B81
:10A3500005D0019B1B6843F40062019B1A6000BF9B
:10A3600002B0704782B00190019BDB69002B14BFE3
:10A3700001230023DBB2184602B0704782B001907F
:10A380000B468DF8033013468DF80230019B1B7E7F
:10A390009DF803209A4202D06FF0960304E0019BDF
:10A3A0009DF802201A760023184602B0704782B04A
:10A3B0000190019B1B7E022B04D1019BDB69B3F151
:10A3C000FF3F02D16FF0960305E0019BDB695A1C49
:10A3D000019BDA610023184602B0704782B00190F9
:10A3E000019B1B0A002B14BF01230023DBB218467C
:10A3F00002B0704782B001900423184602B0704743
:10A4000084B001900091019B0393039B002B05D026
:10A41000039BB3F1804F01D201230CE0009B002B82
:10A4200008D0039BB3F1804F04D3039B002B01DBC7
:10A43000012300E00023184604B0704700B587B040
:10A44000019000916FF096030593019B0293002306
:10A4500003930298E1F716FD0346002B1AD00298E9
:10A46000E1F730FD0390039B002B0FD0039B1B7E75
:10A47000022B0BD1039B5B6919460198FFF748FF3C
:10A480000346002B02D00023059331E06FF08B03CD
:10A4900005932DE001210198FFF7B2FF0346002B41
:10A4A00002D16FF0870331E00023049313E0049896
:10A4B000E1F718FD0390039B1B7E022B08D1039B41
:10A4C0005B6919460198FFF723FF0346002B06D16D
:10A4D000049B01330493049B032BE8D900E000BFE5
:10A4E000049B032B01D8002301E06FF08B0305933D
:10A4F000059B002B09D10398FFF759FF0590059B99
:10A50000002B02D1009B039A1A60059B184607B0E6
:10A510005DF804FB00B587B001900023059300238C
:10A52000049300230393019B03AA04A9184600F097
:10A53000BAFA0590059B002B09D1049B039A194692
:10A540000198FEF73EFC0590059B002B00E000BF44
:10A55000049B039A1146184600F099FA059B184689
:10A5600007B05DF804FB00B585B0019000916FF075
:10A5700096030393009B00221A60E1F795FC0346C3
:10A58000002B02D16FF0880353E000990198FFF788
:10A5900055FF0390039B13F18C0F01D0039B48E000
:10A5A00000990020E1F7F6FC0390039B002B01D0FB
:10A5B000039B3EE0009B1B68019A5A61009B1B684D
:10A5C00001225A606FF08B030393039B13F18C0FEE
:10A5D00005D1009B1B681846FFF79CFF0390039B67
:10A5E000002B0CD0009B1B681846FEF7C7FC039B92
:10A5F00013F18C0F16D16FF08703039312E0009BC9
:10A600001B6808331846FFF790FE009B1B68022268
:10A6100001211846FFF7B2FE009B1B681846FFF7A2
:10A62000C6FE0390039B002B02D0009B00221A6001
:10A63000039B184605B05DF804FB00B583B001909C
:10A64000019B002B01D1002326E0019B1B7E022BE6
:10A6500006D0019B1B7E032B02D06FF096031BE0FC
:10A66000019B1B7E032B08D1019BDB69012B04D1CD
:10A670000198FEF783FC03460EE00198FFF772FE97
:10A680000346002B06D0019BDB695A1E019BDA6151
:10A69000002301E06FF09603184603B05DF804FB59
:10A6A00000B585B001906FF0960303930198FFF712
:10A6B000C4FF0390039B184605B05DF804FB00B58A
:10A6C00083B0019000910198FFF788FE0346002BAC
:10A6D00001D0002300E00023184603B05DF804FB1E
:10A6E00082B00190019BDBB2002B01D1002307E077
:10A6F000019BDBB2FF2B02D16FF0860300E0002349
:10A70000184602B0704730B482B00190019B00221D
:10A710001C46154622462B461046194602B030BC50
:10A72000704700B58DB00590049103920598FFF72E
:10A73000EAFFCDE90A010023069307AB1A46DDE9DB
:10A740000A01FCF7C7FA0990099B002B01D0099B6D
:10A7500012E006AB0193049B0093039B0022DDE90A
:10A760000A01DDF72DFB0990069B039A9A4202D05D
:10A770006FF0980300E0099B18460DB05DF804FBEC
:10A7800000B589B001900198FFF7BDFFCDE9060142
:10A7900003AB1A46DDE90601FCF79CFA0590059B20
:10A7A00013F18C0F01D1002300E00123184609B0FA
:10A7B0005DF804FB00B58DB00590049103920598F7
:10A7C000FFF7A1FFCDE908010598FFF7D9FF034680
:10A7D000012B02D16FF08A032BE000230093049B2E
:10A7E000039ADDE90801DDF753FA0B900B9B002B70
:10A7F00002D06FF098031CE006AB1A46DDE90801B1
:10A80000FCF768FA0B900B9B002B07D1069B039A71
:10A810009A4205D06FF098030B9302E000BF00E06E
:10A8200000BF0B9B002B03D0DDE90801DDF762FBC5
:10A830000B9B18460DB05DF804FB00B589B0019084
:10A840000198FFF760FFCDE9060103AB1A46DDE989
:10A850000601FCF73FFA0590059B13F18C0F01D11F
:10A86000002318E0DDE90601DDF744FB0346002B79
:10A8700002D06FF098030EE003AB1A46DDE9060143
:10A88000FCF728FA0590059B13F18C0F02D06FF0AE
:10A89000980300E00023184609B05DF804FB00B5FA
:10A8A00089B0019000910198FFF72DFFCDE90601D5
:10A8B00003AB1A46DDE90601FCF70CFA0590059B8F
:10A8C000002B01D0059B03E0039A009B1A60002334
:10A8D000184609B05DF804FB00B597B003900291EB
:10A8E00001920093039B1593029B232B02D86FF0D8
:10A8F00098038EE00398E1F745FC1490149B002B1D
:10A9000001D0149B85E0159B08331293129B1B68A2
:10A910000493049B1393139B002B02D06FF09803B6
:10A9200077E0159B20331193119B1B680593059AC3
:10A93000009B1A60009B1A68029B243B9A4204D831
:10A94000009B1B68B3F5005F02D36FF0980360E0D3
:10A95000009B1B68002B03D1019B00221A6019E0A9
:10A96000009B1B6819460120FDF73EFC0246019B37
:10A970001A60019B1B68002B02D16FF08C0348E02A
:10A98000019B1868159B03F12401009B1B681A4664
:10A9900006F043FD159B0C330B930B9B1B680A932E
:10A9A0000A9A189B5A60159B10330C930C9B1B88BA
:10A9B0009BB2ADF82630BDF82620189B1A80159B57
:10A9C00012330D930D9B1B889BB2ADF82430BDF85C
:10A9D0002420189B5A80159B14330E930E9B1B68E2
:10A9E0000893089A189B9A60159B143304330F93AD
:10A9F0000F9B1B680793079A189BDA60159B14330B
:10AA000008331093109B1B680693069A189B1A61D3
:10AA10000023184617B05DF804FB00B589B0039019
:10AA200002910192029B002B02D0019B002B02D1CC
:10AA30006FF0860327E0019BB3F5005F02D36FF050
:10AA40008D0320E0019B2433079307990120FDF734
:10AA5000CBFB0690069B002B02D16FF08C0312E01B
:10AA6000069B039A01990298E1F718FB039B5B6927
:10AA7000079A06991846FFF79DFE059007990698D4
:10AA8000FDF794FD059B184609B05DF804FB00B581
:10AA900083B00190009100990198FDF787FD00BFF8
:10AAA00003B05DF804FB00B58BB0059004910392F0
:10AAB0000023099300230693059B5B69089306AB6B
:10AAC00019460898FFF7EBFE0990099B002B01D06F
:10AAD000099B36E0069B19460120FDF785FB079090
:10AAE000079B002B02D16FF08C032AE0069B1A46CD
:10AAF00007990898FFF715FE0990099B002B17D1BD
:10AB00000699059B0093039B049A0798FFF7E4FEC0
:10AB10000990099B002B0DD1049B1B68002B03D0CF
:10AB2000039B1B68002B05D16FF09103099302E092
:10AB300000BF00E000BF069B19460798FDF736FDF1
:10AB4000099B18460BB05DF804FB50E8003F0B432F
:10AB500040E80032002AF8D17047C94350E8003F6E
:10AB60000B4040E80032002AF8D17047431E032B07
:10AB700006D8DFE803F00204020403207047042033
:10AB800070477047CB69184770477047002070477F
:10AB900070474FF0000070470020704770477047C3
:10ABA0000020704700207047002070470020704749
:10ABB00000207047002070470020704770477047A2
:10ABC00000207047002070477047704770477047FB
:10ABD0000020704700207047704770477047112071
:10ABE0007047002070477047002070470020704772
:10ABF000704770470020704770474FF0FF30704734
:10AC00000020704770477047002070470020704751
:10AC10004FF0FF307047112070470020704701202F
:10AC20007047002070470020704700207047704731
:10AC30007047704701F010BA38B504460AF06AF957
:10AC4000D4E90C1205462046E1F7B2FAA18CE28C59
:10AC5000E060521A40F2712101FB020303F59C539C
:10AC6000083328462361BDE838400AF045B908B5E5
:10AC70002030FFF76AFFBDE808404FF08050EBF747
:10AC8000D9BC38B50D4604460830E3F735F92946F6
:10AC900000252046E5F71EFB606CE56110B1E2F788
:10ACA000BDFA656404F15400BDE8384006F043BEC7
:10ACB00038B5044619B390F828208AB190F82930A5
:10ACC0000133DBB29A4280F8293009D10121FFF724
:10ACD000D8FF4FF080712046BDE83840FFF7C7BF6E
:10ACE000236ADA030BD5E36A62689B1A002B06DA43
:10ACF00001212046FFF7C5FF4FF08061EBE7236A93
:10AD00001B0426D402F085FD1123B0FBF3F303EB03
:10AD10000313C01A94F9613085B213FA80F0102839
:10AD200088BFC5F110056DB2083B2B4484F8613033
:10AD300020460121E5F7CEFA40F27121A28C63682A
:10AD40002A4401FB023320466360BDE83840E5F742
:10AD500073BA0025ECE72DE9F84F1D46C369884614
:10AD6000044616460C9F9DF838909DF840B09DF81B
:10AD700048109DF850A0002B40F0C880EB0600F171
:10AD8000B68005F00303032B08BF05F0FD0505F0B1
:10AD9000F705BDF83C30A806A4F862309DF85400D1
:10ADA00048BF05F0FC05FFF7E1FE47F6FF731BF017
:10ADB000020F84F86600A4F87C3040F09B801BF002
:10ADC000040F00F0998000F0FD00012814BF032358
:10ADD000042394F883209DF8580063F3030284F859
:10ADE0008320FFF7C3FE47F6FF738A0784F86700E6
:10ADF000A4F88C3000F182804B0740F1818000F094
:10AE0000FD00012814BF0321042194F89330A06EA3
:10AE100061F3030384F89330FFF7E0FE002220463D
:10AE2000216BE1F7C5F940F27123734398426FD863
:10AE300049F6FF7104F12000FFF78FFEFF2384F82D
:10AE40004B30BAF1000F03D0236A43F480532362DE
:10AE5000290705D50626B046236A43F484132362E6
:10AE6000236A6A0723F4C04323620CD419F0010F4C
:10AE70001CBF43F400532362236A19F0020F1CBF66
:10AE800043F480432362236AA4F848502B4323628F
:10AE900004F15B03B7B33A68C4F85B20BA889A80C0
:10AEA0009DF82C30012B03D14FF48061FFF74DFE4C
:10AEB000236A9DF8282023F4407343EA0223236287
:10AEC00002F0A7FC9DF84C30C0F30B0040EA0330C1
:10AED0009DF83430A4F87000A4F824802046E6845D
:10AEE00084F82A30FFF7A8FE0020BDE8F88F012182
:10AEF0008B464EE702236CE701236AE7022184E7D1
:10AF0000012182E7C4F85B709F80D1E70C20ECE759
:10AF10004520EAE72DE9F7438946174604460193A1
:10AF200030B901A806F007FD422003B0BDE8F08368
:10AF3000012920D0022910D089B9C369C3B900F111
:10AF400030054FF40036236AD9061ED55A0726D598
:10AF500001A806F0F0FC0020E7E7806E20B901A808
:10AF600006F0E9FC0C20E0E71946FFF738FEDCE7C5
:10AF700000F13805E5E7C36923B900F134054FF462
:10AF80008026E0E700F13C05F9E79B0707D5B9F11A
:10AF9000000F04D101A806F0CEFC1220C5E704F191
:10AFA000200840463146FFF7D8FDF80702D528466D
:10AFB00006F0C1FC019921B1284606F0A3FD00234B
:10AFC0000193286806F03CFD236AD90605D51F28A1
:10AFD00001DC032F16D02846DDE740F27262904272
:10AFE00004DD284606F0A7FC07209EE7B9F1000F14
:10AFF00008D1BF2806DD9A0704D0284606F09BFC3E
:10B00000452092E72046D4E90E12E1F7D1F8E36932
:10B010006BB140F27122A38C5343984207D9E38C61
:10B020008342EAD300F51C70B0FBF2F0A08409F073
:10B0300071FFE36905467BB1BB070DD5314640463C
:10B04000FFF783FD6368C3F57A7602F01EFCF042D9
:10B0500002D52046E5F75AFA284609F04DFF7AE76F
:10B0600008B548B1CB0701D4002008BD4FF400114A
:10B070002030FFF76AFDF7E74220F6E708B548B150
:10B08000CB0701D4002008BD4FF400112030FFF79A
:10B0900064FDF7E74220F6E7E1F776BB38B5C36910
:10B0A00004460D463BB1036A13F0010010D194F839
:10B0B0004A30FE2B0BD004F120004FF48001FFF743
:10B0C00044FD01202B68E364AB88A4F8503038BD00
:10B0D0000020FCE7036A10B5044613F4602025D075
:10B0E0009A0307D504F1300006F025FCA36B236317
:10B0F0000023A363236A5B0307D504F1340006F041
:10B100001AFCE36B63630023E3634FF4602104F1F3
:10B110002000FFF722FD2046FFF78EFD0120B4F846
:10B1200070305A1C62F30B03A4F8703010BD10B5D8
:10B130000446543006F0E6FC2046BDE810404FF0CF
:10B140000071FFF794BD012313B5418900930446B4
:10B150008389C289084601F056FCE0B1E279531EAA
:10B16000072B1AD86389934217D922899A4214D897
:10B17000237C43B9637C33B9A37C23B9E07C10B949
:10B18000237D0F2B07D9607D1B3000F01F000B289B
:10B190008CBF0020012002B010BD0020FBE7F8B5F5
:10B1A0008D790C460C354B5D4F1903F0400343F08D
:10B1B00004034B550623B91C7B70164600F00FF8AC
:10B1C000635D002E60F386136355A3797A7803F1EB
:10B1D00002031344E371A4BF06367E70F8BD37B591
:10B1E0000246136A084603F4007403F40015DB05F5
:10B1F00005D474B9E3F762F9204603B030BD44B911
:10B20000B5FA85F4D16C64090160B2F850208280EF
:10B21000F2E7019092F94B30B5FA85F400930023E0
:10B220001A4619461846FFF7F6FC6409E4E750E8A9
:10B23000003F0B4340E80032002AF8D17047C94371
:10B2400050E8003F0B4040E80032002AF8D1704738
:10B2500038B50446D0F8A00010B9D4F8A40058B10D
:10B2600094F8375106F098FB05F00F0581B20631CE
:10B270002846E6F737F980B240F27122B4F8783008
:10B2800000F5487053439842B8BF184638BD38B5EA
:10B2900005460C4602F071FB20B149F640439C4242
:10B2A00028BF1C46EA68A2420BD240F27121B5F8D1
:10B2B0007A304B43934238BF1346A34228BF2346FC
:10B2C0001A462A6138BD03469A6A4430920404D56E
:10B2D000D3F82821998FE7F7E7B993F86F10E7F7CC
:10B2E000D9B9002070470120704700207047002026
:10B2F000704701207047C820704700207047002029
:10B3000070477047704711207047704770470020A2
:10B3100070477047002070477047012070477047A2
:10B32000704790F8852010B5531C03F00F03072BCE
:10B3300028BF0023044663F30302034480F88520FA
:10B3400083F87E1090F885306F2B4FEA13129EBF62
:10B35000013262F3071380F88530FFF7E1FF94F8BC
:10B360003711204601F00F01FFF7CCFF10BD7047E9
:10B3700070477047002070470020704700207047DA
:10B3800010B101F1B000704701F1D4007047F830FE
:10B390007047806A70472830FFF749BF2830FFF7B1
:10B3A0004EBFC06A70472C30FFF741BF2C30FFF70B
:10B3B00046BF00F59C70704708B50B79DB0702D4D7
:10B3C000FFF7D5FF08BD91F90510BDE80840FFF76C
:10B3D000A8BF70B540F2712606FB01F345685643DD
:10B3E000826A1D441207044645600ED500F14005EF
:10B3F000294600F13402E3F7A9F9334629462046ED
:10B40000BDE87040012201F0F4BA05EB5605456035
:10B4100070BD836A590505D4D0F8A03013B15B79AB
:10B420009A0708D4D0F8A40000B9704743799B0765
:10B4300001D40068F8E70120704780F87710704762
:10B4400038B504460D46E1F701FC80B2FFF7B4FBC6
:10B4500078B14288022DA08F11D0032D0BD0012D81
:10B4600006D1238F626B1B01B3FBF2F3184480B249
:10B4700038BD0122EEE74FF47A43626BF4E7638F45
:10B480005B00073313FB0200F1E738B5044601F017
:10B490009BFC04F1A40006F04EFA04F1A80006F0AB
:10B4A0004AFA04F1AC0006F046FA04F1A00006F0F6
:10B4B00042FA2046E1F7CAFBC4B22046FFF770FB10
:10B4C00005462046FFF76EFB01462846FFF767FB5F
:10B4D00038BD38B5836A04461B0713D50246B0F859
:10B4E0007C3052F8341F4B4340F271214B4300F142
:10B4F0004001E3F72BF9236C20469D08FFF7A8FED7
:10B500002844E06040F27125616B204601396943AF
:10B51000FFF7BDFE20460121E4F7DCFE636BB4F8C3
:10B520007C2020465A43636805FB02336360BDE814
:10B530003840E4F781BEB0F8303110B5A0F83431AE
:10B540000446E1F783FBC0B2FFF7D5FE94F837312C
:10B5500094F8362103F00F0304F1440102F006FAD7
:10B56000014604F5947002F0A2F9B4F93421B4F95B
:10B5700030319A4209D0A36A9B0306D52046BDE824
:10B5800010404FF40041E1F777BB10BDFFF7D3BF88
:10B59000836A0A4600F14401C3F34030E7F730B84C
:10B5A00010B5A0F87810A0F87A200446FFF750FEF6
:10B5B0002169E0602046BDE81040FFF768BE38B55D
:10B5C00004460D463AB94FF4C0212830FFF737FE44
:10B5D0009DB9002038BDFFF79AFE98B128344FF48A
:10B5E000C0212046FFF72BFE1DB14FF40031FFF7BD
:10B5F0001EFE4FF48021204601E04FF40031FFF79A
:10B6000016FEE6E71120E5E72DE9FF41836A0446CF
:10B610009B032CD5B0F93081B0F934710020E6F7E6
:10B62000CBFE8045CCBF0025012502F0A4F994F89B
:10B630003711C82201F00F01E6F7C8FE0646204682
:10B64000E1F704FBB045B4BF00260126002394F8BF
:10B650003711A8EB07073FB245EA46051A46CDE980
:10B660000085029701F00F0180B200F0A7FC04B042
:10B67000BDE8F081FFF7C8BF86307047F8B50446D3
:10B680000E4600295AD040F27123476B30465F4383
:10B69000A7F28A277F083946E5F734FF94F88E3001
:10B6A000851FADB29D4239463046A8BF1D46E5F71D
:10B6B00029FF94F88F20831F9BB29342A8BF1346A3
:10B6C000F21E012AB4F88610B4F888202BD8B1F500
:10B6D000296F44F29020B8BF4FF429618142A8BF7E
:10B6E0000146B2F5296FB8BF4FF429628242A8BF64
:10B6F00002461B2DB8BF1B251B2BB8BF1B23304692
:10B7000084F8913084F89050A4F88A10A4F88C2022
:10B71000E5F7F8FE831F9BB2AB42A8BF2B46DBB216
:10B7200084F89230F8BDB1F5A47FB8BF4FF4A4718E
:10B73000B2F5A47FB8BF4FF4A472DAE71B23EFE79A
:10B740002DE9F341476B490089B28F420446164602
:10B750001D463BD040F271224368416302FB073330
:10B7600002FB11334360E1F771FA4FF0000887B232
:10B7700033464246012138460195CDF80080FFF757
:10B7800023FA3846FFF728FA41463846FFF71DFAF4
:10B790000123618F228FB1421AD09542668700D073
:10B7A0002587238F626B1B01B3FBF2F394F83711EB
:10B7B0002046A4F89C3001F00F01FFF75FFF042141
:10B7C000204602B0BDE8F041E1F756BA0023E0E7B9
:10B7D0009542E5D1A26A1207E3D5002BE1D102B070
:10B7E000BDE8F081F0B585B004460E466A4600F12A
:10B7F000860300F18E07154618685968083303C59B
:10B80000BB422A46F7D11868314628609B882046FB
:10B81000AB80FFF733FF9DF80B2094F891309A42EC
:10B8200011D1BDF80620B4F88C309A420BD19DF8A6
:10B830000A2094F890309A4205D1BDF80420B4F85B
:10B840008A309A4207D04FF48141204605B0BDE8C6
:10B85000F040E1F711BA05B0F0BD37B5044694F8F1
:10B860008E50BDF818008D420BD1B4F88650954229
:10B8700007D194F88F509D4203D1B4F88850854287
:10B880001DD08DF80610ADF80420019D84F88E10AF
:10B8900094F8371184F88F30A4F88800C4F8405128
:10B8A0002046A4F8862001F00F01FFF79BFFB4F8B3
:10B8B0008A30A4F88630B4F88C30A4F8883003B00D
:10B8C00030BD90F8373170B503F00F0304461646CB
:10B8D0000D46D9B18B4219D00122FFF716FD29463A
:10B8E00000222046FFF70FFD94F83731204665F31C
:10B8F000030384F8373105F00F01FFF773FF20468B
:10B90000BDE870404FF48441E1F7B6B919462046CE
:10B91000FFF768FF002EF2D170BDF8B51D46C36A6F
:10B9200004465B070F46164610D404212C30FFF75F
:10B930007EFC84F89A702046A4F89660A4F898508B
:10B940004FF40061BDE8F840E1F796B9F8BD10B5D5
:10B9500011B190F89A400C7012B1B0F896101180A5
:10B9600013B1B0F898201A80C06AC0F3800010BDEF
:10B970004FF400412830FFF75ABC00F5A270704721
:10B9800090F8370100F00F00704770B5044609F0D9
:10B99000C1FA6568064601F078FF2D1AB5F5FA750B
:10B9A00004D53046BDE8704009F0A6BA40F27122D5
:10B9B000636B94F870105343B5FBF3F5A38FAAB2F1
:10B9C0009B1AA38794F86F30154602FB113325218B
:10B9D00093FBF1F001FB1033002BB8BF5B1884F828
:10B9E0006F30B4F89C3020469B1AA4F89C3000219C
:10B9F000E4F770FC40F27122636B20465D4363689C
:10BA000002FB15336360E4F717FCCAE700232DE956
:10BA1000F3474E790446B20758BF06F001060846C0
:10BA200048BF0326ADF8043058BF01360D46FFF776
:10BA3000B0F8074607F01F03002BE36A15BF4FF06D
:10BA400001084FF000084FF003094FF002099B0571
:10BA50000CD59DF80430294666F3010368F34513BD
:10BA60008DF804302046019A00F097F9284605F039
:10BA7000E7FF82464946284605F09DFF9DF80430C1
:10BA8000AA7966F3010368F345138DF804308DF845
:10BA900005A0BDF804300C32AB529DF80430A91853
:10BAA00098066B7948BF8F7043F001036B7109F002
:10BAB00031FA06462046294650F8A47F06F022F8BF
:10BAC00094F846312046013384F84631E1F7BEF858
:10BAD00080B2FFF771F880B14388A26A12070ED5D1
:10BAE000B4F87C209A4202D92046FFF74EFF304638
:10BAF00002B0BDE8F04709F0FFB90123EDE7656842
:10BB000001F0C3FE8046E4F7FBFC8442EFD1A5EBD5
:10BB10000805B5F57A7FEADD1FB1D4F8A030002B17
:10BB2000E5D1E4F769FFE2E708B5022006F0C7F8BF
:10BB300010B100F033FE012008BD10B504464FF4EB
:10BB400040712830FFF77BFB2046BDE81040002104
:10BB5000E1F776BD012310B5A1F12002C1F1200467
:10BB600023FA04F403FA02F222438B40D0E908419D
:10BB700023400A40134314BF0120002010BDC36AB4
:10BB800010B5044613F0080012D00123A1F12002E1
:10BB9000C1F1200023FA00F003FA02F202438B40C5
:10BBA000D4E9080103400A40134314BF01200020D8
:10BBB00010BD10B50C46C9B2FFF7E1FF70B1E2F756
:10BBC000B1FDC4F12002A4F12003E04001FA02F229
:10BBD000104321FA03F3184300F0010010BD70B5C3
:10BBE00004460E46E2F708FF09F094F905460221E3
:10BBF000204684F87760E1F73FF820460021E4F71B
:10BC000069FB2846BDE8704009F076B970B5044676
:10BC10000D4609F07FF90646E4F772FC844201D133
:10BC2000E4F7CAFE304609F067F929462046BDE828
:10BC30007040FFF7D4BF0B68C0F84031704738B58B
:10BC400040F64805D0F840310C460B609BB2AB4241
:10BC500004D90B21FFF7ADFF08B9258038BD44F2A8
:10BC600090232380FAE708B500F0C8F8E1F7A2F9BD
:10BC700000F034FB00F008F8E2F7BEFDE3F7EAFB62
:10BC8000BDE80840E3F766BC704770B515460E4640
:10BC90001C46FFF77CFB2B684EB103606B6843606A
:10BCA0002368C0F825302368C0F8153070BD836064
:10BCB0006B68C3602368C0F829302368C0F8193066
:10BCC000F4E770B50546FFF762FB044609F022F978
:10BCD00006464FF480712846FFF75DFB4FF4006184
:10BCE0002846FFF760FB304609F006F90023284696
:10BCF00023612375236284F82430FFF74AFB8023F5
:10BD000010F0080F14BF237584F8243070BD10B5EF
:10BD10000446FFF712FF2046BDE810401021E0F76F
:10BD2000ABBF10B504464FF46061FFF73FFB204600
:10BD3000BDE81040FFF701BF7FB506460C46FFF790
:10BD400026FB4FF4C06105463046FFF72CFB4FF44D
:10BD500000613046FFF72AFB4FF48060E2F788FC71
:10BD6000224670B969462846E6F7F2F96B4605F1B6
:10BD7000100213F8011B02F8011DAA42F9D104B008
:10BD800070BD6C4602F110062346106851680832F7
:10BD900003C3B2421C46F7D1E8E737B50D46ADF80C
:10BDA0000420FFF7F4FA044600F12003024601994B
:10BDB0002846E6F7FDF8236A0133236223B994F895
:10BDC0002430013384F8243003B030BD37B50D463C
:10BDD000ADF80420FFF7DBFA01990446024600F1B2
:10BDE00010032846E6F748F930B12369013323618F
:10BDF00013B9237D0133237503B030BD08B54FF46B
:10BE00000060E2F735FC40B94FF48050E2F730FCB7
:10BE100040B9BDE80840E6F791BCFFF7ABFA00284F
:10BE2000F2D008BDFFF7AAFA0028F2D0F9E741F0F6
:10BE3000004141F4E0210160704707B501A801917C
:10BE400005F079FD002003B05DF804FB70477047F2
:10BE5000002070477047704710B5DC1D04338373B2
:10BE60004379C47123F0030343F003030E244371A9
:10BE7000012344738371C3730182827410BDD31C88
:10BE8000C3713E2343734379827323F0030343F06A
:10BE9000030343710123C173837170470F234373FD
:10BEA000042383734379A0F8111023F0030343F0B4
:10BEB0000303437140F20173C3800123C27303740F
:10BEC0007047D31CC3714379417323F0030343F0DC
:10BED00003034371012382738371704708B5002304
:10BEE000FFF7BAFFBDE80840E2F768B82DE9F8436C
:10BEF00080460220894617461E4605F0E0FED0B176
:10BF00000C2343730823837340F601334579C380C0
:10BF100025F003059DF8203045F003054571A0F894
:10BF2000108080F81290A0F81370A0F81560C37309
:10BF3000E2F744F80120BDE8F88308B5022005F0D7
:10BF4000BEFE30B101221121FFF799FFE2F736F86A
:10BF5000012008BDF8B504460F46164613211D46BC
:10BF60000922FFF78CFF83790C331C44A170E77022
:10BF700026712B68C4F80530AB88A4F80930BDE8F9
:10BF8000F840E2F71BB870B5064602200D4605F0F2
:10BF900096FE044668B114210422FFF770FF8379EE
:10BFA0000C331C44A170A4F803606571E2F706F835
:10BFB000012070BD08B504F07CFB08BD2DE9F041FF
:10BFC000074602200D4690461E4605F078FE0446C0
:10BFD000E0B109222121FFF752FF0A2283790C33B5
:10BFE0001C44BDF9183084F8038093FBF2F32372EC
:10BFF0009DF81C30A7806372BDF92030A67193FBB9
:10C00000F2F3E571A372E1F7D9FF0120BDE8F081F9
:10C0100037B5044605F014FD3E22A379C0B20C33B7
:10C02000E518E254831E6B700D23AB70AB791C389E
:10C03000012BE8768DF8073009D10023E91D1A4657
:10C040000DF10700FEF7DEFD9DF80730AB712046CD
:10C05000E1F7B4FF03B030BD704710B5E1F7E8FF7A
:10C06000837900210C33C418E078E0F70BF961689C
:10C07000FEF7F6FF0446E1F7E1FF2246BDE8104077
:10C0800000234FF61941FFF7E7BE10B5E1F7D0FFE7
:10C09000837900210C33C418E078E0F7F3F8616885
:10C0A000FEF7ECFF0446E1F7C9FF2246BDE8104069
:10C0B00000234FF61A41FFF7CFBE70B5E1F7B8FF86
:10C0C000002186790446FE20E0F7DCF80546E3F718
:10C0D0006BFC50B10C24E1F7B1FF2246BDE8704083
:10C0E000002342F20501FFF7B7BEE3F7A3FC0028E7
:10C0F000F0D10C363444237AE61C9B09022BE9D09C
:10C10000012B18D9237AA11C03F03F02073443F016
:10C11000C00311F8010F8C4242EA000203EA000357
:10C12000F7D1002AD6D0FF2BD4D055B93046E2F74C
:10C13000EBF90024CFE73146E2F7ACF90028E1D073
:10C14000C8E731462846FEF7A9FF0028EED1C1E72F
:10C150002DE9F041E1F76CFF837900250C33C41819
:10C16000E678E1F765FF0768E1F762FFA6F1FE03F5
:10C170005942594105603046E0F784F83B4629466C
:10C180002279FEF7C7FE0446E1F758FF2B46224608
:10C19000BDE8F04142F23701FFF75EBE2DE9F04104
:10C1A000E1F746FF837900250C33C418E678E1F700
:10C1B0003FFF0768E1F73CFFA6F1FE0359425941F2
:10C1C00005603046E0F75EF83B4622790121FEF734
:10C1D000A1FE0446E1F732FF2B462246BDE8F041BE
:10C1E00042F23801FFF738BE2DE9F047E1F720FFB2
:10C1F00083790C33C418277994F8038027B9B8F1F0
:10C20000010F27D0E0F7A8FA00260534BE420ADB6A
:10C210000025E1F713FF2A46BDE8F047002342F26C
:10C220003901FFF719BE2078B4F80150A0F1FE03E0
:10C230005942594194F803900434E0F723F858B177
:10C240002A464B464146E0F781F905460028E0D1F1
:10C250000136DBE71225DCE74225DAE710B5E1F726
:10C26000E7FE837900210C33C418E078E0F70AF880
:10C2700080B1211DFEF712FF00280CBF0C24002402
:10C28000E1F7DCFE2246BDE81040002342F2350112
:10C29000FFF7E2BD4224F3E7FE282DE9F843064606
:10C2A000894690461F4616D0022005F008FD044638
:10C2B00090B106221221FFF7E2FD1223A579204654
:10C2C0000C352544AB7085F803902E71A5F80580D8
:10C2D000EF71E1F773FE0120BDE8F883704710B5F8
:10C2E000E3F762FB0446FEF785FC2043C0B210BDB5
:10C2F00038B5E1F79DFE8379C17903F10C02024460
:10C30000CB1A02200021B2F8035005F003FE0446C8
:10C3100040B9E1F793FE0722BDE8384042F2190127
:10C32000FFF7BCBD2846E0F77DFC38B12146E3F7B6
:10C33000A5F80446E1F782FE2246EDE72046F2F733
:10C3400087F80224F6E770B5E1F772FE83791844A6
:10C35000B0F80F60B0B2E0F765FC80B1002100F0EA
:10C36000CAFE0546E1F76AFE044602232A4642F267
:10C370001B01FFF771FDA3791C44668270BD022585
:10C38000F0E770B5E1F754FE83790C33C418B4F8C4
:10C3900003502846E0F746FCA0B1611D00F0ABFE5B
:10C3A0000646E1F74BFE04460223324642F21A01EA
:10C3B000FFF752FDE37923449D72E3792D0A1C4473
:10C3C000E57270BD0226ECE710B5E1F731FE837926
:10C3D0000C3318444479B0F80300E0F723FC60B153
:10C3E0002146E2F727FE0446E1F728FEE2B240F2DA
:10C3F0000641BDE81040FFF751BD0224F4E770B5D7
:10C40000E1F716FE83791844B0F80F5008F082FD6A
:10C4100004462846E0F706FC80B11621FFF7F6FB3C
:10C420000025204608F068FDE1F708FE2A46BDE831
:10C43000704000234FF60441FFF70EBD0225F0E7E0
:10C44000F8B5E1F7F5FD847905460C340444B4F8F9
:10C450000300E0F7E7FB064640B9E1F7EFFD0222F3
:10C46000BDE8F84042F21301FFF718BDAB79E97956
:10C4700003F10C020220CB1A2A44002105F04AFDE8
:10C48000014618B9E1F7DAFD0722E9E783790333BA
:10C4900083713046B4F80D50B4F80F70E2F778FDB0
:10C4A00004463A4629463046FFF77AF8E1F7C6FDDA
:10C4B0002246D5E738B508F02DFD0446FFF70FFFFB
:10C4C00000280CBF0C250025E1F7B8FD2A4642F2F2
:10C4D0000E01FFF703FDE3F7E7FD2046BDE8384016
:10C4E00008F00ABD10B5E1F7A3FD83791844B0F850
:10C4F0000F00C0B2E0F736FFE1F7A0FDBDE8104045
:10C50000002342F224011A46FFF7A6BC2DE9F843A6
:10C5100081460220884617461E4605F0D0FB044699
:10C5200090B10A220321FFF7AAFC0023A579204637
:10C530000C352544EB70A5F80490A5F806802F81F2
:10C540006E81E1F73BFD0120BDE8F8832DE9F04362
:10C55000814685B002200E461F469DF844808DF826
:10C560000F2005F0ACFB0546002844D022222921EB
:10C57000FFF785FC0022AC7930460C342C4404F1E2
:10C580000E0304F11401C4F80E209A806261228324
:10C5900000913A460DF10F01FEF735FB9DF8403052
:10C5A000A4F80490E37006F00103A3719DF80F3026
:10C5B00016F0FD0FE3713B68A360BB88A3814FF6C3
:10C5C000FF7304D0032E08BF43464FF0FF08BDF8A9
:10C5D000302028466283BDF8342084F82180A2836D
:10C5E000BDF838206384E2839DF83C2084F8202045
:10C5F000E1F7E4FC012005B0BDE8F083F8B507469B
:10C60000022016461D4605F05AFB044690B10C2246
:10C610000421FFF734FCA1799DF818300C31214436
:10C6200020468F80C1F80660C1F80A50CB70E1F750
:10C63000C5FC0120F8BD70B5064602200D4605F088
:10C640003EFB044668B103223021FFF73AFCA37990
:10C6500020460C332344A3F803609D70E1F7AEFC41
:10C66000012070BD70B5064602200D4605F027FB7F
:10C67000044688B104220821FFF723FCB5FA85F2AD
:10C68000A37952090C3323442046A3F803605A715E
:10C690009D70E1F793FC012070BD2DE9F8438146C0
:10C6A0000220884617461E4605F009FB0446B0B135
:10C6B0000B220721FFF7E3FBA579BDF820300C35ED
:10C6C00025442046A5F80390A5F80580A5F8077035
:10C6D000A5F80960A5F80B30E1F770FC0120BDE872
:10C6E000F883F8B5074602200E46154605F0E7FA2E
:10C6F0000446A0B10D220521FFF7C1FBA379204616
:10C700000C332344A3F80370A3F80D602A68C3F820
:10C7100005206A68C3F80920E1F750FC0120F8BD44
:10C720002DE9FF4116466A4680460F4615460A9C8B
:10C7300003F1100E9446186859680833ACE80300FA
:10C7400073456246F6D124B9022005F0B8FA0446D2
:10C7500008B31D22ED212046FFF791FBA3790C338E
:10C760002344A3F80380A3F80D702EB13268C3F8F8
:10C7700005207268C3F809200F3304AE2A4603CAA5
:10C78000B24218605960154603F10803F6D12046FD
:10C79000E1F714FC012004B0BDE8F08113B51321CA
:10C7A000827901900C32841881544FF44072C28017
:10C7B000E1F704FAA07020B901A805F0BCF802B0B6
:10C7C00010BD8000013060700198E1F7F7FBF6E7DB
:10C7D00070B5064602200D4605F071FA044678B1A0
:10C7E00004220521FFF76DFB0022A37920460C33BC
:10C7F0002344A3F803605D719A70E1F7DFFB012029
:10C8000070BD13B5837901900C33C418C05CE0F798
:10C8100009FA20B901A805F08EF802B010BD6378BE
:10C82000019913F0300F0CBF012200228B790433E1
:10C830008B714B7962F300034B71E0F701FFECE77A
:10C840002DE9F041E1F7F4FB83790C33C418B4F817
:10C8500003801FFA88F0E0F7E5F9054600B3A279F6
:10C860006179FEF7ACFE0646E1F7E8FB07460223D6
:10C87000324642F27A01FFF7EFFABB7938463B4481
:10C88000A3F81280E1F79AFB46B9A37933B12846A1
:10C89000FFF776F801462846FEF73BFDBDE8F0813C
:10C8A0000226E1E700F0BCBE50E8003F0B4340E841
:10C8B0000032002AF8D17047704770B50E46154611
:10C8C000E0F7A4FB044648B93046E0F70FF8044609
:10C8D00020B92846E5F752FE044640B10020E0F7B3
:10C8E00095FB0020E0F702F80020E5F747FE204620
:10C8F00070BD4FF40010E9F79DBEE4F761BFE1F7AA
:10C90000E5BD38B5044601F036F8054658B9C820EB
:10C91000E5F79CFDC82202212846E5F757FD844231
:10C92000A8BF044624B22046E5F790FD01F023F8A5
:10C93000BDE83840C8220221E5F748BDB0F9002023
:10C94000B1F900302DE9F0479A4204460D4648DC23
:10C9500008F0E0FA8046E0F705FC00283ED1E5F754
:10C960002BFD824601F007F8C8220221E5F72EFDD3
:10C9700047F6FF73B5F9002081469A4202D1E5F7E8
:10C980003FFD288047F6FF73B4F900209A4202D198
:10C99000E5F730FD2080B5F90000FFF7B2FFB4F9EC
:10C9A000003007468342C8BF2080B4F90000E5F795
:10C9B0002DFDFEF7A2FC064658B15046E5F726FDD0
:10C9C0004846E5F743FD404608F096FA3046BDE894
:10C9D000F087E5F7F1FC20802F80F4E741F20C06A8
:10C9E000F1E72126F2E74368143B4360A0230B6084
:10C9F00070471AB94268A2EB530242600A6802EB20
:10CA000083020A607047884210B51BD8052819D9DF
:10CA1000B1F5486F16D8B3F5FA7F13D240F67644D5
:10CA2000A2F10A0080B2A0420CD8BDF80800013380
:10CA30009BB243434B435B00B3EBC20F94BF012057
:10CA4000002010BD0020FCE7C94350E8003F0B4028
:10CA500040E80032002AF8D17047002070472DE9E5
:10CA6000F04104460E4600250127214685F00100CD
:10CA7000FEF786FC4FF48051FFF7E6FF836880469F
:10CA800033B938460DB1BDE8F08101250746ECE722
:10CA9000028AB24206D1002201212046984700288E
:10CAA000EFD1EFE70268D10502D500221146F4E785
:10CAB0009307E6D52046FEF7ACFC02460028E0D1FD
:10CAC0000521D8F80830E8E708B5FEF772FC002326
:10CAD0000380436008BD70B506460C4608F01AFA9C
:10CAE00005463046FEF765FC30B103781C43047000
:10CAF0004FF40070E9F79EFD2846BDE8704008F04D
:10CB0000FBB9E0F79DBD07B542798DF8071022F01B
:10CB1000030242F00302427140F203320DF10701B9
:10CB2000C280012204F0E3FE03B05DF804FB70B59F
:10CB30000C460546072120461646FFF7E4FF20462F
:10CB4000E1F7CAFE214646702846BDE87040E0F78E
:10CB500077BD38B50C4600210546FEF771FC47F657
:10CB6000FE73241AA4B29C4205D928462821FFF757
:10CB700036F8002038BD0120FCE738B504460D46E4
:10CB800001460020FEF7FCFB03689B0505D42946FF
:10CB90002046BDE83840FFF7DCBF002038BD2DE956
:10CBA000F04115461F469DF81880FEF7E9FB044644
:10CBB00008F0B0F9B8F1010F064623D154E8003F60
:10CBC00043F4807344E80032002AF7D105B354E8F7
:10CBD000002F42F4007244E80023002BF7D1FF211C
:10CBE0002046FFF731FF54E8002F48EA020244E8EC
:10CBF0000023002BF7D13046A5602782BDE8F04125
:10CC000008F07AB94FF480712046FFF71DFFDDE789
:10CC10004FF400712046FFF717FFE0E773B50646B3
:10CC200001200C46FEF7ACFB002305461A46009394
:10CC300021463046FFF7B3FF6B6863B14FF4807154
:10CC40002046E0F719F855E8003F43F4007345E843
:10CC50000032002AF7D108F05DF905462046FEF7BC
:10CC6000A8FB28B103881BB14FF40070E9F7E2FC80
:10CC7000284602B0BDE8704008F03EB938B5054618
:10CC80000C46FEF77DFB83684BB102212046002253
:10CC9000984721462846BDE83840FFF7BFBF38BD5A
:10CCA000012938B505460C4608D0CC1E012C03D806
:10CCB00001460120FFF7E2FF012038BD2221FEF7E7
:10CCC000BCFB20462946FFF7D9FF0020F5E708B551
:10CCD000FEF756FB006800F0F00008BD10B50146F5
:10CCE00004460120FFF7F3FF20B92146BDE81040BC
:10CCF000FFF7EDBF10BD70B506460C46014601209A
:10CD0000FEF73EFB314605460020FEF739FB2B6857
:10CD10000268014643EA0200C0051ED49B0502F4E6
:10CD2000007203D49AB94FF0FF3070BD2B8A1B1BE1
:10CD300098B27AB1098A091B89B28842A8BF08460D
:10CD40004FF6FF73984208BF4FF0FF30EDE74FF604
:10CD5000FF70EFE74FF6FF71EFE70120E5E72DE900
:10CD6000F34104460191014601201546FEF708FBF8
:10CD7000214606460020FEF703FB80462046FEF7CC
:10CD800008FB810606D501A804F0D5FD0C2002B0F1
:10CD9000BDE8F08108F0BEF8336807469A0503D471
:10CDA000D8F800309B0509D50199301D8D6004F03D
:10CDB000A9FE384608F0A0F80020E8E708F09CF843
:10CDC00020460199A847E2E738B50146044601200C
:10CDD000FEF7D6FA05460C3004F0ADFD281D04F030
:10CDE000AAFD21460020FEF7CBFA04460C3004F0E1
:10CDF000A2FD201DBDE8384004F09DBD70B5014680
:10CE000005460120FEF7BCFA0646043004F010FE89
:10CE1000044670B14FF400713046FFF715FE21460D
:10CE20002846A368984720B12046BDE87040F1F736
:10CE30000FBB70BD00238260C0E90031704708B5A8
:10CE40000B4601461846FEF79BFA0068C0F34020E7
:10CE500008BDFFF725BFCB1E012B70B504460D465C
:10CE6000164606D81A21FEF7E8FA40212046DFF7D9
:10CE700003FF324629462046BDE87040FFF710BF49
:10CE800038B504460D46FEF7C4FA28B1012D04D189
:10CE900022212046FEF7D1FA002038BDF8B50C4615
:10CEA0008B7907460B44D3F80D60D3F81130324626
:10CEB000E0F7A8FB09212046FFF725FE2046E1F711
:10CEC0000BFDA579E1F72EFC0C3566F0FF06254435
:10CED0000640C5F80160E1F725FC3846C5F80510A5
:10CEE0002146FFF70EFE02213846FFF7F4FDF8BD9C
:10CEF00070B50E46054601460020FEF741FA012EA8
:10CF0000044603D0022E11D0012070BDC16828460E
:10CF10008B7919440D31FEF73BFBE068F1F798FA85
:10CF200000202946E060FFF779FEEDE7C068F1F7E1
:10CF30008FFA0023E360E7E738B50D460446014663
:10CF40000120FEF71DFA012D08D100F11201204643
:10CF5000FEF71EFB21462846FFF760FE012038BD84
:10CF600008B5FEF716FAC0F3C00008BD08B5FEF715
:10CF700018FA00F0010008BD38B50C46022105463C
:10CF8000FEF711FA0C212046FFF7BDFD2046E1F720
:10CF9000A3FC4FF0FF3383700223C3700E23437052
:10CFA0006FF02F0303710523214643712846BDE826
:10CFB0003840FFF7A6BDF8B504460D46DFF746FE3C
:10CFC0004FF0FF3180B2FDF708FE2046FFF7C8FFA3
:10CFD00080F00107FFB221463846FEF7D1F9064638
:10CFE000C068012D837903D0022D20D00120F8BD27
:10CFF0000C33C5182B892046EA88A988FEF7A0FBC8
:10D0000069886A7849005200204689B2FEF7E1F942
:10D01000F068F1F71DFA002320464FF48031F360E9
:10D02000FEF7C4F921463846FFF7F8FDDEE7F1F7D1
:10D030000FFA00234FF480312046F360FEF7B6F973
:10D04000D4E7042910B5044601D0002010BDFFF735
:10D0500087FFC0F10200E1F70BFB0028F5D104F0D7
:10D060002EFE014608B90220F0E72046E1F7B4FFA2
:10D070000028F8D10120E9E708B5FEF78AF9C0F3E6
:10D08000C00008BD2DE9F0410F4604469046FFF769
:10D09000F3FF80F00105EDB221462846FEF770F956
:10D0A000012F064603D0032F0FD001200BE02046AE
:10D0B000FEF737FE22212046FEF7BFF9284621461B
:10D0C000FFF7DCFD0020BDE8F081C068F1F7C0F992
:10D0D00000232046F360FEF724FE20465FFA88F125
:10D0E000FEF7ABF920462021DFF7C6FD2146284692
:10D0F000FFF7C4FDD9E737B504460D46FEF751F9F1
:10D1000003054CD5022004F0DAFD0190002848D038
:10D11000204645B3FFF7B0FF50B105210198FFF756
:10D12000F2FC0198E1F7D8FB20460199FFF7E9FCF2
:10D1300020462946FEF700FE2046FFF79DFF78B9FE
:10D140004FF400612046FEF729F906210198FFF708
:10D15000DAFC0198E1F7C0FB20460199FFF7D1FC0A
:10D16000002003B030BDFFF787FF68B101990323AA
:10D1700006222046E1F7C2FB2046FEF7D2FD2146FB
:10D180002846FFF77BFDEBE701A804F0D4FB20461F
:10D190003D21FEF724FD2046FEF7C3FDE0E70C200D
:10D1A000DFE70720DDE7F7B5014604460020FEF77C
:10D1B000E7F8054600F112074FF48060E1F758FAEE
:10D1C00050B92046DFF742FD3A46698B80B203B082
:10D1D000BDE8F040FFF785BA2046DFF737FD064689
:10D1E00020466D8BFEF7D3F80022034600922946B5
:10D1F0003A46B0B2FFF794FA03B0F0BD83781A2B29
:10D2000009D81B2383700288B2F5A47F07D24FF49C
:10D21000A473038007E0FB2BF5D9FB23F2E744F26C
:10D2200090239A42F5D87047F0B50446CA798B79B5
:10D2300087B043EA0223ADF80C308B8803A88DF841
:10D240000E30CA788B7840F6480543EA0223ADF8E1
:10D2500010300B8805A98DF81230FFF7CFFF04A816
:10D26000FFF7CCFF2046FEF7EAFC0B212046FEF735
:10D27000A0FC44F29023002818BF1D46BDF80C7096
:10D280009DF80E30BDF81460BDF810209DF8160012
:10D290009DF81210AF42D4BF00970095FB2BA8BF9A
:10D2A000FB23B242A8BF32468142A8BF01462046B6
:10D2B000FEF7D3FA07B0F0BD37B514460546104661
:10D2C000FFF721FC2046E1F707FB01A904462846A9
:10D2D000FEF7B5FC0B212846FEF76BFC6FF004034C
:10D2E0006370002344F29022A37040F648030028A4
:10D2F00018BF1346A4F803309DF80630A4F8053093
:10D30000BDF80430A4F8073003B030BDFFF7C8BC47
:10D31000022973B505460C4603D00024204602B00E
:10D3200070BD0521FEF716FC0028F6D0E0F720F8C6
:10D330001B28F2D94FF40040E1F79AF90028ECD10C
:10D3400004F0BDFC06460028E8D0284601A9FEF7F7
:10D3500076FC314628469DF80630BDF80420E2F7F9
:10D360000FF90028D9D10124D8E730B190FAA0F004
:10D370000123B0FA80F08340D8B2704770B50646FA
:10D38000FEF70FF880F0400402060546C4F380144F
:10D3900006D408213046FEF7F2FB08B144F002043F
:10D3A000EB0506D40B213046FEF7E9FB08B144F04B
:10D3B0000404204670BD2DE9F843044691460F460B
:10D3C000FDF7EFFFC0F340152046FEF7D6FA2146E1
:10D3D00080462846FDF7D4FF494606462046FEF71C
:10D3E0002CF898F80110384601F00F0100F005FA0A
:10D3F000062814BF014600212A462046FEF761FA9E
:10D4000021462846FFF70AFC20212046FDF7CEFFE3
:10D4100056E8003F43F4805346E80032002AF7D133
:10D42000BDE8F883F8B50E4604461546FDF7B9FF8A
:10D43000032EC0F340170DD0042E16D0012E12D1AA
:10D4400022212046FDF7F9FF38462146FFF716FC5A
:10D450000020F8BDEAB200212046FFF7ACFF2146CC
:10D460003846FFF70BFC0120F3E70C22F3E7012914
:10D4700010B504460BD1FDF794FF2146C0F34010D0
:10D48000FDF77EFF0022817C2046FFF794FF0120FC
:10D4900010BD2DE9F7430F460546FDF782FF00F06A
:10D4A0002009C0F340182846FEF767FABB790C3311
:10D4B0003B445E789B781E400378C3F3030000EA88
:10D4C00013103040FFF751FF044648B9B9F1000F7F
:10D4D00006D12846FFF752FF3040FFF746FF0446CB
:10D4E0002846FEF74DFAE4F721F8A04223D01CB3FA
:10D4F00002212846FDF7A4FF002106462846FEF734
:10D50000BDF818213846FFF7FEFA3846E1F7E4F98E
:10D51000B6B2394644708470A0F803602846FFF71D
:10D52000F0FA23462246294640460096E2F762F882
:10D5300003B0BDE8F08300242646E2E770B5044658
:10D540000D46FFF7CBFB28B929462046BDE87040C1
:10D55000FFF79FBF402829462046BDE870404FF0A6
:10D56000160314BF2A222322E1F7C8B938B50546AD
:10D570000C46FDF716FF830604D42046BDE838406C
:10D58000F0F766BF21462846BDE83840FFF781BF67
:10D5900073B58C7906460C340C440D46FDF701FF3B
:10D5A000A278C0F34010032A14D0052A28BF002215
:10D5B0006378032B10D0052B28BF0023B4F8031089
:10D5C00000913146E2F716F8284602B0BDE87040F7
:10D5D000F0F73EBF0022EBE70023EFE708B58B79B9
:10D5E0000B441B7B162B03D0172B05D0002008BD46
:10D5F000FFF7A4FF0120FAE7FFF7B8FFFAE708B545
:10D600008B790B441B7B162B03D0182B05D00020E5
:10D6100008BDE2F719F80120FAE7FFF7B9FFFAE7CA
:10D6200070471FB54A1E042A03460C465FD80129DD
:10D6300002D1008804B010BD022905D100885B88A2
:10D64000984238BF1846F5E74A00014601A803F0A2
:10D65000E4FE032C07D10023ADF80A304FF6FF7328
:10D66000ADF80C3001E0042CF8D0BDF80620BDF870
:10D670000430934284BFADF80630ADF80420BDF805
:10D680000A30BDF80C20934288BFADF80A20BDF8DF
:10D690000A2088BFADF80C30BDF80430934288BF33
:10D6A000ADF80A30BDF80620BDF80C309A4288BFAC
:10D6B000ADF80630BDF80820BDF80630934284BFAF
:10D6C000ADF80830ADF80620BDF80A30BDF80820E6
:10D6D0009A4288BFADF80830BDF80820BDF8063082
:10D6E0009A4238BFADF80830BDF80800A2E74FF6FF
:10D6F000FF709FE7830705D410F0040F14BF0320C9
:10D700000120704702207047012804D0022804D06D
:10D7100030B9E3F773BBE3F761BB0020E2F78ABCE3
:10D72000704710B1012803D070470120E2F782BC96
:10D730000020FBE7F7B51F468B1E012B05460C4664
:10D74000164613D8FDF759FA0023CDE90005F01A63
:10D7500018BF01201A463946FDF75DFA80B1022C48
:10D760000BD12846E0F7AAFE002004E00029F8D0FB
:10D77000012902D0FF2003B0F0BD2846E0F7E2FE09
:10D780000120F8E770B50D4600219DF810600446B1
:10D79000817106F10C014173111E18BF012103F0C4
:10D7A0000F00237B40EAC11003F0400318432073AD
:10D7B0002B469DF8141004F10E00FFF7BBFF237BEE
:10D7C0000E3660F3861323732B686361AB88238363
:10D7D000A3793344E37170BD08B5E4F757FBBDE8A6
:10D7E00008400020E4F7C0BBC94350E8003F0B40AD
:10D7F00040E80032002AF8D17047022808D00428F7
:10D8000003D0012818BF0620704701F00101C81C91
:10D810007047E4F7AFBB0A2802D80130C0B27047A6
:10D82000242801D80230F9E7252805D0262805D07C
:10D83000272818BFFF207047002070470C20704732
:10D8400008B5E3F7EFFEBDE808404FF00060E8F7E9
:10D85000F1BE08B5E4F794FB20B1BDE80840102004
:10D86000FFF7EEBF08BD70477047704770477047BD
:10D8700000207047704770477047704770471046E8
:10D880001946704700200021704703F0ACB8E9F753
:10D890001FBD03F061B908B5E4F7ECF820B1BDE8AD
:10D8A00008400420FFF7CCBF08BDD7F731BF10B543
:10D8B00004460846E3F75CFEB4F90820824203D030
:10D8C0002081E4F789FC608110BDF0B587B00D467A
:10D8D00016468DF8070002B9A3B329469DF8070044
:10D8E000FDF79FF90446B8B929469DF80700FDF7F2
:10D8F0009CF940BB16B39DF80710003918BF0121F1
:10D9000028460DF10F02E4F7F9FDF8B99DF80F4034
:10D91000013418BF012416E004AF012239460DF18D
:10D920000700FDF780F904464EB19DF80730191E37
:10D9300018BF0121002818BF3D46E1E70124FDF78B
:10D940005FF900B90124204607B0F0BD4FF0FF3465
:10D95000DEE7CB08C25C012301F007018B401A42CD
:10D9600014BF0120002070477047704702461946D7
:10D970000020E4F72BBD002070470020704707B55A
:10D9800000214FF0FF336A46084600938DF80430BB
:10D99000E4F736FE03B05DF804FB38B505460068D1
:10D9A00003F054FE0446287900F01F0003F04EFEF9
:10D9B0002044C0B2012894BF0020012038BD704728
:10D9C000F8B58788C38804469F420E4615460BD299
:10D9D000FFF71FFFA288E3889B1A013390FBF3F245
:10D9E00002FB13000744BBB23380FFF712FF3388FA
:10D9F0000133B0FBF3F202FB13039BB22B802289AD
:10DA000061898A4208D839B1934238BF13462B80C6
:10DA100062899A4238BF2A80F8BD704770477047C4
:10DA20000120704770478160704741EA002008B5C7
:10DA300040F49020FBF7D9FA014640B110F1880F6D
:10DA400005D0BDE8084040F20740F2F7A9B808BD8C
:10DA50000120704770B50C46064611461D46E4F796
:10DA6000A1FE58B144EA06206FEA40406FEA5040F8
:10DA70002A46BDE8704080B2E8F752BE40F2064048
:10DA800070BD837901461A0703D506220020E4F70A
:10DA900009BF9B0602D506220120F8E74FF0FF30B0
:10DAA00070478379532B01D1E4F72EBFFFF7E9BF0D
:10DAB00070B5064614461D46E4F774FE10B90024FE
:10DAC000204670BD41EA06206FEA40406FEA5040B0
:10DAD0002A46214680B2E8F73FFE0028F0D0EEE764
:10DAE00008B5E6F7D5FE002008BD014608B500F0F0
:10DAF0003800E5F76BFB78B1D0E901324078C1F32B
:10DB0000074110F0020F08BF1346043B53F8040FFF
:10DB100010B102788A42F9D108BD38B505460C46E5
:10DB200004B938BD013C55F824301B69002BF7D0EF
:10DB30009847F5E770477047F8B543780546DB0727
:10DB400001D4E5F773FB00266B786F6823F00C03B4
:10DB500043F002036B7057F826402CB9202005F1E2
:10DB60000C01F0F7BFFC0FE0A3680136002BF2D0E8
:10DB7000984704460028EED031463846FFF7CDFFDF
:10DB80006B7823F002036B702046F8BD4078C0F339
:10DB900040007047437813F00E0F0CBF01200020A7
:10DBA000704710B5E5F7ACFB0446E5F7BDFB204632
:10DBB00010BD08B5E5F70AFBC068003818BF0120A2
:10DBC00008BD08B5E5F702FB20B1BDE80840C06814
:10DBD00003F0E2BE08BD38B5E5F7F8FA044650B1E7
:10DBE00007F098F9054604F10C0003F0C2FE044664
:10DBF000284607F081F9204638BD37B50D46144652
:10DC0000C2B1B1F5827F17D3FFF7E5FF014601905E
:10DC1000A0B100232A46204603F07CFE01A803F0B1
:10DC20008AFE2246022052F8041BFFF784FF0020E0
:10DC300003B030BD2220FBE72120F9E72D20F7E7D4
:10DC400037B58379019003440446D86800F0380062
:10DC5000E5F7BCFA054628B901A803F06CFE0220DE
:10DC600003B030BD204603F070FE07F053F90446C0
:10DC7000019905F10C0003F045FF204607F03CF93F
:10DC8000E8F760FC0020EBE72DE9F04104461F4671
:10DC90002502C4F3072305F4E06524F47F441D4303
:10DCA00024F0C704EE1944F080048B7944EA16246A
:10DCB0003602B6B20C333443084601EB0308CC50AD
:10DCC0001146FFF7BDFF20B94544EF704046BDE85F
:10DCD000F0814FF00008F9E7427810B504320446AD
:10DCE00001F00400D2B2002140F0290004F0A8F8AD
:10DCF00018B1837922680344DA6010BD10B50021A1
:10DD0000FFF7EAFF044608B9002010BD0179FFF7CC
:10DD100097FF0028F8D1A3790C33E018F5E72DE937
:10DD2000F04117461A46036801F004011C0204F48E
:10DD3000E064C3F307231C4341F02905043406467D
:10DD40003B462146284604F0E5F8804650B1E1B252
:10DD500003F031FE3B462A4641463068BDE8F041BB
:10DD6000FFF792BFBDE8F0812DE9F341002401F0F7
:10DD700004010768064641F0290510682946146029
:10DD8000019003F0E2FD019803F05AFE390201F41C
:10DD9000E061C7F30727394380460122043101A817
:10DDA00003F0CAFF30B101A803F0C5FD204602B060
:10DDB000BDE8F08143462A4601993068FFF764FFC9
:10DDC000F5E7A0F86E10704701238B4090F87110B2
:10DDD000194380F87110704708B50120F0F7F8FA80
:10DDE000C0B208BD83790C331844704710B504469F
:10DDF000A1F1140003F024FE201A20EAE07080B2A2
:10DE000010BD70B51C460D461646FFF7EFFFA04249
:10DE100007D322463146A5F1140004F04EF8012044
:10DE200070BD0020FCE770B506460D4614467AB971
:10DE30000A462046082104F003F8044690B92A4611
:10DE40000821292003F0FCFF044658B9204670BD84
:10DE5000104603F070FD204603F025FF08231D4403
:10DE6000A371E571A3790C331C442670EEE72DE90C
:10DE7000F0411646069A074688461D46FFF7D3FF2F
:10DE80000446F0B114382A463146069004F015F8DD
:10DE9000854217D9069B06A81C7904F0200403F0DC
:10DEA0004AFD74B942460821292003F0C9FF2A46D9
:10DEB0003146069004F001F8854206D906A803F021
:10DEC0003AFD00242046BDE8F081069A93790C3390
:10DED000D418D754F6E711B11439E5F7C9BB1A20A5
:10DEE000704738B5002204460D4602200321FFF793
:10DEF0009AFF014608B1A0F801502046BDE838401D
:10DF0000FFF7E9BFF8B504460F4616460521012084
:10DF1000069A1D46FFF787FF014638B147704680D5
:10DF200005712046BDE8F840FFF7D5BFF8BD38B50C
:10DF30000D46032104460846FFF775FFA0F801507F
:10DF400001462046BDE83840FFF7C5BF73B505461A
:10DF5000084611466C891A46641ABDF81830A4B2F6
:10DF60009C4228BF1C46079B089E00932346FFF750
:10DF70007EFF014630B12846348002B0BDE87040D3
:10DF8000FFF7A9BF1A2002B070BD012110B5002211
:10DF900004461320FFF747FF014620B12046BDE8A5
:10DFA0001040FFF798BF10BDF7B5448905461846E5
:10DFB0000F461646019303F043FD053CA4B284428C
:10DFC00003DA011B01A803F0DDFD0521019803F030
:10DFD0007AFE014628B901A803F0ADFC1A2003B06F
:10DFE000F0BD83790C33C2181720C8542846A2F814
:10DFF0000170A2F80360E5F73BFBF0E7012110B5E3
:10E00000002204461920FFF70EFF014620B12046EA
:10E01000BDE81040FFF75FBF10BD73B50E4600218D
:10E0200044890546033CA4B2A342009128BF23467D
:10E0300003211B20FFF71BFF014670B1012210F8DE
:10E040000F3CA0F8016062F3071300F80F3C28466C
:10E0500002B0BDE87040FFF73EBF1A2002B070BDAD
:10E0600073B50E46002144890546033CA4B2A34281
:10E07000009128BF234603211D20FFF7F8FE01462B
:10E0800038B1A0F80160284602B0BDE87040FFF743
:10E0900022BF1A2002B070BD4B88042B07D1836CBD
:10E0A00008885B8998428CBF0020012070470020BF
:10E0B0007047532838B505460C4604D1BDE83840B2
:10E0C0000846F1F7F1BD0620F0F758FB68B963790F
:10E0D000142D03F03F03637104D0722D08D163F057
:10E0E0003F0363710020A57138BD40F20740FBE794
:10E0F0002120F9E70023036083808371704710B506
:10E10000044660B1806C50B1E5F79AFBA06C002822
:10E11000FAD12046BDE810400321E5F7E9B910BD6A
:10E12000438907B58B420CD050F80C2B40F20141CB
:10E1300092F87020ADF806308DF8042001AA03F0A3
:10E1400028FB03B05DF804FB436943F0040343611B
:10E150007047436923F00403436170474069C0F38B
:10E160008000704747F2305300220068EFF7E2BFAB
:10E17000006803F09DBA38B5436904469B070D4615
:10E1800003D540F20941FFF7F3FFE5F78FFA08B135
:10E19000A3691D702046BDE8384040F20941FFF7F1
:10E1A000E1BF07B5027C012A09D00122027440F2C6
:10E1B0000942914206D040F20A4291420ED003B089
:10E1C0005DF804FB4FF4816150F80C3B01AA93F811
:10E1D00070308DF8043003F0DCFAF0E750F80C3BB7
:10E1E00001AA93F870308DF80430F4E738B522F0C6
:10E1F00000430D46114640F20322934204461AD0D2
:10E20000B3F5017F09D240F20122934213D040F2CC
:10E210000222934209D0002038BD6FF4816213447A
:10E22000012BF8D8FFF7BDFFF5E700F01AF92046FB
:10E2300001F0A2F8EFE763699B0704D540F20941BA
:10E240002046FFF795FF2846FFF759FFE3E708B59B
:10E2500000B10068E5F71CF908B9034602E0836CD9
:10E26000002BF7D0184608BD10B5044642F62A30F8
:10E2700000F03BFB031B5842584110BD022806D159
:10E2800042F62A330888C31A584258417047002082
:10E29000704710B5044642F6293000F026FB031BF8
:10E2A0005842584110BD90F8200000F0010070471E
:10E2B0001FB504466846E5F7F3FB1022694604F1F2
:10E2C000210003F075F8B0FA80F0400904B010BDE9
:10E2D00008B5FFF7EDFFB0FA80F0400908BD70B552
:10E2E000044600F1210591B92846E5F7D9FB2368DA
:10E2F00093F97500E4F756FA78B120682B46BDE82B
:10E30000704010220D2190F97500FFF7A3BB102279
:10E310000021284603F076F8E9E770BD38B50446D9
:10E32000002390F8202041FA03F0C50703D442FAF5
:10E3300003F0C0071ED40133082BF4D101F001050E
:10E3400023682A4384F8202093F97500E4F72AFA19
:10E3500040B1234653F8200B01220C2190F975009F
:10E36000FFF778FB0DB9002038BD00212046FFF7EC
:10E37000B6FFF8E71320F7E768B13F290AD800EBAA
:10E38000A10090F8310001F003014900084100F0BC
:10E39000030070470020704710B50368044693F9E6
:10E3A0007500E4F7FFF950B12346BDE8104053F87B
:10E3B000310B10220B2190F97500FFF74BBB10BDFC
:10E3C00010B590F87430DB0706D490F9753001333E
:10E3D00014BF0F20052010BD847CF1F737FB844269
:10E3E00034BF0C200020F6E730B5044685B06846FF
:10E3F000E5F756FB1021684603F0A1FD2046E5F73E
:10E4000057FD6B46C26804AD06321C4603CCAC42D5
:10E4100010605160234602F10802F6D105B030BD0C
:10E4200008B5E5F745FD08B1E5F716FDC0B208BD32
:10E43000013810B580B2E5F73BFD044608B900206D
:10E4400010BD408800F083FB0028F8D0207BF7E760
:10E4500008B5E5F72DFD18B1007AC31F58425841A1
:10E4600008BD70B5054655F8213B044693F9750083
:10E47000E4F798F920B92846BDE87040E5F710BBED
:10E48000234653F8310B10220B2190F97500FFF74A
:10E490000FFB234653F8200B01220C2190F9750045
:10E4A000FFF706FB20682B46BDE8704010220D21C7
:10E4B00090F97500FFF7FCBA01302DE9F04185B203
:10E4C00028460E46E5F7F4FC42F60217044642F6EB
:10E4D00003089CB12046E5F7BFFC78B1204600F068
:10E4E00045FBB84205D10EB123883380607BBDE87F
:10E4F000F081204600F03AFB404502D14FF0FF305A
:10E50000F5E70135ADB22846E5F7D2FC0446E0E771
:10E510002DE9F04707460E4690460D4642F6021991
:10E5200042F6030A0135ADB22846E5F7C1FC0446C0
:10E5300078B1E5F791FC60B1204600F017FB484543
:10E5400005D1237A072B04D10320BDE8F08750457D
:10E55000E8D141463046FFF7AFFF431C014604D0E7
:10E560003846BDE8F047FFF707BF0020EDE770B57C
:10E57000054608461646E5F79BFC044608B9012007
:10E5800070BDE5F769FC0028F9D0F00713D4B10796
:10E5900034D4720702D5A3885B0732D516F0060F74
:10E5A00031D116F40060EBD0A38813F4006F14BFD0
:10E5B00000200620E4E7A388DA0743D513F0700FA4
:10E5C0000AD1980610D45806E1D52B6893F9753016
:10E5D0000133DCD10820D3E72868FFF7F1FEA388D8
:10E5E000990608D50028CBD12A6892F874209207A2
:10E5F000E9D40520C4E70028C2D1E4E7A38899073D
:10E60000C7D40320BCE7A38813F4E06F09D19805B1
:10E610000FD45B05C5D52B6893F975300133C0D194
:10E62000D8E72868FFF7CCFEA388990507D500280E
:10E63000A6D12A6892F874209207EAD4D9E7002874
:10E640009ED1E6E702209BE738B504460846E5F789
:10E650002FFC054608B9012038BDE5F7FDFB002871
:10E66000F9D0AB8813F4E04F0CD1980412D413F412
:10E670008040F1D0236893F97500431C58425841FB
:10E68000C000E9E72068FFF79BFEAB88990408D536
:10E690000028E1D1226892F874209207E7D405207F
:10E6A000DAE70028D8D1E2E72DE9F0474FF000097A
:10E6B000044683F800900846A2F800908846164663
:10E6C0001D46E5F7F5FB074620B9012300202B7016
:10E6D000BDE8F08774B1E5F7BFFB0028F5D04046F0
:10E6E000FFF7D7FD30B1012385F8009004F1200039
:10E6F0003380EDE72B46324639462046BDE8F047E9
:10E70000E5F75AB92DE9FF410746084688461646FF
:10E710000393E5F7CDFB044638B903A803F00BF9E2
:10E720000125284604B0BDE8F0811FB1E5F794FB50
:10E730000028F2D0237A072B05D8DFE803F017264C
:10E740002F381C17172126BB0398002835D13246D5
:10E75000257A022D62D0032D64D0012D3BD0002FED
:10E760007FD1002503A803F0E6F8DAE703A803F059
:10E77000E2F80325D5E703A803F0DDF80625D0E786
:10E7800003A803F0D8F88025CBE7E3685D88B5429D
:10E7900009DA03A803F0CFF80725C2E7E3689A88EF
:10E7A000B242F6D35D88039840B9024609E0022ED2
:10E7B000EFDC039868B90246CAE7354603F040F932
:10E7C00082B29319AB42C3DD03A803F0B4F80D2560
:10E7D000A7E70225F2E7E0680630002303993044FA
:10E7E00003F098F8002FBCD0237A032B39D103A86B
:10E7F00003F0A1F800212046E5F716FB68B3058871
:10E80000617B3846FFF7B8FD0122034629463846AA
:10E81000CDF8008000F047FC002582E7E068B318DF
:10E820008380D9E7039B9A79D979891AC9B2481E9E
:10E83000012810D8134402291A7B04BF5B7B42EAEB
:10E840000322237B32EA03038CD101233846617B08
:10E85000E5F788F8C6E70D2584E708F1FF35ADB286
:10E86000CEE7039B41460093384633463A7F00F09B
:10E8700000FCD1E7884270B504460D46164611D813
:10E88000012838BF01242046E5F712FB10B1438868
:10E89000B34208D00134A4B22046E5F7EDFA08B13E
:10E8A000A542F0D20024204670BD70B50C46164635
:10E8B0001D460146B8B1B3B1022C01D0102C12D1C3
:10E8C000E0B2E5F72DFA4FF6FF718842024602D119
:10E8D00041F20A1070BD3046FFF7CCFF0028F7D098
:10E8E00028800020F6E72120F4E7002307B5012265
:10E8F000ADF80400ADF8063002210DF1060301A8C1
:10E90000FFF7D3FFBDF8060003B05DF804FBF8B5D0
:10E910000F461646441CA4B22046E5F7C9FA10B9C2
:10E92000013CA0B2F8BD00F021F90546304600F0E8
:10E93000F9F820B1284600F0F5F80028F0D130466B
:10E9400000F0E9F820B1284600F0E5F80028E7D10A
:10E950000134A4B22046E5F78FFA08B1BC42DBD9F6
:10E960004FF6FF70DEE72DE9F04F9A4687B08B88AF
:10E970000D460C88814604A90220ADF8103090465F
:10E98000E5F7CEF9AB680090A888AF89059300F051
:10E99000C2F838B1102F05D105A8E5F7A7F902286C
:10E9A00008BF02279DF840B00BF0010B38E020466D
:10E9B000009AFFF75FFF0646A8B3AA886988FFF7A9
:10E9C000A6FF04463046FFF72BFD40EA0B00C0B21D
:10E9D00000B30DF10F03314648460DF11202FFF767
:10E9E00063FE9DF80F302BB1A8F80060184607B001
:10E9F000BDE8F08FBDF81220BA420BD13A46059916
:10EA0000019302F0D5FC019B20B9A8F80060AAF898
:10EA10000040EBE74FF6FF739C4201D00134A4B2F3
:10EA20006988A142C3D20A23E0E708B5E5F740FAB6
:10EA3000BDE8084000F09AB838B505460846E5F745
:10EA400037FA044610B94FF6FF7038BD0DB960882B
:10EA5000FBE7E5F701FA0028F9D1F4E770B50446C1
:10EA600042F60520FFF741FFB0B10021FFF724FD7A
:10EA7000054601462046FFF77FFC0646102200218E
:10EA800004F1310002F0BEFC324629462046BDE8C2
:10EA900070400023E4F766BF70BD7FB504460D46A5
:10EAA00010220021684602F0ADFC0026AB575A1C2C
:10EAB0001BD031462046FFF75FFC1946002BB8BF3C
:10EAC000D91C04AA02EBA10100F00302584200F095
:10EAD000030003F0030358BF43425B0002FA03F351
:10EAE00011F8102C134301F8103C0136402EDDD1F3
:10EAF0006B4604F1310504AE1A4603CAB2422860DF
:10EB00006960134605F10805F6D1204604B0BDE85A
:10EB10007040FFF741BCA0F5205001288CBF0020B9
:10EB20000120704742F60303C31A58425841704708
:10EB300008B5030409D4E5F7BFF8A0F5205080B26A
:10EB400001288CBF0020012008BD0020FCE7020442
:10EB500008B507D4E5F7B0F842F60303C31A5842E4
:10EB6000584108BD0020FCE7C00B70470346B3F9CD
:10EB700002304088002B01DBE5F79EB8002070478B
:10EB800008B5FFF7F3FF42F60303C31A5842584192
:10EB900008BD08B5FFF7EAFFA0F5205080B20128B4
:10EBA0008CBF0020012008BD1FB550F80C4BADF8FC
:10EBB0000A3094F87040069BADF806108DF80820D6
:10EBC00040F2035101AA8DF80440039302F0E1FDE5
:10EBD00010B906A802F0AFFE04B010BD2DE9F04157
:10EBE0004FF0000886B004460E461546CDF80C805E
:10EBF00000F1440712B303A802F09DFE384602F06C
:10EC00009AFE84F81C8000233246009318212B467C
:10EC10002046FFF777F905F58855204650F80C3B5C
:10EC200040F2055193F8703004AA8DF81030059524
:10EC300002F0AFFD002006B0BDE8F08143691A077D
:10EC400010D4A846384602F094FE03460390C0B99B
:10EC500003A802F070FE384602F06DFE0023237711
:10EC600055B1D0E723F00803436103A802F063FE27
:10EC7000384602F060FE25772046FFF7BFF90025F1
:10EC8000CBE79979204601F10C021A44B2F80160F1
:10EC90000531B2F8032099713146FFF733FDCDF805
:10ECA0000C800028CED00546D2E72DE9F84F0E465D
:10ECB00091469A4605469DF828B010B1037C012B79
:10ECC00060D02846FFF740FA3046FFF7B1FB00223C
:10ECD000314680462846FFF71BFC07463046FFF7C3
:10ECE000A4FE42F6052398421CD118F0300F26D11D
:10ECF000BBF1000F33D018F0200F3FD0BA073FD53B
:10ED0000EB8B002B38D153464A4631462846FFF755
:10ED1000A7F90446E8B940F20A412846EE83FFF716
:10ED200021FA16E02846FFF7BEFA0028DDD0284673
:10ED3000FFF7CEFA0028D8D041F2121409E0B90743
:10ED4000D6D031462846FFF77FFC0028D0D000F50A
:10ED500088542846FFF7FDF92046BDE8F88F18F0E3
:10ED6000100F0BD0FB070BD553464A4631462846B9
:10ED7000FFF753F90446ECE70524EAE72124E8E726
:10ED80000224E6E70724E7E72DE9F047002586B0EF
:10ED90009DF8389090F81CA004460F4690460F9EB0
:10EDA0000577B9F1000F09D00A464B465146009647
:10EDB000FFF7A8F8284606B0BDE8F087BAF1080FBB
:10EDC000ADF8169026D145893246043DADB29D423C
:10EDD0004FF002014FF00900A8BF1D46FFF723F8CE
:10EDE0000222814605A93046ADF8147003F065F89B
:10EDF0002A464146304603F060F80546831C3146FA
:10EE0000204689F80130E4F733FCADF81650BDF820
:10EE10001600D0E7BAF10A0F0DF116020CBF0B2154
:10EE20000D21CDE90162009301224346FFF78EF8E0
:10EE30001A28ECD111233A4651462046CDF80090CD
:10EE4000ADF81690FFF75EF8E1E7F0B5002589B060
:10EE50001746012204460E460393ADF81650FFF7FD
:10EE600086FB8DF81500002846D13046FFF7FCF9E7
:10EE700010B13046FFF7B8FA3046FFF7E9FAB8B1FB
:10EE800003A802F058FD204650F80C2B237F92F87F
:10EE9000702040F202518DF8182006AAADF81A60D1
:10EEA0008DF81C30ADF81E7002F073FC09B0F0BD97
:10EEB0000DF115030DF1160231462046FFF7F4FB64
:10EEC0009DF8153002465BB9BDF81630BB4235BF20
:10EED0000723DB1B8DF81530D21928BFADF816308B
:10EEE000039B314601939DF8153020460093BDF8F1
:10EEF0001630FFF749FFD9E72A46F1E72DE9F04F31
:10EF000089B002901846154605930C46FEF76AFF35
:10EF10008046059802F094FD0023B0F1010AB5F88F
:10EF20000A908DF81D3000F089801AF0010740F03A
:10EF300085805046EFF7F2FB0646002800F08480FB
:10EF4000524608F1010102F068FA01212046059AB3
:10EF5000FEF769FFB8460AEBDA7A09F1FF3B039046
:10EF60004FEA6A0ABA4544DD36F8174001222146C5
:10EF70002846FFF7FCFA8DF81D0068B92046FFF718
:10EF800073F910B12046FFF72FFA2046FFF760FA19
:10EF900078B180238DF81D30304603F017F8059BBB
:10EFA0002246009328469DF81D300299FEF7AAFFDD
:10EFB00026E00DF11D03214628460DF11E02FFF744
:10EFC00073FB9DF81D300490002BE5D1029B202B94
:10EFD0001BD1ABEB0803012B0BDD0DF11E0102224F
:10EFE000059802F06AFF012801460CD805A802F036
:10EFF000C9FD304602F0EAFF28460399FEF76BFF91
:10F0000009B0BDE8F08F08F10208BDF81E20ABEB97
:10F0100008039A42C2BF09F1FF33A3EB0803ADF81E
:10F020001E30BDF81E20DDE9041002F046FFBDF8D9
:10F030001E309842DDD39844013793E7042300241F
:10F040008DF81D302646A7E71123F8E770B5044672
:10F050000D461646FFF708F940B933462A462146C1
:10F06000FFF750FB08B100F5885070BD41F2031066
:10F07000FBE71FB550F80C4BADF80A3094F8704020
:10F08000069BADF806108DF8082040F2015101AA48
:10F090008DF80440039302F07CFB10B906A802F03F
:10F0A0004AFC04B010BD1FB550F80C4BADF80A3047
:10F0B00094F87040BDF81830ADF806108DF80820AF
:10F0C00040F2045101AA8DF80440ADF80C3002F072
:10F0D00060FB04B010BDF0B5122785B0039207772E
:10F0E000022205460E46FFF742FA044668B103A81D
:10F0F00002F021FC00232B770023324600931221DB
:10F1000023462846FEF7FEFE0FE0039A3046937929
:10F1100003339371FFF79CF948B1039B3A46009380
:10F12000314623462846FFF73FFD05B0F0BD42F6C5
:10F130002930FFF7DAFBB04220D1039830B903A899
:10F1400002F0F9FB00230D242B77D5E702F078FCC1
:10F1500080B20128F3D1039B28469A791344197B86
:10F16000FFF7DCF8044603A802F0E5FB00232B7749
:10F17000002CC1D12846FEF708FFD6E722463146CB
:10F180002846039BFFF7BEFA0446EFE72DE9FF414F
:10F190000392042204460D46FFF7E9F9074628B119
:10F1A00003A802F0C8FB04B0BDE8F0814FF052089C
:10F1B000039A284693790333937184F81C80FFF7F0
:10F1C00047F9064640B1039B4246009329463B4619
:10F1D0002046FFF7E9FCE6E742F62930FFF785FB1A
:10F1E000A842039B0BD19A7920461344197BFFF761
:10F1F00095F803A802F09FFB00232377D3E732465C
:10F2000029462046FFF77EFAF6E72DE9FF418B7984
:10F2100004460C330B44B3F801700E463846B3F87D
:10F220000380FFF7FDF8002858D002223946204617
:10F23000FFF79DF90546E8B93846FFF709F968B1C7
:10F2400016222277B37939460533B37120464346F7
:10F250000096FFF7A9FC04B0BDE8F081EFF7A0F835
:10F2600033461B680135EDB2002BFAD10635A842B2
:10F270001DDC092504F1440002F05DFB2B463A46F3
:10F28000162120460096FEF73DFE092DE3D12046CB
:10F2900050F80C3B40F2055193F8703002AA8DF8FB
:10F2A000083041F20913039302F073FAD3E7012106
:10F2B000304602F0CDFD01460028DAD004F14400CA
:10F2C00002F020FCB37942460533B3713946334628
:10F2D000204604B0BDE8F041FEF766BE0125C9E74F
:10F2E00013B5044641B9443002F025FB204602B074
:10F2F000BDE81040FEF782BE18224369027713F082
:10F30000080306D0002319460093FFF74DFC02B016
:10F3100010BD1A46194602B0BDE81040FFF75EBCAA
:10F320007FB5C58B04462DB342F60520FFF7DDFA05
:10F33000A84207D100212046FEF7D1FF636923F0E0
:10F3400001036361002640F20A412046FEF710FFE8
:10F3500029460DF10E022046ADF80E60FFF7D8F8F1
:10F36000BDF80E2003460092294602222046FFF7F0
:10F370009AFEE68304B070BD2DE9F041054688B0E1
:10F3800042F60520FFF7B1FA064604A8E4F788FB29
:10F39000102205F121010DEB020002F009F850B135
:10F3A00001212846FEF79BFF2846FFF757FB6B69B4
:10F3B00023F001036B6142F60303022003A9ADF8B9
:10F3C0000C30E4F7ADFC012407464FF0000820465E
:10F3D0003A464FF6FF71FFF74DFA044610B908B0F0
:10F3E000BDE8F081FFF71CF80134A4B20028EED08C
:10F3F000A64203D131462846E4F7B6FD2146284609
:10F400000DF10E02ADF80E80FFF782F803460028DA
:10F41000DDD0BDF80E202146009228460122FFF7DC
:10F4200042FED4E708B5E4F729FB0020E5F7D6F95A
:10F43000002008BD13B58B7904460B441B7B0A469C
:10F4400013F0010001910AD01D2B0AD101211E20C9
:10F45000FEF7E9FC01462046FEF73DFD012002B023
:10F4600010BD01A802F067FAF8E710B504468069FC
:10F47000143002F060FAA069BDE81040183002F0C4
:10F480005ABA2DE9F0410F46144605461E46FFF7CD
:10F49000ECFF23463A4608210020D5F8188002F0F8
:10F4A00039FDAA69C8F81400536923B100205481BA
:10F4B0001682BDE8F0811A20FBE770B504460846C5
:10F4C00002F0BEFAA16986B28A894D8912B1521B37
:10F4D00096420CDA6389581E80B225B90A78082A48
:10F4E00004BF043B98B2831B5842584170BD0020B2
:10F4F000FCE730B5044654F80C0B8DB09DF8405035
:10F5000090F8700042EA01428DF804001946029218
:10F5100003A82A46079501F080FF40F202412046E9
:10F5200001AA02F036F90DB030BD10B550F80C4B01
:10F5300086B094F87040ADF80E10ADF8102040F28F
:10F54000064103AA01938DF80C40059302F021F9BE
:10F5500010B901A802F0EFF906B010BD37B50446A6
:10F560000D46FFF782FF204640F20941FEF700FEFC
:10F5700000222046A36940F207411A7050F80C3B64
:10F580006A4693F8703001958DF8003002F001F969
:10F5900003B030BD13B501910021044600F02DFFEA
:10F5A0000422002320460DEB0201FFF76AFF02B0A0
:10F5B00010BDF0B504460F461E46154685B052B93B
:10F5C00083691B78072B30D0082B14BF15460925FB
:10F5D000002E18BF0D250A9802F032FAA3699A8905
:10F5E0004AB15B8981B2D21A914204DD92B2891A82
:10F5F0000AA802F0C7FA204650F80C3B40F2054139
:10F6000093F8703001AA8DF804300A9BADF80670AB
:10F610008DF80850ADF80A60039302F0BAF810B9FB
:10F620000AA802F088F905B0F0BD0B25D0E7B0F8C4
:10F630000AC02DE9F041ACF1020C9C4505460E468E
:10F6400017461C4603DDBDE8F04100F083BE836928
:10F650002246198100233946FFF713FF044658B9A3
:10F66000AB690246314628460E3300F08CFE044654
:10F6700010B12846FFF7F9FE2046BDE8F0812DE9DC
:10F68000F043202A8FB0054617461C4603910BD93C
:10F6900041F2041421462846FFF760FF03A802F058
:10F6A0004AF90FB0BDE8F083002B46D10846A2F11D
:10F6B000060802F0C5F94FF6FF765FFA88F81FFAE0
:10F6C00080F94C4510D3AB69DA88B24239D942F699
:10F6D0000203ADF814300223711C0093284605ABD9
:10F6E00089B200F0E0FD25E023463A46039906A8DA
:10F6F00002F010F9AB69BDF818609A88B242C7D819
:10F70000DA88B242C4D3BDF81A10BDF81C20B8F193
:10F71000000F09D02846CDF800800DF11E033C44AF
:10F72000FFF7E7FEA4B2CCE728469E8019815A81F4
:10F7300000F0D2FD04460028B0D041F20A139C42EA
:10F74000A8D10024A6E72DE9F0471C4696B08369AE
:10F7500001921B780646062B03D0112B60D001A81E
:10F760001CE00129104614BF4FF010084FF00208AA
:10F770000392002C4CD102F063F94FF6FF7508F1AB
:10F78000020987B2A7420ED8B369DA88AA4237D8ED
:10F79000002421463046FFF7E1FE03A802F0CBF833
:10F7A00016B0BDE8F08723464A46039904A802F044
:10F7B000B1F8B369BDF810509A88AA422DD8DB88F9
:10F7C000AB422AD39DF81330282BE1D0B2465AF829
:10F7D0000C3B424693F870300DF112010DA88DF8E4
:10F7E0003030ADF83250CDF844804C4401F015FE75
:10F7F00040F2044150460CAA01F0CBFFA4B2C1E78D
:10F80000691C304689B200F01EFD04460028C4D0B1
:10F8100041F20A139C42BBD0BBE741F20414B8E7A3
:10F820000129104614BF12270427049284BB02F05A
:10F8300007F942F602184FF6FF7185B2A5420DD8BE
:10F84000B369DB888B4221D901314FF6FF72304614
:10F8500089B200F0F8FC0446A0B119E023463A460C
:10F8600004990CA802F056F8BDF83220BDF830100B
:10F8700042459DF8333007D1B269022330460A323F
:10F88000FFF7D5FE04A889E7282B06D141F20A1418
:10F8900021463046FFF762FEF4E73C44A4B2CDE7D0
:10F8A000F0B5836987B003911B780546022B144697
:10F8B00053D108460491002A47D102F0C1F84FF60F
:10F8C000FF7687B2A7420DD8A869C288B2422BD86A
:10F8D000002421462846FFF741FE04A802F02BF839
:10F8E00007B0F0BD04220499234605A802F012F8DF
:10F8F000AA69BDF814109088BDF81660814229D31A
:10F90000D388994226D8864224D39E4222D8506971
:10F91000927A837904340C330092034432462846A9
:10F92000FFF7E7FDA4B2CDE743694089711C019060
:10F93000987989B20C300344009328464FF4205341
:10F9400000F095FC04460028C7D041F20A139C42FF
:10F95000BFD1BDE741F20414BBE703A8BEE7F0B591
:10F9600087B0054617461C46039153B9FFF7A5FD1E
:10F9700038B1012322462846039900F084F807B0E5
:10F98000F0BDA9690B78082B05D8062B44D8032BAA
:10F990000FD003A83DE00F2BFBD1039B0593002C58
:10F9A0006DD1002B6BD0224628460989FFF7BDFD9B
:10F9B00059E00398059018B3ECB9102683794A8969
:10F9C0000C330989034400962846FFF792FDAB6982
:10F9D0009988DA88914217D242F60203ADF81030C6
:10F9E00002230131009328460DEB060389B200F093
:10F9F0005AFC044660B141F20A139C4204D101E072
:10FA0000002CF8D141F21F0421462846FFF7A6FD3D
:10FA100005A801F090FFB2E7039805907CBB70B396
:10FA200002F00EF80FB386B2B7421ED2394605A8CF
:10FA300002F0E2F938B905A801F07DFF1A21284645
:10FA4000FFF78CFD9BE78379F61BC218023391897F
:10FA50008371AB6900225B89B6B200902846FFF73C
:10FA6000A8FDB742E2D92146E9E7AA6928465389A9
:10FA70001189059A00920022FFF79BFDF3E705A884
:10FA800001F059FFEFE7F0B585B006461F46144672
:10FA9000039132BB084601F0D3FF054608B3B169B4
:10FAA0000B784A89082B0BD8062B0BD9039B0989A5
:10FAB0003046009313462246FFF77BFD039401E096
:10FAC0000F2B19D0B1694B89EA1892B2B2F5007FB9
:10FAD0004A8117D82FB13046098900F00EFC044640
:10FAE00028B10022234611463046FFF738FF03A80D
:10FAF00001F021FF05B0F0BD3046039B0989FFF7F7
:10FB000014FDDBE741F20414EBE773B5836901915F
:10FB10001B780446082B15460ED8062B0ED9019EDD
:10FB200020463146FFF7C9FC2A46034631462046A7
:10FB3000FFF7A9FF02B070BD0F2BF0D001A801F0B4
:10FB4000FAFEF7E730B5836987B003911B78054665
:10FB5000092B144611D105915AB9134600910F2271
:10FB60002146FFF726FD21462846FFF7F7FC07B0A0
:10FB700030BD05A801F0DFFEF5E703A801F0DBFECC
:10FB8000F5E770B5836986B003911B7805460A2BAB
:10FB9000144631D1059132BB059801F051FF08B9E7
:10FBA000044620E00023022205A90DF1120001F015
:10FBB000BBFE012815D9BDF8126096B1059801F079
:10FBC0003FFF86420FD8BDF8121005A802F014F9C5
:10FBD00048B100230090212219462846FFF7E9FC8E
:10FBE000DAE741F20D1405A801F0A5FE21462846EA
:10FBF000FFF7B4FC06B070BD03A801F09CFEF9E766
:10FC00002DE9F04F87699FB003913F780546052F96
:10FC100016461C4604D8032F16D810D003A867E058
:10FC2000082FFBD108461391002B00F0C28013A8C7
:10FC300001F081FE21462846FFF790FC01E0FFF726
:10FC40001EFD1FB0BDE8F08F202A0846049148D859
:10FC5000002B40F0A880571F01F0F2FE4FF6FF780E
:10FC6000FFB21FFA80FA0DF11C0BA24506D8AB6952
:10FC7000DA88424500F28780002434E02346324689
:10FC800004990BA801F046FEAB69BDF82C809A8858
:10FC9000424526D8DA88424523D35969F1B9A946A5
:10FCA00059F80C1BBDF82F2091F870109DF82E30DC
:10FCB0008DF84C10ADF84E200DF131013A4615A8E3
:10FCC0008DF85030199701F0A8FB40F203414846E7
:10FCD00013AA01F05EFD3444A4B2C6E75A89102A83
:10FCE00009D941F2041421462846FFF737FC04A83D
:10FCF00001F021FEA5E70023584601F00BFEAB6999
:10FD00000DF13101102FCDE9051B93F80A902BD18D
:10FD1000B9F1020F34D105A8E3F7E8FF0228DAD1E0
:10FD20004A46DDE9051001F043FB0028D3D12B46FC
:10FD300053F80C0BBDF82F1090F870009DF82E2092
:10FD40008DF84C00ADF84E108DF8502059464A46BB
:10FD500015A80293CDF8649001F05FFB029B40F27E
:10FD60000341184613AAB4E7022F09D1B9F1100FC5
:10FD700006D106A8E3F7BAFF0228ACD13A46D0E78D
:10FD80003A465846CFE742F60303ADF84C3002231B
:10FD900008F101010093284613AB89B200F083FA01
:10FDA00004460028A3D041F20A139C423FF464AFFA
:10FDB00099E759B900210023AA6928469381538104
:10FDC000118113993246FFF7CAFD3AE701F038FE78
:10FDD00016B180B28642EDD1139A9379D1180233CD
:10FDE00089899371E7E72DE9F0431C468FB0836959
:10FDF00003911B780546012B17465BD108460591F8
:10FE000001F01EFE202F0BD941F204142146284692
:10FE1000FFF7A4FB05A801F08EFD0FB0BDE8F0834D
:10FE2000002C42D1059801F00BFE4FF6FF76A7F1AA
:10FE300004081FFA88F81FFA80F95FFA88F8A145CC
:10FE400005D8AB69DA88B24220D80024DEE7234621
:10FE50003A46059906A801F05DFDAB69BDF818109A
:10FE60009A88BDF81A609142CED3DB889942CBD8EC
:10FE70009642C9D39E42C7D832462846CDF8008064
:10FE800007AB3C44FFF735FBA4B2D8E74FF420534F
:10FE9000ADF810300223711C0093284604AB89B2E0
:10FEA00000F03FFA04460028B4D041F20A139C4205
:10FEB000CBD0ABE703A8AEE783691B780B2B02D04E
:10FEC000103B012B01D8FFF749BB7047F0B585B057
:10FED0000193836917461A7804460B3A0A9E072A4B
:10FEE00042D8DFE802F00441304141044129019841
:10FEF000039001F0A5FD85B203A801F01CFD26B119
:10FF000031462046FFF746FB0FE0A1697A194B897D
:10FF100092B293420BD90A8201F10E03204609895D
:10FF200000F031FA01460028EBD105B0F0BD012107
:10FF3000204600F062FAF5E72EB91A8A0198BA4213
:10FF40000BD04FF48166019B03A8039301F0F3FCEF
:10FF500031462046FFF702FBE7E7DA89596901F0ED
:10FF60007AFD0028EDD1EEE701A801F0E4FCDCE722
:10FF700038B58269044613780D460E2B12D0102B2B
:10FF800001D00B2B12D1536933B1997902F11400CE
:10FF90000B44DD6801F0CFFC29462046BDE838401F
:10FFA000FFF78ABFBDE83840FFF7D8BA38BD07B5BC
:10FFB000002300921B22FFF7FCFA03B05DF804FB5C
:10FFC00007B583695980009200231D22FFF7F1FADB
:10FFD00003B05DF804FB70B506460D461446DEF727
:10FFE00027F84379C57523F0030343F003034371F6
:10FFF00040F60943C380A0F815602060153070BD3D
:020000040803EF
:1000000013B50C4601AAFFF7E6FF019BDA79144409
:10001000DC7102B010BD73B5064610460C4615469D
:1000200001F00EFD211801AA3046C9B2FFF7D3FF37
:10003000019B0646DA791444DC712B4633B901A8DA
:10004000294601F05FFD304602B070BD5C7924F0B6
:10005000030444F002045C711B68EFE708B5DDF7A8
:10006000EDFF83790C33184408BD4B88052B05D16F
:1000700008880E288CBF00200120704700207047A0
:10008000F8B505460F46164604210A22002001F065
:10009000D7FE0246B8B1847905210C3403194FF01C
:1000A000060C00209970D87002F804C013241C714B
:1000B00002245F715870D8719C7128461E81BDE87A
:1000C000F840E4F7F1BBF8BD73B505461046019260
:1000D0000C4601F0B5FC042186B2019801F0F3FD55
:1000E000024628B901A801F026FC1A2002B070BD12
:1000F000837901900C33C1184C80C65221462846A2
:10010000E4F7D2FB0020F1E72DE9F04106468846EE
:10011000174604210A22002001F092FE0246B8B1DF
:10012000857900240C354319052106209970DC706F
:1001300050550120187102205C70987183F8058079
:100140003046DC711F81E4F7AFFB2046BDE8F0814B
:100150001A20FBE708B5E4F705FFE4F73FFCE4F7F6
:1001600045FDE3F753FBBDE8084000F0BAB938B5E8
:1001700005460C46E4F71AFC28B928462146BDE896
:100180003840EEF715B828462146EEF711F800F092
:10019000A5F9EFE773B50E46FCF7D0FB044600BBAC
:1001A00042F60720FEF7A1FB0546D0B10A22B6F9B8
:1001B00000300021002BCBBF0533053BB3FBF2F32E
:1001C00093FBF2F35BB28DF8073001230DF10702C8
:1001D000184601F09FFE0022034629461046FEF70E
:1001E00091FA204602B070BD430803F05503C01ACF
:1001F00000F03303C0F3850000F03300184400EB37
:10020000101000F00F007047002110B5421D441E71
:1002100014F8010FFFF7E8FF94420144F8D10846B3
:1002200010BD10B5EEF7D6FD044628B101242046D6
:1002300010BD436ADB06F9D4EEF7D6FB0028F8D1EF
:10024000F5E70020704770B504460E4615460521B7
:1002500000220420FDF7E7FD014618B1A0F8016077
:10026000A0F803502046BDE87040FDF734BEF7B556
:100270001D460023044600930F461646072106201C
:10028000BDF82430089AFDF7F2FD014628B1A0F828
:100290000170A0F80360A0F80550204603B0BDE847
:1002A000F040FDF718BE73B515461A460023044604
:1002B00000930E46082005219DF81830FDF7D7FD64
:1002C000014618B1A0F80160A0F80350204602B022
:1002D000BDE87040FDF7FFBD38B5002204460D466D
:1002E0000A200321FDF79FFD014608B1A0F8015047
:1002F0002046BDE83840FDF7EEBD70B504460E4619
:100300001546052100220C20FDF78DFD014618B190
:10031000A0F80160A0F803502046BDE87040FDF74A
:10032000DABD73B515461A460023044600930E46FF
:10033000102005219DF81830FDF799FD014618B1F0
:10034000A0F80160A0F80350204602B0BDE870405C
:10035000FDF7C1BD73B50E46002144890546033C37
:10036000A4B2A342009128BF234603211220FDF727
:100370007EFD014608B1A0F80160284602B0BDE844
:100380007040FDF7A8BD2DE9F34105469846836905
:100390000F465869164601F053FB6C8980B2053C44
:1003A000A4B2844228BF0446A8692146143001F053
:1003B00023FD009048B105220821002001F040FDF6
:1003C000019030B9684601F0B6FA1A2002B0BDE8D3
:1003D000F081009901A801F095FB1620019A93790C
:1003E0000C33D118D054A8F800402846A1F8017069
:1003F000A1F80360FDF76FFDE8E738B50022044679
:100400000D4618200221FDF70EFD014600B1457092
:100410002046BDE83840FDF75EBD70B585790446DD
:100420000C35461901F00CFB625D431E013A9BB28C
:10043000202A12D8DFE802F0131118111A112B111B
:1004400031114211421142113511271111113B1185
:1004500027114011401111114200002070BD042BE2
:1004600014BF01200320F9E7022BF9E743B37278A8
:10047000022A0AD0012A23D10222013B0232B3FB15
:10048000F2F102FB1133002BEAE71022F5E713F03B
:10049000030F14BF01200320E0E78BB17278013B0A
:1004A000EDE76BB17278032A0AD9013BE7E7042B29
:1004B00034BF01200320D1E7022BF9E70320CDE769
:1004C0000120CBE708B5FFF7C9FD407940F4805023
:1004D00008BD10B90120E4F7F7BD70470220E4F72A
:1004E000E9BD0020E4F7E6BD08B5FFF7B7FD4079A8
:1004F00040F4805008BD0078EEF792B913B50C4671
:100500000DF107020DF1060101F025FE30B19DF855
:100510000600031B5842584102B010BD0120FBE702
:100520007047EEF741BC7047EFF7C8BAE5F760BD1A
:100530007047704770477047704708B502F0B2FFC8
:10054000002814BF1420002008BD70477047704772
:10055000704700207047704770477047F8B50446F1
:100560000F46164613680A461D0A0021043500F09E
:1005700049FFEDB221222046394601F023F92046F9
:10058000294601F0A8F9A27933681444E360F8BD64
:1005900070477047704770477047704702464FF486
:1005A00082712020FDF729BB13B50C4601A903F089
:1005B000A1FF10B9019BC4E9003002B010BD08B51D
:1005C0002020FDF7F6FA003818BF012008BD08B555
:1005D000FFF7F5FF20B1BDE808402020FDF7F1BA94
:1005E00008BD08B5EDF760FC08B1012008BD03F0B7
:1005F00045FFEDF761FC0028F7D1E2F79DFE0038DA
:1006000018BF0120F2E708B5E5F78EFF00280CBF00
:100610000420012008BD0020704730B5044615466F
:1006200087B00846FCF76BF9122200210DF1060095
:1006300000F0E8FEA368ADF804500293E36803936A
:10064000E38BADF81030238CADF81230FFF7E3FFE9
:10065000029B8DF8140043F410530293FFF779FFC7
:1006600018B1029B43F004030293029B01A843F4D8
:1006700080330293DEF70EF810F0FF0516D1A38C3D
:100680000DF10201ADF80030E38C6846ADF80230A0
:10069000FFF780FDE6F718F8FCF72FF9012100F0CD
:1006A00015F8F2F71FFE284607B030BD40F20C40A7
:1006B000FAE7E6F719B802207047002070470120DA
:1006C00070470020704700207047704737B50446D8
:1006D0000D4601A8E8F73CF901A8FFF7F6FF204610
:1006E00001A98DF80650E6F75DF903B030BD084664
:1006F0001146012200F070B8014608B54FF0FF30F6
:10070000E6F778F9B0FA80F0400908BD00F0BDBB0B
:1007100000F0C5BB7FB56C4605460E460FCA84E89F
:100720000F009DF80D30224643F040033146284625
:100730008DF80D3000F0BAF804B070BD7047431E5C
:10074000012B03D9031F58425841704701207047BD
:1007500000F05CBC4FF4D872002100F053BE70B5BD
:100760000446E8F717F80546A8B9A169F1B1238A4C
:10077000D3B1204604F1100200F02AFB48BBE16926
:1007800029B3638AA3B1204604F1120200F0F5FAFE
:1007900078B1054603E00023A3612361E3610023F0
:1007A00028466361236270BDA061E8E72082E6E726
:1007B000E361216A0029F2D0A38A002BEFD0204602
:1007C000E38A04F11402BDE8704000F0A6BA618229
:1007D000EFE76582E561DCE710B50C461146E7F707
:1007E0007DF8E8F7EBFA012801D1002010BD002CBC
:1007F000F7D10520FAE7F8B506460D46E6F72EF9DB
:10080000D8B94FF6FF734FF0240CEF68C1B28F4296
:1008100008D81C4621463046E6F7D0FA00F0FCFB2B
:100820002046F8BDAA680CFB0122D4899C4202D262
:10083000002CEFD023460130E8E70024F0E7C08D1C
:1008400070470A7838B505461046FFF778FF60B163
:100850004C782046FFF773FF38B12243530704D486
:100860002846BDE83840E7F7E7BA212038BDFFF752
:10087000E8BF10B504460878FFF761FF58B14A7821
:100880001046FFF75CFF30B1042A04D02046BDE8D3
:100890001040E7F7EFBA212010BDFFF7EABF00F0E4
:1008A000CBB9084600F02DBBE7F754B970B5044644
:1008B0000D46164600F07DF858B129462046E6F769
:1008C0007DFA38B9324629462046BDE87040EBF73C
:1008D00005BF0E2070BDE8F707BA08B5E6F75AF86D
:1008E00018B1BDE80840EBF78FB908BD38B504462C
:1008F00000200D4600F08CFBD4F8F0302BB92946CF
:100900002046BDE83840E7F769BB022038BD38B55E
:10091000044648880D4600F07BFBD4F8F0302BB934
:1009200029462046BDE83840E7F7BEBA022038BD68
:1009300000F070BB00F0DCB9E9F732BB38B5054612
:100940000C4604F0CDFAD5F890301C40D5F88C3028
:100950002343C5F88C3004F0B6FA211E18BF0121DC
:100960000020490238BDE7F761B807B5ADF8063099
:1009700013460DF1060200F0D0F920B9BDF80600CB
:1009800003B05DF804FB0020FAE700F0F6B9E8F7E1
:10099000BFBFE7F7B1BCE7F757BD38B5044615460A
:1009A00009B100F03DFA15B12046E7F795FD0020AA
:1009B00038BD0346408A18B1188A003818BF012094
:1009C000704700F03BBA00F045BA0846E9F7D2BBE1
:1009D00010B5044600F08BF820B92046BDE8104061
:1009E000E6F766BB10BD00F020BBE9F701BE2DE9BC
:1009F000FF41984604460E46174604F08BFA05461A
:100A00002046FFF7E5FF0A9B3A4602930023314652
:100A1000CDE900832046E6F799FB0446284604F01A
:100A20006BFA204604B0BDE8F08138B5044604F006
:100A300071FA05462046FFF7CBFF2046E6F764FB38
:100A40000446284604F058FAB4FA84F0400938BD48
:100A500038B5044604F05EFA05462046FFF7B8FFB5
:100A6000204600F053F80446284604F045FA204694
:100A700038BD38B5044604F04DFA05462046FFF768
:100A8000A7FF204600F048F80446284604F034FA50
:100A9000204638BD70B504460E4604F03BFA0546C4
:100AA0002046FFF795FF31462046E6F79DFB0446BA
:100AB000284604F021FA204670BD134607B50022EF
:100AC0008DF807100DF10700194600F06CFA03B01D
:100AD0005DF804FB084611461A4600F064BA00208F
:100AE000704701207047E8F77DBB00F008BAE6F7D1
:100AF00019BA10B504F00EFA044600F015F8E6F73E
:100B000037FA2046BDE8104004F0F6B9024608B5B1
:100B1000E6F708FA507D08BD024608B5E6F702FA86
:100B2000507D80F0010008BD00F07FBAE7F7D2B831
:100B300000F0BFB890F8263003B108470220704794
:100B400010B50446E8F7AEFA2046BDE81040032190
:100B5000E6F79EBEFFF7F4BF90F826300BB1E8F73A
:100B600063BA0220704790F826300BB1E8F782BADA
:100B70000220704738B590F826400D46BCB1053CC0
:100B8000012C8CBF0024012449682246E8F7C8FAEA
:100B9000286890FAA0F0000AEAF75CF9A97A288997
:100BA000224681F00101E8F7EBFA002038BD02206F
:100BB000FCE730B585B005460FC96C4684E80F00E8
:100BC00021462846FFF7D6FF05B030BD1FB5ADF86A
:100BD00008309DF81830CDE900128DF80A30002356
:100BE0006946ADF80C30FFF7E4FF05B05DF804FB93
:100BF0000020704700207047013001D1E9F762BE44
:100C0000212070477047D0F8943003F06003402BE8
:100C10000DD0602B03D0203B58425841704749B15A
:100C20000B68012B06D9486940F00100704740F27B
:100C30000110704700207047F7B504461046D4E90C
:100C400054C7DDE908268CEA020587EA060105405B
:100C5000194085EA0C057940C4E95451002523F474
:100C6000004106EA010320F0010043F40073024052
:100C700043F00203CDE90055EBF7E6FA94F824308F
:100C80009A0713D5D4F854319B050FD54FF488112A
:100C90002046FFF753FE94F82430024665F34103E3
:100CA00084F8243020460B46E6F7D8FD002003B038
:100CB000F0BD0220E9F786BCD0F8E42008B57AB18F
:100CC0001368022B0CD9536A13F47F4FC3F3072127
:100CD00006D0126ADBB253438B42B3FBF1F006D26B
:100CE000002040F614424C21E6F706F9002008BD2A
:100CF0000346D0F830010860B3F8343100208B800F
:100D0000704790F830310C2B14BF90F82B00FF2067
:100D100070474FF48071ECF7C3BC2DE9F0410D46EC
:100D200015F0030807461446194623D112B310885C
:100D30003F281FD9B0FA80F0C0F11902D2B2062ABA
:100D400001D8192814D0062A28BF06220126931D8F
:100D5000DBB29E40B6B2B14228BF3146284626805B
:100D6000E8F786FB23883D62BB824046BDE8F08100
:100D70004246EBE74FF02108F7E7F8B511F003061C
:100D800007460D46144621D102B313883F2B1DD9C7
:100D9000B3FA83F3C3F11901C9B2062901D8192B9B
:100DA00012D0062928BF062101238A1DD2B2934002
:100DB0002846238000F0E4F823883846FD617B82D2
:100DC000E8F768FC3046F8BD3146EDE72126F9E743
:100DD00038B5148811F003054FEAC4041ED13F2C26
:100DE0001CD9B4FA84F4C4F11903DBB2052B01D881
:100DF000192C11D0052B28BF052301240633DBB2A3
:100E000004FA03F3C3F3CF0414808161048243879F
:100E1000E8F740FC284638BD2B46EEE72125F9E7E8
:100E2000E6F7B8BC10B5144608460121E9F710FFF3
:100E30002046BDE810400121E9F70ABF10B50A01BC
:100E40001021ECF719FC0446ECF734FC201E18BF07
:100E5000012010BD1021ECF723BCF8B504460E4666
:100E6000174604F03DF83A46054631462046EAF773
:100E7000A5F90446284604F026F82046F8BD0220CD
:100E8000704703207047E9F795BB10B50023E7F7DB
:100E9000E5FD044608B9EBF70BFC204610BD38B55C
:100EA0001D4600230446E7F7D9FD28B92946204608
:100EB000BDE83840EBF7EEBC38BD8021ECF7F0BB65
:100EC00038B50546E6F7FEFC04462846E6F7D8FCAA
:100ED000072811D1D5F8E03024F47F41DB6921F0F7
:100EE000080103B15B7841EA032141F02001284663
:100EF000BDE83840E6F7ECBC24F02001F7E7E8F75E
:100F000071B910B5EAF732FC04460021E8F766FA39
:100F1000E8F74EFA204610BD2DE9F74F01251C4693
:100F20009DF83030064601930368174603F0070327
:100F300006339D4005F1FF380B46A1B1416804EA34
:100F4000080BA5EB0B0A41F00059524509EB0B01C8
:100F500014D95246184600F060FA49467A1B5A44A2
:100F6000504400F05AFA019B2BB13C4448EA050872
:100F700004EA0804F46003B0BDE8F08F1846F0E717
:100F80004FF03A4301225A6741F6FF72D96418655F
:100F90001A67704737B5002514460095FFF7BCFF68
:100FA000204603B030BD70B50E461546044608B95C
:100FB000002070BD0378042B18D02078E8F7FCFDE2
:100FC000B0B923780C2BF3D10EB1FF233370CDB120
:100FD000FF232B7016E020780130C0B20328207068
:100FE000EBD8E8F7E9FD0028F5D0E6E70020F5E7C3
:100FF0001EB12078E8F750FE30701DB1207800F067
:101000000CF828700120D4E7E7F744BE00207047B1
:101010000020704700207047704710F0FD0F14BF8C
:101020004FF0FF300020C0B2704708B5E9F710FB61
:10103000BDE80840E9F734BB38B50446FFF7F5FFD3
:101040000546FFF7F2FF431BA342FAD338BD38B57C
:101050000D460446E9F7FCFA35B1844200D901395E
:10106000204601F0030138BD844238BF0131F7E763
:1010700008B5E9F705FBBDE80840E9F711BB08B57D
:101080000121FFF7E4FFBDE80840E9F709BB08B517
:1010900021B1920000F0C1F9002008BD2120FCE739
:1010A00000F06F43B3F1804F02D0B3F1204F02D173
:1010B00020F07040704700F06043B3F1204F08BF4C
:1010C00020F0805070470B0CB3F5384FF7B506464B
:1010D0000D468FB216D04BF60102934214D04BF658
:1010E0000202934212D0B3F5304F14BF04240324FC
:1010F000D6F8E0300BB1196851B9D6F8DC3093B9A5
:1011000028680EE00024F3E70124F1E70224EFE76A
:10111000234668463A46E9F731FBDDE90003002B38
:10112000EBD103B0F0BD19680029E9D02346684629
:101130003A46E9F723FBDDE90003002BE0D1F0E7B5
:1011400008B5F4F7ABFF08BD0204C0F3891307D557
:101150006FEA83536FEA935313F5007F18B206D0FA
:10116000A3F1C8006FF4FF739842B8BF18467047E8
:101170000020E9F7BBBE0120E9F7B8BE0E2070479A
:101180007047EBF7D7BDEBF7D5BDEBF7D3BDEBF76A
:10119000D1BD08B50846ECF7D9F908BDEBF7CABDD3
:1011A00000228A4202D14FF0FF30704750F82230BF
:1011B00093FAA3F30BB90132F3E7B3FA83F000EB30
:1011C00042107047002070472DE9F84307468846D3
:1011D00014460026D4E90195B9F1010905D5246822
:1011E000002CF7D13046BDE8F883AB89012B07D935
:1011F000B5F90E30013303D029463846C0470643BF
:101200006835E9E7036A70B505460E4684680BB990
:10121000ECF7B8FC636EDB0705D4A389980502D40C
:10122000A06D00F0F8F8A389190702D52369002BF7
:1012300035D121462846ECF7C5FC80B34FF0FF3589
:10124000636EDA0705D4A3899B0502D4A06D00F074
:10125000E3F8284670BD002B15DB23685A1C22607A
:101260001970A36816F8011F013BA3600029F2D191
:10127000002B16DA22460A21284600F05BF80130DE
:10128000DCD00A25DCE7A2699A4201DC0A29E4D114
:101290002246284600F04EF80130E2D1CEE7013E6A
:1012A000DFE723685A1C22600A221A70E9E710B5AA
:1012B0000C46B1F90E10ECF7FDFC0028ABBF636DD6
:1012C000A3891B1823F48053ACBF6365A38110BDB1
:1012D0002DE9F0411F468B8905460C46DB05164675
:1012E00005D502230022B1F90E10ECF7D1FCA38939
:1012F0003246B4F90E10284623F48053A3813B46AE
:10130000BDE8F041ECF7E8BC10B50C46B1F90E10A1
:10131000ECF7BEFC431CA38915BF606523F4805322
:1013200043F48053A38118BFA38110BDB1F90E10FF
:10133000ECF79EBCF8B50E461446054618B1036A94
:101340000BB9ECF71FFCA369A360A3891A0701D5A9
:10135000236943B921462846ECF734FC18B14FF015
:10136000FF373846F8BD2368F6B222693746981A27
:101370006369834205DC2146284600F0DEF8002838
:10138000EDD1A368013BA36023685A1C22601E7044
:10139000431C62699A4204D0A389DB07E1D50A2E77
:1013A000DFD12146284600F0C8F80028D9D0D6E77A
:1013B0000139024410B5904201D1002005E00378C4
:1013C00011F8014FA34201D0181B10BD0130F2E704
:1013D000884210B501EB020402D98442234607D8A3
:1013E000431EA14208D011F8012B03F8012FF8E7A2
:1013F000024401468A4200D110BD13F8014D02F8A3
:10140000014DF7E702440346934200D1704703F8C9
:10141000011BF9E77047704770470A44431E914229
:1014200000D1704710B511F8014B914203F8014FFC
:10143000F9D110BDB1F90C202DE9F041170705468F
:101440000C4656D44B68002B02DC0B6C002B3DDDA8
:10145000E66A002E3AD0002312F480522F68216AE7
:101460002B6025D0626DA389580705D56368D21A11
:10147000636B0BB1236CD21A216A0023E66A2846FB
:10148000B047411C24D00023636023692360A389F3
:10149000DA0400D56065616B2F60B9B104F14403D3
:1014A000994202D02846F6F760FF002363630DE0FF
:1014B00001232846B047461C0246D4D12B68002B96
:1014C000D1D01D2B01D0162B2AD12F6000202EE069
:1014D0002A68B4F90C3042B11D2A01D0162A21D154
:1014E0000023636023692360D5E76260226922607C
:1014F000CEE70F69002FE9D093070E680F600CBF8D
:101500004B690023A6EB07088B60B8F1000FDDDD07
:1015100043463A46216A2846A66AB047002808DCB6
:10152000B4F90C3043F040034FF0FF30A381BDE825
:10153000F0810744A8EB0008E7E738B50B690546DA
:101540000C4613B90025284638BD18B1036A0BB9FB
:10155000ECF718FBB4F90C30002BF3D0626ED00717
:1015600004D4990502D4A06DFFF755FF2846214603
:10157000FFF760FF636E0546DA07E4D4A3899B0595
:10158000E1D4A06DFFF748FFDDE770B50C46B1F977
:101590000E1096B0154600291E460CDAA3890021CC
:1015A00013F0800F14BF40234FF48063002031609C
:1015B0002B6016B070BD6A46ECF7C4FB0028EDDB6B
:1015C000019901F47041A1F50053594259414FF47A
:1015D0008063EBE78B89F7B59D0706460C4607D578
:1015E00004F14703236023610123636103B0F0BD6D
:1015F00001AB6A46FFF7C9FF009F054630463946F2
:10160000F6F7A6FE48B9B4F90C309A05EED423F0EB
:10161000030343F00203A381E2E7A389206043F0C0
:101620008003A381019BC4E904075BB1B4F90E10E8
:101630003046ECF799FB28B1A38923F0030343F06C
:101640000103A381A3891D43A581CFE7430803F0CC
:101650005533C01A00F03333800800F0333018449B
:101660004FF0013300EB101000F00F305843000E24
:10167000704710B5044688B1836A016A7BB18068FF
:101680009847002394F8240023620D28636005D84E
:101690002146ECF78DFE0E2384F8243010BD00297E
:1016A000EFD08368002BECDB084600F08FFCE8E706
:1016B000002307B51A46019101A9ECF7CBFC03B052
:1016C0005DF804FB002330B587B004939DF83430F7
:1016D000DDE90A4503930C9BCDE900450293ECF745
:1016E00037FC07B030BD062330B585B003930A9BA5
:1016F000DDE908450293CDE90045FFF7E3FF05B0BA
:1017000030BD30B500230024002585B0CDE900456B
:101710000293FFF7E8FF05B030BD03680B6001607E
:1017200070472DE9F0410E46174600240546006833
:1017300008B9BDE8F081D0E90083B3420BD18368DA
:10174000BB4208D154B9C5F80080C368DB0701D596
:1017500000F03CFC204604464046E9E7C4F800801F
:10176000F3E7D1E90112FFF7DCBF002370B51A4699
:10177000194605460468ECF76DFC0CB92C6070BD89
:10178000E3682668DB0702D5204600F01FFC3446DC
:10179000F3E72DE9F8430E461746054610B9002039
:1017A000BDE8F8830468002CF9D0D4E900893B46F1
:1017B00032462946A068C8470028F1D14446F2E7DE
:1017C0003020704738B5054614460A460021FFF719
:1017D00019FE24F01C046B7944F0100443F0040358
:1017E0002C716B7138BD2DE9F74F1F469DF83030D5
:1017F0008A4680460093002850D0002967D00C68A4
:10180000002C66D04FF0000BE679A179761AF6B27B
:10181000BE4208D30C31394408EB02094546214445
:10182000F61BC84537E02068A346BF1B002835D00B
:101830000446E9E7AB19994538BFA9EB05063246DE
:101840002846FFF7EAFD009B002B3DD0E279A07906
:10185000F3B237BB1844A071E279A37927689A42A2
:1018600032D1DAF80030A34208BFCAF80070BBF1E9
:10187000000F01D0CBF800702046ECF7E9FD3C46A4
:1018800035444CB10027A379E67903F10C01F61A2F
:101890002144F6B24D45CDD3A5EB080003B0BDE819
:1018A000F08F121AD2B2F918914209DA0C302044A2
:1018B000D21BD21A014438440193FFF789FD019BE2
:1018C000E279D31AE371C7E7A3462468D8E708464C
:1018D000E4E72046E2E710B5C4790246C4F14503C7
:1018E000D8B2884228BF08460444D47110BD38B528
:1018F0000546C079C0F14504E4B2944288BFD4B231
:101900000C3022462844FFF788FDEB79204623441B
:10191000EB7138BD1FB503910021009103A9FFF7BA
:1019200062FF05B05DF804FB13B501240094FFF7D6
:101930005AFF02B010BD38B50446206800B938BD62
:101940000568ECF785FD2560F7E7034610B501F063
:10195000EC0103B910BD1A7902F013020A431A719F
:101960001A1A544254415A7964F300025A711B689E
:10197000EFE710B558B1016802685AB1136823B196
:101980005C79E40704D5002414600360084610BDA8
:101990000360F1E71346F8E7034658B10020DA790F
:1019A00099791B68521A50FA82F01BB15A79D20702
:1019B000F5D57047704770B50D460446E8B1867995
:1019C0008E4203D3751A8571012070BDC27906F16C
:1019D00045039B1ADBB299420FD806F10C01014472
:1019E000921BA81BD2B20844FFF7F2FC0023A3719C
:1019F000E3791D44AD1BE571E6E70020E5E710B58E
:101A00000C4698B191B18979E279C379521AC3F140
:101A10004503D2B2DBB2934208D30C312144FFF725
:101A200066FF2046ECF714FD012010BD0020FCE706
:101A30000346006818B102681A600023036070470B
:101A40000346002003B97047DA7999791B68521A66
:101A500050FA82F0F6E72DE9F84F8946144682469F
:101A6000FFF7EEFF05464846FFF7EAFFA5420746A7
:101A700001D3A04208D2BD4208D10024A346A0460B
:101A8000264647B9384604E02746F6E738D24FF0F5
:101A9000FF30BDE8F88F5EB99AF806809AF80760C3
:101AA000A6EB080608F10C08D044DAF800A0F6B25C
:101AB000BBF1000F0BD199F8064099F807B0ABEBDA
:101AC000040B0C344C44D9F800905FFA8BFB5E4554
:101AD000354628BF5D46BD4228BF3D4621462A46C1
:101AE0004046FFF765FC0028D3D1A8442C447F1B57
:101AF000EDB2761BABEB0505F6B25FFA85FBC0E7EE
:101B00000120C6E703680BB9016070471A461B68DD
:101B1000002BFBD111607047036803B10B600160BB
:101B2000704739B10B461A461B68002BFBD103687E
:101B300013600160704770B5046806460D4644B1F5
:101B40002046FFF77DFFA84211D8236813B9E37937
:101B5000A37170BD20463360ECF77AFC3468F4E77B
:101B6000ED1A236820463360ECF772FC3468002DD0
:101B7000EFD0A279E3799B1ADBB2AB42F0D92A44C9
:101B8000A271E6E7F8B5066805460C4646B1304650
:101B9000FFF756FFA0421DD8336813B9F379B3712C
:101BA000F8BD30462B60ECF753FC2E68F4E7064690
:101BB00038460768002FFAD1C2798379D31ADBB28D
:101BC000A34202D9121BC271EAE7E41AECF740FC07
:101BD0003EB13760002CE3D028680028E0D0002612
:101BE000E7E72E60F6E7F8B504460F46BC4200D1A1
:101BF000F8BDA179E5796D1AEDB2C5F14506B6B229
:101C00000EB92468F2E749B10C312A46214404F1A7
:101C10000C00FFF7DDFB0023E571A3712368BB42D5
:101C2000EFD05A79D207ECD49979DD79A0796D1A81
:101C3000EDB2B54228BF3546E2790C3010440C3184
:101C40002A4619442044FFF7E8FBE379206853FA59
:101C500085F3E3718379761B53FA85F5C379EDB289
:101C6000AB42B6B2857103D103682360ECF7F0FB99
:101C7000002ED3D1C5E738B50C46016809B9046018
:101C800038BD0D4609680029FBD1236823B12046E1
:101C9000FFF7A9FF2C60F3E721462846FFF7AFFEC8
:101CA0000028EDD1F6E748B10023027943600360D4
:101CB00083604379027143F004034371704700224B
:101CC0001146ECF721BC38B504460D46FFF773FE0C
:101CD00098B984B12079FFF7F2FF58B1637942795E
:101CE000C3F3400363F3410245235D1B046042716B
:101CF000C371857138BD0120EDE72046FAE738B59C
:101D0000036804460D469BB11879FFF7D8FF88B1E8
:101D10002368427903605B79C3F3400363F34102B4
:101D200045235D1B4271C37185712060002038BD61
:101D30000120EAE71920FAE738B50C46054640B31A
:101D4000006830B309B9002038BD4AB9C9B2FFF7FD
:101D500032FE0028F7D12B689A799871A41A06E010
:101D6000452918D8C9B2FFF726FE0028EBD1442C2C
:101D700007D8002CE7D02846E1B2BDE83840FFF78D
:101D8000BEBF45212846FFF7BAFF0028DCD1453CFD
:101D9000EDE72220D8E72120D6E72DE9F84390F897
:101DA000078090F806900446A8EB0907FFB2B942F5
:101DB0000D4602D30020BDE8F8830079FFF77FFFCE
:101DC00006460028F6D0A17980790C317F1B294482
:101DD0000C30BAB221443044FFF71FFBF3790120E5
:101DE0003B44F371E37999444D442368A5EB08051E
:101DF000E57133602660DEE7F8B5076806460D46F4
:101E00003C46002305B12CB90BB100221A603460A6
:101E10003846F8BDE379A2799B1ADBB2AB4207D80A
:101E2000E379A2799B1ADBB2ED1A23462468E9E72D
:101E30002046E9B2FFF7B1FF0028F1D10746E7E7F6
:101E40005318452B02DCC9B2ECF75EBB002070478B
:101E5000F7B5002605460F4601960DB9019C09E02D
:101E6000002238461146ECF74FFB044628B901A87A
:101E7000FFF761FD204603B0F0BDAB798371EA79CD
:101E8000C27168796179D21A60F300016171697970
:101E90006079C1F3400161F34100607103F10C000E
:101EA0002918D2B22044FFF7B8FA019B03B9019474
:101EB00006B1346026462D68CFE72DE9F8430D467C
:101EC0001446064610B319B3DAB1034699461B68A7
:101ED000002BFBD12746C8463A4629464046FFF725
:101EE00006FDC145A7EB0007054418BFC9F80080EF
:101EF00037B10022B1793079ECF706FBC14618B949
:101F0000E41B2046BDE8F8838046E5E70446F8E791
:101F10000C46F6E737B51546C9B200221C46ECF769
:101F2000F3FA019040B122462946FFF7C6FF8442EA
:101F300002D901A8FFF7FFFC019803B030BD0346AA
:101F400010B501391A1A914200D810BD445C1A78B4
:101F500003F8014B42540139F4E70023014488425D
:101F600000D1704700F8013BF9E738B505460C464B
:101F700004B938BD013C55F834305B68002BF7D00C
:101F80009847F5E72DE9F0410446002654F836302D
:101F90002BB904F10408B34203D100250FE0013648
:101FA000F4E754F833205F1C12685AB158F8330034
:101FB0009047054630B139462046FFF7D6FF284600
:101FC000BDE8F0813B46E6E7ECF7A8BBF6F702B9BF
:101FD0000020704710B50446806920B10021E1F768
:101FE00087FA0023A36110BD07B501228DF8071001
:101FF0000DF10701FFF761FF03B05DF804FBF7B5D2
:1020000005464FF428500C46FCF76FFC0646FCF7DB
:1020100007FAB0B3022C02D8002003B0F0BD0027AD
:1020200031460DF105030DF106023846ADF8067094
:10203000FCF73AFBBDF80620631E934206461EDC01
:10204000072C1AD9023CADF806400824BDF806302A
:10205000002BE1D00133D9B22846FFF7C5FF214656
:102060002846FFF7C1FF31462846BDF80620FFF796
:1020700024FFBDF806000230CFE7ADF80670092452
:10208000E4E74FF0FF30C8E702292DE9F3410446A9
:102090000D461746184603D8002002B0BDE8F0816F
:1020A000FCF723FC0646FCF7BBF90028F4D04FF000
:1020B000000831460DF105030DF106024046ADF86A
:1020C0000680FCF7F1FABDF80630BDF82020064680
:1020D000934228BF1346AB4228BF2B469DF805000C
:1020E000ADF80630C0B9002BD7D001339AB2954273
:1020F000D3D9D9B22046FFF777FF39462046FFF7FC
:1021000073FF31462046BDF80620FFF7D6FEBDF826
:1021100006000230C0B2C0E74046BEE707B501A9DD
:10212000ECF7E0FB30B9019B586AC0F3C02003B064
:102130005DF804FB0020FAE7002008B5ECF754FC3A
:1021400008B9FF2006E0C37B012BF7D1436ADB0609
:10215000F4D5007808BD73B50E4601A91546ECF715
:10216000C1FB90B9019A546A14F010030FD0C4F364
:1021700000343470D37B5A1E042A02D8D81E18BFEC
:1021800001202870012002B070BD0020FBE7184636
:10219000F9E738B5436A04465B0705D500230078A4
:1021A0001A461946EDF706FA636A9D0706D52046DA
:1021B000ECF7ACFB636A23F002036362636A1807FF
:1021C0000DD52146E27911F8010BC2F3C002EDF7FB
:1021D00093F90546E8B9636A23F008036362204671
:1021E00000F0F4F90546A0B9626AD10611D5D3040E
:1021F00004D52046FEF725F840B11BE01206E37B2C
:1022000009D4E37B626A023B012B15D9616A480756
:102210001FD4284638BD03F0FB03012BF6D02169FB
:102220002078EDF78FF9636A256123F080036362FC
:102230000028E6D00546ECE7D305E7D561692078AC
:10224000EDF79CF900236361636A23F48073636292
:10225000D2E7E37BA28D012B03D1A2B1802A28BF54
:10226000802211F0400F94F830304FF0010118BF78
:1022700001232078EDF79EF90028DBD1636A23F073
:1022800004036362C5E74022EBE7002010B5ECF7DA
:10229000ABFB044600B910BD636ADA060BD55B04DC
:1022A00009D42046ECF788FA636A204643F0060317
:1022B0006362FFF76EFF2046E9E713B50C4601A9FC
:1022C000ECF710FB50B9022C07D8024621460198C2
:1022D00002B0BDE81040ECF7ABBB212002B010BD4E
:1022E000F7B50E4601A915461F46ECF7FBFAF8B9FB
:1022F000019C626A93050BD44FF6DF73A6F12001AF
:10230000994217D8A5F12001994213D8AE4211D8AD
:10231000E369B34202D1236AAB4204D0C4E9076542
:1023200042F0020262629DF82030A78584F83030C6
:1023300003B0F0BD2120FBE773B50D4601A90646A9
:10234000ECF7D0FA044678B93046FFF7E7FE2B1ECB
:1023500018BF0123834207D0019A536A3DB143F469
:10236000006343F002035362204602B070BD23F4C1
:102370000063F6E790F8393037B55B0704460D4641
:102380002AD4ECF719FA6B1E042B14D8032D12D0A3
:10239000E379142B22D0A3696BB96846FBF7AAFE38
:1023A000E1F7B6F96946E1F719F818B91A25284690
:1023B00003B030BDA061636AE57343F01603636246
:1023C000E2F734FC2046FFF7E4FE05460028EED095
:1023D0002046FFF7FFFDEAE70225E8E72125E6E7CB
:1023E00007B501A9ECF77EFA30B90198C17B03B0BB
:1023F0005DF804EBFFF7BEBF03B05DF804FB37B533
:102400000C4601A9ECF76EFA18B9052C019D02D90A
:10241000212003B030BD2869FFF712FB1F28F7D831
:102420006869FFF70DFB1F28F2D8012CF0D0231F9D
:10243000012BEDD9214628466B6A23F482536B6247
:1024400003B0BDE83040FFF795BF37B5FFF774FE26
:10245000FF28044613D001A9ECF744FA78B9019D8E
:102460006B6A284623F010036B62FFF7B3FD20462A
:1024700005F1340103B0BDE83040E3F70BB803B019
:1024800030BD002337B580F8723040F6FF73A0F8F6
:102490006E3083680446DA040D46C16010D443F4FC
:1024A00080636A46A36040F203212046CDE90045DF
:1024B000FFF76FF900212046E1F71AF803B030BDAD
:1024C00090F87600FFF78CFFA36823F48053E8E7C9
:1024D00073B56E4604464A7930460D460631E1F73B
:1024E0005BF996E80300A4F85010090C11F0800F76
:1024F000E06484F8521004F1530312D0012218460C
:1025000005F11201E1F748F90C352846FDF77CFE8C
:1025100028B10122294604F15A00E1F73DF902B041
:1025200070BDB4F8501094F85220C4F8530099804C
:102530009A71E9E71FB590F87420044602F0010390
:1025400001908DF808300BB102F002038DF80930CC
:1025500094F8753020468DF80A30039100F021FA86
:102560004FF4017101AA2046FFF713F92046E1F765
:102570004BF804B010BDE0F793BFFBF72DBC0A4643
:102580000021E2F721BE13220121E2F71DBE82687D
:1025900038B5C2F380320446B0F86E000D46E2F75B
:1025A000B9FE20B9A3681DB143F40053A36038BD40
:1025B00023F40053FAE783791A0705D413F0100FB8
:1025C0000CBFFF200120704700207047002070479B
:1025D00008B5FDF743FD407940F4805008BDC06B5D
:1025E00000B9704783898B42FBD08068F8E7C06BE5
:1025F00000B97047C3898B42FBD08068F8E788B187
:102600004268D36B1BB1834205D18368D363ECF777
:10261000F1BF002BFBD01A469B688342F9D1836837
:102620009360F4E7704722F00042B2F5805F08B58E
:1026300005D041F201039A4206D0002008BD0622CF
:10264000827440F215420262FFF7D9FF0120F5E7DC
:102650002DE9F047074689469046042112220020C2
:102660009A46FFF7EDFB024618B3002505210E231D
:1026700086790C368419A170E57083551523237172
:102680000A23A371BDF820303846A381BDF8243059
:102690006570E381BDF8283084F80590E571A4F8F1
:1026A0000880A4F80AA02382E2F7FEF82846BDE8D5
:1026B000F0871A20FBE72DE9F84304460E464FF059
:1026C0000609D0F80480E2F77DF90C22207707464E
:1026D0000421002084F81E90FFF7B2FB024630B9B7
:1026E00040F20E439E4227D11A20BDE8F883002510
:1026F00005214FF0080C80790C3013189970DD70AB
:1027000002F800C05F71042783F80490E0895D70CF
:102710001881A0899F715881DD714046E2F7C4F8A5
:1027200047F230532A4641F2010120462662A7743F
:10273000EBF700FD2846D8E72046FFF760FFD3E718
:1027400070B54FF482650446C06B08B9E06370BD94
:1027500086680562ECF74EFF3046F6E72DE9FF4745
:1027600016461D46A2F117034FF6E6729BB293423E
:1027700007468846BDF83090BDF834A024D8A5F1AE
:102780001703E52B20D8FFF72AFF0446F0B1837C1E
:10279000012B1ED1BAF1000F13D040F20E43036299
:1027A000FFF72DFF617FE582A4F81A903346424679
:1027B0003846CDE9019A0095FFF74AFF04B0BDE81D
:1027C000F08703238374EDE72120F7E740F20F4001
:1027D000F4E740F21740F1E72DE9F843804616464A
:1027E000AAB3FFF7FCFE054698B3837C032B33D1D5
:1027F000E2F7E8F84FF016090C2228770746042183
:10280000002085F81E90FFF71BFB024638B36B8B48
:10281000002433446B8390F806C005210CF10C0CA6
:1028200000EB0C0308209970DC7002F80C00042007
:1028300083F804905F719871A8895C701881DC71CD
:1028400040465E81E2F730F82046BDE8F88321205B
:10285000FBE740F20F40F8E740F21740F5E71A2097
:10286000F3E770B5064615461A46FFF7B8FE04466C
:10287000C0B1837C032B18D1038BCBB1DDB1838A2C
:10288000AB4218D32B4604210020FFF743FB02463E
:1028900098B13046E189FDF717FC10B9238B013B55
:1028A000238370BD40F20F40FBE740F21740F8E78A
:1028B00040F21440F5E72120F3E71A20F1E708B5CC
:1028C0000A464988A1F140033F2B0CD8FFF787FE49
:1028D00048B11188C28A914207D9052240F21241BB
:1028E0008274FFF7E8FE002008BD0120FCE700200D
:1028F00070470F2070470F207047704710B588B0A1
:10290000E0F7B8FD0446002847D090F8720002288E
:1029100045D1A36813F4407F2AD094F87330012B7B
:102920002FD194F97500DFF73DFF10B9A368DB05DF
:1029300027D594F8743013F0010322D1CDE9013387
:10294000CDE90433CDE90633ADF80C30A36813F4B8
:10295000807F01AB0ED0A06AE16A228E03C31A8089
:102960002046BDF8042004AB0DF10601E2F7A2FCFD
:1029700008B010BD0A22022194F97500FBF798F8FF
:10298000EEE7002345F217021946204600F03CF915
:10299000B0FA80F040094000EAE72120E8E7022091
:1029A000E6E738B545F21B020C460B46002105460A
:1029B00000F02AF930B92CB121462846BDE838404C
:1029C000EDF7D0B838BD00F041B900F05ABC00F0C6
:1029D00063BC10B504464C30FBF763F884F875000F
:1029E0002046BDE8104000F027BC10B50446FBF7B8
:1029F0002FF802280DD194F8733094F97000012B50
:102A000014BF0521032184F83210BDE8104000F006
:102A100057BCA36843F40073A36010BD00F048B92D
:102A200038B5037804463E2B0D4604D18378052B38
:102A300002D0ED2B0FD038BDB0F80300E0F70CFD4D
:102A400020B1B4F80D10621D00F098F92846BDE8D9
:102A50003840FEF770BFB0F80300E0F7FDFC002837
:102A6000F4D0B4F80D1004F10F03621D00F089F9E1
:102A7000ECE7CB0448BF41F480618160704710B53A
:102A8000044645F21A01FEF713FE2046BDE8104049
:102A900047F23053002245F21A01EBF74BBB10B559
:102AA0000A46044608210020FFF7CAF910B18379CD
:102AB00003441C7310BD38B505460C460D2011218A
:102AC000FFF7EDFF024688B12146837903440D33B9
:102AD00004F1100051F8044B814243F8044BF9D142
:102AE0002846BDE838400621FDF7EEBA38BD38B5B6
:102AF00005460C4604201121FFF7D1FF024688B19C
:102B00002146837903440D3304F1100051F8044B3E
:102B1000814243F8044BF9D12846BDE838400621EC
:102B2000FDF7D2BA38BD38B505460C460320112151
:102B3000FFF7B5FF024688B12146837903440D3380
:102B400004F1100051F8044B814243F8044BF9D1D1
:102B50002846BDE838400621FDF7B6BA38BD37B57E
:102B60000022054608211046FFF76AF90446C0B165
:102B70000C2301220DF107018DF80730FFF79DF9B5
:102B8000296C202254312046FFF797F9296C202226
:102B900074312046FFF791F9224606212846FDF7B9
:102BA00093FA03B030BD08B5D0B2E0F763FC28B1AA
:102BB00090F8773003F07F0380F87730012008BD6C
:102BC00070B50546EDF700FA0C4606460A4628465B
:102BD00045F20101B0472B6C03B11C603246284618
:102BE0002346BDE870404FF4A041184770B5154624
:102BF000044638B1EDF7E8F92A4603462046BDE819
:102C000070401847022070BD114608B51A4621F0E1
:102C10000041FFF7EBFFB0FA80F0400908BD08B5AE
:102C20000B4601461846EBF7A9FD003818BF0120F6
:102C300008BD10B50446006838B11A21FFF78DF9B8
:102C40002068FFF7C3F90023236010BD30B58BB0B7
:102C50000D46002201A9C0B2EDF718FA044620BBC8
:102C600001460D220DF10B00FEF7CCFBB5F8032059
:102C70006B79ADF8082006A9019A02A88DF80A30F0
:102C8000EDF740F840F20343BDF81820002818BFC4
:102C90001C469DF81A30102102A82A80AB70FFF75D
:102CA0005CF9102106A8FFF758F920460BB030BD9B
:102CB00010B50446EDF782F804F13400FFF7B9FFD0
:102CC000A3685A0606D523F0400300212046A360DE
:102CD000E2F740FA236C63B1D3F89400F6F785F974
:102CE0000421206CFFF739F9206CFFF76FF90023FE
:102CF000236410BDF7B50D4669461646EDF7C6F9D3
:102D0000044698B929461022009801ABF6F743FA19
:102D1000074610212846FFF712F92FB11021284647
:102D2000FFF71BF940F2074406B13760204603B0B5
:102D3000F0BD38B50446C51C03212846FFF76FFFD8
:102D4000C8B9E27863797AB922791A43F4D003F0EA
:102D50007F0343F0400363715323A3712146BDE811
:102D60003840FF20FFF772BFFF2AF0D122791A40C6
:102D7000FF2AE1D0EBE740F2074038BD0021E2F73F
:102D8000E9B9F8B51D46836804465B060F4616464A
:102D90002DD41A20FFF718F90146606320B92046A8
:102DA000BDE8F840E2F7D6B9034623F8027B326863
:102DB00005F11001C0F8022072685A602A46636B60
:102DC0000A3352F8040B8A4243F8040BF9D110215C
:102DD0002846FFF7C2F8A36843F0400213F4407F8F
:102DE000A26004D02046BDE8F840EDF745BAF8BD32
:102DF0002DE9F0419CB0154608AA1C4606460B4634
:102E00009046239F01F1200E9446186859680833B4
:102E1000ACE8030073456246F6D120214046FFF737
:102E20008EF810AB2A469C4605F1200E1D46106810
:102E30005168083203C572452B46F7D16046202100
:102E4000FFF77DF818AA9446229B03F1100E154651
:102E500018685968083303C573452A46F7D1604698
:102E60001021FFF76CF804AA2346154604F1100C54
:102E7000144618685968083303C463452246F7D1DD
:102E800010212846FFF75BF86B4650224146284642
:102E9000EDF748F8044610212846FFF75EF8502168
:102EA0004046FFF75AF834B108213046EDF7E4FA0E
:102EB0001CB0BDE8F081039B38463B600421FFF75E
:102EC0003EF868461021FFF748F8224645F2140103
:102ED0003046FFF78BFEEBE72DE9F04796B01D4635
:102EE000DDE9229705AB06460C469E46DDF890804C
:102EF00002F1100A9C46106851680832ACE80300E1
:102F000052456346F6D170461021FFF718F809AA1A
:102F10002B46944605F1100E15461868596808337B
:102F200003C573452A46F7D160461021FFF707F81D
:102F30000DAA94461E9B03F1100E15461868596899
:102F4000083303C573452A46F7D160461021FEF7C2
:102F5000F6FF9DF87C30D9F800008DF844309DF8DC
:102F6000803006218DF845309DF8843012908DF820
:102F7000463099F8063012A883F00803C3F3C00363
:102F80008DF84730B9F80430ADF84C30FEF7D7FF74
:102F9000BB79062183F00803C3F3C0038DF84E30DC
:102FA0003B680DF14F00CDF84F30BB8804F110079E
:102FB000ADF85330FEF7C3FF01AA23461546144669
:102FC00018685968083303C4BB422246F7D1102160
:102FD0002846FEF7B4FF4346412205A92846ECF7F0
:102FE000A1FF044610212846FEF7B7FF412105A89E
:102FF000FEF7B3FF34B108213046EDF73DFA16B0C5
:10300000BDE8F08740461021FEF799FF224645F2C1
:1030100013013046FFF7EAFDF1E72DE9F3411D46C4
:10302000089B04468846164690F873705BB11021E1
:103030001046FFF7F4FD30B10821204602B0BDE88C
:10304000F041EDF719BA236C013EDA1C681E133308
:1030500012F8011F16F801CF9A4281EA0C0100F81C
:10306000011FF5D10023404601A90193ECF7C4FFED
:1030700048B10198F5F7B9FF08212046EDF7FCF9B2
:1030800002B0BDE8F08129462846019AECF73AFEE5
:103090000028EED1022F0CBF0023062304F15902B1
:1030A0002B4404F15F0012F8016F1978904281EA15
:1030B000060103F8011BF6D1022F14BF00230623DB
:1030C00004F152022B4404F1580012F8016F1978F0
:1030D000904281EA060103F8011BF6D129462846F1
:1030E000019AECF70FFE05460198002DC2D1F5F7C5
:1030F0007CFF2A4645F210012046FFF777FDBFE727
:103100002DE9F04196B0154605AA1C4606460B4629
:1031100090461D9F01F1200E9446186859680833A7
:10312000ACE8030073456246F6D120214046FEF725
:1031300006FF0DAB2A469C4605F1200E1D46106881
:103140005168083203C572452B46F7D120216046ED
:10315000FEF7F5FEAEB3336C93F85D31013B022B05
:103160002FD89DF8703043F0800301AA8DF85430B9
:103170001546234604F1100C1446186859680833A4
:1031800003C463452246F7D110212846FEF7D7FE37
:103190003B46412241462846ECF7C4FE0446102136
:1031A0002846FEF7DAFE41214046FEF7D6FE54B12E
:1031B0001EB108213046EDF75FF9204616B0BDE894
:1031C000F0810023D1E710213846FEF7B8FE002E2B
:1031D000F3D0224645F211013046FFF707FDECE738
:1031E000EEF744BFB1F5A04F70B504460D46164644
:1031F0000AD045F20603994216D0324629462046A7
:10320000BDE87040EDF758BF836843F080038360EA
:1032100090F87330012B03D1BDE87040EDF77EBD0F
:10322000BDE87040EDF79ABF93791344597C41F49F
:103230009051ECF797FCE0E7002310B503640446D7
:1032400090F97500431C13D0DFF766FE082204F1E5
:103250001003114694F97500FAF72AFC94F913301B
:10326000012B07D194F8743043F0020384F87430D2
:10327000002010BD022BFBD194F8743043F00A03F8
:10328000F4E74B88062B05D1088841288CBF002025
:10329000012070470020704707B58B790A460B4420
:1032A0000191197C4B1E0D2B04D801F5A041013171
:1032B000FFF79CFC01A8FEF73EFB03B05DF804FBA2
:1032C0007047000000B583B000F020F801900A4B71
:1032D0001B6F1B0B03F00F030093009B0133019A3C
:1032E000B2FBF3F30193054A019B1360019B18465F
:1032F00003B05DF804FB00BF0080005048290020A7
:10330000014B1B68184670474429002000B583B064
:1033100000230193134B1B6F03F00703013B032BA7
:1033200019D801A252F823F04F33030839330308A8
:103330004133030849330308FFF7E2FF01900BE034
:10334000094B1B68019307E0084B019304E0084B0D
:10335000019301E0FFE7FDE7019B184603B05DF82C
:1033600004FB00BF008000503C29002080D54302B0
:10337000002D3101014B1846704700BF00B4C40452
:10338000014B1846704700BF002D3101014B1B68EF
:10339000184670473C290020014B1846704700BF73
:1033A00080D5430282B000230193314B03F5805353
:1033B0001A464FF4002353664FF0B4439B681B0C2E
:1033C00003F01F030C2B4DD801A252F823F000BFCD
:1033D00005340308653403086534030865340308BD
:1033E000653403086534030841340308473403088F
:1033F0004D34030865340308533403085934030873
:103400005F3403084FF0B4439B6803F04073B3F19B
:10341000007F0ED0B3F1007F0ED8002B03D0B3F1A4
:10342000807F03D008E0134B019308E0124B019317
:1034300005E0124B019302E00023019300BF12E06C
:103440000F4B01930FE00F4B01930CE00E4B0193D8
:1034500009E00E4B019306E00D4B019303E00D4B89
:10346000019300E000BF019B184602B0704700BF07
:103470000080005000093D0080841E0040420F0083
:10348000405DC6000024F400C0EA210180BA8C012E
:103490000048E801005A6202014B1B681846704759
:1034A00040290020054B5B68C3F30803002B14BFC1
:1034B00001230023DBB21846704700BF00ED00E097
:1034C00082B00190019B1B78002B0AD0019B1B78D6
:1034D000012B06D0019B1B78022B02D0019B1B788D
:1034E000032B019B5B781A460849019B1B78184601
:1034F000012303FA02F203465B0003441B010B4461
:1035000003F582531A6000BF02B0704700C0035039
:1035100000BF064B5B6803F00103002B03D0034B95
:10352000DB69002BF5D100BF704700BF00C00A5017
:1035300008B5FFF7EDFF024B9B69184608BD00BFB9
:1035400000C00A5082B0034600918DF807309DF804
:103550000730002B06D1054B03F580531A46009B1C
:10356000536400BF00BF02B0704700BF00C00A50E4
:1035700082B0034600918DF807309DF80730002B8C
:1035800006D1054B03F500531A46009B536400BF58
:1035900000BF02B0704700BF00C00A5082B00346AF
:1035A00000918DF807309DF80730002B06D1054BB0
:1035B00003F500531A46009B136400BF00BF02B01E
:1035C000704700BF00C00A5082B003468DF8073034
:1035D0009DF80730002B02D1034B1B6C00E0002349
:1035E000184602B0704700BF00C00A5082B00346C0
:1035F0000A468DF8073013468DF806309DF80730DF
:10360000002B0ED19DF80630002B02D0012B03D0E9
:1036100005E0064BDB6C05E0044B1B6D02E000236C
:1036200000E00023184602B0704700BF00C00A50F7
:1036300082B0034600928DF807300B468DF80630B5
:103640009DF80730002B0FD19DF80630002B02D0DB
:10365000012B04D007E0064A009BD36403E0044A30
:10366000009B136500BF00BF00BF02B0704700BFE2
:1036700000C00A5082B003468DF807309DF807302D
:10368000002B02D1034B5B6D00E00023184602B013
:10369000704700BF00C00A5000B583B000230193FB
:1036A000019B002B07D101220A210548F2F70DFDED
:1036B000BFF34F8F00BF019B184603B05DF804FBBA
:1036C0006880005008B500220A210348F2F7FDFC8B
:1036D0000023184608BD00BF6880005000B585B0C3
:1036E000034600918DF807300023039301F012FC8C
:1036F00002909DF807301F2B00F2EA8001A252F8D9
:1037000023F000BF8537030891370308D138030839
:10371000A1370308B1370308C1370308D1380308BC
:10372000D1370308E1370308D1380308F13703081C
:10373000D13803080138030811380308D1380308C9
:10374000213803083138030841380308D138030809
:1037500051380308D138030861380308C138030819
:10376000D138030871380308D138030881380308B9
:10377000D138030891380308D1380308A138030869
:10378000B1380308FFF7C2FD0246009B1A60A5E0AE
:103790004FF4C070CFF706FC0246009B1A609DE014
:1037A0004FF42070CFF7FEFB0246009B1A6095E0B5
:1037B0004FF44070CFF7F6FB0246009B1A608DE095
:1037C0004FF46070CFF7EEFB0246009B1A6085E075
:1037D0004FF40070CFF7E6FB0246009B1A607DE0D5
:1037E0004FF48060CFF7DEFB0246009B1A6075E065
:1037F0004FF44060CFF7D6FB0246009B1A606DE0A5
:103800004FF4C060CFF7CEFB0246009B1A6065E024
:103810004FF4F060CFF7C6FB0246009B1A605DE0F4
:103820004FF4B060CFF7BEFB0246009B1A6055E034
:103830004FF4D060CFF7B6FB0246009B1A604DE014
:103840004FF41060CFF7AEFB0246009B1A6045E0D4
:103850004FF4E060CFF7A6FB0246009B1A603DE004
:103860004FF4A060CFF79EFB0246009B1A6035E044
:103870004FF41860CFF796FB0246009B1A602DE0CC
:103880004FF42860CFF78EFB0246009B1A6025E0BC
:103890004FF48070CFF786FB0246009B1A601DE054
:1038A0004FF42060CFF77EFB0246009B1A6015E0C4
:1038B0004FF44860CFF776FB0246009B1A600DE09C
:1038C0004FF40860CFF76EFB0246009B1A6005E0DC
:1038D000009B00221A602123039300BF029801F08D
:1038E0000BFB039B184605B05DF804FB00B585B0E3
:1038F00003460A468DF8073013468DF8063000233C
:1039000002939DF80630032B16D801A252F823F03B
:1039100021390308273903082D39030833390308EF
:103920000123029308E00423029305E0102302938D
:1039300002E04023029300BF9DF80730032B1FD8FD
:1039400001A252F823F000BF593903086339030874
:103950006D39030877390308029B43F00203029391
:103960000EE0029B43F00803029309E0029B43F040
:103970002003029304E0029B43F08003029300BF04
:103980000F4B1B68039312E0039B5B681A68029B52
:103990001340002B08D0039B5B685B689DF8061002
:1039A0009DF8072010469847039B1B680393039BD1
:1039B000002BE9D100BF00BF05B05DF804FB00BFDC
:1039C000C416002000B585B003460A468DF80730BE
:1039D00013468DF806309DF80730002B02D09DF875
:1039E0000730022B9DF80730013B3B4AD35CFF2B8D
:1039F00005D19DF8063083F00103DBB2002B9DF862
:103A00000730013B344AD35CFF2B03D19DF80630CD
:103A1000002B5BD19DF80730013B2F4AD35C002B74
:103A200002D19DF80630002B9DF80730013B2A4A51
:103A3000D35C002B06D19DF8063083F00103DBB286
:103A4000002B45D19DF80730013B234AD25C9DF8FD
:103A50000630002B01D0012100E0FF219DF8073046
:103A6000013B0A44D1B21C4AD1549DF80630002BC8
:103A70002FD01A4B1B78012B2BD900F07FF903466E
:103A80008DF80F309DF80F30012B02D800F078FA36
:103A900009E0124B1B78032B05D19DF80F30022B48
:103AA00001D101F055FB0D4B1B789DF80F209A4278
:103AB0000FD00A4B1B789DF80F2011461846FFF7D0
:103AC00015FF064A9DF80F30137002E000BF00E0BA
:103AD00000BF05B05DF804FBC81600208824002054
:103AE00000B583B001F0E9FA0190AFF3008001F076
:103AF0007FF9034683F00103DBB2002B05D0AFF35F
:103B00000080019801F0E5FAD7E06D4B1B78002B9F
:103B100005D0002000F0C4F9694B00221A7000F0B3
:103B20002DF903468DF803309DF80330184600F058
:103B30003FF900F023F903468DF803309DF8033078
:103B4000012B09D95F4B1B78DBB283F00103DBB299
:103B5000002B01D000F090FA5B4B1B789DF80320FE
:103B60009A4216D0594B00221A70594B1B78DBB27F
:103B700083F00103DBB2002B07D0534B1B789DF879
:103B8000032011461846FFF7B1FE4F4A9DF8033057
:103B900013704E4B1B78002B08D04B4B1B78022B1D
:103BA00004D14A4B00221A7001F0DDFC9DF803306D
:103BB000012B13D9434B1B78DBB283F00103DBB23B
:103BC000002B0BD0434B1B78002B04D100F06EFA76
:103BD000414B01221A703B4B01221A703A4B1B7861
:103BE000184601F095FA3A4B1B78DBB2002B03D054
:103BF0003A4B1A78344B1A70AFF30080019801F0F9
:103C000075FA0190364B1B78DBB2002B11D0344B88
:103C100000221A702C4B1A78304B1B789A4208D12C
:103C2000294B01221A702D4B1B7801211846FFF7F2
:103C30005DFE2C4800F05CFB01F0FBF80346002B16
:103C40007FF463AF214B00221A701E4B1B78DBB24E
:103C5000002B21D01E4B00221A701F4B1B78002B0B
:103C60000CD000F02BFA1C4B00221A7006E0012049
:103C700001F04EFA019801F039FA0190002000F0AD
:103C80005DFA034683F00103DBB2002BEFD100F0B5
:103C90006FFA0C4B00221A70002000F089F80A4BD2
:103CA0001B7800211846FFF721FE074B00221A70EF
:103CB000AFF30080019801F00CFA03B05DF804FB4B
:103CC0008E2400208D240020882400208A240020B7
:103CD0008C240020892400208F2400208B240020A5
:103CE00092240020D016002000B583B001F0F8F82F
:103CF00001900F4B1B788DF803300D4B00221A708A
:103D0000019801F0E0F800F0D9FC03461A469DF84E
:103D100003301343DBB2002B14BF012300238DF8C3
:103D200003309DF80330184603B05DF804FB00BF74
:103D30009124002000B583B00023019301F0D0F856
:103D400000900D4B1B78012B04D8009801F0BBF8B4
:103D5000019B0DE0D6F710FE0346019300F060FAD8
:103D60000246019B13440193009801F0ACF8019BBB
:103D7000184603B05DF804FB8824002082B00123BC
:103D8000019302E0019B01330193019B022B05D8B3
:103D9000019B013B054AD35C002BF3D0019B8DF8BE
:103DA00003309DF80330184602B07047C816002053
:103DB00000B58BB003468DF80F309DF80F30032B04
:103DC00060DC022B0EDA002B01D0012B5AE02F4BC6
:103DD0001B78002B53D0002000F062F82B4B002200
:103DE0001A704CE005AB1946002000F0F9FA089073
:103DF000089B002B45D1059A254B1B689A4206D893
:103E0000012000F04DF8214B01221A7039E0002307
:103E10000793002306931F4B1B680693079A069B84
:103E20001344079300F0FCF90246079B13440793E1
:103E3000059A079B9A4206D8012000F031F8134BEF
:103E400001221A701DE00023ADF8263000F0E2F9DF
:103E50000346002B02D00423ADF82630059A079BB9
:103E6000D11ABDF8263043F002039BB20193002320
:103E700000930023084A094801F09FF901E000BFC0
:103E800000E000BF00BF0BB05DF804FB8E240020F3
:103E9000F0160020F41600204D3F0308D016002035
:103EA00000B583B003468DF80730254B1B78FF2BF8
:103EB00005D19DF8073083F00103DBB2002B204BC6
:103EC0001B78FF2B03D19DF80730002B31D11C4B01
:103ED0001B78002B02D19DF80730002B184B1B7864
:103EE000002B06D19DF8073083F00103DBB2002BD5
:103EF00021D1134B1B789DF80720002A01D0012205
:103F000000E0FF221344DAB20D4B1A709DF807301F
:103F1000002B11D00B4B1B78012B0DD90A4B1B78B2
:103F2000DBB283F00103DBB2002B05D000F06CF8AC
:103F300002E000BF00E000BF03B05DF804FB00BF7B
:103F4000C8160020882400208C24002000B585B0ED
:103F50000190009100F0C4FF0390084B1B78002BE8
:103F600003D0039800F0AFFF04E000F04DF8039891
:103F700000F0A9FF05B05DF804FB00BF902400200D
:103F800000B583B000F0ACFF01901B4B1B78DBB297
:103F9000002B2AD0194B1B7883F00103DBB2002BD6
:103FA00005D0164B01221A70154B00221A70154BC2
:103FB0001B78002B04D000F081F8124B00221A70FD
:103FC000019800F080FF012000F0B8F800F088FFB1
:103FD00001900A4B1B78002B04D000F0C9F8074B66
:103FE00000221A70044B00221A70019800F06BFF37
:103FF00000BF03B05DF804FB8D2400209024002056
:104000008C2400208F24002008B5164B1B78DBB2CF
:10401000002B24D0144B1B78002B04D000F04EF85A
:10402000114B00221A70002000F088F80346002B84
:104030000ED000F09DF80B4B00221A700B4B1B7832
:1040400001211846FFF752FC084B01221A7006E0C6
:10405000074B01221A70054B1A78064B1A7000BFE5
:1040600008BD00BF8D2400208F240020882400205C
:104070008C2400208B24002008B5094BD3F8203174
:1040800003F00703074A1360054BD3F8283103F008
:104090000703054A1360F1F7C0FE00BF08BD00BF6B
:1040A00000800050F8160020FC160020024B012270
:1040B0001A7000BF704700BF9524002008B51B4B45
:1040C0001B7883F00103DBB2002B2DD1184B1B783A
:1040D00083F00103DBB2002B22D0164B9B6D03F45F
:1040E0008033002B05D0144B1B6803F00203002B18
:1040F00005D1104B9B6D03F00103002B07D00D4B36
:1041000003F580531A464FF4803393620DE0D5F7E0
:104110003FFB084B03F580531A464FF480339362FC
:10412000034B00221A7000E000BF08BD932400205A
:10413000962400200040005A5C40005A00B583B02D
:1041400003468DF80730094B1B7883F00103DBB27F
:10415000002B01D0012305E09DF807301846D5F764
:104160001BFC0346184603B05DF804FB93240020B3
:1041700008B5F1F754FE1F4B1B78002B0CD01E4BDB
:1041800003F580531A460123536000BF1A4B9B6905
:1041900003F00103002BF9D0184B1B6F23F007022B
:1041A000174B1B68154913430B67144BD3F8203189
:1041B00023F00702134B1B6810491343C1F8203149
:1041C0000E4BD3F8283123F007020F4B1B680B4925
:1041D0001343C1F828310D4B1B78002B06D00C4B34
:1041E00003F500531A464FF48033936200F08BFFBF
:1041F00000BF08BD9424002000C001500080005082
:1042000004170020F8160020FC160020932400203C
:104210000040005A014B1B78184670479324002039
:1042200000B583B0002301930A4B1B78002B07D005
:10423000D5F762FB0190019BDB08019A13440193BF
:10424000054B1B68019A13440193019B184603B068
:104250005DF804FB932400200817002008B51F4BCD
:104260001B78002B31D01D4B00221A701C4B1B6F8A
:1042700023F007031A4A43F001031367184BD3F8DE
:10428000203123F00703164A43F00303C2F820311C
:10429000134BD3F8283123F00703114A43F00303EB
:1042A000C2F828310F4B1B78002B0CD00E4B03F5B6
:1042B00000531A460123536000BF0B4B5B6803F0A9
:1042C0000203002BF9D100F01EFF084B03F5005349
:1042D0001A460123536700BF08BD00BF9524002084
:1042E000008000509424002000C001500040005A7B
:1042F00000B587B0019000238DF81730019BDB8853
:10430000062B01D100F052FD019B002B01D122238D
:1043100029E000F0E5FD049000F066FB144B1B68FB
:10432000019A9A4202D101238DF81730019800F0CA
:10433000F1FA0390039B002B04D0049800F0C3FD16
:10434000039B10E09DF81730002B08D000F020FBF5
:104350000390039B222B02D1022000F0E1FC049881
:1043600000F0B1FD0023184607B05DF804FB00BF64
:104370001417002000B585B001900091019B002B1F
:1043800002D0009B002B01D1222322E0009B0022BF
:104390001A7000F0BFFD0290104B1B6803930AE0F7
:1043A000039A019B9A4203D1009B01221A7002E0FA
:1043B000039B9B680393039B002B06D0009B1B78F9
:1043C00083F00103DBB2002BEAD1029800F094FDE8
:1043D0000023184605B05DF804FB00BF1417002049
:1043E00000B587B003460091ADF806300023049372
:1043F00000F090FD03901F4B1B6805932EE0059B7A
:104400005B69049A13440493059BDB88BDF806207E
:104410009A4203D0BDF80630FF2B1CD101F003F8FF
:104420000246154B1B68D31A049A9A4209D900F028
:10443000FAFF0246104B1B68D31A049AD31A04934E
:1044400001E000230493009B049A1A60039800F093
:1044500053FD002309E0059B9B680593059B002BFA
:10446000CDD1039800F048FD1B23184607B05DF836
:1044700004FB00BF14170020181700202DE9F0439B
:1044800085B000F047FD019000F0CDFF0390154B83
:104490001B680293012000F099FF0346002B05D012
:1044A00000F0C1FF0390029B01330293019800F0DA
:1044B00023FD029B0022984691464FF000024FF0E8
:1044C000000343460022039900200C46054642EAB9
:1044D000040643EA050732463B461046194605B036
:1044E000BDE8F0830C170020014B1B68184670478D
:1044F000101700202DE9F04383B001900091184976
:1045000009680198884225D8019900200E4607467F
:104510001449096800200C46054604FB07F006FB19
:1045200005F10144A6FB042319440B4640F2E73190
:1045300012EB010843F100094FF47A724FF00003C7
:1045400040464946E9F7F0F802460B46009B1A60E0
:10455000002300E02123184603B0BDE8F08300BF2C
:104560001C170020101700202DE9F04F8DB0099086
:1045700000230B93504B1B68002B00F098804E4B90
:104580001B68184600F06DFE0346002B4FD0099BB8
:10459000002200930192DDE9004522462B464FF0B0
:1045A00000004FF00001590141EAD261500102467A
:1045B0000B462146561A294663EB01074FF00002CD
:1045C0004FF00003BB0043EA9673B20016461F4645
:1045D0002346F31804932B4647EB030305934FF050
:1045E00000024FF00003DDE904452946CB002146D7
:1045F00043EA51732146CA0014461D462E4B1B68E0
:10460000184600F01CFE0346C3F12001A3F120026E
:1046100024FA03F805FA01F148EA010825FA02F242
:1046200048EA020825FA03F943460B933FE0099B49
:1046300000229A46934652465B464FF000004FF0E8
:104640000001590141EAD261500102460B46B2EB2A
:104650000A0463EB0B054FF000024FF00003AB00C0
:1046600043EA9473A20014461D4614EB0A03069312
:1046700045EB0B0307934FF000024FF00003DDE919
:1046800006452946CB00214643EA51732146CA001C
:1046900010461946084B1B68002202930392DDE97D
:1046A0000223E9F741F802460B4613460B930B9B96
:1046B00018460DB0BDE8F08F1017002000B583B08C
:1046C00000F028FC0190064B1B788DF80330019810
:1046D00000F012FC9DF80330184603B05DF804FBAF
:1046E0009924002000B583B00C4B1B788DF807305F
:1046F0009DF80730002B0BD000F086FD0246084BDA
:104700001B689B69D31A022B02D900238DF807304E
:104710009DF80730184603B05DF804FB982400208C
:104720001417002082B003468DF80730034A9DF825
:104730000730137000BF02B0704700BF99240020FB
:1047400000B589B003468DF807309DF8073003F0B7
:104750000103002B08D0374B1B680133354A136027
:1047600000F042F900F014F99DF8073003F002035D
:10477000002B5BD000230693002305930023ADF8A4
:10478000123000F0C7FB079000F02EF92AE02A4B08
:104790001B680393284B1B6806930AE0069B1A7953
:1047A000039B1B799A4201D9039B0693039B9B6849
:1047B0000393039B002B03D0039B5B69002BEDD07D
:1047C000079800F099FB069800F05CFD069BDB88DB
:1047D000ADF81230059B0133059300F09BFB079069
:1047E00000F002F9144B1B68002B04D0124B1B681D
:1047F0005B69002BCBD0114B00221A70059B012B5B
:1048000008D1BDF8123003F00203002B02D00B4B8D
:1048100001221A7000F0BCF80290029B222B02D1F8
:10482000022000F07DFA079800F066FB00BF09B097
:104830005DF804FB0C1700201417002099240020B9
:1048400000B587B001900091009B0593019BDB8828
:10485000002B0AD1FFF76EFA0290059A029B9A424A
:1048600003D2029B0593F3F70BFE019B059A5A6155
:10487000274B1B68002B40D000230493244B1B685C
:1048800003930CE0039B5B69059AD31A0593019B84
:10489000059A5A61039B0493039B9B680393039BB4
:1048A000002B13D0039B5B69059A9A42EAD2039BC3
:1048B0005B69002BE6D0039B5B69059A9A4205D1A0
:1048C000019B1A79039B1B799A42DBD8049B002B2E
:1048D00003D0049B019A9A6002E00D4A019B136089
:1048E000019B039A9A60039B002B0CD0039B5A698F
:1048F000059BD21A039B5A6105E0054A019B136090
:10490000019B00229A6000BF07B05DF804FB00BF66
:104910001417002084B00190002303931B4B1B68E5
:104920000293019B002B06D122232BE0029B0393D1
:10493000029B9B680293029B002B03D0029A019B6F
:104940009A42F3D1029A019B9A4201D0022319E0C4
:10495000039B002B04D0019B9A68039B9A6003E0A1
:10496000019B9B68094A1360019B9B68002B08D040
:10497000019B9B685969019B5A69019B9B680A448A
:104980005A610023184604B0704700BF1417002076
:1049900000B583B0124B1B68002B1CD0104B1B685A
:1049A0005B69002B0DD00E4B1B685A690D4B1B68C1
:1049B00013440193022000F044FD019800F0FEF83A
:1049C00005E0022000F03DFD022000F0D9F900F0E2
:1049D000B5F8002300E02223184603B05DF804FB7D
:1049E000141700201817002000B585B000F01BFD3B
:1049F0000190174B1B680393164B1B68019AD31A3F
:104A0000029318E0039B5B69029A9A4208D8039BC1
:104A10005A69029BD21A039B5A610023029307E052
:104A2000039B5B69029AD31A0293039B00225A618B
:104A3000039B9B680393039B002B02D0029B002BDC
:104A4000E0D1044A019B136000BF05B05DF804FB90
:104A5000141700201817002000B587B003900291AA
:104A600001920093039B9DF824201A71039B089ADE
:104A70001A60039B00229A60039B019A1A61039BB0
:104A8000009ADA60039BBDF82820DA80019B002B96
:104A900007D100F0C8FC0246029B1A44039B9A61AE
:104AA00006E000F0C0FC0246019B1A44039B9A6199
:104AB000029B002B15D1039B00225A61039BDB68EC
:104AC000002B06D0039BDB68039A126811460398FB
:104AD0009847019B002B02D0019B029301E0002329
:104AE00023E0BDF82830062B0BD1124B9B6A114AEC
:104AF00043F008039362029B184600F0B5F80023C8
:104B000013E000F0EDF90590FFF76EFF02990398AE
:104B1000FFF796FE084B1B68039A9A4201D1FFF7F4
:104B200037FF059800F0CFF90023184607B05DF86D
:104B300004FB00BF0040005A1417002082B0144B41
:104B40001B68019300230093124B00221A7015E09A
:104B5000019BDB8803F00203002B04D00D4B0122E4
:104B60001A7000BF10E0019B9B680193019B002B12
:104B700004D0019B5B69009A13440093009B012BB6
:104B800002D8019B002BE3D100BF02B0704700BFE9
:104B9000141700209824002008B5074BD3F84032A2
:104BA00003F00303013B012B03D8022000F088FC33
:104BB00000E000BF00BF08BD0080005000B587B016
:104BC0000190019B059300F08BF9049000F02BFC01
:104BD000039000F02EFC02900020FEF7F5FC034647
:104BE00003F00203002B0AD10399029800F07DFC28
:104BF0000346032B03D8029A039B9A421CD10399C4
:104C0000059800F072FC0346022B02D8039B033385
:104C10000593059BB3F1FF3F2CBF012200225242B6
:104C20009B1A0593059B013B1A4600210020FEF7C5
:104C3000FFFC022000F005FC049800F044F9084B4A
:104C40001B78002B08D0074B9B6C064A43F00103EE
:104C50009364034B00221A7000BF07B05DF804FB99
:104C60001B2B002000C00A5000B587B0019000F057
:104C700037F9049000F0D7FB0390019B039A13448B
:104C800005930399059800F030FC0346022B02D8E7
:104C9000039B03330593059BB3F1FF3F2CBF012218
:104CA000002252429B1A0593059B013B1A460121A3
:104CB0000020FEF7BDFC049800F005F90B4B1B78B3
:104CC000002B0ED00A4B9B6C094A43F002039364FD
:104CD000074B9B6C064A43F004039364034B00228A
:104CE0001A7000BF07B05DF804FB00BF1C2B00204A
:104CF00000C00A5000B583B0084800F0D7F9034659
:104D00008DF807306A469DF807301146184600F0C6
:104D1000B7F9009B184603B05DF804FBB06B0308BD
:104D200000B585B003468DF80730002303939DF846
:104D3000073003F00103002B03D0039B43F0010372
:104D400003939DF8073003F00203002B0CD0039B64
:104D500043F002030393084B01221A70074B9B6C2C
:104D6000064A23F00103936403990020FEF700FC38
:104D700000BF05B05DF804FB1B2B002000C00A50EB
:104D800082B003468DF807309DF8073003F0020328
:104D9000002B05D0044B03F580531A4602231364FD
:104DA00000BF02B0704700BF00C00A500B4B1B7819
:104DB00083F00103DBB2002B0ED0094B9B6C084A39
:104DC00023F002039364064B9B6C054A23F0040313
:104DD0009364024B01221A7000BF70471C2B002005
:104DE00000C00A5001231846704701231846704737
:104DF00000B583B001238DF80730E1F795FB03463A
:104E000083F00103DBB2002B02D000238DF80730C2
:104E1000FFF7E8FF034683F00103DBB2002B02D06B
:104E200000238DF807309DF80730184603B05DF871
:104E300004FB00B583B000238DF8073000238DF804
:104E40000630FEF751FF03468DF80730FBF7DBFB1A
:104E500003468DF805309DF80530042B03D101235E
:104E60008DF8063006E09DF80530022B02D10123B3
:104E70008DF80730FFF7B9FF03468DF805309DF830
:104E80000530042B03D101238DF8063006E09DF890
:104E90000530022B02D101238DF807309DF8063032
:104EA000002B02D000238DF807309DF807301846FC
:104EB00003B05DF804FB4FF40043184670474FF40D
:104EC0007A731846704782B00190019B002B04D181
:104ED00062B600BFBFF36F8F00BF00BF02B0704764
:104EE00082B0EFF310830093009B019372B600BF72
:104EF000019B184602B0704784B00190019B039358
:104F0000039B83F3118800BFBFF36F8F00BF00BF07
:104F100004B0704784B0EFF311830193019B0393B6
:104F200030230293029B83F3118800BF039B184632
:104F300004B0704708B5FEF7C5F90346184608BD2A
:104F400008B5FEF7BFF900BF08BD86B00390029117
:104F50000192019B002B04D0039B03F58053059322
:104F600003E0039B03F500530593059B0121029A7F
:104F700001FA02F21A6000BF06B0704700B585B0B2
:104F80000190012303934FF4A0230293019B002B74
:104F900001D121231AE0FEF77FFB0390039B002B36
:104FA00001D0039B12E0019B184600F02BF8F1F7AB
:104FB0007DF80290FEF786FB0390029B002B01D147
:104FC000039B03E00298F1F7A0F80346184605B0EA
:104FD0005DF804FB82B001900091019BDB69032B1B
:104FE0000DD8019BDB69019A02339B001344009AA0
:104FF0005A60019BDB695A1C019BDA6100E000BF2B
:1050000002B0704700B585B00190019BDB69042BAD
:1050100032D800BF4FF098431B6C03F48013002B71
:10502000F8D0019BDB6904334FF098429B00136575
:10503000019B1B681846F1F7A8FC019B5B681846AA
:10504000F1F7A3FC019B9B681846F1F79EFC002337
:1050500003930BE0019A039B02339B0013445B68AC
:105060001846F1F792FC039B01330393019BDB6924
:10507000039A9A42EED300E000BF05B05DF804FB4E
:1050800000B583B0034600918DF80730009B002BDC
:1050900001D1222306E09DF8073000991846FEF75B
:1050A0001DFB0346184603B05DF804FB82B0019077
:1050B000019B1B79184602B0704782B0EFF3108352
:1050C0000093009B019372B600BF019B184602B08B
:1050D000704782B00190019B002B04D162B600BFE3
:1050E000BFF36F8F00BF00BF02B0704700B583B041
:1050F00001900198FFF7EDFFFFF7DFFF0346184629
:1051000003B05DF804FB08B5FEF7DCF800BF08BD8E
:1051100000B583B003468DF807309DF80730032BA8
:105120000DD0032B0FDC012B02D0022B03D00AE0A1
:10513000D5F774FC08E00020CFF7A6FE04E00020BD
:10514000CFF7D2FE00E000BF00BF03B05DF804FB64
:1051500000BF704700B58BB007900691059204938D
:1051600000238DF82730079B002B01D1222320E05C
:10517000079B00229A83079B0022DA830DF1270305
:1051800019460798FFF7F6F89DF82730002B01D055
:1051900003230EE0BDF8343002939DF830300193C4
:1051A000049B0093059B002206990798FFF754FC87
:1051B000034618460BB05DF804FB00B589B00790B4
:1051C000069105920493079B002B01D1222317E03F
:1051D000079B00229A83079B0022DA830798FFF738
:1051E00087F8BDF82C3002939DF828300193049B7A
:1051F0000093059B002206990798FFF72DFC0346B4
:10520000184609B05DF804FB00B583B0FFF782FED5
:10521000019000F008F900900198FFF76DFE009BE7
:10522000184603B05DF804FB08B500F02DF90346FD
:10523000184608BD08B500F03CF900BF08BD84B0B1
:105240000190019B0393039B002B01D1202303E0DA
:10525000039BB3FA83F3DBB2C3F11F03184604B018
:10526000704782B00190019B002B07D0019B5A1E12
:10527000019B1340002B01D1012300E000231846BD
:1052800002B070472DE9F04F8BB0039000230993D3
:105290004FF000024FF00003CDE9062300238DF804
:1052A0001730039B1B69002B23D0039B1B69002233
:1052B00000930192DDE90023CDE9062300F0B3F865
:1052C0000246039B9B69D31A0993099BDA171E4672
:1052D0001746DDE90623964277EB030309DB01233A
:1052E0008DF81730039B9A69039B1B691A44039B33
:1052F0009A619DF8173083F00103DBB2002B08D0D0
:10530000FFF708FE04900398FFF704FB0498FFF7EB
:10531000F3FD039B1B69002B49D09DF8173083F0E8
:105320000103DBB2002B42D0099BDA171C4615465D
:10533000DDE90623B2EB040A63EB050BCDE906AB0E
:10534000039B9B8B002B20D0039BDA8B039B9B8BB7
:1053500013449AB2039BDA83039BDB8BB3F57A7F0A
:1053600013D3039BDB8BA3F57A739AB2039BDA8387
:10537000DDE9062312F1FF3843F1FF39CDE9068953
:10538000039B9B695A1E039B9A61FFF7C3FD049020
:10539000069B19460398FFF753FA039B9A69039BF0
:1053A0001B691A44039B9A610498FFF7A5FD039BB0
:1053B000DB68002B06D0039BDB68039A126811465A
:1053C0000398984700BF0BB0BDE8F08F00B585B0DB
:1053D00003468DF8073000238DF80F300020FEF7CC
:1053E000F3F802909DF80730012B0BD0022B13D15C
:1053F000029B03F00203002B14BF012300238DF84E
:105400000F300AE0029B03F00103002B14BF0123BD
:1054100000238DF80F3000E000BF9DF80F301846D4
:1054200005B05DF804FB08B5FEF782F803461846A0
:1054300008BD08B500210020FEF7D8F8034618463D
:1054400008BD00B585B003468DF8073000230393EF
:105450009DF8073003F00103002B03D0039B43F0BA
:10546000010303939DF8073003F00203002B03D0E0
:10547000039B43F00203039303990020FEF762F8B5
:1054800000BF05B05DF804FB08B50020FEF79CF8EE
:10549000034603F00803002B08D008210020FEF784
:1054A0007DF80020FEF7E6F8034600E000231846EA
:1054B00008BD08B504210020FEF770F800BF08BD44
:1054C00000B585B003468DF80730FFF709FD03905E
:1054D0009DF8073001211846FEF774FA0398FFF78C
:1054E000F2FC00BF05B05DF804FB82B001900091B2
:1054F000019A009BD31A184602B0704700B585B0D8
:1055000000238DF80F30FFF705FD02900020FEF715
:105510005BF80190019B03F00103002B05D09DF87F
:105520000F3043F001038DF80F30019B03F00203AD
:10553000002B05D09DF80F3043F002038DF80F309B
:10554000019B03F0030319460020FEF727F89DF89E
:105550000F301846FFF7F4F80298FFF7CDFC00BFB4
:1055600005B05DF804FB02210120E1F739BF00001E
:10557000000000000000000000000000000000002B
:10558000F8B500BFF8BC08BC9E467047F8B500BF30
:10559000F8BC08BC9E4670475FF800F0ED2500207F
:1055A0005FF800F089260020746869732069732011
:1055B000646174612067656E657261746564206200
:1055C0007920746865207065726970686572616CB5
:1055D00020646576696365202847415454207365CB
:1055E000727665722920616E64206973206D656131
:1055F0006E7420746F20626520766572792C207637
:105600006572792C2076657279206C6F6E672069DF
:105610006E206F7264657220746F207465737420DD
:105620004C3243415020667261676D656E746174DF
:10563000696F6E20616E64206465667261676D6576
:105640006E746174696F6E000A3E20426567696E10
:105650000A000000504552202D20426F6F74696E81
:1056600067207065726970686572616C2E2E00002B
:105670007468697320697320646174612067656E62
:105680006572617465642075706F6E2072657175E6
:1056900065737400425244343030324100000000DF
:1056A00041303700392E302E30000000002801280C
:1056B0000328002A012A292A242A272A262A232ADB
:1056C000052A2A2B292B0229D17414861968FD89F1
:1056D0000A484A34A0C53C64541E98C31087CDAB19
:1056E0002E4096503AA71C39020020180C0053692E
:1056F0006C69636F6E204C616273000002000A18CF
:105700000200000002000018020001180100000061
:105710000108FFFF00000000085703080200020014
:105720000108FFFF0500000020000A0003000A0036
:105730000008FFFF010000002829002004000D00E0
:105740000308FFFF03000000020000000500020044
:105750000108FFFF0500000002000B0006000B001F
:105760000108FFFF010000001029002007000200CF
:105770000108FFFF050000000A000C0008000C00F3
:105780000308FFFF010000000829002009000000B5
:105790000108FFFF00000000045703080A00020090
:1057A0000108FFFF050000000A0003000B000300D2
:1057B0000308FFFF01000000F42800200C00020095
:1057C0000108FFFF05000000020004000D000400B6
:1057D0000108FFFF00000000005703080E00000052
:1057E0000108FFFF00000000FC5603080F00020044
:1057F0000108FFFF05000000020005001000050081
:105800000108FFFF00000000EC5603081100020031
:105810000108FFFF0500000002000600120006005C
:105820000108FFFF01000000E4280020130002002F
:105830000108FFFF05000000020007001400070038
:105840000108FFFF01000000D82800201500020019
:105850000108FFFF05000000020008001600080014
:105860000108FFFF01000000CC2800201700020003
:105870000108FFFF050000000200090018000900F0
:105880000108FFFF01000000BC28002019000000F3
:105890000188FFFF00000000E85603081A0002001C
:1058A0000108FFFF050000000A0000801B000080C7
:1058B0000308FFFF01000000B42800201C000200C4
:1058C0000108FFFF050000000A0001801D000180A3
:1058D0000308FFFF01000000AC2800200C5703085C
:1058E0001D001D00AC5603080E000E00C85603082C
:1058F000020002000100FFFFFFFF0000342900202A
:10590000B50D0008DF35020899360208C7360208CF
:10591000C7350208BF530208D5530208DF530208F7
:1059200015540208D954020823540208815402086D
:10593000020000002C00000000020100C800B2FEBE
:10594000B400E8087F8DFBFF4E0002036349FFFFB0
:105950002C00AF01EFE5FFFF1B00FF00E61A00007F
:105960001100A700DA2800000A00620015280000D4
:1059700006003B00A821000003000B00A10E000060
:1059800006FF6CFFA1FFBCFFCDFFD8FFE0FFE6FFE5
:10599000EAFFEEFFF0FFF3FFF4FFF6FFF7FFF7FF7C
:1059A000000800B43C5903080100000F80590308A7
:1059B0000000000000000000193F01060410010073
:1059C0000001010600102700000C0000000000008C
:1059D00000000000193F010604100100000101064B
:1059E00000102700000A0000000000000000000076
:1059F00050C30000F22B0000EE020000EE02000097
:105A000050C3000076160000770100007701000007
:105A1000F5DA0200A41F00009001000090010000D0
:105A2000E5BF0000282300006B0300006B030000AB
:105A300050C30000E62D0000D0070000D007000092
:105A400002000000C017530206140000802FA604B5
:105A500005380000A00800000000580901040706EE
:105A6000100A01040707C80A00040807800B000495
:105A70000808380C000409086108000000008A08C2
:105A800000000000C709010404032C0B01040404F6
:105A9000920C01040504000003050000030200004D
:105AA00003040000030300000307000012000000CD
:105AB0002449920000000000B8590308F059030877
:105AC00000000000000000000024F40040420F002D
:105AD0000101F800C224500300000000405A0308EE
:105AE0000000000000000000000000002B420F003A
:105AF0000000000000000000000000001200000094
:105B00006666660000000000B8590308005A0308E2
:105B100000000000000000000048E80180841E0032
:105B20000101F800F147500200000000405A03084C
:105B30000000000000000000000000007C841E0047
:105B40000000000000000000000000001200000043
:105B50001CC7710000000000D4590308105A030844
:105B600000000000000000000051250240420F002C
:105B70000108F600F147100200000000405A030837
:105B80000000000000000000000000002A420F009A
:105B900000000000000000000000000012000000F3
:105BA0001CC7710000000000D4590308205A0308E4
:105BB00000000000000000000051250240420F00DC
:105BC0000102F600F147100200000000405A0308ED
:105BD0000000000000000000000000002A420F004A
:105BE00000000000000000000000000012000000A3
:105BF0001CC7710000000000D4590308305A030884
:105C000000000000000000000051250240420F008B
:105C10000108F600F147100200000000405A030896
:105C20000000000000000000000000002A420F00F9
:105C30000000000000000000000000000C40010017
:105C4000018101002040020000000000010000006E
:105C500030400300000000000000000000000000D1
:105C600040400200000000000040000060400100D1
:105C700001010000A840010007000000BC40040032
:105C80000000000000000000000000000000000014
:105C90000C410300FF4C0000FF4D0000FF4D0000D1
:105CA00020C0011000F8070020C00130F5022801D3
:105CB00024C00110FF00000024C0013000130000C8
:105CC00028C00800EC80B30343754051A00F00F8D2
:105CD00000400000A8AA070000000000000000002B
:105CE0000000000070C00900BA100000000420008D
:105CF000041880000B3C2001187C10022FFCE006E9
:105D00007F0000000000000000000000A8C00500A7
:105D1000BD4B721511A3180510325476980A000075
:105D200000000000CCC004000100000000000000E2
:105D300001000A0001002800080001010807000016
:105D400018000101AAAAAA00200001010060DA00DF
:105D50005C400201000000030000002078400401C4
:105D600029417671000000008C000C00000000004A
:105D7000C44004010000000000000000000000001A
:105D800000000000E040010100020000104102019B
:105D9000331E050000000000204106010000000045
:105DA000FF0483078813C83AFF06660CFF048307C5
:105DB0008813FF0358410101000000006441010104
:105DC0000C010000844105010101000000000000F9
:105DD000000000000000000000000000A4410201DB
:105DE0000000000000000000B041020100000000BF
:105DF00058923EC0BC4103010000000000003C007E
:105E0000699006002C420301601800400000000069
:105E1000000000003C420101000000004442020179
:105E20001400000000000000804202010000000099
:105E300081000000984205013F000002FFFF0000C2
:105E4000FFFF0000FF030000FFFF0000B44201015C
:105E50000000000030430A0140002001A0000000C3
:105E6000085000011F1F1F1F1F1F1F1B1815131194
:105E7000100E0D0C45C1872F00000000000000002F
:105E800010800101030000003C80010101000000BE
:105E90009C80010100000000B080020100030002AC
:105EA000370000019C000102000C0004D80003022E
:105EB000050040AA88010000C0000000F0000102B7
:105EC0002B0100001001011200FF0F001001013230
:105ED000020000315001011200C0010050010132E6
:105EE000C100A2007401010269F11B0C78010112CA
:105EF00000001C00780101321004E0CF8001011283
:105F000079070000800101320200000088010102CF
:105F100050000000FFFFFFFFFC4F0103AC5A0308D5
:105F200010400100014100003C4001000000000061
:105F300048400100A007000350400100000000009D
:105F40005C4001000000000008410100FF4C00001F
:105F500054C00700511130000E0009E62D0000006A
:105F60000405060708000000D1B6020064350000F1
:105F700040400701000050510000A0111000000037
:105F8000000000861FC0810000000020000000000B
:105F90006440050100000040B904F800400800001A
:105FA000020000009200040088400F01B7033B008C
:105FB000000000E0000000000002050D1C2F42530D
:105FC0006269686053402E1F110A08080808070616
:105FD00005040303020202010101010100000000A7
:105FE00000000000000000001C4101010060B18CB5
:105FF00038410701BC200AF0F6625200055B984068
:106000008E6E82941C784852893B4000C003008009
:106010005C410101FFDD000068410701E853FA001F
:106020000000004000000000000000000000000030
:106030000000000000000000D0410301000000AAA1
:10604000D000000004001200E04113010000000035
:10605000FFAB000A5CF10F00D341020095EDB100E7
:10606000197BD80F1208B904EA1B6D1FC9B7C20A01
:106070000B203B00430600005962F300727E96003D
:10608000A73D1900D022F13B000000A00000000055
:1060900038000000000000004C4201010800030429
:1060A000684201010100000038800101C224100093
:1060B000A080020170780300D0000000A8800111C8
:1060C000F0010000A88001310542CB01AC80011134
:1060D000F0010000AC800131053EFD00EC00011232
:1060E000E00F0000EC0001320C205151840101024C
:1060F00000100000FFFFFFFFFC4F0103FC5A0308E4
:1061000010400100014100003C400100000000007F
:1061100048400100A00700035040010000000000BB
:106120005C4001000000000008410100FF4C00003D
:1061300054C00700512130000E000DE62A00000077
:106140000405060708000000D1B602006005000043
:1061500040400701000050510000A0211000000045
:10616000000000861FC08100000000200000000029
:1061700064400501000000404902F00040080000B2
:10618000020000009200080088400F01DA032A0094
:10619000000000E0000000000102071121374B5A07
:1061A00067696254402915050000000001020304DC
:1061B00004040303030303020202020202010101B9
:1061C00000000000000000001C41010100B0B18C83
:1061D00038410701BC200AF0B6555200055B9840D3
:1061E0008E6E8294233C4852893B4000C00300805D
:1061F0005C410101FFDD000068410701E853FA003E
:10620000000000400000000000000000000000004E
:106210000000000000000000D04103010000AAAA15
:10622000D000000004001200E04113010000000053
:10623000FFAB000A5CF10F00D341020095EDB10005
:10624000197BD80F1208B904EA1B6D1FC9B7C20A1F
:106250000B203B00430600005962F300727E96005B
:10626000A73D1900D022F13B000000A00000000073
:1062700040000000000000004C420101080003043F
:10628000684201010100000038800101F14710005F
:10629000A080020170780300D5C00000A880011121
:1062A000F0010000A88001310542CB01AC80011152
:1062B000F0010000AC80013105228D00EC000112DC
:1062C000E00F0000EC0001320C20511184010102AA
:1062D00000000000FFFFFFFFFC4F01034C5B0308C1
:1062E00010400100004100003C400100100000008F
:1062F0004840010020070003504001000004000056
:106300005C4001000D0F00000841010003C00100C6
:1063100054C00700511130000E000DE62A000000A5
:10632000080B0C0D0D000000D1B602008005000026
:1063300040400701000020700000A0111000000084
:10634000300000461FC8810000200030008000009F
:106350006440050100000000B904F8004008000096
:106360001000000092000A0088400F01B7031200DD
:1063700000000060000000000002050D1C2F4253C9
:106380006269686053402E1F110A08080808070652
:1063900005040303020202010101010100000000E3
:1063A00000000000000000001C41010100302C8CA6
:1063B00038410701BC200AF049C0510001000040EB
:1063C000B75635120078085009084000C003008015
:1063D0005C41010100000000684107014CD4E83B2A
:1063E00004190D70080E141A20262C32383E103273
:1063F0005476980A1D6940B4D041030100000000A2
:10640000D000000000000200E04113010000000085
:10641000E2CFDD2C7EB63A00600919005122E2007D
:106420004CB9510E3982A904D8229B29E2CFDD2C28
:106430007EB63A00600919005122E2004CB9510EB3
:106440003982A904D8229B29000000000000000026
:10645000440000003C3C3C3C4C420101080000046C
:10646000684201010000000038800101F14710007E
:10647000A080020170380300D0000000A880011144
:10648000F0010000A8800131055AFD01AC80011126
:10649000F0010000AC800131053EFD00EC0001126E
:1064A000E00F0000EC0001320C20511184010102C8
:1064B00000000000FFFFFFFFFC4F01039C5B03088F
:1064C00010400100004100003C40010010000000AD
:1064D0004840010020170003504001000104000063
:1064E0005C4001000D0F00000841010003C00100E5
:1064F00054C00700511130000E000DE62A000000C4
:10650000080B0C0D0D000000D1B602008005000044
:1065100040400701000020700000A01110000000A2
:10652000300000461FC881000020003000800000BD
:106530006440050100000000B904F80040080000B4
:106540001000000092000A0088400F01B7031200FB
:1065500000000060000000000002050D1C2F4253E7
:106560006269686053402E1F110A08080808070670
:106570000504030302020201010101010000000001
:1065800000000000000000001C41010100302C8CC4
:1065900038410701BC200AF049C051000100004009
:1065A000B75635120078085009084000C003008033
:1065B0005C41010100000000684107014CD4E83B48
:1065C00004190D700A10161C22282E343A4010327D
:1065D0005476980A1D6980A4D04103010000000090
:1065E000D000000000000200E041130100000000A4
:1065F000E2CFDD2C7EB63A00600919005122E2009C
:106600004CB9510E3982A904D8229B29E2CFDD2C46
:106610007EB63A00600919005122E2004CB9510ED1
:106620003982A904D8229B29000000000000000044
:10663000440000003C3C3C3C4C420101080000048A
:10664000684201010000000038800101F14710009C
:10665000A080020170380300D0000000A880011162
:10666000F0010000A8800131055AFD01AC80011144
:10667000F0010000AC800131053EFD00EC0001128C
:10668000E00F0000EC0001320C20511184010102E6
:1066900000000000FFFFFFFFFC4F0103EC5B03085D
:1066A00010400100004100003C40010010000000CB
:1066B0004840010020070003504001000000000096
:1066C0005C4001000D0F000008410100FF4C00007C
:1066D00054C00700511130000E000DE62A000000E2
:1066E000080B0C0D0D000000D1B60200E004000004
:1066F00040400701000020700000A01110000000C1
:10670000000000461FC08100000000200080000043
:106710006440050100000000B904F80040080000D2
:10672000100000009100040088400F01B703120020
:1067300000000060000000000002050D1C2F425305
:106740006269686053402E1F110A0808080807068E
:10675000050403030202020101010101000000001F
:1067600000000000000000001C41010100302C8CE2
:1067700038410701BC200BF049C05100055BA04027
:106780008E6E82942182485209084000C00D00801C
:106790005C410101FFDD0000684107014CD4E83B8A
:1067A00004190D50080E141A20262C32383E1032CF
:1067B0005476980A1D0040B4D04103010000000047
:1067C000D000000004001200E0411301000000802E
:1067D000E2CFDD2C7EB63A00600919005122E200BA
:1067E0004CB9510E3982A904D8229B29E2CFDD2C65
:1067F0007EB63A00600919005122E2004CB9510EF0
:106800003982A904D8229B29000000000000000062
:10681000440000003C3C3C3C4C42010108000304A5
:10682000684201010000000038800101F1471000BA
:10683000A080020170380300D0000000A880011180
:10684000F0010000A8800131055AFD01AC80011162
:10685000F0010000AC800131053EFD00EC000112AA
:10686000E00F0000EC0001320C2051118401010204
:1068700000000000FFFFFFFF185F0308809C2B8FC4
:1068800080841E00000000002500FF7F7829002082
:1068900000000000985A030800000000185F030879
:1068A000809C2B8F80841E00000026002600B700ED
:1068B0007829002000000000985A0308000000001A
:1068C000185F0308809C2B8F80841E000000270027
:1068D00027008C007829002000000000985A030847
:1068E00000000000F8600308809C2B8F80841E004D
:1068F000000000002500FF7F782900200000000034
:106900009C5A030800000000F8600308809C2B8F4D
:1069100080841E00000026002600A00078290020A8
:10692000000000009C5A030800000000F860030803
:10693000809C2B8F80841E00000027002700FF7F93
:1069400078290020000000009C5A03080000000085
:10695000D8620308809C2B8F80841E0000000000FA
:106960002500FF7F8029002000000000A05A0308B6
:1069700000000000D8620308809C2B8F80841E00DA
:10698000000026002600B70080290020000000003B
:10699000A05A030800000000D8620308809C2B8FD7
:1069A00080841E000000270027008C008029002022
:1069B00000000000A05A030800000000B8640308AB
:1069C000809C2B8F80841E00000000002500FF7F2C
:1069D0008029002000000000A45A030800000000E5
:1069E000B8640308809C2B8F80841E000000260062
:1069F0002600B7008029002000000000A45A0308E8
:106A000000000000B8640308809C2B8F80841E0067
:106A10000000270027008C008029002000000000D3
:106A2000A45A03080000000098660308809C2B8F7E
:106A300080841E00000000002500FF7F80290020C8
:106A400000000000A85A0308000000009866030830
:106A5000809C2B8F80841E00000026002600B7003B
:106A60008029002000000000A85A03080000000050
:106A700098660308809C2B8F80841E0000002700EE
:106A800027008C008029002000000000A85A03087D
:106A9000000000003C5C0308000000007868030868
:106AA0000300000000000000C01753023C5C030814
:106AB00000000000E468030803000000000000007C
:106AC000C01753023C5C0308000000005069030833
:106AD0000300000000000000C01753023C5C0308E4
:106AE00000000000BC690308030000000000000073
:106AF000C01753023C5C030800000000286A03082A
:106B00000300000000000000C0175302946A03084D
:106B1000AC6A0308C46A0308DC6A0308F46A030861
:106B20000000000000000000002000000120000024
:106B3000FFFFFFFFFFFFFFFFFFFFFFFFFFFFFFFF65
:106B40004816002001000000040000201168000029
:106B500000000000FFFFFFFF00000000FFFFFFFF3D
:106B6000FFFFFFFFBCE6FAADA7179E84F3B9CAC2C8
:106B7000FC6325510B0000000C0000000300000026
:106B80000000202000000000020000003C3C3C000F
:106B900000000000000000000000000001031001E0
:106BA000010903001A0000001B0000001E00000085
:106BB00000C00A5013000000AC6B03080000000086
:106BC0004E0C00000000000000000000DC5803082C
:106BD00000000000000000000400000000000000B1
:106BE000E2FF5000F86E030800000000DC6E0308AE
:106BF00000000000206D030800000000A46E0308E0
:106C000000000000AC6E0308000000006C6E03087A
:106C1000606C0308646F0308706C0308206F03083E
:106C2000646C03083C6D03080000000000000000D5
:106C300000000000E46E0308446E0308C86E0308F9
:106C4000586E03087C6E0308906E0308506F0308AB
:106C50000C6F0308286D0308506D03080000000046
:106C6000010000000400FB0039AF00080000000034
:106C70000200000000000000505341004B45590045
:106C800000010102010202030102070B0B070116BA
:106C90000C00000108080000050108FFFF02FFFFCB
:106CA0000808020204FF010022FFFF23080F03036C
:106CB00004040A0AFFFF2AFFFF1419191B011C15FF
:106CC000120400480C1404131510801A80128080DE
:106CD0000001020404000000F4010000FA000000BA
:106CE00096000000640000004B000000320000002D
:106CF0001E000000140000000000000001010F0E43
:106D00000C080C080D18100050004000080050003E
:106D1000240004009001500240009001AE011000D8
:106D2000352C0108000000000900000000000000F0
:106D3000000000000000000000000000E1DA02088E
:106D400000000000A0030906A0060905A007090429
:106D50000A00000000000000000000000000000029
:106D600000000000A0010A05A0030A04A0080A030D
:106D7000A0070A02A0060A01A003090020050A02D2
:106D80000530010820020A0A353001086267617087
:106D9000695F62756666657273000100020000003B
:106DA00000000000030049725314497207FF0001FC
:106DB00002030405FF145300724907CDF66761749E
:106DC0007420636F6E6E656374696F6E00000000FF
:106DD000FB349B5F8000008000100000000000007A
:106DE0006B00030899E00208CB290308BF280308B9
:106DF00001020C00000004000000080041550108D9
:106E0000C1540108CDEC0108210503089B050308C6
:106E100095050308A9F00108212A03084D05030878
:106E20009705030899050308310503089105030830
:106E3000330503084F050308454F0108D304030831
:106E4000995001080200000000000000000000004E
:106E5000000000000000000004000000000000002E
:106E6000000000000000000000000000F70403081C
:106E700000000000A0090402A00104015600000067
:106E80000000000000000000000000000000000002
:106E900005000000000000000000000000000000ED
:106EA000000000002D550108000000002305030824
:106EB00000000000A0130500A0070A00A0040903B9
:106EC000A0050902A00609010F0000000000000053
:106ED0000000000000000000000000002905030879
:106EE00000000000010000000000000000000000A1
:106EF0000000000000000000ED5701080000000045
:106F0000A0010107A000010402040800060000001F
:106F10000000000000000000F5580108BD580108FD
:106F20002559010800000000A0030601A009060978
:106F3000A0020608A0050607A0050606A00706058C
:106F4000A0020604A0010610A0080602A00D06007B
:106F500043000000000000000000000000000000EE
:106F600000000000D15B010800000000A0064306FD
:106F7000A0054305A0054304A0044303A00D43025C
:106F8000A00D4301000004020503060107010108EA
:106F9000090A0000A0015C02A0035C01A0025C00E1
:106FA000A0020F09A0030F04A0030F03A0050F0206
:106FB000A0010F01A0050F00A0040108A003010615
:106FC000A012010001010204200204054554010839
:106FD000200C040319540108200004016D54010819
:106FE000200256021155010820025601E5540108FD
:106FF000200106056D5B010820000205A55301086C
:1070000020054304655D010820044303915D0108E8
:10701000200B4302255D0108424C455F5354414318
:107020004B00000099680108E168010881680108C7
:10703000ED680108D5680108EF0903082B0A030869
:10704000510A0308730A0308950A0308197D010809
:10705000C97C0108D57C0108C57D0108B30C030873
:10706000B7060308BB060308C7060308BF060308E4
:10707000C306030800000000B0010000780B0020E8
:1070800010000000280D00200080FF7F000000801D
:10709000FF7F0C0204FF000002000080FF7F000061
:1070A0000080FF7F0C020000A0000000697401084E
:1070B00050000000E1730108000000010000010120
:1070C000000101012D77010811770108B1B0010815
:1070D00041B3010871B2010801010203000400017B
:1070E0000203030303040404040505000000000177
:1070F0000101010202020203030303030404040466
:10710000040000000101010107070808030303054B
:10711000040404050505060606070707080302021E
:107120000404040304050506060606070707020211
:10713000020303030304040404050505050506060C
:10714000060601020202020303030303040404040B
:1071500004050505050606060C0C0C0C0B0B0B0BA9
:107160000B0B0B0B0B0B0B0B0B0B0B0B0B0B0C0C6D
:107170000C0C0C0C0C0C0C0C0B0B0B0B0B0B0B0B57
:1071800002010101010000050505050404040403D2
:1071900003030302020202010101010105050505C5
:1071A0000404040403030303070708080808090983
:1071B000090A0A050505060606070707080808085C
:1071C000090909090505050606060607070708084F
:1071D000C7BFBEBEBEB5B5B4B4ABABDCDCDBDBD287
:1071E000D2D1D1C8C8C8C7BFBEBEBEBDB5B5B4B484
:1071F000B4DCDBDBD2D2D2D11B1B16162E2D2D2AEE
:1072000029292925242420201F1B1B1B162E2D2D48
:107210002A2A29292524242020201F1B1B1B2D2D31
:10722000BEB5B5B4B4ABABABAAA2A1A1A1A09999CC
:107230009898C7BFBEBEBDB5B5B4B4B4ABABABAA2E
:10724000AAA2A1A1A1999999000000000303030338
:10725000030202020202020203030202020201010D
:107260000101010100000000030303030302020205
:10727000D3CACAC9C9C0C0F2F2F1F1E8E8E7E7DE53
:10728000DEDDDDD4D4D3D3CACAC9C9C9F2F2F1F163
:10729000E8E8E7E7DEDEDDDD22221D1D1D1D1818F2
:1072A0001813132C2C2C2727272222221D1D1D1DCD
:1072B000181818182C2C2C272727272222221D1DAE
:1072C000C8C8C8C8C8C8C8C8C8C8C8C800A801A80D
:1072D00002A8000000B801B802B800B00304040816
:1072E0000805000000000000000000000000000091
:1072F00000000000040008007C0031003B001B007F
:107300003437000094030000C83A00001800000061
:107310002C3E0000040000003C320000F804000095
:10732000E03A000004000000283E000003000000D6
:10733000000000003C320000E43A000001000000C0
:10734000303E0000370000007D3700009937000014
:10735000613800004D39000067390000CD39000068
:107360003D320000010000000006800F7047944984
:1073700009684143880B7047924800680104C80FB0
:10738000704730B5002090490A680023FA24A40110
:10739000521C6568AA4200D322681578AD06AD0E6E
:1073A0009D40054328009B1D1E2BF1D30A6030BD74
:1073B00084480168090408D584490A68824B1A6028
:1073C0004A68C261886882490860704780B5FDF7E5
:1073D00061F801207F4908707F480068022808D2C0
:1073E0007E480068F02109050140C02080048142E8
:1073F000F2D07B480068C01C7A4901437A4801609A
:1074000001BD7A48784908600020794908608021E8
:107410008902784A1160784908606E49087070479F
:10742000F3B583B01700C006000E00901038912805
:107430002ED2FFF7A1FF00282AD000256F4C01268D
:107440000398FFF791FF002802D0022803D003E041
:107450002068304000D001250197049F944E0C20F5
:10746000205E38180E21615E4018FFF780FF0199F9
:107470004018306000983818FFF779FF01994018DC
:107480007060C02080018B49086028038A49086029
:1074900005B0F0BDF8B5894C554A042502214F4B83
:1074A000A068284204D0107D8006C50F6D0024E03E
:1074B000084024D01069042807D21868F026360541
:1074C0000640C02080048642F4D0107D0007000FE3
:1074D000072814D1507D022811DD907D8006800E92
:1074E00002280CDBD07D0090284208D0C00700D5D0
:1074F0000A250098084200D0AD1D002D04D1FFF7E9
:1075000080FF00202061F1BD681C1669864207D209
:107510001F68F02636053E40C027BF04BE42F4D0A7
:107520006748405D2061C300F8251D4001D04B062F
:107530001360644B1E68012E00D16D0055602268F7
:10754000002A1CD1284A15682026A65F3603AD05FF
:10755000AD0D35431560284A0125156091608109FC
:1075600009D11968002901D1182100E01A21625EB1
:107570000021FFF755FF207A000700D42560F1BDF8
:1075800014480078002800D1704780B5FFF739FF14
:1075900047484D490160416001BD06204B490860E4
:1075A00000204B490860F02000014A490860802013
:1075B0004000494908603E484349016041607047C6
:1075C000A83E0000C04101A82C3E0000883E0000FB
:1075D0005C4201A8663E0000D44000A80C0002A84E
:1075E000204000A800F0FF3FB84101A8FFF3FF3F93
:1075F000C44000A8106001A8044003A8A43E0000F5
:1076000070B50400A00316D52E480068002803D1E9
:107610001620FEF75CFA02E00C20FEF70DFB2F4867
:10762000806E0007C10F2E48017008202D490860A8
:10763000C0032D4908602D4D286800040CD5FCF7C7
:1076400029FF0600FFF79DFEE861FFF79AFE284933
:1076500008603000FCF727FFA00727D58020C00274
:1076600021490860FCF739FF00281FD0214A106823
:10767000C0B2002802D006211F4B1960810915D025
:1076800016490B68012BFBD949680905090D091D2D
:10769000C9000C4B1B68012B00D14908002B01D1FC
:1076A000182300E01A23D25EFFF7BAFE70BD000077
:1076B000C84101A8C06101A8C05101A89C3E0000BA
:1076C000D84000A86C3F0000FFFF0300006401A841
:1076D000504000A80C6000A80C5000A81C4000A856
:1076E000E43A0000846000A8106001A8C04101A82D
:1076F0005C4201A8A03E0000005401A870B5082219
:10770000814B1A60FB239B011B68DC0302D5002020
:10771000088070BD0C880019401E00787B4DA87051
:10772000641C0C8045076D0F052D05D8784E366812
:10773000F60603D5022D0DD0032070BD9604AE4091
:107740001E4001D1082070BD052D03D1104201D18A
:10775000641E0C80A9484860002070BDF3B582B05B
:1077600008886C490978491CC9B2814204D202993F
:107770000918491E097800E00021644A5170937885
:107780005B075B0F01933023019C052C28D1194224
:1077900033D19478E5081E242C40CD0702D525006E
:1077A00001242C430125A14EE6402E4073D0019FB9
:1077B0009F4EE641402426403E434C0602D534000D
:1077C00020262643947889080D40A7080C213940CB
:1077D0002943C02525400D4320212943967051702F
:1077E000FB2189010C685578022123262E4008D000
:1077F000660302D52B40202B01D0052082E0424BAE
:10780000196093789B0601D4202203E09278120736
:1078100002D540223C4B1A603C4A92786B461A7063
:10782000C022844B1E680E4001D1154212D06E4614
:10783000377827263E40232E03D1E60207D40126BF
:1078400006E0252E03D0212E04D1260302D50426DE
:107850002D4F3E601B6819402026019F002F1CD130
:107860001E4027D0294B5B781A40402A13D00C22A7
:107870001A40042A0FD02A073BD40122002902D043
:10788000E100CB0F5A4069460978CB07DB0F1A425B
:107890002FD021012AD4072034E0022FE2D11E404C
:1078A00008D00029DED1CC232B4003D16B461B78B6
:1078B0005B0601D5032025E0A30311D59C4E736917
:1078C0001B051B0D5B1C3668F60205D5994E366804
:1078D0003607B60F9B1B5B1E9BB2052B04D1C1E77D
:1078E000029B1B78052BBDD006200BE08021064AA9
:1078F0001160E90702D4401C03990880AB48039942
:107900004860002004B0F0BD4C1002A8283E0000E2
:10791000480002A8443E0000F2B587494978CA07EA
:1079200005D4009A12888018401E037800E00023D6
:10793000FB229201106802249D4D2E68F60611D597
:1079400012695340DBB2002B03D16E68D309734038
:107950002340002B03D0020204D40A20F2BDE20629
:10796000944E3260744A1E02C0230B403343914E42
:10797000336093785E07760F022E06D16D682C4037
:1079800003D1002000990880F2BDA0250D409E087B
:10799000102737402F433D090E0702D42E00102533
:1079A0003543CC240C401A262E400A2E04D1CC2C70
:1079B00002D02E00FD2535407F4EEE40F60705D45F
:1079C000000416D5412B10D1082912D17B48E8407C
:1079D0001121014021432020084310700D21014056
:1079E000009808D000F0AAF8F2BD0B2B01D10029B5
:1079F000ECD00720F2BD00F01FF8F2BD9D32000070
:107A000038B50C006E490B781A095339950049199D
:107A100025881B071B0FEB1A9A1A8018FEF7A9FD81
:107A2000010002D1200000F007F832BDF300A3E30B
:107A3000981440684C0002A8F8B504006148056835
:107A40003D4F3878D026304202D00D21014005D07C
:107A500008205D490860EF20FEF748FD39782000D6
:107A6000314204D00909397000F068F8F2BD0521EF
:107A7000294020D00288FB218901CA60534BEC07C2
:107A800005D5521C0280690607D4514B05E04324FA
:107A90002C40422C03D1521C028043600DE0102286
:107AA000494B1A604B4A09688B00DB0F19011163BF
:107AB000802109031160002101800020F2BD0A88A5
:107AC0008018401E0078830601D4121D0A801822F7
:107AD000024004D0088852088018C01E0880394827
:107AE0000068C00702D50888401C088038484860F4
:107AF00000207047334A1368DB0708D512689207E5
:107B000005D40A888018401E007804280DD1102062
:107B10002D4A10602F48FB22920112689300DB0F60
:107B20001A0102638022120302600020088070475D
:107B30000C4000A8080001A8283E000031B581B023
:107B40002549002000900822244B1D7802230C2494
:107B5000254202D10022224903E02C40082C00D10A
:107B60000222EC0703D50C001E21614000931D4248
:107B700007D014490968090601D51A4901E0002116
:107B8000C943019B184C21601849FF248C70009C4C
:107B900015012543CD700870188800994018801889
:107BA000188013485860002036BD0000593400008A
:107BB000480002A8481002A80D0F0C0D0717085026
:107BC0004B3F00004C0002A84C2002A8FF350000EB
:107BD000353600001C1002A8DE1B2501283E0000DF
:107BE0002084100000FCFF01F43E0000483F00002C
:107BF00041350000283E000009320000213200001B
:107C00002132000021320000213200002132000028
:107C10000000000000000000000000000000000064
:107C200021320000213200002132000075290000BD
:107C300021320000B12A0000C12A0000F12B00000F
:107C4000532C0000DF2C0000752E0000112D0000C9
:107C5000212F0000692D0000BD2D0000312E0000F5
:107C60007530000051310000832A00009D2600007D
:107C70004522000021320000592700002132000077
:107C80005128000019280000213200002132000094
:107C9000952800002132000021320000213200002E
:107CA000213200002132000021320000FD110000CD
:107CB000ED11000090488068000200D4704780B544
:107CC00080208002AB490860CF2000F063FA01BD3C
:107CD000F8B58A4800688A4C802292032260FB260D
:107CE000B601316809051DD5110BA023034001D051
:107CF000216017E002403FD18027824A1760824A04
:107D00001760084038D07C4D287A400705D50120FF
:107D10007E49086000027E4908602878002801D06A
:107D2000062801DB0020F2BD00F094FB7168896831
:107D30004E682978052907D1B905A1606E60B6683B
:107D4000CC218901724A116000F08DFB012E00DA0E
:107D50000226BC2080058849086094208005874958
:107D6000086068480021C943016471424164844944
:107D70000F6040210160D5E782480160FFF79AFF5C
:107D80000120F2BD5D480168890504D5C06E00047C
:107D9000000F022801D0002070470120704738B53D
:107DA00080245848046000F055FB050076480068C0
:107DB00000F072F9280000F056FBFFF77BFF4E48F9
:107DC000007A000705D5A0004D49086000F064FC6A
:107DD00031BD60036B490860AE48046031BDFEB53B
:107DE0000500CC208001694948600126684806608A
:107DF000FFF7C8FF00287DD03F4C2078002879D0BD
:107E000031020195052802D02A460A4072D1CC27BA
:107E1000BF015E4A1760914A126881231B0213401A
:107E200001D0032301E053075B0F022805D1022B89
:107E30005ED3080136490860F7BD4D01032804D11F
:107E4000022B55D932480560F7BD042802D11140F4
:107E50004ED0F7BD05284BD10198002848D0C00569
:107E6000C10F684641700198C004C10F6846017097
:107E700000F0F0FA0290606869464978002903D062
:107E800006688021204A11602C048A496A461278CB
:107E9000002A0CD0C2680B68D21A874B1B6823409B
:107EA00001D0066800E04668964200DD160068468C
:107EB00040786A461278024308D008684242B01EF1
:107EC000824202DA7042886000E00026029800F0E8
:107ED000CAFA0198800501D57848046001980540E8
:107EE00001D09D480460002E02D009480760F7BD0C
:107EF000FFF755FFF7BD0000303E0000440002A828
:107F0000442002A80CC001A890E001A8C4D000A899
:107F1000145001A838B580249048046001201C4901
:107F200008608F4D2878052802D060008D490860D0
:107F3000FFF728FF002812D013480068000A8021AC
:107F40004140A868000EC9B2814208D24348006887
:107F50004007400F022802D2FFF721FF31BD8248BF
:107F60000168C0220A4002D1C06F204001D00448FD
:107F7000046031BD1C1002A808E001A808D001A8C7
:107F800094D001A8441002A818C000A8106001A84D
:107F9000C4E000A8F1B582B00F00A020384003D0A3
:107FA00080208000724956E000F054FA01906F483A
:107FB0000468F80202D5A0680069029000F0D5FBC1
:107FC00080210903606800F097F926780020761C6C
:107FD0006178B14200D200261821714365180C3532
:107FE00029780829F3DA2670A56029785C4A11708F
:107FF000B9050FD500F02EFA5C4909688968C9688F
:10800000009100F030FAF80203D40098032188436D
:1080100000900098524988600127384003D100F051
:10802000A9FC01F0B3F8F904686900F065F93C2097
:1080300000F0B0F8F0B200F0ADF860884D490140B2
:108040006180019800F00FFA3805494908604A48F4
:1080500007603802494908600298FEBD184001A82F
:1080600010B547480068800501D4FE2010BDC0202F
:1080700080034449086000F0EDF93C4909688A78BA
:10808000D20702D589688C7800E00C7800F0EBF913
:10809000200010BD100002A8344909688A688B7856
:1080A000DB0704D5927818235A438A180C32906063
:1080B0007047000048C001A84C0002A84C1002A85C
:1080C000F1B582B0304804680027200F000702D1C4
:1080D000E001029031E001262C480068304001D1D7
:1080E00001F054F800F0B6F90190F104606800F076
:1080F00003F925786D1C6078A84200D20025E800BD
:1081000020180C30009000680290F104009840683C
:1081100000F0F2F83D2000F03DF8E8B200F03AF847
:1081200025700098A060019800F09DF9174800683C
:10813000064002D102A801F07FF8154800688004CB
:1081400008D51148C06901F008FD0299081802908D
:1081500000D502970298FEBD4C2002A894E001A829
:10816000303E0000146001A814C001A8C43E000005
:10817000442002A8FEFF0000C0E000A8106001A893
:10818000440002A8441002A8C83E0000784000A89D
:10819000FC0302A84C490968002901D54B49086035
:1081A0007047F3B581B00100494FB868494C4200AF
:1081B0005BD50125000100D52125474A1068566886
:1081C000226893069B0E802252001A43009280225E
:1081D000FD2333400D2B09D1FB239B011B6813406A
:1081E00004D03E4B1B681B2B00D31643009B9C46C0
:1081F0003B689B001A4063461A4300920A0023D052
:10820000890601D5012008E0F021014007D1694627
:10821000097A0C220A4002D0022000F03FF83049CF
:10822000096809040AD53968090701D5022605E05D
:108230003968490301D5002600E003264835009A35
:1082400028490968890003E0009A2649896B0909D1
:108250004023194011439A00002E02D0164326668F
:1082600008352166024322662566E06D4407640FE7
:1082700000F0DAF8A0070BD0052C09D0B86800048C
:1082800006D400F0E7F80221174A116000F0EBF87D
:1082900000F0D3F8002000F001F8F7BD0E490A689D
:1082A000F0239A43000110430860C0B27047802059
:1082B000C0020E490968890701D10D4900E00D4946
:1082C0000860704700000000500002A8884000A825
:1082D000480002A8284000A8683F0000448001A888
:1082E000684101A8184001A814D50350844000A893
:1082F000486000A8485000A880B56F4A116001F09E
:1083000057FCFFF7D4FF01BDFEB5FB25AD01287872
:10831000000604D5287F002801D0182400E0462458
:1083200000F098F802906548C0684005C20DD52A53
:1083300001D2D52204E0D1204000824200D90200BF
:10834000100001005E4B01932B6B5B011DD55D4B53
:1083500000931D1D5C4E367806277E43AA530025E8
:10836000019B1B7CEB40DB070CD5009B06266E4374
:108370009B199B888FB2BB4200D2190086B29E42E5
:1083800000D218006D1C022DEAD389B20919090424
:108390004E4B0B40001BC005C00D184347490860F9
:1083A000C02000064A4908604548017D00290CD0DC
:1083B0004849D52A02D98023DB050B60D1235B0015
:1083C0009A4202D280231B060B600021424B1960A7
:1083D0004188002900D10280029800F044F800F0A2
:1083E00055FDF7BD80B53D483D4908603D48C16831
:1083F0000902090A19225143416005210160FFF772
:1084000083FF01BD80B5FB2080010178090604D5FA
:10841000007F002801D0FFF777FF32480068C003D3
:1084200001D5FFF771FF01BD8020C002224908601D
:108430002D4800684007FBD470478020C0022B49BC
:108440000860704701E02A4908602A49096801402C
:10845000F9D17047284800682021284A116010216E
:10846000274A116070473021014002D11020234972
:10847000086070472048006830210140102901D170
:1084800001207047002070471E4801210160C16033
:10849000704701201C49086070471C48007806217D
:1084A000014007D01A480068022803D0032801D0F1
:1084B0000120704700207047441002A87C40005003
:1084C000743F0000543E0000503E00000000FF01D9
:1084D000A0600050A450005018E000E07F1A060190
:1084E000540002A810E000E0440002A8442002A8C2
:1084F000282002A8280002A8600002A8602002A884
:10850000601002A8789001A884A001A8A43E0000F1
:108510006C3F0000FEB5624880214902C161022122
:10852000604A51600021604AD162604A1180032193
:108530005C4A1160022101605D4CA068C005C10F5A
:10854000684601700127002918D057480068F021BB
:10855000090501409020000581420FD0554802686E
:10856000022055493A4002D0544802220A60086469
:10857000012001F041FB3802514908602020514997
:108580000860802050490860CC2080014F49086075
:108590004F48076024680F26200B304001904D485B
:1085A0000068C505ED0D103DC0202843C0B2FFF79F
:1085B000F1FD6846007800280BD00198092808D002
:1085C000FFF76BFF002802D043480068804701F0A6
:1085D00045F92640009641480468032E04D0022E37
:1085E00007D10198032838D000F042FA00980328F8
:1085F00004D00198062830D1062D2ED038480068C6
:10860000C00B384001D001F017FC3648006800016B
:1086100008D5052D06D10125334807606805FFF709
:1086200011FF00E000252100019800F05BFA040032
:108630002E4E002D05D000F0E1FB376002202C49C2
:1086400008607805706580092A490860FFF725FFF2
:10865000002802D028480068804712483904016287
:108660000199002908D10221416000200E49C86308
:10867000C020C000154948642000FEBD80B5FFF74A
:10868000D3FEFB2080010078800602D402201B4923
:108690000860FFF7D2FE01BD02201949086070474B
:1086A0002C1002A8282002A80C0002A8603E00009E
:1086B000B00002A8FC0302A82C1102A8023000009E
:1086C000B82002A894E001A80CC001A8146001A879
:1086D000C4E000A804ED00E0D83A0000B44000A8CF
:1086E00000E200E0F03E0000645000A8646000A8D2
:1086F0002C4000A880E200E0D43A0000081002A854
:10870000082002A8F8B5594804680427584DBE014E
:10871000A0070FD5574A0120E021C90093680B40FC
:1087200002D02E602F6128611268114002D02E60A5
:10873000AF60A860FFF78EFE210506D52E602F6181
:10874000B3490D220A600F220A60FFF78CFEF1BDCB
:1087500080B5FFF77FFE844901228A600A6000210C
:10876000C14A1160FFF77FFE01BD10B501207F49AE
:108770008A680240FCD1BD4A042313610C6804409E
:10878000FCD193600002106010BD79490868012295
:10879000104200D1704710B5E023DB000340FF24F6
:1087A000A41CA34204D3B44B1B689B0600D54868A5
:1087B000024001D000F01CF910BDF8B504008A4D4C
:1087C00028683F2188438949097801432960FFF7D8
:1087D000DCFFC820A86206208E4908608020400384
:1087E0008D49086080098D49086020688C4DAF680C
:1087F000874200D30700C01B20600121200000F049
:10880000C7FB06002068C0192060FFF77BFF854882
:1088100000682860002E11D1834810214162082190
:10882000824A12680A4001D0016000E04160934929
:108830000968490002D58021490141623000F2BD3A
:10884000FB208001017809060DD5007F00280AD0A1
:1088500089484168C90606D40068A0210140481E25
:108860008041C00F7047002070470000500002A8F0
:10887000881102A8900102A880B5FFF7E1FF002847
:1088800003D00021042001F071FB01BDF1B57C484B
:108890007C49C860EE20C00408607B487B490860C2
:1088A000FFF7CEFF002803D00021042001F05EFB7B
:1088B000774C8020C0012060082776488765012515
:1088C000704845641D2073498862734E9B204000A8
:1088D000B061072001F090F902206E498862534987
:1088E0000A68D20603D56B496C4A0A6008E00F2279
:1088F0000968394002D03100103101E031001431F3
:108900000A6067490968002900D4B761E3210901B9
:108910003160C021C900634A1268F823DB011340AB
:1089200001D1F16201E0574A9165216C294008D0DC
:10893000616BC90705D45C490968084001D101F0A1
:1089400033FB0020C04359490860606B054001D1EA
:10895000FFF7D8FE009801F03DF9606B8001FCD470
:10896000606A53490860F1BD902102A8940102A8F1
:10897000783F000010B5FB2080010178090606D57C
:10898000007F002803D00021052001F0EFFA1648EF
:1089900001683F229143474A12780A4302603C4CE7
:1089A000606BC00701D4FFF7D3FE43499720400016
:1089B0000860102008604148E22212018266404AA5
:1089C000CA6100213F4A11600F210822174B1B6822
:1089D000134001D0816700E0C16703210160026399
:1089E0001003206010BD00002C8001A8623E000032
:1089F000F0210901344A116001403448016020200F
:108A000033490860334909680840BA49086070472B
:108A100000100C500C9001A8982002A8A41002A8E5
:108A2000A03F0000340002A8601102A8FC0302A8C5
:108A300029482A4982680A4002D1C268114001D0FF
:108A40001149016014480821AB4A13680B4000D05B
:108A500081611178C90602D58C21090101601420B9
:108A6000A6490860CBE1000000000C50882102A854
:108A70000548064908607047440002A8EC0002A8B7
:108A8000000FFF00242102A801200000706201A84D
:108A9000100002A8C01002A8501102A8BD030000D7
:108AA00028C000A8A88001A8383E0000B46000A833
:108AB0009C3F0000633E0000682102A8E82002A855
:108AC00010100000C00002A8586001A8585001A86A
:108AD000482002A8184001A8704201A80080008028
:108AE00070470000F8B586B005000C0084480068A7
:108AF000400102D52000402404438248C66AFFF7A3
:108B0000A9FC0590B00503D57F480068FFF7C4FABB
:108B10000020019001237006C00F02907B4A9168EB
:108B200000209060B8204000794E30606608B82080
:108B300030401278F0261640402E02D1020040202C
:108B400010430D2D02D10A00042111434A0704D518
:108B500002001420104310229443A44A12686D4668
:108B60002B70D20506D5802252009C4B1A60020061
:108B700001201043029A002A11D10C220240082A37
:108B80000DD002005F4B9B6BDD0601D41025AA437C
:108B90009B0601D420239A43B12313404FD06A4649
:108BA0001278002A4ED0994A956B966D01236D0775
:108BB0006D0FAD1DAB40F504ED0C5B1B9BB2082B9C
:108BC00009D2802006234F4D2B604302904D2B602D
:108BD00000236D462B708123034036D00823029D6D
:108BE000002D00D113620D000821294310239C435E
:108BF00004231D05874E3560DD04874E35606D46C4
:108C00002D78002D1ED0062B25D33D4DEE6CF6069B
:108C100021D5824E3668360E01966D69ADB27F4E13
:108C2000F66B360603D02E0080256D0135431561A5
:108C30002D1215616D4A1268D50592D40BE00822F9
:108C4000724B1A620491009032E000BF87A3450680
:108C5000ED0E5B5DD3E7049100902A48026B6F49EB
:108C600009686A4D2E686F463E81282616401E43CD
:108C7000930CDB0133431600120E324010263240B3
:108C80001A43890040231940114302AA9170406B96
:108C9000000A02A9C870FFF7E3F902A90871019858
:108CA00048715F480068C8800298E8660398E866E3
:108CB0000598FFF7D8FB0825600601D55548856063
:108CC000FFF7EBFB002805D056480078002801D0BC
:108CD000554805600498C1B20098C0B2FFF761FA28
:108CE000200007B0F0BD081A03D2504909684018A7
:108CF000401C7047481002A8F84F0000703F000069
:108D0000084000A8180002A81CC000A8683F000086
:108D1000B46000A8F8B5464E0F2401254549102738
:108D2000B06B38401BD001200870434800684349AD
:108D30000968FFF7D8FF42490968401801284BDB52
:108D400001F0DAF93F490968090B0C40022C41D1C6
:108D500069053D4A11603D490F6435603AE0306C69
:108D6000C0001ED53A480068E0218905014033D093
:108D7000344D286821030140780281422CD1FFF74D
:108D800069FB344A34490968C90502D53349096881
:108D900011602968090B21400229F3D0FFF763FB1A
:108DA000F1BD2F4E3068002816D00D7000F012FF74
:108DB000002811D101F0A0F922490968090B0C40E3
:108DC000022C07D12904204A116002211F4A116098
:108DD0000021316001F094F9F1BD00001C2100AACE
:108DE000802080041F490860704700001C0100AA11
:108DF000802040041B4908607047000000BF1A48EB
:108E00000168490701D0FF2141617047540000AA61
:108E1000141100AA441002A84C5001A8184001A83F
:108E2000448001A8E43A0000845000A838C001A89A
:108E3000100002A8653E00001CC101A820C001A8C6
:108E4000E03E0000B00002A81C1002A8082002A802
:108E50004C4001A8800000AA084000A8904000A84B
:108E60003C3E00003C2002A80C4000A8030107067D
:108E700003010706050106060501060603020706AB
:108E80000302070605020606050206063E480068BC
:108E9000000219D53D480168C902490F0BA2008A9A
:108EA000CA384009105C081840B2082801DB401F8E
:108EB00002E0002800D5401DAF490A68AF4B1340BF
:108EC000000680111843086070470000020100008E
:108ED000FFFEFD00FF2807D0032805D2BF4909780F
:108EE000C140C807C00F704700207047F0B5802010
:108EF00000020821A24A11600A230121A14A01248B
:108F00009C400443C6A5ED5C25439560F0259E4E2C
:108F100035609B4DC5A6F65C022737432F600426BB
:108F20002E60AF4D2D680D4006D1CD026D1E03D0D1
:108F3000966C3603FAD401E00220F0BD956CD66C35
:108F40006D036D0BAE4200D220005B1ED7D5082307
:108F50008D4C23609060A34B1B685B0112D5A24C23
:108F600063785D1C01262E4066701D000626754341
:108F700065191268AA80E8802370984802789940A1
:108F8000114301700020F0BD500002A8643F0000B2
:108F9000F1B582B0FFF7DCFBFB208001006B4001E4
:108FA00001D401241DE09148826B00208E49C3B298
:108FB00006246343CB189B8894B2A34204D0401C80
:108FC000C3B2022BF3D3FF2008700124FB208001E1
:108FD000006B400105D50878FFF77CFF002800D022
:108FE0000024FB208001007800060AD5FB208001C8
:108FF000007F002805D0FB208001407F002800D1A1
:1090000001247B4DE86901905B480068E861794E76
:1090100002980068316D4718012F16DB00F051FDF2
:109020003060C001381A01280FDBFFF79EFB00F00B
:10903000ADF802980068316D401800F0CBFD0028B3
:1090400003D00021029A116010E06B4FC020C000D5
:1090500038602868072832D005210840052808D044
:1090600029600C2000F0C8FD002802D00199E961B8
:10907000FEBD624EFF207A3070620420B062FFF7BE
:1090800074FB02203060E020C0045D49486080200D
:109090008004786002203860012000F0ADFD80205F
:1090A00080007062022000F0A7FD8020C000706286
:1090B0000820B062022000F09FFD0220B062514EF5
:1090C000E02040003060042000F096FD07003FD112
:1090D00002204B4908608002B062C001B0621020DB
:1090E000424908600120F0654748006840061CD4EA
:1090F000FB208001006B400113D53B480078694696
:10910000087068460078FFF7E5FE002809D0364869
:1091100069460978062251434018C08833490864DB
:1091200003E0FFF7E3FE070012D1304801210160A0
:109130000021C167022000F05FFD344E4020306006
:10914000C0303060022000F057FD8120C002B062C4
:10915000002C05D02C480068800101D4FFF752F99B
:10916000E869E021490301400198044A02400A43AA
:10917000EA613800FEBD0000F80302A8FFFFE3FF2C
:10918000889001A8448001A888A001A838B5FFF7FD
:10919000DFFAFFF7EAFA0224144804601C4D0820A5
:1091A000A862C0016862012000F026FD200268620A
:1091B0002C600620A86217486862E020400013492E
:1091C00008600F4804600021094A1160C021C900ED
:1091D0000160114800681149086031BD843F0000FA
:1091E000140002A8F03E0000503E00000C8001A8D0
:1091F0005C0102A88C3F0000981002A85C1102A834
:10920000982002A82C9001A8500002A82CA001A828
:109210005C2102A8F9610000340002A8943F00001C
:1092200000000001010204081020200050505040AE
:10923000404040302020200070B50600FFF795FA2E
:10924000C020C00020490968F822D2010A4001D19B
:109250001E4900E01E4908601E48AC214900816497
:109260000A2101601C488021490301608909C1600D
:109270001A4C6069AF21C90145183068854200D396
:109280000500401B306000213000FFF781FE31688F
:109290004919316012490968216070BD80200001C0
:1092A00010490860000110490860704710B50400BB
:1092B000FFF7D0F80D490A680D4B13401C430C60B2
:1092C000FFF7D1F810BD0000AC8001A87C1102A806
:1092D0007C2102A80C8001A8981002A8903F0000F1
:1092E000340002A8441002A8685000A83040005A78
:1092F000FFF8FFFFF1B582B0E020C000FFF7D6FF16
:10930000BF4800680190BF48806BAF21C901401879
:109310000299884205D2081A00F05CFC002800D0AF
:10932000FDE1B94C6068C00700D5F8E10420CA49E6
:10933000C8628003C9498862FB20800100680090F0
:10934000A06B8507AD0F032D03D01020C249C86262
:1093500024E00846802189028162E26B920601D5F1
:1093600001204FE0009A120610D5E36B0222134051
:109370000CD1C94B05261E60E66B10273E403243D8
:109380001A6000221A60A26B120A1A600422C262DA
:10939000E06B002802D5B04881620025A06B400731
:1093A00005D5A06BC00080214900084003E0954826
:1093B0000069C10701D5FFF71BFB0098C00708D55E
:1093C000B648A9014018006AC004C00C401EB44948
:1093D0000860B4480168090404D5806FC10F0120FA
:1093E000484000E00020CE49C02292000A602B02D3
:1093F000002801D0100000E01800CA4D28604A6023
:109400006B600020216C942292050A40170000D066
:109410000127802636013501384300062DD0FB2078
:1094200080013021405CC0210140402902D1FFF77A
:1094300025F901E0FFF730F9202020603F061BD01E
:10944000A06B400709D56808844988620220B649A4
:10945000086000F055FA002806D004207E49C86252
:109460007E488662B0480560FB20800100780006D7
:1094700002D5280178490860F7BD6068C007FBD4B1
:10948000A8007649C862FEF7CFFF8548406E216C80
:10949000294008D1C00606D5FEF7DCFF0221A34A09
:1094A0001160FEF7E0FFFEF7C8FFE8082060C0206B
:1094B0000006B0494860A06B4007C10F68460170C4
:1094C0000198C00700D4A1E0EE20C004AA490860BA
:1094D000A848C661964903220A647F224A64422250
:1094E0000A60A02101600821A44A11660421A44A4F
:1094F0001160216CC90248D5D0494A68130B0F2668
:109500001E4033019B1B12090F271740DB190F3B2D
:1095100001D1002200E05A1E86A77600BE5B102B08
:1095200033D3384B1B89E72B2FD395277F00BB42C2
:1095300005D8FB1A1B095E43B30A5F4204E0914F52
:10954000DB191B095E43B70A7BB2D2182D4B9E6B09
:10955000B4467FB25E6C77436646F6199E63B32AC3
:1095600001D3B32202E00F2A00D20F2286495143D1
:10957000C90C864B824E33604B1C1B030E01891BAA
:109580005118491C0901194301667B4F8048B86492
:10959000784EC0208001706078487E4941677E49DE
:1095A0008167F02000017865680930610A2000F0C9
:1095B00023FB822040023066C42000067060C02079
:1095C00040019F490860012000F016FB01207060F7
:1095D000062000F011FB7560082000F00DFB68020A
:1095E00070604008706040087060C00070604000AB
:1095F000B864032000F000FB6800614908600BE0DC
:10960000FC0302A86C3F0000100002A8E022D20078
:109610004021002000F0CEFF8A480021C943C163E9
:109620000121FB2292011278120619D5A26B520772
:1096300016D4854A1278FD2313400D2B10D1834A8E
:10964000126852050CD5824A12681B2A08D2364885
:109650000161C16405E000BF1C2002A81C1002A823
:10966000016000F02EFA784D401DC001A96B47182B
:109670008020C00177494E6F064077490860029804
:10968000874212D2A96B401A00F0A4FA00280BD02E
:1096900098480660F7BD00BFE40000AA0C0000AACD
:1096A000204000A8684101A8029F934831494860C2
:1096B000012000F0A1FA606A6863802040002F4911
:1096C0000860380000F086FAFB27BF016846007882
:1096D000002806D15F48006878628020C00387496F
:1096E000086084480660244802218164C021890101
:1096F0008164606AE86268460078002809D0012029
:1097000000F07AFA3878000603D5802000039349E8
:109710000860206CC00202D548480068A863F7BD05
:10972000086100A8085100A8685000A814E503507B
:10973000600102A800000000000400080008010CFD
:1097400001100218021C0324042C0430053400000C
:1097500080B5FEF77FFE824900220A600A22CA61B4
:10976000FEF781FE7F48C021890201607E49416089
:1097700001BD0000681102A8242102A8B81002A8A7
:10978000C82102A8D6FEFFFF89880000F0F0000083
:1097900004040000020300000004FF007348806B13
:1097A000800300D47047F8B57148056808277148F0
:1097B000076071480068C00403D4704800683840EE
:1097C000FBD06F4C4C486065042000F015FA8820EF
:1097D000C0046065012635400BD0F005606580004F
:1097E0006065012000F008FA6665F00360654002DC
:1097F0006065644D00262E606E60C02000066065C6
:10980000C00C61490860012000F0F6F9F020000169
:10981000E0665E480660862040025D4908605D485B
:1098200060652760A02020652E646E64B8024F49F1
:109830000860000158490860F1BD0000F83F0000D1
:10984000B05101A8786000A86C3F0000504001A80A
:10985000448001A820C001A894E001A8F8B54F48B1
:1098600000680D25054008200424002D01D10425A1
:1098700004E009212940092900D145404849102721
:109880000603484A484B1B682340126814D04A60BC
:10989000284004D00220FEF701FD444806602C4019
:1098A00007D043480068074341480760B0083F4974
:1098B000086002203F4915E00A60284005D00220D8
:1098C000FEF7ECFCA002394908602C4006D038486D
:1098D00001680F4307607009344908603548066025
:1098E00030032D490860FFF759FF00210020FEF7E3
:1098F00058FCF1BD94D001A8024000001C1002A841
:1099000010B580202C490A6802400AD02B4B1A68F7
:109910000624144005D15C6E294A22401B6D9C012F
:1099200001D5002010BD096808400DD025488242AD
:1099300003D1180501D5012010BD23480068C107D7
:10994000C90F481E8041C00F10BD2048032101648B
:10995000A821C16310210160704700001C2002A8EB
:10996000D80000AA442002A804000080100002A829
:10997000FC0302A8106001A8D84001A8104001A86B
:10998000182102A8600102A8B06101A8548001A8B2
:10999000C82102A804340000482002A8B44000A84E
:1099A000E83E00001CC101A8480002A8441002A81B
:1099B000683F0000685000A8440002A814C001A835
:1099C0001F1F0000010C000030C101A8082002A8E0
:1099D0006C4800680121084209D16B4A12686B4B40
:1099E000000C1840F03291400B40984201D0022008
:1099F000704700207047F8B507000F386A4610809E
:109A0000604CE0680A0004D16B461B8882B29A421F
:109A10003AD200226B461A80012502263A0013D062
:109A20002268324007D000292ED059480088401CB7
:109A30005749088000203900216156490E6080B2E4
:109A4000B84201D369460D805348456000E030BFFD
:109A50002068304003D1FFF7BBFF0028F7D04D4806
:109A60004560390010D02168314005D048490A8846
:109A70006B461B88D2180A80066000202061E068CF
:109A8000B84201D244480660FFF7A2FFF2BD38B5E4
:109A9000050000F031FB0400012199204543A8098D
:109AA0003E4A12688018123880B2FFF7A4FF050002
:109AB0008020C0013A490860200000F021FB280006
:109AC00032BD334803883549096802889342F9D189
:109AD000100408187047FEB51238070C6946088054
:109AE00000F00AFB0190274C294D2888B8421ADA69
:109AF00001202C490860274E30BF02202168014018
:109B000006D030604003264908602888401C288021
:109B1000FFF75EFF002802D12988B942ECDB012162
:109B2000716000280DD12888B8420AD1E0686946E2
:109B30000988884205D2002168460088FFF75BFF4C
:109B400001E0FFF745FF04008020C00114490860D0
:109B5000019800F0D5FA2000FEBD10B512490A6840
:109B60000E4B1B680C689442FAD0DB014033141A88
:109B700002D288692418641C0C4800684443181BEE
:109B800010BD0000280002A804ED00E0FF3F000027
:109B9000603E0000282002A8281002A8340002A875
:109BA00080E200E02C1002A820C001A8B43F000011
:109BB000F0B502E00A601C602E607EC84F1C07D022
:109BC0005F1C04D06F1CF5D10A601C60F0BD0A60F8
:109BD000F0BD000010B5C409FFF773FF201A31284B
:109BE00006DAC000183801D4C01EFDD5002010BD13
:109BF0002000FFF770FF10BDC32148436F3801D428
:109C00001E38FDD50020704780B5FEF747FB0120C8
:109C10008649086001BD80B5EB2000F001F801BD68
:109C200030B583490B6818401022134211D0814B84
:109C3000FB24A4012468224008D0B04A14682402FE
:109C4000FF252D0225401D6300241460802252034D
:109C50001A60086030BDF3B5010016001C00002535
:109C60000095A748019A330000270BE0BC464F5DE2
:109C70004743AE009E597E40575D47433740664696
:109C800037436D1CA542F1D3390939438A080A4389
:109C9000510811430840C10901430F208A0B0A43B0
:109CA00002405040F6BDF1B582B00E00002093494D
:109CB0000860FD25AD01EF7AA87A01900F213940A7
:109CC00000910ED00B468F4A8F490298FFF7C3FFD1
:109CD00001990140894801608C4841438C48084003
:109CE00001D1012400E04401380915D032003B09BC
:109CF00029000298009E6D7A75194019FFF7ABFF95
:109D00000199091101407D4802680B01134303606A
:109D1000002901D0480044437E480068204001D11A
:109D20000420FEBD0020FEBD80B50A000021118088
:109D3000794952888018FFF7B6FF02BDF0B50F22AF
:109D4000764B5C7905780F202040C54020092840DB
:109D500001259C79C4402C4001D10320F0BDFB2497
:109D6000A4012468254008D06D4D9E684700F65B2D
:109D7000761E2E608026B601EE60DD78DE79C64064
:109D8000F00711D5E0060FD5002D0DD065484860CD
:109D90000888488008881C7800192A4080185A785A
:109DA00080182A09801800E0002008800020F0BDFB
:109DB00010B55D4801685D4A0820014200D09061FD
:109DC000C90602D58C21090111605949594A5A4BDB
:109DD0001B681B040CD54B685C0402D5C3031360DD
:109DE00006E0C024A4011C4043029C4200D0106045
:109DF0000B68034005D0514B1B689B0F9B0700D09D
:109E00001060FB2080010078C023034002D1802035
:109E1000400510600868202108401060484800682C
:109E2000C00101D4FFF7F7FE10BD00002C4000A8D0
:109E3000703F00001C1002A8F8B5424F38687E68D9
:109E4000064041483040414908608024A403404D09
:109E5000F00229D5FB2080010168080606D53D489F
:109E60000068A86001202870022015E0012001424E
:109E700002D03949A9600FE00020C9060CD5294954
:109E8000A960364A91780B071B0F12789A180909B6
:109E90005118A980E880A888A880A888002801D047
:109EA000264301E0FFF7B7FE264026D0274E746018
:109EB0003460A88800280ED0396A81420BD3291D4E
:109EC0002748AA6890470100F3D0FEF7E7F9012080
:109ED00024490860F1BD01000CD0FC218902F16128
:109EE00021490203CA6134604C603A6A824204D359
:109EF0000C60F1BDEB20FFF793FEF1BD403E00008A
:109F000001010101F83E0000383F0000111100007E
:109F100021840000F43E0000183F0000483F00008C
:109F2000204000A835210000F84F0000502102A871
:109F3000184001A8481002A8684101A84C4201A895
:109F4000D04000A8B44000A8FFFFDFFFB46000A825
:109F5000443E0000E03A000049210000493F000073
:109F6000D84000A82C4000A8B45000A870B5050047
:109F70000C0000F0C1F80600FEF786FA2002054347
:109F800006480560022006490860FEF782FA3000A4
:109F900000F0B6F801200349087070BD04C00950F4
:109FA00040D00950643E0000FEB5C020C0043349D3
:109FB000086033483349486533488865334840244E
:109FC000046044601020FFF717FE002854D1FF20E2
:109FD00000052F4908602F482F4908602F4829495C
:109FE0000860A5032A4805602D4807680820FFF788
:109FF00003FE002840D108262A4806600120FFF70A
:10A00000FBFD2748806801902748066027481D49C6
:10A0100008601F4805600820FFF7EEFD00282BD1DF
:10A02000204806600120FFF7E7FD1D48806800908A
:10A030001D480660134D1E4828600199009800F0E5
:10A040003FF88606B60E0198C10B0098C00B00F0D1
:10A0500037F80002FC218901014031432960104892
:10A06000076060030A4908601248046044601249AE
:10A070000164124941640020FEBD000020E000A8F8
:10A08000571400004C0102A8FF3FFF3F601102A8D7
:10A09000B42002A80000380EB41002A8303000002E
:10A0A000104101A8105101A8106101A81010000072
:10A0B00020200000602102A8F703F000FF3F00000D
:10A0C00010B54904CA104004C310991A00209A1808
:10A0D000D30F9A18521052188B115B0E5B18DB11BC
:10A0E000D2182023541A01D422001843CC0F61182F
:10A0F00049105B08F6D110BDEFF3108072B67047BF
:10A10000002800D162B6704710B5C2001823134072
:10A11000FF249C40E2438907090E9940030004D4C0
:10A1200077489B089B00C01806E0764B0007000F9D
:10A13000083880088000181803681A40114301602D
:10A1400010BD80B573225421002000F033FA01BD08
:10A1500010B5FFF7D1FF6C4901220A606B4B6C4CC4
:10A1600023606C4C236003236B4C23606B4C236097
:10A170006B4B1A606B4B1A606B4A802313606B4BFE
:10A18000136011228A63FFF7BBFF3F20684909680B
:10A1900001400A1D402A00D2081D664A1070A748D7
:10A1A000017010BDFFF7A8FF05000024012160B277
:10A1B000FFF7AAFF641C0E2CF8D301210F20FFF734
:10A1C000A3FF01211120FFF79FFF01211320FFF7BB
:10A1D0009BFF01211720FFF797FF03210120C043B8
:10A1E000FFF792FF01211E20FFF78EFF52485349CF
:10A1F000086002205249086001209B49086047041A
:10A20000504C20693840FCD02068800101D4FEF712
:10A21000E9F82800FFF774FF4B480068400311D4A9
:10A220008B2252005321002000F0C4F90AE00028DC
:10A230001CD0FEF70FF919E020693840FCD0280047
:10A24000FFF75EFF206E0004000F022801D1FEF729
:10A2500061FDFFF751FF05006B4EFEF70BF900287B
:10A260007078E4D0002801D1FEF7FDF801203449D0
:10A270003278002A05D1724A1268920600D408602A
:10A2800030BF0022327002220A6077490860D3E7AB
:10A290007648016842680A40754810401C490860C9
:10A2A000800700D4704770B572480188491C01804E
:10A2B000FB24A4012078000620D56F490A680F20EE
:10A2C000120B0240032A19D16C4A12685207520F2E
:10A2D000032A13D80968090B084003280ED16848DF
:10A2E00005680826674806600D20FFF78DFC35409D
:10A2F00001D0AD480660E08A401CE08270BD0000DD
:10A3000000E400E01CED00E0040002A80000FF3FB4
:10A31000282002A82C1002A840E002A844C002A8ED
:10A3200004C001A8044001A8145001A82000600640
:10A330002C8001A8623E0000FFFF9B4000E100E08E
:10A34000602002A8500002A8F80702A8F8B58248C9
:10A35000016844680C40954804608048204007D05C
:10A36000FEF79BF8002803D020007D490968884744
:10A370007C4880210C4220D0774A936AF825ED0171
:10A380001D401AD0C0231B019D4216D880252D06E2
:10A39000874E3560976AF826F6013E40C76E3F0447
:10A3A0003F0F022F01D0032F03D1002E01D09E4278
:10A3B000F0D38F4A15607D4A11608E4909780629CD
:10A3C0000DDACC20800120401DD0FFF795FE05005E
:10A3D0002000FDF704FD2800FFF792FEF1BD0068A4
:10A3E000800510D58448204005D0FEF779FB200079
:10A3F000FDF7F5FCF1BDA00205D5802040016B49B9
:10A4000008607E490860F1BD653E000010B57C48DB
:10A41000016844680C407B48046080210C4205D0F0
:10A420004160794801600020FDF7D9FC600403D544
:10A43000802040057549086010BD0000633E0000A3
:10A44000F40302A838B57248016844680C40E0077C
:10A4500007D5FFF751FE0500FDF75CFD2800FFF76B
:10A460004FFE6C48046031BD601002A8280002A8AD
:10A47000FFFF00C0603E0000B00002A8184001A825
:10A480004C4000A84C6000A8FEB5634C206C676C83
:10A49000074001252F4216D02E066048066020682E
:10A4A0005F490D60002802D00021FDF725FF5D48BF
:10A4B0000068A021C90188428041C043C00F5A49A9
:10A4C00048705A480660FDF7C5FF0190022007401A
:10A4D0003ED06168CEB20F0A55490822494B440369
:10A4E000012E24D0022E31D1012F22D1514EF678E7
:10A4F0000096504E37780126BE404F4F3E604D4E7D
:10A500003678760590277F04F71903263E434B4F94
:10A510003E601C604A4B1C600B68009C1B194B651D
:10A52000444909788D4047490D6047490DE0009046
:10A53000DFE7002F0AD1454E356000254D655C6090
:10A540001C60C104424B196042490A6034490860EA
:10A550000198FDF788FFF7BD104001A80200060032
:10A56000DC3A0000440002A870B5FDF773FF040058
:10A57000FFF7C2FD31490A68D2070FD52C4A566D44
:10A580001368354D2E60CE686E604968E981802180
:10A59000C904224E3160297B59185165FFF7B0FD7F
:10A5A0002000FDF760FF70BD4C5000A8106001A8AE
:10A5B000E06101A8002800D0704770B50C00FDF7DD
:10A5C00049FF0500FFF798FD0600FDF75DFF2348F2
:10A5D00004600121224A1160026C0A40FCD1FDF79F
:10A5E00058FF3000FFF78CFD2800FDF73CFF70BDE1
:10A5F000E05101A8303E000000104006145001A8B0
:10A6000090C001A890E001A80CC001A804ED00E0F2
:10A61000C0C000A8C0E000A800C002A8441002A862
:10A6200040E002A8404000A8653E0000442002A887
:10A6300018C00A50793E000068E00A5060C101A8C5
:10A6400094D001A868D00A50F42302A860E101A8C0
:10A6500080E200E0F41302A8703E000000C0095040
:10A6600040D0095080B5FDF718FF002802D0B84847
:10A670000068804701BD80B5FDF74CFFC548006804
:10A6800000030AD4FEF7F4F9FFF788F8FEF772F931
:10A690000120FFF75DF8FEF779FD80208005FDF7CA
:10A6A000D1FE01BD80B5FDF735FF80204002FDF7EA
:10A6B000C9FE01BDFEB505208E4908608E480668BA
:10A6C0000124264201D1FEF743F8FDF723FF8B4911
:10A6D000086800908A4849680160B105CA0F694658
:10A6E0000A710025264210D00095AB4949680160E7
:10A6F000A948026897490B68981A9A4202D38B6955
:10A70000C018401C944B9842F5D3A44F3D60684656
:10A710000079002804D031000098FDF73BFC009040
:10A7200000263868204003D16846FEF746F8060048
:10A73000FEF786F8002843D09748407C00283FD198
:10A7400097489549C96802690B689A4200D001256B
:10A75000944FBA1C9446944A137806225343624697
:10A76000D25A8C462B0018214B436146C9184A60C7
:10A77000009901918849C96801226A4018235A4307
:10A780008D1829680161A96801608848E96801603D
:10A79000296901626869A249086001A8FEF70DF8FD
:10A7A000002806D1B91C804A127806235A43895AD8
:10A7B0006960310006000E4302D177494C7401E014
:10A7C000002E02D10098FEF761F8A0480460022034
:10A7D0009F490860C820C0049E4908606004FDF7D6
:10A7E00031FEF7BDF8B59C4C8025EF02FEF728F846
:10A7F000002808D099480078002804D13800FDF7D7
:10A8000021FE2560F1BD206CC00506D58020000624
:10A81000206000BF00BF40082060FEF709F9FDF787
:10A8200079FEFDF755FA06008D488E490860FFF75E
:10A8300019FF3800FDF706FE002E00D0256001202C
:10A84000AA490870F1BDF8B5FDF764FEFDF7ECFD0F
:10A85000A748006802248049096C090407D400074E
:10A8600005D5FDF7F7FDA3490C60FDF7FCFDFDF7ED
:10A87000E4FD1020C043A049086000257648C56368
:10A880009E480560FDF709FE07009D4E002F03D08E
:10A890009C480068804700E035604420305C05211A
:10A8A000014002D0FDF7EAFE01E0FDF7F5FE706C15
:10A8B000044002D0012068490860FFF779FA002FB0
:10A8C00002D091480068804780200003FDF7BAFD60
:10A8D000F1BD80B5FDF71EFE2E480068000303D4CD
:10A8E000FEF748F8FEF752FC80204003FDF7AAFD72
:10A8F00001BD00005C1102A8440002A8B83F00009E
:10A900003C3E000038B5FDF705FE534C2025FEF710
:10A91000F7FF002806D0606B000704D5FFF715F895
:10A92000FEF7BCFC2560FEF725F8FEF72FFC774804
:10A9300000780C210140042902D1FDF79FFE01E0BF
:10A94000FDF7AAFE6804FDF77DFD4020206031BDC3
:10A95000C83A000020C001A801FF00001CB5052076
:10A960006B490860FDF7D6FDFEF7EFFFB8480068B9
:10A9700000906846FEF760FC0400FFF773FE002CB1
:10A9800002D10098FEF7B6FC80204004FDF75AFD86
:10A9900013BD00000C0002A8CC3E0000383E0000B1
:10A9A000348001A8543E0000503E00001C4101A824
:10A9B000F8B5FDF7AFFDA74CA56A5020284002D09E
:10A9C000FDF75CFE01E0FDF767FE234FFEF798FF01
:10A9D00000281BD1B86B40071DD4786BE0214901DA
:10A9E000014018D1A80611D4FDF71EFDA56A9A4EA4
:10A9F000354207D0FF20C0432D18A56280200005F6
:10AA000096490860FDF719FD2E4002D001203860FC
:10AA100001E00020206080208004FDF713FDF1BDDF
:10AA2000284000A880B5FDF775FD8D480068C00579
:10AA300001D5FDF79FFF0120FEF78AFEFEF7A6FB7A
:10AA40008020C004FDF7FEFC01BD0000442002A8E8
:10AA5000305201A8106001A8100002A8DD3E0000DD
:10AA600070012000B46000A870B528480668FDF7A2
:10AA700051FD8024A4037B4D2968090303D52000E0
:10AA8000FDF7E0FC70BD0321C00601D5314001E0B7
:10AA9000B0080140012902D1FDF7F0FD0BE03001C3
:10AAA00007D50E20FFF7B0F8A34804210160082164
:10AAB0000160FDF7F1FDFDF768FEA04E3069A04989
:10AAC0000860FFF7CFFD3068002807D0400012284B
:10AAD00002D2FFF791F801E0FEF7D9FF2000FDF761
:10AAE000B1FCA86B8000FCD470BD0000653E000086
:10AAF000844000A814E50350482002A8403E00000E
:10AB0000AC3E0000CC3A0000D03A0000F03E00001D
:10AB10005C1102A8F8B584B0012600240294FDF768
:10AB2000F9FC03904F4D2868000374D40320A54915
:10AB30000864A54802680227FF2189010F200F231E
:10AB40001340032B03D0120B104006283ED19F4820
:10AB500000684A6800922A6C3A4001D089680091E6
:10AB6000FEF7FBFF0099401801D5019400E0019029
:10AB7000A86B0007C10F684601700320FB21890103
:10AB8000096B014002291BD10399C90618D5FB2185
:10AB900089010968CA0512D5EB6B8D4A13409342AF
:10ABA00003D11020874908640AE0890508D4296C7C
:10ABB00028220A4004D100262849086000E0002627
:10ABC000684600780290300002D10EE008680190DB
:10ABD000FEF796FE002808D0FEF7B7FE0298002880
:10ABE00002D0FEF75BFB00E0002676480760002EEF
:10ABF00012D0FB2080013021405C0C21014004294F
:10AC000002D0E86BC00602D5FDF738FD01E0FDF784
:10AC100043FD2020686014E0FDF7ACFE80200006B4
:10AC20000E4908600020C0436A49086001A8FEF789
:10AC300003FB0400FFF716FD002C02D10198FEF77C
:10AC400059FB80200004FDF7FDFB05B0F0BD0000BE
:10AC5000CC3F0000C83E000000FFFF00481002A8E3
:10AC6000680102A80C0002A8FEB500240194FDF7BB
:10AC700051FCFFF7F7FC584EF06E584D0007000FDF
:10AC800007280ED1706800280BD40020FEF760FD65
:10AC900028682B490860FDF7EFFD3068800045D536
:10ACA000FBE701210320FB22920173685B070BD4B1
:10ACB0004B4B1B680B4007D01368DF050BD55B05BA
:10ACC00002D43368DB0503D40191116B890904E0D8
:10ACD0001021444B1960116B0909084000900020B5
:10ACE000FEF736FD0098002805D17068C00602D432
:10ACF000FDF7D2FC01E0FDF7C1FC0020019900291D
:10AD000003D139480068FEF728FF6969401801D56A
:10AD1000009400E000906846FDF74FFD002805D143
:10AD20000098FDF7B3FDA86905490860802000057B
:10AD3000FDF788FBF7BD000080E200E0AC3F0000BB
:10AD40003C3E0000F8B5FDF7E5FB00240025274850
:10AD5000466B80277F05300606D5300709D5FEF7FC
:10AD6000F4FDFEF79BFA29E001251D480068284004
:10AD700019D00020FEF7ECFC0220064002D01C494E
:10AD80000C60C8611B480468002D03D02000FDF74B
:10AD900097F90400FEF7D9FD2000FEF7ABFA380062
:10ADA000FDF750FBF1BD14480078C0210140402957
:10ADB00002D1FDF763FC01E0FDF76EFC20200B499A
:10ADC0000860ECE7082002A8B00002A80CC101A8A6
:10ADD00010000010B46000A8440002A8BC3F0000AE
:10ADE000B44000A8481002A81CC101A8100002A885
:10ADF000180000AAD83F0000F03E0000FFF7A8F9B5
:10AE0000024803494860FFF7CDF900BFB1250000B3
:10AE10000000000080B5EFF305800B2801D23A2135
:10AE200000E02921FF2216320020FFF7C3FBFEE7D6
:10AE300062675F6D657373616765207265636569DD
:10AE4000766572730062676275660061636C006CA0
:10AE50006C5F636F6E6E656374696F6E006C6C5FC0
:10AE60006164765F736574006761705F636F6E74B1
:10AE7000657874006C6C5F76616C696461746F7284
:10AE80000062675F6D65737361676500736F6674F9
:10AE90005F74696D65725F6D657373616765006C82
:10AEA0006C5F6164765F73796E63006C6C5F736373
:10AEB000616E5F73796E63006761705F7065726960
:10AEC0006F6469635F616476006761705F7065726B
:10AED000696F6469635F73796E63006C326361707C
:10AEE0005F636F635F6368616E6E656C006D626562
:10AEF00064746C735F636F6E746578740000000037
:10AF000045AE03084BAE03084FAE03085DAE030821
:10AF100068AE030874AE030881AE03088CAE030864
:10AF20009FAE0308ABAE0308B8AE0308C9AE030872
:10AF3000DBAE0308EDAE030862676275665F696E9B
:10AF40000062676275665F6F75740062676275663E
:10AF50005F6E6F666C6F770062675F6D616C6C6FC0
:10AF6000630000000D000300020001000500E69DE3
:10AF7000350E480103CCDBFDF4AC1191F4EFB9A51B
:10AF8000F9E9A7832C5E2CBE97F2D203B020008B88
:10AF9000D28915D08E1C742430ED8FC24563765C47
:10AFA00015525ABF9A32636DEB2A65499C80DC00CA
:10AFB0006C888391AAF5A53860370BDB5A6083BE95
:10AFC000000000010001000501000502020300026B
:10AFD0000000000000020501000500000100010062
:10AFE0000001000102020300020000000000020252
:10AFF000010002BF01FB9D4EF3BC36D874F5394108
:10B0000038684C8BD28915D08E1C742430ED8FC2D9
:10B010004563765C15525ABF9A32636DEB2A6549D7
:10B020009C80DCE69D350E480103CCDBFDF4AC11C1
:10B0300091F4EFB9A5F9E9A7832C5E2CBE97F2D263
:10B0400003B0203F49F6D4A3C55F3874C9B3E3D237
:10B05000103F504AFF607BEB40B7995899B8A6CD96
:04B060003C1ABD00D9
:08B064002C56FC7F01000000E6
:0CB06C0078B00308A0280020A800000015
:10B078000000000000000000FFFF00000A000100BF
:10B08800000001000A0001000000000002000800A2
:10B0980000000000000000000000000002000500A1
:10B0A8000000302E302E3000020003000000303047
:10B0B800300000000200080000003030303030302E
:10B0C800303000000A000D000000456D70747920D2
:10B0D8004578616D706C65000A0001000000000091
:10B0E8000200100000000000000000000000000046
:10B0F8000000000000000000200004000000000024
:10B10800000000000000000001010200C017530207
:10B1180000800000C0EA2101C0EA2101C00A002025
:10B128000040310800A00000380F0020C8000000CF
:10B13800FE000000000000001459030850290020F8
:10B148000400E40C0A000000FFFFFFFFFFFFFFFF01
:10B15800FFFFFFFFFFFFFFFF0514030800000000CB
:10B1680001000000000000001000000010000000B6
:10B178006933010800000000794C01080000000054
:10B1880000000000000000002D050308000000007A
:10B198009D580108000000000000000000000000A9
:10B1A80049580108000000000000000000000000ED
:10B1B8005D590108000000000000000000000000C8
:10B1C800F15B010800000000000000002000000002
:10B1D8000000000000000000000000000000000067
:10B1E80000000000F15D0108000000000000000000
:10B1F8000000000055660108000000000000000083
:10B20800FFFFFFFF3D07030874700308FFFFFFFF00
:10B2180088700308F50B0308F10B0308FFFFFFFF15
:10B22800FFFFFFFF050C030820C001B8FFFFFFFF69
:10B238008F100308FFFFFFFFFFFFFFFFFFFFFFFF68
:10B24800FFFFFFFF4F250000000000000300000083
:10B2580044220020882A0020000000004422002008
:10B26800AC22002014230020000000000000000091
:10B2780000000000000000000000000000000000C6
:10B2880000000000000000000000000000000000B6
:10B2980000000000000000000000000000000000A6
:10B2A800000000000000000000FFFFFFFF0000009A
:10B2B800EF280308F3280308F7280308FB280308E6
:10B2C80000000000753202080000000000000000C5
:10B2D80040027C001000FF00FF00FFFFFFFF170087
:10B2E800FFFF0C0000000000FF28010101BF8FAF25
:10B2F8007F8700370F10100004040F05140A03019C
:10B30800FF0C01FF0F0000006D060008450600084D
:0400000508000C3DA6
:00000001FF
