S011000062745F63656E7472616C2E733337C5
S214012000C80A00207D460100D9950300D995030032
S214012010BDDD0300D9950300D9950300D9950300CA
S214012020D9950300D9950300D9950300D9950300E6
S214012030D99503008CCD040087E00300D9950300F1
S214012040D9950300D9950300D9950300D9950300C6
S214012050D9950300D9950300D9950300D9950300B6
S214012060D9950300D9950300D9950300D9950300A6
S21401207097DF0300D9950300D9950300D99503008E
S214012080D9950300D9950300D9950300D995030086
S214012090D995030055520100D9950300D99503003F
S2140120A0D9950300DD9A0300B59A0300D99503007C
S2140120B0D9950300291F0300D99503008929030038
S2140120C0357C0400317C0400692103004B7C04004C
S2140120D0397C0400592903003D7C0400C92903000A
S2140120E0D90003009D020300392A0300D995030095
S2140120F0D9950300D9950300D9950300D995030016
S214012100D9950300D9950300D9950300D995030005
S214012110D9950300D9950300D9950300D9950300F5
S214012120D9950300D9950300D9950300D9950300E5
S214012130D9950300D9950300E13A0100D13A01008F
S21401214082B030BF084B1B6803F00103002B08D098
S2140121500023019302E0019B01330193019B052BB0
S214012160F9DD00BF02B07047F0ED00E000B583B0C6
S214012170184BDB6903F48033002B02D06FF00103A8
S21401218024E0144B03F580531A460123D360114B08
S21401219003F500531A46012313640E4B4FF4807265
S2140121A01A610021012000F0D3F803468DF80730AC
S2140121B0084B03F580531A4601231364054B03F5B8
S2140121C000531A460123D3609DF90730184603B021
S2140121D05DF804FB0000035000B585B00190234B69
S2140121E003F580531A464FF400339366204BDB69A0
S2140121F003F48033002B14BF012300238DF80E3027
S2140122001B4B41F67132DA63194B03F580531A46BC
S2140122100123D360164A019B5361154B02221A61B2
S2140122200021212000F094F803468DF80F309DF927
S2140122300F30002B06D10021212000F089F803463B
S2140122408DF80F300A4B03F500531A460123D3606D
S2140122509DF80E30002B02D0054B0022DA639DF963
S2140122600F30184605B05DF804FB00BF0080005033
S2140122700000035000B58BB0039002910192002339
S2140122808DF81F30304B03F580531A464FF4003358
S21401229093662E4BDB6903F48033002B14BF0123B6
S2140122A000238DF81E30294B41F67132DA63274B35
S2140122B003F580531A460123D360039B0993029BBF
S2140122C0089329E0019B0693099B03F5005323F429
S2140122D0FF5323F01F03099A9B1A0593059A069B41
S2140122E0934228BF13460493049A0899099800F06C
S2140122F06FF803468DF81F309DF91F30002B0FD164
S214012300099A049B13440993089A049B134408935F
S214012310019A049BD31A0193019B002BD2D100E0B2
S21401232000BF0A4B03F500531A460123D3609DF8FC
S2140123301E30002B02D0054B0022DA639DF91F30B8
S21401234018460BB05DF804FB0080005000000350F7
S21401235084B0019000911B4B03932AE01A4BDB6972
S2140123600293029B03F00403002B02D04FF0FF33CD
S21401237024E0019B03F00103002B07D1029A134BC3
S2140123801340002B02D06FF0010317E0029A019B65
S2140123901340009A9A4209D1029A0C4B1340002B23
S2140123A002D06FF0010309E0002307E0039B013B25
S2140123B00393039B002BD1D16FF00203184604B0A0
S2140123C0704700BF8096980000000350020001008D
S2140123D000B587B0039002910192274A039B53618F
S2140123E0254BDB6903F00403002B02D04FF0FF33CB
S2140123F03DE0029B1A1D02921F4A1B689361019BD6
S214012400043B019319E008210820FFF7A1FF0346CA
S2140124108DF817309DF91730002B05D0164B042286
S2140124201A619DF9173022E0029B1A1D0292124A88
S2140124301B689361019B043B0193019B002BE2D136
S2140124400D4B04221A6100212120FFF781FF03466C
S2140124508DF817309DF91730002B06D10021212069
S214012460FFF776FF03468DF817309DF917301846AB
S21401247007B05DF804FB00BF000003500000000039
S214012480013800D0FCE77047002370B5404C054684
S2140124908AB0E36318B10088236014F0A7F93D48B9
S2140124A034F064FE3C4E3D4B304633603C4B73602B
S2140124B031F05BFD0021304619F022FE32A3D3E94C
S2140124C00023A062C4E9062331F05AFDD4E90623AD
S2140124D019431043C4E90601CDE900014FF0FF336B
S2140124E04FF0FF32A06A34F0E8FE02224FF0FF31CF
S2140124F0A06A34F0E7FE012013F0F8FE4FF40073F3
S21401250000222849A06A34F03EFFB0F5007F39D199
S21401251000239422079309933C23CDE903320593C4
S214012520962306935023A06A03A9089319F0FCFE8C
S21401253035B3287C14F046FC0546F0B9A06A35F0A0
S21401254017F814F0EDFB13F0B3FE20B14FF48070D2
S214012550002110F087FC13F0BBFE20B14FF40060A1
S214012560002110F07FFC31F0DBFD012034F0D2FDBC
S2140125700D4A0E49A06A31F0F6FC28460AB070BD35
S214012580FF20D7E70725F8E70DD501552000000005
S214012590380B0020690345EC9831002025610200C4
S2140125A0A8310020982F00200F3F04004F3F040061
S2140125B00348044B834202D0034B03B118477047CC
S2140125C07C4100207C41002000000000064B0749AA
S2140125D0C91A891048BF0131491003D0044B0BB109
S2140125E001481847704700BF7C4100207C4100200D
S2140125F00000000010B5064C237843B9FFF7D8FF5A
S214012600044B13B10448AFF300800123237010BDBF
S214012610623A002000000000B815050008B5054B19
S2140126201BB105490548AFF30080BDE80840FFF738
S214012630CDBF00BF00000000B00D0020B81505009A
S214012640A3F5803A704700BF174B002B08BF134B0A
S2140126509D46FFF7F5FF00218B460F461348144AA7
S214012660121A35F026FC0E4B002B00D098470D4B66
S214012670002B00D098470020002104000D000D48D3
S214012680002802D00C48AFF3008020F033FE200073
S214012690290026F07FFD20F0E3FB00BF00000800C4
S2140126A00000000000000000C80A0020C80A002040
S2140126B0803B0020000000000000000000B585B04F
S2140126C0019000910023039312E0039A1346DB0066
S2140126D09B1A019A134406220099184635F0BFFB4F
S2140126E00346002B01D1012308E0039B013303932A
S2140126F0044B1B68039A9A42E7D30023184605B099
S2140127005DF804FB880F002000B585B003900291A8
S21401271013468DF80730174B1B683F2B01D9002352
S21401272024E002990398FFF7C9FF0346002B01D066
S21401273000231BE00F4B1A681346DB009B1A039A13
S2140127401344029A1168196092889A80094B1A6894
S2140127501346DB009B1A039A13449DF807209A71CF
S214012760044B1B680133034A13600123184605B066
S2140127705DF804FB880F002084B001900B468DF8AD
S21401278003300023039334E0039A1346DB009B1ABD
S214012790019A13449B799DF803209A4226D1039B04
S2140127A0029316E0029B5A1C1346DB009B1A019A01
S2140127B0D118029A1346DB009B1A019A13440A4663
S2140127C0116819609188927999809A71029B0133F8
S2140127D002930C4B1B68013B029A9A42E2D3094BC7
S2140127E01B68013B074A1360012308E0039B013382
S2140127F00393044B1B68039A9A42C5D300231846D9
S21401280004B07047880F002084B001900B468DF805
S21401281003300023039314E0039A1346DB009B1A4C
S214012820019A13449B799DF803209A4206D1039A94
S2140128301346DB009B1A019A134408E0039B0133FD
S2140128400393044B1B68039A9A42E5D30023184668
S21401285004B07047880F002000B587B0039002913E
S21401286013468DF80730002305931BE0059A13469F
S214012870DB009B1A039A134406220299184635F088
S214012880EEFA0346002B0AD1059A1346DB009B1A83
S214012890039A13449DF807209A71012308E0059BCB
S2140128A001330593044B1B68059A9A42DED3002335
S2140128B0184607B05DF804FB880F002000B587B006
S2140128C001900B468DF80330002305934AE0059BE3
S2140128D0019A13441B788DF80F309DF80F30002BAA
S2140128E046D0059B5A1C9DF803309A4241DA059B57
S2140128F05A1C9DF80F301A449DF803309A4238DC72
S214012900059B0133019A13441B788DF80E309DF810
S2140129100E30032B03D09DF80E30022B1CD1002362
S214012920049313E0059B9A1C049B13441A46019BCF
S214012930134402221149184635F091FA0346002B3A
S21401294001D1012316E0049B023304939DF80F3056
S214012950013B049A9A42E5DB9DF80F300133059A54
S214012960134405939DF80330059A9A42AFDB00E0C5
S21401297000BF0023184607B05DF804FBD0C0040072
S21401298008B5054801F0C8FF034826F01BFF0220E2
S21401299001F03EFA00BF08BD48CC040000B583B084
S2140129A000F03AFE1A4826F0A4FE0346002B14BF98
S2140129B001230023DAB2174B1A70174B1B7883F0EA
S2140129C00103DBB2002B1AD0124B1B78002B16D05A
S2140129D0FF238DF80330114820F00AFB104B1878BE
S2140129E0104B19880DF10303012218F0CBFF01905B
S2140129F0019B002B03D101990B4820F0E7FA054B08
S214012A001A78054B1A7000BF03B05DF804FB00BFCF
S214012A1048CC04006C3A00206B3A0020D4C0040075
S214012A2053410020083A0020F4C004002DE9F0418B
S214012A30ADF58F6D0DF58F63A3F22C4318600DF580
S214012A408F63A3F22C431B681B6823F47F4323F098
S214012A500703BF4A934200F00485BD4A934200F241
S214012A608C85BC4A934200F08382BA4A934200F2B4
S214012A708485B94A934200F0E684B74A934200F24D
S214012A807C85B64A934200F08382B44A934200F2B0
S214012A907485B34A934200F00482B14A934200F22D
S214012AA06C85B04A934200F0EC83AE4A934200F242
S214012AB06485AD4A934200F0A483AB4A934200F288
S214012AC05C85AA4A934200F0F180A84A934200F23C
S214012AD05485A74A934200F03385A54A934200F2F3
S214012AE04C85A44A934200F06D81A24A934200F2BB
S214012AF04485A14A934204D0A04A934246D000F0AE
S214012B003CBD9F4B00221A709E4820F071FA9E48E9
S214012B1020F06EFA4FF4805200219C4835F0C9F936
S214012B20A0224FF4C861012018F070FF0121012096
S214012B3018F084FF964820F05BFA0DF25B420DF226
S214012B405C431146184618F0CFFE9DF85C341C46CF
S214012B509DF85D341D469DF85E349DF85F249DF812
S214012B6060149DF8610403900291019200932B4634
S214012B7022468849854820F0F7FA874820F026FA49
S214012B808249864820F022FA00F0FEBC0DF58F63DC
S214012B90A3F22C431B6803F117020DF58F63A3F212
S214012BA02C431B689B7D19461046FFF787FE03469C
S214012BB0002B00F0E4840DF58F63A3F22C431B6811
S214012BC0053319467648FFF779FD034683F001037E
S214012BD0DBB2002B00F0D384724A0DF58F63A3F2AB
S214012BE02C431B680533186810609B88938000226D
S214012BF06C496B48FFF788FD0DF58F63A3F22C43F4
S214012C001B685B791C460DF58F63A3F22C431B688A
S214012C109B791D460DF58F63A3F22C431B68DB7968
S214012C201A460DF58F63A3F22C431B681B7A1946CF
S214012C300DF58F63A3F22C431B685B7A18460DF5DE
S214012C408F63A3F22C431B689B7A03930290019136
S214012C5000922B4622464F494C4820F085FA5248AE
S214012C6020F0B4F94949514820F0B0F94FF48052A8
S214012C700021464835F01DF94D4820F0B9F90DF50B
S214012C808F63A3F22C431B684A4A0092D3F80520AF
S214012C9010465A7A9B7A1B021343002163F30F01F5
S214012CA00123002218F0E0FD00F069BC424B00222F
S214012CB01A700DF58F63A3F22C431B689B79194696
S214012CC03748FFF7A1FD02460DF25443106818601D
S214012CD092889A800DF58F63A3F22C431B689B792B
S214012CE019462F48FFF748FD344820F06FF99DF844
S214012CF054341C469DF855341D469DF856349DF8AF
S214012D0057249DF858149DF8590403900291019296
S214012D1000932B4622461F491C4820F025FA1B49E2
S214012D20224820F053F94FF480520021174835F01D
S214012D30C0F8234B1B780221184618F06DFD204B76
S214012D401B780221184618F07BFD00F01DBC00BF61
S214012D50A0000906A0004304A0000904A000430344
S214012D60A0004302A0000902A0000901A00006017C
S214012D70A0000900A0000600A0000100A0000500B8
S214012D80643A002040C104004CC104001811002020
S214012D9064C104007CC104009CC10400C4C10400D9
S214012DA0C80D00208C0F0020DCC1040004C2040002
S214012DB01CC2040053410020683A00203CC20400B3
S214012DC0524100200DF58F63A3F22C431B681A7B3A
S214012DD08F4B1A708F4B1B785A1CD1B28D4A1170CB
S214012DE01A460DF58F63A3F22C431B68197B8A4B99
S214012DF099548A4B01221A70854B1B781A468849CA
S214012E008848FFF729FD0DF58F63A3F22C431B6855
S214012E101B791C460DF58F63A3F22C431B685B7967
S214012E201D460DF58F63A3F22C431B689B791A464A
S214012E300DF58F63A3F22C431B68DB7919460DF55C
S214012E408F63A3F22C431B681B7A18460DF58F631C
S214012E50A3F22C431B685B7A0393029001910092C4
S214012E602B4622467049714820F07EF9704820F0C2
S214012E70ADF86E496F4820F0A9F8654B1B781946E6
S214012E806D4820F0A3F86D4820F0B2F86C4B012293
S214012E901A705F4B1B786B4A0221184614F04AFEE3
S214012EA072E30DF58F63A3F22C431B68B3F80D3064
S214012EB09BB2002B4CD1644820F088F80DF58F6347
S214012EC0A3F22C431B68B3F809309AB25F4B1A8001
S214012ED00DF58F63A3F22C431B68B3F807309AB243
S214012EE05B4B1A800DF58F63A3F22C431B68B3F876
S214012EF00F309BB2DAB2574B1A70574B1B881946E4
S214012F00564820F063F8534B1B781946544820F076
S214012F105DF8544B1B881946534820F057F84B4B25
S214012F201B881946514820F051F8514B1B88194609
S214012F30504820F04BF8464B1B8819464E4820F067
S214012F4045F84E4B1B8819464D4820F03FF81BE3C9
S214012F504C4820F03BF80DF58F63A3F22C431B6819
S214012F60B3F80D309BB21946474820F02FF80BE313
S214012F70464820F02BF80DF58F63A3F22C431B680F
S214012F80B3F807309BB21946414820F01FF8FBE220
S214012F90224B01221A703F4B1B78013319463E48DB
S214012FA020F014F83B4B1B78002B7BD10DF58F637B
S214012FB0A3F22C431B681B7A5AB20DF58F63A3F25A
S214012FC02C431B685B7A1B025BB213435BB2DAB21B
S214012FD0324B1A700DF58F63A3F22C431B6803F175
S214012FE00A000DF58F63A3F22C431B68DB79023BC5
S214012FF01A4615AB194626F0AFF80DF58F63A3F206
S2140130002C431B68DB79023B9AB2254B1A8064E09D
S21401301053410020653A0020940F0020683A0020B2
S2140130208C0F0020C80D00207CC104001811002060
S2140130306CC2040004C20400A4C20400C0C204009E
S214013040643A0020D0C00400E8C204000C3A002014
S2140130500A3A0020633A0020083A00201CC3040004
S21401306030C304003C41002044C304005CC3040098
S2140130703A41002074C304008CC304003E41002082
S214013080A4C30400C4C30400F0C3040004C40400C1
S21401309028C40400693A002038C404006A3A0020B3
S2140130A0103A00200DF58F63A3F22C431B6803F141
S2140130B008000DF58F63A3F22C431B68DB791A46D3
S2140130C015AB194626F048F80DF58F63A3F22C438D
S2140130D01B68DB791A46884B1A80884B1B780133AC
S2140130E0DAB2864B1A70864B1B881A46854B1344F8
S2140130F0814A128815A9184634F0E6FE804B1A88D4
S2140131007D4B1B8813449AB27D4B1A807E4B1B78ED
S2140131101A467B4B1B889A4240F033827B481FF04D
S21401312055FF78497A481FF051FF0DF58F63A3F2DA
S2140131302C431B68DB79002B2FD00DF58F63A3F290
S2140131402C431B681B7A082B27D10DF58F63A3F23E
S2140131502C431B685B7A082B1FD10DF58F63A3F2F6
S2140131602C431B681A790DF58F63A3F22C431B6859
S214013170B3F805309BB21946104618F031FCCDF86D
S2140131807004DDF87034002B04D0DDF8701461484B
S2140131901FF01CFF60481FF02BFF584B1B78194689
S2140131A05E481FF013FF0DF58F63A3F22C431B68D7
S2140131B018790DF58F63A3F22C431B68B3F805301D
S2140131C09BB24E4A1278194618F0F2FBCDF86C0401
S2140131D0DDF86C34002B04D0DDF86C1450481FF079
S2140131E0F5FE4FF480520021464834F062FE434B10
S2140131F000221A70424B00221A80434B00221A709A
S214013200BFE10DF58F63A3F22C431B68D3F805309D
S214013210444A1360444B1B785A1CD1B2424A11707F
S2140132201946404B1B68414A42F8213040481FF07E
S214013230CDFE0DF58F63A3F22C431B685B7A022B40
S21401324018D10DF58F63A3F22C431B689B7A1AB233
S2140132500DF58F63A3F22C431B68DB7A1B021BB2AE
S21401326013431BB2ADF86434BDF8643419463148D3
S2140132701FF0ACFE2B4B1B6819462F481FF0A6FE0D
S21401328082E10DF58F63A3F22C431B68B3F805307A
S2140132909AB22A4B1A802A4B1B785A1CD1B2284A5A
S2140132A011701A46254B1988264B23F8121026480A
S2140132B01FF08CFE0DF58F63A3F22C431B681B7A5F
S2140132C0022B43D10DF58F63A3F22C431B685B7A67
S2140132D01AB20DF58F63A3F22C431B689B7A1B026F
S2140132E01BB213431BB2ADF86634BDF866341946FB
S2140132F010481FF06BFE9FE0103A0020693A00204C
S2140133000E3A0020181100206A3A002068C4040012
S21401331098C40400B0C4040004C504003CC50400FD
S21401332068C50400CC3E0020663A0020980F0020B5
S214013330BCC50400E4C50400F8C5040042410020F1
S214013340673A00209810002008C604000DF58F6328
S214013350A3F22C431B681B7A102B6DD10DF58F63DE
S214013360A3F22C431B680933CDF86834DDF86834C2
S2140133700F331B789C46DDF868340E331B789E4667
S214013380DDF868340D331B789846DDF868340C3365
S2140133901B781946DDF868340B331B781846DDF8C0
S2140133A068340A331B781C46DDF8683409331B7809
S2140133B01D46DDF8683408331B781E46DDF8683490
S2140133C007331B781F46DDF8683406331B780E93E7
S2140133D0DDF8683405331B780F93DDF86834043361
S2140133E01B781093DDF8683403331B781193DDF8EE
S2140133F0683402331B781293DDF8683401331B7886
S2140134001A46DDF868341B780C930B92129A0A92CE
S214013410119A0992109A08920F9A07920E9B069398
S21401342005970496039502940190009143467246CF
S214013430614658481FF0CAFD574B1B881946574826
S2140134401FF0C4FDA0E056481FF0C0FD0DF58F63C8
S214013450A3F22C431B68DB7A194652481FF0B6FDCF
S21401346092E00DF58F63A3F22C431B68B3F8053089
S2140134709BB2002B5ED14C481FF0A8FD4B4B1B782E
S214013480022B22D0022B7EDC002B02D0012B04D093
S21401349079E047481FF09AFD51E046481FF096FD37
S2140134A045481FF0A5FD454B1B68194644481FF0CB
S2140134B08DFD3E4B02221A70424B1B783F4A126822
S2140134C01146184614F04CFB39E03F481FF07EFDCC
S2140134D0364B00221A703D481FF08AFD3C493D4894
S2140134E01FF074FD374B1B7819463B481FF06EFDE5
S2140134F04FF480520021364834F0DBFC314B18780B
S214013500364B1988364B1A88364B1C88364B1B8827
S214013510364D01950093234618F004FACDF874044D
S214013520DDF87434002B09D0DDF8741430481FF030
S2140135304DFD03E02F481FF049FD24E000BF22E0C7
S2140135402D481FF043FD0DF58F63A3F22C431B6836
S214013550B3F805309BB2194628481FF037FD2848B6
S2140135601FF046FD0DF58F63A3F22C431B68B3F8DD
S21401357005309AB2234B1A8006E000BF04E000BF74
S21401358002E000BF00E000BF00BF0DF58F6DBDE893
S214013590F08100BF38C604004241002088C60400FE
S2140135A098C60400CCC60400E0C60400643A0020B5
S2140135B010C7040030C7040064C70400CC3E0020D6
S2140135C08CC7040053410020A4C70400DCC70400D4
S2140135D01811002004C20400A4C2040040410020C7
S2140135E03A4100203C4100203E410020083A00209C
S2140135F000C8040054C8040080C80400A4C804001D
S214013600B8C8040038410020024B00221A8000BFCF
S214013610704700BF123A002000B583B000238DF832
S214013620073038F03AFA00900A4B1B88002B08D076
S214013630084B1B88013B9AB2064B1A8001238DF872
S2140136400730009838F01CFA9DF80730184603B08A
S2140136505DF804FB123A002000B58BB00390039B83
S2140136601B6823F47F4323F00703994A934240F0F3
S2140136702881984B08220021122014F041FB099062
S214013680099B002B2AD0944B1B689449184629F0B5
S21401369024FE914B1B689249184629F01EFE25F020
S2140136A0A3FE25F0A3FE8C4B18688E4B00935C237B
S2140136B08D4A8E4929F011FE874B1868099B8C4A62
S2140136C08C4929F00AFE099800F0B2FB824B1B6870
S2140136D08949184629F001FE00BEFDE7874B032203
S2140136E00021142014F00CFB0990099B002B2AD012
S2140136F0794B1B687949184629F0EFFD764B1B6814
S2140137007749184629F0E9FD25F06EFE25F06EFE94
S214013710714B1868734B00936A23734A734929F0F7
S214013720DCFD6D4B1868099B714A724929F0D5FD7D
S214013730099800F07DFB684B1B686F49184629F015
S214013740CCFD00BEFDE76E4B05220021162014F0CD
S214013750D7FA0990099B002B2AD05F4B1B685F495B
S214013760184629F0BAFD5C4B1B685D49184629F0DE
S214013770B4FD25F039FE25F039FE574B1868594B34
S21401378000937823584A594929F0A7FD524B1868E7
S214013790099B574A574929F0A0FD099800F048FBB4
S2140137A04D4B1B685449184629F097FD00BEFDE7AE
S2140137B00DF11B0207AB1146184618F095F8099053
S2140137C0099B002B2AD0444B1B684449184629F014
S2140137D084FD414B1B684249184629F07EFD25F0C1
S2140137E003FE25F003FE3C4B18683E4B00938323F3
S2140137F03D4A3E4929F071FD374B1868099B3C4A02
S2140138003C4929F06AFD099800F012FB324B1B680F
S2140138103949184629F061FD00BEFDE79DF82130C3
S2140138208DF810309DF820308DF811309DF81F303E
S2140138308DF81230FF238DF81330FE238DF81430E7
S2140138409DF81E308DF815309DF81D308DF8163018
S2140138509DF81C308DF8173004AB08220021182083
S21401386014F04EFA0990099B002B2CD01A4B1B68BA
S2140138701A49184629F031FD174B1B681849184696
S21401388029F02BFD25F0B0FD25F0B0FD124B186890
S214013890144B00939323144A144929F01EFD0E4B32
S2140138A01868099B124A134929F017FD099800F078
S2140138B0BFFA094B1B681049184629F00EFD00BED9
S2140138C0FDE700BF00E000BF00BF0BB05DF804FBE2
S2140138D0A000010024C904001022002030C9040001
S2140138E034C90400ACC904003CC9040064C904001E
S2140138F070C9040074C904008CC90400A0C904007E
S214013900A4C9040000B583B005F04EFF0346012BA1
S2140139101ED1114B5B6E03F48023002B0CBF0123D9
S21401392000238DF807300C4B03F580531A464FF4ED
S21401393080235366094B04221A609DF80730002B3A
S21401394006D0054B03F500531A464FF48023536601
S21401395000BF03B05DF804FB00800050202001503A
S21401396082B006238DF80730002300933CE0224AFC
S214013970009B52F823301B7A022B02DC002B03DC5F
S2140139802FE0032B13D02CE09DF80730022B25D017
S214013990194A009B52F823301B7A8DF80730164AD5
S2140139A0009B52F823301B68144A136016E09DF8FA
S2140139B00730022B14D09DF80730012B10D00E4A89
S2140139C0009B52F823301B7A8DF807300A4A009B79
S2140139D052F823301B68094A136001E000BF00E07B
S2140139E000BF009B013300930122009B9342BED38C
S2140139F000BF00BF02B07047483F002018210020DA
S214013A0030B593B0264B09AC1D460FCD0FC495E8D3
S214013A10070084E80700234A07AB92E8030083E81F
S214013A20030001AB00221A605A609A60DA601A61DC
S214013A305A6101AB07AA92E8030083E803003E231C
S214013A408DF80C303F238DF80D30174B049320234F
S214013A50059301238DF8193000238DF81A3009AA31
S214013A6001A9124B124808F091FE109000238DF820
S214013A7047309DF81A3083F00103DBB2002B03D0E8
S214013A8003238DF8473000BF9DF8473019464FF4A1
S214013A90612025F0FEFC109B184613B030BD00BF18
S214013AA024CC040040CC0400B8210020482100208A
S214013AB02421002008B5044904480AF023FDFFF735
S214013AC09FFF00BF08BD00BF4C3F00201C21002007
S214013AD008B5024829F05AFC00BF08BD2421002081
S214013AE008B5024829F052FC00BF08BD2421002079
S214013AF008B5034825F011FC0346184608BD00BF6B
S214013B002421002000B583B003460A468DF807300D
S214013B1013468DF806309DF80630002B0AD10E4B61
S214013B201B681B68002B13D00B4B1B68184609F04B
S214013B304FF90DE09DF80630022B09D8064B1B689D
S214013B401B68002B04D0044B1B68184629F0CFFCD9
S214013B5000BF03B05DF804FB543F002008B50248DF
S214013B6025F083FD00BF08BD48CC040000B58BB02E
S214013B70039000230993674A05AB92E80300186097
S214013B8004331980FF238DF82330FF238DF822306C
S214013B90039B1B6823F47F4323F007035E4A93428B
S214013BA00CD05D4A934200F2AB805C4A934200F02F
S214013BB0A0805B4A934200F08C80A1E0039BB3F89F
S214013BC005309BB21C2B40F09D809DF822309DF85D
S214013BD0232005A903C925F0F0FB0346012B03D0DA
S214013BE041F2FC13099302E04E4B01221A70039B2B
S214013BF01B79099AD2B21C21184614F097F807903F
S214013C00079B002B2AD0484B1B684849184629F0C9
S214013C1064FB454B1B684649184629F05EFB25F0B8
S214013C20E3FB25F0E3FB404B1868424B0093592316
S214013C30414A424929F051FB3B4B1868079B404AD1
S214013C40404929F04AFB079800F0F2F8364B1B680A
S214013C503D49184629F041FB00BEFDE73B4B19687C
S214013C60039B1B791A46002300931346384A3948AA
S214013C7000F036F90790079B002B43D02A4B1B68B0
S214013C802A49184629F029FB274B1B68284918465C
S214013C9029F023FB25F0A8FB25F0A8FB224B18688A
S214013CA0244B00936223244A244929F016FB1E4B19
S214013CB01868079B224A234929F00FFB079800F052
S214013CC0B7F8194B1B682049184629F006FB00BEB9
S214013CD0FDE7039BB3F805309AB2039BB3F80730B0
S214013CE09BB21946104625F026FB0346174A136079
S214013CF00BE00C4B1B78002B06D02AF0AEF903E044
S214013D0000BF02E000BF00E000BF00BF0BB05DF8DF
S214013D1004FB00BF1CCD0400A0000A02A00006019F
S214013D20A00006026D3A00201022002060CC04009C
S214013D3064CC040024CD04006CCC0400E0CC040068
S214013D40ECCC0400F0CC040008CD0400703F002049
S214013D50593D0100D821002000B587B0039002919B
S214013D60029B0593039B1F4A934237D11E4B1B7838
S214013D70002B33D0059BDBB2184617F0A3FD049049
S214013D80049B002B2AD0194B1B681949184629F0A9
S214013D90A4FA164B1B681749184629F09EFA25F017
S214013DA023FB25F023FB114B1868134B0093852347
S214013DB0124A134929F091FA0C4B1868049B114AD0
S214013DC0114929F08AFA049800F032F8074B1B686B
S214013DD00E49184629F081FA00BEFDE700BF07B07C
S214013DE05DF804FBD82100206D3A00201022002047
S214013DF060CC040064CC040044CD04006CCC040008
S214013E00E0CC0400ECCC0400F0CC040008CD0400A7
S214013E1082B00190019B002B01D1222303E0034ACB
S214013E20019B13600023184602B070471022002041
S214013E3000B585B001900F4B1B680F49184629F055
S214013E404CFA08F049FC03900A4B1B68184608F028
S214013E502FFC019800F032F8039808F029FC054B76
S214013E601B680649184629F038FA00BF05B05DF808
S214013E7004FB00BF1022002054CD040058CD0400DE
S214013E8008B5094B01221A70084B00221A70084B1C
S214013E9004221A70074B1F221A7008F01DFC0346F5
S214013EA0054A136000BF08BD544100206E3A002049
S214013EB055410020564100201022002000B583B055
S214013EC00190054B1B680549184629F006FA00BF04
S214013ED003B05DF804FB00BF102200205CCD040097
S214013EE02DE9F04F8DB00590049103920293049B47
S214013EF0002B05D19DF85830002B01D0212391E0ED
S214013F00059800F095F80B900B9B002B01D00B9BAE
S214013F1088E0059B002283F82C20059B00229A86C8
S214013F20059B0022DA860AF023FE0246049B934292
S214013F3048D937F09BF80A90049B00229846914690
S214013F400A9B00221E46174606FB09F208FB07F3EA
S214013F501344A8FB06452B441D4640F2E73314EBF9
S214013F60030A45F1000B4FF47A724FF000035046F6
S214013F7059461EF0E5FD02460B46CDE90823DDE96C
S214013F8008014FF0FF324FF000031EF0D9FD134633
S214013F900793DDE908014FF0FF324FF000031EF0F2
S214013FA0CFFD02460B4692B2059BDA8605980023A2
S214013FB0019300230093059B1C4A079937F0A9FE3D
S214013FC00B901AE09DF85830002B0BD00598002373
S214013FD0019300230093059B144A049937F044F992
S214013FE00B900AE005980023019300230093059B9C
S214013FF00E4A049937F01AFD0B900B9B002B10D13B
S214014000059B039A1A62059B029A5A62059B9DF8C4
S214014010582083F82D20059B049A1A63059800F012
S214014020D3F80B9B18460DB0BDE8F08F1541010083
S21401403000B585B00190019B002B01D1222322E01F
S214014040019B184636F01CFF019800F0E5F8034680
S2140140508DF80F309DF80F30002B13D0019B93F88D
S2140140602C30002B0ED00A4B1B68002B0AD037F0E1
S2140140702EFD0290064B1B68013B054A1360029811
S21401408037F017FD0023184605B05DF804FB00BFA6
S2140140901422002000B583B00B4B1B68002B0FD0F9
S2140140A000F0F2F80190019B002B06D0019B1B6AE1
S2140140B0019A526A114601989847019B002BEFD14D
S2140140C000BF03B05DF804FB1422002082B0012378
S2140140D08DF80730054B1B68002B02D004238DF8A2
S2140140E007309DF80730184602B0704714220020AA
S2140140F082B001238DF80730054B1B68002B02D0D8
S21401410000238DF807309DF80730184602B0704737
S2140141101422002000B587B003900291029B0593FC
S214014120059B93F82C3083F00103DBB2002B42D0C1
S214014130059B9A8E059BDB8E9A4215D2059B9B8E1C
S214014140002B0AD105980023019300230093059BB9
S2140141501B4A4FF0FF3137F00FFE059B9B8E013354
S2140141609AB2059B9A8626E0059BDB8E002B14D01F
S214014170059B93F82D30002B0BD0059B196B059BE7
S2140141801A6A059B5B6A012000900598FFF7A8FE56
S21401419003E0059B184636F073FE059B012283F863
S2140141A02C20084B1B68B3F1FF3F04D0054B1B685E
S2140141B00133044A136000BF07B05DF804FB00BF7B
S2140141C0154101001422002000B585B0019037F09A
S2140141D07EFC02900F4B1B68002B0ED00D4B1B680C
S2140141E0039302E0039B9B6A0393039B9B6A002B4A
S2140141F0F8D1039B019A9A6202E0064A019B13607A
S214014200019B00229A62029837F053FC00BF05B06A
S2140142105DF804FB1822002000B587B0019037F046
S21401422056FC039000230593164B1B68049304E089
S214014230049B0593049B9B6A0493049B002B03D069
S214014240049A019B9A42F3D1049A019B9A4204D0A4
S214014250039837F02EFC00230FE0059B002B04D0BB
S214014260019B9A6A059B9A6203E0019B9B6A054A39
S2140142701360039837F01DFC0123184607B05DF85C
S21401428004FB00BF1822002000B583B037F01FFCE6
S21401429000901A4B1B68019324E0019B93F82C3085
S2140142A0002B1CD0019B002283F82C20144B1B688A
S2140142B0002B04D0124B1B68013B114A1360019B73
S2140142C093F82D3083F00103DBB2002B02D0019866
S2140142D0FFF7A2FF009837F0ECFB019B09E0019B7A
S2140142E09B6A0193019B002BD7D1009837F0E1FB25
S2140142F00023184603B05DF804FB00BF1822002017
S2140143001422002000B589B001900E2307930023E4
S2140143108DF8183004238DF8193000238DF81430E9
S21401432004238DF8153000238DF8103004238DF802
S2140143301130474B1B88ADF80C3000238DF8083040
S21401434000238DF80930019B202B49DC019B002BB3
S21401435077DD019B013B1F2B73D801A252F823F096
S214014360E9430100FB4301004344010043440100CB
S2140143704344010043440100434401000D4401004D
S2140143804344010043440100434401004344010007
S21401439043440100434401004344010043440100F7
S2140143A043440100434401004344010043440100E7
S2140143B043440100434401004344010043440100D7
S2140143C043440100434401004344010043440100C7
S2140143D04344010043440100434401001F440100DB
S2140143E0019B402B24D02CE006AB0022042118466A
S2140143F025F05AFA0023079324E005AB0022042196
S214014400184625F051FA002307931BE004AB00225F
S2140144100421184625F048FA0023079312E003AB5F
S21401442000220421184625F03FFA0023079309E0ED
S21401443002AB00220421184625F036FA0023079322
S21401444000E000BF079B184609B05DF804FB00BFFB
S21401445060CD040008B5044828F006FE24F0F1FEFD
S21401446000F044F800BF08BD14CF040008B50248A8
S21401447028F0FAFD00BF08BD14CF040000B583B0D4
S21401448002238DF8003000220221074824F0D5FFD0
S214014490034601936B460821184625F014F800BF21
S2140144A003B05DF804FB00BF006A180000B583B0D6
S2140144B0054B1B88ADF8043001AB184625F080FA91
S2140144C000BF03B05DF804FB64CD040000B583B003
S2140144D0054B1B88ADF8043001AB184625F037FABA
S2140144E000BF03B05DF804FB64CD040030B58DB0A9
S2140144F04D4B05AC1D460FCD0FC495E8070084E86B
S214014500070002238DF8103000238DF81130474B39
S2140145101B88ADF80C30464B1B88ADF80830454B70
S2140145201B88ADF80430444828F09EFD434828F027
S2140145309BFD01238DF82230414B079305AB1946AD
S214014540404805F073F904AB01220421184625F012
S214014550ABF903AB00220121184625F0A5F902AB01
S21401456001220421184625F09FF901AB01220421FE
S214014570184625F099F9344B4FF00212C3F830264D
S214014580314B324AC3F82C262F4B0222C3F834266D
S2140145902D4B1C22C3F81C264FF448700AF036FB3C
S2140145A0FFF784FF14200AF031FBFFF78FFF23206B
S2140145B00AF02CFBFFF77AFFB921224827F087FF84
S2140145C0FFF784FF04AB00220021184625F06CF9A2
S2140145D003AB00220021184625F066F902AB012242
S2140145E00021184625F060F901AB0122002118468A
S2140145F025F05AF9134805F09BF9134B0022C3F82E
S2140146001C26114B0022C3F830260F4B0022C3F89C
S2140146102C260D4B0022C3F83426084828F030FD1E
S21401462000BF0DB030BD00BF68CD040084CD0400CE
S21401463088CD040064CD040014CF04001CCF040010
S21401464000127A0000C0055000C0035002000100AD
S21401465000B583B0064A074BD31A9B100193019A03
S2140146600549044824F0A2FF00BF03B05DF804FB2F
S2140146708024010040210100803B002000B585B068
S21401468000F04AF8FFF7E4FF1F4B039319E00023FD
S21401469002930EE0039B1A68029B9B001A44039B3D
S2140146A05968029B9B000B4412681A60029B0133F7
S2140146B00293039B9B68029A9A42EBD3039B0C33AB
S2140146C00393039B114A9342E1D3114B019314E0E8
S2140146D00023009309E0019B1A68009B9B0013448A
S2140146E000221A60009B01330093019B5B68009ACD
S2140146F09A42F0D3019B08330193019B054A9342EA
S214014700E6D3FDF7A1FF00BFC0150500CC150500D7
S214014710CC150500CC15050008B51E4B1E4A9A603F
S2140147201C4BD3F888301B4A43F47003C2F8883018
S2140147301A4B03F580531A464FF400439366184B01
S21401474003F500531A464FF0FF331366144B03F577
S21401475000531A464FF6DF735366124B02221A6055
S214014760BFF34F8F00BFBFF36F8F00BF032007F06B
S21401477035FF0B4B03F500531A464FF44033D36015
S214014780032028F00FFD064B4FF440321A6100BF9C
S21401479008BD00BF00ED00E00020010000800050D1
S2140147A000800044D0ED00E082B00190024A019BF7
S2140147B0136000BF02B070477C3F002000B583B095
S2140147C00190074A019B1360064B1B6F03F007031A
S2140147D0032B01D135F00EFC00BF03B05DF804FBDE
S2140147E0743F00200080005000B583B0019028235C
S2140147F01B68184624F0F2FE034683F00103DBB281
S214014800002B06D0019B00221A70019B00229A60A1
S21401481019E028231B681B680D4A93420DD1019BA2
S21401482001221A7028231B689A68019B5A60282364
S2140148301B689A69019B9A6005E0019B00221A7029
S214014840019B00229A6000BF03B05DF804FB00BF25
S21401485007B0CD5E00B583B028231B68184624F048
S214014860BDFE034683F00103DBB2002B02D04FF4FA
S21401487081731FE028231B681B68104A934202D0ED
S2140148804FF4817316E00E4B1B78002B03D00C4BB4
S2140148901B78022B0BD128231B68DB6998470190F4
S2140148A0019B002B05D1064B01221A7001E0002363
S2140148B00193019B184603B05DF804FB07B0CD5E7B
S2140148C06F3A002000B583B0084B0193019B00931B
S2140148D0009B40F202221A80009B4FF20F025A8080
S2140148E028F04CFC00BF03B05DF804FB000000207C
S2140148F0BFF34F8F00BF064BDB6803F4E062044949
S214014900044B1343CB60BFF34F8F00BF00BFFDE7DF
S21401491000ED00E00400FA0500B58DB00390039B9E
S2140149200B930B9B1B680A930A9B1B798DF814301B
S2140149300A9B5B798DF81530254828F095FB05AB69
S21401494000220121184624F0AFFF0DF1130205AB3A
S2140149501146184625F06DF89DF8133083F00103D3
S214014960DBB21A460A9B1A700A9B9B79022B29D145
S2140149704FF0FF3307934FF0FF33069307A905A8BF
S2140149800B9B0093134B002200F0F6F90990079B4E
S214014990B3F1FF3F09D106A905A80B9B00930D4B68
S2140149A0042200F003F909900CE001238DF823306E
S2140149B09DF8232006A905A80B9B0093054B00F044
S2140149C0F5F80990002318460DB05DF804FB00BF0A
S2140149D014CF04009996030000B585B00023019317
S2140149E00023ADF80E300023ADF80C303B4828F01C
S2140149F03BFB00238DF8003003238DF801306B4616
S214014A0001220421184624F04FFF012005F0ACF8DE
S214014A1001AB1946052037F08EF80290029B002B59
S214014A2001D0029B56E02E4B1B682D4A43F0010332
S214014A3013602B4BDB682A4A43F08073D360012353
S214014A40ADF80E300F23ADF80C30BDF80E305A021B
S214014A50BDF80C305B001A432249234B13430B600D
S214014A60019B03F5D52303F2FC43DB081F4AA2FB97
S214014A7003239B0A1E4A013B13611D4B0222C3F806
S214014A80F0201B4B4FF48072C3F804234FF06043B1
S214014A90184AC3F8B02F4FF06043174AC3F8802E68
S214014AA04FF06043D3F8003E4FF0604243F480730A
S214014AB0C2F8003E4FF06043FF2283F820204FF0FB
S214014AC06043D3F8003E4FF0604223F48073C2F88F
S214014AD0003E0023184605B05DF804FB14CF040021
S214014AE0F0ED00E0001000E0E101004017916502E2
S214014AF0000004E055CEACC50900010082B001906B
S214014B000B468DF803304FF06043D3F8803E03F038
S214014B100103002B22D0134BDB68124A43F080734B
S214014B20D3604FF06043D3F8002E0121019B01FAB8
S214014B3003F34FF060411343C1F8003E4FF060426B
S214014B40019B52F82330002BE5D04FF06041019BCA
S214014B509DF8032001F82320002300E011231846C6
S214014B6002B07047F0ED00E008B50F4828F07CFA77
S214014B70192007F015FD0346002B05D0192007F074
S214014B802DFD192028F00EFB1A2007F009FD03461B
S214014B90002B05D01A2007F021FD1A2028F002FB71
S214014BA00023184608BD00BF14CF040000B587B027
S214014BB003900291009313468DF80730039B002B58
S214014BC002D0029B002B01D1222390E0039B1B788D
S214014BD0002B13D0039B1B78012B0DD0039B1B7856
S214014BE0022B07D0039B1B78032B01D10F2307E071
S214014BF0002305E0FF2303E01F2301E040F2FF133B
S214014C00039A5278D34003F00103002B05D1039B8E
S214014C101B78FF2B01D0212369E09DF80730002B7C
S214014C200DD09DF80730012B09D09DF80730022BD7
S214014C3005D09DF80730042B01D0212357E036F02C
S214014C4046FF0590039B1B78FF2B0AD0029B1B682F
S214014C509DF807201946039805F092F80246029B34
S214014C601A60029B1B68B3F1FF3F0FD1039B1B78B1
S214014C70FF2B0BD104F03AFF0490039B5B78049959
S214014C80184627F041FC0246029B1A60029B1B68ED
S214014C90B3F1FF3F22D0029B1A68174913465B0007
S214014CA013449B000B440433009A1A60029B1A6853
S214014CB0114913465B0013449B000B440833089AC2
S214014CC01A60039B1B78FF2B0DD0029B1B680122E9
S214014CD002FA03F3184604F0DFFE04E0059836F006
S214014CE0E8FE2D2303E0059836F0E3FE0023184680
S214014CF007B05DF804FB00BF1C22002000B585B09C
S214014D000190019BB3F1FF3F05D0019B0F2B02DC05
S214014D10019B002B01DA212328E036F0D8FE039010
S214014D200122019B02FA03F3184604F0D1FE012288
S214014D30019B02FA03F3184604F0BCFE0D49019AE2
S214014D4013465B0013449B000B44043300221A6095
S214014D500849019A13465B0013449B000B44083331
S214014D6000221A60039836F0A4FE0023184605B008
S214014D705DF804FB1C22002000B587B00390029169
S214014D80009313468DF80730039B002B02D0029B3D
S214014D90002B01D122236AE0039B1B78002B13D042
S214014DA0039B1B78012B0DD0039B1B78022B07D08E
S214014DB0039B1B78032B01D10F2307E0002305E09B
S214014DC0FF2303E01F2301E040F2FF13039A52780A
S214014DD0D34003F00103002B05D1039B1B78FF2B67
S214014DE001D0212343E036F072FE0590039B1B7829
S214014DF0FF2B0AD0029B1B689DF8072019460398D3
S214014E0027F026FC0246029B1A60029B1B68B3F140
S214014E10FF3F23D0029B1A68174913465B001344D1
S214014E209B000B44B833009A1A60029B1A68124919
S214014E3013465B0013449B000B44BC33089A1A606C
S214014E40039B1B78FF2B0ED0029B1B68103301229D
S214014E5002FA03F3184604F01FFE04E0059836F044
S214014E6028FE2D2303E0059836F023FE002318467E
S214014E7007B05DF804FB00BF1C22002000B587B018
S214014E80019034E0019824F0F8FC05900122059B7E
S214014E9002FA03F3DB43019A13400193059B0F2BA0
S214014EA008D8059A13465B0013449B00144A134422
S214014EB004930EE0059BA3F1100213465B00134416
S214014EC09B00B0330E4A134404330493059B103BF6
S214014ED00593049B5B68002B09D0049B5B680393D6
S214014EE0059BDAB2049B9968039B10469847019B81
S214014EF0002BC7D100BF00BF07B05DF804FB00BFA1
S214014F001C22002000B585B001900091204B1B7833
S214014F1083F00103DBB2002B01D01E4B34E0019B72
S214014F20002B01D11C4B2FE036F0D1FD029000235F
S214014F30039322E0194A039B1B0113440C331B788D
S214014F4083F00103DBB2002B14D0019B039A1A6095
S214014F50124A039B1B0113440C3301221A700F4A99
S214014F60039B1B01134400221A60029836F0A1FD30
S214014F70002309E0039B01330393039B072BD9D935
S214014F80029836F096FD064B184605B05DF804FB10
S214014F90703A0020028000F0018000F08423002097
S214014FA0048000F000B585B000238DF80B3036F094
S214014FB08EFD0190002303930EE0154A039B1B010F
S214014FC013440C331B78002B03D001238DF80B30D0
S214014FD005E0039B01330393039B072BEDDD9DF84F
S214014FE00B3083F00103DBB2002B09D004F0CAF9C1
S214014FF0084B00221A70019836F05BFD002303E08F
S214015000019836F056FD044B184605B05DF804FBD2
S21401501084230020703A0020058000F000B585B09A
S2140150200190164B1B7883F00103DBB2002B01D0F5
S214015030134B1FE0019B072B01D9124B1AE036F0E8
S21401504046FD0390104A019B1B0113440C331B7849
S214015050002B0BD00C4A019B1B0113440C3300227E
S2140150601A70039836F025FD002303E0039836F006
S21401507020FD064B184605B05DF804FB703A00208B
S214015080028000F0018000F084230020068000F0FA
S21401509000B585B0194B1B68019300238DF80430C9
S2140150A036F015FD0290164B1B78002B04D00298A3
S2140150B036F0FFFC134B1DE0114B01221A700298CB
S2140150C036F0F7FC0023039309E00F4A039B1B010C
S2140150D013440C3300221A70039B01330393039B82
S2140150E0072BF2DD08238DF8073001AB184604F0D4
S2140150F079F90023184605B05DF804FBDCCD040001
S214015100703A0020038000F08423002000B587B0A9
S2140151100390029101920093174B1B7883F00103D1
S214015120DBB2002B01D0154B21E0039B072B01DDE1
S214015130134B1CE0039B1B01124A13440593059B6A
S2140151401B7B83F00103DBB2002B01D00E4B0EE07C
S214015150059B009A1A60059B089A5A60059B0022D7
S2140151609A60019A0299039804F080F90023184680
S21401517007B05DF804FB00BF703A0020028000F023
S214015180018000F084230020078000F000B583B082
S2140151900190124B1B7883F00103DBB2002B01D088
S2140151A00F4B17E0019B072B01D90E4B12E00E4A5D
S2140151B0019B1B0113440C331B7883F00103DBB204
S2140151C0002B01D0094B05E0019B0021184604F095
S2140151D0F3F80023184603B05DF804FB703A00208C
S2140151E0028000F0018000F084230020078000F098
S2140151F000B583B00190124B1B7883F00103DBB23C
S214015200002B01D00F4B17E0019B072B01D90E4B4A
S21401521012E00E4A019B1B0113440C331B7883F0EA
S2140152200103DBB2002B01D0094B05E0019B0121F4
S214015230184604F0C1F80023184603B05DF804FBD5
S214015240703A0020028000F0018000F084230020E4
S214015250078000F000B587B0364B1B6D0393354BC6
S2140152605B6D039A13400393039B002B01DA00BF87
S214015270FDE7002305930123049353E0039A049B5F
S2140152801340002B48D02B4B03F500531A46049BC2
S2140152901365059B1B01284A13440293029B1B6856
S2140152A0002B39D0029B9B685A1C029B9A60029B7A
S2140152B01B68029A9168029A5268059898470346B5
S2140152C0002B14BF01230023DBB283F00103DBB202
S2140152D08DF807309DF8073003F001038DF807308D
S2140152E0029B5B7B012B17D19DF80730002B13D057
S2140152F0124A059B5B01134403F1080213796FF30D
S214015300410313710D4A059B5B01134403F1180217
S21401531013796FF341031371059B01330593049BC6
S2140153205B000493059B072BA8D900BF00BF07B0FD
S2140153305DF804FB000004508423002004240020B0
S21401534010B58AB00292019303468DF80F300B46D2
S2140153508DF80E307B4B1B7883F00103DBB2002BFC
S21401536001D0794BEBE0029B072B10D80C9B002B4E
S2140153700DD00D9B002B0AD0109BB3F5006F06DCF9
S2140153809DF80F30012B04D10E9B002B01D16F4BE2
S214015390D5E0029B1B016E4A13440993099B1B7BB4
S2140153A083F00103DBB2002B01D06A4BC7E004ABEC
S2140153B000221A605A609A60DA60029B5B01664AB4
S2140153C0134408939DF80E30002B1DD1089B1A46F6
S2140153D00023136053609360D360089A937843F078
S2140153E010039370089AD37843F03003D3709DF876
S2140153F03C3083F00103DBB2002B22D0089AD3782D
S21401540043F00303D3701CE0089B1A460023136085
S21401541053609360D360089A937843F010039370B7
S214015420089AD37843F00303D3709DF83C3083F099
S2140154300103DBB2002B04D0089AD37843F0300383
S214015440D370019B0493109B9BB2013B9BB2C3F3A9
S2140154500A0399B2089A138861F30E1313800C9A03
S214015460089B9A600D9A089B5A609DF8443003F099
S2140154700303D9B2089AD37861F38303D3709DF8F6
S2140154800F30012B3BD1089A137B43F001031373B2
S214015490089A137B43F002031373089AD368042116
S2140154A061F39F03D3602C4A029B5B01134403F113
S2140154B01002089B14460FCB84E80F00264A029B75
S2140154C05B01134403F1180253686FF0030161F3A3
S2140154D09F0353600E9A2049029B5B010B441433D1
S2140154E01A609DF80E30012B09D10D9A1A49029BBC
S2140154F05B010B4418331A600E9A089B5A60129B84
S214015500002B08D19DF80F30002B04D1089A937810
S2140155106FF304139370099B129A1A60099B139AEE
S2140155205A60099B00229A60099B9DF80F205A73C6
S214015530029B04A9089A184603F098FF0023184610
S2140155400AB010BD703A0020028000F0018000F021
S21401555084230020078000F00424002000B593B0C7
S2140155600790069111461A460B468DF817301346DA
S2140155708DF8163000230893069B1B691946079879
S21401558024F07FFB034683F00103DBB2002B01D03E
S2140155901C23B6E0079BDB6A109310995B4801F069
S2140155A01FFC08AB02939DF8163001939DF8173047
S2140155B00093109B554A0699079824F080FD0F909A
S2140155C00F9B002B04D1514B9A68079BDA627CE053
S2140155D01099079824F0ACFB0E900E99079824F0CA
S2140155E099FB0346184626F0F6FB0D90079BDB6AEF
S2140155F01946079824F06DFC0C90079B9B6A0C9A41
S2140156009A4261D0079B0C9ADA62404B9B68194616
S214015610079824F043FC0246079B1B6B9A1A079BCC
S2140156201A63109A0D9BD31A0B93089B1946079879
S21401563024F07EFB0A900A9A0E9B9A4221D10B9B7C
S214015640002B1ED0079BDB6B9B69079AD06A0B9ACF
S21401565092080D9998471190079BDB6A0B9918469B
S21401566024F04FFB0246079BDA62079B1A6B0B9BE3
S214015670D21A079B1A63079B0833184601F094FA5F
S21401568001E0002311930A99079824F043FB09903F
S214015690079BDB6B0999184626F0A4FA079825F0B4
S2140156A099F8079824F031FC0246079B1A63119B70
S2140156B0002B0AD0069B1B691946079824F0E1FACD
S2140156C00346002B84D100E000BF0F9B002B09D0BE
S2140156D0069B1B691946079824F0D3FA0346002B4C
S2140156E07FF458AF0F9B002B0AD1079B03F10800EC
S2140156F0069B1968054B5A689DF8163001F0D6FAD4
S2140157000F9B184613B05DF804FB00BFA82B0020C2
S21401571000B587B00390029101920093039B5B69E9
S214015720009A9A4201D9622332E0039825F021FBC0
S2140157309DF82030032B06D00099039824F0B4FA84
S2140157400346002B01D0012300E000238DF817301B
S2140157509DF8173083F00103DBB2002B01D01C2328
S21401576016E04FF0FF310C4801F03AFB0A4A029B63
S2140157701360094A009B1361074A019BD3609DF899
S2140157802030002204490398FFF7E8FE0490049BAA
S214015790184607B05DF804FB7C2B002010B594B0CA
S2140157A00590049103928DF80B3000238DF84F304D
S2140157B0059BDB6B5B69039A50680CA9012298472D
S2140157C0059BDB6B5B690BA90122049898470CAB20
S2140157D0184626F0BBF80346002B0BD0039B00228D
S2140157E09A75039B00225A75039B4FF0FF329A600D
S2140157F00023DFE10BAB184626F0D1F81190039B8E
S21401580001229A75039B1B7E039A0333DB00134424
S214015810049A5A60039B1B7E039A0333DB001344EE
S21401582000221A81039B5B68049A9A420FD1039B5C
S214015830119A1A600BAB184626F0F6F803461A467C
S214015840039B1A75039B4FF0FF329A6033E0039B6C
S2140158501B68119A9A4202D0039B00229A750BABE1
S214015860184626F0E1F803461A46039B1B7D9A422A
S21401587002D0039B00229A750BAB184626F099F8C6
S21401588003461C460CAB184626F093F803469C428A
S21401589002D0039B00229A750BAB184626F094F8AB
S2140158A004460CAB184626F08FF803469C4202D0FD
S2140158B0039B00229A75039B1B7D042B07D0039B39
S2140158C01B7D052B03D0039B1B7D062B04D1039B5D
S2140158D000229A7500236DE10BAB184626F069F895
S2140158E00346002B0CD0059BDB6B5B6909A90222E2
S2140158F00498984709AB184626F075F8129004E00C
S2140159000BAB184626F06FF81290039B1B7D032BFA
S21401591029D801A252F823F0515901003B59010040
S214015920295901007D590100039B1B7E039A03330D
S214015930DB001344CC221A8121E0039B1B7E129AC2
S21401594091B2039A0333DB0013440A461A8116E028
S214015950039B1B7E129A91B2039A0333DB00134416
S2140159600A461A810BE0039B1B7E129A91B2039A98
S2140159700333DB0013440A461A8100E000BF039B91
S2140159801B7D184601F05AFA03461A46169B1A70F2
S214015990039B1B7E1C460BAB184625F0E4FF034613
S2140159A01946039AE31CDB0013440A469A72039BCA
S2140159B01B7E039A0333DB0013441B891293039B5C
S2140159C01B7E039A0333DB0013449B7A8DF8433026
S2140159D00BAB184625F0EDFF03468DF842300BABB6
S2140159E0184625F0F1FF0F909DF84230002B0FD09E
S2140159F0059BDB6B5B6907A902220498984707ABF6
S214015A00184625F076FF03461A46039B5A7507E0AB
S214015A100BAB184625F048FF03461A46039B5A75FA
S214015A20039B5B7D83F00103DBB2002B02D0039B5B
S214015A3000229A75039B9B7D002B21D0129B002B85
S214015A401ED00F99049824F05CF90E90049A0E99D2
S214015A50059824F07DF9034683F00103DBB2002BA1
S214015A6002D0039B00229A750E99059824F016FA27
S214015A700D90129A0D9B9A4202D9039B00229A75A9
S214015A80039B9B7D002B30D09DF84330002B07D124
S214015A90039BDB7D002B28D001238DF84F3024E0BB
S214015AA0039B0122DA75039B5B7E83F00103DBB265
S214015AB0002B0BD09DF84330012B03D1039B012211
S214015AC05A7612E001238DF84F300EE09DF84330F0
S214015AD0012B03D101238DF84F3006E09DF84330AA
S214015AE0032B02D1039B01229A76039B9B7D002BFD
S214015AF01BD09DF84F3083F00103DBB2002B0BD196
S214015B009DF84F30002B10D09DF84330012B0CD060
S214015B109DF84330002B08D0129B0F9A04990598E4
S214015B2024F0A0FA0246039B9A60039B9B7D002B00
S214015B3005D0039B1A69129B1A44039B1A61039BA7
S214015B401A7E1E4B1B789A4206D2039B1B7E01339C
S214015B50DAB2039B1A7602E0039B00229A759DF83F
S214015B600B30002B24D0039B9B7D002B20D0039B66
S214015B70DB7D002B1CD09DF84F3083F00103DBB298
S214015B80002B15D09DF84330032B11D0039B9B6847
S214015B90B3F1FF3F0CD0039B9968169B009301233A
S214015BA0039A0598FFF7FAFD03461A46039B9A7572
S214015BB0039B9B7D184614B010BD00BFFCCD0400AE
S214015BC000B593B003900291019200934FF0FF331A
S214015BD0109300238DF83F3000238DF83E300023CC
S214015BE08DF817304FF0FF31019801F0F9F802985F
S214015BF024F010FA0346002B08D0039B08330DF15E
S214015C0016020299184601F019F81090109BB3F18C
S214015C10FF3F18D01099019801F0E2F80DF1170333
S214015C2001220199039824F049FD03468DF83D3081
S214015C309DF83D30002B06D001238DF83F309DF8AE
S214015C401720009B1A70029824F0D8F90346002BFF
S214015C500CD19DF83F3083F00103DBB2002B00F03E
S214015C60BB80039B1B7C002B00F0B680039BDB6A8A
S214015C70B3F1FF3F07D1039B5B6A1946039824F0F3
S214015C80D6F8119006E0039BDB6A1946039824F0C8
S214015C904FF81190029824F0B1F90346002B14BF77
S214015CA001230023DBB283F00103DBB28DF83C3025
S214015CB09DF83C3003F001038DF83C30039B5B6A92
S214015CC0119A9A4202D101238DF83E301199039818
S214015CD024F020F80E90039BDB6B5B6906A9052276
S214015CE00E98984706AB184626F008F803468DF836
S214015CF037309DF83730184626F043F80E9826F0D0
S214015D006AF80C900C9B109333E01099394801F017
S214015D1067F80DF117039DF83C203649039824F0E7
S214015D20CDFC03468DF83D309DF83D30002B1DD04F
S214015D309DF83C3083F00103DBB2002B08D19DF8BF
S214015D403C30002B12D02B4B1B68029A9A420DD185
S214015D5001238DF83F309DF81720009B1A70264BC3
S214015D601B681A462349019832F0AEF8214B9B680E
S214015D701093109BB3F1FF3F07D00C9A109903982C
S214015D8023F0E6FF0346002BBFD11199039824F0B8
S214015D904EF811909DF83E3083F00103DBB2002BE4
S214015DA006D09DF83F3083F00103DBB2002B85D18E
S214015DB09DF83F30002B0FD0029824F02BF90346B4
S214015DC0002B09D0039B03F10800019B5A68009B36
S214015DD01B78029900F06AFF9DF83F30002B01D036
S214015DE0002300E02D230B930B9B184613B05DF8A0
S214015DF004FB00BFA82B002000CE040000B587B02E
S214015E000190019B4FF0FF32DA620DF10B032A4A33
S214015E106FF001010198FFF7D3FE0490049B002B5D
S214015E2004D1254B9A68019BDA6203E0019B9A6ACA
S214015E30019BDA62019BDB6A0593019BDB6A1946CB
S214015E40019824F0B1F80246019B1A63019B1B6B73
S214015E50002B08D1019BDB6A1946019824F039F81A
S214015E600246019BDA620599019824F032F8059002
S214015E7018E00599019824F097F80390019B1A6B96
S214015E80039B1A44019B1A630599019824F021F893
S214015E900590039B002B05D1019B00221A63019BF1
S214015EA0059ADA62019B9B6A059A9A42E1D100BF84
S214015EB000BF07B05DF804FB7C2B002010B586B050
S214015EC00390019200930B468DF80B30039B9B6A5F
S214015ED0059346E00599294800F082FF0DF111036C
S214015EE001222649039824F0E9FB03468DF8133076
S214015EF09DF81330002B10D09DF81120019C009BBB
S214015F001E490398A04703468DF812309DF81230BB
S214015F1083F00103DBB2002B2DD1184B9B68B3F144
S214015F20FF3F03D0154B9B68059306E0134B5B6858
S214015F301946039823F0CDFF05909DF80B30012BF1
S214015F400FD10E4B5B681A460599039823F000FFA4
S214015F50034683F00103DBB2002B02D04FF0FF3380
S214015F600593039BDB6A059A9A4205D0059BB3F11C
S214015F70FF3FAFD100E000BF06B010BDD42B00201C
S214015F8010B588B003900291009313468DF8073040
S214015F900A9B0793079B1B6806939DF80730032B04
S214015FA079D0079B18680DF11303404A0299FFF751
S214015FB007FE0246079B5A60079B5B68002B6AD167
S214015FC0079B1868394B5968079B1B689B6A1A46DA
S214015FD023F0BEFE0346002B5DD0079B1B7A012BE8
S214015FE00CD1324B1A69079BDB681A44069B5B6926
S214015FF09A4203D9079B00221A744CE0079B1A6841
S214016000079B1B689B6A1946104623F091FE0446BF
S214016010079B1A68079B1B68DB6A1946104623F024
S21401602087FE03469C421CD1069B5C6C069BDB6A82
S2140160301946069823F042FF0346E31A0593069B8A
S2140160401A6B059BD21A069B1A63079B1A68079B55
S2140160501B68996A079B1C68104623F03AFF0346A3
S214016060E362079BDA68114B1B69134403F10802CC
S214016070079BDA60079B18689DF8073001220B49D9
S214016080FFF76CFA0246079B5A60079B5B68002B7A
S21401609001D0002307E0079B1B7A012B02D1079B47
S2140160A01B7C00E00123184608B010BD7C2B0020A5
S2140160B000B587B003900291009313468DF8073020
S2140160C0009B05939DF80730032B42D0029B19686D
S2140160D00DF11303254A0398FFF772FD0246059B4F
S2140160E05A60059B5B68002B33D19DF81330032B58
S2140160F02FD01E4B5A68029B5B689A4229D1059B9A
S2140161001B7A012B0CD1029B1A69059BDB681A448A
S214016110039B5B699A4203D9059B00221A7418E017
S214016120059BDA68029B1B69134403F10802059B71
S214016130DA609DF80730012202990398FFF70EFAFC
S2140161400246059B5A60059B5B68002B01D0002325
S21401615007E0059B1B7A012B02D1059B1B7C00E007
S2140161600123184607B05DF804FB00BF7C2B002016
S21401617000B58FB001900B468DF80330019B5B6A2A
S2140161801946019823F0C6FD0D90019BDB6B5B69F8
S21401619007A905220D98984707AB184625F0AEFDCE
S2140161A003468DF833309DF83330012B01D100239F
S2140161B04FE0019B0293002303939DF803308DF873
S2140161C010300023059301238DF81830019B9A6A3D
S2140161D0019BDB6A9A4212D1019B9B6A1946019880
S2140161E023F077FE0246019BDA62019B1A6B019B44
S2140161F05B6CD31A03F11402019B1A6314E0019B32
S2140162001B7C83F00103DBB2002B07D0019B083314
S21401621002AA1249184600F093FD05E002AB104AA7
S21401622001210198FFF74AFE039B002B10D19DF830
S2140162301830002B0CD0019B5B6A1946019823F09D
S21401624069FD0D90019BDB6B0D99184625F0E6FC68
S214016250039B18460FB05DF804FB00BF815F010089
S214016260B160010000B585B00190019B1B7C83F0F5
S2140162700103DBB2002B07D0019B0833019A2049AA
S214016280184600F05DFD05E000231E4A0121019835
S214016290FFF714FE019B5B6A1946019824F0A7FBE1
S2140162A00390039B01330393019B5B6A039A194690
S2140162B0019824F0FFFB0290029B002B08D1019B62
S2140162C01A6B019B5B6C1344A3F11402019B1A63C6
S2140162D0019B9B6A1946019823F0FBFD0246019B30
S2140162E09A62019B9B6A1946019823F021FD02469A
S2140162F0019B5A62029B184605B05DF804FB00BF7D
S214016300EBAA03002DAB030000B583B00190019BFF
S2140163100833184600F048FC0023044A002101987F
S214016320FFF7CCFD00BF03B05DF804FB49B20300E4
S21401633010B586B001900091644B1B680493634BC3
S21401634000221A60019B002B01D1212319E1019B38
S21401635093F83430002B2BD0009B1A68019B1B68E6
S2140163609A4223D1009B5A68019B5B689A421DD1D1
S214016370009B9A68019B9B689A4217D1009BDA683A
S214016380019BDB689A4211D1009B1A69019B5B69EC
S2140163909A420BD1009B9A69019BDB6B9A4205D10D
S2140163A0009B5A69019B9A610023EAE05D23E8E0BD
S2140163B0019B9B6B039350220021019831F079FDDC
S2140163C0019B039A9A63009B1A68019B1A60009BC3
S2140163D05A68019B5A60009B1A69019B5A61009B8F
S2140163E05A69019B9A61019B03F10800009B996819
S2140163F0009BDB681A4600F0C5FB009B9A69019B6F
S214016400DA63009B9B699B68019A40321046984765
S2140164100590059B002B0CD1019B5B6C002B08D0D3
S214016420019B5A68019B5B6CB2FBF3F2019BDA613C
S21401643002E0019B0022DA61019B93F84330002BB6
S21401644001D121239DE0019B5B6C002B03D0019BB6
S214016450DB69002B01D15B2393E0019B1B681A4685
S214016460019B5B6CB2FBF3F101FB03F3D31A002B28
S21401647001D0592385E0019B5B68019A526CB3FBFE
S214016480F2F101FB02F29B1A002B01D0592378E0AE
S214016490019B5C68019823F0E4FB03469C4201D211
S2140164A05A236EE0019B5B69B3F5805F01D95F23D8
S2140164B067E0019B5B69CB2B01D85F2361E0019B01
S2140164C05B6CB3F5007F03D25B235AE00425002002
S2140164D00321019824F089FF019BDB6B1B68019A5D
S2140164E01068019A5268114698470590019BDB6B2C
S2140164F0DB6802209847059B002B0CD10499019874
S21401650024F0BAFE0590059B642B04D104990198EA
S21401651024F0B2FE0590019B5B6C143B0293059B35
S214016520002B0CD1019B1B6A029A02FB03F4019813
S21401653023F097FB03469C4201D25A230593059B01
S214016540002B0CBF01230023DAB2019B83F8342011
S214016550019B93F83430002B04D00B4B1B6801339E
S214016560094A1360059B002B07D1019B1A68019B02
S2140165705B681946104625F0AAF8019824F048FFF2
S214016580059B184606B010BD0825002000B589B049
S214016590059004910392029301238DF81B30059B0D
S2140165A0002B01D121234FE0059B93F8343083F073
S2140165B00103DBB2002B01D0112345E0049823F040
S2140165C029FD034683F00103DBB2002B01D029230A
S2140165D03AE00221059824F008FF0DF11A031C4A3F
S2140165E004990598FFF7ECFA0790079B002B1AD140
S2140165F09DF81A30012B16D1154B1B69029A9A4247
S21401660011D101230193124B0093029B002203999F
S214016610059823F060FF0790079B002B14BF01230A
S21401662000238DF81B309DF81B30002B08D001236A
S2140166300093029B039A04990598FFF769F807905F
S214016640059824F0E5FE079B184609B05DF804FBA3
S214016650502B002000B589B0059004910392029357
S214016660059B002B01D1212348E0059B93F834308C
S21401667083F00103DBB2002B01D011233EE0049826
S21401668023F0C8FC034683F00103DBB2002B01D0E4
S214016690292333E00121059824F0A7FE0DF11B0301
S2140166A0184A04990598FFF78BFA0790079B002B69
S2140166B020D19DF81B30012B13D1124B1B69029A76
S2140166C09A420BD1002301930E4B0093029B0022AA
S2140166D00399059823F0FFFE07900BE063230793C9
S2140166E008E09DF81B30022B02D16023079301E0DE
S2140166F02D230793059824F08BFE079B184609B0B7
S2140167005DF804FB502B002000B589B0059004917C
S21401671003920293059B002B01D121234AE0059B9E
S21401672093F8343083F00103DBB2002B01D0112340
S21401673040E0049823F06EFC034683F00103DBB2CD
S214016740002B01D0292335E00121059824F04DFEC8
S2140167500DF11B03194A04990598FFF731FA0790C2
S214016760079B002B22D19DF81B30012B15D1134B13
S2140167701A6902990A9B0B449A420BD30023019390
S2140167800E4B00930A9B029A0399059823F0A3FEE9
S21401679007900BE06323079308E09DF81B30022B5C
S2140167A002D16023079301E02D230793059824F077
S2140167B02FFE079B184609B05DF804FB502B0020FE
S2140167C000B587B00390029101920093009B0022CE
S2140167D01A60039B002B01D1212340E0039B93F811
S2140167E0343083F00103DBB2002B01D0112336E0F5
S2140167F0029823F00FFC034683F00103DBB2002B63
S21401680001D029232BE00121039824F0EEFD0DF1A0
S2140168101303154A02990398FFF7D2F90590059BD1
S214016820002B16D19DF81330032B12D09DF8133090
S214016830022B06D1019B01221A60009B04221A60DA
S21401684009E0019B00221A60074B1A69009B1A6037
S21401685001E02D230593039824F0DAFD059B1846E5
S21401686007B05DF804FB00BF502B002000B589B0CF
S21401687003900291009313468DF80730009B07930F
S2140168809DF80730032B0CBF01230023DBB21A4609
S214016890079B1B7E9A4242D1029B1A68079B1B6884
S2140168A09A423CD3029B1A68079B5B689A4236D889
S2140168B0029B19680DF117031B4A0398FFF780F92D
S2140168C00690069B002B2AD1174B5A68029B5B68E1
S2140168D09A4224D19DF81730032B0CBF01230023C5
S2140168E0DBB21A46079B1B7E9A4218D1079B5B694F
S2140168F05A1C079B5A61079B1A69079BDB689A42D9
S2140169000DD2079B9A68079B1B699B001344029A4A
S21401691012681A60079B1B695A1C079B1A610123A0
S214016920184609B05DF804FB7C2B002000B58DB03D
S214016930039002910192009300230B93039B002B7B
S21401694001D100233DE0039B93F8343083F001032B
S214016950DBB2002B01D0002333E00121039824F0A1
S21401696044FD009B04930E9B0593029B0693019B9B
S214016970079300230893002309939DF83C308DF874
S2140169802830039B1B7C83F00103DBB2002B07D06E
S214016990039B083304AA0D49184600F0D1F905E017
S2140169A004AB0B4A00210398FFF788FA019B002BE2
S2140169B001D1099B00E0089B0B93039824F028FD66
S2140169C00B9B18460DB05DF804FB00BF2DB4030009
S2140169D06D68010000B587B003900291039B002B00
S2140169E001D1212337E0039B93F8343083F0010370
S2140169F0DBB2002B01D011232DE0029823F00AFB15
S214016A00034683F00103DBB2002B01D0292322E0E9
S214016A100221039824F0E9FC0DF11303104A0299B0
S214016A200398FFF7CDF80590059B002B0DD19DF837
S214016A301330032B09D0032300930023002202996D
S214016A400398FEF765FE059001E02D230593039854
S214016A5024F0DEFC059B184607B05DF804FB00BF7A
S214016A60502B002084B001900091019B1A68009B76
S214016A70DB0013441B680393039BC3F313031846FD
S214016A8004B0704784B001900091019B1A68009B86
S214016A90DB0013441B680393039B1B0DDBB21846F4
S214016AA004B0704782B001900091019B1A68009B68
S214016AB0DB0013445B68184602B0704786B003904B
S214016AC002910192039B1A68029BDB0013441B6828
S214016AD00593059B1B0D1B050593059A019B134307
S214016AE00593039B1A68029BDB001344059A1A6000
S214016AF000BF06B0704700BF86B0039002911346F0
S214016B008DF80730039B1A68029BDB0013441B6851
S214016B100593059BC3F3130305939DF807301B05E7
S214016B20059A13430593039B1A68029BDB001344E3
S214016B30059A1A6000BF06B0704700BF84B0039084
S214016B4002910192039B1A68029BDB001344019A8F
S214016B505A6000BF04B0704782B001900091019B5B
S214016B601A68009BDB0013444FF0FF321A60019B4A
S214016B701A68009BDB0013444FF0FF325A6000BFD7
S214016B8002B0704700B585B0039002910192039B55
S214016B90029A1A60039B019A5A60039800F004F85F
S214016BA000BF05B05DF804FB00B585B00190002379
S214016BB0039306E003990198FFF7CEFF039B013389
S214016BC00393019B5B68039A9A42F3D3019B0022CD
S214016BD01A7200BF05B05DF804FB00BF00B585B0B2
S214016BE00190009100238DF80B30002303931BE0E6
S214016BF0019B1A68039BDB0013441B68B3F1FF3F3C
S214016C000FD003990198FFF72DFF0246009B934290
S214016C1007D103990198FFF79FFF01238DF80B30E9
S214016C2008E0039B01330393019B5B68039A9A4236
S214016C30DED300BF00BF05B05DF804FB00B587B02A
S214016C400390029101924FF0FF33059300230493C2
S214016C5021E0039B1A68049BDB0013441B68B3F115
S214016C60FF3F15D004990398FFF7FCFE0246029BEE
S214016C7093420DD104990398FFF704FF03461A4681
S214016C80019B1A7004990398FFF70CFF059007E023
S214016C90049B01330493039B5B68049A9A42D8D3FE
S214016CA0059B184607B05DF804FB00BF2DE9F843C5
S214016CB00546406800283ED00F4691469846002477
S214016CC02B6853F83460013606D021462846FFF774
S214016CD0C9FEB84213D068680134A042F0D850B358
S214016CE000242A6802E00134A04214D052F834305D
S214016CF00133F8D13A4621462846FFF7DFFE4246E1
S214016D0021462846FFF7F8FE4A4621462846BDE8B2
S214016D10F843FFF713BFB8F1030F0CD0002403E0CC
S214016D206B680134A34206D921462846FFF7AAFE1E
S214016D300328F5D1DEE701232B72BDE8F88300BFF7
S214016D402DE9F0439046426883B00AB305460F46E4
S214016D5000242B6853F83430013316D021462846D8
S214016D60FFF780FE214681462846FFF78BFE214627
S214016D7006462846FFF796FE49460346324628460B
S214016D80CDF80080B84718B16A6801349442E0D360
S214016D9003B0BDE8F08300BF08B5054B1B68054A84
S214016DA0126811461846FFF7C3FA0346184608BD8F
S214016DB0843F0020A43F002008B534F06EFE034651
S214016DC0014A136000BF08BD4C2B002008B5034BD9
S214016DD01B68184634F054FE00BF08BD4C2B00203B
S214016DE000B583B001900091134B1B681A46002131
S214016DF0019831F05EF8019B4FF0FF321A60019B5B
S214016E00009A5A60019B00229A75019B00221A6122
S214016E10019B4FF0FF329A60019B0022DA75019BBD
S214016E2000225A76019B00229A76019B00221A764E
S214016E3000BF03B05DF804FB00CE040084B0034637
S214016E408DF807309DF80730062B25D801A252F899
S214016E5023F000BF816E0100796E0100716E0100A2
S214016E60916E0100896E0100896E0100896E010034
S214016E7002238DF80F3013E002238DF80F300FE058
S214016E8001238DF80F300BE000238DF80F3007E05B
S214016E9003238DF80F3003E001238DF80F3000BF78
S214016EA09DF80F30184604B0704700BF00B591B08A
S214016EB0039002910192009300230F93009B5B685D
S214016EC0184624F075FE03465B0303F46042009BFC
S214016ED0DB781B0303F480531A44009B9B78DB0288
S214016EE003F400631A44009B1B88C3F30A0313448C
S214016EF00E934FF6FF730D93334B059300210198C4
S214016F0024F032FE034606930121019824F02CFE5C
S214016F10034607934FF0FF3308930D9B1A040E9B0D
S214016F201343099310230C93029A0C9B13440B935F
S214016F30039B9B6905AA02F1100101220B98984751
S214016F400A900A9B002B01D00A9B0F9308230C93EF
S214016F50029A0C9B13440B93039B9B6905AA02F1AF
S214016F60080101220B9898470A900A9B002B01D032
S214016F700A9B0F9304230C93029A0C9B13440B93C6
S214016F80039B9B6905AA111D01220B9898470A903D
S214016F900A9B002B01D00A9B0F9300230C93029AA5
S214016FA00C9B13440B93039B9B6905A901220B9829
S214016FB098470A900A9B002B01D00A9B0F930F9BC0
S214016FC0184611B05DF804FB01009AB208B500BF7F
S214016FD00421044824F08AFF0346002BF8D100BFA1
S214016FE000BF08BD8440005008B5FFF7EFFF044B13
S214016FF0D3F884309B0903F00303DBB2184608BDBF
S21401700000400050034B1B6A024A23F0010313623F
S21401701000BF704700C00750054BDB6903F480339F
S214017020002B14BF01230023DBB21846704700BFB4
S21401703000000350024B0022DA6300BF704700BF16
S21401704000000350024B41F67132DA6300BF70470D
S21401705000000350014B9B68184670470000035020
S21401706082B00190024A019B936000BF02B0704754
S2140170700000035084B0019000230393019BB3F5F5
S214017080607F21D0019BB3F5607F34D8019BB3F5B7
S214017090207F29D0019BB3F5207F2CD8019BB3F527
S2140170A0007F19D0019BB3F5007F24D8019B002BEC
S2140170B003D0019BB3F5C07F1DD1124B1B6F1B0B79
S2140170C003F00F03039317E00E4BD3F880301B0930
S2140170D003F0030303930FE00A4BD3F890301B0E23
S2140170E003F01F03039307E0064B1B6F9B0A03F095
S2140170F00103039300E000BF039B0133184604B06D
S214017100704700BF0080005010B582B0019000911A
S214017110019BB3F5607F49D0019BB3F5607F7CD8B6
S214017120019BB3F5207F68D0019BB3F5207F74D80F
S214017130019BB3F5007F4ED0019BB3F5007F6CD861
S214017140019B002B03D0019BB3F5C07F65D1009B4B
S214017150012B0AD0009B022B07D0009B042B04D0E6
S214017160009B082B01D0009B102B24F003FF24F07A
S214017170F9FE01F09FF82B4B1B6F23F47042009B26
S214017180013B1B03274913430B6734F0B0FC04464D
S214017190FFF72AFF0346C3F102031946204624F0EF
S2140171A0B2FE01F01BFB01F091F837E0009B012BCA
S2140171B004D0009B022B01D0009B042B194BD3F863
S2140171C0803023F03002009B013B1B01154913431D
S2140171D0C1F8803022E0009B002B01D0009B202BC1
S2140171E0104BD3F8903023F0F852009B013B1B065E
S2140171F00C491343C1F8903010E0009B012B01D0DD
S214017200009B022B074B1B6F23F48062009B013B04
S2140172109B02044913430B6700E000BF00BF02B0A6
S21401722010BD00BF0080005000B585B001900B4630
S2140172308DF8033000230393019B5B09002B0FD0CD
S214017240019B5B09012B02D10D4B039308E0019BC7
S2140172505B09022B02D10B4B039301E00A4B03930C
S214017260019B03F01F0302939DF803301A4602990F
S214017270039824F022FE00BF05B05DF804FB00BFB2
S21401728064800050688000506082005010B584B061
S21401729001900023039300230293019BB3F5086F2B
S2140172A000F0D282019BB3F5086F00F2D382019BF6
S2140172B0B3F5F06F00F0C282019BB3F5F06F00F2F8
S2140172C0C982019BB3F5E06F00F0B282019BB3F572
S2140172D0E06F00F2BF82019BB3F5D06F00F0A2828F
S2140172E0019BB3F5D06F00F2B582019BB3F5C06F79
S2140172F000F09282019BB3F5C06F00F2AB82019B56
S214017300B3F5B06F00F07C82019BB3F5B06F00F26D
S214017310A182019BB3F5A06F00F06C82019BB3F5CF
S214017320A06F00F29782019BB3F5906F00F05C822C
S214017330019BB3F5906F00F28D82019BB3F5806FD0
S21401734000F04C82019BB3F5806F00F28382019BB3
S214017350B3F5607F00F03382019BB3F5607F00F2E6
S2140173607982019BB3F5407F00F01C82019BB3F547
S214017370407F00F26F82019BB3F5207F00F006820A
S214017380019BB3F5207F00F26582019BB3F5007F78
S21401739000F0F081019BB3F5007F00F25B82019B58
S2140173A0B3F5C07F00F0E181019BB3F5C07F00F229
S2140173B05182019B002B00F0D881019BB3F5807FA1
S2140173C000F24882019B202BC0F04482019B203BA7
S2140173D0E02B00F23F8201A252F823F06B77010006
S2140173E08D7701006B7701008D770100DD77010055
S2140173F0DD770100DD770100DD7701008D77010083
S2140174008D77010001780100A57701001978010048
S21401741025780100A57701008D7701008D770100A1
S2140174208D770100557801005578010055780100E7
S214017430557801005578010055780100F57701006F
S214017440E97701008D7701008D7701008D770100C6
S2140174503D780100317801008D77010055780100F3
S21401746055780100557801005578010055780100DE
S21401747055780100557801005578010055780100CE
S21401748055780100557801005578010055780100BE
S2140174906B770100557801006B7701006B7701006F
S2140174A06B770100DD770100557801005578010002
S2140174B0557801005578010055780100557801008E
S2140174C0557801005578010055780100557801007E
S2140174D05578010055780100557801006B77010059
S2140174E06B77010055780100557801005578010049
S2140174F0557801005578010055780100557801004E
S214017500557801005578010055780100557801003D
S214017510557801005578010055780100557801002D
S214017520557801005578010055780100557801001D
S214017530557801005578010055780100557801000D
S21401754055780100557801005578010055780100FD
S21401755055780100557801005578010061770100E2
S21401756055780100557801005578010055780100DD
S21401757055780100557801005578010055780100CD
S21401758055780100557801005578010055780100BD
S21401759055780100557801005578010055780100AD
S2140175A0557801005578010055780100557801009D
S2140175B0557801005578010055780100557801008D
S2140175C0557801005578010055780100557801007D
S2140175D0557801005578010055780100557801006D
S2140175E0557801005578010055780100557801005D
S2140175F0557801005578010055780100557801004D
S214017600557801005578010055780100557801003C
S214017610557801005578010055780100557801002C
S214017620557801005578010055780100557801001C
S214017630557801005578010055780100557801000C
S21401764055780100557801005578010055780100FC
S21401765055780100557801005578010055780100EC
S21401766055780100557801005578010055780100DC
S21401767055780100557801005578010055780100CC
S21401768055780100557801005578010055780100BC
S21401769055780100557801005578010055780100AC
S2140176A0557801005578010055780100557801009C
S2140176B0557801005578010055780100557801008C
S2140176C0557801005578010055780100557801007C
S2140176D0557801005578010055780100557801006C
S2140176E0557801005578010055780100557801005C
S2140176F0557801005578010055780100557801004C
S214017700557801005578010055780100557801003B
S214017710557801005578010055780100557801002B
S214017720557801005578010055780100557801001B
S214017730557801005578010055780100557801000B
S21401774055780100557801005578010055780100FB
S2140177505578010055780100557801000D78010033
S21401776032F06CFC0346039375E032F043FC0346AB
S214017770039370E032F062FC04464FF40070FFF7AA
S21401778079FC0346B4FBF3F3039364E032F032FC76
S21401779004464FF42070FFF76DFC0346B4FBF3F389
S2140177A0039358E032F026FC04464FF42070FFF7AE
S2140177B061FC0346B4FBF3F35B0803934BE002ABB7
S2140177C00021184624F0B3FB029C4FF46070FFF7CB
S2140177D051FC0346B4FBF3F303933CE003AB0021F7
S2140177E0184600F0CBFD36E003AB0021184600F04A
S2140177F0DBFC30E003AB0021184600F02FFD2AE049
S21401780003AB0021184600F0B5FF24E003AB0021CE
S214017810184601F085F81EE003AB0021184600F07B
S214017820EFFD18E003AB0021184601F02DF812E039
S21401783003AB0021184600F0EBFF0CE003AB002180
S214017840184600F01FFE06E003AB0021184600F0C4
S21401785053FD00E000BF039B184604B010BD00BFF7
S21401786000B585B0019000230393019BB3F5086F23
S21401787000F02681019BB3F5086F00F23381019B6E
S214017880B3F5006F00F01081019BB3F5006F00F2B5
S2140178902981019BB3F5F06F00F00081019BB3F5E0
S2140178A0F06F00F21F81019BB3F5E06F00F01481C9
S2140178B0019BB3F5E06F00F21581019BB3F5D06F24
S2140178C000F0F880019BB3F5D06F00F20B81019BAD
S2140178D0B3F5C06F00F0DC80019BB3F5C06F00F21A
S2140178E00181019BB3F5B06F00F0C080019BB3F539
S2140178F0B06F00F2F780019BB3F5A06F00F0E68051
S214017900019BB3F5A06F00F2ED80019BB3F5906F7C
S21401791000F0CA80019BB3F5906F00F2E380019BF3
S214017920B3F5806F00F0A880019BB3F5806F00F27D
S214017930D980019BB3F5807F00F0A480019BB3F54D
S214017940807F00F2CF80019B522B69D8019B242BAC
S214017950C0F0C880019B243B2E2B00F2C38001A2FD
S21401796052F823F0797A0100797A0100797A0100D8
S214017970797A0100E57A0100E57A01006D7A010065
S214017980E57A0100917A0100B57A0100E57A0100F5
S214017990E57A0100E57A0100E57A0100E57A010061
S2140179A0E57A0100E57A0100E57A0100E57A010051
S2140179B0E57A0100CD7A0100E57A0100E57A010059
S2140179C0E57A0100E57A01009D7A0100D97A010085
S2140179D0E57A0100E57A0100E57A0100E57A010021
S2140179E0E57A0100E57A0100E57A0100E57A010011
S2140179F0E57A0100E57A0100E57A0100E57A010001
S214017A00E57A0100E57A0100E57A0100E57A0100F0
S214017A10E57A0100E57A0100E57A0100797A01004C
S214017A20019B802B5ED1324B1B6F03F00703013B9A
S214017A30032B17D801A252F823F000BF5F7A01008A
S214017A404D7A0100537A0100597A01000523039308
S214017A500BE00323039308E00723039305E00223C7
S214017A60039302E00023039300BF3CE003AB1946F7
S214017A70002000F07FFE36E003AB1946002000F040
S214017A807DFC30E003AB1946002000F049FF2AE0F8
S214017A9003AB1946002000F0B3FC24E003AB194603
S214017AA0002000F0EFFC1EE003AB1946002000F0BA
S214017AB07BFB18E003AB1946002000F0E5FE12E060
S214017AC003AB1946002000F017FC0CE003AB194687
S214017AD0002000F0C3FB06E003AB1946002000F0CF
S214017AE097FE00E000BF039B184605B05DF804FB57
S214017AF00080005008B50121022001F0CFF84FF4B4
S214017B002070FFF7B7FA0346DAB2054B1A7024F075
S214017B1031FA24F027FA00F0CDFB00BF08BD00BF04
S214017B20723A002010B582B003468DF8073033F064
S214017B30DEFF0446FFF758FA0346C3F1020319466F
S214017B40204624F0E0F90121002001F079F89DF8A3
S214017B500730002B02D000F041FE06E0054B1B78F3
S214017B6019464FF42070FFF7CFFA00F0AFFB00BFC5
S214017B7002B010BD723A002000B583B0104B5B6EA8
S214017B8003F48033002B0CBF012300238DF807304C
S214017B900B4B03F580531A464FF480335366FFF7B9
S214017BA031FA9DF80730002B06D0054B03F500533C
S214017BB01A464FF48033536600BF03B05DF804FBEA
S214017BC00080005000B585B001900198FFF748FE8F
S214017BD00290029B082B07D0029B082B20D3029B06
S214017BE0093B012B1CD804E0134B1B88ADF80E3063
S214017BF01BE0124B03F580531A464FF400135366ED
S214017C000F4B5B6A03F00103002B04D04FF4FA73A9
S214017C10ADF80E3009E04FF6FF73ADF80E3004E014
S214017C204FF6FF73ADF80E3000BFBDF80E301846A4
S214017C3005B05DF804FB00BF444100200080005001
S214017C400040025000B585B001900198FFF708FE8C
S214017C500290029B032B03D0029B052B05D009E063
S214017C600A4B1B88ADF80E3009E04FF6FF73ADF8EE
S214017C700E3004E04FF6FF73ADF80E3000BFBDF8CE
S214017C800E30184605B05DF804FB00BF46410020E3
S214017C9000B589B00190019800F096FC0790079B0B
S214017CA0002B02D0079BB3F1FF3F454B03F58053F2
S214017CB01A464FF4C0235366424B5B68012B0CD126
S214017CC0404B03F500531A460123536000BF3D4B5A
S214017CD09B6903F00303002BF9D18020FFF7C0FD59
S214017CE00346052B05D124F045F924F03BF900F0B5
S214017CF0E1FA079B23F040730793019B324A9342B4
S214017D0004D0019B314A934205D009E0079B43F01A
S214017D100073079304E0079B43F08073079300BF4B
S214017D2032F086F90690019A069B9A4203D9012100
S214017D30019800F085FF00BF254BDB6803F00603C2
S214017D40002BF9D1224B9B680593214A079B936030
S214017D50079B03F4F81304931D4B9B6803F4F81375
S214017D600393049A039B9A4203D10198FCF71CFDE6
S214017D7004E0174A059B9360069B01938020FFF75A
S214017D806FFD0346052B0FD133F0B1FE0290FFF7CE
S214017D902BF90346C3F102031946029824F0B3F8FF
S214017DA000F01CFD00F092FA019A069B9A4203D855
S214017DB00121002000F044FF00BF09B05DF804FB7C
S214017DC00080005000C0015040420F0080841E0019
S214017DD00000015000B583B001908020FFF740FD00
S214017DE00346032B00F0E280724B03F580531A46DC
S214017DF04FF400235366704B45F60E02C3F88020FD
S214017E006D4B03F580531A46022393626A4B03F5C2
S214017E1000531A460123936200BF674B9B6D03F420
S214017E208033002BF9D1019B1B681A06019B5B6806
S214017E301B051A43019B1B7B1B041A43019B5B7B9F
S214017E401B031A43019B9B7B9B011343019AD27B25
S214017E501146594A0B431361574B9B6903F0004285
S214017E60019B1B699B061A43019B5B691B061A4310
S214017E70019B1B7E1B041A43019B5B7E1B02134363
S214017E80019A927E11464C4A0B4393614A4B1B6AF8
S214017E9023F00D03019AD269002A01D1002200E0E5
S214017EA008221A43019BDB7E9B001A43019BDB6978
S214017EB0414913430B62019BDB69002B57D13E4BB3
S214017EC09B6A23F03302019B93F820305B011A432F
S214017ED0019B93F821301B011343374A43F00103FA
S214017EE0936200BF344B9A6D344B1340334A93422E
S214017EF0F8D1314B03F580531A46022393622E4B79
S214017F0002221A6500BF2C4B9B6D03F08043002BA9
S214017F10F9D1294B1B6923F47002019B9B681B0551
S214017F20254913430B61244B03F580531A464FF042
S214017F3000439361019B93F8223083F00103DBB287
S214017F40002B05D01C4B03F500531A4602239362FF
S214017F50019B93F8233083F00103DBB2002B1BD087
S214017F60154B03F500531A460123936214E0124B96
S214017F709B6A23F03302019B93F820305B011A437E
S214017F80019B93F822305B001343019A92F8232059
S214017F901146094A0B439362019B93F82430002B48
S214017FA005D0054B064AC3F8802000E000BF03B0A9
S214017FB05DF804FB0080005000C000500300014043
S214017FC0F1A7FFFF024B93F900301846704700BF38
S214017FD0713A002084B001904F230393019B5B7894
S214017FE08DF80B309DF80B20039B934228BF134658
S214017FF08DF80A30284B03F580531A464FF4800358
S2140180005366264B4FF4D1525A62244B03F58053E4
S2140180101A4602235360214B03F500531A460123E7
S214018020536000BF1D4B1B6903F48033002BF9D14D
S214018030019B1B781A029DF80A30184913434B61BD
S214018040019B5B681A02019B9B681B011A43019BFB
S2140180501B7B5B001343019A527B11460F4A0B436D
S2140180609360019B9B7B5A01019BDB7B1B011A439F
S214018070019B1B7C5B001343019A527C1A43074BFE
S2140180805A60019B9B7C002B03D0044B6FF4D152AA
S2140180905A6200BF04B070470080005000000250D2
S2140180A082B00346ADF80630034ABDF806301380A9
S2140180B000BF02B0704700BF4441002082B00346B3
S2140180C0ADF80630034ABDF80630138000BF02B093
S2140180D0704700BF4641002000B587B003468DF8C3
S2140180E00730002303930023059300230493274BB3
S2140180F003F580531A464FF400135366244B0222AD
S2140181005A6000BF224B9B6803F48033002BF9D1E1
S2140181109DF80730012B2ED131F0D0FF0390039B41
S2140181201C4A934205D11C4B059345F67A130493DA
S21401813017E0039B194A934205D1194B059345F65F
S2140181401A0304930DE0039A13469B0013445B0A3B
S2140181500593144B0493039B5B0A049AB2FBF3F357
S21401816004930B4A059BD362094A049B1363084B8D
S21401817001225A6202E0064B00225A62044B002298
S2140181805A6000BF07B05DF804FB00BF00800050D6
S2140181900040025000F04902D8B80500C01753024B
S2140181A0BBCF05006466666600B585B00190009198
S2140181B000230393284BD3F8243103F00703062B3F
S2140181C037D801A252F823F02D820100E581010083
S2140181D0FD8101001582010021820100F18101006B
S2140181E00982010031F024FF03900523029323E066
S2140181F031F01EFF0390062302931DE031F05EFF6F
S21401820003900323029317E031F058FF03900423F1
S214018210029311E031F04CFF0390022302930BE02E
S21401822031F052FF03900723029305E001230293E6
S21401823002E00023029300BF019B002B02D0019BAA
S214018240039A1A60009B002B02D0009B029A1A60C8
S21401825000BF05B05DF804FB0080005000B583B098
S21401826001900091124BD3F8203203F00303012B47
S21401827002D0022B05D009E00099019800F07EF8A3
S21401828011E00099019800F0BBF80CE0019B002B6F
S21401829002D0019B00221A60009B002B02D0009B9B
S2140182A000221A6000BF00BF03B05DF804FB00BFE8
S2140182B000800050044B03F580531A464FF4803378
S2140182C0136700BF704700BF0080005008B58020CC
S2140182D0FEF7DCFF0346064A934206D8054B03F534
S2140182E000531A464FF48033136700BF08BD00BF22
S2140182F0005A62020080005000B585B001900091DE
S214018300002303931C4BD3F8003103F00303032B24
S2140183101FD801A252F823F04D83010029830100E2
S214018320358301004183010031F0C8FE0390032329
S214018330029311E031F0CEFE0390082302930BE086
S21401834031F0C2FE03900723029305E00123029356
S21401835002E00023029300BF019B002B02D0019B89
S214018360039A1A60009B002B02D0009B029A1A60A7
S21401837000BF05B05DF804FB0080005000B585B075
S21401838001900091002303931C4BD3F8203103F096
S2140183900303032B1FD801A252F823F0D183010057
S2140183A0AD830100B9830100C583010031F040FEB1
S2140183B003900523029311E031F080FE039003231E
S2140183C002930BE031F074FE03900223029305E062
S2140183D00123029302E00023029300BF019B002BBE
S2140183E002D0019B039A1A60009B002B02D0009BCF
S2140183F0029A1A6000BF05B05DF804FB00800050C9
S21401840000B585B001900091002303931C4BD3F86F
S214018410403103F00303032B1FD801A252F823F0C7
S21401842055840100318401003D8401004984010026
S21401843033F01EFB03900923029311E031F04AFE4C
S2140184400390082302930BE033F016FB03900B23F3
S214018450029305E00123029302E00023029300BF8A
S214018460019B002B02D0019B039A1A60009B002BF4
S21401847002D0009B029A1A6000BF05B05DF804FBAB
S2140184800080005000B585B0019000910023039351
S2140184901C4BD3F8603103F00303032B1FD801A252
S2140184A052F823F0D9840100B5840100C18401008B
S2140184B0CD84010033F0DCFA03900923029311E026
S2140184C031F008FE0390082302930BE033F0D4FA50
S2140184D003900B23029305E00123029302E000239D
S2140184E0029300BF019B002B02D0019B039A1A60E6
S2140184F0009B002B02D0009B029A1A6000BF05B0B9
S2140185005DF804FB0080005084B0019000914FF4A8
S21401851040130393009B002B0AD1019B0D4A934203
S21401852003D94FF4801303930FE0002303930CE069
S214018530009B002B09DD019B064A934203D94FF4A9
S2140185408013039301E000230393039B184604B0B2
S214018550704700BF005A620200B585B001900091D5
S214018560184B03F580531A464FF4003393660020E8
S214018570FEF780FD0246019B02FB03F30193FEF723
S2140185804BFD03468DF80F30FEF75CFDFEF762FDEE
S214018590034623F44013029300990198FFF7B4FFB2
S2140185A00246029B134302930298FEF759FD9DF87B
S2140185B00F30002B01D0FEF73DFD00BF05B05DF882
S2140185C004FB00BF0080005084B001900023039399
S2140185D0019B594A934200F0A380019B564A93425D
S2140185E000F2A380019B554A934200F09480019BC0
S2140185F0524A934200F29980019B514A934200F0FD
S2140186008580019B4E4A934200F28F80019B4D4A22
S214018610934276D0019B4B4A934200F28680019B9F
S214018620494A934268D0019B474A93427DD8019BB1
S214018630464A93425BD0019B444A934275D8019BBC
S214018640434A93424ED0019B414A93426DD8019BC7
S214018650404A934242D0019B3E4A934265D8019BD1
S2140186603D4A934236D0019B3B4A93425DD8019BDB
S2140186703A4A93422AD0019B384A934255D8019BE5
S214018680374A93421ED0019B354A93424DD8019BEF
S214018690344A934212D0019B324A934245D8019BF9
S2140186A0314A93420AD0019B2F4A93423DD8019BFF
S2140186B0002B3CD0019B2D4A934236D12C4B9B6D0F
S2140186C0039335E02A4B5B6E039331E0284B1B6F17
S2140186D003932DE0264B5B6F039329E0244B9B6F9E
S2140186E0039325E0224BD3F88030039320E0204B00
S2140186F0D3F8843003931BE01D4BD3F888300393E3
S21401870016E01B4BD3F88C30039311E0184BD3F8CB
S214018710903003930CE0164BD3F89430039307E0A4
S214018720134BD3F89830039302E000BF00E000BF7C
S214018730039B184604B0704700B4C4040090D003ED
S214018740007E5603006CDC0280D543020048E80137
S21401875080BA8C01C0EA21010024F400405DC60005
S214018760C0CF6A0000093D0080841E0040420F0011
S2140187700080E00F00B585B00190009100230293C0
S214018780154BD3F8803103F00303012B02D0022BE3
S21401879008D00EE002AB00211846FFF7EFFD0F23CD
S2140187A0039309E031F084FC03460293022303930A
S2140187B002E00023039300BF019B002B02D0029A24
S2140187C0019B1A60009B002B02D0009B039A1A6043
S2140187D000BF05B05DF804FB0080005000B583B013
S2140187E0022301934FF4C070FEF750FD0346074A7B
S2140187F0934201D80123019301994FF42070FEF7AB
S21401880083FC00BF03B05DF804FB00BF80F0FA02F2
S21401881000B585B00190009100230393194BD3F85E
S214018820403203F00303032B12D0032B16D8012B7F
S21401883002D0022B06D011E033F01AF90390092377
S21401884002930EE031F046FC03900823029308E001
S21401885033F012F903900B23029302E000230293F4
S21401886000BF019B002B02D0019B039A1A60009B5C
S214018870002B02D0009B029A1A6000BF05B05DF87B
S21401888004FB00BF0080005000B585B00190009148
S21401889000230393214BD3F8003203F00703042B84
S2140188A029D801A252F823F0F1880100BD88010001
S2140188B0C9880100D5880100E188010033F0D8F8A5
S2140188C003900923029319E031F004FC0390082376
S2140188D0029313E033F0D0F803900B2302930DE0DC
S2140188E031F088FB03469B0A03930E23029305E0AF
S2140188F00123029302E00023029300BF019B002B99
S21401890002D0019B039A1A60009B002B02D0009BA9
S214018910029A1A6000BF05B05DF804FB00800050A3
S21401892000B585B00190009100230393114B1B689D
S21401893003F00403002B06D031F05CFB03460393DF
S2140189400C23029305E002AA03AB11461846FFF773
S21401895057FD019B002B02D0039A019B1A60009BD6
S214018960002B02D0029A009B1A6000BF05B05DF88A
S21401897004FB00BF10E000E0024B034A1A6400BF8C
S214018980704700BF004009503254FFFF024B4AF6C1
S214018990CD321A6400BF70470040095008B500BFC9
S2140189A00421044823F0F0FA0346002BF8D100BF57
S2140189B000BF08BD8440005008B5FFF7EFFF044B29
S2140189C0D3F884309B0903F00303DBB2184608BDD5
S2140189D00040005082B00190044B03F500531A4644
S2140189E0019BC2F8203400BF02B0704700C003509C
S2140189F000B585B003468DF807309DF80730002B8B
S214018A0013D12D4B00221A602C4B03F580531A46C6
S214018A104FF4003353662A4B5B68012B47D1274B33
S214018A20D3F80031244A136041E0234B1B68002B26
S214018A303DD0234B5B68012B39D0204A1E4B1B6867
S214018A40C2F800318020FEF70BFF0346052B28D124
S214018A504FF4C070FEF70EFB0390039B012B04D16D
S214018A6002214FF4C070FEF74FFB154B03F5005380
S214018A701A4607231361124B03F580531A46012346
S214018A80536000BF0E4B1B6903F00103002BF9D0A6
S214018A90039B012B0BD101214FF4C070FEF734FB71
S214018AA005E0074B03F580531A460123536000BFC8
S214018AB005B05DF804FB00BF042C002000800050C8
S214018AC000C0015000B583B00190019B1A78054B98
S214018AD01A700121002000F0B3F800BF03B05DF862
S214018AE004FB00BF002C002082B00190064B5B6F98
S214018AF023F44072019B5B781B02034913434B67C7
S214018B0000BF02B0704700BF0040005000B585B0FE
S214018B1003468DF807309DF80730002B02D0002061
S214018B20FFF766FF194B1B69184A43F004031361EC
S214018B3032F074F923F043FA154B5B6E03F0806351
S214018B40002B02D01348FFF745FF32F0A6FF039033
S214018B5033F0BAFA039832F093FF23F032FA05F0B5
S214018B6065FF9DF80730002B02D00120FFF740FF7C
S214018B709DF8073083F00103DBB2002B01D032F001
S214018B80BCFF00BF05B05DF804FB00BF00ED00E0D0
S214018B90008000500000FF0F00B585B003468DF839
S214018BA007309DF80730002B02D00020FFF720FF8A
S214018BB0174B1B69164A43F004031361154B5B6E92
S214018BC003F08063002B02D01348FFF703FF32F057
S214018BD025F932F062FF039033F076FA039832F00B
S214018BE04FFF05F023FF9DF80730002B02D0012030
S214018BF0FFF7FEFE9DF8073083F00103DBB2002B82
S214018C0001D032F07AFF00BF05B05DF804FB00BF6B
S214018C1000ED00E0008000500000FF0F82B00190E0
S214018C20064BDB6E23F03003019A12791146034A94
S214018C300B43D36600BF02B0704700BF0040005030
S214018C4000B585B001900B468DF80330019B002BD3
S214018C5003D131F0F3F9039001E0019B03930D4B2F
S214018C601B78002B0AD0039B0B4A934206D89DF82B
S214018C7003301946012000F011F806E09DF8033094
S214018C801946022000F00AF800BF00BF05B05DF8E3
S214018C9004FB00BF002C0020005A620210B586B00B
S214018CA003460A468DF8073013468DF80630FFF75F
S214018CB083FE03461A469DF80730934240D031F0B2
S214018CC0BDF90590059B04939DF80730012B03D150
S214018CD00121059823F017F932F0DFFE03901A4BB5
S214018CE003F500531A464FF0007353669DF807309C
S214018CF0184623F074F9144C9DF80730184623F0F3
S214018D0050F90346236702E00F4BD3F884300E4B2D
S214018D105B6E03F00073002B06D10B4BD3F8843047
S214018D2003F02003002BEFD0039832F0A9FE9DF844
S214018D300730022B05D10021059823F0E4F800E066
S214018D4000BF06B010BD00BF0040005000B587B0A0
S214018D5003468DF807300023059300230493444B04
S214018D6003F580531A464FF000435366414B03F513
S214018D7080531A46012353603E4B5B6C03F001039C
S214018D80002B14BF012300238DF80F30FFF7FEFDE3
S214018D909DF80730002B2BD1364B9B6803F001035F
S214018DA00293029B002B19D0324B03F500531A464F
S214018DB00123936002E0049B013304932D4BDB6A8D
S214018DC003F00103002B03D1049B2B4A9342F2D9F3
S214018DD0049B294A934201D907230593254B03F5A2
S214018DE000531A460123536035E0049B0133049374
S214018DF0204BDB6A03F00803002B03D0049B1E4ABA
S214018E009342F2D9049B1C4A934202D90723059345
S214018E1021E0184B03F500531A4620235362154BE5
S214018E2003F580531A46012393600023049302E05E
S214018E30049B013304930F4B5B6A03F02003002B62
S214018E4003D1049B0C4A9342F2D9049B0A4A9342EB
S214018E5001D9072305939DF80F30002B01D0FFF7AA
S214018E608BFD2EF048FA059B184607B05DF804FB0B
S214018E7000800050004009503F420F0000B585B009
S214018E8001902B4B03F580531A464FF0004353666F
S214018E90284B03F580531A4601235360254B5B6C20
S214018EA003F00103002B14BF012300238DF80F30BC
S214018EB0FFF76CFD019B5B785B001F4A43F00103E3
S214018EC0D3631C4B9B6823F07402019B9B781B01A8
S214018ED01343019AD278002A01D0042200E000222E
S214018EE0144913438B60019B1B791B02019A9279EB
S214018EF01146104A0B431361019B5B791B02019AD1
S214018F00D27911460B4A0B435361019B1B781846D5
S214018F10FFF71CFF9DF80F30002B01D0FFF72CFD4B
S214018F202EF0E9F90123184605B05DF804FB00BFF1
S214018F3000800050004009500040005000B583B04A
S214018F400190019823F0F2F8019B0022DA60019B60
S214018F5000229A60019B41F202021A61019B0022E3
S214018F60DA61019B00225A61019B00229A61019BF2
S214018F7000221A62019B00225A62019B0022DA62D9
S214018F80019B00229A64019B03F500531A46044B89
S214018F905364019B00229A6200BF03B05DF804FB94
S214018FA07F370C0100B587B0039002910192002330
S214018FB08DF81730029B002B07D1039800F05AF862
S214018FC003461846FEF762F90290039B5B68039B13
S214018FD09B6803F0E003802B1ED0802B20D8602BEB
S214018FE016D0602B1CD8402B0ED0402B18D8002B47
S214018FF002D0202B04D013E010238DF8173010E098
S21401900008238DF817300CE006238DF8173008E09A
S21401901004238DF8173004E001238DF8173000E0A3
S21401902000BF9DF81730002B1ED0029B5A019DF8F9
S2140190301730019901FB03F3B2FBF3F30493049B8E
S214019040203B0493049BDB000493049A084B1340D3
S21401905004930121039822F0D0FF039B049A9A629D
S2140190600121039822F0C9FF00BF07B05DF804FB99
S214019070F8FF7F0084B00190019B054A934203D11B
S21401908038230393039B00E00023184604B070477F
S2140190900000035A00B585B0039002910192009337
S2140190A0039B5B68002B04D040F2FF71039822F00B
S2140190B0A4FF0398FFF742FF039B1B6923F44C535D
S2140190C023F00303029A527B1343029AD289134375
S2140190D0029A128A1A43039B1A61039B9B6823F028
S2140190E0804323F0E203029A127B1343029A127E14
S2140190F01A43029B5B691A43039B9A60029B9B6817
S214019100002B05D1039B9B6843F00042039B9A60AA
S214019110029BDB69002B00F09780039B9A686D4BDE
S2140191201340029AD269127A92051A43029BDB69AE
S2140191309B7A5B041A43029BDB699B8803F4C0435A
S2140191401A43029BDB695B789B001A43029BDB692F
S2140191505B7BDB001A43029BDB699B7B1B011A438B
S214019160029BDB699B789B021A43039B9A60039BD5
S214019170DB6823F4D81323F4C063029AD269126918
S2140191801A43029BDB695B691A43029BDB699B7985
S2140191909B021A43029BDB69DB795B021A43039B42
S2140191A0DA60029BDB691B78012B04D0029BDB692A
S2140191B01B78032B05D1039BDB6843F00402039B5A
S2140191C0DA60029BDB691B78022B04D0029BDB6909
S2140191D01B78032B03D1404B01221A6002E03F4B60
S2140191E001221A60029BDB695B7A1A46039B03F530
S2140191F080531A62029BDB695B7A002B05D0039BC6
S214019200DB6843F40062039BDA60029BDB69DB7A6E
S214019210002B0FD0039BDB6843F40042039BDA600C
S214019220029BDB691B7B2E4A03F00F0302F580527B
S214019230C2F88030039BDB6923F00303029AD269EC
S214019240D27B1A43039BDA61019B002B1DD0019B45
S21401925093F82030002B06D0039B03F580531A4663
S2140192600123936111E0039B5B6923F00903019AD3
S21401927092F822201343019A92F82120134343F0D7
S2140192800103039A02F5805253610521039822F0E7
S214019290EFFE029B9B68002B07D0029B5968029B3E
S2140192A09B681A460398FFF77DFE029B1B781946BA
S2140192B0039822F0DDFE00BF039822F097FE0346D6
S2140192C0DB4303F44053002BF6D100BF00BF05B0CB
S2140192D05DF804FBE39BBDFFC0D40350C0E403501C
S2140192E00080035082B0034600918DF807309DF848
S2140192F00730002B0AD09DF80730012B06D09DF8C9
S2140193000730022B02D09DF80730032B08489DF842
S21401931007200121009B994013465B0013441B0163
S214019320034403F500531033196000BF02B07047C1
S21401933000C0035082B0034600918DF807309DF8B7
S2140193400730002B0AD09DF80730012B06D09DF878
S2140193500730022B02D09DF80730032B08489DF8F2
S21401936007200121009B994013465B0013441B0113
S214019370034403F580531033196000BF02B07047F1
S21401938000C0035008B5152023F0FDFE094B00224E
S2140193905A65084BFF229A62064B00225A6000214A
S2140193A02020FDF741FF00212120FDF73DFF00BFF2
S2140193B008BD00BF0000045000B583B001900B4605
S2140193C08DF8033001999DF8033083F00103DBB279
S2140193D01A46034822F06FFF00BF03B05DF804FB96
S2140193E04000045000B585B0019001212020FDF712
S2140193F01BFF01212120FDF717FF1B4B01225A609D
S214019400019B1B781B060393174A039B9360019BE2
S2140194105B781B04019A92781146134A0B439361B9
S214019420114BFF229A62104B00229A630E4B0022C8
S2140194301A640D4B4FF000425A650B4B03F500536F
S2140194401A464FF0FF331365152003F0C7F8019B4A
S214019450DB781946152023F0B4FE152023F0A2FE72
S21401946000BF05B05DF804FB0000045000B587B0EE
S214019470039002910192039BDBB21A4601239340AB
S21401948005933D4B03F500531A46059B13653B496F
S214019490029B1A68039B41F82320029B5B7B36499B
S2140194A01846039A13465B0013441B010B446033B2
S2140194B01860029B9B7A1A04029BDB7A1B051A43EF
S2140194C0029B1B7B5B0513432B491846039A1346E5
S2140194D05B0013441B010B445C331860019B264858
S2140194E023F00301039A13465B0013441B01034454
S2140194F07033196032F0EBFA04900599204822F097
S214019500F3FE029B1B7A002B05D01B4B1A6C1A49E3
S214019510059B13430B64029B5B7A002B05D0164B0D
S2140195209A6B1549059B13438B63029B1B791B049E
S214019530029A92791343104A03F0FF1302F5005280
S2140195409361029B5B791B04029AD27913430A4A00
S21401955003F0FF1302F5805293610599094822F042
S214019560D0FE054A059B9364049832F0A2FA00BF28
S21401957007B05DF804FB00BF000004500040045033
S214019580540004503400045000B585B00190019B8E
S214019590DBB21A4601239340039332F098FA029005
S2140195A0084B5A6D039BDB43064913404B65054A3E
S2140195B0039B9362029832F07CFA00BF05B05DF817
S2140195C004FB00BF0000045000B587B001900023E3
S2140195D08DF81730019BDBB21A46012393400493A2
S2140195E032F075FA03900C4BDA6A049B1340002B99
S2140195F009D1094B5A6B049B1340049A9A4202D133
S21401960001238DF81730039832F053FA9DF817307E
S214019610184607B05DF804FB0000045000B587B09B
S2140196200190019BDBB21A4601239340059332F069
S2140196304EFA0490114B5B6B03931049019A134643
S2140196405B0013441B010B4464331B6802930498AC
S21401965032F02FFA039A059B13400393039B002BCA
S21401966001D0002306E0029B1B09C3F30A03029301
S214019670029B0133184607B05DF804FB0000045056
S214019680094B03F580531A464FF400339366074B94
S21401969041F67132DA63054B03F500531A4601238E
S2140196A0D36000BF704700BF008000500000035029
S2140196B00A4B41F67132DA63084B03F500531A463A
S2140196C00123D360054B0022DA63054B03F50053F3
S2140196D01A464FF40033936600BF704700000350EC
S2140196E00080005084B001900091009B1B781A46C0
S2140196F0009B5B789B001A43009BDB785B011A4357
S214019700009B1B791B014FF0B04042EA0301019A0E
S21401971013465B0013449B00034430331960009BDF
S2140197201B78012B09D1064B0393009B9978019B6B
S2140197309B00039A13440A461A6000BF04B07047A0
S214019740E8800350054B03F580531A464FF48033E7
S2140197505366034B5B691846704700BF0080005094
S21401976000C00750F0B482B00E4B9B6C01930D4BBA
S214019770DB6C00221E4617464FF000024FF0000336
S21401978033000022019E00273046394642EA000493
S21401979043EA010522462B461046194602B0F0BCA4
S2140197A0704700BF0080E00F024B1B681B0CDBB24A
S2140197B0184670470080E00F82B0074B9B68DBB20B
S2140197C00193019B0A3303F01F03012202FA03F3FC
S2140197D0184602B0704700BF0080E00F82B00190CB
S2140197E00B468DF80330019B0D4A934205D10D4A75
S2140197F09DF80330C2F88C3108E0019B0A4A934277
S21401980004D1084A9DF80330C2F89C31019BDB6DF8
S21401981043F08002019BDA6500BF02B0704700BFCB
S21401982000C00550008003500000065000B583B00C
S21401983001900091019B3C4A934202D0019B3B4A16
S2140198409342019800F074F8019B03F580531A4681
S21401985001235360019B9A68009B1B8A43F0010316
S2140198609BB21946009B9B7B002B02D04FF4806372
S21401987000E000230B431A43019B9A60019B9B68FF
S214019880009A127D002A02D04FF0005200E000221A
S2140198901A43019B9A60009B9B7C002B05D0009B82
S2140198A0DB7C19460198FFF799FF009B1B7B43F46D
S2140198B08052019BDA60009B5968009B9B681A46A0
S2140198C0019822F0E6FD009B5B7B002B02D0019BFA
S2140198D010225A61009B5B7D002B05D0019B9B6883
S2140198E043F48032019B9A60009B9B7D002B05D040
S2140198F0019B9B6843F40042019B9A60009BDB7DC1
S2140199001B0703F0E042009B1B7E1B0503F4E003EC
S2140199101A43019B9A65009B1B781A46019B5A6164
S21401992000BF03B05DF804FB00C005500000065000
S21401993082B00190019B254A934202D0019B244AA2
S2140199409342019B03F580531A4601235360019B02
S21401995040F6AA625A61019B00229A60019B00228E
S214019960DA65019B41F20502DA60019B00221A6169
S214019970019B0022DA61019B0022DA64019B03F558
S21401998000531A46134B9364019B00229A65019B70
S2140199900E4A934203D0019B0D4A934202D1019B8A
S2140199A000221A65019B094A934203D0019B084A8B
S2140199B0934202D1019B00225A65019B03F5005395
S2140199C01A460123536000BF02B0704700C005501D
S2140199D000000650FFFF0100024BD3F81033184673
S2140199E0704700BF00C0035082B00190019B1B78F6
S2140199F0002B0AD0019B1B78012B06D0019B1B78FC
S214019A00022B02D0019B1B78032B019B5B781A4625
S214019A100949019B1B781846012303FA02F2034603
S214019A205B0003441B010B4403F5005310331A601B
S214019A3000BF02B0704700BF00C0035084B0019061
S214019A40019B1B78002B0AD0019B1B78012B06D0AB
S214019A50019B1B78022B02D0019B1B78032B0D4A1E
S214019A60019B1B7819460B465B000B441B011344F4
S214019A7014331B68019A5278D34003F00103002B7C
S214019A8014BF012300238DF80F309DF80F301846C0
S214019A9004B0704700C0035082B00190044B03F538
S214019AA080531A46019BC2F8243400BF02B07047A7
S214019AB000C0035082B00190044B03F500531A46D0
S214019AC0019BC2F8243400BF02B0704700C00350A7
S214019AD082B00190044B03F500531A46019BC2F86D
S214019AE0203400BF02B0704700C00350024BD3F8C9
S214019AF024341846704700BF00C0035082B0064B9E
S214019B00D3F824340193044BD3F82024019B13404B
S214019B10184602B0704700BF00C0035084B0034629
S214019B208DF807300F4BDB6E03F030030393039B76
S214019B30202B13D09DF80730002B08D0094BDB6E85
S214019B4023F03003074A43F01003D36607E0054BC2
S214019B50DB6E044A23F03003D36600E000BF04B096
S214019B60704700BF0040005084B003468DF80730B0
S214019B709DF80730002B01D0012300E0002303935A
S214019B80039B002B07D0094B03F580531A4601238C
S214019B90C2F8443406E0054B03F500531A46012388
S214019BA0C2F8443400BF04B0704700BF00C0035081
S214019BB000B585B001900B468DF8033013468DF83D
S214019BC0023000238DF80F30019B1B78002B0AD042
S214019BD0019B1B78012B06D0019B1B78022B02D020
S214019BE0019B1B78032BFFF7F7FE9DF803300F2B25
S214019BF062D801A252F823F0399C0100419C010071
S214019C00499C0100519C0100599C0100619C010086
S214019C10699C0100719C0100799C0100819C0100F6
S214019C20899C0100919C0100999C0100A19C010066
S214019C30A99C0100B19C010000238DF80F303CE087
S214019C4001238DF80F3038E002238DF80F3034E011
S214019C5003238DF80F3030E004238DF80F302CE00D
S214019C6005238DF80F3028E006238DF80F3024E009
S214019C7007238DF80F3020E008238DF80F301CE005
S214019C8009238DF80F3018E00A238DF80F3014E001
S214019C900B238DF80F3010E00C238DF80F300CE0FD
S214019CA00D238DF80F3008E00E238DF80F3004E0F9
S214019CB00F238DF80F3000E000BF9DF80330002B16
S214019CC00AD09DF80230002B03D0019830F0BCFA80
S214019CD002E00198FFF788FE019B5B78072B1DD8F1
S214019CE0019B1B781A4613465B0013441B01043381
S214019CF003F1A04303F57033019A527892000F21C5
S214019D0001FA02F09DF80F10019A5278920001FABA
S214019D1002F20146184622F081FC1EE0019B1B78E8
S214019D201A4613465B0013441B010C3303F1A04390
S214019D3003F57033019A5278083A92000F2101FA1E
S214019D4002F09DF80F10019A5278083A920001FA33
S214019D5002F20146184622F061FC9DF80330002B02
S214019D600AD19DF80230002B03D0019830F06CFA2E
S214019D7002E00198FFF738FE00BF05B05DF804FB6E
S214019D8000B587B00390029113468DF80730039B08
S214019D901B78002B0AD0039B1B78012B06D0039B54
S214019DA01B78022B02D0039B1B78032B9DF80730F0
S214019DB0002B0AD09DF80730012B06D09DF80730FE
S214019DC0022B02D09DF80730042BFFF705FE029BFD
S214019DD0B3F1FF3F01D0029B002B029BB3F1FF3F83
S214019DE009D1FFF783FE0590039B5B78059918461A
S214019DF022F08AFB0290029BB3F1FF3F00F08680BF
S214019E00029B002BC0F28280029B072B21DC029B67
S214019E109B00032202FA03F1039B1B781A46029B5E
S214019E209B0002FA03F31A463B4822F0F7FB029B1B
S214019E309B00032202FA03F1039B5B7803F0030203
S214019E40029B9B0002FA03F31A46344822F0E6FB13
S214019E5023E0029B083B0493049B9B00032202FA27
S214019E6003F1039B1B781A46049B9B0002FA03F33B
S214019E701A462B4822F0D2FB049B9B00032202FACF
S214019E8003F1039B5B7803F00302049B9B0002FA39
S214019E9003F31A46234822F0C1FB9DF8073003F06E
S214019EA00103002B05D19DF8073003F00403002BB6
S214019EB006D0029B012219461B4831F023FE05E01D
S214019EC0029B00221946184831F01CFE9DF8073007
S214019ED003F00203002B05D19DF8073003F00403BD
S214019EE0002B06D0029B01221946104831F00AFECB
S214019EF005E0029B002219460C4831F003FE0122C0
S214019F00029B02FA03F31846FFF7E2FD029B18468E
S214019F1007B05DF804FB00BF00C4035008C403503B
S214019F2004C403500CC4035010C4035014C403509B
S214019F3000B583B001900091124BD3F83024019BF9
S214019F40DB4310491340C1F830340E4BD3F83024AC
S214019F500199009B0B400B491343C1F83034094B60
S214019F60D3F82C240749019B1343C1F82C34012054
S214019F70FFF7D4FD0198FFF7ABFD00BF03B05DF816
S214019F8004FB00BF00C0035000B585B00190134B21
S214019F9003F580531A464FF48033536600F084F875
S214019FA00390039B1B0BDAB2019B1A70039BDBB277
S214019FB003F03F03DAB2019B5A70019B4FF6FF7222
S214019FC05A80039B9B099BB203F03F039AB2019B05
S214019FD09A8000BF05B05DF804FB00BF008000500A
S214019FE000B583B000238DF8073000F055F803461E
S214019FF0ADF80430BDF80430154AA2FB03239B09D3
S21401A0009BB24133ADF802304323ADF80230BDF8C0
S21401A0100230432B0ED0432B10DC412B02D0422BB7
S21401A02004D00BE004238DF807300BE005238DF8F0
S21401A030073007E003238DF8073003E000238DF88F
S21401A040073000BF9DF80730184603B05DF804FBE3
S21401A050D34D6210F0B482B00E4B9B6C01930D4B46
S21401A060DB6C00221E4617464FF000024FF000033D
S21401A07033000022019E00273046394642EA00049A
S21401A08043EA010522462B461046194602B0F0BCAB
S21401A090704700BF0080E00F024B5B689BB218461A
S21401A0A0704700BF0080E00F014B5B6918467047A0
S21401A0B000C0075030B585B0019001982DF046F9E3
S21401A0C00390039B002B09D1064A019B14461D46AB
S21401A0D00FCD0FC495E8030084E80300039B1846E0
S21401A0E005B030BD082C00208EB001900B468DF8CF
S21401A0F003301346ADF80030BDF9003047F6FF7265
S21401A100934201D1FF23F7E09DF80330022B00F2C2
S21401A110F2809DF803307A4AD35C012B00F2EB8083
S21401A1209DF80330764AD35CDB00764A13440893E5
S21401A130089B9B780793089B1B78012B2BD1002348
S21401A1400D93089BDB781A46079BD31A0C9317E0EE
S21401A1500C9A0D9BD31A5B080C9AD31A0393089B8F
S21401A1605A68039B5B001344B3F90030BDF9002025
S21401A1709A4203DA039B013B0C9301E0039B0D9388
S21401A1800D9A0C9B9A42E3D30C9BDAB2079BDBB287
S21401A1901344DBB2B0E0089B5B680693069B002B7A
S21401A1A001D10023A8E0069BB3F90030BDF90020D9
S21401A1B09A4204DD069B1B88ADF800300AE0069B38
S21401A1C0B3F90230BDF900209A4203DA069B5B8898
S21401A1D0ADF80030C823ADF82E302823ADF82C306A
S21401A1E00023ADF82A30069B9B88FF2B0DD1BDF8C6
S21401A1F02A3001339BB2ADF82A30069BDB88ADF8D6
S21401A2002E30069B9B68ADF82C30BDF92E20BDF98B
S21401A2100030D21ABDF92C3092FBF3F39AB2BDF896
S21401A2202A3013449BB2ADF82A30089B5B781A4655
S21401A230BDF92A309A4203DDBDF92A30002B05DA32
S21401A240089B5B78013B9BB2ADF82A30BDF92A30FA
S21401A250DB00069A134404330593059B5A68059B55
S21401A260B3F902301946BDF9003001FB03F313447C
S21401A2700493049B002B02DA0023099301E0049B5C
S21401A2800993099B5C33204AA2FB03239B0909938C
S21401A290BDF92A309BB201339BB2ADF82A30BDF925
S21401A2A02A30089A5278934209DABDF92A30069A7A
S21401A2B0DB0013449B881A46099B9342C6D9BDF915
S21401A2C02A30013B069ADB0013449B881A46099BF9
S21401A2D0934207D9BDF92A30013B069ADB001344A5
S21401A2E09B880993099A079B9A4201D2079B099377
S21401A2F0099BDBB200E0002318460EB0704700BF92
S21401A30004CE0400082C0020D34D621088B00190C2
S21401A3100B468DF8033013468DF802309DF8033056
S21401A320022B00F2C1809DF80330614AD35C012BF9
S21401A33000F2BA809DF803305D4AD35CDB005D4ACB
S21401A34013440693069B1B78012B26D1069BDB78CC
S21401A3509DF802209A4203D9069BDB788DF80230DD
S21401A360069B9B789DF80220D31A8DF802309DF843
S21401A3700220069BDB781946069B9B78CB1A9A42ED
S21401A38002DD00238DF80230069B5A689DF80230E4
S21401A3905B001344B3F9003087E0069B5B680593C6
S21401A3A0059B002B01D1444B7FE0059B04330493AE
S21401A3B0069B9B789DF802209A4203D8059BB3F929
S21401A3C0023072E0069BDB789DF802209A4203D3A6
S21401A3D0059BB3F9003068E000238DF81F30069B1B
S21401A3E05B78013B8DF80F30049B1B88FF2B14D143
S21401A3F001238DF81F3010E09DF81F300133DB007C
S21401A400049A13441A889DF802309BB29A420BD3E1
S21401A4109DF81F3001338DF81F309DF81F209DF8E1
S21401A4200F309A42E8D300E000BF9DF802304FF4A7
S21401A4307A7203FB02F29DF81F30DB0004990B448D
S21401A4405B68D31A02939DF81F30DB00049A13440D
S21401A450B3F90230DA0F13445B101BB21A46029BA3
S21401A46013449DF81F20D20004990A44B2F9022031
S21401A47093FBF2F30293059BB3F900301A46029B55
S21401A480934203DD059BB3F900300EE0059BB3F95B
S21401A49002301A46029B934203DA059BB3F9023057
S21401A4A003E0029B1BB200E0034B184608B070475E
S21401A4B004CE0400082C00200080FFFF08B50448E5
S21401A4C0FFF7F8FD01202CF045FF00BF08BD00BFD7
S21401A4D074CE0400014B1846704700BFA83F002009
S21401A4E000B587B001AB00221A605A609A60DA6044
S21401A4F01A6102238DF804300B4B029302238DF868
S21401A5000D3004238DF80E3002238DF81330052309
S21401A5108DF8143001AB19464FF0FF302CF063FF75
S21401A52000BF07B05DF804FB006A180082B003465E
S21401A5308DF807309DF80730062B1FD801A252F878
S21401A54023F000BF61A5010065A5010075A5010006
S21401A55069A501006DA5010071A5010079A501009D
S21401A5606C230CE05C230AE0542308E0802306E019
S21401A570102304E04C2302E0182300E000231846D1
S21401A58002B0704700B58BB0019000911F4B03934A
S21401A590019B04931E4B059346F61103069300F0A8
S21401A5A01FFA0990099B142B04D107AB184622F019
S21401A5B0A0F904E0099B002B01D0099B21E04FF094
S21401A5C0A84303225A634FF0A84203AB13604FF02F
S21401A5D0A842009B13614FF0A84303229A6300BF71
S21401A5E04FF0A843DB6B03F00303002BF8D1099B64
S21401A5F0142B03D107AB184622F093F900F020FA8A
S21401A600034618460BB05DF804FB00BF202C002063
S21401A6100400002010B5BAB00291019200930346DF
S21401A6208DF80F308F4B31AC0FCB84E80F00409A7A
S21401A630019B13445B4203F00F0337933D9B002BB2
S21401A64004D03D9B5B4203F00F0300E010233693DA
S21401A650419B2D9301232E93429B43F000532F934E
S21401A660429BC3F110031B0203F4F85343F021038A
S21401A67030933D9B002B01D131AB00E0009B299329
S21401A6809DF80F3083F00103DBB2002B04D0429B10
S21401A690002B01D02DAB00E001232A933D9B002B1C
S21401A6A003D03D9B43F0005302E0369B43F000533A
S21401A6B02B939DF80F30002B02D1429B002B01D12A
S21401A6C0212200E00122369B1B0203F4F8531343B8
S21401A6D02C93029B259329AB2693019B43F00053B1
S21401A6E02793379B1B0203F4F85343F04103289347
S21401A6F03F9B2193019B002B01D025AB00E029ABAA
S21401A7002293019B002B01D0002201E04FF0005262
S21401A710409B13432393019B002B06D1379B1B02BF
S21401A72003F4F85343F0410300E0412324933E9B96
S21401A7301D9321AB1E934C4B1F9340F611032093A0
S21401A7409DF80F30002B01D0484B00E0484B199381
S21401A7501DAB1A93474B1B9311231C9315AB002279
S21401A7601A605A609A60DA6001231693429BC3F11D
S21401A770100343F08043179311AB00221A605A600E
S21401A7809A60DA609DF80F3083F00103DBB2002B8C
S21401A79001D031AB00E0419B1193429B102B01D0BD
S21401A7A015AB00E001231293429B13930DAB0022DD
S21401A7B01A605A609A60DA60429B002B01D011AB96
S21401A7C000E001230E93369B43F080430F9309ABC1
S21401A7D000221A605A609A60DA603C9B0993369BA5
S21401A7E0002B01D00DAB05E0429B002B01D011AB35
S21401A7F000E001230A933C9B002B02D14FF08042DC
S21401A80000E000223D9B13430B9305AB00221A6028
S21401A8105A609A60DA603D9B002B01D009AB00E0DC
S21401A8200DAB0693409A019B1A44379B134443F0A1
S21401A8308043079305AA19AB11461846FFF7A2FEF7
S21401A8403590359B002B01D0359B2BE09DF80F30C2
S21401A85083F00103DBB2002B23D0002339930023BE
S21401A860389315E094CE0400100000208CCE04002E
S21401A87090CE04000400002031AA389B13441B78B4
S21401A880DBB21A46399B13433993389B013338930D
S21401A890389A429B9A42EFD3399B002B01D02C2346
S21401A8A000E0002318463AB010BD00BF00B5A3B0C3
S21401A8B00390029101920093029BB3F5807F0AD028
S21401A8C0029BB3F5807F1CD8029B802B0FD0029B86
S21401A8D0C02B0AD015E0249B002B02D040F2344353
S21401A8E001E040F2144321930DE00F2358E0249B2E
S21401A8F0002B02D04FF4866301E04FF4826321936C
S21401A90001E029234CE0249B1D9301231E93102371
S21401A9101F9321232093259B1993249B002B01D061
S21401A9201DAB00E001231A9310231B9301231C93F4
S21401A930019B159301231693102317932123189334
S21401A940194B119315AB1293184B139342F611033F
S21401A9501493009B0D9315AB0E9310230F9342F6A1
S21401A9601103109321AB0993009B002B01D00DAB73
S21401A97000E011AB0A9304230B9311230C93039B62
S21401A980059309AB0693029BDB08079340F6110378
S21401A990089319AA05AB11461846FFF7F3FD0346BF
S21401A9A0184623B05DF804FBB4CE04001000001076
S21401A9B000B583B0094B1B68002B04D1042107485E
S21401A9C025F07BFC0190054B1B68013343F00043E7
S21401A9D0024A136000BF03B05DF804FB202C002080
S21401A9E008B5154B5B6E144A43F004035366124BCD
S21401A9F0D3F88032104A43F00103C2F880320F4B7D
S21401AA005B68C3F30803002B09D000BF4FF0A843CF
S21401AA10DB6B03F04303002BF8D114230AE000BFDD
S21401AA204FF0A843DB6B03F04303002BF8D1FFF78D
S21401AA30BFFF0023184608BD0080005000ED00E06F
S21401AA40054B5B68C3F30803002B01D0002300E02D
S21401AA5000231846704700BF00ED00E0084B03F5E1
S21401AA6080531A464FF400539366054B03F5805303
S21401AA701A460323C2F8603200231846704700BF07
S21401AA8000800050084B03F500531A464FF400535C
S21401AA909366054B03F500531A460323C2F860324A
S21401AAA000231846704700BF0080005010B582B0E2
S21401AAB00190019821F05CFF0346012202FA03F49B
S21401AAC0019821F04AFF03460F4A52F823202146F7
S21401AAD00A430D4941F82320019821F049FF034616
S21401AAE0012202FA03F3DC43019821F036FF034604
S21401AAF0064A52F8232021460A40044941F82320F9
S21401AB0000BF02B010BD00BF242C0020382C00204E
S21401AB1010B586B00190019821F02AFF0346012264
S21401AB2002FA03F4019821F018FF0346164A52F878
S21401AB30232021460A43144941F823200023059384
S21401AB400023049309E0114A049B52F82330059A26
S21401AB5013440593049B01330493049B042BF2D9FD
S21401AB60059B002B0DD10023039307E0064A039BA8
S21401AB70002142F82310039B01330393039B042B0C
S21401AB80F4D900BF06B010BD382C0020242C0020BC
S21401AB9010B582B00190019821F0EAFE0346012229
S21401ABA002FA03F4019821F0D8FE0346054A52F84A
S21401ABB0232021464A40034941F8232000BF02B022
S21401ABC010BD00BF242C002010B582B00190019862
S21401ABD021F0C3FE0346094A52F82340019821F0AA
S21401ABE0C7FE034624FA03F303F00103002B14BF48
S21401ABF001230023DBB2184602B010BD242C00202E
S21401AC0010B582B00190019821F0A7FE0346094ACB
S21401AC1052F82340019821F0ABFE034624FA03F3D1
S21401AC2003F00103002B14BF01230023DBB21846F7
S21401AC3002B010BD382C002082B00190019BA3F514
S21401AC400622A2F6FF42074BA3FB0213D9080B46C6
S21401AC50DB010B44D11A01F5062303F550631846B0
S21401AC6002B07047813FE00F00B583B0CDE9000127
S21401AC70DDE9000121F084FE0146084BA3FB012318
S21401AC80DA081346DB011344CA1A02F5062303F554
S21401AC905063184603B05DF804FB00BF813FE00F28
S21401ACA000B5A9B012AB4022002118462DF001F9DB
S21401ACB002AB4022002118462DF0FBF82A4B2793C1
S21401ACC047E0279B10332693269B284A934201D9B7
S21401ACD0264B2693264B1868269B013B12A9009308
S21401ACE0279B102220F0DDFB2390002325930BE009
S21401ACF0259B9B00A0336B4453F8583C1846FFF73E
S21401AD00D5FE259B01332593259A239B9A42EFD3A3
S21401AD10174B1868269B013B02A90093279B10221C
S21401AD2020F0D4FB2290002324930BE0249B9B006D
S21401AD30A0336B4453F8983C1846FFF7E9FE249B72
S21401AD4001332493249A229B9A42EFD3279B1033F4
S21401AD502793279B074A9342B3D9074B01221A70C0
S21401AD6000BF29B05DF804FB006D08000071080003
S21401AD70843F0020FF700800733A002000B58BB0B6
S21401AD800590049103920293039B002B02D0039B30
S21401AD9000221A60029B002B02D0029B00221A603E
S21401ADA01D4B1868102300930023049A0599FBF79E
S21401ADB0ABFC0990099B002B01D0099B27E0039B64
S21401ADC0002B02D0039B10221A60049B1B68134AB7
S21401ADD0934201D0124B1AE0039B002B16D0029B24
S21401ADE0002B13D00C4B186807AA029B0599FBF79A
S21401ADF0E7FC0890089B002B01D0089B07E0029B0C
S21401AE001A68039B1B68D21A029B1A60099B184694
S21401AE100BB05DF804FB00BF843F0020105D175E99
S21401AE20FFDF00F000B589B0CDE9020100931346BB
S21401AE308DF807300023069300230593DDE9020110
S21401AE40FFF712FF05904E4B1B7883F00103DBB230
S21401AE50002B09D0FBF7A0FF0346002B02D06FF0B2
S21401AE60910388E0FFF71CFF0023049372E0059826
S21401AE70FFF7AAFE034683F00103DBB2002B23D0C3
S21401AE800598FFF7BDFE0346002B09D0069B002B55
S21401AE9001D1059B06930598FFF7CEFE059056E077
S21401AEA09DF80730002B0CD0069B002B04D00C9B82
S21401AEB0069A1A6000235EE00C9B059A1A6000232E
S21401AEC059E06FF08B0356E00B9B0A9A00990598A0
S21401AED0FFF754FF0790079B2A4A934202D0079B2D
S21401AEE0632B0CD1284B1B6805991846FBF772FD9E
S21401AEF00790079B002B02D06FF08B033BE0079B6C
S21401AF00002B06D0079B214A934202D06FF0910393
S21401AF1031E0009BD3E90223DDE90201994208BF33
S21401AF20904204D00598FFF787FE05900FE09DF844
S21401AF300730002B06D0009B5B68012B02D16FF017
S21401AF40840318E00C9B059A1A60002313E0049B07
S21401AF5001330493049B802B89D99DF80730002B7D
S21401AF6007D0069B002B04D00C9B069A1A60002380
S21401AF7001E06FF08B03184609B05DF804FB00BFD3
S21401AF80733A0020FFDF00F0843F0020FEDF00F070
S21401AF9000B58FB0CDE9060105920493059B002B01
S21401AFA005D0049B002B02D16FF086037FE0059B42
S21401AFB040F26C72934202D96FF0910377E0109BD6
S21401AFC0012B05D0109B002B02D06FF085036EE09D
S21401AFD06FF096030D9300230893059B0C930C9B2F
S21401AFE010331946012022F093FD0B900B9B002B8A
S21401AFF002D16FF08C035AE00C9B10331A460021E5
S21401B0000B982CF056FF0B9B0A9321F0A2FC08AB81
S21401B010029300230193002300930A9B0122DDE99A
S21401B0200601FFF7FFFE0D900D9B002B07D00D9B31
S21401B03013F18C0F2DD16FF08D030D9329E00A9B30
S21401B0401D4A1A600A99DDE90623C1E902230A9B13
S21401B050109A5A60059B002B06D00B9B1033059A5D
S21401B060049918462CF030FF144B186808990C9B6D
S21401B07010330B9AFBF78AFA0990099B002B04D12F
S21401B080089B1846FFF712FD04E06FF091030D933D
S21401B09000E000BF0C9B10331A4600210B982CF0E1
S21401B0A008FF0B9822F02AFD21F055FC0D9B18464F
S21401B0B00FB05DF804FB00BF105D175E843F0020F3
S21401B0C000B595B0CDE9060105920493049B002BCB
S21401B0D005D0179B002B02D16FF0860383E0049BFB
S21401B0E0002B11D0169B002B0BD0169BB3F1005FE3
S21401B0F007D3049BC3F1005303F50043169A93420A
S21401B10002D26FF086036EE06FF0960313930CABDA
S21401B11000221A605A609A60DA6000230B930023BB
S21401B120129300230A9321F014FC0CAA09AB029394
S21401B1300BAB01930AAB009313460022DDE906012F
S21401B140FFF770FE1390139B002B48D10B9B1293B5
S21401B150049B002B14D0059A129B9A4206D3129B8D
S21401B160002B03D06FF08603139339E0129B002B5C
S21401B1700ED1059B002B0BD06FF0860313932FE0A7
S21401B180059A129B9A4203D96FF08603139327E020
S21401B190129A059BD31A049A9A4205D9129A059BCC
S21401B1A0D21A179B1A6002E0179B049A1A60104B7A
S21401B1B0186809990A9A059B1A44179B1B680093FD
S21401B1C01346169AFBF7A0FA1190119B002B03D099
S21401B1D06FF09103139303E00023139300E000BF85
S21401B1E021F0B9FB139B184615B05DF804FB00BFB0
S21401B1F0843F002000B591B0CDE904016FF09603BD
S21401B2000F930AAB00221A605A609A60DA60002334
S21401B21009930023089321F09CFB0AAA07AB02932B
S21401B22009AB019308AB009313460022DDE9040144
S21401B230FFF7F8FD0F900F9B002B20D10B9B012BE6
S21401B24003D16FF084030F931AE0114B1B68079A22
S21401B25011461846FBF7BEFB0E900E9B002B0AD13B
S21401B260079B1846FFF794FC079B1846FFF750FC10
S21401B27000230F9304E06FF091030F9300E000BFEB
S21401B28021F069FB0F9B184611B05DF804FB00BF67
S21401B290843F002030B58FB005AB83E8070021F06E
S21401B2A079FC0346002B07D021F054FC0C900C9B34
S21401B2B0002B01D00C9B35E000230D9325E0059A69
S21401B2C00D9BD418069A0D9BD51A03F0A7FD0346CD
S21401B2D09B001946284621F0D7FB024608AB2146BB
S21401B2E0184621F0BAFB099A104B02926C461A1DB9
S21401B2F092E8030084E803001B6808AA07CA23F043
S21401B30097FB099B0D9A13440D93069B0D9A9A423F
S21401B310D5D321F0C6FB0B900B9B002B01D00B9BCA
S21401B32000E0002318460FB030BD00BFB8CE0400C1
S21401B33000B595B007900691059204936FF08303CC
S21401B340139306231293069B002B17D0059B002B05
S21401B35014D0189B002B02D1199B002B0ED1169BE3
S21401B360002B02D1179B002B08D11A9B002B02D170
S21401B3701B9B002B02D11C9B002B02D16FF0860376
S21401B380A7E0049B554A934227D1079821F07FFCFA
S21401B3900346B3F5105F02D06FF0850399E0079876
S21401B3A021F07CFC0346DB08059A9A4212D30798E3
S21401B3B021F074FC0346802B12D0079821F06EFC16
S21401B3C00346C02B0CD0079821F068FC0346B3F562
S21401B3D0807F05D06FF086037BE06FF0850378E011
S21401B3E000BF199B002B04D11C9B00221A6000236E
S21401B3F06FE01A9A189B9A4213D9189A199B13440C
S21401B4001A9A9A420DD21B9A199B9A4202D26FF04F
S21401B41086035EE0199A18991A982CF030FD1A9B4B
S21401B4201893049B2D4A934251D11B9A199B9A4219
S21401B43002D26FF089034CE0199B03F00F03002B37
S21401B44002D06FF0860344E06B46059A06991846CB
S21401B45021F006FC0FAB6A4607CA83E807006B4675
S21401B460199A1899184621F0FBFB0CAB6A4607CAD5
S21401B47083E807006B46199A1A99184621F0F0FBE3
S21401B48009AB6A4607CA83E80700FFF7E7FA139095
S21401B490139B002B02D06FF092031AE009AA0CA9A5
S21401B4A00FAB184603F0CEFE1290FFF7EBFA13909F
S21401B4B0129B002B02D1139B002B02D06FF092033C
S21401B4C007E01C9B199A1A6000BF002301E06FF089
S21401B4D08503184615B05DF804FB00BF0044400420
S21401B4E010B5B0B00D900C910B920A930C9B002BEB
S21401B4F00BD00B9B002B08D0329B002B05D0349B26
S21401B500002B02D0369B002B02D16FF08603D5E0CC
S21401B5106FF096032F9306232E9300232D93694AEB
S21401B52028AB07CA83E807000023189319AB3C220F
S21401B530002118462CF0BDFC0C9821F0D4FB2C9071
S21401B5400C9821F0C9FB0346ADF8AE30BDF8AE301D
S21401B55003F4E043B3F5804F02D16FF08603ADE00C
S21401B5600D9A594B134043F01063584A934202D048
S21401B5706FF08503A2E02C9BB3F5807F20D1BDF848
S21401B580AE3047F21212934217D1514BDB682D931E
S21401B5904F4B19684E4B1A6913465B0013445B0008
S21401B5A01A4628AB184621F080FB00BF2C9B0733B8
S21401B5B0DB080A9A9A420ED305E06FF085037DE018
S21401B5C06FF085037AE02C9B0733DB085B000133C1
S21401B5D0339A9A4202D26FF086036FE02C9B0733B0
S21401B5E0DB08359A9A4202D26FF0890366E02C9BFB
S21401B5F00733DA0815AB0B99184621F056FB329B38
S21401B600591C2C9B0733DB085A0012AB184621F055
S21401B6104CFB2C9B0733DB085A000FAB18A91846C6
S21401B62021F043FB329B1B78042B02D06FF086037C
S21401B63044E0FFF713FA2F902F9B002B01D02F9B8E
S21401B6403CE02C9B0733DB082D9A0992089305AC46
S21401B6500FAB93E8070084E8070002AC12AB93E84F
S21401B660070084E807006A4616AB93E8030082E801
S21401B6700300159B28AA07CA03F04AFF2E90FFF77E
S21401B68001FA2F902E9B002B02D12F9B002B02D06C
S21401B6906FF0860312E02C9B0733DA0818AB1946C5
S21401B6A034982CF011FC18AB4021184621F022FBEF
S21401B6B02C9B0733DA08369B1A600023184630B0F5
S21401B6C010BD00BF50D004000000FFF600000209C4
S21401B6D024D1040000B593B0079006910592049317
S21401B6E0079B002B08D0069B002B05D0059B002B43
S21401B6F002D0049B002B02D16FF0860389E00798E5
S21401B70021F028FB0346ADF84630BDF8463023F459
S21401B710435323F03F03B3F5824F03D1BDF84630C0
S21401B720DBB200E000238DF84530079821F019FBC5
S21401B7301090BDF8463023F0FF03B3F5E24F02D078
S21401B7406FF0850365E09DF84530122B06D09DF815
S21401B7504530172B02D06FF085035AE0109B073354
S21401B760DB08059A9A4202D26FF0890351E02B4A10
S21401B7700BAB07CA83E80700109BB3F5807F10D197
S21401B7809DF84530122B0FD1254B1A68244B1B69A7
S21401B790D118234B1A690BAB184621F0C4FA00BF27
S21401B7A002E06FF0850334E000BF109B0733DA0830
S21401B7B008AB0699184621F0B6FAFFF74FF90F9035
S21401B7C00F9B002B01D00F9B23E0164A02AB92E899
S21401B7D0030083E803006A4609AB93E8030082E8A6
S21401B7E00300089B0BAA07CA23F057F80E90FFF731
S21401B7F049F90F900E9B002B02D10F9B002B02D014
S21401B8006FF0920305E0109B0733DA08049B1A6079
S21401B8100023184613B05DF804FB00BF50D00400A7
S21401B82024D10400C4CE040030B599B00B900A911F
S21401B830099208930B9B002B0ED00A9B002B0BD072
S21401B840099B002B08D0089B002B05D01C9B002BC6
S21401B85002D01D9B002B02D16FF08603AFE00B9840
S21401B86021F078FA0346ADF85630BDF8563023F489
S21401B870435323F03F03B3F5824F03D1BDF856304F
S21401B880DBB200E000238DF855300B9821F069FA01
S21401B8901490BDF8563023F0FF03B3F5824F02D162
S21401B8A06FF085038BE0BDF8563023F4435323F045
S21401B8B03F03B3F5824F02D06FF085037FE09DF81A
S21401B8C05530122B06D09DF85530172B02D06FF04D
S21401B8D0850374E0149B0733DB08099A9A4202D267
S21401B8E06FF086036BE0149B0733DB085B000133C4
S21401B8F01C9A9A4202D26FF0890360E000231793E4
S21401B90000231693149BB3F5807F0AD19DF855301A
S21401B910122B09D12B4BDB6816932A4B179300BFCA
S21401B92002E06FF085034AE000BF149B0733DA0894
S21401B9300FAB0A99184621F0F6F9089B591C149B7F
S21401B9400733DB085A000CAB184621F0ECF9FFF779
S21401B95085F81390139B002B01D0139B2FE0149BAB
S21401B9600733DB08179C169A0692059302AD0FABB8
S21401B97093E8070085E807006A460DAB93E80300E5
S21401B98082E803000C9B94E8070022F0AAFF1290BD
S21401B990FFF778F81390129B002B02D1139B002B14
S21401B9A002D06FF092030AE0089B04221A70149BDF
S21401B9B00733DB085B005A1C1D9B1A6000231846E0
S21401B9C019B030BD24D1040010B592B0079006918D
S21401B9D005920493079B002B08D0069B002B05D0ED
S21401B9E0059B002B02D0169B002B02D16FF086031D
S21401B9F0D9E0079821F0AEF90346ADF83630BDF828
S21401BA00363023F4435323F03F03B3F5824F03D17B
S21401BA10BDF83630DBB200E000238DF83530BDF8D6
S21401BA20363023F4435323F03F03B3F5824F02D05D
S21401BA306FF08503B7E09DF83530122B06D09DF8E0
S21401BA403530172B02D06FF08503ACE0BDF83630E9
S21401BA5023F0FF03B3F5E24F36D100231093079886
S21401BA6021F07FF90246169B1A60169B1B68002B75
S21401BA7004D1059BDA00169B1A6009E0169B1B6829
S21401BA800733DB08059A9A4202D06FF086038AE0F4
S21401BA90169B1B68B3F5807F0BD19DF83530122BB2
S21401BAA00AD1424B1A68414B1B691344109300BFDD
S21401BAB002E06FF0850376E000BF059A10990698BC
S21401BAC021F056F911905AE000230F9300230E93AC
S21401BAD0069B1B78042B02D06FF0860363E0059B60
S21401BAE0013BDB005A08169B1A60169B1B68B3F5D0
S21401BAF0807F0AD19DF83530122B09D12B4BDB689C
S21401BB000E932A4B0F9300BF02E06FF085034AE0C5
S21401BB1000BF069B591C169B1B680733DB085A009F
S21401BB2009AB184621F0FFF8FEF798FF1190119B1C
S21401BB30002B01D0119B36E0169B1B680733DB08F0
S21401BB400F9A0E99039102936C460AAB93E8030091
S21401BB5084E80300099B07CA22F0D5FF0C90FEF784
S21401BB6091FF1190119B002B01D0119B1BE00C9BA8
S21401BB70002B02D06FF0860315E000231193119B72
S21401BB80002B0FD1149A059B9A4208D3059A069961
S21401BB9004982CF099F9159B059A1A6002E06FF04B
S21401BBA089031193119B184612B010BD24D10400CD
S21401BBB000B583B00190019821F03DF90346B3F535
S21401BBC0105F02D06FF085031DE0019821F03AF96D
S21401BBD00346DB08103B102B8CBF01220022D2B299
S21401BBE0002A0BD10A4A22FA03F303F00103002BC1
S21401BBF014BF01230023DBB2002B02D16FF08603B2
S21401BC0001E000BF0023184603B05DF804FB00BF47
S21401BC100101010000B597B00390029101920093D3
S21401BC20029B002B0ED0039B002B0BD01A9B002BE4
S21401BC3008D01C9B002B05D0189B002B05D1199B07
S21401BC40002B02D06FF0860378E0039821F0FAF813
S21401BC500346DB081393009B23F47E13394A934271
S21401BC6068D10398FFF7A4FF1590159B002B01D010
S21401BC70159B63E0019A139B9A4202D26FF08603EA
S21401BC805CE0009B1B0C03F03F031493149B002BFA
S21401BC9002D11023149305E0149B102B02D96FF0E8
S21401BCA086034BE01B9A149B9A4202D26FF08903DB
S21401BCB044E00BAB139A0299184621F0A5F808AB9D
S21401BCC0199A1899184621F09FF805AB0EA910226B
S21401BCD0184621F099F8FEF7C1FE1590159B002B2A
S21401BCE001D0159B2AE005AA08A90BAB184603F05C
S21401BCF0C5FA1290FEF7C6FE1590129B002B02D0D5
S21401BD006FF092031593159B002B09D10EAB149A75
S21401BD1019461A982CF0D8F81C9B149A1A6002E05F
S21401BD201C9B00221A600EAB1022002118462CF034
S21401BD30C0F802E06FF085031593159B184617B0FF
S21401BD405DF804FB0002C00300B587B003900291C2
S21401BD5001920093039B002B08D0029B002B05D079
S21401BD60019B002B05D1009B002B02D06FF08603B0
S21401BD703FE0029821F066F80346DB0804936FF073
S21401BD8086030593049A009B9A4202D96FF08603B4
S21401BD902FE04C22002103982CF08BF8089B23F40B
S21401BDA07E13164A93421FD10298FFF701FF0590B2
S21401BDB0059B002B01D0059B1BE0009A049B9A4231
S21401BDC002D26FF0860314E0039B0433049A0199B0
S21401BDD018462CF079F8039B049A5A62039B089A3A
S21401BDE01A600023059303E06FF08503059300BFF7
S21401BDF0059B184607B05DF804FB00BF0002C003B0
S21401BE0000B589B0039002910192039B002B02D0EA
S21401BE10029B002B02D16FF086037CE0019B002B76
S21401BE2001D1002377E0039B1B6823F47E133C4A71
S21401BE3093426ED1039B9B6B0793079B002B3ED0CF
S21401BE40079BC3F110030693019A069B9A420FD2F1
S21401BE50079B2833039A1344019A029918462CF03B
S21401BE6033F8079A019B1A44039B9A63002352E016
S21401BE70079B2833039A1344069A029918462CF016
S21401BE8023F8039B10229A63019A069BD31A019307
S21401BE90029A069B13440293019B002B0FD0039B2F
S21401BEA0283310221946039820F0E6FF0590059BDB
S21401BEB0002B01D0059B2EE0039B00229A63019B79
S21401BEC0102B17D9019B013B23F00F030493049A0F
S21401BED00299039820F0D0FF0590059B002B01D016
S21401BEE0059B18E0019A049BD31A0193029A049BBE
S21401BEF013440293019B002B09D0039B2833019A1C
S21401BF00029918462BF0E0FF039B019A9A630023DF
S21401BF1001E06FF08803184609B05DF804FB00BF26
S21401BF200002C00300B591B0039002910192009304
S21401BF30039B002B05D0029B002B02D0009B002BFD
S21401BF4002D16FF0860363E0039B1B6823F47E1324
S21401BF50314A93425AD1039B1B681B0C03F03F03E3
S21401BF600F930F9B002B02D110230F9305E00F9B1D
S21401BF70102B02D96FF086034AE0019A0F9B9A4272
S21401BF8002D26FF0890343E0FEF768FD0E900E9B28
S21401BF90002B01D00E9B3BE0039B03F12801039B82
S21401BFA09A6B0AAB184620F02FFF039B191D039BC3
S21401BFB05A6A07AB184620F027FF039B03F13C01A2
S21401BFC004AB1022184620F01FFF04AB04AA0AA9EE
S21401BFD007A803F08BF90D90FEF754FD0E900D9B0C
S21401BFE0002B02D06FF0920312E00E9B002B01D0C3
S21401BFF00E9B0DE0039B3C330F9A194602982BF0DB
S21401C00063FF009B0F9A1A60002301E06FF085031F
S21401C010184611B05DF804FB0002C00300B585B0F8
S21401C020034600918DF80730002303932FF04FFD50
S21401C03002909DF807301C2B00F2D28001A252F824
S21401C04023F000BFB9C00100B9C00100E1C1010081
S21401C050B9C00100B9C00100DBC00100E1C10100A7
S21401C060B9C00100FBC001001DC10100E1C1010012
S21401C070E1C101003FC1010061C10100E1C1010050
S21401C08083C101008FC10100E1C101009BC1010014
S21401C090E1C10100BDC10100E1C10100D5C101003E
S21401C0A0E1C10100E1C10100E1C10100E1C10100FE
S21401C0B0E1C10100C9C101008020FBF7C3FD0346B1
S21401C0C01A46009B1A80009B1B884FF6FF7293420C
S21401C0D040F08C800E23039388E08020FBF7B2FDAE
S21401C0E003461A46009B1A80009B1B884FF6FF7278
S21401C0F093427DD10E2303937AE04FF48060FBF7E1
S21401C100A1FD03461A46009B1A80009B1B884FF62A
S21401C110FF7293426ED10E2303936BE04FF490604F
S21401C120FBF790FD03461A46009B1A80009B1B886E
S21401C1304FF6FF7293425FD10E2303935CE04FF4F8
S21401C140C060FBF73FFD03461A46009B1A80009B22
S21401C1501B884FF6FF72934250D10E2303934DE096
S21401C1604FF4F060FBF72EFD03461A46009B1A803B
S21401C170009B1B884FF6FF72934241D10E23039317
S21401C1803EE0009B00221A800F2303933BE0009BB6
S21401C19000221A800F23039335E04FF4E060FBF78B
S21401C1A011FD03461A46009B1A80009B1B884FF61A
S21401C1B0FF72934226D10E23039323E0009B0022B5
S21401C1C01A800F2303931EE0009B00221A800F2380
S21401C1D0039318E0009B00221A800F23039312E0BA
S21401C1E0009B00221A80212303930CE000BF0AE083
S21401C1F000BF08E000BF06E000BF04E000BF02E0A9
S21401C20000BF00E000BF02982FF053FC039B1846C6
S21401C21005B05DF804FB00BF00B587B001900B4682
S21401C2208DF8033000230593019B002B01D10E23CB
S21401C23020E0019B1B6803F03F030493019B1B68EE
S21401C2409B0903F007030393039B002B02D10B4BBF
S21401C250059307E0039B012B02D1094B059301E0EF
S21401C2600E2307E09DF803301A460499059820F03E
S21401C27013FF0023184607B05DF804FB64800050E6
S21401C2806880005030B597B02B4B0BAC1D460FCDD8
S21401C2900FC40FCD0FC495E8030084E80300002304
S21401C2A012934FF0FF331593244BD3F84C3103F41C
S21401C2B00023002B04D1214BD3F85031DBB2159368
S21401C2C0159BB3F1FF3F06D11D4B1B88FF2B02D8F0
S21401C2D01B4B1B881593159BB3F1FF3F01D17823A8
S21401C2E01593159BB3F1FF3F18D0159BDBB28DF864
S21401C2F04530FBF767FE0246159B13441593159BC5
S21401C300002B02DA0023159304E0159BFF2B01DDB9
S21401C310FF231593159BDBB28DF844300948F8F7D7
S21401C3204DFA0BAB1846FBF755FD3220FBF7C6FE60
S21401C3300023184617B030BDCCCE04000080E00FB5
S21401C3400001E00F00F0490230B587B01C4B01AC8C
S21401C3501D460FCD0FC42B682360002303930423CF
S21401C3600293FF238DF80530164BD3F84C3103F4B6
S21401C3708023002B05D1134BD3F8503100238DF8C1
S21401C38005309DF80530FF2B08D10F4B1B785BB2AB
S21401C390002B03DB0C4B1B788DF805309DF8053020
S21401C3A0FF2B02D125238DF8053001AB1846FBF78C
S21401C3B011FE3220FBF774FE0023184607B030BD8D
S21401C3C0F4CE04000080E00F9C00E00F08B503489F
S21401C3D0FBF75EFC0023184608BD00BF00B4C4048A
S21401C3E000B583B0FBF786FB484B1B6F23F00703B2
S21401C3F0464A43F0030313670020FBF793FB434BC6
S21401C4001B6F424A23F474431367414BDB6803F006
S21401C4108073002B14BF012300238DF807309DF88D
S21401C4200730002B05D03A4BDB68394A23F080737E
S21401C430D360364B354AD3F88030C2F880309DF849
S21401C4400730002B05D0324BDB68314A43F080734E
S21401C450D3602E4BD3F8203123F003032B4A43F04D
S21401C4600203C2F82031294BD3F8243123F0070305
S21401C470264A43F00203C2F82431244BD3F8803114
S21401C48023F00303214A43F00103C2F880311F4B16
S21401C490D3F8403123F003031C4A43F00203C2F8E9
S21401C4A040311A4BD3F8603123F00303174A43F0A7
S21401C4B00203C2F86031154BD3F8403223F0030370
S21401C4C0124A43F00203C2F84032104BD3F800324E
S21401C4D023F007030D4A43F00203C2F800320B4B68
S21401C4E0D3F8203223F00303084A43F00103C2F8CD
S21401C4F02032FBF741FB074B1B68064A43F0040357
S21401C50013600023184603B05DF804FB008000505A
S21401C510F0ED00E010E000E000B583B0074A6B469E
S21401C52092E8030083E803006B461846FCF7A6FC76
S21401C5300023184603B05DF804FB00BF08CF0400D3
S21401C54000B583B02FF0C3FA0090144B1B7883F02C
S21401C5500103DBB2002B09D0104B01221A700098A0
S21401C5602FF0A7FAFB238DF8073010E000982FF084
S21401C570A0FA10E09DF907300521184620F021FEAB
S21401C5809DF90730DBB20133DBB28DF807309DF938
S21401C59007303F2BEEDD03B05DF804FB743A002054
S21401C5A082B00190019B002B01DB019B3F2B0A4AC5
S21401C5B0019B5B1152F82320019B03F01F0322FA13
S21401C5C003F303F00103002B0CBF01230023DBB2AE
S21401C5D0184602B0704700BF00E100E082B001904B
S21401C5E0019B002B0BDB019B03F01F020549019BFE
S21401C5F05B09012000FA02F2603341F8232000BFF4
S21401C60002B0704700E100E082B00190019B002B70
S21401C6100ADB019B03F01F020549019B5B09012010
S21401C62000FA02F241F8232000BF02B0704700BFB3
S21401C63000E100E082B00190019B002B11DB019B21
S21401C64003F01F020849019B5B09012000FA02F270
S21401C650203341F82320BFF34F8F00BFBFF36F8F06
S21401C66000BF00BF02B0704700E100E082B0019059
S21401C6700091019B002B09DB009BDAB20A49019B62
S21401C6801201D2B20B4483F800230AE0009BDAB20F
S21401C6900649019B03F00F03043B1201D2B20B447F
S21401C6A01A7600BF02B0704700E100E000ED00E03E
S21401C6B000B585B001902FF0F0F90390054A019B73
S21401C6C0136003982FF0DCF90023184605B05DF8D7
S21401C6D004FB00BF4C2C002000B583B0002301935F
S21401C6E02FF0DBF90090054B1B68019300982FF0A3
S21401C6F0C7F9019B184603B05DF804FB4C2C0020DB
S21401C70082B003468DF807309DF80730032B16D804
S21401C71001A252F823F000BF29C701002DC701006E
S21401C72033C7010039C7010000230AE04FF4005364
S21401C73007E04FF4805304E04FF4405301E04FF418
S21401C7408053184602B0704782B003468DF8073012
S21401C7509DF80730042B15D801A252F823F000BF2C
S21401C76075C7010079C701007DC7010081C70100B7
S21401C77075C70100002306E0012304E0022302E05E
S21401C780032300E00023184602B0704730B5A3B07B
S21401C790079006910592049301238DF88730059B37
S21401C7A01B68184620F0E3FC2090059BDB7B002BE2
S21401C7B009D05E4B17AC1D460FCD0FC495E80F0090
S21401C7C084E80F0008E05A4B17AC1D460FCD0FC486
S21401C7D095E80F0084E80F0011AB00221A605A603A
S21401C7E09A60DA601A615A61059B9B681993059BEA
S21401C7F01B7B184620F0AFFD0346ADF86A30059B5B
S21401C8005B7B1846FFF77CFF0346ADF86C3011AB37
S21401C8101E931E9B01229A71059B9B7B1E9C1846AC
S21401C820FFF792FF03462370059BDB7B002B03D0AB
S21401C83001238DF8873002E002238DF887300499B2
S21401C8409DF8873003939DF887300293394B019307
S21401C850394B0093394B069A079800F0BDF91F90A3
S21401C8601F9B002B01D01F9BF4E0059B1A69049BBC
S21401C870DA65059BDA7D049B83F86320059B9A7D28
S21401C880049B83F86220059B5A7D049B83F86120F4
S21401C890059B1A7D049B83F86020059B5A7E049BAA
S21401C8A083F86520059B1A7E049B83F86420059B0C
S21401C8B0DA7E049B83F86720059B9A7E049B83F8A7
S21401C8C06620059B1A68049B9A651D4820F0CCFBE0
S21401C8D0059B187D059B5B7D1946012304221FF0ED
S21401C8E071FC059B987D059BDB7D19460123022281
S21401C8F01FF068FC049B002283F86820059B1B69D7
S21401C900184620F0B1FB059BDB7B002B1AD017AB3A
S21401C910194620981FF07FFB049B93F8683043F07C
S21401C9200403DAB2049B83F8682010E038CF0400D1
S21401C93058CF040075CA01000BD40300D9D30300F5
S21401C94014CF040017AB194620981FF072FB434B17
S21401C95002221A60059B1B7D1A46059B5B7D1B0404
S21401C9601A433E4B1A61059B9B7D1A46059BDB7D50
S21401C9701B041A43394BDA60059B9B7B012B03D0C2
S21401C980059B9B7B032B11D1049B93F8683043F0E6
S21401C9900103DAB2049B83F86820059B187E059B89
S21401C9A05B7E1946002302221FF00CFC059B9B7B35
S21401C9B0022B03D0059B9B7B032B11D1049B93F881
S21401C9C0683043F00203DAB2049B83F86820059BC3
S21401C9D0987E059BDB7E1946002304221FF0F2FB9E
S21401C9E0049B93F8683003F00103002B08D0059BE5
S21401C9F01B7E1A46059B5B7E1B041A43184B5A6026
S21401CA00049B93F8683003F00103002B0BD0144B02
S21401CA1001221A60059B9B7E1A46059BDB7E1B0442
S21401CA201A430F4B9A600F49209820F070FC05219D
S21401CA3020981FF01DFB0C4B1B68002B03D10B49E4
S21401CA400B4801F05FFD049B6C33194606481CF049
S21401CA50D9FD0023184623B030BD00BFC0C4035023
S21401CA60C0D403507F370C01582C0020B03F002063
S21401CA70502C002000B585B00190019B0393039BC9
S21401CA809B6D184620F073FB029000BF029820F0C1
S21401CA9037FC034603F04003002BF7D0039B93F8C3
S21401CAA06000039B93F861301946002300221FF0B3
S21401CAB089FB039B93F86200039B93F86330194646
S21401CAC0002300221FF07EFB039B93F8683003F0DF
S21401CAD00103002B0AD0039B93F86400039B93F891
S21401CAE065301946002300221FF06CFB039B93F868
S21401CAF0683003F00203002B0AD0039B93F866000C
S21401CB00039B93F867301946002300221FF05AFB57
S21401CB100121029820F007FC0421029820F003FC72
S21401CB20002102981FF0A4FA039BDB6D184620F043
S21401CB30A7FA039B6C33194607481CF075FD064B94
S21401CB401B68002B02D1054801F0F4FC00231846AF
S21401CB5005B05DF804FB00BF582C0020502C0020C7
S21401CB6000B585B003460A468DF8073013468DF8A2
S21401CB7006309DF80630012B03D09DF80630002BB9
S21401CB8016D10D4B1B686C3B03930DE0039B9B6D0D
S21401CB90184620F0ECFA0290052102981FF068FA78
S21401CBA0039BDB6E6C3B0393039B13F16C0FEDD180
S21401CBB000BF05B05DF804FB582C002008B5054BF6
S21401CBC01B68986800230222002116F019FA00BF9C
S21401CBD008BD00BFBC40002030B58DB0099008915B
S21401CBE0079206935822002108982BF062F9089BB9
S21401CBF0079A92E8030083E80300079BDA68089B1C
S21401CC00DA62079B1A69089B1A63089BDA6A089B13
S21401CC105A63079B1A7D089B83F84420079B9A7DDD
S21401CC20089B83F84520089B5A6B089B9A64089BCF
S21401CC30012283F84C20089B012283F84D20089B93
S21401CC40069A9A63089B109ADA63089B119A1A64EB
S21401CC50079B93F90820089B83F84E20079B93F9BE
S21401CC600920089B83F84F20099B089A1A60099BA4
S21401CC704D4A5A60099B4D4A9A60099B4C4A1A6173
S21401CC80099B4C4A5A61099B4B4ADA60F8F700FA4D
S21401CC900B900B9B002B05D00B9B484A934201D06F
S21401CCA010237EE0089B083300211846F8F72AF97E
S21401CCB00B900B9B002B01D0102372E0099B404A7E
S21401CCC01A62089B012283F85420099B3D4A9A6107
S21401CCD0099B3D4ADA61089B9DF84C2083F8532056
S21401CCE0089B9DF8482083F85220089B002283F871
S21401CCF05120089B012283F85020079B5B7D194633
S21401CD00089820F05EFC079B93F909301846FFF758
S21401CD1065FC079B93F90930184620F043FA089BF7
S21401CD201B7A1D46089B1968089BDA6A089B586897
S21401CD30089B1B6B1C4600230493002303930023CC
S21401CD400293019401230093034628461CF0DAFE61
S21401CD500B900B9B002B01D0102322E01B4A089B53
S21401CD601B7A19460B465B000B441B01134403F563
S21401CD70015324334FF480121A60079B93F908304D
S21401CD801846FFF72BFC079B93F90830184620F04E
S21401CD9009FA099B1846FFF78BFC089800F0D2FAAF
S21401CDA0002318460DB030BD37D8030055D8030010
S21401CDB089D50300A7D50300F5CE0100038000F056
S21401CDC007D50300C3D5030041D603000000045075
S21401CDD000B589B00190019B1B680793079B1B7ADE
S21401CDE08DF81B309DF81B301846F8F7CFF90590E3
S21401CDF026499DF81B2013465B0013441B010B4478
S21401CE006C331B680493049B214A934233D10798E1
S21401CE1000F0CEF80346002B1ED02EF058FE0390ED
S21401CE209DF81B3001229A40184B03F500535A65B2
S21401CE309DF81B3001229A40144B03F580539A62E9
S21401CE409DF81B3001229A40104B03F580535A631C
S21401CE5003982EF02EFE0EE0079800F0F3F8034636
S21401CE6083F00103DBB2002B05D09DF81B300122B5
S21401CE709A40064B9A649DF81B301846F8F7B8F9A5
S21401CE80059000BF09B05DF804FB00BF0000045028
S21401CE90753A002000B587B00190019B1B7A8DF88A
S21401CEA017309DF817301846F8F770F904900F49B7
S21401CEB09DF8172013465B0013441B010B446C338B
S21401CEC01B680393039B0A4A934214BF0123002362
S21401CED08DF80B309DF817301846F8F789F904904D
S21401CEE09DF80B30184607B05DF804FB00000450AF
S21401CEF0753A002000B589B00190019B0793079B06
S21401CF001B6806930023059300230493FFF7E4FBB5
S21401CF100390039A079B9A4202D10020FFF7C8FBB1
S21401CF20069B93F94E301846FFF758FB069B93F97C
S21401CF304E30184620F027F9069B93F94F301846D5
S21401CF40FFF74CFB069B93F94F30184620F01BF970
S21401CF50069B1B7A18462DF0D1F80490069B1B7A87
S21401CF601846F8F75BF80490F8F71CF80490049B51
S21401CF70002B02D0049B0D4A9342079B00221A60A5
S21401CF80079B00225A60079B00229A60079B00229B
S21401CF901A61079B00225A61069B1B6C06989847EC
S21401CFA00590059B184609B05DF804FB058000F066
S21401CFB000B587B00190214A019B1B7A19460B46A2
S21401CFC05B000B441B0113446C331B6805931B4A1F
S21401CFD0019B1B7A19460B465B000B441B0113444D
S21401CFE070331B6803F00203002B14BF01230023D8
S21401CFF08DF81330019B1B7A1A460DF10B03194667
S21401D00010462DF0ADF803909DF80B30002B0AD199
S21401D010059B0B4A934208D19DF8133083F0010318
S21401D020DBB2002B01D0012300E0002303F0010353
S21401D030DBB2184607B05DF804FB00BF00000450E1
S21401D040753A002086B001901B4A019B1B7A19464F
S21401D0500B465B000B441B0113446C331B680593A2
S21401D060154A019B1B7A19460B465B000B441B01B4
S21401D070134470331B6803F00203002B14BF012313
S21401D08000238DF81330059B0C4A93420FD19DF86F
S21401D0901330002B0BD0019B5B690393019B5B6BE9
S21401D0A0039A9A420CBF01230023DBB200E000235F
S21401D0B0184606B0704700BF00000450753A0020BD
S21401D0C000B587B0019000230593019B1B7A1A4691
S21401D0D00DF10F03194610462DF042F804909DF805
S21401D0E00F30002B03D0019B5B6B05930BE0144ABA
S21401D0F0019B1B7A19460B465B000B441B0113442C
S21401D1006C331B680593019BDA6A019B1B6B134406
S21401D110059A9A4203D8019BDB6A059A9A42019BBB
S21401D120DA6A019B1B6B1344059A9A4202D1019B52
S21401D130DB6A0593059B184607B05DF804FB00BF44
S21401D1400000045010B590B007900691079B1B7A1B
S21401D1501846F8F71BF80F90079B1B7A1A460DF135
S21401D1603303194610462CF0FBFF0F900798FFF784
S21401D170A7FF0E90079B5B6B0E9A9A4256D9079BA8
S21401D1805A6B079BDB6A9A423DD1069B9BB2013BD9
S21401D1909BB2C3F30A0399B2079B5B681C46079BC5
S21401D1A0DB6A1846079B1C3300221A605A609A6095
S21401D1B0DA60079A938B61F30E139383079A937F32
S21401D1C043F010039377079AD37F43F00303D37793
S21401D1D0079B1C62079B5862079A937F6FF30413A1
S21401D1E09377079B1C3323F003035549079A127A5A
S21401D1F0104643F0020203465B0003441B010B4446
S21401D20070331A6078E0079B9B8BC3F30A139BB2BB
S21401D2101A46069B9BB213449BB2C3F30A0399B208
S21401D220079A938B61F30E13938365E09DF8333071
S21401D23083F00103DBB2002B2FD0414A079B1B7AF8
S21401D24019460B465B000B441B01134464331B68F1
S21401D2501B09C3F30A030D930D9A069B13440D9302
S21401D260374A079B1B7A19460B465B000B441B018A
S21401D270134464331B6823F4FF4323F070030D9AB1
S21401D28012012F480799097A1A430B465B000B4493
S21401D2901B01034464331A602EE0079B1B7A1C466D
S21401D2A0079B1968079B5A68069B0020049000207C
S21401D2B003900020029001930123009313460E9AD7
S21401D2C020461CF01FFC0F901D4A079B1B7A19462F
S21401D2D00B465B000B441B01134464331B6818495F
S21401D2E0079A127A104623F4801203465B00034421
S21401D2F01B010B4464331A60079B5A6B069B1A4446
S21401D300079B5A63079B5A6B079BD96A079B1B6B44
S21401D3100B449A4203D1079BDA6A079B5A63079B21
S21401D3205B6B0E9A9A4202D1079800F00BF8079BA6
S21401D3301B7A1846F7F75CFF0F9000BF10B010BDC0
S21401D3400000045010B594B003900CAB00221A6094
S21401D3505A609A60DA609DF8323043F010038DF817
S21401D36032309DF8333043F003038DF83330664B8B
S21401D3700D93654B0E93039B1B7A1846F7F706FF32
S21401D38013900398FFF75EFE0346002B06D0039B1F
S21401D3901B7A1846F7F72CFF1390B3E0039B1B7A12
S21401D3A01A460DF14703194610462CF0D9FE139084
S21401D3B09DF8473083F00103DBB2002B00F0878035
S21401D3C00398FFF77DFE1290039B1B7A1A4610AB5B
S21401D3D0194610462CF0FEFE1390109B9BB2013BA3
S21401D3E09BB2C3F30A0398B2039B5B681C4612996F
S21401D3F0039B0C3300221A605A609A60DA60039A23
S21401D400938960F30E139381039A937B43F0100381
S21401D4109373039AD37B43F00303D373039B1C617B
S21401D420039B5961039A937B6FF304139373374AF3
S21401D430039B1B7A19460B465B000B441B011344E6
S21401D44070331B685B0803F00103D9B2039A137E9D
S21401D45061F3410313762D4A039B1B7A19460B464B
S21401D4605B000B441B01134470331B6803F001037C
S21401D470D9B2039A137E61F300031376234A039B02
S21401D4801B7A19460B465B000B441B011344703391
S21401D4901B689B089A00921003998B6962F39F039D
S21401D4A08B619DF83C3043F002038DF83C309DF8CB
S21401D4B03C306FF300038DF83C30039B0C339B0824
S21401D4C09A0092100F9B62F39F030F9305E09DF85D
S21401D4D03C306FF341038DF83C30039B1B680C4ACC
S21401D4E01360039B1B7A18460CAA039B0093094BF7
S21401D4F00749F7F70BFE1390039B1B7A1846F7F7BD
S21401D50077FE139014B010BD753A00200000045049
S21401D5105C2C002059DA030000B583B06B46184630
S21401D52000F0BAFC124B00221A60124B00221A605D
S21401D530114B00221A60009B104A13600F4B1B68A8
S21401D5400F4A13600D4B1B68184620F0CDFB019B5C
S21401D550013BDA08094B1B6892B25A80044B1B68E0
S21401D5600133034A13600023184603B05DF804FB39
S21401D5707C2C00206C2C0020702C0020742C0020A9
S21401D580782C002000B599B00590049102931346BB
S21401D5908DF80F30049BB3F1FF3F0BD0049B002B9B
S21401D5A008D0049B5A1E049B1340002B02D1049BF7
S21401D5B0B3F5007F002308930023179306AB1846A4
S21401D5C000F06AFC00231593049BB3F1FF3F01D0E2
S21401D5D0049B00E00823149300238DF85B30029B24
S21401D5E0002B01D1222333E1029B00221A60059B06
S21401D5F0002B03D0079B059A9A4201D3212327E1EA
S21401D600059B073323F0070313932EF060FA12905D
S21401D6109DF80F2008AB009300230499139800F09F
S21401D62051FC1190089B002B02D0119B002B04D1BA
S21401D63012982EF03EFA19230AE1119A139B9A4288
S21401D6400CBF012300238DF85B30089B5B88DB0051
S21401D6501093109A119BD31A0F93089B17937E4B26
S21401D6601B68013B7C4A13600F9B272B40F2AA8064
S21401D6709DF80F30002B5BD1139B08330A93089B50
S21401D68015939DF85B3083F00103DBB2002B08D0C5
S21401D690089B1499184620F097FA03460893089BAE
S21401D6A01793089A0A9B13440B930B9820F01CFBC4
S21401D6B0089B5A88139B0F33DB089BB2D31A9AB286
S21401D6C00B9B5A800A9B0733DB089AB20B9B9A8006
S21401D6D0089BDB88002B14D0089A089BDB88DB00AC
S21401D6E013440993089BDA880A9B0733DB089BB22D
S21401D6F0D31A9AB20B9BDA800B9BDA88099B9A8025
S21401D70002E00B9B0022DA80139B0733DB089AB2F8
S21401D710179B5A80089B9A88179B9A800B9B9A881E
S21401D720179BDA80002215990B9800F005FD3EE064
S21401D730089A0F9B13441793179820F0D5FA119B5C
S21401D7400733DB089AB2179B5A800F9B0733DB0817
S21401D7509AB2179B9A80089BDB88002B18D0089AF0
S21401D760089BDB88DB0013440D93089BDB88DA00FB
S21401D770109BD31A0C93119A0C9B13440733DB08A6
S21401D7809AB2179BDA80179BDA880D9B9A8002E083
S21401D790179B0022DA80089B0B930F9B013BDB084B
S21401D7A09AB20B9B5A80179B9A880B9BDA80179A22
S21401D7B0137843F001031370274B1B680133264A85
S21401D7C013602CE0179B15939DF80F30012B10D199
S21401D7D0179B08330E930E9B149AB3FBF2F214991F
S21401D7E001FB02F29B1A002B0CBF012300238DF8CC
S21401D7F05B309DF85B3083F00103DBB2002B04D075
S21401D8001499179820F0E0F91790179A137843F0B7
S21401D8100103137001221599179800F08DFC0F4B28
S21401D8201A68119B13440D4A13600C4B1A680C4B73
S21401D8301B689A4203D9094B1B68094A1360129860
S21401D8402EF037F9179B03F10802029B1A6000239A
S21401D850184619B05DF804FB7C2C00206C2C0020C7
S21401D860702C002000B58DB0019002AB184600F078
S21401D87013FB019B002B01D1222306E12EF027F991
S21401D8800890019B083B0793079B1B7803F0010355
S21401D890DBB2002B03D0079B5B88002B04D10898D2
S21401D8A02EF007F90123F0E0079B5B880133ADF802
S21401D8B02E30079B0A9300230993764B1A68079B21
S21401D8C05B88DB00D31A734A1360734B1B68013302
S21401D8D0714A1360079B9B88002B47D0079B9B8848
S21401D8E0DB005B42079A13440693069BDB881A46C5
S21401D8F0069B5B88D31A0593069B1B7803F00103EE
S21401D900DBB2002B1AD1079B1B7803F00203DBB2B4
S21401D910002B13D1059B012B10D8069B0A93069B5F
S21401D9205A88BDF82E3013449BB20133ADF82E3021
S21401D930594B1B68013B584A136017E0079B1B783D
S21401D94003F00203DBB2002B10D0069B0A93079B61
S21401D9509A88BDF82E301344ADF82E30079A137806
S21401D9606FF3410313700A9B00229A80079BDB88A2
S21401D970002B3ED0079BDB88DA00079B1A44029BEC
S21401D9801946039B0B449A4233D2079BDB88DB0084
S21401D990079A13440993079BDB881A46079B5B8803
S21401D9A0D31A0493099B1B7803F00103DBB2002B07
S21401D9B01FD1049B012B1CD8099B5A88BDF82E3019
S21401D9C013449BB20133ADF82E30099B00225A80D6
S21401D9D0099BDB88002B05D0099BDB88DB00099AB5
S21401D9E0134400E0002309932B4B1B68013B2A4A92
S21401D9F01360079A13786FF300031370079B0022D6
S21401DA005A80BDF82E30013B9AB20A9B5A800A9A78
S21401DA1013786FF300031370099B002B0CD0099A3F
S21401DA200A9BD31A0733DB089AB20A9BDA800A9B51
S21401DA30DA88099B9A8002E00A9B0022DA80174B5B
S21401DA401B68002B09D0154B1B680A9A9A4204D30F
S21401DA50124B1B685B88002B02D1104A0A9B13608D
S21401DA600F4B1B68002B09D00D4B1B680A9A9A4274
S21401DA7004D80B4B1B685B88002B02D1084A0A9B13
S21401DA80136008982EF015F8002318460DB05DF8BF
S21401DA9004FB00BF6C2C00207C2C0020742C002082
S21401DAA0782C002000B597B003900291019204AB48
S21401DAB0184600F0F1F90023159300231293002372
S21401DAC01493019B002B01D12223E0E1019B00224C
S21401DAD01A60059B029A9A4201D32123D7E1039B40
S21401DAE0002B04D1029B002B01D12123CFE1039B04
S21401DAF0002B07D1019A002102981FF0EAFF15902A
S21401DB00159BC4E1029B002B05D10398FFF7AAFEE3
S21401DB101590159BBBE12DF0DAFF1190039B083B96
S21401DB201293129B5B88DB001093029B073323F052
S21401DB3007030F930F9A109B9A4240F2E780002347
S21401DB408DF84F30129BDB88002B00F09B80129BD8
S21401DB50DB88DB00129A13441493149B5B88DA006B
S21401DB6010990F9BCB1A13440A93149B1B7803F04E
S21401DB700103DBB2002B40F081800A9B002B7DDB8A
S21401DB800A9B1F2B47DD0F9B0833129A13440893F9
S21401DB900F9B0733DB089AB2129B5A80129B5B8855
S21401DBA001339AB2129BDA80089820F09DF80A9BFE
S21401DBB00733DB089AB2089B5A80129BDA88089BC7
S21401DBC09A80149BDB88002B19D0149BDB88DB0022
S21401DBD0149A13440793149BDA88149B5B88D31A10
S21401DBE0ADF81A30089B5A88BDF81A3013449AB219
S21401DBF0089BDA80089BDA88079B9A8002E0089BDC
S21401DC000022DA8000221499089800F095FA1498F8
S21401DC1020F06AF82EE0974B1B68013B954A13608B
S21401DC20129B5A88149B5B8813449BB201339AB2A9
S21401DC30129B5A80149BDB88002B10D0149BDB8828
S21401DC40DB00149A13440993129B5B8801339AB242
S21401DC50129BDA80129BDA88099B9A8002E0129B5B
S21401DC600022DA8001221499129800F065FA1498BD
S21401DC7020F03AF8019B039A1A6006E001238DF81A
S21401DC804F3002E001238DF84F309DF84F30002BC6
S21401DC9020D0019A00210F981FF01BFF1590159BAD
S21401DCA0002B04D011982DF004FF159BEFE0019B8B
S21401DCB01B68109A039918462AF006F90398FFF78D
S21401DCC0D1FD1590159B002B04D011982DF0F1FE77
S21401DCD0159BDCE09DF84F3083F00103DBB2002B8F
S21401DCE000F0D1800F9A109BD21A634B1B68134425
S21401DCF0614A1360604B1A68604B1B689A4240F297
S21401DD00C2805D4B1B685D4A1360BCE00F9A109B96
S21401DD109A4280F0B580109A0F9BD31A0E93002377
S21401DD208DF84E30129BDB88002B53D0129BDB887C
S21401DD30DB00129A13441493149B1B7803F001031F
S21401DD40DBB2002B42D10F9B0833129A13440D937A
S21401DD500F9B0733DB089AB2129B5A80129B5B8893
S21401DD6001339AB2129BDA800D981FF0BDFF0E9B0D
S21401DD700733DB089AB2149B5B8813449AB20D9B57
S21401DD805A80129BDA880D9B9A80149BDB88002BA5
S21401DD9010D0149BDB88DB00149A13440C930D9B64
S21401DDA05B8801339AB20D9BDA800D9BDA880C9B57
S21401DDB09A8002E00D9B0022DA80002214990D98C9
S21401DDC000F0BAF914981FF08FFF06E001238DF8D2
S21401DDD04E3002E001238DF84E309DF84E30002B78
S21401DDE03BD00E9B272B38D90F9B0833129A13442E
S21401DDF00B930F9B0733DB089AB2129B5A80129B38
S21401DE005B8801339AB2129BDA800B981FF06CFF85
S21401DE100E9B013BDB089AB20B9B5A80129BDA8859
S21401DE200B9B9A80149B002B0AD00B9B5B880133BB
S21401DE309AB20B9BDA800B9BDA88149B9A8002E0DD
S21401DE400B9B0022DA800B4B1B680133094A1360D7
S21401DE50002200210B9800F06FF9019B039A1A60CB
S21401DE600F9A109BD21A044B1B681344024A136084
S21401DE7009E000BF7C2C00206C2C0020702C0020B8
S21401DE80019B039A1A6011982DF013FE159B1846F4
S21401DE9017B05DF804FB00BF84B00190074B0293F6
S21401DEA0074A064BD31A0393019B1A4602AB93E823
S21401DEB0030082E80300019804B070478041002007
S21401DEC0008000208CB00390029111461A460B4642
S21401DED08DF8073013468DF8063000230B93002388
S21401DEE0089300230A93029BB3F1FF3F01D0029BE4
S21401DEF000E00823079300238DF81B300C9B0022BB
S21401DF001A609DF80730002B02D1584B1B6801E0C0
S21401DF10574B1B680B930B9B002B01D10023A1E0F1
S21401DF200B9B5B88DB0009939DF80630002B01D024
S21401DF30082300E00023099A1344099388E00B9B09
S21401DF401B7803F00103DBB2002B55D1099A039B22
S21401DF509A4251D39DF80730002B2ED10B9B0833E4
S21401DF600893089B079AB3FBF2F2079901FB02F2AA
S21401DF709B1A002B0CBF012300238DF81B30089B36
S21401DF80079AB3FBF2F2079901FB02F29B1A04937C
S21401DF909DF81B30002B05D1039A049B1344099A64
S21401DFA09A4229D39DF81B30002B01D0039B02E037
S21401DFB0039A049B13440A9350E0079B082B02D153
S21401DFC0039B0A9314E00B9B5B880133DB000B9ADF
S21401DFD013440593039B5B42059A13440893079BDE
S21401DFE05A42089B13400893059A089BD31A0A9332
S21401DFF0099A0A9B9A4230D29DF80730002B0CD121
S21401E0000B9BDB88002B01D100232BE00B9BDB88CD
S21401E010DB000B9A13440B930CE00B9B9B88002BA5
S21401E02001D100231EE00B9B9B88DB005B420B9A11
S21401E03013440B930B9B5B88DB0009939DF806301A
S21401E040002B01D0082300E00023099A134409930A
S21401E0500B9B002B7FF473AF00E000BF0C9B0B9A69
S21401E0601A600A9B18460CB0704700BF742C00203B
S21401E070782C002000B589B0034600918DF8073052
S21401E080002307930023069301238DF81730284BAE
S21401E0901B68002B01D1002346E0009B002B02D019
S21401E0A0009B07930CE003AB1846FFF7F5FE9DF8BF
S21401E0B00730002B01D1039B01E01E4B1B68079321
S21401E0C0079B1B7803F00103DBB2002B05D1079BEE
S21401E0D0069300238DF8173021E09DF80730002BBA
S21401E0E00AD1079BDB88002B06D0079BDB88DB0069
S21401E0F0079A1344079312E09DF80730012B0BD1C2
S21401E100079B9B88002B07D0079B9B88DB005B4205
S21401E110079A1344079302E00023069303E09DF851
S21401E1201730002BCCD1069B184609B05DF804FBCE
S21401E1307C2C0020782C002000B585B0039002913D
S21401E14013468DF807309DF80730002B1ED0224B62
S21401E1501B68029A9A4202D0029B002B06D10399B1
S21401E1600020FFF787FF03461B4A13601B4B1B6803
S21401E170029A9A4202D0029B002B29D103990120D0
S21401E180FFF778FF0346154A136021E0124B1B6820
S21401E190029A9A4203D1104A039B136007E00E4B82
S21401E1A01B68039A9A4202D20B4A039B13600B4BDD
S21401E1B01B68029A9A4203D1084A039B136007E040
S21401E1C0064B1B68039A9A4202D9044A039B1360C2
S21401E1D000BF05B05DF804FB742C0020782C0020ED
S21401E1E0BFF34F8F00BF064BDB6803F4E0620449C0
S21401E1F0044B1343CB60BFF34F8F00BF00BFFDE757
S21401E20000ED00E00400FA0582B00190BFF35F8FD5
S21401E21000BF0A4A019B43F001035360084B5B6A47
S21401E220074A43F480335362BFF34F8F00BFBFF3F7
S21401E2306F8F00BF00BF02B0704700BF90ED00E0D7
S21401E24000ED00E0BFF35F8F00BF0A4B5B6A094A2F
S21401E25023F480335362084B5B68074A23F00103BB
S21401E2605360BFF34F8F00BFBFF36F8F00BF00BF78
S21401E270704700BF00ED00E090ED00E000B583B010
S21401E28003460A468DF8073013468DF806309DF88A
S21401E29006209DF80730194603481FF042FD00BFCF
S21401E2A003B05DF804FB00BF90ED00E000B585B05B
S21401E2B0039002910192019B029A039903481FF071
S21401E2C069FD00BF05B05DF804FB00BF90ED00E0FE
S21401E2D000B585B00023039300230293FFF7B2FF36
S21401E2E0A0210020FFF7CAFF4FF000530393294AED
S21401E2F0294B9A4204D0284B23F01F03203B00E011
S21401E300264B0293039A029B9A4215D8039B23F04D
S21401E3101F0343F003030193214B1868029B23F06C
S21401E3201F0343F001031A460199FFF7BFFF1C4B79
S21401E3301B6801331A4A1360164A174B9A421CD0BF
S21401E340144B1F3323F01F030393164B0293039BB7
S21401E35023F01F0343F003030193114B1868029B3C
S21401E36023F01F0343F001031A460199FFF79EFFAE
S21401E3700B4B1B6801330A4A13600420FFF744FF66
S21401E380BFF34F8F00BFBFF36F8F00BF00BF05B055
S21401E3905DF804FBC03E0020803B0020008000208A
S21401E3A0802C0020E07F002000B58DB00390029104
S21401E3B00192002309930023089300230B934F4BEC
S21401E3C01B68FF2B01D91A230B93FFF73BFF002392
S21401E3D08DF82B300023079300230693019B1F2BF8
S21401E3E07ED9039B03F01F03002B04D0039B23F06D
S21401E3F01F03203300E0039B0993029B03F01F03D6
S21401E400002B03D0029B23F01F0300E0029B08931E
S21401E41000238DF82A3037E0394A9DF82A30936078
S21401E420374BDB6823F01F030793354B1B6923F03B
S21401E4301F030693099A079B9A4209D1089A069BDD
S21401E4409A4205D101238DF82B3000230B930CE063
S21401E450099A069B9A4208D8089A079B9A4204D3BF
S21401E46001238DF82B3028230B939DF82B30012B9D
S21401E47011D0234B9B68224A23F0FF0393609DF83B
S21401E4802A3001338DF82A309DF82A201B4B1B6851
S21401E4909A42C1D300E000BF9DF82B30002B1FD15C
S21401E4A001210120FFF7EAFE099B23F01F0343F039
S21401E4B0030305932DF00BFB0490104B1868089B83
S21401E4C023F01F0343F003031A460599FFF7EEFEF8
S21401E4D004982DF0EEFA094B1B680133074A1360C6
S21401E4E00420FFF791FEBFF34F8F00BFBFF36F8F7E
S21401E4F000BF0B9B18460DB05DF804FB802C002076
S21401E50090ED00E000B585B001900091019B009A66
S21401E5105A602DF0C2FA0390019B194604481BF07D
S21401E52071F803982DF0ACFA00BF05B05DF804FB56
S21401E530842C002000B585B001902DF0AEFA039032
S21401E540019B194604481BF06FF803982DF098FAC2
S21401E55000BF05B05DF804FB842C002008B5024816
S21401E5601BF048F800BF08BD842C002000B583B01E
S21401E5702DF093FA01901E481EF076FD1D4B1B7878
S21401E58083F00103DBB2002B20D00023009300F0C0
S21401E5909FFA0090009B002B04D001982DF070FA92
S21401E5A0009B21E0FFF7DAFF2DF0F2F8124B002274
S21401E5B01A602CF05BFD0346104A1360104B5B6F2C
S21401E5C00F4A43F0010353671FF0FDFB00F0A8F864
S21401E5D01FF023FC03460B4A1360064B01221A70F8
S21401E5E001982DF04DFA0023184603B05DF804FBA0
S21401E5F014CF0400763A0020B42C00208C2C002086
S21401E60000400050B02C002000B585B003468DF8C0
S21401E61007302DF042FA0390284B1B78FF2B05D1CB
S21401E6209DF8073083F00103DBB2002B234B1B78E8
S21401E630FF2B07D19DF80730002B03D003982DF050
S21401E6401FFA38E01D4B1B78002B02D19DF80730CE
S21401E650002B1A4B1B78002B0AD19DF8073083F04C
S21401E6600103DBB2002B03D003982DF009FA22E058
S21401E670134B1B78022B05D99DF8073083F0010355
S21401E680DBB2002B9DF80730002B01D0012200E001
S21401E690FF220A4B1B781344DAB2084B1A70074B59
S21401E6A01B78002B0CBF01230023DAB2054B1A702E
S21401E6B003982DF0E5F905B05DF804FB783A0020E3
S21401E6C0773A0020793A002082B0034B1B68019309
S21401E6D0019B184602B07047B42C002082B001900E
S21401E6E0074B1B68019A02FB03F303F5742303F23D
S21401E6F03F23044AA2FB03239B0C184602B0704733
S21401E7008C2C002083DE1B43044B1B69034A23F039
S21401E7100403136130BF00BF704700BF00ED00E087
S21401E7202DE9F04F8DB000238DF8243009AB184643
S21401E730FAF7C8F9002000F035F9904B1B6F03F08B
S21401E74007028F4B1A608D4BD3F8003103F003029A
S21401E7508C4B1A60894B03F580531A464FF40023FD
S21401E7605366864B03F580531A464FF400335366BF
S21401E770854B9B6903F00203002B14BF0123002382
S21401E780DBB2824A13707E4B1B68032B06D07B4B91
S21401E790D3F8203103F00303022B01D1012300E05B
S21401E7A0002303F00103DBB2794A1370784B1B7820
S21401E7B0002B06D1714BD3F8243103F00703022B4B
S21401E7C001D1012300E0002303F00103DBB2704A0C
S21401E7D013704FF4C870FFF781FF02466D4B1A6045
S21401E7E000238DF82F3012E09DF82F10694B1A6820
S21401E7F0694B43F82120694B1A68664B1B681A441B
S21401E800664B1A609DF82F3001338DF82F309DF836
S21401E8102F30092BE8D95D4B1B78002B19D05C4BA8
S21401E8201B7883F00103DBB2002B12D0584B1B7808
S21401E830002B06D1514BD3F8003103F00303012B13
S21401E84001D1012300E0002303F00103DBB2504AAB
S21401E85013704E4B1B78002B00F0838000230A9325
S21401E860464BD3F8003103F00303032B0ED0032BE2
S21401E87010D8012B02D0022B04D00BE02BF01EFC8B
S21401E8800A9008E02BF026FC0A9004E02BF01CFC12
S21401E8900A9000E000BF0A9B002B62D03A4BDB686F
S21401E8A0C3F30B035A1C13469B00134400229846DD
S21401E8B0914642464B464FF000004FF00001590189
S21401E8C041EAD261500102460B46B2EB080463EB03
S21401E8D009054FF000024FF000036B0243EAD453E0
S21401E8E0620214461D4614EB080645EB09074FF075
S21401E8F000024FF00003BB0143EA9663B201911B8D
S21401E900069163EB07030793DDE906120B4613EB4B
S21401E910080A134643EB090B0A9B013B00220093AE
S21401E9200192DDE900120B461AEB0303029313462C
S21401E9304BEB030303930A9B002204930592DDE944
S21401E9400423DDE9020114F0FBF802460B461346E8
S21401E9501846FFF7C3FE0246114B1B681344104AC4
S21401E96013601F20FFF7BAFE02460D4B1B681344C7
S21401E9700B4A136000BF0DB0BDE8F08F0080005059
S21401E980C42C0020C02C002000C00150833A002077
S21401E990823A0020FC2C0020D02C0020F82C0020ED
S21401E9A0C82C002000B585B003468DF807301D4BF6
S21401E9B01B789DF807209A4230D000238DF80C3042
S21401E9C002238DF80D309DF80730002B03D002236B
S21401E9D08DF80D3002E000238DF80D3003AB18469C
S21401E9E0FAF782F89DF80730002B09D04020FFF790
S21401E9F075FE02460C4B1B689B1A0B4A136008E017
S21401EA004020FFF76BFE0246074B1B681344064A7D
S21401EA101360044A9DF80730137000E000BF05B08C
S21401EA205DF804FB57410020C82C002008B51E4B9A
S21401EA3003F580531A46012353671C4B1B78002BA2
S21401EA4030D002202DF096FA0346002B2AD02CF067
S21401EA5065FC0346002B25D0134B9B6D03F48033D6
S21401EA60002B05D0124B1B6803F00203002B18D1B4
S21401EA700D4B9B6D03F00103002B12D10D4B0122B0
S21401EA801A702DF0A0F903460B4A13600B4B1B6F4F
S21401EA9023F00703094A43F0030313672DF0B8F880
S21401EAA000E000BF08BD00BF00C00050823A002051
S21401EAB05CC00050853A0020CC2C0020008000501D
S21401EAC0024B01221A7000BF704700BF823A002035
S21401EAD030B583B02CF0FBFF01901E4B1B7883F002
S21401EAE00103DBB2002B2ED01B4B00221A601B4BFE
S21401EAF000221A601A4B00221A6000F03FF801202B
S21401EB002DF071FA2CF0AAFE0346164A1360154B37
S21401EB101B68002B04D101982CF0CBFF232316E0B1
S21401EB20104B1B6800221C46154622462B460E48F3
S21401EB3040F2E73114F004F802460B460B4B1A601C
S21401EB40044B01221A7001982CF0B3FF00231846DB
S21401EB5003B030BD873A0020082D00200C2D002080
S21401EB60002D0020042D002018FCFFFF102D002092
S21401EB70014B1B6818467047102D002000B585B064
S21401EB801F4A02AB92E803001860043319801D4A3D
S21401EB906B4692E803001860043319701A481EF099
S21401EBA063FA00238DF8083000201FF0DAF90346D7
S21401EBB0DBB28DF80C3002AB18461DF004FC0023C6
S21401EBC08DF800306B4619460120FAF78BFD40F2AE
S21401EBD0FF301FF091F940F2FF301FF081F900205D
S21401EBE01FF06DF901201DF0B8FB0C20FDF7F6FCB7
S21401EBF00C201EF0D7FA00BF05B05DF804FB00BF7D
S21401EC0078CF040080CF040018CF040000B587B089
S21401EC1001902DF031FA0346154AA2FB03239B0906
S21401EC200593059B002B1DD0124A059BB2FBF3F3FF
S21401EC300493049B002B17D0019B4FF47A7203FBBD
S21401EC4002F2049BB2FBF3F30393039B0A4AA2FB73
S21401EC5003235B080293029B002B06D00298F3F76E
S21401EC600FFC02E000BF00E000BF07B05DF804FB48
S21401EC70D34D621040420F00ABAAAAAA08B5044AB7
S21401EC80044905480CF0EEFE0346184608BD00BFD1
S21401EC9008D00400B0CF040088CF0400024B4FF028
S21401ECA080525A6000BF704700ED00E000B585B0A5
S21401ECB001900091019B002B02D0009B002B01D1FB
S21401ECC0212325E0144B1B68144A12681146184686
S21401ECD0F7F72EFB0390039B002B07D10E4B18680A
S21401ECE00623009A0E49F7F7B5FC0390039B002B09
S21401ECF00DD1094B18680123019A0A49F7F7AAFCB6
S21401ED000290029B002B02D0019B00221A70039BEB
S21401ED10184605B05DF804FB843F0020A43F0020A0
S21401ED202C0004003C00040082B001230193034A36
S21401ED30019B936000BF02B0704700BF0020025CD9
S21401ED40014BDB68184670470020025C86B00390D2
S21401ED5002910192009300230593019B1B0403F487
S21401ED607022029B1B0203F470631A43039B03F099
S21401ED700F031A43009B1B0603F0706313430593AE
S21401ED80024A059B136000BF06B070470020025C74
S21401ED9000B587B003900291019200934FF00043B3
S21401EDA00493029B002B03D0029B013B059301E0D9
S21401EDB000230593059BB3F5806F01D301231FE064
S21401EDC000BF1FF0BCF90346002BFAD1049A039B3F
S21401EDD013430493059B1A020B4B1340049A1343E7
S21401EDE00493019B1B0703F08053049A1343049377
S21401EDF0049A009B13430493044A049B5360002324
S21401EE00184607B05DF804FB00FF03000020025C13
S21401EE10014B1B68184670470040025C014B1B689B
S21401EE20184670470410025C014B1B681846704771
S21401EE303010025C014B1B68184670470010025CDC
S21401EE4082B00190024A019B136000BF02B0704776
S21401EE500810025C82B00190024A019B136000BF59
S21401EE6002B070474010025C82B003468DF807304E
S21401EE70034A9DF80730136000BF02B0704700BF19
S21401EE804410025C82B00190024A019B136000BFED
S21401EE9002B070473410025C024B00221A6000BFB9
S21401EEA0704700BF0010025C08B5FFF7C3FF0346BA
S21401EEB0024A43F00103136000BF08BD0010025C64
S21401EEC008B5FFF7B7FF0346024A23F001031360B4
S21401EED000BF08BD0010025C024B43F204021A6038
S21401EEE000BF70470010025C08B5FFF7A3FF03469A
S21401EEF0024A43F03003136000BF08BD0010025CF5
S21401EF0008B5FFF797FF0346064A43F4807313607C
S21401EF10FFF790FF0346034A23F48073136000BF94
S21401EF2008BD00BF0010025C08B5FFF783FF03466B
S21401EF30024A43F48063136000BF08BD0010025C00
S21401EF4000B583B003468DF80730FFF773FF03461D
S21401EF5023F470229DF807301B04034913430B600A
S21401EF6000BF03B05DF804FB0010025C82B00190A4
S21401EF700A4B1A68019B1A60094A019B04331268FE
S21401EF801A60084A019B083312681A60064A019BF8
S21401EF900C3312681A6000BF02B070471010025C92
S21401EFA01410025C1810025C1C10025C82B0019006
S21401EFB00A4A019B1B681360019B0433084A1B68BD
S21401EFC01360019B0833074A1B681360019B0C33CF
S21401EFD0054A1B68136000BF02B070471010025C40
S21401EFE01410025C1810025C1C10025C00B583B0A1
S21401EFF0019000BFFFF718FF034603F00103002B43
S21401F000F8D1034A019B136000BF03B05DF804FB0F
S21401F0102010025C82B0044B0193019B01221A600E
S21401F02000BF02B0704700BFFCFFFF3F00B583B0D2
S21401F03001900091019907481FF0EAF900990648E6
S21401F0401FF0E6F9054B03221A6000BF03B05DF816
S21401F05004FB00BF0000025C1000025C3400025C8E
S21401F06082B010B586B001AC84E807000993029B14
S21401F0700C9A934228BF13460593039B03F08053D3
S21401F080002B04D0059B033323F003030593059B54
S21401F09023F070430593099B194613481FF0B8F9EE
S21401F0A00B9B03F0E042059B1343104A43F00053C9
S21401F0B013600F4B00221A60019B19460D481FF082
S21401F0C0A7F9039B03F0E042059B13430A4A43F06A
S21401F0D000531360094B00221A6000BF06B0BDE85A
S21401F0E0104002B0704700BF0000025C0800025CDE
S21401F0F00C00025C1000025C1800025C3400025C2A
S21401F100054B3F221A60054B10221A60044B03225E
S21401F1101A6000BF704700BF3000025C1C00025C32
S21401F1203800025C00BF044B1B6803F00203002B8F
S21401F130F9D100BF00BF70473C00025C054B1B685D
S21401F14003F02403002B01D0042300E0002318461B
S21401F150704700BF2800025C82B0084B1B68019311
S21401F160019B23F47F4323F0EF03002B01D00423FC
S21401F17000E00023184602B0704700BF3C00025C66
S21401F18082B001900091019B5B68202B22D0202B3E
S21401F1902FD8102B02D0182B0DD02AE0264B1B6837
S21401F1A003F08073002B01D1012342E0009B1A6813
S21401F1B0009B1A601FE0204B1B6803F00073002BB6
S21401F1C001D1012335E0009B1B6843F00802009B38
S21401F1D01A6010E0184B1B6803F08063002B01D106
S21401F1E0012326E0009B1B6843F00402009B1A6083
S21401F1F001E007231DE0019B1B68104A934209D1D9
S21401F200009B1B6843F04002009B1A60019B002292
S21401F2105A600DE0019B1B68094A934208D1009B86
S21401F2201B6843F08002009B1A60019B00225A6013
S21401F2300023184602B070470404025C8A3A002094
S21401F2408B3A002000B587B00590049103920A4BD3
S21401F2501B6803F00103002B01D1012308E0039B87
S21401F2600093049B059A0021002000F05DF80346F8
S21401F270184607B05DF804FB0404025C00B585B0CF
S21401F280039002910192094B1B6803F48073002BD3
S21401F29001D1012306E0019B029A0399002000F0A8
S21401F2A08DF80346184605B05DF804FB0404025CBD
S21401F2B000B587B005900491039202930A4B1B6830
S21401F2C003F48073002B01D1012308E0029B009315
S21401F2D0039B049A0599002000F0A6F803461846F9
S21401F2E007B05DF804FB00BF0404025C00B587B0FC
S21401F2F005900491039202930A4B1B6803F48073F2
S21401F300002B01D1012308E0029B0093039B049A82
S21401F3100599002000F0C2F80346184607B05DF8CC
S21401F32004FB00BF0404025C00B591B00A92099385
S21401F33003468DF82F300B468DF82E30099B5B68FF
S21401F34003F00F03002B09D1099B5B68002B05D046
S21401F350129B5A68099B5B689A4201D0072325E0F5
S21401F3609DF82E30134A52F8233043F480730F93DE
S21401F370114A0CAB07CA83E807000CAA9DF82F00B8
S21401F3800CAB07930CAB06930CAB05930CAB049339
S21401F3900CAB0393129B0293099B01930CAB009356
S21401F3A013460A9A0F991FF01DF90346184611B025
S21401F3B05DF804FB5CD0040050D0040000B591B0A9
S21401F3C00A910992089303468DF82F30089B5B68D3
S21401F3D0102B01D0072320E04FF480330F93114AFE
S21401F3E00CAB07CA83E807000CAA9DF82F000CABEC
S21401F3F00793089B06930CAB05930CAB04930CABDD
S21401F40003930CAB0293099B01930CAB0093134639
S21401F4100A9A0F991FF0E6F80346184611B05DF8F0
S21401F42004FB00BF50D0040000B591B00A910992C8
S21401F430089303468DF82F30164B0F93089B5B6895
S21401F440102B03D1129B5B68102B01D007231DE004
S21401F450114A0CAB07CA83E807000CAA9DF82F00D7
S21401F460129B07930CAB06930CAB05930CAB049362
S21401F4700CAB03930CAB0293099B0193089B00937F
S21401F48013460A9A0F991FF0ADF80346184611B0B5
S21401F4905DF804FB3000010050D0040000B591B0C7
S21401F4A00A910992089303468DF82F30164B0F9355
S21401F4B0089B5B68102B03D1129B5B68102B01D055
S21401F4C007231DE0114A0CAB07CA83E807000CAA04
S21401F4D09DF82F000CAB0793129B06930CAB05937C
S21401F4E00CAB04930CAB03930CAB0293099B0193F7
S21401F4F0089B009313460A9A0F991FF073F8034668
S21401F500184611B05DF804FB1000010050D004004D
S21401F51082B010B588B003AC84E807000B93149B47
S21401F520202B01D9012371E00499149A13469B00FC
S21401F5301344994207D00499149A13465B00134466
S21401F5405B0099420DD10C9B149A9A4209D10F9AED
S21401F550149B5B009A4204D1129A149B5B009A4258
S21401F56001D0072352E0159B012214992220FFF7B0
S21401F5700FFC0790079B002B01D0079B46E000235A
S21401F58006220E210C20FFF7E1FB01230193012344
S21401F5900093149B03AA07CA1EF0F9FE0E230093DC
S21401F5A0149B0BAA07CA1EF0E6FD0C230093149BBE
S21401F5B00EAA07CA1EF024FE174B0693069B5B682D
S21401F5C023F07F0343F02602069B5A601EF0D3FE0B
S21401F5D00790079B002B01D0062317E0069B5B686C
S21401F5E023F07F0343F02202069B5A601EF0C3FEFF
S21401F5F00790079B002B01D0062307E00623009304
S21401F600149B11AA07CA1EF048FE0023184608B02C
S21401F610BDE8104002B070470020025C30B59BB0D8
S21401F6202E4B08AC1D460FCD0FC40FCD0FC40FCD0A
S21401F6300FC495E80F0084E80F00294B04AC0FCBEC
S21401F64084E80F00274B6C460FCB84E80F0000239D
S21401F6501893FFF755FC0420FFF772FCFFF73CFCFC
S21401F6606B461846FFF7A2FC002319930BE0199B83
S21401F6709B0068336B4453F8483C1846FFF7B6FCCA
S21401F680199B01331993199B0F2BF0D900BFFFF774
S21401F690C5FB0346032BFAD9FFF7FEFB002319939C
S21401F6A00FE0FFF7B5FB0246199B9B0068336B44DE
S21401F6B053F8583C5340189A13431893199B013337
S21401F6C01993199B032BECD9189B002B01D0062309
S21401F6D000E0002318461BB030BD00BF38D104003F
S21401F6E078D1040088D1040000B585B00190019B53
S21401F6F0002B0AD0FFF792FF0390039B002B04D048
S21401F7000E4B01221A70062314E0FFF7F9FB0820BE
S21401F710FFF796FB0020FFF79DFB0720FFF7A4FBF2
S21401F7204FF40070FFF7AEFB0820FFF709FCFFF768
S21401F730BBFB0023184605B05DF804FB8C3A00209D
S21401F74000B587B01FF014FB0590059B002B04D075
S21401F750114B01221A7006231AE0FFF759FB0346E4
S21401F7600193FFF755FB03460293FFF751FB034650
S21401F7700393FFF74DFB0346049301AB1846FFF7CF
S21401F78015FC1FF029FBFFF7AFFBFFF7CDFB0023AE
S21401F790184607B05DF804FB8C3A0020024B0122A4
S21401F7A01A7000BF704700BF8D3A002030B585B093
S21401F7B001900091009B002B15D00C4B1B68009A02
S21401F7C0002101989847009B1A46013A03920022AD
S21401F7D01C4615464FF000024FF00003EB0043EACB
S21401F7E05473E200019B00BF05B030BDB83F002056
S21401F7F082B00D4B5B78022B0CBF01230023DBB2DA
S21401F8008DF807309DF80730002B05D0064B1B7886
S21401F810072B01D1012300E000238DF807309DF866
S21401F8200730184602B07047142D002082B00190B0
S21401F8300B46ADF80230019A184B1340B3F1607FC6
S21401F84006D1BDF80230B3F5885F01D1002322E06E
S21401F850019A124B1340B3F1707F1AD1BDF80230F2
S21401F86003F4E043B3F5005F13D1BDF8023003F4AF
S21401F870E043B3F5005F0CD1BDF802301B0A9BB222
S21401F88003F00703012202FA03F3012B01D9002337
S21401F89001E06FF08603184602B070470000C07F93
S21401F8A000B587B0034602910192ADF80E30019A79
S21401F8B0029B9A4201D101235DE2019B23F0FF03E3
S21401F8C0974A934221D0019B23F0FF03954A934226
S21401F8D01BD0019B23F0FF03934A934215D0019B53
S21401F8E023F4FF7323F00103B3F1062F0DD0019B20
S21401F8F023F0FF038D4A934207D0019B23F4FF7345
S21401F90023F001038A4A93423BD1029B23F0FF0373
S21401F910834A934221D0029B23F0FF03814A9342FC
S21401F9201BD0029B23F0FF037F4A934215D0029B14
S21401F93023F4FF7323F00103B3F1062F0DD0029BCE
S21401F94023F0FF03794A934207D0029B23F4FF7307
S21401F95023F00103764A934213D1029BDBB2002BBC
S21401F9600FD0029BDBB243F00073724A934208D178
S21401F970029A019B5340FF2B94BF01230023DBB265
S21401F980F9E1029B03F0FE43B3F1A06F1FD1019B87
S21401F99003F0FE43B3F1A06F19D1029A019B5340C5
S21401F9A023F47E13002B12D1029B03F40043002B99
S21401F9B00DD0029B1B0C03F03F02019B1B0C03F0B6
S21401F9C03F039A4294BF01230023DBB2D3E1029B9B
S21401F9D003F0FE43B3F1407F40F0AA81019B03F0A0
S21401F9E0FE43B3F1407F40F0A381029A019B53404E
S21401F9F023F47E13002B40F09B81BDF80E30194690
S21401FA000298FFF713FF0346002B01D00023B2E153
S21401FA10019B03F47C13002B04D0019B1B0C03F009
S21401FA203F03BFE0019A444B1340B3F1607F40F0BF
S21401FA309F80019BDBB243F00073404A93426DD036
S21401FA40019BDBB243F000733D4A934264D0019BB5
S21401FA50DBB243F000733B4A93425BD0019BDBB2BF
S21401FA6043F00073384A934252D0019BDBB243F015
S21401FA700073364A934249D0019BDBB243F00073D0
S21401FA80334A934240D0019BDBB243F00073314AC4
S21401FA90934237D0019BDBB243F000732E4A934268
S21401FAA02ED0019BDBB243F000732C4A934225D043
S21401FAB0019BDBB243F00073294A93421CD0019BA1
S21401FAC0DBB243F00073274A934213D0019BDBB2AB
S21401FAD043F00073244A93420AD0019BDBB243F001
S21401FAE00073224A934201D140235BE0002359E090
S21401FAF0302357E0202355E01C2353E0202351E018
S21401FB001C234FE040234DE030234BE0202349E007
S21401FB101C2347E0142345E0142343E0102341E06F
S21401FB200003000600130006000200060009000696
S21401FB3000040006FF0000020000C07F0300000270
S21401FB40040000020500000208000002090000028D
S21401FB500A0000020B0000020C0000020D00000269
S21401FB601000000211000002120000021300000241
S21401FB70019A834B1340B3F1707F12D1BDF80E305A
S21401FB8003F4E043B3F5005F09D1BDF80E301B0A5C
S21401FB909BB203F00703012202FA03F302E00023FB
S21401FBA000E000230593019A754B1340B3F1607F83
S21401FBB076D1019BDBB243F00073724A93426DD05B
S21401FBC0019BDBB243F000736F4A934264D0019B02
S21401FBD0DBB243F000736D4A93425BD0019BDBB20C
S21401FBE043F000736A4A934252D0019BDBB243F062
S21401FBF00073684A934249D0019BDBB243F000731D
S21401FC00654A934240D0019BDBB243F00073634ADE
S21401FC10934237D0019BDBB243F00073604A9342B4
S21401FC202ED0019BDBB243F000735E4A934225D08F
S21401FC30019BDBB243F000735B4A93421CD0019BED
S21401FC40DBB243F00073594A934213D0019BDBB2F7
S21401FC5043F00073564A93420AD0019BDBB243F04D
S21401FC600073544A934201D1402333E0002331E02C
S21401FC7030232FE020232DE01C232BE0202329E036
S21401FC801C2327E0402325E0302323E0202321E026
S21401FC901C231FE014231DE014231BE0102319E08E
S21401FCA0019A374B1340B3F1707F12D1BDF80E3075
S21401FCB003F4E043B3F5005F09D1BDF80E301B0A2B
S21401FCC09BB203F00703012202FA03F302E00023CA
S21401FCD000E000230493029B1B0C03F03F03002B60
S21401FCE007D1059A049B9A420CBF01230023DBB27D
S21401FCF041E0019B1B0C03F03F03002B08D1029B44
S21401FD001B0C03F03F03049A9A4201D1012332E00F
S21401FD10029B03F40043002B0AD0029B1B0C03F04A
S21401FD203F03059A9A422CBF01230023DBB222E04F
S21401FD30029B03F0FE43B3F1106F1BD1029B23F02D
S21401FD401F6323F4702343F00063B3F1006F11D1F6
S21401FD50019B03F0FE43B3F1106F0BD1019A164BD2
S21401FD60134043F01063029A9A420CBF012300230A
S21401FD70DBB200E00023184607B05DF804FB00BFC5
S21401FD800000C07F0300000204000002050000021C
S21401FD9008000002090000020A0000020B0000022F
S21401FDA00C0000020D00000210000002110000020B
S21401FDB012000002130000020000FFF600B585B035
S21401FDC003900B460192ADF80A30019B002B02D13D
S21401FDD06FF08603A9E0019B23F0FF03554A934287
S21401FDE021D0019B23F0FF03534A93421BD0019B72
S21401FDF023F0FF03514A934215D0019B23F4FF736E
S21401FE0023F00103B3F1062F0DD0019B23F0FF036E
S21401FE104B4A934207D0019B23F4FF7323F001035F
S21401FE20484A93423DD1019BDBB2002B39D0019B5E
S21401FE3023F0FF033F4A934221D0019B23F0FF03A7
S21401FE403D4A93421BD0019B23F0FF033B4A93425A
S21401FE5015D0019B23F4FF7323F00103B3F1062FA2
S21401FE600DD0019B23F0FF03354A934207D0019B37
S21401FE7023F4FF7323F00103324A93420CD1019B12
S21401FE80DBB2002B08D0019BDBB243F000732E4A95
S21401FE90934201D1012300E0002303F00103DBB20A
S21401FEA024E0019B03F0FE43B3F1407F08D1019BA0
S21401FEB003F40043002B14BF01230023DBB215E03B
S21401FEC0019B03F0FE43B3F1A06F08D1019B03F43D
S21401FED00043002B14BF01230023DBB206E0019B85
S21401FEE0194A93420CBF01230023DBB2002B02D038
S21401FEF06FF0860319E0039B5968BDF80A30019A32
S21401FF001846FFF7CDFC0346002B0AD1039B9968E0
S21401FF10BDF80A30019A1846FFF7C2FC0346002BCB
S21401FF2001D0002301E06FF08403184605B05DF8A8
S21401FF3004FB00BF000300060013000600020006D3
S21401FF400009000600040006FF00000200B589B0A3
S21401FF500390029101926FF09603079302981EF0A8
S21401FF607BFF0346ADF81A3002981EF07CFF059021
S21401FF70039B03F0FE43B3F1407F02D06FF086038C
S21401FF807CE1BDF81A3019460398FFF74FFC07903D
S21401FF90079B002B01D0079B70E1039B03F47C13A6
S21401FFA0002B06D0039B1B0CDBB203F03F03DBB236
S21401FFB097E0039A9C4B1340B3F1607F76D1039B85
S21401FFC0DBB243F00073994A93426DD0039BDBB2D8
S21401FFD043F00073964A934264D0039BDBB243F02E
S21401FFE00073944A93425BD0039BDBB243F00073E9
S21401FFF0914A934252D0039BDBB243F000738F4A7F
S214020000934249D0039BDBB243F000738C4A93427F
S21402001040D0039BDBB243F000738A4A934237D048
S214020020039BDBB243F00073874A93422ED0039BB6
S214020030DBB243F00073854A934225D0039BDBB2C2
S21402004043F00073824A93421CD0039BDBB243F018
S2140200500073804A934213D0039BDBB243F00073D3
S2140200607D4A93420AD0039BDBB243F000737B4A7D
S214020070934201D1402334E0002332E0302330E0C3
S21402008020232EE01C232CE020232AE01C2328E039
S214020090402326E0302324E0202322E01C2320E015
S2140200A014231EE014231CE010231AE0039A5E4B6E
S2140200B01340B3F1707F13D1BDF81A3003F4E04356
S2140200C0B3F5005F0AD1BDF81A301B0A9BB203F0E3
S2140200D00703012202FA03F3DBB202E0002300E088
S2140200E00023019A1370019B1B78032B02D86FF032
S2140200F08503C3E0019B1B781946039A4A4B1340BB
S214020100B3F1607F76D1039BDBB243F00073474ABC
S21402011093426DD0039BDBB243F00073444A934292
S21402012064D0039BDBB243F00073424A93425BD037
S214020130039BDBB243F000733F4A934252D0039BC9
S214020140DBB243F000733D4A934249D0039BDBB2D5
S21402015043F000733A4A934240D0039BDBB243F02B
S2140201600073384A934237D0039BDBB243F00073E6
S214020170354A93422ED0039BDBB243F00073334AD8
S214020180934225D0039BDBB243F00073304A93427E
S2140201901CD0039BDBB243F000732E4A934213D06B
S2140201A0039BDBB243F000732B4A93420AD0039BB5
S2140201B0DBB243F00073294A934201D1402350E058
S2140201C000234EE030234CE020234AE01C2348E084
S2140201D0202346E01C2344E0402342E0302340E054
S2140201E020233EE01C233CE014233AE0142338E0AC
S2140201F0102336E0039A0C4B1340B3F1707F2FD1D5
S214020200BDF81A3003F4E043B3F5005F09D1BDF838
S2140202101A301B0A9BB203F00703012202FA03F309
S2140202201FE000231DE000BF0000C07F03000002A5
S2140202300400000205000002080000020900000295
S2140202400A0000020B0000020C0000020D00000271
S2140202501000000211000002120000021300000249
S21402026000238B4202D26FF0860307E0019B1B78C5
S214020270142B02D96FF0850300E00023184609B05C
S2140202805DF804FB00B585B001900091FFF7B0FA67
S2140202900346002B02D16FF0880315E00023029379
S2140202A002AB009A01990A481CF039FE0390039BA0
S2140202B0002B01D0039B07E0029B009A9A4202D0D1
S2140202C06FF0930300E00023184605B05DF804FBC8
S2140202D0182D002070B596B00B900A9109920893DB
S2140202E06FF0960315936FF0960312930023109304
S2140202F00023149300231193002313930A9B03F005
S214020300FE43B3F1806F03D06FF086031593A0E02F
S21402031010A90A9B4FF480720B981FF00BF91590E8
S214020320159B002B40F09280109B1B8803F4E04341
S214020330B3F5005F35D1109B1B881B0A9BB203F0F6
S2140203400703012202FA03F3012B2AD90A9B554A14
S214020350934213D00A9B544A93420FD00A9B534AA5
S21402036093420BD00A9B524A934207D00A9B514AA9
S214020370934203D00A9B504A934212D1109B1B8889
S21402038003F4E043B3F5005F09D1109B1B881B0AF8
S2140203909BB203F00703012202FA03F314E00023E0
S2140203A012E0109B1B8842F20402934203D10A9B7E
S2140203B0424A934207D00A9B414A934201D10D23F7
S2140203C002E0002300E00C231493149B102B03D9A5
S2140203D06FF0830315933CE0149B002B10D01B9AFE
S2140203E0149B9A4203D26FF08903159331E00CAB4B
S2140203F014991846FFF746FF1590159B002B27D138
S214020400099B11931A9B1393109B1E46109B1C6A02
S214020410109B5D6A149913981EF0F7FC01461B9A0E
S214020420149BD31A1C9A069205930491089B039375
S214020430119B0293149B01930CAB00930A9B2A46D2
S214020440214630461EF0E4FD159002E000BF00E0B3
S21402045000BF109B184620F0A9FB1290159B002B9C
S21402046001D1129B1593159B002B0FD1149B002BC9
S21402047005D00CAB149A1946139827F025FD1C9B41
S2140204801A68149B1A441C9B1A6002E01C9B0022EA
S2140204901A600023119300231393159B184616B077
S2140204A070BD00BF0010C0040011C0040012C004DA
S2140204B000FF400400404004004140040001800464
S2140204C00013C00400B585B003900291029B00930E
S2140204D000230022044903981FF061FF03461846D2
S2140204E005B05DF804FB00BF98D1040008B51D4BAB
S2140204F01B7803F00403002B06D01A4B1B7823F05C
S2140205000403DAB2174B1A70164B1B7803F0020379
S214020510002B08D000F002F9124B1B7823F00203DE
S214020520DAB2104B1A700F4B5B78002B02D00E48D3
S2140205301FF0B1FE0B4B00225A7008210A48FFF743
S21402054035F9084B1B7803F00103002B08D01EF088
S214020550A3FC044B1B7823F00103DAB2014B1A709A
S21402056000BF08BD142D0020182D002000B585B050
S21402057003468DF807300023039300238DF80B30D3
S2140205809DF80730013B032B5BD801A252F823F0FB
S214020590A1050200C3050200E505020023060200CB
S2140205A0304B1B7803F00103002B4ED11EF062FC89
S2140205B003902C4B1B7843F00103DAB2294B1A70D6
S2140205C043E0284B1B7803F00203002B3FD100F0D8
S2140205D09BF80390234B1B7843F00203DAB2214BBD
S2140205E01A7034E01F4B1B7803F001038DF80B30B2
S2140205F01C4B5B78002B2CD19DF80B30002B28D09F
S21402060019481FF03CFE174B01225A7016481FF07D
S2140206104EFE0390039B002B1BD1124B02225A70F4
S21402062017E0104B1B7803F00403002B13D10D4B7D
S2140206301B7843F00403DAB20A4B1A7000230393C2
S21402064009E06FF09603039306E000BF04E000BFE4
S21402065002E000BF00E000BF039B184605B05DF84D
S21402066004FB00BF142D0020182D002082B001903C
S214020670019BB3F1804F05D3019B044A934201D8F4
S214020680012300E00023184602B070470300004032
S21402069082B0054B93F8A0308DF807309DF80730EE
S2140206A0184602B0704700BF202D002082B001908D
S2140206B0019B03F1404213469B001344DB00024AAF
S2140206C01344184602B07047202D002082B00190D5
S2140206D0019A13469B001344DB00024A1344184651
S2140206E002B07047202D002082B001900091009A3F
S2140206F013469B001344DB00024A1344184602B01A
S214020700704700BF202D0020034B012283F8A02053
S21402071000231846704700BF202D002000B585B084
S214020720002303931DE00023029310E0029903982E
S214020730FFF7DAFF0190019B0122DA61019B032297
S2140207401A7601981EF05CFF029B0133029303980F
S21402075020F0D6F80246029B9342E7D3039B01336E
S2140207600393039B002BDED0034B002283F8A020CA
S21402077000BF05B05DF804FB202D002000B589B04F
S214020780019000916FF096030793FFF781FF0346EF
S214020790002B03D16FF08803079366E000230493CF
S2140207A0049B05930023069322E006990020FFF798
S2140207B09BFF0390039B1B7E002B02D1039B05939A
S2140207C019E0049B002B10D1039B1B7E022B0CD13D
S2140207D0039820F04DF80346002B06D1039B5B6876
S2140207E0DBB2002B01D0039B0493069B01330693D6
S2140207F0069B032BD9D9059B002B0ED1049B002BFD
S2140208000BD0049B0593059820F057F805981EF028
S214020810F7FE0790079B002B24D1059B002B1DD0CB
S21402082001220021059820F02FF80790079B002B45
S2140208301AD1019B002B0CD0059B104A9B1ADB1089
S2140208400F4A02FB03F30693069B03F18042019BC9
S2140208501A60009B059A1A6000230AE06FF08C0368
S214020860079302E000BF00E000BF009B00221A6070
S214020870079B184609B05DF804FB00BF202D002038
S214020880CDCCCCCC00B595B00390029101920093EA
S214020890009B0F930F9B08223349184627F014FB40
S2140208A00F9B0833119300230493049A119B1A603A
S2140208B000BF0F9B03F10C02019B5B68109205932D
S2140208C0059A109B1A6000BF0F9B1033019A12887C
S2140208D012931346ADF81830BDF81820129B1A80F2
S2140208E000BF0F9B1233019A528813931346ADF83A
S2140208F01A30BDF81A20139B1A8000BF0F9B03F113
S2140209001402019B9B680E920793079A0E9B1A602D
S21402091000BF0F9B14331A1D019BDB680D920893D0
S214020920089A0D9B1A6000BF0F9B143303F108024E
S214020930019B1B690C920993099A0C9B1A6000BFD3
S2140209400F9B20330B93029B0A930A9A0B9B1A6007
S21402095000BF0F9B2433029A0399184627F0B4FA75
S21402096000BF15B05DF804FB9CD1040000B583B04F
S214020970019008220749019827F071FA0346002BD6
S21402098002D06FF0980300E00023184603B05DF82B
S21402099004FB00BF9CD10400F7B505466B4616461D
S2140209A0174A0C461068516803C395F82A30083374
S2140209B06B4413F8087CB5F84830DA0609D4334697
S2140209C022463946284620F097FB00F5FA7003B017
S2140209D0F0BD204627F08FFEB5F8483000F10A0435
S2140209E09B074FEAC40405D0304627F084FE04F580
S2140209F00C740444E823781E584304FB0700E4E71B
S214020A00A4D104009422144B10B51C68002102FBEA
S214020A100044204627F04DFA104B04F108001B68EC
S214020A200021DB78637621F08AFC4FF008236362AC
S214020A30072384F82A30236A094A43F01303236201
S214020A40084B2046A364084BC4E91D32C4E9213290
S214020A50BDE8104020F078BBC42D0020882E002070
S214020A60555555001300FFFFD6BE898EF0B5104BC4
S214020A7002461E6893F804C035464FF0FF34002342
S214020A809C4508DC91B1631C10D0942303FB0460E0
S214020A9080F84A20F0BD95F84A7028469742F9D069
S214020AA0FF2F08BF1C4694350133E9E70020F1E723
S214020AB0C42D002070B50446234D002842D00830CD
S214020AC001F00EFE0026FF2304F1300084F84A30BF
S214020AD0E66127F08BFD04F1340027F087FD04F170
S214020AE0380027F083FD04F13C0027F07FFD04F177
S214020AF0540027F07BFD2868144B201A80105843B8
S214020B00C0B220F0D7FA0146304620F0CEFA606C2A
S214020B1010B100F077FF6664A06E18B120F0E7FA15
S214020B200023A366E06E20F0EFFA0023E36670BDB2
S214020B30286806FB0400FFF7BDFF01342B79A342A9
S214020B40F6DCF4E79426F9E7C42D0020AD1B4C91A1
S214020B50F7B5044623F0DBF9C0F30F23542B3ED936
S214020B60AA2B34BF01230223C0B27E288CBF0222E6
S214020B70012203218DF804301344B3FBF1F000EB9D
S214020B8040001B1A8DF805301344B3FBF1F202EB5A
S214020B9042029B1A8DF80630002318461D461A4656
S214020BA0104901AF4B7517F8016B44FA06FC1CF0AE
S214020BB0010F06D053009E40012330430132C0B2DB
S214020BC0D2B20135EDB2032DEDD103B148754B7D9E
S214020BD043EA82134B75FF230B7503B0F0BD002367
S214020BE0C2E700BFC42D0020064B1B68D97ADA780C
S214020BF0437E5B1A9342A8BFDAB20021427620F007
S214020C00DFBA00BF882E0020B0F864302BB98368A4
S214020C1013F4601F08BFA0F8643011B1012913D085
S214020C2070474369417E23F010034361084B1A68FC
S214020C30D37A92780B449342D8BFDAB2C36942762B
S214020C4023B1012120F0BCBAFFF7CEBF704700BF28
S214020C50882E00202DE9F0410025354E8AB03379E2
S214020C60AB4203DC01200AB0BDE8F081942334686D
S214020C7003FB054494F84A30FF2B0DD0236A9801F3
S214020C8006D504F15408404627F02DFD074628B93C
S214020C90226A12F0A06F1ED10135E0E7BB7908A9DF
S214020CA00C333B44D8689A7A1B8AC2F38012ADF89A
S214020CB0243000238DF81F2008901A460DF11F00DD
S214020CC020F028FA38469DF81F2094F84A1008AB00
S214020CD021F0C8FBD7E7B4F848301D2B18D13C23C7
S214020CE0FF210020CDE90431CDE902000121CDE942
S214020CF0000004F15B03C2F3802221F096FF002875
S214020D00B1D04FF0A06104F1200020F0ACF9C3E7A7
S214020D1012F0807F08BF3C214FF0000218BF43212B
S214020D2094F8293094F84A0021F03EFDE7E700BF28
S214020D30C42D00202DE9F0411F46C36904460D4626
S214020D4016468BB169B92AF0C2FE06462946E06EFF
S214020D5020F0D4F92046294620F01BFA30462AF025
S214020D60A8FE0020BDE8F0810029FAD0036A03F04D
S214020D701203022B00F0BC80236ADD0700F1C0805C
S214020D8094F84A30FE2B0CD104F14C0001F0CEFF51
S214020D9001F0C4FF28B14FF4800104F1200020F0D6
S214020DA05AF9256A624B2B40B3F5807F00F0BB8070
S214020DB0A80531D5C5F3802504F15B08002241461B
S214020DC0284620F0ADF9002184F84B0020F0B9F94E
S214020DD041460022284620F0A8F9B4F8481020B16F
S214020DE094F94B00002880F297804FF4007104F1CA
S214020DF0200020F038F9B4F8482002F00302012A55
S214020E000AD14146284620F090F928B14FF40061F5
S214020E1004F1200020F01FF9236AD90600F1818030
S214020E20D4E90C122046FFF7B7FD012F0ED040F290
S214020E307123A28C5A43904208D9E28C5A439042BC
S214020E4073D800F51C70B0FBF3F0A084394BE36155
S214020E50002384F82930236AE168B4F8645023F446
S214020E60803284F82870226221613DB913F0100F97
S214020E700CBFC8253C25257605F2B3154EB140F2C7
S214020E807121E38C42F48032C3EB06134B43226299
S214020E90E362236A43F400232362274B1B68DB7852
S214020EA063762AF014FE6369074643F0100304F1E2
S214020EB008002946636121F042FA012003F024FF6C
S214020EC028B963691A075CBF43F00403636126B15D
S214020ED023F059F8E36A0344E362204603F01EFF58
S214020EE038462AF0E6FD0121E06E20F007F938E7E1
S214020EF0406B27F000FC00287FF43EAF0C2031E761
S214020F00636C002B7FF43CAF00F026FD6064002883
S214020F107FF436AF092025E701F0010120F011F930
S214020F2069E7064B93E712201CE745201AE700BF45
S214020F30000140008F100400882E00203D100200A1
S214020F4070B500249426094D2B79A34200DC70BDAF
S214020F50286806FB040090F84A30FF2B04D00023D2
S214020F601A461946FFF7E6FE0134EDE7C42D0020C7
S214020F702DE9F04304468F798BB00C370DF1040946
S214020F80CD1901220E460DF10300494620F0D3F892
S214020F90636C8046039300236364236AE879C3F391
S214020FA000138DF825302989F75905F00DF8224BE4
S214020FB007441B6805975B7905F1180263760123DF
S214020FC006928DF8103005F10C03B8F1000F28D008
S214020FD09DF80330CDF81C908DF820309DF8252022
S214020FE094F84A308DF821300123FAB98DF8223070
S214020FF094F8933003F00F038DF823306B7903A82F
S2140210008DF8243000F0AEFD22F064FF0121204668
S21402101020F0BFF8304613F063F801200BB0BDE8AD
S214021020F0830793AB7AC3F38013D5E7AA7AC2F3A9
S21402103040128DF82220DFE7882E0020012810B506
S2140210400C461ED0022824D040BB084620F0CAFA1E
S21402105040F27121A38CE28C94F82A00D21AE3683B
S21402106003F59C53083301FB02332361FFF770FD3F
S2140210700B4B20469968236BBDE810400B6004F0CA
S21402108083B803F0AFFF844208D1BDE8104022F0D7
S21402109021BF0846BDE81040FFF7A6BD10BD00BF41
S2140210A0C42D002038B50A4D0020FFF703FDAB68BB
S2140210B013B100221A60DA8021F056FA00242B7946
S2140210C0A34200DC38BD2046FFF79CFC0134F6E75D
S2140210D0C42D002070B52B4C0546A06818B112F03E
S2140210E0FFFF0023A360FFF7DDFF00201FF0E6FFEF
S2140210F055B9032025712560E58212F061FF20793B
S2140211001FF0DCFF28B970BD022027F033FCA06078
S21402111048B90025A0682571256070BB00201FF025
S214021120CDFF0720EFE70026032025712660E68222
S21402113012F046FFB542E2DD05EBC50105EB810183
S214021140890033460122032089B212F0F5FE0646D4
S2140211500028DED1032012F055FF20600028D8D0E8
S214021160942231466A4326F0A4FE2379B342C6DDB2
S2140211703046FFF747FC0136F7E712F0B1FFA560ED
S214021180CCE700BFC42D002006222DE9F341354BE3
S21402119006469C688846A5790C35635D671903F098
S2140211A04F036355B0F848307A70103B0D2B31D898
S2140211B0DFE803F055305107300C30303030303035
S2140211C0300C635D6FF30303635523E00123625D16
S2140211D0006A63F3030262550C2210F4006F7A7001
S2140211E006F15B0107F108020CD001924FF0FF32C4
S2140211F0C0F3802000921A461FF095FF635D43F00D
S2140212008003E1E7D6F85B30BB608B889380336A55
S2140212105B05F3D4B6F84820635D304662F34513A7
S2140212206355B91C20F063FA635D60F38613635559
S214021230A3797A7802331344E371B6F8483003F0A0
S2140212401403142B04D0B8F1000FC4BF42447A70C2
S21402125002B0BDE8F081635D62F30303B4E70222E5
S214021260635DF9E7C42D00202DE9F0438B7906462D
S2140212700C33CC18237985B0DA0737D5E77A252FD1
S21402128034D8484B9A6893790C33D118D35CA27A37
S214021290C3F38013B3EBD21F28D1056A0622EB06EE
S2140212A04CBF0231043104F1120026F0D8FDE8B931
S2140212B094F80A901FF03BFF05F4C04580F0010346
S2140212C02A1EC9F3801904F10C08414618BF0122F0
S2140212D04846DBB222F077FE014650B1A37A03F00D
S2140212E00F03032B1BD1336A980712D44FF0FF303B
S2140212F012E01FF022FF0028F8D1A37A03F00F03B2
S214021300002DEED0032B85F4C0451CD1A904EDD5E3
S214021310E9E70C2FEAD1032005B0BDE8F083052BE0
S214021320E4D1306AC207E1D500F01403142B0FD0C3
S214021330012202A90DF107001FF0FDFE08BBA17AEB
S214021340C1F3801121E0052BD0D16B04E9D4CDE79F
S21402135006F15B052946C0F380201FF0DDFE00285B
S214021360E6D1A27A336AC2F38012C3F380239A428A
S214021370BCD106222946404626F071FD0028B5D18A
S214021380D6E79DF807100DF10808404600F068FB06
S2140213900028ABD104F1180020F05DF90028A5D092
S2140213A00520B9E7C42D002030B5174B826A1B68AA
S2140213B01206597926D5028F1C79436B1203B2FBAB
S2140213C0F3F2631AB2FBF3F2B0F89C3003B1013BBE
S2140213D0D0F8A05005B15B101B02B3FBF2F35B180A
S2140213E00CD090F895200F2A08D91209B3EB820F79
S2140213F0B8BF00234FEA8201A8BF5B1A9C42A8BF6F
S2140214001C46E1B2417630BD882E0020084B9A7EFB
S21402141082420AD94FF4A4721B6802FB0030836A28
S21402142013F0100F08BF002070470020704700BF5F
S214021430DC2D0020084A09491368C31AD810002B6D
S21402144001FB00F005DB937E8342D8BF4FF0FF30EE
S21402145070474FF0FF307047DC2D0020199C8FC17B
S21402146070B504460E462AF032FB3146054604F1B4
S214021470300020F064F92046FFF7DCFF01218140AE
S214021480054820F05CF94FF480700AF0CDFC28463F
S214021490BDE870402AF00DBB002E0020F3292DE98E
S2140214A0F84304460D468D4E1ED1338D5BB9A368B4
S2140214B013F4601F6ED0238F626B1B01B3FBF2F333
S2140214C0F32D9FB225D1204620F0DAF9B4F89C30ED
S2140214D0002B38D1A26A984612F0800F0CBF3E222B
S2140214E0082284F8772030E0736959064BD5836A60
S2140214F01A0748D5336900F14001436021F0E2FD46
S214021500338D002BD3D0238F626B1B01B3FBF2F318
S2140215109FB2618FB4F89C209BB25B1A9A423BDC66
S214021520736994F836019B074CBF0021022122F012
S2140215309AFD40F2022372699343C4D12046A4F86E
S2140215409C7020F09EF94FF001082046FFF72CFF12
S214021550FFF770FF87B238461FF0C2FD8146384655
S2140215601FF0BCFD30B138461FF0AEFD00213846F4
S2140215701FF0B3FDF32D04D0A36A180701D5628FBE
S2140215808AB9012334E0318D238F626B00298ED015
S2140215901B01BBE733858EE7737F002BC9D003217F
S2140215A094F83601C3E713F4C05FEAD1726912F009
S2140215B00C0FE6D140F202239343E2D1D4F8A430D2
S2140215C0002BDED12046FFF735FF80B21FF080FDEC
S2140215D00028D6D12046A18F21F00BFF031E6CDD1A
S2140215E0628F0132934268DC012BCAD0013B9BB268
S2140215F0A4F87C3038461FF069FDB4F87C301844F5
S214021600A4F87C0038461FF060FD236B590409D508
S2140216104FF4804104F1300020F099F80021204672
S214021620FFF71EFFA58FB4F87C302B44A387B8F1D2
S214021630000F07D020461FF031FD2046A18F21F073
S2140216408CFD804638461FF04BFD48450DD0A36AF8
S2140216501A070AD43846A5871FF038FDA38F013033
S21402166080B2A4F87C001844A087A38FAB4202D2B3
S21402167038461FF031FDA36A1B0702D4184B1B68BD
S2140216809847B4F87C20B4F89C3094F870109B1AF3
S214021690A4F89C3094F86F3002FB01332522B3FB8A
S2140216A0F2F102FB113384F86F30B8F1000F07D065
S2140216B02046BDE8F84320F094B9638F013396E7DD
S2140216C02046082121F085FD20460221FFF7C8FEAC
S2140216D02046BDE8F843012103F06EBBDC2D002056
S2140216E0102E00200022074B10B55A7720220446FF
S2140216F05A6120F070F884F83601204620F0CEF9C0
S21402170010BD00BFDC2D0020012810B50C462AD0E3
S214021710022830D000283DD191F8953060F30713A7
S21402172081F895300846FFF7DDFFA36A20461B07BF
S21402173016D503F0BFFE042001F08EFB50B3164A06
S214021740937F3BB3D37F0133DBB2D37792F821206A
S2140217509A421FD8BDE810404FF080600AF064BB82
S21402176004F092F8E7E703F03DFC844212D1BDE8AC
S214021770104003F093BE91F895302046C3F303124F
S214021780013262F3071381F89530BDE81040F32169
S214021790FFF784BE10BD00BFDC2D002010B501F09F
S2140217A0BBFBFB22114B10F0020F1A770CBF012273
S2140217B003224107197E48BF42F0040262F3030186
S2140217C019761A7EC2F3030161F307121A764FF4F2
S2140217D0417100221984DA76DA835A621A611A850E
S2140217E0034BBDE810401B68184700BFDC2D0020E5
S2140217F0082E00202DE9F843504C0546A06818B183
S21402180012F06EFC0023A360022012F0D9FBEFB2A6
S21402181000201FF051FC38461FF0F9FF064600284C
S21402182038D138461FF0FEFFA0BB002D52D005EB84
S214021830850105EBC101C90033460122022089B2A7
S21402184012F07AFB00BB4FF4A4790220A77612F0BE
S214021850D9FB09FB05F831464246206026F029FBF3
S21402186032462368681E03EB090182422ADB002DFA
S214021870A8F5A4724FF00001D8BF0022384699504E
S21402188063601FF01DFC50B30020C4E90000A07680
S2140218901FF016FC002500201FF0B9FF00201FF0E5
S2140218A0C1FF2846C4E90055A5761FF009FC284664
S2140218B01FF09FFF28461FF0FFFB022012F080FB5E
S2140218C0072637E009FB02FC013243F80C1001F54B
S2140218D0A471CAE7C4E90055A5761FF0F1FB2846B5
S2140218E01FF0EAFB0028D5D138461FF082FF0028F9
S2140218F0D0D138461FF083FF07460028CAD1002DF4
S21402190016DD022027F036F80223A060C371837921
S2140219103946C3F102020C33D2B2184426F0C9FA91
S2140219200121A3689A7913441A7B61F301021A73A0
S214021930FFF734FF3046BDE8F88300BFDC2D0020F9
S214021940014B987E704700BFDC2D0020014BD87EED
S214021950704700BFDC2D0020F8B5284D2AF0B7F8F6
S2140219606C681CB92AF0A5F82046F8BD4FF4A47698
S214021970012723686B60EB7E0133EB762AF099F839
S21402198032460021204626F094FA04F1280040212F
S21402199067611FF0D4FE2B8B0722A4F8443194F81B
S2140219A03731002167F3030384F837314FF6FF73AC
S2140219B0A4F87A302B7FA4F8866084F8423144F289
S2140219C09023A4F8403194F8853004F1080062F3BD
S2140219D0030384F885300A4BC4F8883003F1CE53EB
S2140219E003F59813C4F88C3041F61B33A4F89030F4
S2140219F01B2384F8923020F0A2FCB5E7DC2D0020F1
S214021A004801480170B5044600261FF0C6FF04F1DF
S214021A10080000F065FE104B20461B689847C4E994
S214021A200A662AF054F84FF4A47231460546204658
S214021A3026F03FFA09490B4653F8042F42B91C60B8
S214021A40CB7E2846013BCB76BDE870402AF031B803
S214021A5013461268F2E700BF0C2E0020DC2D002091
S214021A602DE9F04106464FF480400F4601F0F4F9A6
S214021A70044630B90E4B1D6893F81A807135A0459E
S214021A8002D80020BDE8F08155F8493CDA0609D5AF
S214021A90C3F38003BB4205D106222946304626F010
S214021AA0DEF918B1013405F5A475E8E70B20E9E77D
S214021AB0DC2D0020B0F8943010B55A1C62F30B03EC
S214021AC00446A0F89430042001F0C6F9C0B12046BE
S214021AD0FFF7B0FC80B21FF0F5FA78B14188094AE8
S214021AE0937F0B44DBB2937792F820209A4207D872
S214021AF0BDE810404FF080600AF096B90121EEE78B
S214021B0010BD00BFDC2D002038B58B7905460B448E
S214021B109B7D0C4603F00303032B09D101212C30D5
S214021B201FF00DFE4FF4006105F128001FF007FEBE
S214021B3021460548A56026F040FEBDE838404FF035
S214021B4000500AF071B900BFE82D0020014B18774B
S214021B50704700BFDC2D0020014B187F704700BF86
S214021B60DC2D00202DE9F04FD0E9027590F918100F
S214021B7087B00291417E046890F80480D0F810A0E5
S214021B80037D427D90F816B090F81790002940F039
S214021B90ED80A9F1030101298CBF022603260393D7
S214021BA02B8984F89B202A4652F8101BBBF10000B2
S214021BB018BF0120C4F8281104F14401019305F06E
S214021BC091FA204621F0FEFA20461FF02DFE22F062
S214021BD050FA4946024620461FF020FEC8222046FA
S214021BE00DF11601ADF816201FF00BFE47F6FF7238
S214021BF0A4F83021AA88039BA4F82C21AA7984F899
S214021C002E21DAF80020C4F87120BAF8042004F174
S214021C10280AA4F875201BB1042150461FF08FFD38
S214021C20BBF1000F04D04FF4005150461FF087FD61
S214021C304FF4607001F010F9C0F3C0134FEA831B33
S214021C40C30548BF4BF0800B810548BF4BF4807B31
S214021C5029F03DFF4FF48261039050461FF06FFD5E
S214021C60594604F12C001FF06AFD039829F021FF63
S214021C70A8F10203012B7BD84FF4002150461FF037
S214021C805EFD01212046FFF7EBFB0421204621F0F2
S214021C90A0FA6B7D2046C3F3040384F870306A8989
S214021CA052006263697B2A7B42EA01226287E97BF1
S214021CB0AA7B42EA012222876A7D84F86F30C2F349
S214021CC0421284F83E2000220523A2870122A4F8AD
S214021CD09C30A4F87C2002991FF0ABFD01F016F9A7
S214021CE020F40060C4E908012046FFF75DFB3D4989
S214021CF03D4AB1F828B008F0FD03BBF1000F6CD1E5
S214021D00002B3BD140F2C71B6760E26120460F61A1
S214021D101FF026FDB9F1010FE0600AD094F83731C2
S214021D20204669F3030384F8373109F00F011FF0E8
S214021D302DFF04F10800594620F001FB012002F0B5
S214021D40E3FF28B963691A075CBF43F004036361C3
S214021D5040F271216B892046013B59431FF01FFD5B
S214021D60204602F0DBFF07B0BDE8F08F012616E73B
S214021D70B8F1010F85D140F2014183E74FF4D77BDA
S214021D80E26140F27128019B760006EB430608FBEF
S214021D9006F6374440F608015046676004F14007ED
S214021DA01FF0CDFC3946204621F08CF933463946E1
S214021DB0204604F1340201F0BDF8EB7901225B0003
S214021DC03946204608FB03F321F082F9236C2046AD
S214021DD09E081FF0C5FC30449CE76760E261002B5A
S214021DE0CFD193E7DC2D00200917020070B51D46FF
S214021DF0C36A04461B07164613D408212C3025F462
S214021E0010551FF09CFC25F01005064B2D043340A0
S214021E102D0C2046C4E90835BDE870404021FFF786
S214021E201FBB70BD2FCF87F72DE9F04F85B0044654
S214021E300191084689B34B799A071FD426F05BFCBA
S214021E40019D70B96B79DB0705D54FF4803104F13B
S214021E5028001FF074FC01A826F0C8FB05B0BDE8F8
S214021E60F08FA36ADF0309D54FF4803104F128000E
S214021E701FF06DFC6B7943F001036B71019E29F034
S214021E8026FE737931469E0705461ED504F1AC0040
S214021E9026F0A2FC284629F00CFEDFF8909129F0E5
S214021EA016FEA36A0746DD0514D5D4F8AC3043B156
S214021EB09A7913441B7B3A2B03D829FA03F3D807E3
S214021EC011D4384629F0F5FDC8E704F1A80026F03B
S214021ED074FCDFE794F94631022BF2DCD4E92A23BC
S214021EE072B9002BEDD004F1AC0026F09DFB05463E
S214021EF0384629F0DEFD2946204620F00FF8CEE7C8
S214021F00002BF0D194F89280039304F1A80BD4F836
S214021F10A86096F807A0B379AAEB030A5FFA8AFAD2
S214021F20C24527DC584626F0DEFB0546A8EB0A0823
S214021F306B7929466FF3C3036B7103A826F03DFC49
S214021F40D4F8A8302BB15B79990702D1B8F1000F0B
S214021F50DDD1039B002BB4D09B79022B40D8002006
S214021F6026F008FD014670BB039904F1A80026F08E
S214021F7033FCA6E7002026F0FDFC054630B903999F
S214021F8004F1A80026F028FC03959AE78079B17937
S214021F900C300C3142463144284425F095FFEB794B
S214021FA053FA88F3EB71B379727953FA88F3B37103
S214021FB06B794FF0000862F300036B7173796FF36D
S214021FC000037371B4E7039B4A79587960F3000201
S214021FD04A715A7903A86FF300025A7126F0F7FB8A
S214021FE0E36A9A0512D50398034600680028FBD1D7
S214021FF0DB79C3F14503DBB2032B07D826F0BAFC24
S21402200001460028B0D003A826F0D7FBD4F8A830A3
S21402201013B15B79DB0704D5039A537943F00803BF
S2140220205371384629F045FD039965E77C2C02007A
S21402203070B5036B0446990786B001D51FF0ADFC58
S214022040236BDA0733D5A66A330723D516F4002F97
S21402205014BF032501252046FFF7ECF994F89B30C0
S214022060294605930023049394F83E30C6F3800273
S2140220700393238F80B20293638F0193636BC3F340
S2140220804F03009304F1710320F0CFFD30B9002016
S21402209006B070BDB50C05F00205DCE7012104F1BF
S2140220A030001FF054FB4FF400511FF048FB236B27
S2140220B0980410D52046FFF7BDF9A16AC0B2C1F355
S2140220C0403120F0E8F90028E1D04FF4005104F145
S2140220D030001FF03CFB236BD90409D500212046B3
S2140220E0FFF7A2FE4FF4805104F130001FF02FFBE1
S2140220F0236B5A0512D52046FFF79CF9002394F865
S2140221009B50C2B21946284620F04EFB0028BED08D
S2140221104FF4806104F130001FF019FB236B5B075C
S21402212011D52046FFF786F9616B238F628FC1F3C4
S2140221304F0180B220F059FD0028A8D0042104F1F6
S21402214030001FF004FB236B1E0709D5204621F042
S214022150A8FB00289BD0082104F130001FF0F7FAF4
S214022160236BDD0618D52046FFF764F9E16A80B2D4
S21402217011F4805100F0C580002120F0CBFD00282C
S21402218085D04FF4805104F12C001FF0E0FA1021A4
S21402219004F130001FF0DBFA236B580615D52046F3
S2140221A0FFF748F994F8773080B20093D4E9082311
S2140221B020F093FD00283FF46AAF0023402184F804
S2140221C0773004F130001FF0C2FA236B190516D5DA
S2140221D02046FFF72FF900230093B4F89830B4F89E
S2140221E0962094F89A1080B220F008F900283FF45E
S2140221F04EAF4FF4006104F130001FF0A8FA236BD3
S21402220013F4804532D19A0516D52046FFF712F907
S21402221094F8371194F8772001F00F0180B200F09D
S214022220DBFC00283FF433AF4FF4007184F877509C
S21402223004F130001FF08BFA236B1B0616D52046DE
S214022240FFF7F8F8B4F88C3080B2009394F8913027
S214022250B4F88A2094F8901020F08EFD00283FF4FF
S21402226016AF802104F130001FF071FA236B9E0630
S21402227012D52046FFF7DEF894F8771080B220F0E9
S21402228060FD00283FF403AF0023202184F8773056
S21402229004F130001FF05BFA236BDD0508D504F16C
S2140222A030004FF480711FF052FA204621F024F9D4
S2140222B0236B180408D504F130004FF400411FF0D8
S2140222C046FA20461FF05EFC236BD90308D504F1BC
S2140222D030004FF480311FF03AFA20461FF099FA88
S2140222E0236B9A0308D504F130004FF400311FF037
S2140222F02EFA20461FF09BFA236B9B0704D401207C
S214022300C6E620F01EFD3AE70022204611461FF0E0
S2140223108CFA20461FF08BFA2046FFF78BF894F8CB
S214022320771080B220F0C3FD00283FF4B0AE022141
S21402233004F130001FF00BFA2046FFF763FB024B56
S2140223401B689847DBE700BF082E0020F8B500237D
S214022350124A02F1240151E8004F41E80035002DEF
S214022360F7D1012734B9BDB10D4829461FF0E7F968
S2140223702046F8BD94FAA4F0B0FA80F007FA00F608
S21402238024EA0604FFF742F80028EBD0FFF750FED7
S2140223900028E7D13543E5E70120EAE7DC2D0020F7
S2140223A0002E00202DE9F74F04460190002860D049
S2140223B0C5794FF000080C35054429F088FB4646DF
S2140223C000904FF4A47A40462B4FBA7E5FFA88F903
S2140223D04A4517D90AFB09FB3A685A44916ACB0662
S2140223E044D5B2F89420C2F30B02002A3ED0E2791A
S2140223F0C2F14502D2B2032A15D8022026F0BAFA52
S214022400044640B900230098FB8329F052FB30466D
S21402241003B0BDE8F08F014601A826F0CEF90020F1
S214022420E5790C35254404220123002112FB0033F2
S21402243005F82090E9543B6802FB005C5B44B3F865
S214022440943001368CF80230032312FB0032A95472
S2140224503B6801305B44B3F89420C0B261F30B02D0
S214022460A3F89420E379F6B20433E37108F1010885
S214022470ABE70646CBE700BFDC2D0020F7B5684683
S21402248004F024FE00254FF4A477124EB37EAB422E
S21402249001DC03B0F0BD346807FB0544A36A03F011
S2140224A01803102B13D10522694604F1450025F0C6
S2140224B0D6FC60B10121204621F03FF838B9012050
S2140224C026F058FA014610B1204601F0E1F901352E
S2140224D0DCE700BFDC2D00202DE9F74F29F0F7FAE4
S2140224E0424BDA6800920022DA6029F0E2FA009B98
S2140224F013B903B0BDE8F08F684626F095F88279E6
S214022500876802F10C04044401460190A07A0A325C
S21402251010F0200F14BF0320022002448A71FA6AC8
S21402252052050FD5E07AA27A42EA002238461FF018
S214022530D5FE38B901A826F059F83D2138461FF0D5
S214022540D6FDD4E7BA6A94F80AB012F4007201997A
S2140225500BF0030013D003288A79EBD10A44127BCE
S2140225603A2AE7D8224B23FA02F2D307E2D54A796F
S214022570384642F002024A7100F05AFEB7E70328D4
S214022580F5D048790BF0030B62F341004871084618
S21402259094F8069094F905A026F0ADF8019D06463B
S2140225A0AC793846063CE4B2AC71FEF743FF0C3415
S2140225B0C0F3032305EB040843EA0B1388F8033041
S2140225C02B46F6B288F80200A8F8046005F804A0C4
S2140225D088F801905A796FF341025A711B68002BF2
S2140225E0F8D128461FF06EFF81E700BFDC2D0020E1
S2140225F07C2C0200104B1A7842F0F0021A701A7CF9
S21402260042F0F0021A7493F8202042F0F00283F8A7
S214022610202093F8302042F0F00283F8302093F81E
S214022620402042F0F00283F8402093F8502042F017
S214022630F00283F850207047182E00200368054ADF
S21402264023F07F6323F4002302EAC14213430360AC
S214022650704700BF0000F80FF8B54488054604F03E
S2140226600704072C1C4E28D129F031FA002211014A
S214022670735C06EB02171B090F2B0AD00132062ADF
S214022680F5D1164A13880133138029F012FA19205D
S214022690F8BD2B6894B27B801123735429F009FA93
S2140226A021F071FC06EB0413D8602B68002023F49B
S2140226B0E02343EA04432B60EAE72301F15CC1F31B
S2140226C00312013202F00F02052A28BF002262F32B
S2140226D00711F154E4E700BF182E0020143A002038
S2140226E038B54488054604F00704072C0FD029F0B5
S2140226F0EEF9074A2401135D43F0F00313552B68E5
S21402270043F4E0232B60BDE8384029F0D2B938BD47
S214022710182E00202DE9F0474588074605F00705E4
S214022720072D894637D01D4C4FEA051814F8086065
S21402273021F029FC04EB051ADAF80C30360906EB10
S214022740C506C01A04EB4606708014F8083003F07B
S2140227500F02042A9EBF013262F3030304F8083014
S214022760B9F1030F14D114F8081004EB0514A01CD9
S21402277001F00F0121F0D3FA044629F0A8F93A68CD
S214022780074B134023433B60BDE8F04729F091B95D
S2140227904FF6FF74F1E7BDE8F08700BF182E002061
S2140227A00000FF7F064A08B59268824207D0427947
S2140227B022F0030242F00302427109F08FFB08BDC9
S2140227C0782E002010B5064C204625F00FFF201D5F
S2140227D025F00CFF04F10800BDE8104025F006BF06
S2140227E0782E002010B5022026F0C4F8034C606054
S2140227F0022026F0BFF8A06010BD00BF782E002091
S21402280008B5FFF7DFFF0022024BDA60BDE808409A
S214022810FFF7E8BF782E0020014B5868704700BFCC
S214022820782E0020014B9868704700BF782E002053
S21402283038B50C4CE3681BB1E36898470023E360A5
S21402284023686BB1074825F0EFFE054640B12368C2
S2140228501BB14FF0004009F0E7FA284620F040FB93
S21402286038BD00BF782E002010B5084CE0604FF04F
S214022870004009F0D9FA00BF00BF00BF00BFE368FE
S2140228801BB1E36898470023E36010BD782E002052
S21402289038B58379044603445B7B13F0300F4379E3
S2140228A023F0030308BF43F00103437129F00FF935
S2140228B005462146054825F080FF4FF0004009F006
S2140228C0B3FA2846BDE8384029F0F3B8782E00203F
S2140228D0F0B5184E85B07568AB790C331D4400F020
S2140228E01BFBB5F80920B5F807108A421FD8032A41
S2140228F01DD903291BD96F79CFB1C04360F00500FB
S21402290010EA070413D1EB78A879CDE901742C7983
S214022910009401F061FC00280CBF0C22002242F257
S2140229204101B06805B0BDE8F0401FF05FBD11225E
S214022930F5E700BF782E002010B50D4C626893793B
S2140229400C331A441179D078003918BF01210038A7
S214022950B2F8073018BF0120B2F8052001F050FF88
S21402296042F242010246A068BDE810401FF03EBD9A
S214022970782E002010B5084C6068837918440F3012
S21402298000F098F90023A0681A46BDE810404FF6FA
S21402299028411FF0E9BC00BF782E0020242816D854
S2140229A00F2805D802280CD8B0FA80F040097047E4
S2140229B0084B103880B2C34003F0010383F00100D5
S2140229C070470538012894BF002001207047012077
S2140229D0704700BF2D2011002DE9F04F95B0FFF78C
S2140229E01BFF42F23603867905460C3630F806801F
S2140229F0841998450ED1FFF70FFF022125F0C6FD78
S214022A007F22A3780233A370AA55002320222377BD
S214022A10627063770121E078FEF728F80023064605
S214022A20002800F0D180CDE91233237AE2888DF8AF
S214022A304A30E37AADF84820B4F809208DF84E30D3
S214022A40E378ADF84C20A288FE2B4FF6FF7308BF42
S214022A504FF4804312F0050F25D1DDE912018842BA
S214022A601DD900251126FFF7DDFE01233246414619
S214022A70ACB21FF079FC002DCCBF0534053C24B265
S214022A80002E40F0A4800A2394FBF3F4E4B2FFF78E
S214022A90C9FEC3791844C47215B0BDE8F08F1F286A
S214022AA0DFD99942DDD8D206E77D657E04D5012FAF
S214022AB016D000251226D6E7012F74D0032FD0D1C8
S214022AC06B1EDBB2022BCCD800F026FA0427074294
S214022AD0C7D0032D08BF04252840C0B20028C0D0A6
S214022AE0E0781EF007FB20B1A088FFF757FF00280A
S214022AF0DFD0384A237F1278002A5CD0042BD8D83D
S214022B00637F042BD5D8A388DB065BD421F0B1FA09
S214022B100121C822084004F0CBF994F91630B4F823
S214022B2004E003EB8303B0EB430F4FEA4302637BFD
S214022B30677E0F93A37BE188109304F10F03119332
S214022B40637F94F80C9094F815A094F818B0054694
S214022B50E07DC8BF15B2B4F809200C93237F032882
S214022B600B93E37E08BF0420032F08BF0427003B15
S214022B7018BF01230A93A37E1FFA85FCCDE90873CA
S214022B80119BCDE9060B0293109BCDE904ACCDF860
S214022B900C9001930F9B304600935FFA8EF31EF063
S214022BA062FB06465FE76B1EDBB2022B3FF659AFAF
S214022BB000F0B2F98BE7002B7FF453AF637F002B54
S214022BC0A1D04EE70020A3E7054607264BE70024E0
S214022BD05DE700BF8E3A0020F8B5074601200D4695
S214022BE0164625F0C7FE0446C0B106220C211FF089
S214022BF0CEFB691EC9B2032988BF0022A37998BFFB
S214022C00074A03F10C0398BF525C234420469F8078
S214022C10DE70DA719A71FFF7C5FD0120F8BD00BFBC
S214022C20ACD10400F8B5FFF7F7FD83791844B0F885
S214022C300F60B0B2FEF7EAFB0446C0B11FF028F9F7
S214022C400138C0B2032814D800270B4B1C5CFFF7D0
S214022C50E9FD054604233A4642F230011FF084FBA2
S214022C60AB790C33E818C68004724472F8BD0227AA
S214022C70EDE700242746EAE7ACD104000B4610B580
S214022C800649074C0622002808BF2146184625F0AA
S214022C90E6F8B0FA80F0400910BD00BF903A002076
S214022CA0963A0020024B1A6802609B88838070471F
S214022CB0963A002013B50D4C28B10368236083882A
S214022CC0A38002B010BD21F06EF9CDE900019DF897
S214022CD00230BDF80020A370BDF805302280A4F8AB
S214022CE003309DF807306371EBE700BF963A002089
S214022CF010B5044628F0EBFE2268064B1A60A2883E
S214022D009A80054A137843F00103137028F0D1FE27
S214022D10012010BD903A00208F3A0020024B18780E
S214022D20003818BF012070478F3A0020024B1A68FD
S214022D3002609B8883807047903A0020024B186995
S214022D4008B109F071B87047180B0020002310B5BF
S214022D503C4A02F1100151E8001F02F1100C4CE847
S214022D600034002CF5D140EA0104A10201D502F09C
S214022D703FF8220101D503F02FFE002C01DAFFF7FF
S214022D8057FD630001D501F0DFFCA00001D5FFF777
S214022D90A3FBE10007D5FDF75DFF20B94FF0805198
S214022DA0294820F0F0F8620107D51FF045F920B94E
S214022DB04FF08061244820F0E6F8A30105D521F003
S214022DC051F9FFF75BFB1EF09AF9E00108D51EF0F9
S214022DD014FD072804D14FF080711B4820F0D3F869
S214022DE0610201D51EF085F9220201D51EF05CF9BA
S214022DF0E30207D51EF0FFFC20B94FF480111248FB
S214022E0020F0C1F8A00507D500F0A8F920B94FF4C4
S214022E1000710D4820F0B7F8E10507D5FFF796FADE
S214022E2020B94FF48071084820F0ADF8620503D54A
S214022E301FF098FA1FF097FA230501D520F0ABF899
S214022E4010BD00BF180B0020280B002001460148C9
S214022E5020F099B8180B0020014B1B6818407047E9
S214022E60180B002010B5044BD3E9064204430A436C
S214022E70C3E9064210BD00BF180B002070B51E4DF8
S214022E8004462B68002B03DAFFF7BAFC002031E079
S214022E904CF20C000021FFF7E5FF0023174E3360CB
S214022EA024B163682B60A36803B133604FF000401F
S214022EB0FFF7CCFF33680BB9114B3360114B124846
S214022EC0AB6000232B7311F047F9FFF793FB204604
S214022ED003F06EF870B92CB1B4F90E10B4F90C0008
S214022EE003F0A0F821F0C9F804F0B4F801F0A8F84D
S214022EF00028C9D070BD00BF180B0020882E002005
S214022F00594100203D2D02001C0B0020014BD3E945
S214022F1006017047180B0020054B9B69DA054CBF6B
S214022F20032001201B0548BF40F00400704700BF85
S214022F30180B0020F8B517461C460D46064603F049
S214022F404FFC1C4BBA7A1C4953F8222053F8203007
S214022F508C421A4424D9194B9C4214D9184B013C72
S214022F6093FBF2F3002BB8BF03339A1004EBA304CF
S214022F70B4FBF2F371682A68A1EB930102EB4302F9
S214022F8071602A60F8BD0F4B0F49A3FB04435B092F
S214022F9002FB03F303F6C313A1FB0313DB0AE9E701
S214022FA002FB04F3094A03F574338F33A2FB0323AF
S214022FB01B0CDFE7FCD104004C62100013666606A9
S214022FC040420F001F85EB515917B7D183DE1B43D2
S214022FD0034600F03F003F2830B51FD090B1194697
S214022FE0002201321B2A4FEA510105D100212E4848
S214022FF00A460124584007E001F03F003F280DD062
S2140230000028EED130BD012104FA02F5054202F194
S214023010010205D1202AF7D1022907D00020F1E7C4
S214023020202A01F10101F7D00229ECD1DAB2C3F36A
S2140230300721914225D000211C46084604F00305CC
S214023040013D012D01F1010198BF01301F294FEA10
S21402305054041ED11828E1DC052000219B0E03F043
S2140230600304013C012C98BF013101384FEA530397
S214023070F5D10129C6DD8AB90228D4BF0020012075
S214023080C0E7C3F307419142D5D1B2EB136FD2D159
S214023090C4E71029D2D10B28D0DDBFE7D30748BF3B
S2140230A001305208E7E700BFD6BE898E024B1A6887
S2140230B002601860704700BF902E00200022024B6C
S2140230C01A6000F053BA00BF902E00202DE9F84394
S2140230D006461EF0F6FB0446002835D045784DB964
S2140230E028F0F5FC237863701B4B1B682570636021
S2140230F028F0DFFC4FF00108677837B923781BB356
S2140231004FF4007008F090FE1EE097FAA7F5B5FAA5
S21402311085F508FA05F55FFA85F9636833B90E4B4B
S21402312027EA050565701B686360E5E79B681BB9BF
S21402313063681B686360F0E7494630469847012893
S21402314005D163681B6863600120BDE8F883022826
S214023150EED10020F9E700BF902E002070B50025C2
S2140231600D4EFEF7EDFBA84201D8012012E03068B2
S214023170FEF74CF950B93468FEF7E2FB0134B4FBB3
S214023180F0F303FB104401353460EAE7FFF79EFFD5
S2140231900028F0D170BD00BF8C2E002010B504466A
S2140231A0837903441B7B3A2B96BF044AFF21D15CEA
S2140231B025F0ECF9A0790C30204410BDB0D1040003
S2140231C0F8B5174606460C461D461EF072FB020769
S2140231D013D5022130461EF045FF70B1112120465C
S2140231E020F00FF82046FFF7D9FF4570877021467A
S2140231F03046BDE8F840FEF717BE29200B49C5F158
S2140232002002A5F12003E94000FA02F220FA03F3B5
S21402321011431943CB07E1D40D2120461FF0F1FFDD
S2140232202046FFF7BBFF4770E1E700BF000040847F
S2140232302DE9F34105460C4601911EF032FB83064A
S21402324005D501A825F0D2F902B0BDE8F081019FAC
S214023250BE790C36BB5D3A2B18D8164A12F8038094
S214023260B8F1FF0F12D0384625F045FA013840452E
S2140232700CD1114B1E6896B921462846A3792344E1
S2140232801A7B02B0BDE8F0411FF0CFBF019825F0CF
S214023290ADF92846BA5D01991FF0C7FFD4E77368F7
S2140232A00BB93668E7E72146284698470028F8D043
S2140232B0CAE700BFB0D10400902E002037B50446FE
S2140232C00D4620211EF0EFFA294620461EF03DFB51
S2140232D02146012020F050F82146002020F04CF82C
S2140232E0012000232146034A00901FF0D6FF03B0B8
S2140232F030BD00BF5731040037B5044620F0BAF996
S214023300032120461EF024FB002503462146012009
S214023310034A00951FF0C1FF284603B030BD00BF28
S2140233204F3504002DE9F34104460D4601460120BF
S2140233301EF0AEFA0121074628461FF062FF284615
S214023340FFF72CFF064600F10108404603F0BEFEDA
S214023350D6F801300221C7F8123073792046BB75C1
S2140233601EF0F6FA29460746F08020461FF047FF71
S21402337020232146009301203B46034A1FF08DFF7F
S214023380002002B0BDE8F081353604007FB5044661
S2140233900D46014601201EF07BFA50E8003F43F43A
S2140233A0806340E80036002EF7D1204620F056F91A
S2140233B0D8B320461EF07DFA430715D5334632466B
S2140233C020460DF10F011EF04AFD9DF80F30062B28
S2140233D00AD8284610F084FE012200232046FEF773
S2140233E005FD002004B070BD0E2128461FF009FF1F
S2140233F02846FFF7D3FE0646FFF788FDC6F80510F7
S214023400FFF784FD2946C6F8010020461FF0F7FEA6
S214023410032120461EF09CFA002203460092214613
S2140234200120034A1FF039FFDBE70821DDE700BF72
S21402343053350400F7B50D460446174620F00EF93C
S21402344080F001002146C0B21EF022FAC668012DA5
S214023450B37907D03A462946204603B0BDE8F04085
S21402346020F027B90C3320461E44FDF7E3FF71898E
S21402347080B21DF038FE1022738921460092002089
S214023480024A1FF00AFF284603B0F0BDB336040016
S2140234902DE9F74F074688461EF00BFA10F4801601
S2140234A05DD1022025F066FA0546002859D098F824
S2140234B0063031460C334344B3F80490B3F806B0F2
S2140234C0B3F808A01FF09DFE2846FFF767FE02210C
S2140234D0044638461EF03CFAA4F804906081A4F82C
S2140234E006B0A4F808A020F012FD09F10109B0FB0D
S2140234F0F9F303FB1900022360806370AB7988F846
S2140235000630EA7903F10C0088F80720D21AD2B204
S2140235102918404424F0D8FC394601201EF0B8F998
S214023520C0F80C803846FDF785FF618980B2013904
S2140235301DF0D9FD102263893946012000920A4AFD
S2140235401FF0ABFE4FF4803138461EF0B4F9384611
S21402355029461FF054FE304603B0BDE8F08F232004
S214023560FAE70720F8E700BFB336040010B5054CAB
S214023570054A204605491FF0DBFF2046BDE81040FD
S214023580FFF794BD942E00203F370400F936020060
S214023590F7B58B7904460C33CE18CB5C0D46023B4E
S2140235A00F2B00F2A080DFE803F0089E9E9E9E731B
S2140235B09E829E9E2C689E9E9E4F28F088FA717868
S2140235C0074620461EF0C1F9202120461EF06BF960
S2140235D0214601201FF0D0FE214600201FF0CCFE1F
S2140235E001230093002321461846404A1FF055FE49
S2140235F0284610F075FD384628F05BFA012003B025
S214023600F0BDB388728871781EF00FFC20461EF05B
S21402361050F9830708D42946204620F02BF80121CA
S21402362020461FF0D6FDE9E7214601201EF030F9BC
S2140236302F4B82689A4203D1214601201FF06CFE6E
S214023640284610F04DFDEAE777780846B67810F07F
S21402365047FD162F05D132460321204620F060FA98
S214023660CCE7214601201EF013F98368002BC5D053
S2140236703246032120469847C0E7014601201EF045
S21402368007F907462846767810F02AFDBB68EDE76C
S214023690014601201EF0FCF807462846767810F010
S2140236A01FFDBB68002BA9D032460421E2E7014683
S2140236B001201EF0EDF80F4B82689A4203D028468E
S2140236C010F00EFD9AE7D6F80120D6F8053020460F
S2140236D0FEF78CFB284610F003FD214601201FF062
S2140236E01BFE02219CE7002089E700BF6936040022
S2140236F04F350400533504002DE9F3410D460446C8
S2140237001FF0ACFFAB7900287DD00C3315F8038090
S214023710EE18B8F1010F53D0B8F1080F4BD0B8F13C
S214023720000F63D1204671891FF0A5FDB388728809
S2140237309A4294BF07460027092B38BF092372789E
S214023740013B9BB29A421BD8002A08BF002720469C
S214023750FDF770FE1FFA80F840461DF0B3FC88B1F4
S2140237604388B18800930846F38832891FF0C9FC63
S21402377050B9284610F0B4FC012002B0BDE8F08132
S2140237804746E4E70123ECE7002FF2D0214600206B
S2140237901EF07EF8C5607189404601391DF0A3FC13
S2140237A0102273890092013B1B4A9BB221460020DD
S2140237B01FF073FDE0E7294620461FF0EDFEDBE72B
S2140237C02046F1881FF057FD0746701C20F063FC68
S2140237D00028CED0002FCCD0214600201EF058F86C
S2140237E02023C5600093F3880C4ADFE7294620466B
S2140237F020F083FA0028BFD12946204602B0BDE851
S214023800F041FFF7C5BE2B441B7B0E2BD3D02946B7
S214023810204620F061FAEDE735340200ED3504006B
S21402382038B504460D461EF044F842070BD420462F
S2140238301EF03FF8830706D429462046BDE83840E6
S214023840034A1FF00ABE284610F04AFC002038BD84
S214023850F932020038B504460D461EF022F800F092
S214023860180010280CD120461EF023F810F4C02FA2
S21402387006D129462046BDE83840044A1FF0EDBD71
S214023880284610F02DFC0C2038BD00BF91340200F3
S214023890014A1FF0E2BD00BF2533020070B505469F
S2140238A00C46014601201DF0F3FF064628461EF090
S2140238B000F8020704D5204610F012FC002070BD66
S2140238C033685B05F7D428461FF0C8FE40B1214690
S2140238D02846FFF7A5FF18B925F04CF8044630B184
S2140238E021462846BDE87040024A1FF0B6BD0720B2
S2140238F0E5E700BF8D33020073B504460E461DF0A1
S214023900D0FF00F0300010284FF0020031D125F031
S21402391031F8054678B34379022143F00203437136
S2140239201FF06FFC2846FFF739FC294646702046F2
S2140239301FF065FC162120461EF007F820212046BF
S2140239401DF0B1FF214601201FF016FD2146002082
S2140239501FF012FD20461FF0B5FD012120461DF086
S214023960F7FF0346012021460090044A1FF095FC0B
S214023970002002B070BD0720FBE700BF7D350400C3
S2140239802DE9F04387B004460E461DF092FF00F480
S214023990C060B0F5C06F06D1022024F0EBFF0546EA
S2140239A010B9072054E00025214601201DF070FFC3
S2140239B0814696F8068000F1120208F10C08B0441F
S2140239C008F10F0308F11F0153F8040B8B4242F86B
S2140239D0040BF9D1032130461FF013FC3046FFF7E3
S2140239E0DDFB0A22074608F10501013024F047FAFA
S2140239F00C210DEB010000F037FB03AB03CBC7F83D
S214023A000B00C7F80F10059B07F10B02C7F813301F
S214023A100DB30A2128461FF0F4FB2846FFF7BEFB2B
S214023A20294620461FF0EBFB4FF480712046C9F86A
S214023A300C601DF038FF032120461DF089FF00258B
S214023A400346214601200C4A00951FF026FC284614
S214023A5007B0BDE8F083204607F1130301211EF0EC
S214023A609CFB204631461FF0CAFB2046C9F80C5084
S214023A701EF0AFFBDFE700BF81370400F0B589B068
S214023A800D4604461FF076FEAB79002800F0A380B0
S214023A900C33EA18EB5C033B082B00F23881DFE8B4
S214023AA013F009003601360184003601360136016C
S214023AB05D007E00D2F80100D2F8051003ABB2F822
S214023AC0097003C302F1130301210B3220461EF0D4
S214023AD064FB042128461FF094FB2846FFF75EFB92
S214023AE006460C2105A800F0BFFA05AB03CB334609
S214023AF0C6F80100C6F80510079A002143F8092FF8
S214023B002046721C1EF049FB214600201DF0C0FE16
S214023B10034603AA478303CAC3F81200C3F8161063
S214023B2020460821FDF79CFC4FF4007120461DF04C
S214023B30BAFE20461EF04DFB294620461FF05FFBCC
S214023B40032120461DF004FF034600202146714A49
S214023B5000901FF0A2FB012009B0F0BD0B21284601
S214023B601FF04FFB2846FFF719FB294620461FF099
S214023B7046FB27F0ACFF05464FF4407120461DF089
S214023B8092FE4FF4805120461DF095FE284627F0FF
S214023B9090FF4FF4806120461DF090FEDBE728463A
S214023BA010F09EFA4FF40071F5E7062128461FF042
S214023BB028FB2846FFF7F2FA20461EF061F929464E
S214023BC020461FF01CFB20461EF029FB2146002043
S214023BD01FF0A2FBBFE72B441B7B043B072BBBD883
S214023BE001A252F823F000BF093C02002F3C02005B
S214023BF0913C0200593B0200593B0200593B02002D
S214023C00593B0200A73C020020464FF400711DF00B
S214023C104AFEAA7920460C322A4402F10903002100
S214023C2001321EF0BAFA284610F05AFA93E74FF419
S214023C308060FFF711F9B0B100274FF4006120460B
S214023C401DF031FE2046CDE90577FDF7F3FB06466B
S214023C5020461DF024FE39460346009505AAB0B25A
S214023C601FF0CDF877E7214601201DF011FE00F186
S214023C70120120461EF0E8FA062128461FF0C1FA75
S214023C802846FFF78BFA294620461FF0B8FA62E765
S214023C90284610F025FA214601201FF06DFB20462B
S214023CA01EF0BDFA57E727F012FF06464FF40071E2
S214023CB020461DF0F8FD4FF4805120461DF0FBFD16
S214023CC0304627F0F6FE4FF4C06120461DF0F6FDA2
S214023CD0294620461FF093FA214601201DF0D8FD02
S214023CE0C268054682B1937901210C331A4402F167
S214023CF0130320460B321EF050FA20461EF069FAD5
S214023D002046E9681FF07BFA0023EB6023E70020D9
S214023D1022E700BF8137040010B5074C074920464A
S214023D2000221FF005FC2046FFF7C0F9BDE8104050
S214023D3001200021FFF796B8A02E00207D3A02004F
S214023D4038B505460C461DF0ACFD00F018001028EC
S214023D5006D121462846BDE83840044A1FF07DBBFE
S214023D60204610F0BDF90C2038BD00BF8139020094
S214023D7038B50C468B7905460C331944E35C142B94
S214023D8003D0152B0FD0002038BD01311FF0CAFD1D
S214023D901521284622461FF00DFE214628461FF012
S214023DA02EFA0120F0E7014601201DF071FD0B4BB3
S214023DB082689A4203D0204610F092F9F1E7A17980
S214023DC0284621440D311FF0ADFD204610F088F93B
S214023DD0294601201FF0A0FAE3E700BF093A0400D3
S214023DE037B504460D460A4614211FF0E3FD294660
S214023DF020461FF004FA032120461DF0A9FD3022BA
S214023E000346009221460120024A1FF046FA00208D
S214023E1003B030BD093A040010B5074C07492046E6
S214023E20074A1FF085FB2046FFF740F9BDE8104021
S214023E3020200021FFF716B8AC2E0020713D0200AC
S214023E400D3A040073B51E46ADF800208DF8023018
S214023E50009B044601A801930D4611461FF04CFD37
S214023E609DF80630B34203D1BDF804308B4205D02C
S214023E70284610F035F9122002B070BD20461DF01B
S214023E8083FE9DF80230827A9A4209D18288BDF872
S214023E9000309A4204D1284610F022F90020EBE7BF
S214023EA0694620461EF04FF929462046014A1FF071
S214023EB0D4FAE1E7E13D02002DE9F04116461A4345
S214023EC007460C461D46BDF8188005D12046BDE8BB
S214023ED0F04111461FF0EDBD414620461FF0B7F9EE
S214023EE078B1214638461DF0D3FC40238674C5744B
S214023EF02146069338464346BDE8F041024A1FF083
S214023F00CCB9BDE8F08100BF6B3B0400F7B50546AF
S214023F100E46014601201DF0BBFC036813F0F00FAD
S214023F2003D0294601201FF027FA28461DF0ADFFD0
S214023F30B3790C3333445F789B781F400378C3F31E
S214023F40030000EA131038401FF08DFD044668B9DE
S214023F5028461FF091FD38401FF085FD044628B91B
S214023F6028461DF095FF02F053F804462846002125
S214023F701DF00CFE172130461FF043F93046FFF7BE
S214023F800DF931464470847028461FF038F9032133
S214023F9028461DF0DDFC40220346009229460020FA
S214023FA0024A1FF07AF903B0F0BD00BF213B0400BD
S214023FB02DE9FF4107460E461446DFF83880434691
S214023FC0694638460A4A02F021FE0028F7D0102C2D
S214023FD0254628BF102530462A46694623F074FF38
S214023FE0641B2F442E44EAD104B0BDE8F08100BF22
S214023FF0AC3A00209C3A002030B589B020226946AF
S214024000FFF7D6FF6A460C4D04AB144603CC9C421F
S21402401028606960224605F10805F6D1074C08AD0E
S2140240201A4603CAAA4220606160134604F10804D5
S214024030F6D109B030BD00BF9C3A0020AC3A002051
S21402404010B588B06946202010F0E0F9044630B971
S2140240506846FFF7D1FF0122024B83F82020204654
S21402406008B010BD9C3A002070B5134B054693F875
S21402407020300C468CB00BB9FFF7E2FF0023CDE9E7
S2140240800033CDE9023354B91C22214605A8049414
S21402409023F00FFF04A8FFF7AFFF0CB070BD102C83
S2140240A0264628BF1026294632466846FFF780FF76
S2140240B03544A41BE7E700BF9C3A002008B581B24E
S2140240C007481EF03CF9012000F01EFE30B9054AF2
S2140240D0536919075CBF43F00403536108BD00BF70
S2140240E0C02E0020B82E002001238340DB43064961
S2140240F001F1240252E8002F1A4001F1240C4CE888
S21402410000200028F4D17047B82E00200123074A69
S21402411003FA00F002F1240353E8003F034302F1DE
S214024120240C4CE800310029F4D17047B82E002048
S214024130044A4FF08040536A43F40023536207F068
S21402414073BE00BFB82E002038B54FF010131D4CBA
S2140241500122E3624FF4E063238647F6FF730025ED
S214024160A4F8603094F86730656262F3030384F85B
S2140241706730154A154BC4E91632FEF7CDFE4FF4EA
S2140241808073A4F84830124B84F85600E361114B52
S21402419065611A6829461378527804F108001344B8
S2140241A05B106376A4F8BC50A4F8B4501EF0C7F8AF
S2140241B0294604F194001EF0C2F8BDE838401FF00C
S2140241C0ACBF00BFB82E002055555500D6BE898E0E
S2140241D0053E0400882E00202DE9F843224C99461D
S2140241E0636A0F46DB0715469DF824609DF8288013
S2140241F038D480B30120FFF789FF636A9DF8202038
S21402420023F4C07343EAC213052E636284F8546033
S21402421007D102F063F850B96D00ADB2BD4228BFB7
S2140242203D4694F854001FF0E3FD00F00F0694F8A4
S2140242306730A78566F3030384F86730E585636A0B
S21402424084F83090B8F1000F09D043F480130120AF
S2140242506362BDE8F8830120FFF746FFCDE723F44B
S2140242608013F4E70020F4E7B82E0020024B586AC9
S214024270C0F38000704700BFB82E002010B51D4C5A
S214024280FFF7F4FF636A13F0010313D1A8B994F899
S214024290663094F83110253BDBB20133DBB2032BD8
S2140242A028BF002341FA03F2D207F6D5253384F855
S2140242B0663018E094F8543010B194F85520134341
S2140242C003F00503052BE2D102F008F80028DED140
S2140242D094F8673003F00F02012A05D1032262F335
S2140242E0030384F8673010BD012262F3030384F8E7
S2140242F06730CCE7B82E0020024B586A00F0010067
S214024300704700BFB82E0020F8B52C4C18B1636970
S21402431043F0100363611FF036FE40F27121E28D16
S214024320E66C151F4D43AE42236DA78D18D2A3F53A
S214024330967301FB0733E768181A23893B448342C6
S2140243400EDA51436369891B43F0100363618142AD
S214024350D4BF216120611948BDE8F84000F0DEBCF8
S21402436040F271277A43A2F5E1722261FFF786FFD7
S214024370236DA28DAE4207FB0233636023654FF0C6
S2140243800003E3640E4B0CD31A68616A137B490779
S214024390617E4CBF927912780B4493420CDC6376B2
S2140243A0D9E7626A1B685207197B4CBFDA795A78DA
S2140243B0637E5B1A9342F2DA6276CCE7B82E00206E
S2140243C0882E002038B505460D4C80B10320FFF735
S2140243D08BFE002384F845300123A4F846300420DF
S2140243E0FFF782FEBDE838401020FFF77DBE0520AD
S2140243F0FFF77AFE012384F8B650A4F8B830EEE749
S214024400B82E0020274B70B55A6A0D4609B3160718
S21402441047D503F1450603F1460428B3D1061FD556
S2140244202388012B1CD95B0804202380FFF75CFE3F
S2140244301020FFF759FE1FF06AFD2388B0FBF3F247
S21402444002FB1300307055B30320BDE87040FFF73F
S2140244504BBE940625D503F1B60603F1B804DCE795
S2140244600420FFF753FEE3E7D20314D5B3F8461051
S214024470B3F8482091420ED222881020520092B2FF
S2140244802280B3F84830934228BF13462380FFF7B2
S2140244902BFE0420CDE71020FFF738FEF9E70520B3
S2140244A0D3E770BDB82E002070B58AB005466B46BD
S2140244B0484AAC7910685168127A03C30C34082053
S2140244C01A702C44FEF7C8FC20B101222846A11D12
S2140244D024F068F80021A379CDF821108DF80F306A
S2140244E0A37AADF8251003F00F0303F128026A44FD
S2140244F012F8282C8DF82010ADF81020062B08D8BC
S214024500DFE803F0044F07075F074B000D20FFF7B5
S214024510FDFDA37A0DF11301C3F380138DF812305B
S214024520E3680DF11200CDF81330238A09AEADF818
S214024530173000231A461CF0EDFDE3791C218DF896
S21402454019304FF47F43ADF81A307F238DF81C30B4
S214024550637928468DF81D300023ADF81E30AB79FE
S21402456003AC1233AB7124F081F8AB792B440C33D5
S214024570224603CAB24218605960144603F1080381
S214024580F6D1106829461860134824F016F94FF041
S214024590804007F049FC0AB070BD0D20FFF7A4FD6D
S2140245A0B7E7D4F81230CDF82130E38AADF82530DB
S2140245B0EB79063BEB71A37AC3F3C0138DF8203078
S2140245C0A7E7064B5B6A9B0444BF42F00102ADF8C4
S2140245D010209EE7EBD10400D82E0020B82E002033
S2140245E070B583790C33C4182379DA0702D44FF0F6
S2140245F0FF3070BDA37AE27A03F00F05082DF6D8D5
S214024600062D01D92846F4E7911F1F29EFD8012D60
S2140246101FD10C2AEBD1244E736A13F0060F01D178
S214024620DB05EFD41CF083FD20B91CF077FD0028D3
S214024630E8D1DCE7A37A96F83020C3F3C010B2EBD9
S214024640D31FD4D104F1120100F00100FEF716FBCD
S214024650EDE7042DD6D11449144A486A0240002ACE
S214024660C5D0C96B0029CDD08A79C3F380130C322A
S21402467088188A5CB3EBD21F08D01CF058FD0028BD
S214024680C0D11CF042FD0028BCDBB0E704F10C01EF
S2140246900622083023F0E3FB04461CF048FD0028FF
S2140246A0B0D1002CAED0ECE7B82E002008000400F3
S2140246B0F0B5244C87B0606B00B3A76BBE79FCF7ED
S2140246C0B9FE0223FF210C36BA5DCDE90431BD19CD
S2140246D095F8233000215B090393AB8BD209029332
S2140246E06B8B80B201932B8B009305F108031EF0AF
S2140246F09CFA606BFDF786F900236363A06B0FF0EC
S214024700EFFC0023A363636A23F00402DB07626202
S2140247100CD594F85450052D0AD101F0DFFD38B1BE
S21402472094F8673065F3030384F8673007B0F0BD8A
S21402473094F854001FF05CFB94F8673060F30303B0
S214024740F2E700BFB82E002013B5154C27F0BFF9CC
S214024750236A01930023236227F0ABF9019BA3B9D6
S214024760636A1A0406D51DF070FEA0B1636A23F4CC
S21402477000436362636A1B0305D5FFF799FF636A0A
S21402478023F40023636202B010BD01A823F04CFF9D
S2140247901DF0C6FEE2E74FF0804007F045FBE9E772
S2140247A0B82E002038B50E4D044601F089F8E86BA5
S2140247B018B10FF095FC0023EB631DF0D0FD0948FD
S2140247C0FDF78EFFAB6B0BB1FFF7B2FC2146044838
S2140247D000F0F2FABDE83840034823F007BF00BFF6
S2140247E0B82E0020C02E0020D82E0020034B586A78
S2140247F010F0050001D1FFF7D5BF7047B82E002094
S21402480070B53B4C1646636A03F0010270B95AB1A2
S21402481027F05DF9636A054623F001036362FFF73A
S214024820E5FF284627F045F9002070BD002AFBD197
S2140248309B0704D5E36BBBB10120FFF7C3FD94F8D9
S214024840303003F0FD03012B16D027F040F9054661
S214024850C6B10E20FFF75AFC1FF095FB42F210730A
S21402486003FB0600A06210E0022024F083F8E06357
S2140248700028E1D10720D8E7FEF750FA0028E4D155
S2140248801220D2E70E20FFF72FFC0020FFF73EFC97
S214024890636A13F00403C4D140F27122E364E38D29
S2140248A0E260023B534323611FF031FB0323B0FB5C
S2140248B0F3F303EB4303C31A253384F86630FFF79A
S2140248C0DDFC1FF060FB60602065B4F8BC000028C9
S2140248D008BFF520FFF7F2FB064B05481A68137867
S2140248E0527813445B10637600F018FA99E700BF1B
S2140248F0B82E0020882E002038B51A4C054663696B
S21402490023F01003636100F0DBFFB4F8BC302BB970
S214024910A36813F4601F08BFA4F8BC300121114835
S21402492000F04AFA104BE361636A5A0405D485F034
S2140249300100BDE83840FFF7E7BCA26A6168521A78
S214024940002AF4DA23F0010343F400436362FFF71C
S2140249504DFF4FF0804007F067FAFFF787FC00280C
S214024960E5D138BDB82E0020053E040008B5FFF795
S2140249707DFCB0B10B4B586A20F0040210F0010027
S2140249805A6203D1BDE80840FFF70CBF00F098FF5B
S2140249901DF0E5FCFFF7CCFBBDE808400020FFF762
S2140249A0ABBF08BDB82E00202DE9F04F4FF0000B2C
S2140249B0304C89B0A66B636BB779C4E90DBB0C3774
S2140249C0F51901936B6A904682468946039301F075
S2140249D0CFFFF35D05F108073946C3F3C01306A8F7
S2140249E08DF818301CF0ABFBFF238DF81930636A84
S2140249F001A8C3F380230E358DF81A30CDE904578B
S214024A008DF808B08DF81BA08DF81C908DF81D80CF
S214024A10FDF7A8F830460FF063FB636A23F0240222
S214024A20DB07626205D40120FFF7BCFE09B0BDE8D1
S214024A30F08F114B94F854501A68052D137852785B
S214024A4013444FEA630363760FD094F854001FF0C2
S214024A50CFF900F00F0594F86730012065F30303E1
S214024A6084F86730FFF748FFE0E701F037FC0028DC
S214024A70EBD0F0E7B82E0020882E002037B505468A
S214024A8008461146254A526A02F41072B2F5107FA1
S214024A9004D1022B40D0032B08BF01230193162317
S214024AA000F001020093284605231FF0E9F9AC79CD
S214024AB01EF018FB0C342C440321C4F80E0004F13B
S214024AC01200FFF7D1FABDF8203004F11E0023834E
S214024AD0BDF82430E38202236375BDF81830638381
S214024AE0BDF81C30A38302F0F1FA0C22A37CB3FBC0
S214024AF0F2F102FB113394F82320053363F3040228
S214024B0084F8232001F06CFE94F8233060F34713F8
S214024B1084F8233003B030BD0023BFE7B82E002050
S214024B202DE9F043054689B000200F46904623F053
S214024B3021FF0646002800F0A880554C0620676331
S214024B4095F8019019F0010900F09480FFF7DEFA5B
S214024B506A7A636A023A012A93BF43F4007323F423
S214024B600073002089F0010094BF636263621CF048
S214024B70E7FA05970027AB890797ADF81A306B89D5
S214024B800DF11202ADF81830424B04A91B6805A8B5
S214024B909847BDF81230EA1C0393BDF81030304631
S214024BA002932B8A0193EB8900936B7AA978FFF71D
S214024BB065FF3846A663FFF705FC26F088FF636AA2
S214024BC0074643F004036362334B1A689379D2793B
S214024BD013445B106376AE7C052E84F855604CD089
S214024BE094F855001FF004F900F00F0694F86730A9
S214024BF066F3030384F8673095F90230002BBCBFD6
S214024C00042384F85530636ADA072CD4B8F1000F0F
S214024C1038D043F48013B4F8BC006362002808BF9F
S214024C20F520FFF74BFA40F27122E38DE260534320
S214024C30A3F5E17323611FF06AF90323B0FBF3F3D4
S214024C4003EB4303C31A253384F8663047F6FF7333
S214024C50A4F86030FFF712FB1FF095F9606020653C
S214024C600B4800F05BF8384626F023FF002009B018
S214024C70BDE8F083FFF738FA6AE701F02FFB002859
S214024C80AED0B3E723F48013C5E70720EFE700BFF3
S214024C90B82E0020142E0020882E002010B5074CB7
S214024CA02368DA0607D523F01003236018B901201B
S214024CB0A1681CF0EDF90023A36010BD782F002038
S214024CC0014610B5044602201CF0E2F9054B1B68AB
S214024CD0D90305D463691A075CBF43F00403636112
S214024CE010BD00BF782F0020014BD868DC38704713
S214024CF0782F0020034B10B5DC681FF044F9DC3C2B
S214024D00201A10BD782F0020034B1B6813EA0043BD
S214024D1014BF012000207047782F002038B50023EA
S214024D2003604369044658070DD5204650F8081F0D
S214024D30C90C01F4FC7141F00501FDF77FFC6369C3
S214024D4023F0040363616369D90602D51FF01BF9D9
S214024D5060601848024652F8043F8BB9236014601C
S214024D6083684BB1617E5A7E914219D26269D2063D
S214024D700ED50020FFF792FFBDE838401EF028B996
S214024D8059686568491B0029E8DA1A461B68E4E791
S214024D905A681B69134462689B1A002BECDBE8E72F
S214024DA01A895B68D31A62681344E268D342E3D571
S214024DB0DFE700BF782F002038B504460A4D0846C4
S214024DC0AB68A34201D1FFF769FF6B68074A1BB1C4
S214024DD0A342196804D11160BDE838401EF0F8B845
S214024DE01A460B46F3E700BF782F00207C2F0020E0
S214024DF02DE9F047754D2B685B0700F1AF80AB6875
S214024E00002B40F0AB8055E8003F43F0040345E832
S214024E100032002AF7D16C689CB11FF0B4F8D4E9CE
S214024E20043717F0100F0646A26819D010FA82F25D
S214024E3062602068D4F8048038BBDC334344C5E99A
S214024E40024355E8003F23F0040345E80037002FED
S214024E50F7D1AC68002C74D1BDE8F04701F0D8BB9E
S214024E60606892B2811AFF07A1EB060109D40029F5
S214024E70DFDAE768DF1BCF4205D432441844831AD0
S214024E80D6E70029D5DA20464FE041690289CF06E7
S214024E90D0F804E048BF06EB020EAEEB020211F0B9
S214024EA0010C11BF1146D0E90371C91B891808EB22
S214024EB003077F1A002F28DDBB4205D9E768A1EB5E
S214024EC00801DC378F423AD9D4F814A01AF0010F41
S214024ED01DD12169D0F80C9027894144A1EB090124
S214024EE0C91BE768A1EB0E01DC37B9420FDD971B41
S214024EF0BCF1000F03D10169A1EB09010F44002F99
S214024F0005DB4B46C0F804E00446006892E7477E9D
S214024F10617E8F42F9D2921BBCF1000F03D1D0E919
S214024F2003135B1A1A44002A02DAFFF7C9FE72E775
S214024F301AF0100FA7D0C368C0F804E0E4E70B46E7
S214024F40E3E7A36813F4601FC3F3C24008D1214607
S214024F502B6843F010032B601CF09AF8BDE8F0872C
S214024F6004F108063046FDF777FB2B68214643F02E
S214024F7010032B60F8B91CF08BF8A36813F4601FBB
S214024F804FEAD341C3F3C24517D0013DEDB201F457
S214024F90FC7130462943FDF751FB03213046FDF7ED
S214024FA0B9FB75B1A268237E1344120C9BB212049D
S214024FB01343A360D2E73846CEE703213046FDF717
S214024FC0A9FB3046FDF78CFBECE700BF782F0020EC
S214024FD008B5034B996809B11CF05AF808BD00BF22
S214024FE0782F0020014B9868704700BF782F00206A
S214024FF00A4B70B59C6884420FD1214601201CF0F2
S21402500047F8666825891EF0BEFFAD1BC5422146DD
S2140250104CBF002002201CF03BF870BD782F002009
S214025020054B1B681B6A13F0100003D013F0030035
S21402503018BF0120704700BF882F00202DE9F341DA
S21402504000264FF0FF31044601A8019601F068F9E8
S214025050019949B12046FCF707F9032806D005282E
S2140250602FD001A823F0C2FA012023E01B4D1C48D2
S21402507001F0ECFC2B683046597E01F09DFB2F6850
S214025080184E786BD6F8088023F035FB4146024668
S21402509038461CF00CFB2B68B0685B6B036001F0B3
S2140250A03DFB2B681B6ADB0407D5204601991CF0E2
S2140250B0C6FA002002B0BDE8F08101A823F096FAF5
S2140250C0F7E7019801F0E2F9204601991CF06CFA24
S2140250D00028C9D0304601F0B9FCEAE7882F002044
S2140250E0B9520200C42D002038B5264904460B7D6D
S2140250F04A7D0133DBB2B3EB921F0B7503D3032356
S21402510000200B7538BD016AC9022ED5032390F81C
S2140251108220243A92FBF3F303EB4303D21A25329E
S214025120D2B2B4F8481094F8833011F01001B4F9F2
S214025130620084F8822003F00F031CD11EF094FF55
S21402514004F17405014628461EF02FFF284601F09A
S214025150ABFA0022114610461BF09CFF94F8820020
S21402516000211EF080FF0120CCE75B001A4102F00E
S21402517003022532D5E702461946002001F098FEC2
S214025180DEE700BFC42D00201F4B2DE9F041044688
S2140251901860006B23F0AFFA01462046FBF7F4FFD7
S2140251A0B4F84830194E03F01403142B0CBF002237
S2140251B0226BB36820461A60FFF796FFFFF730FFB0
S2140251C0134B051E134808BF184601F03FFC6369DF
S2140251D0676803F010081EF0D6FE6D000346627E76
S2140251E0E8B2B8F1000F03D1FF1AB7F59B7F07D5D7
S2140251F0114601F0BFFAB068BDE8F04101F08EBA80
S21402520061681EF0C6FEF6E7882F0020C42D002037
S214025210A5520200F552020070B50546FFF700FFE0
S214025220104B041E104808BF184601F00FFC284613
S214025230FFF75AFF0D4E054660B133686000597E8F
S21402524000F0FE0001F096FABDE87040084B986840
S21402525001F064BA01F0FAFB29463068BDE87040F6
S214025260FBF7D2BCA5520200F5520200882F00209E
S214025270C42D0020034610B5094C052B20680AD021
S214025280062B0CD1002001F0E1FB20680121BDE8CD
S2140252901040FBF7B9BCBDE81040FFF7BDBF10BD1C
S2140252A0882F0020032803D1024B1868FFF7B4BFEB
S2140252B0FFF7E0BF882F00200C4B032810B51C68B0
S2140252C00FD1206B23F017FA01462046FBF75CFF4E
S2140252D0074B226B9B682046BDE810401A60FFF71A
S2140252E09BBFBDE81040FFF7C5BF00BF882F002058
S2140252F0C42D00200E4A032810B5146805D00428D1
S21402530009D0BDE81040FFF7B5BF617E0120BDE8B9
S214025310104001F0EDB92046FFF790FE30B101F0E3
S21402532027FB2046BDE81040FFF776BF10BD00BF42
S214025330882F002038B50D460446002001F086FB73
S21402534001F016FB29462046FCF7A8F80022014B7E
S2140253501A6038BD8C2F00200123074A03FA00F09A
S21402536002F1140353E8003F034302F1140C4CE825
S21402537000310029F4D17047DC2D0020F8B5244F07
S21402538005467B690C4613F4C07F03D099063BD4CE
S21402539001200CE039B15A0705D4D5F8A43013B968
S2140253A00820FFF7D9FF7B699B0601D50020F8BDD0
S2140253B07B7FAE6A022B06F0080604D916B114B932
S2140253C00220F4E7E4B995F8921095F83701063111
S2140253D000F00F0000F0F8FD85B20EB904B16D00C2
S2140253E0FFF788FCA8420DDB7B6913F01C0FDDD1AA
S2140253F01EB1002CDAD10520D9E7002CFBD1D5E767
S2140254000320D4E70420D2E7002CCFD0C3E700BFA6
S214025410DC2D002038B50446114D4FF480616B69CF
S214025420283043F400736B611EF05CFD01212046B8
S2140254301CF044FA00212046FFF7A0FF014620B1E7
S2140254402046BDE83840FFF775BF6869617E80F484
S2140254508070C0F30020BDE8384001F049B900BFB3
S214025460DC2D002038B504460B4B186000F594700E
S21402547001F01AF92046FBF7DDFFC4B220461BF006
S21402548015FE054620461BF013FE2946024602205C
S2140254901BF000FE38BD00BF8C2F002008B5002090
S2140254A001F0D4FA01F064FA0022014B1A6008BD3A
S2140254B08C2F002010B50446FFF7D4FF064801F0F3
S2140254C0C5FA6168226C637E1120BDE8104001EBCC
S2140254D0920201F0EFB900BFD1570200454B37B533
S2140254E01C680023A26A01935005D4F8A03012D596
S2140254F004F1A400019323F097F8C4F8A00050B179
S21402550094F846314FF48061013B84F8463104F149
S21402551028001EF0E7FCD4F8A0500DB9364B9D6863
S21402552094F94631022B0DDCD4F8A83013B1A36AE5
S214025530D90502D5D4F8AC3023B14FF480512046B9
S214025540FBF78EFFD4F8A410A36A002914BF01212A
S2140255500021AA794FEA830302F10C0203F00C033E
S21402556043EA0113A95C21F01C0143EA0103AB5490
S2140255700DD1214A02F1140353E8003F23F0080339
S21402558002F1140040E800310029F3D102E00320C2
S214025590FFF7E2FE284601F0C1F82046FBF74AFF75
S2140255A0AB792B445B7B1BB1012180B21BF095FDCE
S2140255B0019B53B15B7903F00A03082B02D1204604
S2140255C0FCF778FA01A823F011F86B799A070ED542
S2140255D0A36A1B040BD50820FFF7BEFE4FF400415A
S2140255E004F1280003B0BDE830401EF07BBC03B0D7
S2140255F030BD00BF8C2F0020DC2D002000232DE9BB
S214025600F04385B00446032103A8039300F088FE06
S214025610039D35B9F4212046FFF78CFE05B0BDE8A0
S214025620F083AB79694F0C331D442A797B69D60720
S2140256304FD4DD064CBF07200420FFF78DFE002660
S21402564001212046FFF79AFE054650B97869617E29
S21402565080F48070C0F30020400001F0ADF8FFF740
S2140256603DFF039800F012FFDDF80C807A6998F887
S2140256700630510603F10C0308EB030915D458F85B
S214025680033006203B61FFF767FEA36A1A060CD4B6
S21402569004F1280252E8003F43F0800342E800315A
S2140256A00029F7D10120FFF757FE494620461CF095
S2140256B00BF999F80430DB0740F18480002E52D1B2
S2140256C01DB129462046FFF735FE03A800F0DCFC94
S2140256D0A4E7012023F010037B61FFF73DFEAE7ABC
S2140256E0F0062FD50220FFF737FEA36AAA7A83F0C8
S2140256F00203C2F38002C3F340039A422FD14FF44F
S214025700006104F128001EF0EDFB50E8002F42F481
S214025710806240E80023002BF7D1A26A82F00202E0
S214025720A2627B77AA7AA36AC2F3C00203F00101DF
S2140257308A4284D183F0010316F0030618BF0126BD
S214025740A3627DE707F1140353E8003F23F0040346
S21402575007F1140141E80032002AF3D1C5E77B7F46
S2140257600133DBB2DDE72046FBF764FEC0B21BF076
S2140257709DFC06462046FBF75DFECDF80480A38F0F
S21402578082B200933146002302201BF08BFC4FF0BE
S214025790FF3103A800F0C4FD039B9A791344DB7D16
S2140257A0002B8DD02046FBF745FE012180B21BF070
S2140257B094FC20460399FCF7A7F9002D3FF42EAF80
S2140257C0294628E7002E3FF47BAFE0E7DC2D0020D9
S2140257D008B50346114A042B10680BD002D8032BD7
S2140257E018D008BD053B012BFBD8BDE80840F121C7
S2140257F0FFF7A0BDFFF702FF094A02F1140353E8C0
S214025800003F23F0200302F1140040E80031002993
S214025810F3D1E6E7BDE80840FFF7FCBD8C2F002079
S214025820DC2D0020164B033810B51C68032818D848
S214025830DFE800F00702181E2046BDE81040FFF71A
S214025840DDBE2046FFF7E6FD0E4A02F1140353E8DA
S214025850003F23F0200302F1140040E80031002943
S214025860F3D110BDF1212046BDE81040FFF762BD1E
S2140258704FF4806104F128001EF034FBF221F2E7B7
S2140258808C2F0020DC2D002010B50446FFF7EAFD21
S214025890054801F0DBF8FFF721FE627E6168022010
S2140258A0BDE810401EF075BB25580200034B5B6A2C
S2140258B013F0060F0CBFE220F1207047B82E00202E
S2140258C008B5FFF78FFB054B834206D101F050F86F
S2140258D0BDE80840002001F0B9B808BDB82E002087
S2140258E070B51E4C1E4801F0B1F894F8673094F873
S2140258F0662003F00F030021C8201EF0B5FB014608
S21402590004F158001EF051FB04F1580000F0CCFEE2
S2140259100022114610461BF0BDFB66681EF033FBE4
S2140259200246FFF7C3FFB61AB6F5FA6F054609DC5C
S214025930FFF7DAF9627EA0F5E1712846BDE870400D
S21402594000F07EBF6668FFF7CFF93146637EA0F5AA
S214025950E1722846BDE8704000F0ACBFB82E0020C9
S214025960D15D020038B501F003F8FFF7C3F9B0F5D0
S214025970967F0D4C0CDDFFF799FF0546FFF7B4F94D
S214025980627EA0F5E1712846BDE8384000F058BFB7
S2140259901EF0F9FAE36C62689B1A0344E364002083
S2140259A0BDE838401EF03BBAB82E0020F7B5104CC2
S2140259B0064694F845500F462DB10020013D84F866
S2140259C0455003B0F0BD0B4B02201B68597800F01F
S2140259D0F3FE94F830303A46CDE9005331460323BD
S2140259E0E06B1EF04DFAE06B00F098FE0120E8E74F
S2140259F0B82E0020882E0020094A02F1240353E81C
S214025A00003F43F0080302F1240040E80031002979
S214025A10F3D1044B01201B68597800F069BE00BF21
S214025A20B82E0020882E00200289438940F2712079
S214025A305B004343D0B25B1A4343120AB3FBF2F352
S214025A40024A126811445818704700BFD03200202C
S214025A5030B58C1AE41A002C08DA124C551A64680F
S214025A601D44B5FBF4F505FB04442144134440F2FF
S214025A70E242CB1AB3FBF2F39BB242892BB940F255
S214025A807124530004FB031113460132B3FBF2F4F4
S214025A9002FB1432028140F2E2409B1A00FB131012
S214025AA030BD00BFD03200202DE9704306461846AE
S214025AB09DF8183089461446E3B9C31E012B8CBFE5
S214025AC002250325222100F07FFA40F27128154BA9
S214025AD06D005B6808FB05F581446BB121463046D4
S214025AE0FFF7A2FF4A460146ABB23046BDE8704316
S214025AF0FFF7AEBF0125E5E7738934890133B4FBAE
S214025B00F3F203FB1244F37934815B00640008FB72
S214025B1003F308FB04F404EB530404EB09002844E3
S214025B20BDE87083D032002070B50A4C636A5B070A
S214025B300DD58B790C33CD1850B9E879CE58298912
S214025B4000F042FA064426646B7984F8443070BD4D
S214025B500120F3E7B82E00202DE9F04F16468DB04F
S214025B60021E069108BF00211F46954B05929D6BAB
S214025B705B6AAC7938460C342A5DC3F3801A61F34B
S214025B8045122A55314603F0400203921BF0D1FA21
S214025B9005EB04080790285D08F1080B5946C00972
S214025BA01BF0C7FA039B8146002B44D1002844D140
S214025BB01BF0BDFA80F00103DBB25246314638468E
S214025BC003F001031EF0FFF90490002800F08A801B
S214025BD0039B002B33D1B9F1000F75D1079B002B25
S214025BE072D01BF095FA00286ED001220AA90DF198
S214025BF027001BF0A0FA002874D09DF827302A5DF3
S214025C00591E4B424B41B3EBD21F6BD1062258466C
S214025C100AA922F024F9002864D13368C8F80830AB
S214025C20B388ABF804302B5D67F3C7132B554FF0E0
S214025C300009CA4619E00123BFE7039BBDE7604B94
S214025C405B6A13F400791CD115F804A0CAF3801A13
S214025C5048461BF075FA3368C8F80830B388ABF8C4
S214025C6004302B5D67F3C7132B55059B544E002B50
S214025C703ED196F8B630002B3AD0013B86F8B630C5
S214025C8030E01BF042FA002806DA15F804A04FF0BE
S214025C900009CAF3801ADBE70022114610461BF001
S214025CA044FA15F804A08146CAF3801A0028CFD019
S214025CB0002302211A4608EB01001EF0B9F82B5DFC
S214025CC060F386132B55C3E77A1E57422B5D574166
S214025CD0B7EBD31F06D106223146584622F0BFF84C
S214025CE00028A4D00023049304980DB0BDE8F08FDA
S214025CF01EF049F907461BF0C7FD059B02463946CA
S214025D00009308F10E009DF85830FFF7CDFE2D4B9C
S214025D10059A07461B68A2B95978022000F04CFD86
S214025D20B06B00F0FBFCB36B9A7913441F63FFF76A
S214025D3059F9254BC361069BBBB9736A23F480638A
S214025D4016E0D979002000F037FDB06B00F0E6FCD3
S214025D50B36B1E489A7913441F6300F077FE069BC6
S214025D60C3B9736A23F4806317E0736A43F48063EB
S214025D707362039B9BB1B9F1000FB5D00023514665
S214025D801A4608F102001EF053F82B5D60F38613E4
S214025D902B55A9E7736A43F480637362EBE72B5DC6
S214025DA00022C3F3C01359460AA88DF828301BF008
S214025DB0C2F92B5D9DF8282062F3C7132B55DAE74C
S214025DC0B82E0020882E00205D230400815F02008A
S214025DD004282DE9FF471ED005D8032800F0C2800C
S214025DE004B0BDE8F087431F012BF9D805384FF001
S214025DF0010118BF0120FEF705FB1EF0C4F85E4A3B
S214025E00D36C51685B1A03440020D36404B0BDE827
S214025E10F0471EF004B8002303A84FF0FF310393A7
S214025E2000F07EFA0398DFF8508158B1FEF7D8FBEF
S214025E300828074603D8514B1E5C31070AD403A82C
S214025E4022F0D4FBD8F8243013F0060F15D0FFF753
S214025E5089FD12E00728D8F8242015D112F4801202
S214025E60EDD1404603991CF070FA0028EAD01CF0E7
S214025E7077FA10B10120FEF747FA0121084604B06E
S214025E80BDE8F047FEF7BEBA12F00404039D10D038
S214025E9016F002040DD00120AA790C322A44917A17
S214025EA00090C1F380130C32C1F34011FFF754FE89
S214025EB00446284600F0EAFA29460120FFF734FE97
S214025EC0D8F82430DA072DD503F0800995F806A015
S214025ED01BF02DF90AF10C0AAA4480F001039AF885
S214025EE00A00B9F1000218BF0122DBB20AF10C0166
S214025EF0C0F380101EF067F860B12CBBD8F82430CF
S214025F0028469B0733D5F40710D4730731D5FEF71E
S214025F10CBFA97E7B9F1000F04D149461BF00DF909
S214025F200028EAD028460EF0DBF818E01EF0F6F855
S214025F30044648B1A8790C302844817A0C30C1F363
S214025F408011FFF733FD0446042F03D1D8F824301E
S214025F509907E7D57207E5D52846FEF7A5FA002C7D
S214025F608BD16FE704B0BDE8F047FFF745BD042FBD
S214025F70CBD10EF0B5F865E7B82E002022D2040089
S214025F80032808B50BD1084800F060FD0122074B34
S214025F90104693F94410BDE80840FEF705BDBDE87B
S214025FA00840FFF715BF00BFD15D0200B82E0020E3
S214025FB010B50024034BC3E90044ECF765FA20460B
S214025FC010BD00BF902F0020064B10B51B680C4674
S214025FD010B101F043F9034618795B8804FB0030E0
S214025FE010BD00BF902F0020084B10B51B680C4652
S214025FF010B101F033F903465A88A2423DBF1B791D
S214026000A41AB4FBF3F0002010BD00BF902F0020AE
S2140260100138C0B203289ABF014B185C00207047B3
S214026020F5D104008BB200294FF00A01B4BF053B3C
S21402603005331BB293FBF1F3014A908093717047CC
S214026040902F0020024B9B79C01A40B2704700BFC7
S214026050902F0020024B9B88C01A00B2704700BFE8
S214026060902F0020074B186840F20D1338B9002B0A
S214026070C1BF45224433B3FBF2F0C0B2704700689A
S214026080453BF3E7380B00202DE9F041064625F0A4
S2140260901EFD0746FFF7E6FF35460446286818B198
S2140260A06CB9284622F0A2FA31680A4822F085FB2B
S2140260B0384625F0FEFC00233360BDE8F081D0F8B8
S2140260C0008022F04BFC2B68013CC3F800802D6850
S2140260D0E4B2E3E7380B0020024BDB6B03B1184750
S2140260E0FEF776BF380B0020C04310B5054A131DD5
S2140260F053E8003F0340141D44E800310029F6D15E
S21402610010BD00BF380B002010B5054A131D53E81A
S214026110003F0343141D44E800310029F6D110BDA8
S214026120380B0020F8B516461C4607461946104698
S2140261301DF01EFF3246234638461DF01EFF564D02
S214026140D5E9062300EA020401EA030654EA060336
S21402615030D0630104F080601BD56B681F062AD41A
S2140261604E4B2340002B76D024F0011323F4A04399
S214026170334370D1EB7A012B69D140F201436A684E
S2140261800520934314BF00230323EB72FFF7A4FFFB
S2140261900CE0A4F10C0333436BD00D2C76F1000314
S2140261A014D2231F334327D11DF0E4FE2046314686
S2140261B01DF0DAFEF8BD2B1D53E8003F23F08003E6
S2140261C0291D41E80032002AF5D1F3E7A4F5804301
S2140261D0083B334326D004F17F433343C0D1EB7AE6
S2140261E0022B34D16B689A074AD50423EB722B8CA8
S2140261F0032001332B840FE0A4F108033343AFD10D
S214026200EB7A012B23D16B68D90735D50323EB72C2
S21402621004206B8C01336B84FFF75EFF01201DF0B8
S214026220A8FEC3E7EB7A012B32D16B68D8072BD5D1
S2140262300323EB726B8C042001336B84FFF74CFF55
S21402624001201DF096FEEB7A012BAFD195E70420D4
S2140262501DF074FEAAE7124B06F0200223401343F9
S214026260A4D00420FFF750FF4FF0006005F0DCFDDD
S2140262709CE71DF07EFEC3E713F40063C8D1C6E7B1
S21402628013F02003B3D1B1E713F40063D2D1D0E701
S21402629004201DF053FED6E7380B00200150010003
S2140262A00DD50155014B986A704700BF380B002088
S2140262B010B5064CA06A21F020F928B9A06A21F090
S2140262C01EF900F0010010BD0120FAE7380B00208D
S2140262D0014B986A21F015B9380B0020024B58681A
S2140262E0C0F34020704700BF380B002010B50446AC
S2140262F04FF40070FFF7F8FE084B986A21F003F996
S21402630038B10CB9002010BD4FF40070FFF7FCFE48
S214026310F8E7002CF6D00C20F5E700BF380B00207B
S2140263202DE9F04F046806468846574D89B0002C82
S21402633048D02046A77922F0DEF90C3727443C895C
S2140263400A38B8F1FF3FA4EB000402D04445A8BFC8
S2140263504446B5F83890B0EB090713D4002C0EDD8E
S2140263606D6B36683D44FF2C224629463046A8BF50
S214026370FF2222F017F9241A36680544F3D109B031
S214026380BDE8F08FA9EB0009A145A8BFA146296B7D
S214026390C846D6F800A001EB000BB9F1000F0DD0ED
S2140263A04246FF2A59465046A8BFFF2222F0FAF874
S2140263B0B8EB0008DAF800A08344F1D1A4EB090494
S2140263C04F44CBE70321A86A03AA20F0EEFFBDF8EC
S2140263D00E70A14602940A3702ACE86209E0236016
S2140263E01B682B602368C3F800902368002F1C46A6
S2140263F011DD2B68453F002BF1D1012022F0BAFABD
S214026400034620600028F1D1019002A822F0EEF89F
S214026410019B3360B3E72B1D53E8003F43F00803AC
S2140264202A1D42E80034002CF5D14FF0006005F03A
S214026430FBFC0298BDF8102043790A2143F00103C1
S2140264404371069B30606B63059B2A872B638379B7
S214026450BDF80E200C3303441C711A812A7ADC71B3
S2140264609A719DF80C20072A0BBF0122AB8C1A7179
S21402647001331FBFAB846B8C03F1FF336B8422F0B6
S21402648085F8346855E700BF380B00202DE9F04147
S214026490877905460C37C419237986B013F00208AB
S2140264A01BD1174E43F0020323716A46D6E90A014E
S2140264B020F07DFF238969460333B06AADF80430C5
S2140264C020F077FF009B9DF90E00EB51FFF7BAFD17
S2140264D06071B37A022B03D8E37106B0BDE8F0818F
S2140264E09DF81130012B04D0022B04D02BB90423C3
S2140264F0F2E70323F0E70123EEE784F80780ECE7F0
S214026500380B002037B5124B00F00F041B88012C05
S214026510ADF8043015D0022C15D18DF8044042F2A5
S21402652022000C4D6B680340A3420ED0FFF7DCFD41
S2140265302046FFF7E9FDA86A01A920F0A6FE03B0EF
S21402654030BD2024EBE70024E9E70020F7E700BF90
S21402655020D20400380B00202DE9FF411646022304
S21402656000270D46124C8046A06AE372CDE90277F8
S21402657005F030FE30468DF80C7002951DF0F6FCE4
S21402658000903A46617AA06A02AB20F0CFFD04463C
S214026590074648B94046FFF7B5FF334604463A4633
S2140265A0012128461DF0DEFC204604B0BDE8F0813D
S2140265B0380B002037B5144B00F00F041B88012C53
S2140265C0ADF8043014D0022C16D0002441F6010097
S2140265D00E4D6B680340A34213D0FFF785FD20469D
S2140265E0FFF792FDA86A01A920F065FE03B030BD50
S2140265F004238DF80430E9E78DF804404FF4006474
S214026600E4E70020F2E700BF20D20400380B0020A7
S214026610002210B5084C104611461DF0A2FCA06AD6
S21402662005F0D8FD1DF0A8FC204621F0DFFFBDE8EE
S21402663010400820FFF758BD380B0020014B986A1F
S21402664020F09FBF380B002038B5154C0546A37ABC
S214026650834211D0431E042B08D8DFE803F0030E52
S21402666012171900A06A06F0E3F928B92846A5729F
S21402667000F0F4FD0B4B186038BDA06A1DF085FCD7
S214026680F3E70121A06A1DF082FCEEE70321F9E799
S214026690FFF724FE0028E9D0A06AFFF7CFFFE4E761
S2140266A0380B0020902F002073B50446408900F076
S2140266B05FFC0E4DA07B002628721DF02AFC687235
S2140266C0E07B00F00F00FFF7BFFF0096A37BD4E944
S2140266D00021A86A20F088FF3246314630461AF07A
S2140266E0D9FC20681DF047FC02B070BD380B0020B4
S2140266F00122094B10B50C46DA72FFF75BFF10B1A8
S21402670004201DF01BFC2246002101201DF029FC5E
S2140267101AF0C1FC10BD00BF380B0020F8B50446C5
S2140267201AF0BAFC0746A179E279114E521A0C31D8
S2140267300123B06AD2B2214420F023FEE579A37980
S214026740ED1A57FA85F524680CB93561F8BDA179BA
S214026750E2790023521A0C31D2B2B06A214420F0F8
S21402676010FEE379A2799B1A55FA83F5EBE700BF90
S214026770380B0020F8B502230E4E0D46F372FFF7D3
S214026780C1FE044620B1BDE8F84004201DF0D6BB89
S21402679028461DF0EBFB07462A46214601201DF03F
S2140267A0E0FB3B462246717AB06A20F0BDFC002828
S2140267B0E9D1F8BD380B00200222084B10B50C4672
S2140267C0DA72FFF79FFE10B104201DF0B7FB2246D7
S2140267D0002101201DF0C5FB10BD00BF380B0020B4
S2140267E0014B187B704700BF380B002068B1084B7E
S2140267F0194653F8042F0AB18242FAD25B1A9B104A
S214026800013BDBB2034A137370470123FAE700BF6A
S214026810FCD10400380B002010B5084C606810F458
S21402682080700AD0A06A20F0DCFD30B90121A06A8F
S21402683020F0D5FD80F00100C0B210BD380B00205C
S2140268400023F0B5012785B0194E00938DF80C3061
S214026850C0F340138DF80E30C0F3001304461546FD
S214026860F7728DF8047002918DF80D30FFF7A2FED4
S21402687020B104201DF062FB05B0F0BD28461DF0D5
S21402688075FB717A03466A46B06A20F051FC2A46C6
S214026890C4F38011064638461DF063FB1AF0FBFB74
S2140268A0230601D5FFF7B8FF002EE2D1E4E700BFCA
S2140268B0380B00202DE9F0434FF0010985B0244F34
S2140268C004460D4690460021102268461E4687F86A
S2140268D00B9021F0EEFAB86A05F07CFC0023E20683
S2140268E000958DF80430CDF8088006D5194B1B6844
S2140268F01B888DF80D9043440293002330468DF892
S2140269000C30C4F340138DF80E301DF02FFB6A4690
S2140269100346797AB86A20F00BFC28B104201DF0F1
S2140269200DFB05B0BDE8F0832046FFF743FE334675
S2140269300121C4F38012074628461DF013FB1AF005
S214026940AAFB230601D5FFF767FF002FE6D1E8E78B
S214026950380B0020902F0020044B5A68D20503D52E
S2140269600021986A20F03BBD704700BF380B00201C
S21402697038B5114CE37A23B10022114610461DF0B9
S214026980F0FA00252846E5721DF0F3FA01220321EB
S214026990A06A20F0BAFB2A460121A06A20F00BFD6D
S2140269A0FFF7DAFF8020FFF79FFBBDE838404FF481
S2140269B04050FFF7A9BB00BF380B002008B5FFF711
S2140269C0D7FF044A0620D38C0133D384BDE808409F
S2140269D0FFF782BB380B0020F8B51B4D6B685907D2
S2140269E004D50420FFF780FBFFF7E8FF6B681A0761
S2140269F00FD525F06CF80646FFF734FB0446124F17
S214026A0024B1012021F0B6FF0146A8B9304625F090
S214026A1050F86B68DB0615D51020FFF765FB00F013
S214026A2021F878B125F053F80446FFF7C7FF204651
S214026A30BDE8F84025F03DB83846013C21F0C7FED7
S214026A40E4B2DDE7F8BD00BF380B0020014BD86387
S214026A50704700BF380B0020014B186E80B270479B
S214026A6000C001B80A4BD86800F07060B0F1106F31
S214026A700CD008D8B0F1E06F08D0B0F1006F14BFA8
S214026A80002001207047B0F1406FF8E70120704700
S214026A90000002B82DE9F04F87B0074691469A46A5
S214026AA0ADF80C1021F027FEB0F100083DDD002FF6
S214026AB03ED03C464FF0000B264EA379E57903F113
S214026AC00C01ED1AEDB2214406EB0B002A4621F02A
S214026AD0FBF92468AB44002CEFD19DF80C101E483D
S214026AE001F023010091C0F808900DF11409424606
S214026AF053461849CDF80490A04616F043FA3C4691
S214026B00A379E57903F10C00ED1AEDB206EB080164
S214026B1020442A4621F0D8F92468A844002CEFD154
S214026B2004224946384622F023F807B0BDE8F08F23
S214026B309DF80C10084801F02301C0F808900DF1EA
S214026B4014090091534642460249CDF8049016F0C5
S214026B5019FAE5E7B8310020BC3F00202DE9F047DE
S214026B6084B0904699460390ADF8081021F0C3FD14
S214026B70071F002F25DD039D002D40D04FF0000A91
S214026B80204EAB79EC7903F10C01E41AE4B2294405
S214026B9006EB0A00224621F097F92D68A244002D42
S214026BA0EFD11948F119C0F8088001919DF8081034
S214026BB04B4601F0230100913A46124916F0CBF9F2
S214026BC018B1002004B0BDE8F087039D7DB10746EA
S214026BD0AB79EC7903F10C00E41AE4B2F11928441B
S214026BE0224621F071F92D682744002DF0D103A822
S214026BF0042121F022FE012004B0BDE8F087014EF8
S214026C00CFE700BFB8310020BC3F002030B51446A5
S214026C100D460246064883B00195802183602346CE
S214026C20009416F0C6F9B0FA80F0400903B030BD01
S214026C30BC3F00200023F0B50E46D1688BB009BADF
S214026C400291C17890F800C061F3070381781A4D6B
S214026C5061F30F23417802AF61F317436CF31F63AE
S214026C600993936851681BBA0393836809BA1BBADF
S214026C700793136842681BBA0593C36812BA1BBA15
S214026C8006AC0491AF6008920693234680222946FA
S214026C900120009416F0ACF90028F6D1DDE90810C0
S214026CA0DDE9063200BA09BA12BA1BBA3060716060
S214026CB0B260F3600BB0F0BDBC3F002073B50F4B63
S214026CC004469B7C0E4EFF2B15D10023ADF8040024
S214026CD00DF10302B06A01A98DF8033005F072FEC9
S214026CE09DF8035022462946B06AF3F7FDF940EABA
S214026CF0052002B070BD034B1D78F3E71C3A002056
S214026D00380B0020163A0020044BC2B2C0F307210B
S214026D10986A82B002B0F3F7F9BA00BF380B0020C7
S214026D2010B50D4C0021A06A05F044FC0B49A06A80
S214026D3020F0FBFAFE21A06A20F0E6FAA06A05F02F
S214026D4051FC074BB3F90C208242C8BF98819A893E
S214026D501A80DA895A8010BD380B0020163A0020B5
S214026D601C3A0020F0B585B0ADF80210ADF804204C
S214026D7069464FF0C812ADF806304FF08213ADF8F0
S214026D800000CDE9022304200B460C4C02ADB4F9F8
S214026D900C70B1F9002035F9026BBA42A8BF3A4628
S214026DA0B242A8BF3246013821F8022BF1D103CBFA
S214026DB0034B6060596005B0F0BD00BF1C3A00206E
S214026DC0203A002073B50546F3F784FB2F4E03687E
S214026DD0FF2D336083882E4CB380337818BF1D4650
S214026DE0A5742C4D8DF801300DF10303A86A0DF140
S214026DF002020DF1010120F07BFB9DF8013040B943
S214026E000133DBB20B2B8DF80130EDD9212002B015
S214026E1070BDA27CFF2A00D0A3748DF805303370B3
S214026E209DF802308DF804300198FFF76DFFC828F0
S214026E30A8BFC8209DF80330A0818DF804300198C1
S214026E40FFF762FF144B9842B8BF1846E081B4F9C8
S214026E500C00FFF733FFADF804000198FFF754FF6C
S214026E60A081B4F90E00FFF729FFADF804000198DF
S214026E70FFF74AFF4FF6FF7323826423E0811A4628
S214026E8018461946FFF76EFF0020C0E7163A0020A4
S214026E901C3A0020380B00200CFEFFFF0346034A74
S214026EA0B2F902000BB1FFF7D5B870471C3A0020C2
S214026EB0084B10B5B3F9004030B903EB4103B3F900
S214026EC002309C42A8BF1C46A242A8BF22461046D9
S214026ED010BD00BF1C3A0020014BB3F90E007047EC
S214026EE01C3A0020014BB3F90C0070471C3A0020F4
S214026EF073B5064624F0EBFD0C4D0446B5F90E00BC
S214026F00B5F90C30B042B8BF30469842A8BF184612
S214026F10FFF7D4FEADF804000198FFF7F5FE68808F
S214026F20204602B0BDE8704024F0C3BD1C3A0020E3
S214026F3073B5064624F0CBFD0C4D0446B5F90C009D
S214026F40B5F90E30B042A8BF30469842B8BF1846D0
S214026F50FFF7B4FEADF804000198FFF7D5FE2880CF
S214026F60204602B0BDE8704024F0A3BD1C3A0020C3
S214026F70F0B5C0F3072585B0FE2DADF8040027D086
S214026F809DF8047024F0A3FD124C0646637CAB42C7
S214026F900ED0114B02A918689B880290ADF80C30EF
S214026FA00E4B8DF80850986A20F0BFF9FF23237421
S214026FB0237CBB4206D0094B3946986A20F0A4F9D6
S214026FC027746574304605B0BDE8F04024F071BD04
S214026FD005B0F0BD1C3A0020163A0020380B0020FF
S214026FE02DE9F84FDFF868908246D9F800B0884657
S214026FF01746BBF1000F28D0002699F80450B54278
S21402700007D13D7099F80400A84214BF012002205F
S21402701017E074196110C1EBC10159448879C4F3B1
S214027020470400F00100B8EB000003D106225046E8
S21402703020F015FF002806DB02D0661CF6B2DEE75B
S2140270403C70BDE8F88F2546D9E70320F9E700BF74
S214027050C83200200022014B1A717047C832002045
S214027060F8B5054624F033FD104C85F30705637921
S2140270700646AB4205D10024304624F01AFD2046CF
S214027080F8BD002720686571277110B121F0F9FD5F
S21402709027606379002BEED0C5EBC5000DF086F9AC
S2140270A020600028E7D160710724E5E7C832002097
S2140270B04840704700EB0010084480B2704700BF9B
S2140270C090FAA0F000BA80B2704700BF044BD3F823
S2140270D0012002605B7903F01F030371704700BF53
S2140270E0BD3A0020234B2DE9F041002914BF0C467F
S2140270F01C4600250646174613688AB0C4F80130B7
S2140271001379257063715FFA85F8414638461CF09C
S2140271109EFF38B1237803F128026A44013302F84D
S214027120288C23700135252DEDD194F800803EB1D0
S21402713042466946A01D20F0C7FE0AB0BDE8F081AF
S214027140B8F1000FF9D00534F5B2294638461CF0DE
S2140271507EFF40B9B5FBF8F308FB13550AAB53FAAA
S21402716085F515F8285C0136252E04F8015FEBD16B
S214027170E3E700BFBD3A0020034B002818BF0346D2
S2140271800B449879704700BFBD3A0020F8B50D460B
S21402719082EA124296B2314603462846FFF788FF35
S2140271A0FFF78EFFFFF786FFFFF78AFFFFF782FFE4
S2140271B0FFF786FFFFF77EFF0546FFF779FF164CBF
S2140271C0002B14BF1F4627460446144B781CA3FB0D
S2140271D00423E21A03EB52035B0903EBC30203EB3D
S2140271E08203E41AE4B221461CF031FF40B93B7830
S2140271F06E40B6B206FB03F307EB1347B879F8BD49
S2140272007B1D2A3701E09F4204D013F8010F844207
S214027210F9D1F4E72046F8BDBD3A00204D91CFBA29
S214027220064B074A01201A60064B074A1A60074BAC
S214027230074A1A60074B084A1A607047142E002045
S214027240BD400400102E0020194104000C2E002020
S214027250BB400400082E002017410400052808BF82
S21402726003200622024B013802FB0030704700BFA3
S2140272702CD204000022034B1A609A80FF229A71D5
S214027280704700BF0A3B0020064A1379834207D99B
S214027290012312688340134214BF01200020704766
S2140272A000207047DC320020054A034610680022A0
S2140272B008B91A607047C10748BF01324008F7E7AD
S2140272C0DC320020F0B541EA002087B040F4902678
S2140272D006200F461546F3F729F921F0D0FC04469E
S2140272E040B901461A200EF067FB6FF08C0528465F
S2140272F007B0F0BD43684661DAB222B923F0FF0355
S21402730043F001034360F2F76BFE052804BF40F228
S21402731001136360062F1A4B0CBF40F201114FF4A3
S214027320807120461CF0FDFEE360164B2A46236061
S21402733002AB1E4605F110071D461068516808325A
S21402734003C5BA422B46F7D11021304621F052FC33
S21402735010223146204601AB18F057FC054620B1F4
S214027360014640F207400EF027FB1021304621F07E
S2140273704FFC204619F059F9204621F082FCB6E768
S2140273800044400400248000102A2DE9FF470646E8
S2140273900F46154623D800244FF00109DFF8448033
S2140273A0DFF844A0D8F8002009FA04F3134213D0F9
S2140273B046EA042040EA0A006A46E9B280B204F0CD
S2140273C0C5FD48B92A463946684620F048FD18B930
S2140273D060B204B0BDE8F0870134202CE2D14FF051
S2140273E0FF30F6E7DC3200200080FFFF2DE9F34194
S2140273F01D4E054601460622304620F030FD20B9D5
S21402740096F9060002B0BDE8F0810024A046EF1C03
S2140274102046FFF739FFD8B13B88CDF80080ADF89B
S2140274200330BB786946E0B28DF8053022F064F985
S21402743021280DD0A8B903222946684620F00FFD60
S21402744030B92B6860B23360AB88B071B380D9E7CD
S2140274500134202CDCD12B683360AB88B380FF2349
S214027460B3714FF0FF30CDE70A3B0020034B93F990
S2140274700630013301D1FFF7FDBE70470A3B0020FC
S214027480F7B504461FF093FD631C58D1FFF7F2FED2
S2140274900024624E3379A3422CD84FF400410024D4
S2140274A0084604F0B3FD20224FF0FF315C483460FA
S2140274B020F0FFFC204600F0C5FDFF260446594D8D
S2140274C05CBB594818F0D3F8014630B110F1880F6A
S2140274D003D040F207400EF06FFA0C214F4A43F6F3
S2140274E0FF7004F017FD202138204D4A04F012FDEB
S2140274F000202AE02046FFF7C7FE60B165B20521EC
S21402750028461CF010FE032128461CF00CFE06211D
S21402751028461CF008FE0134BCE794F975300133A6
S21402752005D02B7843B91321204621F04BFE204686
S21402753000F088FD0446C3E784F87560F7E7204646
S214027540FFF7A2FE18B940F2064003B0F0BD6B4644
S2140275500622002120461CF029FE002845D0492399
S2140275608DF806304FF47F41304840EA0420084048
S21402757004F04CFD052120461CF0D5FD03212046D3
S2140275801CF0D1FD062120461CF0CDFD0122234928
S214027590E3B29A400B6823EA02030B60244B93F98A
S2140275A00630A34201D1FFF765FE002005460B799F
S2140275B01B4A013BC1B2994221DBFF260020D6546A
S2140275C000F040FD0546174F002D86D095F9753020
S2140275D0A34205D13B78EBB91321284621F0F2FDF0
S2140275E0284600F02FFD0546EEE76B4606220121EF
S2140275F020461CF0DBFD0028B4D07223B0E75656B6
S214027600A64200D025B1551895F9015055540125CA
S2140276100130CFE785F87560E2E700BFDC32002074
S214027620EA3A0020E83A0020370004000080FFFF14
S2140276300A3B00202DE9FF41354C064601A8FFF71C
S21402764033FE2379019A93421ED86279012A40D1E9
S21402765000274FF0FF383D4610E02368EB40D9077D
S2140276600BD5082202AB114668B21CF09FFD20B172
S214027670039B43453CBF2F469846013523799D42DE
S214027680EBD378B2FFF7FCFE236813F0010529D08E
S214027690002501220135202D18D002FA05F71F42D7
S2140276A0F8D13B432360A3680C21013343F6FF70F5
S2140276B0174A7361A36004F02DFCA8B1236823EA7D
S2140276C007032360A368013BA36073614FF0FF3595
S2140276D019E0022AFAD10F4A134413F9010D421C8B
S2140276E0FBD0CFE70127DCE722790A4C013A214694
S2140276F0D2B2601C20F0C3FB6DB222462021382095
S214027700257004F007FC284604B0BDE8F08100BFEF
S214027710DC320020EA3A00202DE9F043002489B04A
S214027720AF4D04213F2001AA2C7004F00FFC00B1DB
S2140277300194019F002F4FD00026781E47424741F2
S21402774000242C70A74D0C212A4643F6FF7004F045
S214027750FDFBC0B10D23AB80019B2C60032BAC60FC
S21402776011D803AC2246142143F6FF7004F0EEFB58
S21402777048B994E8070085E807002A460C2143F634
S214027780FF7004F0C7FB019B042B06D004213F20A8
S2140277900DEB0102019104F0BDFB20213820924A34
S2140277A004F0D4FB28B120224FF0FF318E4820F09F
S2140277B080FB03222B795B00B3FBF2F38B4A137038
S2140277C0FFF758FD18F0FFFE014618B140F20740D9
S2140277D00EF0F2F8002413E001263746B0E72B68D5
S2140277E0E340D9070BD508224FFA84F811464046E3
S2140277F003AB1CF0DBFC10B94046FFF741FE013438
S2140278002B799C42EBD38EB11021372003AA04F0C9
S2140278109DFB002853D10620F2F788FE21F02FFAAE
S214027820044680B901461A200EF0C6F83FB13D2044
S21402783004F0A8FB00242B799C42C0F0AC80002008
S21402784009B0BDE8F0836A4A43684261DAB222B9F7
S21402785023F0FF0343F001034360F2F7C1FB052860
S21402786004BF40F201136360624B40F201112046EE
S2140278701CF057FCE360604B1021236003A821F044
S214027880B9F9102202AB03A9204618F0BEF9064643
S214027890102103A821F0BCF9204618F0C6FE2046A7
S2140278A021F0EFF9372004F06DFB46B140F20740B5
S2140278B031460EF081F84FF0FF30FFF7E1FD00266B
S2140278C023E03046FFF7E0FCF0B174B21022032149
S2140278D0204603AB1CF06AFC1028814620D1032107
S2140278E0204603AAFFF7EEFC8046494603A821F08D
S2140278F08FF9B8F1000F0CD040F2074041460EF067
S2140279005BF82046FFF7BCFD01362B799E42D8D3A2
S2140279108CE748F2030040EA062080B204F032FB0D
S21402792010220521204603AB1CF040FC102881469D
S21402793013D10521204603AAFFF7C4FC8046494618
S21402794003A821F065F9B8F1000FD5D148F2050079
S21402795040EA062080B204F015FB102206212046DB
S21402796003AB1CF023FC10288146CDD1062120460D
S21402797003AAFFF7A7FC8046494603A821F048F968
S214027980B8F1000FB8D148F2060040EA062080B2ED
S21402799004F0F8FAB8E72046FFF776FCF0B166B2D4
S2140279A004220C21304602AB1CF000FC04280AD14B
S2140279B0029B0122C3F300238DF80C300C213046C3
S2140279C003AB1CF0C5FB00231022CDE90333CDE93F
S2140279D005330D21304603AB1CF0BAFB01342AE70F
S2140279E0E83A0020DC320020EA3A0020E93A002099
S2140279F0370004000044400400248000F8B5104B11
S214027A00044618790F4B00221D46D1B2884204D98B
S214027A1013F9017B561CA74204D10B4B1B788B42F1
S214027A2002D9F8BD3246F0E70649481C20F027FA8C
S214027A302C702021BDE8F8403820024A04F06ABAC9
S214027A40DC320020EA3A0020E93A002030B504464B
S214027A50457887B02A46811C01A820F035FA01A98C
S214027A60207805951EF097FF0446034800F03AFA80
S214027A70848007B030BD00BF2002090210B5D0F8DE
S214027A80011000781EF09BFF0446024800F02AFA16
S214027A90848010BD2002090320F00040A0F20540B9
S214027AA0F8B5032817D8DFE800F0021728330C7958
S214027AB00F78A4F11B02534253414E88CD8801F140
S214027AC00802194899001CF0CDFC20B10771A0F8F5
S214027AD00560C4710581F8BD0E784D888C8801F169
S214027AE00802124800211CF0BDFC0028F3D00671E3
S214027AF0A0F80550A0F80740EDE70D480D784C6851
S214027B001CF07AFC0028E6D00571A0F80540E2E7F2
S214027B1007480C781CF070FC0028DCD00723437161
S214027B20002304718371D6E770D204006CD204007D
S214027B3068D2040010B5134604460A4606480121D8
S214027B4000F060F930B9054B1B681C71BDE81040A7
S214027B501CF0A5BB10BD00BF7CD20400F032002092
S214027B6038B5054607480C4600F03CF940B9064BC6
S214027B701B681D71C3F80540BDE838401CF08FBB7A
S214027B8038BD00BF74D20400F0320020002110B5C8
S214027B90421D03790446084621F017F8024648B10A
S214027BA0618820881DF09CFE0446034800F09AF97E
S214027BB0848010BD1A24F8E720020A0237B5B0F80E
S214027BC00140C57800781CF0F1FE68B1002321461A
S214027BD02A46CDE900331EF019F80446034800F0A1
S214027BE081F9848003B030BD2524F7E720020A0419
S214027BF040F2055320F0004098422DE9F0410BD8A0
S214027C0040F20153984209D840F2014398420DD0FF
S214027C1040F20A43984214D0BDE8F081A0F2035025
S214027C20022816D8DFE800F024495C000D784C885C
S214027C302D481CF0E1FB0028EED00571A0F80540A7
S214027C40EAE72A480C781CF0D7FB0028E4D0047137
S214027C50E2E727480F784E880D79CC881CF0CCFBDB
S214027C600028D9D00771A0F80560C5710481D3E752
S214027C708C684E880D790F7884B1B1F8068001F1D0
S214027C8008021C4800211CF0EDFB0028C4D0077136
S214027C90A0F80560C571A0F80880BDE72346224615
S214027CA0214614481CF0B9FB0028B5D00771A0F88D
S214027CB00560C57104724472AEE70F4891F8008001
S214027CC04F880E79CD880C891CF096FB0028A3D02D
S214027CD080F80480A0F80570C671058144819BE790
S214027CE00D784C680548A4E7ACD2040098D204008C
S214027CF0A8D20400A4D20400A0D204009CD204009D
S214027D0038B505460C460748012100F07BF838B91D
S214027D10054B1B689D80DC80BDE838401CF0BFBA6E
S214027D2038BD00BFB8D20400F032002070B5064657
S214027D3008480D46144600F055F848B9064B1B682D
S214027D401E71A3F80550DC71BDE870401CF0A7BA9E
S214027D5070BD00BFB0D20400F0320020044A0346D1
S214027D60106810B102789A4200D170470069F8E7AD
S214027D70EC32002008B51CF05BFA03F0FFFC002290
S214027D80014B1A6008BD00BFEC32002038B5094C22
S214027D9005462146204615F069FE4FF48270A84734
S214027DA0054B014618604FF482722046BDE8384003
S214027DB015F071BEC0D20400F0320020084A1368E3
S214027DC033B94178036141F0010141701060704798
S214027DD0197802789142FAD003F110021B69EFE794
S214027DE0EC32002010B504461FF0B5F828B9034B54
S214027DF022681C60024B1B681A6010BDE832002025
S214027E00F03200202DE9F84F046898464FEA042A1B
S214027E100AF4E06AC4F307234AEA030A0AEB0209F1
S214027E20B9F5807F83460F46154603D91D26304690
S214027E30BDE8F88F1FF08FF806460028F7D1124BE0
S214027E4024F47F44C3F800B024F0C7040F4B44EA7E
S214027E5019244FEA09291B681FFA89F944EA09041A
S214027E6043F8044B53442A464146184620F02CF861
S214027E70012F04D1FF2DD9D800F8015CD7E7022FD5
S214027E8008BF20F8025CD2E7E8320020F032002079
S214027E9010B5064B064C19682268064B52F8040BBE
S214027EA01B68496898472368988810BDE832002006
S214027EB0F0320020D03F00200022024B1A601FF052
S214027EC052B800BFE8320020054B186808B1C368F4
S214027ED01BB1003818BF012070470069F6E700BFE3
S214027EE0EC32002010B5034C2368186003F024FF20
S214027EF0206810BDF0320020F8B504460D46014653
S214027F00002017461CF095F90022174E20463368CB
S214027F101A705A709A70DA701CF065F918B165B961
S214027F204368220E2BB90F250DE05979914204D0F1
S214027F3008331D68002DF8D1F5E73846A8473368A0
S214027F401B684BB9012524F47F4020F0C70040F49B
S214027F500070FFF7C7FF85803268012052F8041BC5
S214027F601CF067F9F8BD00BFF032002070B5044679
S214027F700D461B4A13686BB393F87D10586811F0D0
S214027F80040129D110608C22184693F870601FF005
S214027F9090FF034680F870602268C0F85A20A288D4
S214027FA0A0F85E20A27980F860202868D864AA79B2
S214027FB0A98883F85220FF2283F8752083F876205A
S214027FC040F6FF72A3F86E20064AA3F85010116816
S214027FD013605960184670BD1A1D0346CBE700BFF2
S214027FE0F8320020F4320020054A0346106800B931
S214027FF07047B0F86E209A42FAD04068F7E700BFA2
S214028000F4320020054A0346106800B9704790F81B
S21402801070209A42FAD04068F7E700BFF432002098
S21402802038B50546064B1C680CB9204638BD2946AD
S21402803004F14C0000F0ACF90028F6D16468F3E7CE
S214028040F432002010B9024B186870474068704737
S214028050F43200200023114A2DE9F0418C211360EE
S2140280608046024601200BF067FF044620B905460B
S2140280700B4E3060454502D32046BDE8F081012014
S2140280800BF0C0FF07468C22002101351FF011FFBE
S21402809087F8705037603E1DECE700BFF4320020D0
S2140280A0F8320020012310B58B4090F87110044678
S2140280B021EA030149B280F87110002949D11EF065
S2140280C059FF204621F043FB102104F1180020F04E
S2140280D09FFD204601F07AFF04F1380020F086FA70
S2140280E0204621F085F9214A13681BB19C42596843
S2140280F030D11160A36859050BD51A0509D443F48B
S2140281000063A18994F87000A36004F1780203F07A
S214028110F3F800232046636020F082F91CF0DAF9B7
S2140281204FF48072B2FBF0F2424394F8703003448C
S214028130B3FBF2F102FB1133DBB2591EC9B2FD29C1
S214028140F5D884F8703000236360094B1A6852B978
S2140281501C6010BD1A465B68002BCBD09C42F9D13E
S21402816063685360C6E7131D5268F0E7F4320020D6
S214028170F832002010B5084C206830B9BDE810402F
S214028180064B186001200BF01BBF436890F8711075
S2140281902360FFF787FFEFE7F4320020F832002073
S2140281A090F8743003F00B03013BDBB20A2B9ABF44
S2140281B0014AD05C00207047CED204001FB50146AB
S2140281C090F870308DF80430FFF7EAFFB1F86230AD
S2140281D08DF80C00ADF80630B1F8643001AAADF89F
S2140281E00A30B1F86630054840F20311ADF808309F
S2140281F020F02AF905B05DF804FB00BF3C330020EE
S21402820007B590F870308DF8051001AA40F20721E4
S21402821003488DF8043020F017F903B05DF804FB2C
S2140282203C33002038B50A4B04461B680D462BB17A
S21402823043699B0702D51CF040FB30B12A462068F2
S2140282400421BDE838401EF03FBCA3699D6138BDDD
S214028250FC320020014B1860704700BFFC32002041
S214028260024B1868003818BF01207047FC32002005
S21402827013B50446019120B901A820F0B7F92120D0
S21402828012E008460029FAD020F035FA80B200281B
S214028290F2D0094B20461B6801994BB1984728B982
S2140282A02046019901F09AF902B010BD0020FBE7C2
S2140282B01DF06FFDF3E700BFFC3200200048704758
S2140282C04F330020044890F82B1000F10F020830BC
S2140282D0012918BF104670474033002038B583790D
S2140282E0044613F0280F25D00368134DC5F80F3047
S2140282F08388A5F81330837900206B750CF0BCF9DF
S21402830040B96B68032043F004036B60BDE8384055
S2140283100CF04CBC436A13F4404FEFD1226843F092
S2140283200803C0F80120A288A0F80520A2794362BB
S214028330C271E3E7212038BD403300204379024A68
S2140283409B09D05C704700BFE9D204000B6810B5E9
S21402835003608B88FF2A0446838002D10723A37119
S21402836009E0032A08D8054B9B5C072B837102D1D0
S214028370FFF7E4FFA07110BD0023F0E7EDD2040082
S2140283808379024A03F00703D05C7047E1D2040007
S21402839010B582798B79094C02F0070203F00703C5
S2140283A0A25CE35C9A4206D106221FF058FDB0FAA0
S2140283B080F0400910BD0020FCE700BFD9D20400BF
S2140283C0044908B5084615F051FBF722024B1A80FD
S2140283D008BD00BFF1D204004841002010B5044693
S2140283E070B30068836CA34222D16368836422461A
S2140283F014491FF0F1FF04F10C0020F011F804F10B
S214028400440020F0F3F8FFF72BFF58B1A06948B1FB
S214028410143020F0EBF8A069183020F0E7F8A069D5
S21402842020F02FFC2046BDE8104020F02ABC134660
S214028430002BDCD05A68A242F9D162685A60D6E7AD
S21402844010BD00BF4B49040070B5054648200E46D5
S21402845020F015FC044601464822264815F01BFB70
S21402846084B1FFF7FDFE90B11C2020F008FC1C2210
S2140284700146A0611F4815F00EFBA3692BB92046E2
S21402848020F0FFFB0024204670BD00221A70032154
S21402849028461CF017F8AB6C22466360AC641723C0
S2140284A0268100266381144928462560267766645D
S2140284B00BF0AAFC02F016FD3246014604F10C004F
S2140284C00BF0A2FC02232374FFF7CAFE0028DAD0C0
S2140284D00A4B19881729D6D920461CF082F800289C
S2140284E0D1D1132120461CF0F5F9636943F002034B
S2140284F06361C8E7F1D204004B49040048410020FA
S214028500F8B5054610B3002920DB114C2468247EFA
S2140285108C421BDD3F2919DC032701F0030600EB22
S214028520A10191F831407600B74002F0030224EA36
S2140285300704B240224381F8312013B100211CF017
S21402854083FA2846BDE8F8401CF0DBBAF8BD00BF47
S2140285503033002070B5164600221A7032800A7A2E
S2140285600D46072A4DD8DFE802F004090D111A1E3F
S214028570304AE86830F8023B338043E0EB68981DE7
S2140285805B88F9E7EB68981D9B88F5E7697B1CF02A
S214028590A8FA02221C4B18801846328032E00223C8
S2140285A01A4833802EE01A4C2B7BE88923702B88DE
S2140285B0E11C013363702B8801331B12A37000F099
S2140285C05FFB0330308020461CE0124CA889EB8902
S2140285D0020AA3701B0A20706270E37000F01EFC91
S2140285E058B1C3681A88022A07D19A782271DB78B2
S2140285F0637106230748338004E00423FAE78022E7
S2140286001A70002070BD00BF2A3B002001D3040070
S214028610173B0020113B0020054A064B18601368E2
S21402862043F001031360828B034B1A80704700BF2E
S2140286300033002030330020303A002000232DE99A
S214028640F04FDFF8AC9191B0CDE90633CDE90833AF
S214028650D9F80030054613F008080AD0614B03F13A
S214028660100253F8041B934245F8041BF9D100206C
S21402867011E00320F1F75AFF20F001FB074648B14C
S2140286800620F1F753FF20F0FAFA064630B93846CC
S21402869020F0F7FA1A2011B0BDE8F08FCDE9048871
S2140286A017F091FF044668B1384620F0EAFA3046E1
S2140286B020F0E7FA40F2074021460DF07DF940F23D
S2140286C00740E8E74FF4A053DFF828A11022C6E9D6
S2140286D0023A454B3046336006A904AB17F095FACA
S2140286E00446A8B952463846049917F0C7FB044612
S2140286F070B9C3463D4B1FFA88F21B68D98891426F
S21402870027D810222946384605AB17F0F6FB044652
S214028710384617F021FB384620F0B3FA304617F0F9
S21402872084FF304620F0ADFA049816F0A0FF002C25
S214028730C0D12C4B05F1100255F8041B954243F8A4
S214028740041BF9D1D9F8003043F00803C9F8003009
S2140287508DE71A681FFA88F4210102EB04142046FA
S214028760ADF80EB0019100921CF0D3FD8246204671
S21402877000F028FB30B3DDE90021AAF5205080B2D4
S214028780032802D9BAF5245F1FD1525A0020214687
S214028790ADF828200DF10D030DF10E02ADF82AA05A
S2140287A0FFF7D8FEBDF80E2001460BA81FF08CFB83
S2140287B0BDF80E20384604320AA917F06FFB0446AD
S2140287C00028A5D108F1010894E70AF55640FF30C3
S2140287D080B20428F6D8525AADF82AA0ADF828205E
S2140287E0E6E700BF2C3B0020002480003033002048
S2140287F0003300200002C0030F4B10B51968CC07E7
S21402880017D40E4BDA899C89944212D9490748BF7D
S2140288100B499C6848BF096824F81200DA894ABFE7
S214028820C8891046801802F1010248BF80B2DA8178
S21402883010BD4FF6FF70FBE7003300200C3300201C
S2140288402C330020134B01461B6870B513F004034B
S21402885006D00022104B1C68E38990B2834209D8E6
S2140288600E4A14680022E58990B2854209D84FF66E
S214028870FF7005E0A56835F8125001328D42ECD142
S21402888070BDA66836F8126001328E42ECD10344FF
S21402889098B2F5E7003300202C3300203033002056
S2140288A0094B1B685B070AD5084B1A68D3898342B3
S2140288B003D9936833F810007047C01A80B2044B8D
S2140288C01B689B68F6E700BF003300202C330020AD
S2140288D030330020F0B50E4E0246F1883068002391
S2140288E000EB011005464FF00B0C0A4F3C8804EBD8
S2140288F0030E01339BB29342A5F800E085F809C047
S21402890005F11005F3D3144411443C80F180F0BD08
S2140289100C330020323A00202DE9F041254C8846DF
S214028920A589E3891646EB1A834213DA0A35ADB2F5
S21402893068000BF03BFD074610B90020BDE8F08149
S214028940E289A16852001FF0BFFAA06820F099F9E8
S214028950A760A581A58AE38AEB1A434511DA0A3590
S214028960ADB228010BF022FD07460028E5D0E28AC8
S214028970216912011FF0A8FA206920F082F9276106
S214028980A582A588E388EB1AB34211DA1435ADB294
S21402899028010BF00BFD06460028CED0E28821689F
S2140289A012011FF091FA206820F06BF92660A5806C
S2140289B00120C3E70C330020F8B51D4C0746A688F5
S2140289C0E388F31A83421DDAB0F5FA7F2CBF361815
S2140289D006F5FA76B6B230460BF0E8FC0546B0B1BC
S2140289E0E28821681FF070FA124A20681368D1885C
S2140289F0A5EB000C03EB01118B420AD120F041F9E2
S214028A002560A680E38825681D443B44E38028460B
S214028A10F8BD5A7A920704D51A7A22B1013A012A87
S214028A2001D91033E8E7DA686244DA60F9E700BF92
S214028A30043300200C33002010B50E4C206820B101
S214028A4020F01FF900232360A3800B4C206818B186
S214028A5020F017F900232360A06818B120F011F95E
S214028A600023A360206918B120F00BF900232361CC
S214028A7010BD00BF043300200C33002038B5054675
S214028A804FF4FA700BF092FC134B1860D8B14FF407
S214028A90FA72124C5A600021202220461FF009FA70
S214028AA028010BF083FC206014200BF07FFCA060F2
S214028AB0A0200BF07BFC2368206113B1A36803B1EE
S214028AC018B9FFF7B9FF002038BD0A232046A58053
S214028AD0A381A382F8E700BF043300200C330020F2
S214028AE00B4B0C4A10B51888D188136803EB01119A
S214028AF08B4200D110BD5A7A940707D4DC882042F4
S214028B0014BF42F0040222F004025A721033EFE756
S214028B10303A00200C330020034A1368990744BFFA
S214028B2023F00203136070470033002038B5046850
S214028B3005460C22204608491FF091F950B9022238
S214028B40064904F10E001FF08AF918B902200C3407
S214028B502C6038BD1020FCE704D3040012D30400B6
S214028B602DE9F743102801910BD0022804D04FF6C6
S214028B70FF7003B0BDE8F083019B1888FFF762FE22
S214028B80F7E701A8FFF7D2FF0228F5D01028EED1AA
S214028B901B4B019F1E6816F0040608D00024194BD2
S214028BA0D3F80080B8F81660A5B2AE421AD80025EF
S214028BB0154BD3F80080B8F81690ACB24C45D6D216
S214028BC0D8F81000102200EB051039461FF047F9BE
S214028BD001350028F1D1A0196FEA40406FEA5040F3
S214028BE080B2C6E7D8F81000102200EB041039460F
S214028BF01FF035F901340028D6D145F40040B8E715
S214028C00003300202C3300203033002070B5054698
S214028C100C46FFF7A5FF4FF6FF73984229D1022DA7
S214028C2004D12088BDE87040FFF7E6BD102D20D1A4
S214028C30104B1D68EA071CD40F4BDE8A9A8AB24292
S214028C4017D921461A6904F1100002EB061251F8F0
S214028C50044B814242F8044BF9D1D88A421CDA828C
S214028C606B0704D5054B1B68DB8A184480B240F4B8
S214028C70004070BD003300200C3300202C3300204F
S214028C80020408B51DD5124BC0F30E001B685B0725
S214028C9013D5104B1A68D38A98420CD2136903EB89
S214028CA0001000F1100350F8042B984241F8042BF0
S214028CB0F9D1102008BDC01A80B2074B1B681B6989
S214028CC0EDE7FFF7EDFD0870000A48700220F1E7B5
S214028CD0003300202C3300203033002070B50446C9
S214028CE00A4B1B68DA881D6805EB02152646103407
S214028CF0A54209D019B920461CF015FB20B920461A
S214028D001CF01AFB0028F1D0304670BD303300202C
S214028D102DE9F0410C461146FFF7E0FF1B4E00F12D
S214028D201005F2883368074603EB02139D4204D10E
S214028D302046BDE8F041FFF7CDBD5B1BC3F30F1322
S214028D401A0129464FEA041805EB04101FF097F89B
S214028D504246002128461FF0ACF8384600230B276F
S214028D600B49B6F806C00A8802EB030E01339BB223
S214028D709C42A0F810E0477600F11000F4D8224496
S214028D80644428460A80F480BDE8F0810C33002053
S214028D90323A002038B50446094B1B681D68A542C6
S214028DA009D2204621B91CF0BEFA30B1103402E0D6
S214028DB01CF0C2FA08B1204638BD103CEFE700BFEF
S214028DC030330020437ADA0702D5C3F380007047B7
S214028DD0034BC2881B881A4214BF0120002070472A
S214028DE0303A00200A4B1B68DB0708D570B1094BE6
S214028DF01B68DB88834234BF00200120704728B1FD
S214028E00054B1B88834294BF00200120704700BF99
S214028E100033002030330020323A002070B502467C
S214028E20FFF7E0FFE8B10F4B1968CD88954209D3EA
S214028E3002F180500B680138040103EB00101B5B43
S214028E4093420ED0002398B2854201D8002008E053
S214028E500E681C01345B06EB0310944203F1010317
S214028E60F1D170BD303300202DE9F34100250E46C6
S214028E70A846174F01903A68ABB2D18899421DD9DD
S214028E801468ABB204EB0314B4F90430002B1CDAFA
S214028E902046FFF797FFC0B1E1680B889E4214D1C7
S214028EA03246019802311FF063FEE36882B21B88E5
S214028EB0934207D0114601A81FF0BFFC404602B0FD
S214028EC0BDE8F08143441FFA83F80135D3E700BFBB
S214028ED03033002010B5094C2368DB070CD4FFF7AB
S214028EE0ABFD074B1B683BB1064A1360DB88064A9C
S214028EF00133138001232360002010BD00330020BD
S214028F002C33002030330020323A0020064A136801
S214028F10D90706D413F0020003D143F0020313600C
S214028F20704741F20C007047003300202DE9F04FE5
S214028F30924B95B01B689B0740F11D8142F60200DA
S214028F401CF0AEF98E4C8346D4F800A04FF0000811
S214028F505546B4F806900AEB09130193019BAB42FF
S214028F603AD1884FBB88434515D040460BF01EFACF
S214028F70814680B183464FF0000AE2881FFA8AF3E0
S214028F809A427AD838681FF07CFEC7F80090A7F895
S214028F900480A7F8068000250123DFF8EC81402232
S214028FA04FF0FF3104A8A8F8003025762E461EF0B2
S214028FB080FFA946E3881FFA85FA53457DD8E680E6
S214028FC0FFF7AAFDB9F1000F02D004A800F016FFC1
S214028FD0002015B0BDE8F08F6B7ADF0638D49E0706
S214028FE005D528461CF04CF940441FFA80F86B88D9
S214028FF05B452DD1AF89B9F1000F2BD05346012620
S21402900000211A88974216D0587AC0060DD4B2426A
S214029010039208D9184602931CF08EF9039A029B13
S214029020002818BF16460136B6B2013189B2494544
S21402903003F11003E5D1B74238BF3746BFB23E460A
S214029040013189B20AEB0113894506D8AF81EE8158
S214029050103583E749460126EDE7184602931CF0D1
S2140290606BF90028F2D1029B01315A7A89B2D206F4
S2140290705CBF0136B6B21033E6E726681FFA8AF3FB
S21402908006EB0316737A03F01203022B09D130465D
S2140290901CF0F6F8054620B1337A2BB1013B012BC2
S2140290A002D90AF1010A68E758462A46F1681EF014
S2140290B00BFFC6F80CB0AB44F3E72768A9B24FEA39
S2140290C0011B07EB01114B7AD80651D41A0744BF8D
S2140290D023F008034B724B7A48BF4FF001099806FB
S2140290E042BF23F0200343F004034B724B7A48BF7F
S2140290F04FF001095A0644BF23F044034B7237F877
S2140291000B30B8F8002048BF4FF001099342029393
S2140291101DD9084601921CF00FF9019AB8B1029BBC
S214029120A8F80030564509D207EB061301F11002E3
S21402913051F8040B914243F8040BF9D1B8F8003009
S21402914001360133B6B2A8F80030013532E70B7AA1
S214029150032B0AD14B7B207E3E2B9EBF50336B44A3
S21402916003F8400C431C2376487327F80B20D9E7F4
S2140291704FF00109E9E741F20C002AE7003300202C
S2140291800C33002004330020323A00202DE9F04F41
S21402919087B01C46BDF840309DF850A00293BDF83B
S2140291A04430BAF1020F06461746BDF848900591BC
S2140291B003932AD0994503D9212007B0BDE8F08F42
S2140291C0B9F1000F02D0139B002BF5D0022F06D068
S2140291D0102FF1D105A8FFF7A9FC02281AD1022008
S2140291E00021074614F0300518D09DF85430DA07EF
S2140291F013D40130A30680B2C4F3001501D545F09E
S21402920002050123019303230AE0002399461393E0
S2140292100393DBE701210846E4E7002502230195D4
S214029220DBB21A46C0B20493FFF776FB08B91A20DF
S214029230C3E73046FFF7F2FD83460028BCD01CF099
S2140292407BF80028B8D09BF8098018F0040F1CBFE2
S21402925008F0FB0343F02008BAF1020F51D0039B3B
S214029260981D80B2FFF7A8FB06460028DFD0012231
S21402927004995846FFF74CFD834642F603001CF05D
S2140292800FF89BF80920102F48EA02028BF80920F3
S214029290424AE4B2CBF804204FF00502ABF80200D3
S2140292A08BF808200CBF3846022005998BF80C4034
S2140292B0FFF7ACFC9BF81920BAF1010F48EA02034B
S2140292C08BF81930029BABF80E00ABF814304FF651
S2140292D0FF73ABF81200ABF8163014D0BAF1020FD7
S2140292E02AD107238BF818300023CBF81C30169BA4
S2140292F01BB1BBF81030169A1380019BF3B90020FD
S2140293005BE70026B3E702238BF81830039BCBF803
S2140293101C6034707380B9F1000FE8D0139B002BE9
S214029320E5D0BAF1010F4A46139908BFA6F8049091
S214029330B01D1EF0C9FDDAE70123E5E742F602108A
S2140293401BF0AEFF40F60312029BABF8220013F4AA
S214029350805F40F6030318BF1346029A8BF82C5020
S214029360920448BF43F40073ABF82430029B0C4AC5
S2140293705B0442BFBBF8243043F48063ABF824306E
S2140293804FF6FF73ABF8263003238BF82830137E94
S214029390591C11768BF82D30B1E700BF0108FFFF8C
S2140293A00C33002041F6010330B58FB0ADF82430FF
S2140293B042F60523ADF8283042F62A33ADF82C30B3
S2140293C042F62933ADF830302A4BDB88002B4ED1DB
S2140293D0FFF79CFD002848D1022201200DAB09A907
S2140293E01BF0DAFF002840D14FF400630421BDF8D9
S2140293F034400DF13605CDE90031CDE90505CDE95C
S214029400030002902023022220460AA9FFF7BEFE8E
S21402941058BB40F601031022CDE900320223CDE903
S2140294200505CDE9030002901A4620460BA9FFF770
S214029430ADFED0B90DF1230303930123CDE9013329
S21402944040F60303CDE905058DF82300049000934A
S21402945002220A2320460CA9FFF798FE28B92046C6
S2140294601BF0E8FF08B9FFF761FD0FB030BD022020
S214029470FBE700BF0C3300202DE9F047DFF8FCA025
S214029480202206460D46504600211EF012FD0023FD
S214029490374ADFF8EC80C2E90033C8F8003001230F
S2140294A0DFF8E090A9F80030002E52D0314F3B682A
S2140294B0DB074ED5304E3368D888143080B2FFF7BB
S2140294C0DDFA044618B91A252846BDE8F08736683C
S2140294D00068F288316812011EF0F6FCF388E38019
S2140294E0337EBAF806202376738B6383B38BA3830B
S2140294F03B6823F001033B60DAF8003003EB02120C
S2140295009A421FD1FFF7ECFA3B6843F004033B6034
S214029510E3880133A9F80030174B1A681C60C8F8B4
S2140295200020144A136823F001031360002DCBD0E9
S214029530E388D3B9FFF736FF05460028C4D0FFF705
S214029540C9FCC1E7597A103341F0010103F8071C40
S214029550D6E71420FFF792FA04460028B3D0054A4D
S214029560136823F004031360D6E70025ACE700BFB8
S2140295700433002000330020303300200C33002058
S2140295802C330020323A00207FB5134B0E46054698
S21402959004460393A0B11BF040FA78B90022314684
S2140295A020461BF06AFB022807D1012331460093AE
S2140295B02046042303AA1BF0C2FF0DB104B070BDFF
S2140295C020461BF0F9F904460028F7D01BF025FACE
S2140295D00028F5D1E2E700BF0100FFFF2DE9F04FBA
S2140295E097B0834609911BF05EF9099883790C338C
S2140295F0C45CC5181FF07FF8202C0646099F26D8A3
S214029600012C28D9C74BA21ED2B2D340DA0722D5E4
S214029610384697F806801FF06EF8BBF80A2083B229
S2140296209A4228D214F0010240F0A78004F07F0389
S214029630522B00F0A2801E2C00F09F80099B214630
S2140296400093584604231AF0DDFF21240CE004F0B0
S2140296507F03522BDCD02146062300225846009771
S2140296601AF0D0FF41F2061458461BF021F92046A4
S21402967017B0BDE8F08F47443A7B013B202A9BB2E5
S21402968046D8012ACED9023A1E2ACBD801A151F8D1
S21402969022F000BF3197020025960200359702009D
S2140296A02596020029970200259602001D970200C1
S2140296B02596020031970200259602003597020091
S2140296C02596020039970200259602001D97020091
S2140296D0259602006797020025960200259602004C
S2140296E0259602006B970200259602006F970200ED
S2140296F0259602002596020025960200259602006F
S21402970025960200739702002596020039970200FA
S214029710522A28D0D22A85D10D2B06E0062B11D04C
S214029720142B7FF47FAF0DE0052B7FF67BAF09E0AD
S214029730022BF6E7042BF4E7032B7FF673AFDB0767
S2140297403FF570AF022C00F00281DBF800309B6818
S2140297509F0516D40BF144001EF048FF099BCBF878
S2140297604430002480E7012BDFE7032BDDE7012BE3
S214029770D7E7002B7FF456AFE4E709A81EF036FFC2
S21402978063E71E2C00F0368358461BF046F9074660
S214029790002840F0828058461BF03AF900287CD018
S2140297A004F07F03522B00F0CE80082C68D1B6B2AC
S2140297B0152E14BF02201020691D1BF014F9002874
S2140297C05ED0DBF81430D8074BBF23F0010343F01A
S2140297D001033946012158464CBFCBF81430CBF86A
S2140297E014301BF031F909980D901AF079FE0446F0
S2140297F0B0F80180B0F803900D981EF07CFF152893
S21402980014BF02251025053421462846FFF7A8F97D
S2140298102146039028461BF0E6F80490B8F1000FA4
S21402982000F05281C84500F24F81022109200D9AAC
S2140298301AF079FEBBF80A708246023FBFB23E4675
S21402984040464FF0FF354946039A1BF0C8FB0446D4
S214029850002800F07B811BF098F9002800F0938125
S2140298600122214658461BF037FA03468DF82E0091
S214029870002800F02E810D9A009222460821B2E0BE
S214029880DBF8143013F001064ED023F0010300215A
S2140298905846CBF814301BF0D7F8202C72D8032C7D
S2140298A075D9231F1C2B72D801A252F823F000BFD1
S2140298B09D9B02008F9902008F9C02008F990200E6
S2140298C0E79702008F990200799D02008F990200A5
S2140298D0979D02008F990200AD9D02008F990200AB
S2140298E09B9902008F990200C59D02008F99020083
S2140298F08F9902008F990200E19D02008F99020063
S214029900EB9D02008F9902008F9902008F99020048
S2140299108F9902008F990200F59D02008F9902002E
S214029920BB9D02005555515043F001030121584694
S214029930CBF814301BF088F81223324621465846DC
S21402994000961AF05FFE09A81EF050FE09E7099D70
S214029950BA4C28461AF0C4FD2188B0F801602A469F
S21402996058461AF064FE2388BBF80A10B34228BF92
S2140299703346172BB8BF17235846ABF80A301AF0EF
S2140299807EFFEEE6522C00F02482D22CDBD0099B1E
S214029990002200932146062325E0099F38461AF046
S2140299A09FFD0546B0F80180B0F803A038461EF0C9
S2140299B0A2FE15280CBF20460220691DFFF7D0F82C
S2140299C0B5F8053004900793B8F1000F07D0D045DC
S2140299D005D81BF080FC50B91023009701E0012344
S2140299E000974246102158461AF00CFEB9E63A464F
S2140299F0022111201AF097FD44464FF0FF35BBF8BE
S214029A000A3005909E1E0393063B9BB2B6B208939D
S214029A1051462046049A1BF0E2FA814668B3514644
S214029A20079A1BF029FB044648461BF0AEF840B9DD
S214029A304FF6FF739C4201D00134A4B25445E7D9D5
S214029A401BE04FF000030DAAADF8343049460CABCC
S214029A5058461BF0DEF9039ABDF83430053A9A42AE
S214029A60089A0690D8BF1346002DADF8343009DBAD
S214029A709D4202D1EB1CB34208DB691C1CD10A23AF
S214029A800097AEE7351F9D42A8BF1D46042211A9C6
S214029A903846ADF84490ADF846401FF069F82A46BD
S214029AA0384606991FF064F84FF6FF73043E761B9D
S214029AB09C42B6B2C0D1E0E73946059B04355D70DC
S214029AC05846FEF7AFFB4CE60D9B00930123424639
S214029AD0D4E6049B13B120461BF03BF820461BF04D
S214029AE06CF8D8B1002D54DC0DA81EF07FFD0823BB
S214029AF058468BF81C3050F80C2B40F2025192F864
S214029B0070208DF8483000238DF8442011AAADF855
S214029B104640ADF84A301EF097FC22E6ADF8440007
S214029B200DF12E032146584611AA1BF072F9BDF814
S214029B3044300590BB4228BF3B46002DADF844306A
S214029B400ADBAB4202D16B1CB34209DB6A1C0D9BDB
S214029B501FD100930A23BAE7B51E9D42A8BF1D4631
S214029B6002220CA90D98ADF830401FF001F82A46E3
S214029B7005990D981EF0FCFF4FF6FF73023E761B0A
S214029B809C42B6B2E2D0601C80B28145BFF45BAEA6
S214029B90DCE702350D998AF8015091E7DDF824904A
S214029BA048461AF09DFCB0F80330B0F801800493E2
S214029BB0B8F1000F44D0984542D84FF6FF774A4690
S214029BC0022105201AF0AFFC4546BA46BBF80A4009
S214029BD00590023CA4B2294658461BF0E2FA5045CC
S214029BE006464CD04FF40062294658461BF074F8DD
S214029BF000283FD130461BF08AFB00280CBF022308
S214029C0010235745039321D030461BF080FB069065
S214029C1038461BF07CFB069B834203D1039B013331
S214029C20A34214DB38461BF072FB059B0130194633
S214029C30587058461AF0CFFC93E500BF4841002002
S214029C400123CDF8009042460421CCE637460DF1BA
S214029C5046013046ADF84450FFF712F8039B4846DB
S214029C609A1C11A91EF084FF039B023CE41A554578
S214029C70A4B2D7D0049B0135ADB2AB42ABD24FF6FD
S214029C80FF739F42CED10A23CDF80090DBE7DDF8C2
S214029C902490002448461AF023FCB0F80530B0F8A9
S214029CA003A0B0F801600746484603931EF023FD62
S214029CB0C51FADB2102D0C945AD82A46F91D0DA810
S214029CC01EF002F9002E55D0564553D84A460121B9
S214029CD007201AF028FCA046074633460A249A456F
S214029CE0049307D93946BBF80A001AF0FFFB03288B
S214029CF0049B04D8B8F1000F1CD0394699E7ADF89A
S214029D004430039B5846ADF848300DAB13930023FE
S214029D100BAA009311A90DF12E03ADF846A0ADF8DB
S214029D2050501BF0D5F90A280446E3D0BDF82C3073
S214029D3030B11E46234632460621CDF8009052E642
S214029D40ADF83030BDF82E300CAAADF832303946B8
S214029D500423BBF80A001AF0D4FB4FF6FF72BDF8D4
S214029D602E309342C9D001334FF001089BB2B6E7BA
S214029D700424DFE70124DDE70A23099C8BF81C3064
S214029D8020461AF0ADFB23460022B0F801105846D2
S214029D901BF0A5FCE5E4099C20461AF0A1FB0C2367
S214029DA08BF81C30B0F803202346EEE75A460F2104
S214029DB00E20099B1BF0ECFCD3E45A4621212020FE
S214029DC0099BF7E75846099AB5F801101BF0CDFD36
S214029DD0C7E45846099AB5F801101BF021FEC0E404
S214029DE0584609991BF05BFEBBE4584669781BF09F
S214029DF0C1FEA8E558461BF0DDFEA4E57FB5174A6E
S214029E000646136842F6052023F0080313601BF08B
S214029E1021F9054650B16846FEF710FC00201AF0FC
S214029E20CBFD044620B92946FFF7AEFB04B070BD51
S214029E301022684604F121011EF011F838B1012102
S214029E4020461AF001FE636923F0010363611EB126
S214029E50314620461BF0D6F92046E0E700330020C4
S214029E6037B505461BF0B0FF0446E0B9AB691248A9
S214029E705860234628461BF0C0FF044698B9A869D6
S214029E804369C28881884089019098790C300344DE
S214029E90009328464FF420531CF0F7FE044628B1E0
S214029EA028461BF09EFF204603B030BD02212846FE
S214029EB01AF010FDF7E700BF0100FFFF38B5124B9E
S214029EC004461B8842898B4228BF0B46172BB8BF15
S214029ED01723114643811AF0D2FC636923F002036A
S214029EE06361A3699D693DB10022294620469A61B5
S214029EF0BDE83840FEF796B940F2094120461AF00E
S214029F00E6FCA3691D7038BD484100200148FEF7F3
S214029F10A1B900BF55A3020001481EF085BB00BFD1
S214029F20A433002040F6FF732DE9F3410D46B0F846
S214029F306E100192994205D101A81EF057FB02B09D
S214029F40BDE8F0811146134601229BBB1E481EF057
S214029F5034FCFFF7E1FF04460028F0D01EF0CBFBEE
S214029F606379074603F001086FF300036371042167
S214029F702046A6681EF002FD4379044668F30003F5
S214029F804371DB438179B6F86E200C31866003F0AC
S214029F9001036254C2F30322084442EA03124270E7
S214029FA047802246304629461CF0E5FF2046F8F751
S214029FB06FFCCEE75C79986024F0030414435C716E
S214029FC000221B68C1E700BFA433002070B5054617
S214029FD0064C206800B970BD8368AB4204D106689F
S214029FE00AF07EF82660F4E70446F2E7A43300207F
S214029FF0014601481EF0E1BBA833002001481EF0CE
S21402A00013BB00BFA8330020014601481EF0D5BB93
S21402A010A0330020034BD86818B103F10C001EF0E1
S21402A02003BB704794330020044BDA6822B95869A0
S21402A030003818BF01207047012070479433002073
S21402A040044B18780130C0B2012838BF01201870BE
S21402A050704700BF34330020014800F0CFBA00BF7B
S21402A06065A002002DE9F04F867987B00C36059080
S21402A0700546805BC0F30B00FDF7B6FF044618B931
S21402A08005A81EF0B3FA4EE090F87230022BF7D114
S21402A090AB5B059AC3F30B0103F44053B3F5805F41
S21402A0A09060A95342D153796FF300035371836BC7
S21402A0B0002BE5D0042105A804F138061EF096FB15
S21402A0C0304605991EF079FBA06B002301465A1C08
S21402A0D0A9BBDBB2012B01D91EF0E0FBA06B1EF080
S21402A0E00AFB03281FD9D4F83890484699F8067018
S21402A0F01EF001FB0C3709EB070539F80770A0F1D3
S21402A1000408474522D9524FD4F838A007F110095F
S21402A11057F804BB5346424629462046D8474F4581
S21402A12010D00028F4D007B0BDE8F08F38301EF00B
S21402A1305DFA059A537943F001035371BAE7134661
S21402A1400968C4E70028EED130469AE7A06B1EF0F5
S21402A150D2FA04378742F7D36988A1F140033F2B2E
S21402A1600BD8042130461EF041FB2046A26B6988BC
S21402A1700BF010FB0023A363D5E705290BD00629B5
S21402A18061D00429E0D130461EF030FBA16BA06CF2
S21402A190FEF76EF8EEE7294620460BF0A1F90246D6
S21402A1A00028D1D12B79122B06D0132B36D020467D
S21402A1B069791CF0A9FCC7E794F87330022BF6D035
S21402A1C040F67A4029898B1F9BB2834224D86A893B
S21402A1D0931F9BB283421FD891421DD8AB89B3F519
S21402A1E0FA7F19D240F6764CEF89A7F10A0080B2C0
S21402A1F0604511D8B4F86A000290B4F86800CDE958
S21402A2000070204600F0D2FB021E18BF0122204634
S21402A21069791CF035FC97E70122F8E794F8733069
S21402A220012B03D1204669791CF06EFCA3681A0440
S21402A2308AD523F40043A3602B89012B84D12046C0
S21402A2400AF02EFE80E72046A16B1FF059FA91E72E
S21402A25014D304000138C0B20A289ABF014B185C16
S21402A2600020704724D30400014902481EF0B0B80B
S21402A270D43F00203C33002010220A4B2821DA82E9
S21402A2806422C3E906124FF6FF721A8402225A604B
S21402A290002283F82B200F2283F82D0083F82C202F
S21402A2A0704700BF4033002038B5104C94F82B306E
S21402A2B0D3B1626812F0010516D104F108000BF062
S21402A2C0FFFB1CF0AEFC78B14EF6602294F82C3000
S21402A2D04FF48271534306482A4609F073FD18B9B3
S21402A2E0636843F00103636038BD00BF403300205B
S21402A2F03C33002022F00042052A10B50DD0B2F5FC
S21402A300827F13D0032A06D1114A536823F0020330
S21402A31053600AF0ABFB002010BD0D4A1B88118D5E
S21402A3209942F8D1002313850120F5E7084B5A68B5
S21402A33093F82B4022F00102012C5A60F4D11EF051
S21402A340FFFDFFF7B1FF20460AF030FCECE700BF46
S21402A3504033002030B5044685B0084603911CF011
S21402A3606AFD830708D410F0010003D003A81EF08C
S21402A3703DF9012005B030BD03998B7903F10C023B
S21402A38088188A5C013A202A00F21781DFE812F068
S21402A39021001501B1001501B4001501BD0015011B
S21402A3A0C4001501CC001501D4001501DB0015010F
S21402A3B0E9001501F100150115011501F30015015B
S21402A3C001011501030115010C0115011501150105
S21402A3D0E20003790BB103F588534278023A1E2A4B
S21402A3E0C4D801A151F822F065A402006DA30200B0
S21402A3F06FA402006DA302007BA402006DA30200FC
S21402A40087A402006DA3020093A402006DA30200BB
S21402A410B7A402006DA302009FA402006DA302006F
S21402A420C3A402006DA30200CFA402006DA3020023
S21402A4306DA302006DA30200D9A402006DA3020060
S21402A440E9A402006DA302006DA302006DA3020040
S21402A4506DA302006DA302006DA302006DA30200AD
S21402A460ABA4020017212046FFF728FD7EE7002254
S21402A470204611461BF047FE78E71A460021204682
S21402A4801BF0EEFE72E70022204611461CF098F8FA
S21402A4906CE70022204611461BF041FF66E71A468B
S21402A4A0002120461CF02EF860E71A4600212046BE
S21402A4B01CF047F85AE71A46002120461CF005F819
S21402A4C054E70022204611461CF06DF94EE7194665
S21402A4D020461CF0D1F949E70093002320461A468D
S21402A4E019461CF0D3F941E7194620461CF020FA1B
S21402A4F03CE7B0F80110B6E702338B710A46002338
S21402A500417820461BF0FFFD33E701330022204648
S21402A5108B711BF0A5FE2CE702338B714278002369
S21402A52020461CF04DF824E701338B7100232046A9
S21402A5301A461BF0F4FE1CE70133002220468B71FC
S21402A5401BF0C3FF15E70133002220468B711BF078
S21402A550D9FF0EE70133002220468B711BF0F1FF74
S21402A56007E702338B714278002320461CF01BF962
S21402A570FFE60021ACE705338B710023B0F8032019
S21402A580B0F8010000930B46014620461CF07EF907
S21402A590EFE60021A9E703338B710A46B0F80110F3
S21402A5A020461CF0E4F9E4E603338B710A46B0F861
S21402A5B0011020461CF0E4F9DBE60020DAE600BFD4
S21402A5C007B5837801916A46082104488DF8003061
S21402A5D01DF03AFF03B05DF804FB00BF3C330020D9
S21402A5E00022054BC3E90322C3E905221A70DA6189
S21402A5F04FF6FF725A84704794330020014B18605E
S21402A600704700BF9033002082780D4B13B55A6016
S21402A610B0F8032091B2102910D040F60344A142AC
S21402A6200CD041795B8C8DF80210ADF80420052120
S21402A6306A460448ADF800301DF006FF02B010BDB1
S21402A640943300203C33002073B5837901900C3399
S21402A650C418C35C132B0ED8042B10D9053B0E2B43
S21402A6600DD8DFE803F01E0C0C1E0C0C0C0C0C169E
S21402A6701A0C0C0C2300302B13D03E2B1BD0F8F7F1
S21402A680D1F8019B834202D001A81DF0AFFF02B0B1
S21402A69070BD2046FFF7B8FFF1E7E2780E4B5A602E
S21402A6A0EDE7204601A90AF00BFCE8E7204601A9DF
S21402A6B01CF05CFCE3E70025084E019B3BB12046FC
S21402A6C056F8043B01A901359847102DF5D101A88B
S21402A6D01DF08CFFD3E700BF9433002030D3040074
S21402A6E007B5FFF78BFC20B103B05DF804EBFFF76C
S21402A6F0ABBFFFF78FFC019018B1054B1B681BB16F
S21402A700984703B05DF804FB01A81DF06FFFF8E759
S21402A71090330020024610B1022804D0704703216D
S21402A72002481DF049BEFFF7DBBF00BF3C330020E6
S21402A730024B1A78024B53F8223018479433002003
S21402A74070D3040010B504460120FFF7F1FF034B57
S21402A75000201C70BDE81040FFF7EABF94330020CB
S21402A76010B50446062142F205001CF049F923689A
S21402A770C0F80330A388A0F807300648F8F774F844
S21402A7801CF06CF9407918B1BDE810401CF0A8BB6B
S21402A79010BD00BFCB25040010B5044606214FF6B7
S21402A7A028401CF02DF92368C0F80330A388A0F8CF
S21402A7B007300648F8F758F81CF050F9407918B1F7
S21402A7C0BDE810401CF08CBB10BD00BF752902000E
S21402A7D038B505460C4669B9022142F21B001CF048
S21402A7E00FF9B5F86E30A0F803300D48BDE83840D2
S21402A7F0F8F73AB8122142F21A001CF001F9214683
S21402A800B5F86E30053020F8023C04F1100351F81A
S21402A810042B994240F8042BF9D10248E6E700BF20
S21402A82057280400932804002DE9F043044685B017
S21402A83000200D46174699461EF09CF8064600284C
S21402A8405BD04FF0C8134FF000080093BDF83030CD
S21402A850ADF80430BDF83430ADF80630BDF8383007
S21402A860ADF80830BDF83C30ADF80A30BDF84030DF
S21402A870ADF80C30BDF84430ADF80E3047FA08F3A8
S21402A880DB0704D51022694630461DF08BFE08F120
S21402A8900108B8F1030FF1D132460C2142F28500CD
S21402A8A01CF0B9F8FF2D057118BF94F8765087731F
S21402A8B0C57080F8059094F8603083F00803C3F3FF
S21402A8C0C003837194F8523083F00803C3F3C003C5
S21402A8D0C371E36C8360B4F8503083810848F7F79D
S21402A8E0C3FF1CF0BBF8807820B11CF0B7F8807864
S21402A8F040F4805005B0BDE8F0831A20FAE700BFA6
S21402A900F529040008B5002142F20E001CF078F882
S21402A910BDE808400148F7F7A7BF00BFC5290400F5
S21402A92038B590F872300446032B154606D1FFF769
S21402A930E9FF0123002084F8723019E0C9B9012B1F
S21402A9402DD9032140F206401CF05AF8B4F86E30B6
S21402A9504571A0F803301348F7F786FF1CF07EF81F
S21402A9608378002BE5D01CF079F8807840F480508C
S21402A97038BDA3B102214FF604401CF041F8B4F8EA
S21402A9806E30A0F803300848F7F76EFF1CF066F842
S21402A9904379002BCDD01CF061F84079E6E702201F
S21402A9A0E6E700BFD92804000F290400F8B50746D9
S21402A9B00E4642F213000E2115461C461CF020F8E5
S21402A9C0B7F86E30A0F80560A0F80330BDF818306E
S21402A9D0A0F80750A0F80B30BDF81C30A0F80940CC
S21402A9E0A0F80D30BDF82030A0F80F300648F7F773
S21402A9F03BFF1CF033F8807820B11CF02FF88078EB
S21402AA0040F48050F8BD00BF51290400F8B507464F
S21402AA100D4642F219001C211C4616461BF0F0FF9A
S21402AA20B7F86E300F3020F80C3C2B6804F1100299
S21402AA3040F80A3C6B6820F8026C40F8063C234655
S21402AA4053F8041B934240F8041BF9D10648F7F763
S21402AA500BFF1CF003F8807820B11BF0FFFF807814
S21402AA6040F48050F8BD00BF0128040070B50646C9
S21402AA700D4642F27A00042114461BF0C1FFA0F8EC
S21402AA800360457184710648F7F7EEFE1BF0E6FF99
S21402AA90407918B1BDE870401CF034BA70BD00BFF2
S21402AAA01F2F040010B50446022142F230001BF0AC
S21402AAB0A7FFB4F86E30A0F803300F48F7F7D4FEBD
S21402AAC01BF0CCFF437963B91BF0C8FFC088FDF7C3
S21402AAD08BFA044628B11BF0C1FF017A2046FDF727
S21402AAE08FFB1BF0BBFF407920B11BF0B7FF40790C
S21402AAF040F4805010BD00BF252C020038B5FDF78B
S21402AB00DDFB0446FDF73CFC05460648FDF7EAF980
S21402AB100023037143712368C0F80630A3880573C7
S21402AB20438138BD2009020538B54B7905465B07D7
S21402AB300C460CD414212046054A1CF01DFA204669
S21402AB40217919F0FBFB10B9A3791C44257438BD92
S21402AB50A8D30400837810B5132B0C4608D1054BF6
S21402AB601B6803B198472046BDE810401DF03EBD65
S21402AB7010BD00BFB833002010B50021044600788F
S21402AB801CF0CAF948B1617820781EF0F1F9044643
S21402AB900348FDF7A7F9848010BD0224F8E700BF3A
S21402ABA02002560110B5417800781EF039FA0446A4
S21402ABB00248FDF797F9848010BD00BF20025602B6
S21402ABC00020024B1870024B187070473D3B002065
S21402ABD03C3B002010B5B0F80110B0F8032000236B
S21402ABE0007809F00BFF04460248FDF77BF98480E3
S21402ABF010BD00BF2002050610B54178007809F0A6
S21402AC00A9FF044618B9044B1A78044B1A70044874
S21402AC10FDF768F9848010BD3D3B00203C3B0020D8
S21402AC20200205032DE9F04183780D460D2B90B0E6
S21402AC304FD109AC2646821C00F11A03274610683B
S21402AC405168083203C79A423C46F7D113881C2142
S21402AC503B8028461DF0CAFDBDF826402F6814F03A
S21402AC600C043ED138461DF046FDA0F10208A04570
S21402AC700DDA4FF0FF3400239C428DF81C301EDBA9
S21402AC8001223946A31C07A81DF09FFC17E0631C8F
S21402AC900122394605A81DF098FC9DF81430012BB8
S21402ACA0E9D023460122394607A81DF08EFC9DF8FE
S21402ACB01C3013B101331C44D9E78DF81C3009F05F
S21402ACC0B5FE012808D0022837D050B928461DF014
S21402ACD08DFC10B0BDE8F0819DF81C3013F0010F1A
S21402ACE0F4D09DF82F0000F08FFD04469DF830004A
S21402ACF000F08AFD0DF11C089DF828200DF12901AF
S21402AD00074605A8FDF722FB40469DF836200DF1C2
S21402AD103701FDF71BFB0D4B1B78DB0712D405A88A
S21402AD2019F03DFACDE901053A4621463046CDF8FE
S21402AD30008005AB00F00CF8C8E79DF81C3013F055
S21402AD40030FCDE74FF0FF30ECE700BF3C3B00209F
S21402AD502DE9F74FB0F802C006461CF0100F1C464D
S21402AD600C9F9DF934A0DDF838B033D05FFA8CF52D
S21402AD701CF0080F184614BF05F0080505F00F056D
S21402AD801EF071FA814638461EF06DFA96F90F30BB
S21402AD9080465A46042113480193767819F062FBDE
S21402ADA0019BA0B105712268C0F80520A28880F830
S21402ADB00B90A0F8092080F80CA0437386733B68BA
S21402ADC0C0F80F30BB8880F81580A0F8133003B0A7
S21402ADD0BDE8F08FCDE90DAB0C9703B0BDE8F04FA0
S21402ADE01CF0AFB8E4D3040000220068044B00F065
S21402ADF00101C0F340001A805A80FEF73DBB00BF37
S21402AE00343A002010461946F8B522F0004340F2C4
S21402AE100A4293420ED8B3F5806F59D96FF4806216
S21402AE201344092B54D8DFE803F00D101F3050509E
S21402AE305050530D40F20152934234D0A3F20253C3
S21402AE40032B45D8FCF7D4FE0CE00D784C688A69D3
S21402AE5001F108031F48002119F0DFFA10B105714D
S21402AE60C0F805400120F8BD0E784D880C798A6935
S21402AE7001F108031848002119F0CFFA0028F1D092
S21402AE800671A0F80550C471ECE70D784C884A6943
S21402AE900B1D1248002119F0C0FA0028E2D00571F5
S21402AEA0A0F80540DEE70F784E880D79CC8801F1D0
S21402AEB008020B48002119F0D5FA0028D2D00771F3
S21402AEC0A0F80560C5710481CCE7FCF7E5FDC9E78B
S21402AED00020C8E710D404000CD4040008D40400F0
S21402AEE004D404000048704705AE020010B5104BAB
S21402AEF01B681C7FD4B1102C28BF10241DF0BBFA8F
S21402AF00621C81B200230720D2B209F015F804466B
S21402AF1050B9084908481DF05BFA084808491DF070
S21402AF2057FA084809F016FA204610BD0424E5E749
S21402AF30E8330020EC3F0020C0330020BC33002062
S21402AF40FC3F0020E43F002030B5124B0D469942EC
S21402AF50144689B01BD1930011D505A906A808F09E
S21402AF60D1FF072300220393059BE1B20293069BBF
S21402AF702846CDE9003241F000511DF0FEF90648A0
S21402AF8019F03AFA00B10471012009B030BD002070
S21402AF90FBE700BFBC3300204CD4040022F0004282
S21402AFA0B2F1A04F08B504D1034819F025FA0120E2
S21402AFB008BD0020FCE700BF50D4040000200A4B66
S21402AFC010B51871FDF73EF804463CB909F008FEC4
S21402AFD0BDE81040054906481DF01EBA20461EF080
S21402AFE0F5F86468F1E700BF383A00200C4000200C
S21402AFF03C33002070B50020FDF724F801260446F5
S21402B000074D04B970BD94F8723033B12E711BF03F
S21402B0109FFF132120461EF0D5F86468F1E700BFB3
S21402B020383A002038B50023094C2360A380036811
S21402B030236020781EF0C2F8054630B90548064956
S21402B0401DF0C6F9608809F0E1FD284638BD00BF4C
S21402B050383A00203C3300200C40002022F0004208
S21402B060B2F5887F2DE9F0471C4600F0E2800ED844
S21402B07040F203139A423CD040F209139A4200F07F
S21402B080C2800E2A00F0B3800020BDE8F08740F2AE
S21402B09007239A4247D0B2F5037F56D040F20623E2
S21402B0A09A42F1D120684C30FDF76AF925680746C6
S21402B0B0644895F8736095F870A095F9759095F8C0
S21402B0C07680A48819F098F90028DDD0EB6C4360EE
S21402B0D0B5F8503087720381731E5E425E41C672B7
S21402B0E080F80CA080F80D9080F80E80A0F80F4033
S21402B0F0CAE72078FCF786FF0028C5D0524894F8A5
S21402B10000806788A688E588247A19F075F90028F1
S21402B110BAD080F80480A0F80570A0F80760A0F8FE
S21402B1200950C472B0E72078FCF76CFF0028ABD059
S21402B13060782578FFF78EF80446444819F05CF9E3
S21402B1400028A1D0057144719EE7A578012D1ED076
S21402B150022D2DD0CDB9E37894F80080023BDBB205
S21402B160022B8CBF01253A4A94F90470667998BF7F
S21402B170D55C94F90640374819F03EF928B180F8B4
S21402B180048045718771C671047201207DE7E378F9
S21402B19094F80080023BDBB2022B98BF2C4A94F94B
S21402B1A00470667998BFD55C94F906402A48E3E7AE
S21402B1B0E3782A48023BDBB2022B94BF244A0125DD
S21402B1C094F80180277898BFD55C94F90490667944
S21402B1D094F9064019F010F90028D6D0A0F8048099
S21402B1E08771C57180F8089046728472CDE723464F
S21402B1F00822002113F8014B194819F00EF900280D
S21402B200C3D00471C1E7174894F800806788A688FF
S21402B210E588248919F0F0F80028B6D080F8048072
S21402B220A0F80570A0F80760A0F80950A0F80B4037
S21402B230ABE70D481C7819F0DFF800283FF424AF7E
S21402B240047121E798D4040094D404008CD404003A
S21402B25054D4040084D4040080D4040088D40400A7
S21402B2607CD4040078D4040090D4040030B587B0AF
S21402B27082790146054604A81DF0E2FF00239DF8E8
S21402B2801620039312F0180408D1212503950F48BF
S21402B290FCF728FE8580847107B030BD04A8FCF751
S21402B2A0BFFE024668B903ABCDE9000304A9084B0A
S21402B2B0E87909F0CFFC024618B90446BDF80C50EE
S21402B2C0E5E7BDF80C5092F87040E0E7200306046C
S21402B2D08DB5020010B50078FCF794FE40B113213C
S21402B2E01DF070FF04460348FCF7FCFD848010BD89
S21402B2F02524F8E72002060570B5144606460D46D4
S21402B300204614210A4A1BF037FE2046217919F0FE
S21402B31015F858B9A3790C331C44064BA6711B7951
S21402B320A5801BB1BDE870401BF013BE70BD00BF08
S21402B33074D40400383A002010B500780AF0C2F837
S21402B340044618B9024903481DF042F8204610BDCB
S21402B3501C400020D83900206FF4E06122F0004241
S21402B3600A442DE9F047052A00F28280DFE802F05F
S21402B37003153556676F5A88272A79D03D481F78B5
S21402B3801E79DD881C8919F037F818B107714671E5
S21402B390C58004810120BDE8F0875C88272C67D031
S21402B3A0354893F800A0B3F80490B3F808805F8994
S21402B3B09E89DD8819F020F80028EBD080F804A0DA
S21402B3C0A0F80540A0F80790A0F80980A0F80B7036
S21402B3D0A0F80D60A0F80F50DCE75A88272A47D05D
S21402B3E0264893F800A0B3F80490B3F808805F8963
S21402B3F09E89DD89DC8818F0FFFF0028CAD080F815
S21402B40004A0A0F80590A0F80780A0F80970A0F89C
S21402B4100B60A0F80D50A0F80F40BBE75A88272A09
S21402B42026D01E789D889C68154818F0E5FF0028EF
S21402B430B0D00671A0F80550A0F80740AAE75A88CF
S21402B440272A15D01E789D88DC880E48EDE75A8894
S21402B450272A0DD000210C4803F108021D789C888B
S21402B46019F000F8002895D00571A0F8054091E77C
S21402B470002090E7B8D40400CCD40400C8D404005A
S21402B480BCD40400C0D40400C4D40400002330B5E5
S21402B490044685B00078ADF80E30FCF7B3FDB8B1BF
S21402B4A00DF10E030193B4F807300093B4F805309B
S21402B4B0B4F80320B4F801101DF0BCFF044605489A
S21402B4C0BDF80E50FCF70EFD8480C58005B030BD79
S21402B4D02524F4E72004430110B504460078FCF75F
S21402B4E091FD58B1B4F80320B4F801101EF00DF81F
S21402B4F004460348FCF7F6FC848010BD2524F8E7D2
S21402B5002002430410B504460078FCF77BFD48B1E0
S21402B510B4F801101DF07AFF04460348FCF7E2FC7B
S21402B520848010BD2524F8E72002430510B50446A2
S21402B5300078FCF767FD58B1E278B4F80110231DD5
S21402B5401EF028F804460348FCF7CCFC848010BDA5
S21402B5502524F8E720024303024B00201A68024B18
S21402B5605A607047E03300202C40002010B500F0EF
S21402B5709FFA044630B9044818F05CFE044608B93F
S21402B58000F09CFB204610BD2C4000207FB51C46D8
S21402B59040F20A6322F000429A4206D8B2F5C06F21
S21402B5A006D8032A20D00D2A4AD0002004B070BD47
S21402B5B06FF4C0631A44092AF7D801A353F822F09D
S21402B5C0ABB6020059B602007DB602008DB6020086
S21402B5D0A3B60200ABB50200C3B60200D9B602009B
S21402B5E0F9B6020045B70200002402A8EEF7CCFC2A
S21402B5F001A8BDF80850019412F072FD00B1019442
S21402B6005248019C18F0F8FE0028CED00023437161
S21402B6108371C371037243726FF0010383724FF03A
S21402B620FF33C3721C2383744A23C3746FF045032B
S21402B6300922037579230271C46005824375B4E753
S21402B64023460422002153F8044B414818F0E5FE35
S21402B6500028AAD08480A8E72078FCF7D3FC00282C
S21402B660A3D03C48267894F90150A47818F0C4FE7A
S21402B67000289AD006714571847196E72478364878
S21402B68018F0BAFE002890D004718EE72578334869
S21402B690646818F0B1FE002887D00571C0F805402E
S21402B6A083E725782E486468F3E72E482578646891
S21402B6B018F0A2FE00283FF478AF0571A0F8054006
S21402B6C073E729482578646818F096FE00283FF448
S21402B6D06CAF0571447168E7637824480D2B96BFFA
S21402B6E0234A0125D55C247818F086FE00283FF40C
S21402B6F05CAF0471457158E7637800210D2B98BF43
S21402B7001B4A1C4898BFD55C6368A27888BF01258F
S21402B710267818F082FE08B1067145716378012B0F
S21402B7203FF643AF8DF8083001220021114802ABE4
S21402B730247818F072FE00283FF437AF0123047114
S21402B740437132E724780C489AE700BF0CD5040010
S21402B75008D50400F4D40400FCD4040000D5040088
S21402B760F8D40400F0D40400ECD40400E8D40400B6
S21402B770D0D40400E4D40400E0D40400142200214F
S21402B78001481CF096BB00BFC433002070B50546C6
S21402B79020F09DF91A4C064663795B070ED41421F5
S21402B7A02046184A1BF0E8FB2046217918F0C6FD11
S21402B7B020B13046BDE8704020F07BB9A3790C3347
S21402B7C023442DB91A79FF2AF3D001321A71F0E711
S21402B7D0012D05D15A79FF2AEBD001325A71E8E7DA
S21402B7E0022D05D19A79FF2AE3D001329A71E0E759
S21402B7F0032DDED1DA79FF2A1CBF0132DA71D8E7CF
S21402B800C433002004D50400042828BF0020014BBE
S21402B810185C704710D5040038B5054606480C4635
S21402B820FCF7E0FA38B9054B1B681D715C71BDE880
S21402B830384018F034BD38BD1CD50400F032002064
S21402B84038B5054606480C46FCF7CCFA38B9054B1F
S21402B8501B681D715C71BDE8384018F020BD38BD0C
S21402B86014D50400F03200202DE9F7436F4687E82E
S21402B8700300124816461D46DDF82880FCF7B2FA89
S21402B8800446B0B9DFF838900098D9F80010BB88A3
S21402B89048600B818E72CD72FCF7FAFA0446B8F154
S21402B8A0000F04D0D9F800309B7988F80030FCF7F6
S21402B8B003FB204603B0BDE8F08300BF2CD504008E
S21402B8C0F032002010B504460548FCF78BFA30B972
S21402B8D0044B1B681C71BDE8104018F0E0BC10BD9C
S21402B8E024D50400F032002070B505460B480E46FB
S21402B8F0FCF778FA044678B9FCF7CAFA084B04460D
S21402B9001B6825B1D3F806202A605A89AA800EB190
S21402B9101B7B3370FCF7D0FA204670BD34D504008A
S21402B920F03200202DE9F0470746144889461646AD
S21402B9301D46DDF82480FCF755FA0446D8B9DFF830
S21402B94040A0BDF82030DAF800402771A4F8059030
S21402B950A4F80760A4F80950A4F80B30FCF798FA8C
S21402B9600446B8F1000F04D0DAF80030DB88A8F8F5
S21402B9700030FCF7A1FA2046BDE8F08754D5040053
S21402B980F032002038B505460C4607480121FCF780
S21402B99039FA40B9054B1B681D71A3F80540BDE88E
S21402B9A0384018F07CBC38BD4CD50400F03200207C
S21402B9B070B5064608480D461446FCF713FA50B909
S21402B9C0064B1B681E71A3F80550A3F80740BDE896
S21402B9D0704018F064BC70BD44D50400F0320020FC
S21402B9E038B5054607480C46FCF7FCF940B9064B45
S21402B9F01B681D71A3F80540BDE8384018F04FBC1F
S21402BA0038BD00BF3CD50400F032002070B50646B3
S21402BA1008480D461446FCF7E5F950B9064B1B6874
S21402BA201E71A3F80550A3F80740BDE8704018F051
S21402BA3036BC70BD64D50400F032002038B5054629
S21402BA4006480C46FCF7CEF938B9054B1B681D7143
S21402BA505C71BDE8384018F022BC38BD5CD50400E5
S21402BA60F032002070B50E4615460446A8B10DF019
S21402BA7061FB98B90A4B1C600A4B1E600A4B1D609C
S21402BA8012F006FB08F08CFCFCF774F90748FCF78A
S21402BA907DF9BDE87040FFF75FBD212070BD00BF95
S21402BAA0E8330020E4330020E0330020AD430300F7
S21402BAB02DE9F041764D88B008F046FC0E20754917
S21402BAC008F094FA2B6851215A685423B2FBF3F219
S21402BAD0002392B2184608F02FFA0446002840F0D7
S21402BAE0C18008F0C9FA0A206B4A6C4908F04CF982
S21402BAF006460446002840F0B58007F0A3FF12F081
S21402BB0004FB8DF80E608DF8076002AE31460DF12B
S21402BB100700F3F7CBF8002840F0998030461BF078
S21402BB2073F8002800F09380302800F090809DF88B
S21402BB300730012B17D172238DF80E30EEF78AFAF2
S21402BB40CDE90601030C8DF81230BDF81D30ADF8B4
S21402BB501000ADF813309DF81F308DF815304923CC
S21402BB608DF816300AE049238DF80E3096E8030069
S21402BB70ADF81410090C04908DF816109DF80E30CE
S21402BB8013F0280F07D1DDE90401ADF80C10090CFB
S21402BB9002908DF80E102B68186900285DD12B686C
S21402BBA05A690AB93E4A12683E490A609A690AB94F
S21402BBB03D4A12683D490A6093F82220D20755D4BE
S21402BBC012F033F904A90246074628681BF033FA36
S21402BBD00446002846D101F0D5F812F043FA04468E
S21402BBE000283FD10120FEF747FB314B18681DF0B5
S21402BBF024F80446B0BB1DF0E3FA044608F05AFDEA
S21402BC0080461DF040F841460246204617F0C4F929
S21402BC10044638BB2B681B689B0511D4B7F5FA7F20
S21402BC200ED91FF03AFF0121054608461EF07CFC9D
S21402BC300121204A084612F0E5F828461FF020FFA8
S21402BC403046FCF74BFB1C4808F098F80AE09DF8D3
S21402BC500E3019077FF572AF88E71AF092F804469D
S21402BC6000289CD0204608B0BDE8F08193F8232037
S21402BC7000234FF0FF3006A9CDE906338DF81A20CF
S21402BC801BF01DFBC0B200289AD040F20C44E9E734
S21402BC90E8330020AD430300C56F040001B0040082
S21402BCA044D00400DC33002048D00400D8330020FF
S21402BCB0E43300206CD5040059BD020000220321A3
S21402BCC001481CF079BB00BF3C3300202DE9F0414F
S21402BCD0114818F0DDFAE8B91FF092F905460E464B
S21402BCE00D4F07F10C08284631461AF040FF07F0C0
S21402BCF0E5FE0446384618F0C7FA10B940461CF06E
S21402BD0075FCFCF7E1F808B9002CECD1BDE8F0416F
S21402BD101BF020B9BDE8F0812C40002008B5054B89
S21402BD201B782BB91BF06BF9B0FA80F0400908BDFE
S21402BD300020FCE73E3B0020012310B5044C237094
S21402BD40044B1B6803B198470023237010BD00BF45
S21402BD503E3B0020D833002050EA010337B50446A4
S21402BD600D4604D103B0BDE83040FFF7E5BFB1F1A0
S21402BD70FF3F08BFB0F1FF3F13D01FF041F9221872
S21402BD8045EB010308490948C1E9002300239D4207
S21402BD900CBF21464FF0FF31CDE90033044A1FF0B5
S21402BDA091FF03B030BD00BF780B0020CC340020DA
S21402BDB0B5BD0200D3B51FF08AFE04461FF020F977
S21402BDC00B46104AD2E90067B04273EB070107D36D
S21402BDD0FFF7B2FF204602B0BDE8D0401FF069BEB2
S21402BDE0D2E900670022311A67EB03039342CDE9DA
S21402BDF00022134618BF4FF0FF31034A03481FF0D4
S21402BE0061FFE7E7780B0020B5BD0200CC340020C6
S21402BE100023044A52E8000F42E800310029F9D113
S21402BE20F6F794BFEC340020054A52E8003F03437D
S21402BE3042E800310029F8D1024B1B68184700BFC0
S21402BE40EC340020DC33002037B51C68E10705D54A
S21402BE501AF080FE164917481CF0BAFAA20723D534
S21402BE60FEF7E2F8D0B9144D01901FF030FE0446FA
S21402BE7028461CF0D9FB019020461FF01AFE0198B6
S21402BE8090B143799B070CD401A802211CF0AEFCAA
S21402BE900198FEF7B9F81BF02FF8E6E71BF02CF82E
S21402BEA0DEE7FEF7A5F8F6E7002003B030BD00BFD8
S21402BEB0404000203C330020F034002008B50548FE
S21402BEC007F0CCFD044B01211870BDE8084007F0CE
S21402BED0D5BD00BF504000203F3B002038B5044689
S21402BEE048B11FF0F4FD0546214608481CF065FCE3
S21402BEF028461FF0DEFD064B022193F9000007F0EC
S21402BF00BDFDBDE83840FFF717BF00BFF034002084
S21402BF103F3B00202DE9F0410A4B0B4F04460E46EC
S21402BF20386819681546EAF703FA40B933462A46CE
S21402BF30386844F48021BDE8F041EAF727BBBDE843
S21402BF40F08100BFA43F0020843F00202DE9F0418D
S21402BF500A4B0B4F04460E46386819681546EAF730
S21402BF60E7F940B933462A46386844F48021BDE8EA
S21402BF70F041EAF76FBBBDE8F08100BFA43F0020A6
S21402BF80843F002038B5084D084B044619682868D7
S21402BF90EAF7CEF930B9286844F48021BDE8384083
S21402BFA0EAF718BD38BD00BF843F0020A43F00203A
S21402BFB02DE9F043134B0E461968134B05468DB018
S21402BFC018681746EAF7B4F980B933460A222846B3
S21402BFD0009702A90FF065FA4FF0000804460DF12B
S21402BFE00809444505D1002CEFD120460DB0BDE826
S21402BFF0F083284659F8041BEAF7ECFC08F101081E
S21402C000EFE700BFA43F0020843F0020F8B50B4BAB
S21402C0100B4F06460C4638681968EAF789F9054652
S21402C02048B9E24316FA82F2386842F4802246F4AD
S21402C0308021FFF7BDFF2846F8BD00BFA43F0020C1
S21402C040843F00201046044A1368591E033102D862
S21402C050002111601847704760400020034B1868A3
S21402C060034B002808BF1846704700BFF434002070
S21402C070A0D5040008B504481BF0E5F980F00100DD
S21402C080C0B2400008BD00BFFC34002013B50B4C04
S21402C0900229226005D10A481BF0D5F9002002B019
S21402C0A010BD0A4600930146064B05481BF0ADF943
S21402C0B0003818BF01204000F1E700BF60400020B2
S21402C0C0FC34002045C0020001481BF0CFB900BF77
S21402C0D0FC340020002101481BF0EAB9FC340020A1
S21402C0E008B5064B1B68013305D0FFF7EDFF80F05D
S21402C0F00100C0B208BD0020FCE700BF604000207F
S21402C100F0B50D4604468BB018B9002420460BB095
S21402C110F0BD1A4E3768002FF7D12022394602A802
S21402C1201BF0C7FE236801A80193154B1B88ADF8C8
S21402C1301430144B1B68079300F0BEF80446002820
S21402C140E3D0306000F0DEF8204639461BF0D1F826
S21402C15020461BF012F838B10020306000F0D2F80A
S21402C16020461BF005F8D0E7204600F051FA0028DA
S21402C170F2D1002DCAD02046A847C7E7F8340020DF
S21402C180D4D50400D8D50400024B1868003818BF6E
S21402C19001207047F834002038B50C4601F046FFFF
S21402C1A0A3780B4A13705A1E55425541A8420CD02A
S21402C1B0012B04D02846BDE8384001F019BF2046BE
S21402C1C001F0E8FE0028F5D038BD0020FCE700BFED
S21402C1D0403B0020002108B5024B08465B689847A2
S21402C1E0002008BD7440002010B5FFF737FF0D4B46
S21402C1F00C461A1A534253418B4201D1002010BDFD
S21402C200094B1B683BB9094A064B002C08BF13466C
S21402C210074A1360F2E71BF054FA0028F3D0022014
S21402C220EDE700BF78D50400F8340020A0D504005E
S21402C230F4340020431E033306D8044B984228BF2A
S21402C2401846642838BF6420704700BF40420F007B
S21402C25038B505460C4641B10B6833B11B6801334D
S21402C26003D0CB680BB18B684BB91BF021FC0020C6
S21402C2704FF4B672412100F0FFF9212038BD08467E
S21402C28002F098FE00230A4A85F83031C5E93743A2
S21402C290C2E9003363694BB1064A422110684FF483
S21402C2A0C572C31A5842584100F0E6F90020E5E785
S21402C2B0C03E0020A8370020F8B504461FF0EDFB6C
S21402C2C0002607460E4B1B6893B19E68AEB196F8E1
S21402C2D02420D20711D435460FCC0FC50FCC0FC57C
S21402C2E023682B6096F8243043F0010386F8243046
S21402C2F038461FF0C5FB3046F8BD1B68E4E700BFB2
S21402C3006840002010B5044618B9054B054A13606C
S21402C31010BD00F053FED4F8E830002BF6D1F4E757
S21402C320597104006440002008B502460868FFF709
S21402C33081FF08604868FFF77DFF48608868FFF75E
S21402C34079FF8860C868FFF775FF0B69C860581CDC
S21402C35003D00B48834228BF03460B614B69581C27
S21402C36003D00748834228BF034688694B61FFF71C
S21402C37061FFBDE808408861104601F08BBD00BF32
S21402C38040420F00D0F8E0302DE9F04105460C4659
S21402C39013B1838D8B424CD0D5F8DC30002B4BD0BA
S21402C3A09E68002E48D0D868002845D0013800B2D2
S21402C3B000281ADB002106E0128A591CA24217D274
S21402C3C009B2884211DB0B1803EBD3735B1003EB45
S21402C3D0C30206EB8202B2F80EC003F1FF3EA4458A
S21402C3E0EAD90FFA8EF08842EDDA2120BDE8F08114
S21402C3F04FF6FF7299B29142F7D09BB203EBC3039A
S21402C40006EB83062846B6F9122095F82411D5F8CD
S21402C410F080EDF769FE0746B8F1000F04D000235E
S21402C420324628461946C047AC85C5F8E06085F80E
S21402C4302D710020BDE8F0810E20BDE8F08100BF1E
S21402C4402DE9F04782B004460F46164601F042FF39
S21402C45000285ED1454D2B68D4F8DCA0D4F8E080E5
S21402C4600BB1534562D04FF00009AF6001F086FF72
S21402C4700128074651D12B68DAF80010D8F80020B8
S21402C48013B1186888425CD020461BF010FAC5E942
S21402C49000A8D4F8F0508DF80760002D58D000227E
S21402C4A0204611460DF10703A847204601F04CF935
S21402C4B00546B9F1000F0FD076B9D4F888300BBB19
S21402C4C0012F05D025B12A4B002103205B6898472F
S21402C4D0284602B0BDE8F087B5FA85F040F21F4262
S21402C4E03321400900F0C8F83146204601F044FBEB
S21402C4F0204B05461B68414620469847D4F88830AC
S21402C500002BDDD000224FF40073204600F066FDBB
S21402C510D6E70023154D6B609DE70021012000F051
S21402C5209DFD01F02BFF0128FBD1A4E76B68002BD1
S21402C53099D0434597D1AB689F4215D04FF0010979
S21402C54093E7696811B109689142A0D059689BE7E0
S21402C55094F8281094F82D313246994228BF19468D
S21402C560204601F071F8A0E70025B1E7C03E0020A2
S21402C5707440002064400020F8B50E4605461FF0C1
S21402C5808CFA314607462846FFF7FCFE044620B1E1
S21402C59038461FF075FA2046F8BD01F07DFE2246A9
S21402C5A031462846FFF74CFF044638461FF068FA25
S21402C5B02046F8BD70B504460E461FF06EFA3146A8
S21402C5C005462046FFF7D8FF044620B9044B01462D
S21402C5D05B680320984728461FF052FA204670BD33
S21402C5E07440002013B5044669461AF0B1FE204690
S21402C5F01BF08FF8FF28024606D020469DF8001052
S21402C600EDF784FE02B010BD0048FBE70080FFFF96
S21402C6104FF4007307B50A490DF10602ADF806306D
S21402C6201AF0C1FEBDF80630B3F5007F05D1022828
S21402C63008BF002003B05DF804FB2120FAE700BF24
S21402C64014350020024B1860024B1960FEE700BF4B
S21402C650143700206C40002038B5044D044C054BBE
S21402C660286021601A60FFF7EDFF38BD14370020FE
S21402C6706C4000201837002010B550B90548064B0C
S21402C6800160064802601868054B18601868FFF7D4
S21402C690E3FF10BD6C400020F8340020183700205D
S21402C6A014370020054B1B680BB9184670478342A7
S21402C6B001D01B69F8E70120704700BF2037002031
S21402C6C0094A13680BB918467047834207D11B699B
S21402C6D001201360054A1368013B1360704703F19B
S21402C6E010021B69EEE700BF203700201C3700202F
S21402C6F02DE9F74F06461FF0EAF9DFF828810123F5
S21402C70098F800B0DFF820910190BBF1000F06D038
S21402C71089F8003003B0BDE8F04F1FF0CAB93F4FAA
S21402C72088F8003089F800B01AF010FF08B11AF045
S21402C7300BFF3D683A495DB9DFF8F0A0DAF8002051
S21402C7400024AA423B682FD84FF0FF3134483BE022
S21402C7506B7D8BB12B68B34202D09A1B8A420BD9EF
S21402C7606A6813442B60AB68003A18BF0122003B8C
S21402C77018BF01236A75AB752D69DCE7907D20B181
S21402C780107D88429CBF014614461269002AF5D1E4
S21402C790002CD9D0D4E90001A275411AD4E902329C
S21402C7A0204698470135C9E71A46FF21EEE75A7D2B
S21402C7B04AB11A68B24224D0921B824221D89142D0
S21402C7C001D311461C461B69002BF0D15CB12046F2
S21402C7D0FFF776FF38B13B683C602361DAF8003039
S21402C7E00133CAF800303B685A7D6AB91AF0AAFECD
S21402C7F0064699F80030002B94D1019888F800304C
S21402C80088E71C460021DEE7186800F0D3F80446E5
S21402C8101AF098FE0646002C84D1EAE7203700205C
S21402C820FCFFFFBF423B0020413B00201C3700209C
S21402C83038B5054608B3182200211BF03AFB1FF054
S21402C84046F902462846FFF72DFF20B110461FF094
S21402C85030F9022038BD0A4B1C6854B909491D60DC
S21402C8600B68104601332C610B601FF022F920463C
S21402C870F0E704F110032469EFE72120EAE700BF9E
S21402C880203700201C37002038B50446FFF70AFF81
S21402C8901FF01DF905462046FFF704FF637D23B906
S21402C8A028461FF006F90E2038BD00236375064B96
S21402C8B01B68A34203D11AF045FEFFF719FF28466C
S21402C8C01FF0F7F80020EFE7203700202DE9F84F99
S21402C8D0DDF82890984604460D469246FFF7E2FE9B
S21402C8E0DDF830B01FF0F3F807461AF02BFE0646C6
S21402C8F02046FFF7D7FE637D23B12046FFF7C4FF2D
S21402C9000023A375BAF1010F23D175B9B8F1000F50
S21402C91021D1B9F1000F03D05A4631462046C84706
S21402C92038461FF0C6F8002019E035440D4BAA1B06
S21402C9309A4210D8012363759DF82C303046C4E91C
S21402C9400058C4F808902375C4F80CB0FFF7D0FE60
S21402C950E6E7AE42EAD138461FF0ABF82120BDE842
S21402C960F88F00BFFCFFFFBF2DE9F041074688465F
S21402C970FFF798FE1FF0ABF83D6806461AF0E2FD98
S21402C9807B7D7BB185420DD0094B2C1A9C4209D87F
S21402C99030461FF08EF8B8F1010F08BF254628462C
S21402C9A0BDE8F08130461FF084F80025F7E700BFA7
S21402C9B0FCFFFFBF0023024A194600F01FBD00BF5E
S21402C9C00F7504000C232DE9F74F06460F46144652
S21402C9D000254FF00609DFF854801370EBB209FB0E
S21402C9E003F3D8F80010CA185079012804D923781E
S21402C9F00C2B14D1212013E031F903B01179B2F9CE
S21402CA0002A03046002201911AF065FD58B1019944
S21402CA102170B7F900305B4505DB534503DC002087
S21402CA2003B0BDE8F08F0135D8E700BF70400020A4
S21402CA3001491AF08DBD00BFC1E5020001491AF096
S21402CA4087BD00BF95E5020070B5164E0328044662
S21402CA500D4633781ED023FA04F202F00102AA42EF
S21402CA601DD053B10122A240A54023EA02032B4364
S21402CA70DBB233704BB1012070BD2DB10A4B0120E1
S21402CA801B6898473378EDE73570074B00201B6824
S21402CA909847F0E79A07DED003F0FC03E9E70020A8
S21402CAA070BD00BF443B002060370020F8B5054645
S21402CAB00C461EF0F2FF104F06463B7833B1012DAE
S21402CAC004D01CB90D481EF0DBF93C7021462846FE
S21402CAD0FFF7BAFF0A4B04461B783BB93B782BB9E3
S21402CAE01AF016FF10B1074B1B68984730461EF027
S21402CAF0C7FF2046F8BD00BF453B00203437002064
S21402CB00443B002074400020054A0B46117831B1A0
S21402CB1000211170034A01215268187810477047A5
S21402CB20453B00207440002038B5074D04462B785C
S21402CB30834207D001F00CFC20462C70BDE838403A
S21402CB40F1F762BD38BD00BF433B002038B504464E
S21402CB5080B11EF0A2FF0121044608461DF0E4FC47
S21402CB6001210B4A084611F04DF92046BDE838402F
S21402CB701EF086BF1EF091FF0546214601201DF0DD
S21402CB80D3FC01202146024A11F03CF92846EDE783
S21402CB90EED504001B4B022910B5187002D00329EB
S21402CBA004D010BD184B1B78002BFAD1FFF7ECFA15
S21402CBB00028F6D04FF00052144BC3F88020BFF383
S21402CBC04F8FBFF36F8F01F09BFB0028E9D001F077
S21402CBD0F1F90028E5D10E4B1C6834B1236898475A
S21402CBE0BDE81040002001F0A7BB1AF00AFC094B72
S21402CBF018601FF0E8F8084B1860204601F088FB22
S21402CC00EEE700BF6B410020433B002000E100E05E
S21402CC10843700205C3700205837002038B5044699
S21402CC200D46FFF7B1FA80B14FF00052124B1A6070
S21402CC3001F066FB48B9012D07D8012001F07CFB04
S21402CC400E4B1B6823B15B6898470D4B1C7038BDB2
S21402CC501FF0B9F80B4B1A68801A18601EF046FAD5
S21402CC604FF47A72084B1B6802FB00301AF0CBFBBB
S21402CC70012001F04DFBE8E700E100E084370020E8
S21402CC806B410020583700205C370020F0B585B095
S21402CC901EF003FF344D04462B7823B133481EF0B2
S21402CCA0EFF8002852D11EF0E1F902AA03A91AF001
S21402CCB019FE0346002838D01AF028FE029B984236
S21402CCC01CD100202A4B03991B682A4E99423070C9
S21402CCD020D90027C91A012324482B70264A334636
S21402CCE0CDE900771EF0BBFF002837D1234A137820
S21402CCF0D90701D53178F9B1204611E01AF004FEC1
S21402CD00029B984228D0002318461949194A0968F6
S21402CD10137003910121FFF797FE002320462B7024
S21402CD201EF0AEFE002005B0F0BD20462B701EF0B1
S21402CD30A7FE212005B0F0BD03F0FE031370002B02
S21402CD40DAD10F4B1B6898472046E9E720461EF0CB
S21402CD5097FE0E2005B0F0BD0220B3E7032320465F
S21402CD602F703370F3E700BF453B002034370020B6
S21402CD70543700206A41002009CB0200443B0020C1
S21402CD806037002070B51EF088FE184D04462B78DA
S21402CD9023BB174A17491370174B184A18481A60CC
S21402CDA0184A194E5A60F1F7ADFB18491848F1F7C0
S21402CDB0A9FB184B80203360EAF752FD052804BF12
S21402CDC0154B3360154B5B6F03F44073B3F5007F6E
S21402CDD002BF0222124B1A6001232B70F1F770FE7B
S21402CDE020461EF04DFE002070BD00BF463B0020D0
S21402CDF0453B0020F4D50400744000208DCC020090
S21402CE0024370020ADCA020060370020FCD504009B
S21402CE102C37002029CB02004DCB020000400050E8
S21402CE205437002037B50C46234D59B90A4601211E
S21402CE3005F020FE214BEC645C6003B0BDE8304098
S21402CE4005F036BE0122114605F014FE07221C4BE1
S21402CE500121DA60237901A885F84C3063790193C1
S21402CE601AF0F5FE019BC2B2D34000F00F0040EA72
S21402CE70031085F84D00A27985F84E20E27985F8F0
S21402CE804F202068286501939BB1012102888B42BE
S21402CE9008D82379013B13440A4A136205F008FEB8
S21402CEA003B030BD30F811500131AA4228BF2A46DD
S21402CEB0EDE71A46EDE700BF003F00B04C3F00B07A
S21402CEC0006000B8004000B810B5054C237823B1C6
S21402CED003F012FB0020207010BD0E20FCE700BFFE
S21402CEE0483B002008B503F0D5FA0122014B00208A
S21402CEF01A7008BD483B0020431C07D06FF0FF02A3
S21402CF00034B10405A62A3F580535862704700BF25
S21402CF1000E000B810B504234FF03A4101240A4A53
S21402CF20D1F81801C2F81831C2F814314C634FF424
S21402CF3000511163410742BFC2F81431A2F5805274
S21402CF40C2F8183110BD00BF002000BAF8B504467A
S21402CF500F4616461EF0A1FD0546A047044620B120
S21402CF6028461EF08DFD2046F8BD04F03BFF042245
S21402CF700549D1F8F03E23EA07033343C1F8F03EF1
S21402CF80024B1A64ECE700BF003000B0002002B883
S21402CF9000F01803182B0AD003070AD440F2011334
S21402CFA010F0100018BF1846034BD86770470020D1
S21402CFB0FAE70120F8E700BF003F00B038B1036887
S21402CFC0044A002B08BF1346034A13607047014BFE
S21402CFD0FAE700BF157604008040002010B4D0E9BE
S21402CFE0524122400B4052EA030104D003495DF845
S21402CFF0044B096808475DF8044B704780400020E0
S21402D000024B986E00F00F00704700BF003F00B062
S21402D0100F2938B505460C460ED801F0AFF901289F
S21402D0200CD1074A2846936E23F00F0323439366D8
S21402D0301AF08BFC002038BD2120FCE70220FAE71C
S21402D040003F00B0014BD86E704700BF003F00B0F3
S21402D050014B0020D9667047003F00B003282DE937
S21402D060F347884656D82D4B13F800902C4B1E5C7F
S21402D0702C4B13F800A01EF010FD074604F0D2FC5D
S21402D080054640B100230022CDE9003301200023EB
S21402D090002104F0F3FA04F0CDFC48B1002300228C
S21402D0A0CDE90033002000234FF4004104F0E6FAF5
S21402D0B076B31D4BDC6C04F008041C4B3146484624
S21402D0C0DC6404F0EDFE012352463146484604F085
S21402D0D077FF174BDC646DB1164B1868D0F89010CA
S21402D0E0F83002F0DFFF14490868FFF705FF4FF03B
S21402D0F0FF330B60B8F1000F04D0104B0021032061
S21402D1005B689847384602B0BDE8F0471EF0B8BCE8
S21402D1103446D2E702B0BDE8F08700BF0CD6040062
S21402D12008D6040004D60400004000B8006000B828
S21402D130005000B8F83400207C40002074400020E4
S21402D1400F4A136C13F0A00F15D1506C10F00400A8
S21402D15013D10C4BD3F8F03E23F07F4323F0FF03AA
S21402D1605BB1D368C3F30362092A07D0B2F10C009D
S21402D17018BF01207047002070470120704700BF8B
S21402D180000002B8003000B0F8B507460D46164655
S21402D19083B1FFF7BFFE29463846BC8A01F00CFB76
S21402D1A0B44228BF344629462246094801F020FCEC
S21402D1B02046F8BD4FF03A420124D368D26A03F003
S21402D1C0070306339C40C2F30C03E41AA4B2E7E753
S21402D1D00C0000BA70B50D46064620B91A4B1B68FD
S21402D1E0A3B10E2011E001F0C9F8012829D1174B8E
S21402D1F093F90040C4F12704641BC4F11C03002BFE
S21402D200B8BF5B42232B0CDD212070BDA1F10B03BE
S21402D210002BB8BF5B42232BF6DC0C4B19700020A8
S21402D220F3E786F826501EF038FC094AE402136A31
S21402D23004F4FF2423F4FF231C4314621EF020FC94
S21402D240EDE70220E1E700BFF8340020473B00206C
S21402D25000C000B8094B08465A6A91020BD4D3F8AC
S21402D2600021D20708D4D3F8803013F4706F14BFAD
S21402D2700120002070470120704700BF004001B81F
S21402D280F8B50D46D0F8903002EA010423EA01030D
S21402D2902343C0F890303D4A01F00B0323EA040111
S21402D2A0D1642340A2F580526F070646D36410D598
S21402D2B00121FFF7CFFF60B104F094FD4FF4007335
S21402D2C014F0040F14BF324A324A53620422324B1D
S21402D2D01A64E90606D514F0100F14BF00221B22AA
S21402D2E02E4B5A652A061DD5230616D54FF4001274
S21402D2F0274B1A62012203F58053C3F800211EF061
S21402D300CCFB0E210746032002F054FE40F2012217
S21402D310224B3846DA621EF0B3FB214606F1F800CD
S21402D32002F0C0FEEF0503D5E00529D502F030FE77
S21402D330A90503D5A20526D502F036FE15F0600F24
S21402D34009D0D6F8E41030461AF065F98022144B5C
S21402D3509867144B1A612B0510D504F043FD124A48
S21402D36014F4006FD2F8F03E14BF43F0006323F0CB
S21402D3700063C2F8F03E0422074B1A640020F8BD90
S21402D38002F000FED4E702F009FED7E7006000B81C
S21402D390005001B8006001B8002002B8004000B892
S21402D3A0003F00B0000002B8003000B0014B186821
S21402D3B0704700BF7437002037B51EF06EFB00249E
S21402D3C001230022CDE90034002305461946104603
S21402D3D004F054F9022002F0A9F9064B21461C601B
S21402D3E0054B02205B68984728461EF049FB2046FC
S21402D3F003B030BD7C370020744000202DE9FF4189
S21402D40002290D4616469846039004D1FFF7D4FF2C
S21402D41004B0BDE8F0811EF040FB1E4F04463B6898
S21402D4203BB1B34205D01EF02BFB002321203B600C
S21402D430EEE7194B0022C3F800803E600023012667
S21402D4404FF0000810461946CDE9006604F016F9BA
S21402D450124B022083F8008002F068F943462A46FF
S21402D460022003A902F080F90D4B039A1A6008B94C
S21402D4702046D8E70B4D2B689847212804D0204633
S21402D4801EF0FEFA0020C3E731466B68022098477A
S21402D490F5E700BF7C370020783700204A3B0020A3
S21402D4A07437002074400020044B5B6E5B054EBF51
S21402D4B00120034B187800F00100704700C001B845
S21402D4C04A3B002090F825305A1F012A01D9082B22
S21402D4D005D14B7C2BB1012B05D0022B05D01AF0BF
S21402D4E0F3B803487047034870470348704700BFC5
S21402D4F020A1070048E8010040420F000A78022AED
S21402D50011D0101F4242424152004B781201022BA8
S21402D5100BD0191F4B424B415B000549054842EAB6
S21402D5208312FFF713BD0122EFE70123F5E700BFE1
S21402D530F0FFFF00C5E302000B78022B10D0181F85
S21402D540434243415B004A78022A0BD0111F4A42EB
S21402D5504A4152000F21044843EA8202FFF7F6BC12
S21402D5600123F0E70122F5E7F1E302002DE9F84393
S21402D5700E780446042E0D4690F824810BD100271F
S21402D5805FFA87F9484601F063FD08B14E4602E0AD
S21402D5900137042FF4D1304601F05AFD002849D055
S21402D5A094F82431B34209D1AA88D4F8A4309A4216
S21402D5B004D16A88B4F826319A4238D084F82461B5
S21402D5C0AB883046A4F828316B88A4F82631AB889D
S21402D5D004F59275C4F8A430FF2384F829301AF0B3
S21402D5E070FA84F82800284601F0F2FC18BB284698
S21402D5F001F024FDF8B9D4F8E03053B194F82411C0
S21402D600414506D02046B3F91220ECF76DFD84F8AA
S21402D6102D01204601F060FD0949A4F828010123E6
S21402D620084AD1F8FC1004F1F80003F009FE0020C5
S21402D630BDE8F88321200C2384F82431F8E700BFE4
S21402D640004F00B0A43F00B070B5054690F8240124
S21402D6500C460C281FD0FF2901D1212070BD1AB11B
S21402D6604FF0FF320D4B1A601AF02BFA064695F869
S21402D670240101F023FD844228BF0446E4B2B442EA
S21402D68038BF3446E0B285F8290001F021FEFF28B3
S21402D690E3D00020E2E70220E0E700BF8840002057
S21402D6A010B590F8243104460C2B44D0D0F8E03064
S21402D6B080F82810DBB3D0F8F020D2B990F82D31DC
S21402D6C08B421CD300222046FFF7BEFF48BB1B4BF3
S21402D6D01B7813F0FD0F23D1204601F0FDFC1849FC
S21402D6E00123184AD1F8FC1004F1F80003F0A8FD53
S21402D6F016E0B0F94020B3F912309A42E2DD002279
S21402D700204694F82D11FFF79FFF50B9C4F8E000A9
S21402D710204619F0A2FD4FF6FF739842014601D14A
S21402D720002010BD2046BDE81040FEF725BFFF23AF
S21402D73080F82930F4E70220F3E700BF4C410020CE
S21402D740004F00B0A43F00B0D0F89830012B01D1B2
S21402D7500020704770B5054650498EB01AF00BFA95
S21402D760D5F8E0600146AC8DC5F8E40026B1336812
S21402D77013B15B68002B6BD11EF08FF91EF080F997
S21402D7800123D5F8E4108DF80E30B389D6E90120CE
S21402D790E31A9BB200FB03224148ADF80C30036843
S21402D7A00292994207D0284619F035FF80223D4959
S21402D7B03D4B88671A613D4C3B4E00F0DFFD012869
S21402D7C0FBD1236CD907F8D4336CDA01F5D4D5F83B
S21402D7D0E41028460D919DF80E20029908AB03F03E
S21402D7E0E9F9002831D100F0C9FD0128FBD12E4A03
S21402D7F02E49136CDB01FCD40B6CDE07F9D408A9A6
S21402D80001A803F0F9FB00BBAA8D294B5A6495F8D0
S21402D810243060F3410385F824301AF0CFF8D5F8A7
S21402D820E03002465B691968431EDBB2FD2B0491A9
S21402D83014D9CC1C12D91F4B01311B6815D0D81C29
S21402D84010D8284604A904930AE002200EB070BD40
S21402D8501A68032A90D99B6A5B0E94E7284604A9A5
S21402D8601AF094F800200EB070BDD91C04D82846D1
S21402D87004A904931AF08AF8D5F84C319B0506D40D
S21402D88095F8243043F0020385F82430EAE7284668
S21402D8904FF4803119F060FDE4E700BFFC4F00B0A2
S21402D8A068370020003F00B0000002B800C002B88F
S21402D8B0008001B89440002038B590F830510446F4
S21402D8C0002D37D01EF0E9F81F221B4B013D5A628D
S21402D8D01540A3F580535D62D4F83421A3F5805336
S21402D8E09A66D4F83821DA66D3F80031DB071AD5FF
S21402D8F0D4F8E430DBB11A68102A18D9196D4FF043
S21402D900FF3320290A4628BF202219B1C2F120027D
S21402D9109340DB43084AC2F80431D4F89C201340F3
S21402D920064AC2F80431BDE838401EF0A9B84FF0E6
S21402D930FF33EFE738BD00BF006001B8005001B802
S21402D9402DE9F84F074615460B4611B92120BDE8CA
S21402D950F88F002AFAD0032905D8002201F078FAB7
S21402D96003460028F2D01C889A78B4F5804F02F05D
S21402D970070180F0CE80A1F1070C187993F805B064
S21402D980DE88DCF1000343EB0C0305292B7394BFFE
S21402D9900023C2F30013C2F3801C6B73930985F84D
S21402D9A010C003F00203C2F3C00C43EA0C03C2F336
S21402D9B04012E8746B74AA74D7F89030AE82D80618
S21402D9C000F193800639012900F28F80B7F8129091
S21402D9D0D7F81C8009F1FF394F4B083C04EA0904CA
S21402D9E05B6D18F804300021802B0CBF6FF07F03AC
S21402D9F0323B04F1010418BF5BB204EA0904AB73BC
S21402DA00631D03EA09035A1CA96002EA090218F810
S21402DA10022018F8036097F825A046EA022636B2D6
S21402DA20BAF1000F5FD1F10456D5D7F8E43013B13E
S21402DA301B68022B05D841F24D624C210020FEF7EE
S21402DA401BFED7F8E420C6F30B0392F82420DB0073
S21402DA500AB1B3FBF2F39B4508D83BB1CBEB0B2BD9
S21402DA60BBFBF3FB6FEA0B0B5FFA8BFAD7F8EC30D3
S21402DA7023B1504695F90E1098478246013485F830
S21402DA800FA004EA090418F80410013404EA090491
S21402DA9018F80430013404EA090441EA032118F8AC
S21402DAA00430013404EA090441EA034118F8043058
S21402DAB041EA036116F4804305D0184BDB6EB3FAD5
S21402DAC083F35B095B0038466A7C03F081FC06231D
S21402DAD02860AB7100203AE718F804A04FEA4A0A19
S21402DAE05FFA8AFAC2E78A46C8E700230020EB7389
S21402DAF00B4BDA69C2F30723120448BF63F0FF0335
S21402DB005AB212F1800F1CBF323B5AB2AA730346B6
S21402DB10DEE702201BE700BF004000B8003F00B06F
S21402DB2000C000B870B54FF03A434FF480640A4D17
S21402DB30D3F818610020C5F81841C5F8144104F05E
S21402DB4017FA4FF400532B67730542BF034BC5F811
S21402DB501441C3F8184170BD002000BA001000BA84
S21402DB60082310B1024A13647047024AFBE700BF5B
S21402DB70001002B8002002B8F8B504460E4619B9DD
S21402DB8090F824305A0647D44FF6FF73218ED4F805
S21402DB90E470994204D0354B1B680BB12046984777
S21402DBA0334D2B68BB4255D0324B1B683BB11FB17D
S21402DBB03A68002A50D0BF68394620469847072759
S21402DBC0204601F089FA002E3AD004F071FF0620B2
S21402DBD0294B94F9262093F900302849C3F12703EC
S21402DBE09B1A0A6ADB0222F4FF2203F4FF23134382
S21402DBF00B62D4F8E420224B2A60986701F0D0FB2F
S21402DC00002501211F4A204B1170204683F88450BC
S21402DC1019F09BFE2846F8BD4FF6FF71144DD0F85A
S21402DC20E4702A6866F386139742018680F82430E9
S21402DC3017D0104B1B68002BB9D101F04DFA0727FD
S21402DC4012493B46124AD1F8FC1004F1F80003F0E0
S21402DC50F7FABAE70127B3E7174620463946984748
S21402DC60ADE701F039FA0127EAE700BF7037002076
S21402DC70683700206C370020473B002000C000B801
S21402DC80006000B8493B0020003F00B0004F00B0E3
S21402DC90A43F00B0054A12681AB190F81E1119B9CD
S21402DCA01047084602F098B90148704764370020CA
S21402DCB000FEFFFF334B2DE9F7431C6801F40079A1
S21402DCC000F00103174653EA090206460D4632D013
S21402DCD04FF0000823B30023002201200021CDE9E3
S21402DCE0008803F0CBFC41462046FFF7D3FF012213
S21402DCF04146E085104619F07DFAD4F8901004F1FA
S21402DD00F80002F0CFF920490868FFF7F5F84FF05F
S21402DD10FF330B6094F8243043F0040384F8243075
S21402DD20B9F1000F07D00121204619F015FB25F4A2
S21402DD30007506430D432B4632462046FFF74EF942
S21402DD40FB070FD51149124A0868002113681160B3
S21402DD500121104A117003B198470F4B002102208F
S21402DD605B68984717F00E0F08D04FF4FD723B2100
S21402DD70002003B0BDE8F043FEF77EBC03B0BDE86A
S21402DD80F08300BFF83400207C4000207837002063
S21402DD907C3700204A3B00207440002008B55822F9
S21402DDA0002106481AF085F81022FF2104481AF0CE
S21402DDB080F804F07DFE002008BD00BFF43E00B0EF
S21402DDC0383F00B00C2373B580F824316D23C0F8B9
S21402DDD000317423A0F8143164234FF6FF724FF01B
S21402DDE0FF3500260446C0E94133C0E943331E4BE3
S21402DDF08285C36300F1480343641C4B80F82A20E3
S21402DE00C0E90C3580F82660C0F8A450058503F0FA
S21402DE1019FE2046FFF7C2FF94F926102046FFF7A8
S21402DE20D9F96023124A40F6FF71D3644FF03A42A2
S21402DE30116311670F4A2946D36440220E4B2046CF
S21402DE401A64D4F89020FFF71BFA0E230022CDE9BD
S21402DE50003340F202231046194603F00FFC01F08D
S21402DE600BF9304602B070BD0700FFFFFFFF40000F
S21402DE70004000B8005000B8002002B8044BD3F8A7
S21402DE80F03E13F0806F14BF23200020704700BFBF
S21402DE90003000B00246F8B5B0F8284100F1F805A7
S21402DEA0FFF7ECFF0B688E68013304BFD2F800312F
S21402DEB00B604B68013304BFD2F80C314B60771C01
S21402DEC03BD1D2F80831CF688B607E1C3CD1D2F8A9
S21402DED004610F69CE60013704BFD2F8F8700F6193
S21402DEE04F69013704BFD2F8FC704F618F69013762
S21402DEF004BFD2F810718F618F6967BBC0F16404EA
S21402DF0008688C6110B16D2838BF6D20C2F80831E0
S21402DF104B68C2E94006C2E943340B692846C2F898
S21402DF20F8304B690F49C2F8FC30D1F8FC100723D1
S21402DF300D4A03F085F90020F8BD04F16D031B1AA3
S21402DF40B34238BF3346BEE704F17406361ABE4201
S21402DF5038BF3E46BDE76D34241ABC4238BF3C4645
S21402DF60CEE700BF004F00B0A43F00B038B504466D
S21402DF70074D21462868621C003818BF012002F0AF
S21402DF8051FA2B680020003B18BF0123A37038BD4E
S21402DF908037002038B5054C054B41780078256857
S21402DFA0236002F08FF900B1256038BD803700206B
S21402DFB018D6040070B51DF070FD05460B4E00F035
S21402DFC0DDF9012805D028461DF05AFD0224204618
S21402DFD070BDF36813F0706FF1D1F46814F08054DA
S21402DFE0EDD128461DF04CFDF1E700BF000002B857
S21402DFF00A4B10B51B68044673B1094B48B10121A0
S21402E000084A1A60022003F063F80020064B1C70D0
S21402E01010BD01461860F5E70220F9E780370020B8
S21402E0208437002010D604004B3B0020014B1878A2
S21402E030704700BF4B3B002038B51DF02EFD4FF653
S21402E040FF710A4A13888B4203D11DF019FD0E2078
S21402E05038BD074C074D1B046566A4F580546366FD
S21402E06011801DF00DFD0020F2E700BF4A4100209E
S21402E070006001B80000FFFF2DE9F74304460F4693
S21402E08015461E46FFF75CF828B3204619F09FF99E
S21402E09078B9744BD3F8F02E1EB10E2003B0BDE84B
S21402E0A0F08302F03003102BF7D002F0C002402AB1
S21402E0B0F3D0DFF8E08102F0F7FFD8F81430DE077D
S21402E0C0EBD51DF0EAFC0646032001F02DFC20B13C
S21402E0D030461DF0D5FC0220E0E7D8F8142012F0F6
S21402E0E00608F5D130461DF0CBFC5E4B4FF40061BE
S21402E0F02046D3F8F09ED3F8D06E04F0CFFC40B1A1
S21402E1004FF400720121584B08461A64424619F031
S21402E11071F839462046FEF72FFA524BC3F8F09EA6
S21402E120C3F8D06E0028B9D194F82430980601D4EA
S21402E130002D57D0C5F3400003F01AFE022315F453
S21402E140807F1FBF494A002113644FF03A420BBF3B
S21402E150454A91611364536303F044FE4FF48063AF
S21402E16015F0040F14BF424A424A15F0400F53629C
S21402E1704FF004023C4B28461A644FF0400314BF8B
S21402E1803D4A3E4AC2F88830FEF702FF204619F0A2
S21402E190C8FA38B14FF4807315F0010F14BF334A32
S21402E1A0314A1364A90646D54FF6FF72E38F9342AF
S21402E1B00FD0334A3349526E100CC2F301120132A9
S21402E1C0B3FBF2F308802A4A2A492F481B04486602
S21402E1D05366003D18BF012594F8243065F34513B5
S21402E1E084F82430204619F0ADFBF0B1204619F031
S21402E1F098FAD0B14FF40031204604F04FFC431C8D
S21402E20003229BB2214801A919F018FC9DF80420AC
S21402E21002F00703052B9DF8053015D112070DD421
S21402E22043F480731A4AC2F8D830002003B0BDE81F
S21402E230F04319F041BCFFF7FFFECAE713F0040FE4
S21402E24009D19DF80630EBE703F03002202A05D10B
S21402E25013F0010FF4E74FF48073E3E79DF80630FE
S21402E260E0E700BF003000B0002002B8001002B89D
S21402E270005001B8006001B800D000B800E000B855
S21402E280004001B84A4100200000FFFF0C0000BA1F
S21402E290003E00B000C001B808B50B4BD3F84C11D5
S21402E2A04B1C10D011F080410DD1084B1B6813B1E6
S21402E2B00320FEF7D3FE4FF08062054BDA6401229C
S21402E2C05A6102229A6208BD0080E00FF8340020EC
S21402E2D0001002B84FF40022034B186C03F50053EB
S21402E2E01A64C0F3C0407047000002B8024B034AEB
S21402E2F000201A60704700BF6C37002025CE02004F
S21402E300024B586900F00100704700BF00C001B818
S21402E310084B5A69D10707D508B901F0E3B95B691A
S21402E320DA0706D401F0D0B95B69DB0701D400280E
S21402E330F8D1704700C001B84FF0806310B1024AAE
S21402E34053617047014AFBE7001002B8002002B88A
S21402E350202350B1064AC2F8F433064B196C11F06A
S21402E360020104D1032002F0B3BE034AF3E770476A
S21402E370001002B800C002B8002002B80F4BDB68DB
S21402E380C3F30363013B0B2B0FD8DFE803F006064B
S21402E3900C06060606080A0808080220704704202B
S21402E3A070470520704703207047054B5B6913F0E2
S21402E3B0060F0CBF01200420704700BF000002B801
S21402E3C000C001B8094AD368C3F303630B2B08D015
S21402E3D06FF49050184100F0010080F001004000F8
S21402E3E07047106C10F48030EDD17047000002B810
S21402E3F00C4AD368C3F30363062B07D8042BD8B2A0
S21402E4000BD8C31E5842584140007047072B06D10E
S21402E410D2F844010028ECD1704702207047002051
S21402E420704700BF000002B8094BDB68C3F3036302
S21402E4309A1E012A8CBF00220122012B02701EBFE7
S21402E4404FF4026222FA03F303F001030B707047E3
S21402E450000002B8F0B5CF072CD5002A14BFAA25B3
S21402E46055250E461E24154F01F0030383F00103C3
S21402E4703B449B7806F0070C17F80CC0013C63443B
S21402E4804FEA5606F6D10E4E73436FF481769B0C16
S21402E49033448AB991FAA1F195FAA5F54A082D0FE7
S21402E4A0490042EAC57201F0020480F82740C0E93A
S21402E4B02723F0BDAA25D4E7024AF6E72CD60400A5
S21402E4C036FC1000B756351230B547F6FE74174BB9
S21402E4D0C3F83042D0F8A05004EA4504144DC5F8FB
S21402E4E030420F245C66CC071ED5EAB901246C665E
S21402E4F04FF0FF34C3F80441D0F89C500C4CC4F8DB
S21402E50004514FF0F045C3F8105190F82730DB065F
S21402E5102B40C4F8103132B1436C022219604FF01E
S21402E5203A43C3F8F42030BD0224E0E7006001B8A5
S21402E530005001B813B590F825300446033BDBB211
S21402E540072B96BF104A0021D15CFEF781FD012001
S21402E55001F02EF84FF4F0620C4BDA644FF40072BE
S21402E560A3F58053DA6494F82530053B012B08D8CE
S21402E5700421074B01229B6E0DEB0100019300F074
S21402E580FDFA02B010BD00BF24D60400006000B839
S21402E590004001B8012310B580F816312823C0F8D0
S21402E5A0FC300423044680F82530044B196818F022
S21402E5B030FE2046FFF7BEFF002010BD70D60400D6
S21402E5C0012310B580F816312823C0F8FC30022348
S21402E5D0044680F82530044B196818F01AFE2046C7
S21402E5E0FFF7A8FF002010BD74D60400012910B55D
S21402E5F0044604D90239012915D90E2012E00C4B23
S21402E60019680523012284F816214FF4BC7284F897
S21402E6102530C4F8FC20204618F0FBFD2046FFF704
S21402E62089FF002010BD034B19680623EAE700BFE6
S21402E6306CD6040068D60400012310B580F81631A3
S21402E6404FF4BC73C0F8FC300823044680F825302B
S21402E650044B196818F0DDFD2046FFF76BFF00201B
S21402E66010BD00BF64D6040038B5184B04461D68BA
S21402E67045B1EB6833B1286801F0C8FBAB6818688F
S21402E68001F0C4FB124B1B682BB1DA681AB19B6807
S21402E690186801F0BBFB0F4B1B682BB1DA681AB186
S21402E6A09B68186801F0B2FB0B4B1B682BB1DA684B
S21402E6B01AB19B68186801F0A9FB2046FFF780FF95
S21402E6C02046BDE83840FFF735BF00BF74D60400C9
S21402E6D070D604006CD6040068D60400F8B5D0F8EC
S21402E6E0343104468B420D46164603D190F830313B
S21402E6F0202B0ED0324629462046FFF7ABFE2023BB
S21402E70084F830310023C4F83451C4F83831FFF7A6
S21402E710D3F84FF00077074B32461F64294620464F
S21402E720FFF7D2FE8022044B1A6103F500531F64E2
S21402E730F8BD00BF001002B8000002B810B50724EA
S21402E740144BDC6331B94FF48041A3F58053C3F810
S21402E750041115E04421104B59631049096891F8D9
S21402E760251007291CBF40F04000986301230C487F
S21402E7704FF48041C363074B002AE8D0C0F8041167
S21402E7804FF48042C3F80821C3F80C21C3F81021C5
S21402E79010BD00BF006000B8004000B8F83400208A
S21402E7A0005000B8034BD3F8F80780F00070C0F3AF
S21402E7B040607047000002B810B590F82500A0B17E
S21402E7C0304BD3F8BC2012F0060F01D004280DD926
S21402E7D04FF470622C4BDA604FF48072A3F58053CC
S21402E7E0DA600022274BC3F8B82010BD02F00204FC
S21402E7F012F0040202D00B789B0637D4002C39D0D4
S21402E8000B7803F00F03072B34D14B78022B31D948
S21402E8108B7813F03E0F2DD0CC7814F0040F29D04D
S21402E82014F0010F0CBF04230A23A40748BF0633C3
S21402E830CB5CFBB1002A14BF02220122042840F658
S21402E840FF7003F01F0108BF4900013940EA013199
S21402E8500E4801654FF470600B491202C860A1F5BC
S21402E8608051CA60074AC2F8B830BEE7002CC7D14A
S21402E8708B7823B90023054A13650122EAE70222B0
S21402E880DCE700BF003E00B0006000B8004000B801
S21402E8900A68064B12F0802F1CBF42F20101C3F831
S21402E8A02812C3F88822C3F88C227047004001B8A9
S21402E8B0F0B585B06C460E460B4B074615460FCB99
S21402E8C084E80F00094BD3F84822009226B16B1E4B
S21402E8D0DBB2FD2B88BF32602A462146384619F045
S21402E8E055F805B0F0BD00BF34D604000080E00F36
S21402E8F030B50823054685B080B9094AC2F8FC330C
S21402E90051B96C46074B0FCB84E80F00064B2A46DC
S21402E91021461868FFF7CCFF05B030BD034AEDE785
S21402E920001002B844D60400F8340020002002B8D2
S21402E9304FF03A43D3F81421D2031ED54FF4803257
S21402E9400E49C1F81421A1F58051C1F818215A6D5B
S21402E950D1B2C2F30722C3F8A410C3F8A42004223B
S21402E960C3F8A4200022C3F8A420C3F8A420C3F846
S21402E970A420C3F8A420C3F8A4207047002000BA3D
S21402E980F0220B4B01219A64A022A3F580539A64CD
S21402E9904FF03A43426CC3F8F410FC21C3F8CC1093
S21402E9A0C3F8D0204FF40052C3F8F020704700BFDF
S21402E9B0006000B8F8B50D464FF03A4417460646D2
S21402E9C01DF06BF801230421074A6363E7602661A2
S21402E9D06561C2F81411054AC2F884311DF050F878
S21402E9E00DB102236363F8BD002000BA00E100E027
S21402E9F02DE9F04105460124006800F007000630C4
S21402EA0004FA00F3A868EC685E1EA04262D000EA30
S21402EA10060E6C6810441E430640A3EB0E000EEB77
S21402EA20040C8242644618D9D31A0EEB030298B13C
S21402EA30431E052B04D94B1CACEB0303022B59D8FF
S21402EA400B460844ACEB010E03EB0E0113F8014B28
S21402EA5083420C70F8D101466C688AB1531E052BAE
S21402EA6001F1010302D9E01A022812D80A44611EF3
S21402EA7000E0013313F8010C934201F8010FF8D1BC
S21402EA801DF00BF80223AE60AB62BDE8F0411CF04D
S21402EA90F7BF0B46204622F0030E8E4453F804CBF3
S21402EAA0734540F804CBF9D122F00303D01A92073B
S21402EAB001EB030C04EB0307E2D0CA5C0128E25424
S21402EAC0DED09CF8013002287B70D9D09CF8023048
S21402EAD0BB70D5E7042A35D90878043AA861487885
S21402EAE00431A86111F8020CA86111F8010CA861A2
S21402EAF0A8688CE70B4620F003070F44ACEB010E28
S21402EB001C684EF803400433BB42F9D120F00303DD
S21402EB1010F0030F01EB030EA0EB03040CEB03074C
S21402EB2028D011F80380012C0CF8038022D09EF81E
S21402EB300130022C7B7018BF9EF80230084418BFC2
S21402EB40BB7088E7013A032A12D8DFE802F00F15F5
S21402EB5007020B4613F8012B1946AA610A4612F859
S21402EB60013BAB61114611F8013BAB610B78AB611F
S21402EB70BDE8F08108446EE70A46F3E738B50B466F
S21402EB80154601464FF03A4468B101221048C4F8CF
S21402EB90F4201A46FFF72CFF25B14FF03A43042221
S21402EBA0C3F8F42038BD73B1D4F8D8209A4284BF93
S21402EBB00122C4F8F4204FF03A42C2F8D4300223BD
S21402EBC0C2F8F430E8E70123C4F8F430E4E700BF03
S21402EBD0CC0000BA38B504461CF05FFF4FF03A424C
S21402EBE00121238F054651674BB3B3FA83F3C3F172
S21402EBF01903DBB2A069C2F8B410C2F88C3007233E
S21402EC00C2F89000C2F8B0304FF4A02302F50052CA
S21402EC10C2F81431A2F58052C2F8183100220C4B09
S21402EC201A600C4B1B6C5B0209D54FF480020A4B30
S21402EC3004F1F8001A64D4F8901001F033FA0023B5
S21402EC40638707232846A387BDE838401CF018BF11
S21402EC5088370020000002B8002002B82DE9F843E9
S21402EC6005460C46B1B1D0F81880078F1CF015FF88
S21402EC70B5F83AC0791E01EA0C0323F00702032C0A
S21402EC800646DFF8F8E042445ED1DEF8004024B9DA
S21402EC901CF0F6FE0E20BDE8F88324F00104DEF830
S21402ECA0000020F00100A04253D10023CEF800302D
S21402ECB0238894426FEA43436FEA534323803ED14C
S21402ECC0AB8F08EB07091846083880B202F1080431
S21402ECD04C4528BF4446082804D9B4F800E0BEF5DF
S21402ECE0804F40D263440F431B1A3B409BB26B8754
S21402ECF0A887947811884FF03A42C1F30C019165C7
S21402ED00C2F89830C2F8B0004FF48022174B04F0D5
S21402ED100704C3F814210122154BC3F88421FFF718
S21402ED2007FE042C0BD14FF48002124B05F1F800BB
S21402ED301B6C114B1A64D5F8901001F0B3F93046EB
S21402ED401CF09EFE0020A6E7601E012898BF14460F
S21402ED50A5E7A88F4344E31A48BFDB190838984250
S21402ED60A6DC304694E72246AEE700BF002000BA93
S21402ED7000E100E0000002B8002002B88837002058
S21402ED80154B10B519688A8F4B8F088F13440138BC
S21402ED90073B8C69034023F007031C4402F1080377
S21402EDA04FF03A429BB28B87C2F8B0304FF48022C3
S21402EDB00A4BC3F814210122094BC3F88421A07818
S21402EDC000F00700042803D1064AD3681B03FCD4CC
S21402EDD0054B1C6010BD00BFF8340020002000BAAE
S21402EDE000E100E0000002B88837002010B5064CAB
S21402EDF0216839B1CB0703D4044B1868FFF72EFFFE
S21402EE000023236010BD00BF88370020F83400209E
S21402EE104FF480320C4B0D49C3F818214FF03A4399
S21402EE20C1F81421D3F8AC10D3F88C20012302F0D9
S21402EE30070206329340C1F30C01083B994201D8FF
S21402EE40FFF776BD704700BF002000BA001000BA78
S21402EE502DE9F04780460C4616468769058F1CF05A
S21402EE601CFEB8F83A2005F1FF3C02EA0C0323F038
S21402EE700701032C82463944B8F83C0019D14A4CA3
S21402EE8024689CB90244073A02EA0C0222F00702FE
S21402EE90BC183B44E31A48BF5B19834210DB50465A
S21402EEA01CF0EEFD00242046BDE8F08724F00104A5
S21402EEB0EFE7012C02D0022CEBD108380C46E8E72B
S21402EEC0002E3FD08C4241D14FF03A42D2F85890B1
S21402EED04FF03A41D1F8AC20B8F81270C2F30C02E7
S21402EEE0934247DA2588B5F5804FD8D2A378C5F382
S21402EEF00C0503F007037A1EA5EB09053A43052B1A
S21402EF00337005EA02052DD82DB2E84340F23D42A1
S21402EF100421C00FFDF7B0FB7580E3783374D8F890
S21402EF201C207B1E03EA0903D118B160A9B213FAAA
S21402EF3085F5AF422FBF0023FF1AB780F26024BFC9
S21402EF40B180F36050461CF09BFDACE7A4F10802CA
S21402EF50974284BFED0802EBC502B2F80090C9F3EF
S21402EF600C09B5E7114B5B6D003B18BF0123A5EBFF
S21402EF70C305C9E74B6D7A1EA3EB09033A431A4051
S21402EF800B4915B2002DCB680BDCC3F30363D81E06
S21402EF9043424341DB0033708B6C72801B0A33742E
S21402EFA0BDE70823F7E700BF88370020004000B817
S21402EFB0000002B8054BA822D3F84C013121431CAD
S21402EFC00CBF0120C0F38070FDF756BB0080E00F37
S21402EFD038B5134D0446297819B92022114818F07D
S21402EFE068FF6188104A23785180002113700F4A07
S21402EFF0022BC2F8CC104FF0FF010D4A0D4B1170D8
S21402F0004FF007010C4A4FF00000C2F8FC130CBF89
S21402F01004220122C3F8FC2301232B7038BD00BF53
S21402F0204C3B0020E03F00B04C410020004001B8BD
S21402F0306E410020001002B8002002B8034B1A6886
S21402F04002609B8883800020704700BF4C410020EE
S21402F05010B5044600F0ECFD064BD3F8F83724B999
S21402F06083F40033C3F3404010BDA31E58425841F8
S21402F070FAE700BF000002B84FF63F720A4BD3F819
S21402F080FC37934206D0094AC3F301131370E022F9
S21402F090074B1A7041F66A02064B1B68B3FBF2F383
S21402F0A0054A1360704700BF000002B86F41002097
S21402F0B070410020A83700208C37002020B102289B
S21402F0C004D1034B18787047024BFBE700207047C9
S21402F0D06F410020704100202DE9F74FD0F8A420A0
S21402F0E04C21022A38BF0222064690F824B16B4809
S21402F0F0013A036AD0F8CC506948C3F38213D94068
S21402F1000368DFF8C0A19342DFF8BC91654BDFF8D5
S21402F110BC8101F0010116D11C788C4213D19AF8F9
S21402F12000405C450FD1D6F8A84064B1AC420AD183
S21402F13096F8295099F80040A54204D1B8F8040080
S21402F14003B0BDE8F08F98F80040026020461970C0
S21402F150FFF7B4FF002900F0888004234FF07F40B9
S21402F16000255149C1F8B830504BC3F8B80096F89C
S21402F17029301B06C1F8B8304FF080514A4B2C0498
S21402F180C3F8B41040F27121494B1B68B3FBF1F38C
S21402F19019215343182BB3FBF1F173D8002C7BD003
S21402F1A0B4FA84F2C2F12002C2F10F03012B38BF77
S21402F1B00123D440A14201D2013B64086A1C03F039
S21402F1C01F0152008A403B4F121B9208C7F8B0201C
S21402F1D01A0242EA03121343019305EB052305EBD9
S21402F1E00325354B40F6970218682B21003818BFC6
S21402F1F00120FDF741FAFA222F4B02FB04F01B68AE
S21402F20040F6FF72B0FBF3F00A2358432B4B00F58F
S21402F2107A74C3F8C420019AA3F58053C3F8C420B5
S21402F220A3F58053C3F8CC50D3F8CC3000F58C50FD
S21402F230C7F8FC30C6F8A850214D14302C6001F0F7
S21402F24089FF4FF47A72C7F8A400C7F8F8002B6853
S21402F250B4FBF2F0B3FBF2F3A8F8043096F82930C8
S21402F2608AF800B089F800306AE7002C14BF10252F
S21402F270202596F82930834294BFED182D1805F004
S21402F280FF0579E7B1FA81F234B1B4FA84F3D21AFF
S21402F290002A89DC0F238DE70F238FE7004001B891
S21402F2A0884000204D3B0020001002B8002002B823
S21402F2B0A8370020003F00B08C370020006001B85D
S21402F2C0903700206D4100206C4100204C41002008
S21402F2D010B5114B01461B78104C0C2B02D1FF20A7
S21402F2E0207010BD184618F0ECFB02461846FFF7D1
S21402F2F0E5FE884228BF0846C0B2904238BF104694
S21402F3002378C0B28342ECD0054B20701868FFF712
S21402F310E3FE2078E5E700BF4C4100206E41002066
S21402F320F834002010B50446FCF72EFF78B1154BD2
S21402F3301B786BB964B1144B1B784BB1134B1B781B
S21402F340013B012B04D84FF40042114BDA6410BD86
S21402F350104BDB6C1B04FAD41CF09FFB044602F035
S21402F36041FD4FF400420C4B2046BDE81040DA64E3
S21402F37002220A4BC3F87C240422054B1A641CF0B2
S21402F3807FBB00BF4E3B00204F3B0020943700203F
S21402F390002002B8000002B8001002B800D00350E5
S21402F3A04FF48022014B9A64704700BF005000B8A9
S21402F3B073B5054600F03CFC01213A20E7F734FF1E
S21402F3C03E4C3F4B00201D70FFF7ACFF2378013BFD
S21402F3D0012B08D8E37B01A88DF80430237C8DF836
S21402F3E005300AF0EDFA0022364BC3F87C24B5B994
S21402F3F04FF6FF71344AC2F88410F821A2F5805203
S21402F400C2F88410C3F87C54304B4FF08042002080
S21402F410DA644FF480222E4B9A6402B070BD6268A2
S21402F4205AB32C4B1B6803EB5203B3FBF2F3013BBC
S21402F4301B0243F0F80326782349022E244A1ED0E4
S21402F440032E4FF6FF751F4826D0012E2FD143F00C
S21402F4500203C1F88450C2F884300723C0F87C3413
S21402F460E37B01A88DF80430237C8DF805300AF082
S21402F4706EFA0120FFF756FF17E0F823DBE74FF698
S21402F480FF7043F00103C1F88400C2F884300622FC
S21402F4900C4BC3F87C24E3E743F00503C1F8845021
S21402F4A0C2F884300423C0F87C340B4BADE7C1F8B5
S21402F4B08450C2F884300023F5E700BF943700205A
S21402F4C04F3B002000C00350006000B8002002B886
S21402F4D0005000B8A8370020001002B8F0B52B4F35
S21402F4E006463D4604460FCE0FC5336885B02B60F0
S21402F4F000F09EFB01213A20E7F796FE0022244BFD
S21402F500C3F87C24A17A627A42EA0142C3F88824CC
S21402F510217CE27B42EA0142C3F88424217B627B9F
S21402F52041EA0240C3F880043B78032B2AD8DFE87E
S21402F53003F022020C178DF8041004218DF8052022
S21402F5400DEB010000220AF0AFF9E37B00228DF8F2
S21402F5500830237C042102A88DF809300AF0A4F9A9
S21402F560637A01228DF80C30A37A042103A88DF861
S21402F5700D300AF099F9074B187805B0BDE8F0404F
S21402F580FFF716BF212005B0F0BD00BF943700205C
S21402F59000C003504F3B0020034BDB6C002BBCBF6C
S21402F5A0024BC3F888007047000002B8004000B85B
S21402F5B04FF0006338B1064AD364064B4FF400326C
S21402F5C0C3F884207047044AD364044BF6E700BFAE
S21402F5D0001002B8005000B8002002B8006000B860
S21402F5E02DE9F04700F07EFB4FF47A762D4BB0FB08
S21402F5F0F6F618604FF4FA73734307462A48190E54
S21402F6001B021818294A4FF0000341F1000103F0CB
S21402F61097FA274BA0F5807205461A6320B9462250
S21402F6202B21FDF729F801254FF47A724FF0000AD4
S21402F6306A4353465008310203F082FA1C4B1D4AB5
S21402F640B7F57A7F9A601C4B4FEA056819601B4B28
S21402F6508946044618604FEA152505D298222B21C2
S21402F6605046FDF709F801264FF47A73A8FB03010A
S21402F67003FB05117308C01841F10001002332464E
S21402F68003F05EFA0E4B023419600E4B49F1000984
S21402F690A408186044EA8974054B013C9C63BDE8E3
S21402F6A0F08700BFA837002020A1070040420F00C5
S21402F6B000C001B802110100B8370020B43700209C
S21402F6C0B0370020AC3700201022044BC3F8842148
S21402F6D05A600122024BDA60704700BF00E100E088
S21402F6E000C001B81022064BC3F88421C3F8842058
S21402F6F0BFF34F8FBFF36F8F0422024BDA6070475F
S21402F70000E100E000C001B810B50446A242A2EB38
S21402F7100000A3EB010104D2034B01399B6B0133BA
S21402F720184401F0030110BD00C001B838B5012528
S21402F7300A4B02019D504FF480730446084A8340E8
S21402F74053661CF0AAF9074AA540137823EA050374
S21402F7501370BDE838401CF093B900BF00E101B851
S21402F76000E001B8583B00202DE9F84F1646054642
S21402F7708A461F461CF091F9022E00F091808046C0
S21402F7801CF0A5F95A4B5B4AD3F8209092F89140A8
S21402F7905A6EE4B2520744BFD3F82090013404F004
S21402F7A003041CF086F94846214600F02BF98446ED
S21402F7B0DAF80000012E04BF01306044ACEB000C06
S21402F7C008BFCAF80000BCF1804F7DD300F02CF9C8
S21402F7D08145A1EB040188BF454BDFF838C188BFDD
S21402F7E001F1FF3101F0030188BF9B6BA0EB090E0C
S21402F7F00CF80510A1B1F90742BF41F61F723E4B45
S21402F8005A67BA0742BF3C4B3C4A5A677B0742BF1D
S21402F8100022374B9A673C0742BF0022344B9A6558
S21402F82011244FF0010A324B05F11002120103EBCC
S21402F830051BCBF80C0132499C501A6A0AFA05F4E9
S21402F840586E0B78A2EB0902E4B2234372450B70A2
S21402F85025D34FF48073AB40034220D11CF8052019
S21402F860002A40D10EB3274AF807536607D541F659
S21402F8701F7140F20110204B596750675967B9074C
S21402F88006D51D4B1D4A1F491F485A6748675A67C7
S21402F8907A0742BF01221D4B1A613B071AD4404623
S21402F8A01CF0EEF80120BDE8F88F194A2D0142F847
S21402F8B005A042F89C3C1CF0F0F811490B7823EAAC
S21402F8C004030B701CF0DCF840461CF0D9F800204C
S21402F8D0BDE8F88F2120FFF75FFE4FF48032044B1D
S21402F8E04046DA60DCE7074A40465366D8E700BF80
S21402F8F000C001B8003E00B000E001B800001F1FC3
S21402F900583B002000D001B800000101000002B8F8
S21402F91000E101B8503B0020024B1878003818BFAF
S21402F92001207047583B0020034B10300001185846
S21402F93000F00100704700BF00C001B8044B01F0A0
S21402F940F071103041F0030100011950704700BFFA
S21402F95000C001B870B50646FEF7D2FC044608B1F0
S21402F960FFF7C0FE00230A4D3046AB61EB612B6207
S21402F97000F05AF8074BC9B283F8911028622CB1EE
S21402F980FFF7A2FE4FF08062034B1A64002070BDA0
S21402F99000C001B8003E00B0002002B808B5222020
S21402F9A0FFF7FAFD4FF48022014BDA6008BD00BF74
S21402F9B000C001B838B51CF08AF8084B084A1D6A20
S21402F9C092F891405A6EE4B2520744BF1D6A01345F
S21402F9D01CF06FF8284604F0030138BD00C001B8D9
S21402F9E0003E00B00346064A103302EB00111B012C
S21402F9F0D1F80C01D158C1F3400118F080B800BF0D
S21402FA0000C001B8064B1B68434303EB8171054BEC
S21402FA101B68A3FB003013F1004341EB0000704764
S21402FA20B0370020AC3700200C4A20F04043014695
S21402FA3010B5002014684FF00042E4FB0320084A89
S21402FA40890F126802FB0300064B9B6B984204D98F
S21402FA5001330131C01A01F0030110BDB437002092
S21402FA60B837002000C001B870B51646054600B388
S21402FA70F9B1F2B14268104B006803321B68920873
S21402FA8000F130409847044688B9EA68A86803320D
S21402FA903146920800F1304018F051F8044630B969
S21402FAA0D5E90402214600F1304018F002FA204659
S21402FAB070BD2124FBE700BF9040002070B50C68A3
S21402FAC0651C15D0C4F302669E42C4F3074530D1C6
S21402FAD0A4B294422DD804EB8506B24229D2141B56
S21402FAE0A50824F003040E59340F04D0012C08D0C4
S21402FAF00022212402E06B1C51F82320C0E90024D6
S21402FB0070BD0E4C34F8133042EA03431A686B1C7D
S21402FB1051F8234001EB83014B6822405E4036F0E9
S21402FB20704404D11B0F032B04BF8B681A430024B6
S21402FB30E4E7013501EB8501C1E700BF5CD60400AE
S21402FB4007B501A80CF087FC9DF80530022B02BF12
S21402FB5040220B4BC3F8FC23C8220A4B5A650A4BB9
S21402FB600A4AD3F86032DBB2FF2B08BF03239B009E
S21402FB7043F47F53C2F8F83303B05DF804FB00BFCA
S21402FB80001002B8008001B80080E00F000002B842
S21402FB900022012108B51E4B1A645A649A641D4A53
S21402FBA0516102219162DA68C2F303620D2A01D022
S21402FBB0002AF8D1112218499A631848184AFFF702
S21402FBC053FF01F02BFC174A93685BB9164A9368F9
S21402FBD09BB94FF080620F4B5A61012203F58053A6
S21402FBE05A6108BD1149D268096803F13043032AF5
S21402FBF0ECD943F8041B043AF9E70C49D2680968C1
S21402FC0003F13043032AE4D943F8041B043AF9E724
S21402FC10000002B8001002B8DCD60400C0D6040009
S21402FC20D8D60400A8D6040090D60400A44000202B
S21402FC30012341F6FF710D4AC2F8803291660C4AE2
S21402FC4053600C4A53600C4A5360A2F580425360DC
S21402FC50A2F54042536002F5C032536002F580427C
S21402FC605360A2F500425360704700BF00900050F8
S21402FC7000D000B8001000BA005001B838B503240E
S21402FC80FFF7D6FF114A124B124DDA64FFF758FF00
S21402FC90114BC3F8E0400123EB6401F005FA4FF480
S21402FCA060736B614FF40073EB6417F087FE0021FC
S21402FCB0FEF71EFE8022094B1C64A3F580535C648B
S21402FCC0074BC3F884215A6038BD00BF0048F000D5
S21402FCD0000002B8001002B8005001B800A002B836
S21402FCE000E100E008B51AF0A9F9044B1B6FC3F354
S21402FCF000430133B0FBF3F008BD00BF00800050A4
S21402FD002DE9F04F044687B00290894659F8043B25
S21402FD105A1C06D12360029BE01A801007B0BDE889
S21402FD20F08F3748C3F301615FEA137B30F81100A6
S21402FD3008BFC3F307429BB218BF012243EA004042
S21402FD4017F006FF4FEAC20A05460AF104032D48D9
S21402FD50234483421BD807230127C846CB4003F01F
S21402FD60010301939300049307FA0BF705EB820352
S21402FD70039307F0940304F108060593039B08F126
S21402FD800408AB4208D1049954444944BDE71E4BCB
S21402FD909C42E0D80020C1E7059B53B917F0420FFA
S21402FDA019D117F0280F0BD146F8085C58F8042C26
S21402FDB021E040F6E61232210020FCF75DFCF3E774
S21402FDC040F6EA1232210198FCF756FC05F58052FD
S21402FDD046F8082CEAE740F6F31232210198FCF7BF
S21402FDE04BFC05F50052BBF1010F46F8082CDDD19D
S21402FDF058F8042CD24346F8042C04350836BDE7DE
S21402FE0054D60400DF4F00B0E04F00B0F8B5064607
S21402FE10E0B10024144B25461F46144953F8042B20
S21402FE20AAB91348314600EB8500FFF769FF30B9DF
S21402FE3040F694323621BDE8F840FCF71DBC0D4B67
S21402FE400135281847F8246023F81400F8BDB2429A
S21402FE50FCD001340C2C02D031F81450DEE740F608
S21402FE60AE3236210020E6E7BC3700203C3A0020BE
S21402FE70404000B03E3A002070B5044698B1B1B199
S21402FE803A4A52F8043B834213D10023384A116C93
S21402FE90C907FCD4374800EB830017F059FE364BEF
S21402FEA0106001221A6470BD01330C2B02D1334D4F
S21402FEB02CE0012352F8041BA142F5D1304A32F855
S21402FEC01330E3E7C2F3016335F81300110C93B263
S21402FED011F0FE0F43EA0043606820D00434CAB231
S21402FEE0022A216808D9D4E90160033AC3E9001658
S21402FEF098600C340C33F3E704D16268C3E900124D
S21402FF00083403E0012A01D1043419602268531C24
S21402FF10D8D10022164B1A6003F58053C1E7120FA0
S21402FF20072AEDD8DFE802F00704090D1013181DA2
S21402FF30C04303F500531860E2E71A6842401A60AD
S21402FF40DEE703F58053F6E717F0CEFDD8E7012289
S21402FF5003F580538240F2E7012203F50053824004
S21402FF60EDE71A6830EA0202FBD1C9E7BC37002087
S21402FF7000C002B8404000B000D002B85CD6040010
S21402FF803C3A00200122014BDA647047001002B8A6
S21402FF900122014BDA647047002002B84022014B6E
S21402FFA0DA647047002002B84022014BDA647047D8
S21402FFB0001002B8064BDB68C3F30363984206D10F
S21402FFC0044A936E23F0F00343EA011191667047E8
S21402FFD0000002B8003F00B02DE9F743064617F0CE
S21402FFE07CFD00248046DFF890901BF056FD0DF154
S21402FFF0070105460DF10600FEF716FA9DF80630D3
S2140300008BB9721C29D017F068FDA0EB08042846AC
S2140300101BF036FD9DF8063013B99DF807303BB349
S214030020A642E2D824E0D9F80C3013F4603FE8D0B7
S214030030D9F8180017F0DCFD731C074603D017F039
S2140300404CFDA0EB080428461BF01AFD17F5007FAD
S214030050E0D0384603B0BDE8F08328461BF010FD19
S2140300609DF80630002BC0D19DF80730002BBCD17D
S214030070004FEEE700FEFFFF00C000B80122024B70
S21403008098611A61704700BF000001B8044BD3F8AB
S214030090AC3010B1C3F30332027003F00F007047A5
S2140300A0000002B8094B01F080011B6C03F48003C7
S2140300B00B4309D14FF40012054B1A62837F1BB121
S2140300C00122044BC3F80021704700BF000002B8AA
S2140300D0006001B8005001B810B51BF0DEFC084BF9
S2140300E004461B683BB1984728B1002200204FF412
S2140300F0806101F0ABFA2046BDE810401BF0C0BC9F
S214030100EC3700204FF604014FF60502044B01209E
S2140301101B6C9BB28B4208BF1346024A136670479A
S2140301200080E00F00C001B8074BD3F8483203F055
S2140301300303012B03D0022B03D0002070471BF0D0
S21403014097BC19F0C7BF00BF008000502DE9F74FDA
S21403015081460F464FF0FF35FFF72CFC0026019033
S2140301608A462C463046DFF8D8B006F110031B014A
S2140301705BF8033003F00308B8F1010F15D13046DE
S214030180FFF730FC02460B4601985146FFF7BCFAD0
S214030190DBF8643006F10802D340DB0739D5002FBD
S2140301A040D000252C463E6040460136082EDCD162
S2140301B060B3234A0027D2F808C0916B0CF440338F
S2140301C00131A4FB0141641941F10001B3F5003F7D
S2140301D030D1536B0CF4405C013347F10006BCF599
S2140301E0805F22D1156B15F5807505FB06F647F182
S2140301F0000203FB0266A5FB03323244594304FBA9
S2140302000212A3FB04341444C9E9003403B0BDE866
S214030210F08FA84271EB0403C6D207B13E600546D1
S2140302200C46C1E73D463C46BEE7320242EA13624D
S2140302301B02E3E7136B13F5807347F10002DDE758
S21403024000C001B8F8B5062017F06AFC044617F09C
S21403025044FC42F21073041B9C42054618D94FF027
S21403026080624F240B4B1A6441F26F770A4E0BE001
S21403027017F033FC401BB8424FF0FD0221468CBFFB
S21403028000200120FCF7F8F9336C5B01F0D5F8BDCC
S2140302901A24E9E7002002B8000002B808B517F0F0
S2140302A0BBFC0122054B93F88D3002335B00DBB2B7
S2140302B002FA03F3024A536108BD00BF003E00B0D2
S2140302C0002000B80B2870B500F29680012900F2D2
S2140302D093804A4B83F88C0083F88D10484B5B68F9
S2140302E09D05C3F3402227D44FF038435A60454A4E
S2140302F0506E44026CD5444B5B6803F00303022B39
S21403030066D00223C2F848320122404B9A604FF06F
S21403031038435A60DA60996A0807FCD11969C90735
S214030320F8D540F2FF323A4B9A615A614FF40072A5
S214030330334BC3F884215A60304C01213B20E6F747
S21403034073FF94F88D3094F88C20324943F440239D
S214030350063243F4106341F822302F4B1D68FFF733
S214030360E3FE6E08ED07024600232846314602F0F8
S214030370E7FB090241EA1061C0F3C05040EA4100BE
S214030380264BE067186B10F5807005D140F2951286
S2140303902B21FCF771F902200246002300200121DD
S2140303A002F0CEFBC4F88000FFF7BEFE40F64943DA
S2140303B05843000DFF2828BFFF20022838BF02201D
S2140303C0002184F89000012000F082FE002070BD1A
S2140303D010F4001006D0124B586800F003000238E1
S2140303E018BF012040F22D121B21FCF745F901220C
S2140303F0044BC3F8482287E72120E8E7003E00B015
S21403040000E100E00080005000000250001000B839
S214030410002000B800800350A837002000C001B8B1
S2140304200040025038B1064B93F88C00087093F8DE
S2140304308D301370704707230B700123F9E700BF55
S214030440003E00B02DE9F34105460F4668461146C7
S214030450FFF77CFE0646B0B1AFB1DDE900321B0AFA
S21403046043EA0263A5FB0384094B120A05FB024415
S2140304701A6812B9FFF736FC0246002340462146A7
S21403048002F05EFB3860304602B0BDE8F08100BF84
S214030490A837002070B5FFF7D5FE0021022000F034
S2140304A017FE17F01AFB04460F4D104ED5F8F4331B
S2140304B01B070BD51BF0F1FABDE8704002220C4B6C
S2140304C0DA6001220B4B1A701BF0DABA17F005FB41
S2140304D0001BB04240F2FD124FF045018CBF0020D6
S2140304E00120FCF7C9F8E1E7000002B83F420F001D
S2140304F000C001B8593B0020244938B50B78002BBF
S21403050042D00122224C234894F88D3002335B00FC
S21403051002FA03F5DBB29A40856142614FF400723A
S2140305201D4BC3F8842100230B701C4B40F2A922F9
S214030530186C3921C0F38060FCF79EF84FF48041B5
S214030540174B184AC3F894100C2194F88D304B437C
S21403055003F138435B6BD4F88410994202BFD2F898
S2140305606C31C4F88830D2F86431D4F8880008BFF8
S214030570A4F89230B4F8921000F0DCF8BDE83840E6
S2140305800121022000F0A4BD38BD00BF593B002066
S214030590003E00B0002000B800E100E0000002B812
S2140305A000E001B800C001B810B50446FFF7BCFD73
S2140305B06043044B00F5F42000F59070B0FBF3F0B5
S2140305C010BD00BF40420F002DE9F74FFFF7ECFFC9
S2140305D00446FFF737FE1BF060FA0021DFF8488178
S2140305E00546684688F80010FFF7B0FD4FF038431D
S2140305F01E6A03F50033DB68074613F0706F1BD1E2
S214030600444B5B6913F0060A16D1D8B1424B611D01
S2140306101868A1FB00B9FFF787FD53460246494613
S214030620584602F08DFA009B090241EA1061000267
S2140306309842019B994105D3284603B0BDE8F04F85
S2140306401BF01EBA0021022000F042FD17F045FA07
S2140306508146DFF8D8B0DFF8D8A0DBF8F4331B0701
S21403066042D5002F4FD0DDE90079FFF75DFD390A4B
S21403067041EA09614FEA1923A0FB019700FB0377C0
S214030680254B1A6812B9FFF72DFB0246002339469D
S214030690484602F055FA4FF00C0E844601211F4BD4
S2140306A0013493F88D20361B931C0EFB02F25B007D
S2140306B0DFB21B48664402F1384201FA07F7476186
S2140306C05663184E01FA03F3B3614FF03846366AA1
S2140306D0526BA4EB0C04B21AA24214D28361476194
S2140306E0022000F0F5FCA7E717F0F7F9A0EB0900E6
S2140306F0504540F24E224FF045018CBF00200120AA
S214030700FBF7BAFFA9E70222024BDA60012388F857
S214030710003091E700C001B8A8370020003E00B0C3
S214030720002000B8001000B8593B0020000002B8B3
S2140307303F420F002DE9F04F4FF00C0A0027B54A51
S214030740054692F88D4088460AFB04F303F13843C6
S2140307501F6392F88C20B04B87B0C3F8B4204FF4D5
S2140307600032AE4B46461A610222A3F58053DA6086
S2140307704FF03843AA4A1B6A92F82413AB46C9B211
S214030780059192F829130134C9B20491012104F0AA
S214030790010482F8247382F82973A21C0AFB04F46A
S2140307A0500001FA00F003F1FF390290019004F1C2
S2140307B03844A3EB0903002B40F3FE800137022FD6
S2140307C063D9EC220D210020FBF756FF4FF0805330
S2140307D09449934A4B66059B934C03F0F00382F8C7
S2140307E02433049B03F0F00382F82933894A4FF439
S2140307F00033C4F86CB1C2E9219BC4F86461A2F863
S214030800926000260B61844BC3F8B4600C2392F805
S2140308108D205A4302F1384216631BF03EF93346E5
S21403082032464FF4807E276AD4F864C003F1100181
S2140308300901615801F00301012910D10EFA03F1F1
S21403084011EA0C0F0BD104EB0316BD42D6F80C616C
S21403085000F2D980B54202D2B74280F0D780013386
S214030860082BE3D1714D2C68012C40F2E5803AB198
S2140308706849B1F88E301343A1F88E30674B5A6639
S21403088007B0BDE8F04F1BF0FBB84FF0000B614E0E
S21403089096F88D300AFB03F303F13843C3F830B000
S2140308A01BF0FBF84FF080515E4B039059664FF0F8
S2140308B0384396F88D201B6A00920AFB02F203F176
S2140308C0010902F13842C2F83490544A02331167E0
S2140308D0C4F830B0029A6363554B53485A61019A81
S2140308E0A3F580539A61016B8368DB0340F188802C
S2140308F0D6F88430F26FA9EB0303A3FB022CD6F8D9
S214030900803001F58071ACFB0360A2FB03E39B1907
S214030910A1FB03E640F1000001FB0066B2EB0E020A
S2140309206CEB0606120A42EA06624244B2EB112F49
S2140309304FEA112603D3013340F10000921B043E15
S214030940964228BF16463849324A8E6192F891205D
S214030950D1F820C0EB18D2B2896B40F10000654590
S21403096084BF02F1FF32D2B2B1F1FF3F0ED04FF097
S214030970000E01F1010C99427EEB000B08D2013206
S214030980B3EB0C03D2B260F10000F4E70244D2B238
S2140309909B462049244B02F0030281F89120C3F8BA
S2140309A020B00222009B03980AFB03F303F13843AB
S2140309B01A6322631BF064F84FF038431B6A0093F4
S2140309C01BF06BF81B490A6922F004020A6130BF68
S2140309D04FF08051019B164A936102F5E03211678E
S2140309E00022102122630E4AC2F884111BF048F835
S2140309F00D4A009B526E12F0805F3FF4DAAEE5E6D6
S214030A004646AB46CDE7B542BFF426AF11438AB29E
S214030A1025E700BF003E00B00080035000D001B8B9
S214030A2000E100E000E001B800C001B85437002040
S214030A30002000B800ED00E011490B78142B01BF2D
S214030A400023104E0B7033700B7801330B70002AA3
S214030A503FF416AF0C4EB6F88E301343A6F88E301E
S214030A600A4B5A66074A13780133DBB2022B13701C
S214030A707FF406AF002301342C600B701370FFE67F
S214030A805B3B00205A3B0020003E00B000D001B87C
S214030A904FF00052014B1A60704700BF00E100E0C0
S214030AA04FF00052034BC3F88020BFF34F8FBFF3C2
S214030AB06F8F704700E100E037B50446FFF7B8F8DC
S214030AC001213A20E6F7B0FBE17822791B4841EA98
S214030AD00243C0F8DC34E579A37943EA0543C0F85A
S214030AE0E03423784BB18DF8041004218DF80520EB
S214030AF00DEB0100002208F0D7FE63785BB10421FA
S214030B00A37900228DF80430E3790DEB01008DF80C
S214030B10053008F0C9FE227801235AB1084AC2F804
S214030B20D834627802233AB1054A0020C2F8D83492
S214030B3003B030BD034AF2E7024AF6E700C00350AB
S214030B4000D0035000E00350F8B50B46002213F81C
S214030B50044B944225D91D68854224D106245A792C
S214030B601D79124B88181E6804FB0503104F33F8D3
S214030B70063C7B43B3420ED900238A5A7A439642F5
S214030B8002D804FB0300F8BD9D42FAD9013304FBE7
S214030B9003F2825AF2E740F244423D210020FBF77B
S214030BA06BFD0020EFE708330132D2E7F037002071
S214030BB040420F0000202DE9F84FA2FB018BC74EE1
S214030BC0C74F18EB060699466BF10003B74270EB66
S214030BD0030307D240F23E220E21FBF74DFD02200F
S214030BE0BDE8F88FD9F814A00C461546BAF1000FE5
S214030BF004D0DAF80030032B00F21B81B94BBA4A53
S214030C009F6BA3F58043D3F8EC30C7F314075E005D
S214030C10B64B48BF47F400171B6ED2F8FCA0580724
S214030C204EBF4FF440039B0503F0E0731F43B04BE6
S214030C30D3F8E430990748BF47F0807747EA45671B
S214030C4019F03CFA012D0646C9D10028C7D0A94B96
S214030C50984200F0FD8003F5122303F5F8639842EB
S214030C6000F05A81A44B984200F0A7810025024663
S214030C702B4600204FF0007101F062FF2B46013037
S214030C8008FB03F3C7F3130100FB0B33A1FB066258
S214030C90A8FB008001FB0522034420339B09C9F807
S214030CA00030F60C954B46EA4236FA021C6058BFF3
S214030CB07642934B934D34441E602C60BAF1000F7A
S214030CC000F00881FB014FF000038F49C7F3815200
S214030CD08A5C194648BF6408002EB8BF764292065F
S214030CE06008C2FB0601224601F02AFFDAF800106C
S214030CF00E2908D97D4B7B4A926BDE69D3F80C31FB
S214030D00F60600F12881C0F3130017F40017C9F89C
S214030D10040014BFC42040F207107C4ADAF81860B7
S214030D20A2FB04C24FEA521200FB02F24FF4FA731C
S214030D30B2FBF6F218BF002702FB03F3A4FB00C0C6
S214030D40FA33A3FB063604FB07006345864138BF28
S214030D500132D2B242F4006CC9F808C0002A00F08F
S214030D60BB80DAF81C70A2FB070624B1B4FA84F33E
S214030D700E2B40F3D880E303002E40F0D180B3FB64
S214030D80F0F6700000FB0220A0FB07834FEA044E38
S214030D90C6454FEA144474EB030309D352001044C8
S214030DA0A7FB0083C64574EB030306F10106F6D2E0
S214030DB0C6F30E034CEA033C4CF000630629C9F85D
S214030DC0083049D9DAF83030002B45D00023C9F86B
S214030DD00C30C9F8103019F071F9DAF83010FFF753
S214030DE0B3FE044618B18378002B40F0CC8019F08C
S214030DF01FF9DAF83010FFF7A7FE0446002869D07B
S214030E008378002B66D040794FF4AE62003818BF63
S214030E1001203D21FBF730FC207940F27152003867
S214030E204FF03D0118BF0120FBF726FC23796279BA
S214030E304BE0042BDAF828707FF402AFFB014CBFBB
S214030E404FF4400307F0E07327F0E0771F43F7E61D
S214030E5000232F481D4613E719F030F92C68002CA1
S214030E6000F0AF80B4FA84F3D3F1020358BFDC403A
S214030E70284B9C4288BF6408002875D0B4FBF0F367
S214030E80642100FB134201FB02F2904203F1FF329E
S214030E9000F2A6805D085308013D1B0243EA0515D0
S214030EA0C9F80C5019F0CAF8002800F09080B4FB7B
S214030EB0F0F2642100FB124401FB04F4A04200F2AA
S214030EC08D80531E52085B08013A1B0243EA021345
S214030ED0C9F81030002083E6212081E6006CCA881A
S214030EE0807C814A008001B8004F00B0004001B802
S214030EF0000002B800F04902005A6202F8370020E8
S214030F00F4370020F037002078D60400D34D621063
S214030F100A3BB2DF3FBE4025002335481D46AFE6F9
S214030F201046002630E7C3F10F0E03F1110806FA48
S214030F3008F820FA0EF040EA0800AEF1200826FA78
S214030F4008F840EA080026FA0EFE013004FA03F316
S214030F504EF1000610E702F4801203F400131A435E
S214030F6008BFC0F58010CEE6631EA51E5B086D089D
S214030F70013B2D0245EA031540F2C2422B21002015
S214030F80FBF77AFB8CE7407940F25552003818BFDE
S214030F9001203D21FBF770FB207940F256520038C2
S214030FA018BF01203D21FBF767FB237962791B02FB
S214030FB043EA0213C9F80C3019E700230D481D460F
S214030FC05EE66FF01F0500287FF46AAFD4E740F2B1
S214030FD0E5422B21FBF750FB621E72E71446FBE744
S214030FE09D1E6D085308013B2D0245EA031557E77E
S214030FF0313641DCD694BFD610B5044686B059B90F
S214031000214B4168D3F8FC30827A20480593006868
S2140310106B46FFF7CFFD69461D4B0A685A631A4BAA
S214031020D3F8FC3033B34B6843B11A4B1A4AC3F8B0
S2140310300C214A68A3F58053C3F80C218B6843B18F
S214031040144B164AC3F8EC208A68A3F58053C3F8FA
S214031050EC20134AC868D2F8743123F4EE630343D2
S214031060C2F87431D2F86C31096923F4EE630B438A
S214031070C2F86C31002022890A4B9A6203F5A0332A
S214031080186406B010BD00BF004F00B0F83400204F
S214031090008001B8006001B8FFFF0F00FFF8FF0FE4
S2140310A0000002B8004000B8064B9A6E920607D5B9
S2140310B05B6E002B4FF48043B4BF034A034AD364EA
S2140310C00020704700800050002002B8001002B8CD
S2140310D0064B1A6C9207FCD4022240EA01205860A1
S2140310E0034B1A640122034B1A70704700C002B800
S2140310F000D002B85C3B002010B590B10468012C08
S2140311000FD902696AB11168094B102C196051682E
S2140311105960916888BFD268996094BFD960DA60D5
S21403112010BD10220021024816F0C3FEF8E700BFE8
S21403113000380020064B586E5B6AC0F30112000CA1
S21403114002FB000003F01F0301331844704700BF7F
S214031150004001B8084BC1171A68A2FB000302FB44
S214031160013310F1807043F10003400E40EAC310D0
S214031170803820EAE0707047103800200722194BA9
S21403118070B5DA63184B194A1D68194BEC08E0056D
S214031190C0184FEA153141F10001002301F0D0FCDD
S2140311A0144B154E18601548FFF7D4FF4042C6F897
S2140311B0DC0049F65800FFF7CDFFC6F8A800104834
S2140311C0FEF732FC024660B1E301500818184FEAF6
S2140311D015714FF0000341F1000101F0B1FCC6F8B0
S2140311E0B40070BD000002B8A837002065CD1D000E
S2140311F0B2E60E0010380020003F00B07011010068
S21403120040420F0010B5044698B10B4BD3F8FC00D0
S214031210FFF772FF4FF47A7303FB04F0074BA0F556
S2140312207A60DA689B681044C01ABDE81040FFF77E
S21403123091BF49F64040F8E7004F00B00038002061
S2140312402DE9F8430546084614461E46FFF754FFA5
S21403125005B306F0020716F004061DD1D7B14FF406
S2140312607A706B685843002B40F08C80FFF772FF50
S21403127020636B69002B00F08C804A4AD0684FF4D9
S2140312807A7202FB0300A0F5FA50FFF763FFE062F1
S214031290002E58D1BDE8F8832869002869D04FF49A
S2140312A07A7358433F4BA0F57A609B68C01AFFF7E2
S2140312B051FFA062A88B00285ED04FF47A73584380
S2140312C0384BA0F57A609B68C01AFFF743FFE061CE
S2140312D0354BE968D3F80080002950D04FF47A7371
S2140312E05943304BA1F57A619A685B68891AC91A23
S2140312F02E4BC8171A68DFF8BC90A2FB011302FB3B
S214031300003311F1807143F10003490E41EAC31122
S2140313108039274B2162D3F8C4306362D9F8003092
S21403132053B1404616F00EFB30B12246D9F80030D2
S2140313301C49D8F8D80098470021A869FFF762FF30
S2140313406063002F8BD1A86830BB47F23050FFF79D
S21403135001FF60614FF47A702B6858432BB1114B31
S2140313601B6803F51C5310331844FFF7F3FEA06104
S21403137090E749F640409AE749F64040A5E749F624
S2140313804041B5E7074B1B6803F51C53103318445D
S2140313906CE747F2305078E74FF47A735843A0F57A
S2140313A0FA50D4E700380020F83400201038002024
S2140313B0003F00B0FC37002008B9FFF7BBBE034868
S2140313C081420CBF2F20BC20704700BF48E80100B5
S2140313D038B5054608461C4616F0A9FBD5F8E43092
S2140313E0A3B11A68012A11D91A69094B002A08BF42
S2140313F01A465368074A002BA8BF4FF4FA721A44DA
S214031400054B204492FBF3F2104438BD004AF0E744
S21403141080D604000CFEFFFF18FCFFFF70B588B0F3
S2140314206D46124C0FCC0FC594E80F0085E80F00ED
S214031430D82200210E4816F03CFDAC2200210D48B0
S21403144016F037FD202200210B4816F032FD16F069
S214031450EEFB0A4B1B783BB16D46044E0FCD0FC611
S21403146095E80F0084E80F0008B070BDE03F00B0B9
S2140314707C3E00B0543F00B0E04F00B04C3B002031
S21403148008B51AF00AFB0E4B1A78A2B90D4A126871
S21403149012F4843F0FD10C4A1021D1641B7863B930
S2140314A0084B1B68DB0508D4074B2022DA64BDE82B
S2140314B008401AF0E5BA054AEEE7044BF5E700BF25
S2140314C0613B0020A80D0020002002B8001002B8DF
S2140314D00A4B197801F0FF0229B100211970084957
S2140314E09202C1F80421597801F0FF0229B10021C4
S2140314F059709302024AC2F8083170475D3B0020D8
S214031500005000B8064BD3F8F00E064B5B6C1A017E
S21403151003D4054B9B6E1B0401D500F58070704702
S214031520003000B0000002B8004000B810B51AF052
S214031530B4FA0E2104460320FEF73CFD40F20122D6
S214031540034B2046BDE81040DA621AF099BA00BF92
S214031550004000B80022044B1A70044B197811B1EE
S2140315601A70FFF78DBF7047603B0020613B002079
S21403157038B51AF092FA4FF00043244C0546C4F8E7
S2140315808030BFF34F8FBFF36F8F0123C4F88430CF
S214031590BFF34F8FBFF36F8F0223C4F88430BFF3BC
S2140315A04F8FBFF36F8F0423C4F88430BFF34F8F7E
S2140315B0BFF36F8F0823C4F88430BFF34F8FBFF396
S2140315C06F8FFFF76DFA1023C4F88430BFF34F8F85
S2140315D0BFF36F8F2023C4F88430BFF34F8FBFF35E
S2140315E06F8F4023C4F88430BFF34F8FBFF36F8FE2
S2140315F04FF48063C4F88430BFF34F8FBFF36F8F0D
S2140316002846BDE838401AF03BBA00BF00E100E0C8
S21403161038B51AF042FA05464FF000430A4C2360E9
S214031620012363600423636008236360FFF730FAD3
S2140316301023636020236360402363602846BDE86D
S21403164038401AF01DBA00BF00E100E0012370B570
S214031650074C2370074B1E68074B3240D3E90053F1
S21403166019402840FCF726FB0023237070BD00BFFB
S2140316705F3B002018380020A80D00202DE9F04716
S214031680DDF820A003EA0108099B06460D4602EA98
S214031690000703EA0A09BAF1000F40F05281031F5C
S2140316A00B4300F01281052871F1000380F0E880F7
S2140316B050EA010300F07881431E0B4300F02881B3
S2140316C0FFF756FFB94AD2E9004323EA050324EAA3
S2140316D006043C4343EA0807B54BC2E900471E68C5
S2140316E026EA0A0646EA09061E60FFF7C9FE14F054
S2140316F02A4F14BF48F202034FF40043AD4AB00723
S214031700D26EAD4848BF43F4005383EA020122EA8F
S2140317100302C266A94A0B408166D366C4F38042BD
S2140317201203210348BF42F48072E30648BF42F423
S2140317300052A34BA50648BF42F400726006D3F8D6
S2140317400C3248BF42F48062210648BF42F400626E
S2140317509C4882EA030123EA0203C0F80C329A4B40
S2140317600A4017F4007FC0F80812C3F80C22974B00
S21403177007F4007200F0048101224FF4802583F8F9
S2140317808820E30448BF45F48035A00348BF45F4EA
S2140317908015A10748BF45F4001514F4001FDFF8B1
S2140317A0688206D0D8F8000016F063FA08B945F444
S2140317B00025E20248BF45F40035FB06844B48BFCC
S2140317C045F480051A6A834985EA020323F0010378
S2140317D01A400A621D40CB617F4B16F0010F1D6253
S2140317E07E4B7F4A18BF1A467E4B7D071B6F48BF4A
S2140317F042F000627C4882EA030123EA020303679D
S2140318007A4B0A4041661A67794A04F00103926CE0
S214031810A0F5803083EA020122EA03028264754A55
S2140318200B4041649364D8F80020200248BF724BF3
S21403183092F8F62058BF714B610748BF43F48063A4
S21403184022B114F4C06F18BF43F4807332074FF00D
S2140318503A42BDE8F047D2F8181148BF43F00043B8
S21403186083EA010222F4A02265481140C0F8181149
S2140318701340C0F81421634AC2F81831FFF7C8BEF4
S214031880A0F580630B4306D020F48063A3F50073B2
S2140318900B437FF415AF1AF000F94449D1E900323F
S2140318A023EA060322EA050242EA08023B43C1E9A9
S2140318B00032554A126892F8F610514A09B313F4E7
S2140318C0C06F1ED04FF4807311E01AF0E6F8374A63
S2140318D0D2E9003123F004033B4341EA080157EA07
S2140318E00807C2E900314FF48063454A0BD0C2F8BB
S2140318F01431A2F58052C2F81831BDE8F0471AF049
S214031900BFB84FF48073C2F81831C2F81431F4E745
S2140319101AF0C3F8254AD2E9003123F001033B430A
S21403192041EA0801C2E900310123384A57EA0807A9
S2140319301BBF5364A2F580529364936408BF536439
S214031940DBE750EA01037FF4BBAEBAF1010F7FF485
S214031950B7AE1AF0A2F8164A136823F0010343EA57
S214031960090313604FF480631F4AB9F1000F04D0D4
S2140319705366A2F580521367BFE713675366BCE747
S21403198093F8881071B183F88820214BD3F8A410FC
S21403199003F50053C3F8A410C3F8A0104FF0502368
S2140319A0C3F8A4200025ECE6BDE8F087A80D0020C8
S2140319B018380020004000B8006000B8005000B897
S2140319C0004001B8006001B8005001B8003F00B005
S2140319D0000002B8002002B8001002B8041C00037E
S2140319E00418000300C001B800E001B800D001B835
S2140319F000C000B800D000B80D0A0A09090A0A098F
S214031A00002000BA001000BAF834002000E000B846
S214031A1000400050024B5868C0F3C000704700BF38
S214031A20A80D0020024B186800F00100704700BFA5
S214031A30A80D0020024B5868C0F3C030704700BFA3
S214031A40A80D002010B50446FEF718F9FFF790FD21
S214031A502046FCF795FFFEF79BF8FDF7C1FDFDF763
S214031A6033FEFFF78BFB13490723134AD1F8FC1009
S214031A7004F1F800FFF7E4FB4FF080710020FDF758
S214031A805DFF4FF000720D4B4FF400110120C3F8B9
S214031A900021FDF753FFFEF735FB20B940F267320E
S214031AA01421FAF7E9FD16F0C0F8BDE8104001204E
S214031AB0FDF77EBC004F00B0A43F00B000D001B8D5
S214031AC08022074B1A64082203F580531A64054ADA
S214031AD0D2F8C83E23F02003C2F8C83E704700BFC2
S214031AE0001002B8003000B010B519F0D6FF01217F
S214031AF00446FFF7E5FF054B00201961044B5B68BE
S214031B0098472046BDE8104019F0BABF000002B857
S214031B1074400020F0B583B014460646FFF7C4FAB7
S214031B20FCF7EEFB002800F0AE805B4B5D6915F01A
S214031B30060540F0A88019F0B0FF23790095022B24
S214031B4005464AD1237B022B36D00320FDF7ECFE55
S214031B5020B9524BDB685B0440F19780A37B277B5D
S214031B60003B18BF0123A2684D49012F01920B7059
S214031B7072D000234B4A4C4C13702278002A76D13D
S214031B800420FDF7D3FD0420434E3A46736F0DEB56
S214031B90000123F0F85323F4F81343F0506343F49F
S214031BA0803373670223FDF7DFFD002863D001212E
S214031BB030223E4B2170DA643D4E33689847212825
S214031BC0044604D101210020736898470024284660
S214031BD019F056FF204603B0F0BD0320FDF7A4FE20
S214031BE0002852D12279D6F80031012A226830D053
S214031BF0D01A00900020284B2E4A2F495A67986720
S214031C00637B2E4A23F040000028C3F380130B7037
S214031C100CBF012300231370294B294AD3F8C83E6F
S214031C204FF003000CBF43F0200323F02003C2F859
S214031C30C83EFDF77BFD184B224A03205A676946C8
S214031C4001232279FDF790FD08B301221E4B1A707B
S214031C5078E79A42CDD3CBE72379022B89D0009B32
S214031C60D6F8001100270B441344019381E7237031
S214031C70FFF706FC84E70320FDF758FD28460D4BC7
S214031C80736719F0FDFE0E24A4E72846F9E72846F5
S214031C9019F0F6FE21249DE700C001B8000002B843
S214031CA0643B0020603B0020613B0020001002B82C
S214031CB07440002000000101623B0020633B0020CB
S214031CC0003000B0010C0100653B00202DE9F34114
S214031CD000240D46074619F0E0FE204BDFF88C8003
S214031CE01C70FFF7EDFE1E4B0646C8F87430C8F8A6
S214031CF078406879431E58425841FBF731FF40F657
S214031D000143C8F878302A792968012AD7F80831B8
S214031D1001D1994200D3CC1A042303200DEB03010F
S214031D200194FDF721FD50B988220E4B30461A6404
S214031D3019F0A6FE2124204602B0BDE8F0810A4D24
S214031D402B6898472128044604D1012100206B689C
S214031D5098470024304619F093FEECE7653B0020D5
S214031D6000000101002002B87440002000C001B842
S214031D70F8B5194C0546207840F2AA42B0FA80F02E
S214031D803E214009FAF778FC55B9607840F2AA423A
S214031D90BDE8F840B0FA80F03E214009FAF76CBC83
S214031DA04FF440660D4F0E4DD7F8043140F2AA4269
S214031DB0C3F381232370C5F8046160783E21B0FA2B
S214031DC080F04009FAF758FCD7F80831C3F38123AB
S214031DD06370C5F80861F8BD5D3B0020004000B89D
S214031DE0006000B8F8B5084C084D236C0423084F70
S214031DF02B64236C5B0300D4F8BD042602203E64E8
S214031E0015F072FE2E64F4E7000002B8001002B864
S214031E10002002B8A82238B51A4B1D6C03F50053F0
S214031E201A6410229A60A3F5804302F100521A67DF
S214031E305A66FFF74DFB144B1B7813B90320FDF7C7
S214031E4075FC0024114B9C67FFF7CCFF104A114B1F
S214031E50D2F8F01E0B40C2F8F03E04220E4B1A6472
S214031E600E4BAA06C3F8D04008D503F580739B6FC4
S214031E70B3F5817F22BF8022024B1A61BDE838404A
S214031E80FCF7DAB8000002B8653B002000C001B8D2
S214031E90003000B0DF0000FF002002B8003E00B0B4
S214031EA010B528B979B94FF4C062154BDA6210BD84
S214031EB049B9144BDB681B0E13F00E0FF3D1124B0C
S214031EC01B6CD907EFD4FFF731FB0E4C0020FEF74F
S214031ED0DDF8032801D0092805D1A36ADA07F5D46B
S214031EE0636CDB03F2D4FFF77DFF0122074B5A61D5
S214031EF002229A62042203F580531A64D3E700BFD2
S214031F00006001B8000002B800C002B8001002B8B2
S214031F1008B503210920FEF74DF82022014B1A616C
S214031F2008BD00BF000002B80D4A10B5D2F8A030B5
S214031F30D2F8A4100B40B3F1804F0CD34FF04040BF
S214031F400849094CC1F8A400D467C1F8A0004FF4AF
S214031F508021064AD161034AC2F8A03010BD00BFF3
S214031F6000400050006000500000FF01001002B85F
S214031F7038B5054619F091FD0E4B04461868FCF774
S214031F8029FE35B1FFF7E6FA2046BDE8384019F0DA
S214031F9077BD094B1B78002BF6D0084B1D78002D18
S214031FA0F2D1FFF7D7FA2A464FF480400021FFF715
S214031FB04DFBE9E7F8340020603B00205F3B002040
S214031FC02DE9F84F5A4B06460D4614461B6C002A5D
S214031FD040F0AB8013F0A00F14BF4FF001094FF091
S214031FE00009FCF729F8A0234FF0000ADFF85C810C
S214031FF00320C8F84030FDF799FB0420FDF796FB55
S2140320004C4FFFF7A7FA4C4B4FF0040B7B67C7F810
S21403201078A0FFF7E7FE494B4FF48071D3F8C82E3C
S21403202042F02002C3F8C82EFF22C8F80820404A10
S2140320301161D3F8F02E42491140C3F8F01EC8F8D8
S21403204040B0C3F8D0AE7B6913F0060F04D0FDF79B
S214032050A5FC5846FDF76AFBB9F1000F08D04FF40C
S2140320600062384B1A644FF40042A3F5E0339A66D5
S21403207066B1354BDB6C180701D4FFF757FAFFF749
S21403208047FF0420FDF752FBFFF722FA284B5A6955
S214032090D10748D5DA6812F0706FFBD12B4B2C4A68
S2140320A01A642C4A936E23F0F003936615B1204608
S2140320B0FFF75EFF284BD3F84C315A1C01D05B0068
S2140320C002D50122214B5A616CB31F4BDA6E03F51E
S2140320D000539A6603F5D0331B6A1C4A23F00103A8
S2140320E0D3611E4BD3F80C1203F50053C3F8081242
S2140320F003F50053D3F8841003F5005399674FF0A4
S2140321003A43D3F8181103F50053C3F81411144BCC
S214032110996C03F500535964124903F580335966E5
S2140321204FF608431364BDE8F88F4FF0000958E7ED
S214032130000002B800C001B800000101003000B082
S214032140DF0000FF001002B8004000B8002002B80D
S21403215010003000003F00B00080E00F004001B8E0
S21403216000C000B85000002F9C4B2DE9F04F9F6E27
S214032170DB6E85B01F409A4B9F664FF03A43D3F809
S2140321801451D3F818311D40964BC3F81451964B8F
S214032190D3F80822D3F80C3202EA0309934BC3F8A8
S2140321A0089203F52043DA691B6A02EA0308904B98
S2140321B008F47702DA618F4BD3F80422D20605D4EB
S2140321C0D3F80431C3F30016DB0651D519F065FCCA
S2140321D0894B5A695E6E1B6F12F0060F06EA0306FA
S2140321E0864A26F0007314BF4FF0010A4FF0000A28
S2140321F023F400637407536606D5814A92F8913038
S2140322000133DBB282F8913019F03AFC002F00F06C
S214032210E28017F4004300F0D38019F03EFC014639
S214032220FFF770F90446DFF8ECB1DBF80030186806
S2140322301A689042FCD018689042FCD0FFF762F907
S214032240A04217D1084619F01BFC6E4B1C606E4B60
S214032250D3F840B01BF4E0520ED124F07F4424F0B0
S214032260DF040CB9FFF7D6FD4FF0807B002414E0A3
S214032270B246CBE70446D8E70192FFF7CBFD5C4BAB
S214032280019A1BF480541A6440F09C801BF4806F00
S2140322900CBF4FF0805B4FF0806BB80715D55A4ADA
S2140322A05348126C02F460410164002900F08D80EB
S2140322B0110400F18D8012F4005F0CBF4FF0005242
S2140322C04FF0006200244BEA020BC7F340377F004F
S2140322D04E4A2A40002A4BD015F4206F0AD040F607
S2140322E0311206210020FAF7C7F90020FFF740FE57
S2140322F025F48025EB0506D5FF213D4A4BF4C06B3C
S2140323009160FFF713F915F0090F0BD040F646124C
S21403231008210020FAF7B0F9FFF7FAFD4FF03A422A
S2140323200121516315F0106F0CD040F64F120921AE
S2140323300020FAF7A1F9FFF7EBFD0022114610463D
S214032340FCF71CFC15F4202F0AD040F65712072181
S2140323500020FAF791F90020FFF70AFE25F48025FE
S214032360E80301D5FCF754FD002DB8BF47F0080776
S21403237069070ED54FF03A42126B12F4005F4FF422
S214032380005217BF174922490A634BF4000B08BFD4
S2140323900A636A0548BF4BF0040B15F480230193C8
S2140323A000F0A480FCF7ECFC0138062834D8DFE8FC
S2140323B010F01A011D011A0120012301260126012E
S2140323C09B4653E74FF0804B50E74FF0007279E798
S2140323D04FF0004276E7BB463C4679E7004000B83C
S2140323E0006000B8002000BA004001B8006001B8E1
S2140323F0002002B800E100E000C001B800E001B828
S214032400003E00B014380020000002B8090B0B8908
S214032410001000BA8440002040F6881203210020F2
S214032420FAF72AF94FF03A400121D0F88C20D0F879
S214032430AC3002F00702063201FA02F2C3F30C0CC8
S214032440A2EB0C0292B2072A12D9774A126C5302F5
S2140324500ED4764BC26CC06E5B6D5BB102F00702A6
S21403246006329140C0F30C00091A89B2072901D835
S2140324704BF4007B6E4A1278002A37D04FF03A426C
S214032480D2F8142112F4A02F30D16A4A6A4912787E
S2140324909AB9F20411D40A787AB14FEADB02674894
S2140324A042EA447282F00102D0F8F00E02F0010212
S2140324B0520020FA02F2930718D10420FDF736F9EA
S2140324C05F4A60485067FFF745F85B490A784AB9A0
S2140324D05D4A127832B15D4A5D4912680BEA020220
S2140324E00A4201D14BF4804B26F48056B9F1000F13
S2140324F01DD019F4805F18BF4BF4802B19F4807F2E
S21403250018BF4BF4002B19F4005F18BF4BF0100BE9
S21403251019F4007F18BF4BF0200B19F4806F18BF17
S2140325204BF0400B19F4006F18BF4BF0800BB8F15B
S214032530000F3AD018F4802F18BF44F4007418F430
S214032540803F18BF4BF4805B18F4801F18BF4BF412
S214032550003B18F4001F18BF4BF0020B18F4003FA3
S21403256018BF4BF4801B18F4800F18BF44F01004F8
S21403257018F4002F19D0314AD2F8C82E12F0C00F23
S21403258013D02949CA68C2F30362032A01D0072A73
S21403259005D14A6CD00602D48A6C110732D54FF4A3
S2140325A000212C4A28F40028D161002E00F018815F
S2140325B0320540F18A802848DFF88490C27827499C
S2140325C0002A51D04FF40063013AD2B24B66C27070
S2140325D032B9234A1278C2B140F60141214A516703
S2140325E0002200216EE04BF4803B1BE74BF4006BAC
S2140325F018E74BF4806B15E74BF4807B12E74BF040
S214032600080B0FE74BF4001BCFE7D9F8782012F43A
S214032610A05F15BF4FF4807240F60142C9F85820F8
S214032620C9F87820DCE700BF000002B8004000B815
S214032630613B0020603B0020633B0020003000B07D
S21403264000C001B800000101623B0020A80D002075
S214032650088D0100002002B8503B002000E001B8BE
S214032660653B002000D001B80320FDF75FF8D9F8DA
S2140326701420A34B12F0060F04BF41F61F72A149A4
S214032680A14808BF4A674FF400619E4A5166D9F8CD
S214032690142012F0060208BFC9F87820B3F88E207B
S2140326A012F400615DD022F40062A3F88E20027853
S2140326B002F0FF09002A58D1FDF770F9FFF7AAFBCD
S2140326C04A4620214BEA020B0C43B30009D52E20C1
S2140326D0FCF762FF4FF000518A4A44F00804116782
S2140326E05166F00606D52B20FCF756FF1021854AC7
S2140326F01167516616F0306F05D1F1045DD5BAF156
S214032700000F00F0A780320111D52920FCF744FF03
S214032710FFF780F948B17D4A7D487A494A660267E1
S21403272000F54050C068430422D444F0040416F075
S214032730007A28D00420FCF7F9FF2720FCF72CFFAB
S214032740FFF768FB4FF000716E4A5166714AD2F884
S214032750F01E490678D4704A0221916044F00204C0
S21403276028E002784FF40052ACE74FF4004238E713
S2140327700A6720204A66FCF70FFF2D2044F00C045E
S214032780FCF70AFFD3E716F0807FDFF8909146D078
S2140327900420FCF7CBFF2820FCF7FEFED9F87820B0
S2140327A0002A39D1FFF736FB564A584944F001044C
S2140327B0116751660021594A9165320405D5584A76
S2140327C0126890474BEA000B0C43730508D555492E
S2140327D08A78002A00F08E80013A8A700022174316
S2140327E03A4658462146FEF731FF019B0BB1FCF7EC
S2140327F0FDFA01224C4B05F00435C3F814514B4B3C
S21403280018F4002FC3F884211EBF4FF40022424B56
S214032810DA6105B0BDE8F08FC9F878A0C4E7F00424
S214032820C8D50420FCF782FF414AC9F87420FDF797
S214032830B5F8D9F8642012F0407FBBD12A20FCF704
S214032840ABFEFFF7E7FA81E7D2F8C82E930685D4E6
S214032850384A81E733490A7952B1013AD2B20A714A
S21403286012B92B4A3449516700224BEA020BA4E7FC
S2140328700420FCF75BFF0320FCF758FF274A2C498C
S214032880516719F00AF981460DF10F00FDF7FEFBBB
S2140328902A4A824612780AB1FEF748FEBAF1030FB7
S2140328A00ED1DFF8A0A00020FDF7F0FB032807D128
S2140328B0DAF82820D007F6D4DAF84420D103F2D485
S2140328C09DF80F20032A06D101211D4A48461170A0
S2140328D019F0D6F8C8E74FF03A42D2F8142112F4AA
S2140328E0A02FF1D1FEF736FE484619F0C9F84FF48B
S2140328F08042BAE70220FCF719FF01226FE700BF08
S214032900003E00B000E001B8653B00201000002048
S21403291000D001B8003000B0002002B800C001B8F3
S2140329208C400020503B0020002000BA00E100E06D
S21403293000000101001002B80000010D643B0020F6
S214032940603B0020000002B80122024B1A62DA61E3
S214032950704700BF002002B8094A08B5D369116A58
S2140329600B40084923F47F00DB07C86106D5D1680E
S2140329704FF0FF30C1F3036115F062F908BD00BFE5
S214032980000002B8002002B80C4A08B5536C926CDB
S21403299013400B4A5364DB070FD50A4B40F6E1326C
S2140329A01878122100F00100F9F766FEBDE808402A
S2140329B0002201200021FEF749BE08BD00C000B872
S2140329C000E000B8A80D0020184B70B51C6C5A6CBC
S2140329D01440174A24F002011164E10705D54FF4A9
S2140329E0446200201968F9F747FEA2071CD50222A5
S2140329F00F4B1A64A3F500535B68DBB2A3B9FCF76D
S214032A00D9FF04460D460B4ED6F8F433DB060BD53A
S214032A10FCF7D0FF02460B4620462946FCF774FE19
S214032A20652871F10001EFD370BD00BF008002B8C6
S214032A3000A002B8000002B838B50B4C0B4DD4F812
S214032A408430DB0706D4A36FD4F884201340084AE7
S214032A50936738BDD5F804311A06F0D5FFF7B4FFEF
S214032A608023C5F88431EAE7008001B800E100E07E
S214032A7000A001B870B514460D4619F00EF8064BC3
S214032A80D3F8C86E74402C407440C3F8C84E18F090
S214032A90F7FF06EA050070BD003000B0034BD3F81D
S214032AA0C83E99430CBF012000207047003000B099
S214032AB01E4BD3F8C83E13F001001ED01C4B93F8F0
S214032AC04C001C4A40F08073C2F8CC304FF480139D
S214032AD01949C1F8B430A1F58051C1F8B830D2F81D
S214032AE00C31DBB2FF2B1FD0984294BF002001208D
S214032AF040F66A523C21F9F7BFBD1A06E1D40F4AE5
S214032B0092F84B1121B1DB0602D592F84801D8E7BB
S214032B104FF480120020084B0649C3F8B820C1F8CA
S214032B20CC00C3F8B42070470120E1E7003000B0C2
S214032B30003F00B0004000B8006000B8003E00B0A0
S214032B4053B94AB9002908BF00281CBF4FF0FF310C
S214032B504FF0FF3000F082B9ADF1080C6DE904CEFA
S214032B6000F006F8DDF804E0DDE9022304B0704760
S214032B702DE9F04F099D0C46002B4DD18A420F4696
S214032B8084469646B2FA82F360D94BB102FA03FE44
S214032B90C3F120029F4000FA03FC20FA02F2174317
S214032BA04FEA1E461FFA8EF44FEA1C42B7FBF6F1B5
S214032BB006FB117701FB04F042EA0742904208D96C
S214032BC01EEB020201F1FF3702D2904200F231817E
S214032BD03946121A1FFA8CFCB2FBF6F006FB1022DB
S214032BE000FB04F44CEA024C644508D91EEB0C0CBB
S214032BF000F1FF3202D2644500F21E81104640EA1D
S214032C000140ACEB040C002125B12CFA03F300229F
S214032C10C5E90032BDE8F08F8B4205D90DB1C5E991
S214032C20000100210846F5E7B3FA83F100294DD1E8
S214032C30A342C0F0F380904280F0F080064623461D
S214032C400846002DE6D0C5E90063E3E7002B40F015
S214032C50A3808A1A4FEA1E471FFA8EF60121B2FB9B
S214032C60F7F407FB14204FEA1C4242EA004206FB35
S214032C7004F090420FD91EEB020204F1FF382CBF7A
S214032C804FF001094FF00009904203D9B9F1000F44
S214032C9000F0CC804446121A1FFA8CFCB2FBF7F005
S214032CA007FB102200FB06F64CEA024C664508D9E1
S214032CB01EEB0C0C00F1FF3202D2664500F2B38025
S214032CC01046ACEB060C40EA04409DE7C1F1200633
S214032CD08B4004FA01FE22FA06F720FA06FCF440BB
S214032CE08A401F434EEA0C0300FA01FE4FEA1748D8
S214032CF04FEA13491FFA87FCB4FBF8F008FB1044AD
S214032D0049EA044400FB0CF9A1450ED93C1900F12D
S214032D10FF3A2CBF4FF0010B4FF0000BA14503D930
S214032D20BBF1000F00F08B805046A4EB09041FFA9A
S214032D3083F9B4FBF8F308FB134403FB0CFC49EAE2
S214032D400444A44506D93C1903F1FF3801D2A4452F
S214032D507BD8434643EA0040A4EB0C04A0FB02984E
S214032D604445CC46434602D306D1CE4504D2013869
S214032D70B9EB020C68EB0703002D6CD0BEEB0C021C
S214032D8064EB030422FA01F304FA06F6CC400021AE
S214032D901E43C5E900643DE702FA03FEC3F12001C2
S214032DA004FA03F200FA03FCCC404FEA1E4720FA6B
S214032DB001F11FFA8EF6B4FBF7F00A4307FB104443
S214032DC0110C41EA044100FB06F48C420ED91EEBBB
S214032DD0010100F1FF382CBF4FF001094FF0000945
S214032DE08C4202D9B9F1000F2CD04046091B92B28F
S214032DF0B1FBF7F407FB141142EA014204FB06F1A8
S214032E00914207D91EEB020204F1FF3801D2914228
S214032E101ED84446521A44EA004120E7861A64EB59
S214032E20030301200DE7F44402384AE7023C7244E8
S214032E3031E702397244CCE6F4440238DFE602385E
S214032E403C4472E702387144D0E7023B3C4481E7D6
S214032E50023C7244DEE72946DCE600BF704700BF4B
S214032E6008B5064B044613B10021AFF30080044BAC
S214032E701B6803B1984720460AF0F0FA00000000EA
S214032E8054390020002310B5044683608181194617
S214032E904366C28108228361C0E90033C0E9043374
S214032EA05C3015F006F80D4B246263620C4BA3628C
S214032EB00C4BE3620C4B23630C4B9C4206D003F192
S214032EC06802944202D0D0339C4205D104F15800E4
S214032ED0BDE8104014F0F5BF10BD00BF5D7D0400D3
S214032EE07F7D0400B77D0400DB7D04001C380020D2
S214032EF0024A0349034814F0BEBE00BFB040002098
S214032F00D5810400C040002041680C4B994210B59F
S214032F10044601D015F05EF9A168094B994202D028
S214032F20204615F057F9E168064B994204D020462F
S214032F30BDE8104015F04EB910BD00BF1C38002088
S214032F4084380020EC38002010B50B4B04210B4CC2
S214032F500B4A20461A600022FFF794FF04F168002C
S214032F6001220921FFF78EFF04F1D000022212216D
S214032F70BDE81040FFF786BF543900201C380020F8
S214032F80F12E0300014814F09DBF00BF663B0020EE
S214032F90014814F098BF00BF663B002010B50446F6
S214032FA0FFF7F0FF236A1BB1BDE81040FFF7F0BF41
S214032FB0044B2362044B1B68002BF5D1FFF7C4FFB9
S214032FC0F2E700BF092F0300543900200FB407B5FA
S214032FD0064904AB086853F8042B8168019300F094
S214032FE0B1FA03B05DF804EB04B07047BC400020B0
S214032FF0024B0146186814F05CBE00BFBC400020BC
S2140330002DE9F7431D46574B04460E461F68904668
S21403301027B13B6A13B93846FFF7C0FFB8F1020F72
S21403302006D0B8F1010F00F29980002DC0F2968009
S214033030636ED90705D4A3899A0502D4A06D14F04C
S21403304041FF2146384615F0C5F8616B41B104F1DE
S2140330504403994202D038460AF02CFE00236363E9
S2140330600023A3616360A3891B0603D52169384641
S2140330700AF020FEA389B8F1020F23F44A6323F073
S2140330800303A38160D001AB6A462146384615F098
S214033090C9F8A3891843A0812DBB009D284600F0DC
S2140330A04DF90646002851D1DDF80090A9453FD1D9
S2140330B04FF0FF35B4F90C3043F00202A281002230
S2140330C0A26004F147022260226101226261626EFD
S2140330D0D60704D4980502D4A06D14F0F4FE28464F
S2140330E003B0BDE8F083002ED8D03B6A13B9384648
S2140330F0FFF754FFB8F1010F266002BFA38943F020
S2140331000103A381B4F90C3013F00802C4E9046583
S2140331101ED0D90745BF00226D42A560A26048BFF6
S214033120A561626ED20701D49B0513D50025D6E7A9
S214033130484600F003F906460028B9D0A3894D4651
S21403314043F08003A381D0E70025B3E7A946F5E75C
S214033150A260E6E7A06D14F0B6FEE7E74FF0FF3592
S214033160BDE700BFBC4000200EB400B59CB06FF0B6
S21403317000411DAB02900690079104910848094947
S21403318053F8042B059102A90068019300F0DEF8BA
S214033190029B00221A701CB05DF804EB03B0704764
S2140331A0BC4000200802FFFF0B460349024608689E
S2140331B0816800F0C7B900BFBC40002038B5294B72
S2140331C005460C46186818B1036A0BB9FFF7E6FE06
S2140331D0B4F90C30190722D4DA0607D409222A6078
S2140331E043F040034FF0FF30A38133E0580712D576
S2140331F0616B41B104F14403994202D028460AF0B8
S21403320059FD00236363A38923F02403A3810023CA
S214033210636023692360A38943F00803A3812369BA
S2140332204BB9A38903F42073B3F5007F03D021467B
S214033230284615F01CF8B4F90C3013F001020AD036
S2140332400022A26062695242A261226942B913F067
S2140332508000C5D138BD990758BF6269A260F4E7FC
S2140332600020F7E7BC40002038B50023054D044690
S21403327008462B600AF0ECF8431C02D12B6803B116
S214033280236038BD5839002038B50446064D084635
S214033290114600222A601A460AF0F5F8431C02D1AA
S2140332A02B6803B1236038BD5839002038B504466F
S2140332B0064D0846114600222A601A460AF0EBF825
S2140332C0431C02D12B6803B1236038BD5839002054
S2140332D038B50446064D0846114600222A601A46AB
S2140332E00AF0F1F8431C02D12B6803B1236038BD02
S2140332F05839002070B50D4D00260D4C641BA410E4
S214033300A64209D10B4D00260B4C18F0C9FE641BD0
S214033310A410A64205D170BD55F8043B0136984764
S214033320EEE755F8043B01369847F2E77441002070
S214033330744100207441002078410020024B01466E
S21403334018680AF0AABC00BFBC4000202DE9F04F65
S21403335098468B899DB007461B060D46144610D526
S2140333600B6973B940210AF098FC2860286130B9CC
S2140333700C233B604FF0FF301DB0BDE8F08F4023B9
S2140333806B610023CDF80C804FF00109DFF8A081B4
S214033390099320238DF8293030238DF82A302346CD
S2140333A09A4613F8012B0AB1252AF9D1BAEB040B76
S2140333B00BD05B4622462946384614F092FD013070
S2140333C000F0A780099A5A4409929AF80030002B15
S2140333D000F09F8000234FF0FF320AF1010A0493A6
S2140333E007938DF853301A93CDE9052354460522E7
S2140333F04F4814F8011B14F076FF049AD8B9D00688
S21403340044BF20238DF85330110744BF2B238DF878
S21403341053309AF800302A2B15D0079A54460020CA
S2140334204FF00A0C214611F8013B303B092B4BD9D0
S214033430B0B1079214E0A0EB0803A24609FA03F31F
S21403344013430493D2E7039B191D1B68002B0391B8
S214033450BBBF5B4242F0020207930793B8BF0492D6
S21403346023782E2B0AD163782A2B32D1039B02347E
S2140334701A1D1B6843EAE37303920593DFF8C0A0A3
S21403348003222178504614F02EFF38B1A0EB0A0031
S2140334904022049B013482401343049314F8011B17
S2140334A0062224488DF8281014F01DFF002836D075
S2140334B0214B1BBB039B073323F0070308330393FC
S2140334C0099B334409936AE70CFB02320C4601203E
S2140334D0A8E7002301344FF00A0C1946059320464B
S2140334E010F8012B303A092A03D9002BC6D00591D0
S2140334F0C4E70CFB012104460123F0E703AB2A468D
S21403350004A9384600930D4BAFF30080421C0646D1
S214033510D6D1AB895B063FF52DAF09982CE703ABF5
S2140335202A4604A938460093044B00F023F9EDE736
S2140335304E1305005813050000000000E37E040048
S214033540541305002DE9F04F0D469DB014469846DA
S214033550064618B1036A0BB9FFF720FD6B6ED90751
S21403356005D4AB899A0502D4A86D14F0ABFCAB89DD
S2140335701B0701D52B699BB929463046FFF71EFE6C
S21403358070B16B6EDC0704D54FF0FF301DB0BDE89D
S214033590F08FAB899805F7D4A86D14F094FCF3E785
S2140335A00023CDF80C804FF00109DFF8B4810993AE
S2140335B020238DF8293030238DF82A3023469A4667
S2140335C013F8012B0AB1252AF9D1BAEB040B0BD059
S2140335D05B4622462946304614F0F5FC013000F0DF
S2140335E0A780099A5A4409929AF80030002B00F0F3
S2140335F09F8000234FF0FF320AF1010A04930793DA
S2140336008DF853301A93CDE90523544605225448C2
S21403361014F8011B14F067FE049AD8B9D10644BF08
S21403362020238DF85330130744BF2B238DF85330D4
S2140336309AF800302A2B15D0079A544600204FF0EC
S2140336400A0C214611F8013B303B092B4BD9B0B18C
S214033650079214E0A0EB0803A24609FA03F3134308
S2140336600493D2E7039B191D1B68002B0391BBBF72
S2140336705B4242F0020207930793B8BF0492237893
S2140336802E2B0AD163782A2B32D1039B02341A1DC0
S2140336901B6843EAE37303920593DFF8D4A003227F
S2140336A02178504614F01FFE38B1A0EB0A004022E2
S2140336B0049B013482401343049314F8011B06222F
S2140336C028488DF8281014F00EFE00283FD0264B0D
S2140336D01BBB039B073323F0070308330393099BA2
S2140336E03B4409936AE70CFB02320C460120A8E729
S2140336F0002301344FF00A0C19460593204610F8B0
S214033700012B303A092A03D9002BC6D00591C4E70A
S2140337100CFB012104460123F0E703AB2A4604A968
S21403372030460093114BAFF300800746781CD6D182
S2140337306B6ED90705D4AB899A0502D4A86D14F02D
S214033740C2FBAB895B063FF51FAF09981EE703ABC9
S2140337502A4604A930460093044B00F00BF8E4E72E
S2140337604E1305005813050000000000C77F040031
S214033770541305002DE9FF470F7E914680460C46FD
S214033780782F9A460C9E01F1430207D8622F0AD877
S214033790002F00F0DD80582F00F0C38004F14206AE
S2140337A084F842703AE0A7F16303152BF6D801A11B
S2140337B051F823F00D380300213803009D3703002A
S2140337C09D3703009D3703009D3703002138030010
S2140337D09D3703009D3703009D3703009D37030085
S2140337E037390300AF380300EF3803009D37030073
S2140337F09D370300593903009D370300AF38030094
S2140338009D3703009D370300F738030033681A1DFE
S2140338101B68326004F1420684F842300123A8E0B4
S21403382031682368081D30601E0601D50D6803E065
S2140338305D06FBD5B1F90050002D616878DA2D20BE
S2140338400029A16084F843002DDA6D425D480A23FF
S2140338501646B5FBF3F103FB1157C75D06F8017D6A
S2140338602F460D46BB42F4D9082B0BD12368DF073E
S21403387008D5236961689942DEBF302306F8013C08
S21403388006F1FF36921B22614B4603AA21464046A9
S214033890CDF800A014F0A9FB01306FD14FF0FF3034
S2140338A004B0BDE8F08723F004032360CDE7216866
S2140338B03368080653F8045B02D4490648BFADB222
S2140338C06F2F33603F4814BF0A230823002184F870
S2140338D043106668002EA660BADB216821F0040157
S2140338E02160002DB4D1002EB2D11646BCE7236862
S2140338F043F02003236078273348236884F8457011
S2140339001F06316851F8045B02D45F0648BFADB2A8
S2140339103160D90744BF43F0200323601DB1102351
S214033920D4E72848E9E7236823F020032360F6E773
S21403393024480A23CDE733682568181D616930607B
S2140339402E061B6801D5196002E06806FBD51980B0
S21403395000231646236197E7336800211A1D326059
S2140339601E686268304614F0BEFC08B1801B6060B7
S21403397063682361002384F8433085E7236932466E
S21403398049464046D047013088D023689B0714D465
S214033990E068039B9842B8BF184681E70123324686
S2140339A049464046D04701303FF478AF0135E368D7
S2140339B003995B1AAB42F1DCEAE7002504F119062A
S2140339C0F5E700BF5F1305007013050038B5002345
S2140339D0064D0446084611462B6009F043FD431C7A
S2140339E002D12B6803B1236038BD00BF58390020CD
S2140339F038B50023054D044608462B6009F03DFD07
S214033A00431C02D12B6803B1236038BD583900200C
S214033A10BAFE400A704700BF094A5168C84390FA85
S214033A20A0F048B1B0FA80F0042805DC01238340F7
S214033A300B43536040B270474FF0FF30704700BFF0
S214033A40843900200021034B28220348C3E90011D0
S214033A5014F02FBA843900205C39002038B50546A7
S214033A60FFF7DAFF04460448294600EBC40014F0C7
S214033A70AFFC204638BD00BF5C390020C3B2042B20
S214033A8010B515D804230B4A03EBC003134453E8BD
S214033A90002F0A4343E80024002CF8D101220649EC
S214033AA0824051E8003F134341E800300028F8D134
S214033AB010BD00BF5C39002084390020F7B54FF0F5
S214033AC0040C01260827184A1849194D106800B334
S214033AD00B7806FA03F420421DD0E04352E8004F69
S214033AE0044042E8004EBEF1000FF7D117FB03C3B4
S214033AF02B4453E8000F43E800E4002CF9D101906F
S214033B0048B1087801AA0B4905EBC00014F09CFCE9
S214033B10012003B0F0BD0B78506883422EBF00230C
S214033B200133DBB20B70D1E784390020673B0020FA
S214033B305C39002078563412024B1868003818BFD8
S214033B40012070478439002038B505460C4617F027
S214033B50BEFF084B1B6853B1D3E9042395429C412F
S214033B602CBF0124002417F0A4FF204638BD1C46B2
S214033B70F9E700BF9C3900202DE9F0414FF0FF34F0
S214033B8025460746884617F0A2FF144B1E68A6B9BB
S214033B9017F08FFFB5F1FF3F08BFB4F1FF3F08D022
S214033BA0BC4275EB080316D3E71B65EB08083C46D7
S214033BB0454620462946BDE8F0817269D6E90331B9
S214033BC05B1842F10002A34272EB05013CBF1C46A0
S214033BD015467668DBE734463546EAE79C39002027
S214033BE02DE9F74F109F0E46DDE90CA915469DF803
S214033BF03CB008B1026882B93FB129463046B8479F
S214033C0040F2034003B0BDE8F08F002DF8D0002E3D
S214033C10F6DB284615F035F8F2E7019017F057FF64
S214033C208046584600F0EEF90446404617F041FF3A
S214033C30019B8CB947B129463046B8470320314625
S214033C4000F09EFB1A20DDE7002DF7D0002EF5DBF3
S214033C50284615F016F8F1E7256200252360DFF8FD
S214033C6080800E9BC4E906A9A660E360A762D8F825
S214033C70003084F824B0656098471AEB000649EBD9
S214033C80010917F024FF144B0746D3F800E0C4E9F4
S214033C90046972462AB1D2E90401864279EB01012E
S214033CA011D2A5B9C4F804E01C600C4B1C682CB1F7
S214033CB0D8F800309847FFF75FFFA047384617F05D
S214033CC0F8FE00209EE7516815460A46E2E76A6852
S214033CD062606C60E9E700BF9C3900208C390020E5
S214033CE0943900202DE9F74F4FF0000881460D4622
S214033CF092461E4617F0EBFE4746DFF87CB001906F
S214033D00DBF800408CB9B8F1000F08D0184B1C68DC
S214033D102CB1184B1B689847FFF72EFFA047019856
S214033D2003B0BDE8F04F17F0C4BE22684A4511D170
S214033D302DB1A268296822F000428A420AD126B928
S214033D40626857B9CBF8002008E05146206AB047AE
S214033D500028F5D027466468D4E77A60D4F8048050
S214033D60204614F0E1FA44464FF00108CAE700BFC4
S214033D708C390020943900209C390020014B1860B0
S214033D80704700BF8C39002070B50E4609490446BB
S214033D900846154609F06AFE0023074A30211360D9
S214033DA0064A06201660064A15602246BDE870409D
S214033DB000F0C2B8811305009C3900209439002016
S214033DC09039002070B50446164618460022002394
S214033DD086B0CDE904230B4B0D461B6813B921208F
S214033DE006B070BD04A998470028F8D1DDE904237E
S214033DF00290CDE9002329463246204614F0CEFA37
S214033E00EEE700BF90390020F8B5054610200F46B0
S214033E10164600F0CBFA044601461022074809F07E
S214033E203AFE44B101230020E3602B68C4E901761F
S214033E3023602C60F8BD1A20FCE700BF8113050041
S214033E402DE9F84F814688460027DFF8B4A0294EAF
S214033E5048464146FFF778FED8B917F038FE264B9A
S214033E6006461B689847FFF787FE05460C464FB184
S214033E70B1F1FF3F08BFB0F1FF3F03D01F4B1B68F4
S214033E8003B19847304617F014FE28462146BDE88E
S214033E90F88F17F01CFEDAF8004084B16368CAF89E
S214033EA0003017F006FEA368346033F000430AD1EF
S214033EB0306814F039FA002301273360C8E717F097
S214033EC0F8FD3460C4E72368002BF1D01D68002D8D
S214033ED0EED0A26832F00043EAD0D5E9007B236A2D
S214033EE02168A868D8470028E2D1002FE0D03D46D5
S214033EF0EFE700BF98390020943900208C39002062
S214033F009C390020F8B504460D4617F0E0FD094B32
S214033F101B684BB1D3E90667C4E90067DB682B600F
S214033F20BDE8F84017F0C5BD00260027C4E90067C2
S214033F30F5E700BF983900202DE9F0474FF6FC78E7
S214033F40002416461B4F03311B4B07EB001501EAF3
S214033F5008084FEA001A1B686A80814627F80A8019
S214033F6002FB08F0EC60984718FB06F39BB2024688
S214033F7068602B81D8B11149284651F8291009F0F9
S214033F807CFD21462A89686813F093FF2146234661
S214033F909E4204DC002057447E80BDE8F0876A68B2
S214033FA0E868541850500133EC604144F0E71A2097
S214033FB0F3E700BFEC330020A039002050140500BF
S214033FC038B5094C04EB00156B682BB1284609F08D
S214033FD05DFD686814F055FE2846BDE8384010229B
S214033FE0002113F066BF00BFEC330020034B020131
S214033FF0C3E900100021024813F05BBFA03900207C
S214034000EC33002038B5094B020103EB0015EC68CE
S214034010284621469A5A09F03EFD24B12368EB60F0
S2140340206B88013B6B80204638BD00BFEC33002015
S214034030024B03EB00139878704700BFEC33002065
S21403404030B4064C04EB0013DD685A880D60013269
S214034050184630BCD9605A8009F024BDEC330020E2
S214034060044A010102EB0013505A10B11B89B3FB3B
S214034070F0F07047EC3300200020124B10B5187098
S214034080114B124C1860124B206018706060A060D1
S214034090FFF7E6FF80B2A0F10E036380A0F11403DE
S2140340A0013060810B49201DE38009F0DFFC2046C8
S2140340B0094909F0DBFC04F108000849BDE8104093
S2140340C009F0D4BC693B0020C0390020563A0020D2
S2140340D0683B002088140500911405009B14050016
S2140340E070B5044680B317F0F2FC637905466FF3A8
S2140340F082036371237913F0100605D0102323710E
S214034100BDE8704017F0D5BC104903F0030331F83F
S21403411023203046013A21F823202146FFF790FF5B
S2140341200B4B0C4E1C681CB90A4B28461C70E7E761
S214034130237A1BB933781BB92468F4E7012BFBD128
S214034140204663689847F7E770BD00BF563A0020DD
S214034150C0390020693B002010B5044617F0B7FCB1
S214034160034B1A6822601C60BDE8104017F0A1BC20
S214034170C039002010B5064B00F0E0001A78541C36
S2140341801C70044B03F8320003EBC203596010BDE6
S214034190683B0020A83900202DE9F04F0446460767
S2140341A089B048BF00F0F7040492029117F08FFC21
S2140341B0604E04F0030706EB870336F827205B8878
S2140341C081469A4204F0EF0A4FEA870830D200206D
S2140341D0FFF718FF054638B336F82730484601334D
S2140341E026F8273017F065FC284614F0B7FB029B29
S2140341F0029AAB71049B85F804A01344EB7117F085
S21403420066FC80464C4B1C68002C40F08B80404676
S21403421017F04FFC06EB87004522294609F03BFCC6
S214034220284609B0BDE8F08F01224846434B1A7072
S21403423017F03FFC25071DD51F2C1BD904F0E00300
S214034240B044039317F043FCB8F8023036F82790CF
S2140342504FF0000B99452CBF00230123DFF8E480C1
S214034260019317F026FC06EB87030593344B1B7864
S2140342709B4508D384F004005146C0F3800000F049
S2140342807FF80025C6E798F80030039A1A4204D050
S214034290D8F80490D9F8003023B90BF1010B08F1D4
S2140342A00808E3E707935A79D00708D51A79510720
S2140342B005D5019941B98AEA0202920704D09946C4
S2140342C01B68002BEFD1E5E7484614F0ADF90579F6
S2140342D0079007A814F08AF92946002000F050F842
S2140342E017F0F5FB059B36F827205B8805469A42B0
S2140342F034BF01230023019309D20020FFF782FE77
S214034300079058B136F82730013326F82730284669
S21403431017F0CFFB079D002DBCD065E70122074BA6
S2140343201A70F4E7237A012B02D120466368984774
S214034330246869E7563A0020C0390020693B00200C
S214034340683B0020A83900200022014B1A60704702
S214034350C439002010B5044617F0B9FB074A1368A2
S2140343602BB914602360BDE8104017F0A2BBA3422C
S21403437002D01A461B68F3E710BD00BFC4390020FD
S21403438070B505460E46054B1C6804B970BD6368D8
S2140343903146284698472468F7E700BFC43900200B
S2140343A00149084609F062BBA8140500012838BF76
S2140343B0012038B5C41C24F00304204609F078FB1A
S2140343C0054601462246084809F065FB2DB92146F5
S2140343D00220FFF7D5FF284638BD2246002128468F
S2140343E013F067FDF7E700BFA814050010B5064CE9
S2140343F0237823B90CF0E7F818B9012323700020BB
S21403440010BD40F20740FBE76A3B002038B50B4B74
S21403441004461B780D464BB1214628460BF04DFF4C
S214034420002840F2074008BF002038BD044905486D
S214034430FFF7DCFF0028EFD0F7E700BF6A3B00205A
S214034440EFBEADDEBEBAFECA436A70B55904044673
S21403445016D4154A03F4004392F82B20012A10D1F0
S214034460826A92040DD4002B00F101010CBF532085
S214034470142010F09EF918B9636A43F008036362C8
S21403448070BD002BFCD1094D661C29463046F3F758
S2140344907FFF0028F4D12B68C4F80130AB88A4F85A
S2140344A00530AB79E371E7E7403300204F33002054
S2140344B02DE9F041244E86F82A00002841D000EB6F
S2140344C0C000C100002301220420FFF735FD054686
S2140344D058B90420FFF796FD4FF048082F46306082
S2140344E096F82A30AB4203DC00252846BDE8F08167
S2140344F03468002108FB05441422A76104F1340044
S21403450013F0D7FCA0224FF4A073C4E907230723B4
S21403451004F1100084F83130E773E77114F066F89D
S21403452004F1140014F062F8204614F0AEFB40F2D7
S2140345300113E3857F23A76284F83230676201356F
S214034540CEE73060D0E700BF40330020084A03467A
S21403455092F82A10814209D9106840B103EBC303CD
S21403456000EBC300406A00F001007047002070476C
S2140345704033002038B504460D46FFF7E7FF0346F1
S21403458040B10020044B04EBC4041B6803EBC403D4
S2140345902B6038BD2120FBE7403300202DE9F04F88
S2140345A00446344A93B0106851680FAB03C390684F
S2140345B012AA1860E37B94F82E7002EB430333F8D9
S2140345C00C1C636A94F82F60DA0444D40126374639
S2140345D041F0100194F80E80C3F340495B0348BFD3
S2140345E049F002098BB288F00808012F94F800A05E
S2140345F094F831500B9304F1080BD4E90723C8F35E
S214034600C00894F9324005D0022F03D0042F14BFFC
S21403461000270327012E05D0022E03D0042E14BF35
S214034620002603265046CDE90C2314F0D2FBDDE921
S2140346300C230121CDE90760CDE900515046CDE9B1
S2140346400547CDE903B90B99CDF8088000F0E4FDE2
S21403465013B0BDE8F08FA26A950648BF41F020016B
S214034660500648BF41F04001DA0348BF41F0040159
S214034670B0E700BFB214050037B5044648B1047866
S2140346802046FFF763FF10B9002003B030BD0134A6
S214034690E4B2074D95F82A30A342F5D9204601A97E
S2140346A0FFF768FF08B90198EFE70134E4B2F1E7D2
S2140346B040330020014B93F82A0070474033002014
S2140346C02DE9F04F054600F1100A87B0504605F174
S2140346D0140B0C46174613F089FF584613F086FF53
S2140346E0002014F047F90646002800F00381012F46
S2140346F040F2726818BF4FF01F08012C60D0022CDE
S2140347000CBF062404240221304614F0C8FA012103
S214034710304614F0C4FA2146304614F0C0FA304648
S21403472013F0E9FF012384B2A8EB04010A220093E5
S21403473089B242F60723304614F001FB04230444EF
S214034740A4B2A8EB04010093122242F604233046D7
S21403475089B214F0F4FA0719BFB2A8EB0709B9F146
S214034760010F04962EDC0024644F97F82B30002BA1
S21403477000F0A080504613F039FF6B6A2E6143F0B9
S21403478080026A62DB0400F1A78097F82B000028FA
S21403479040F0A28014F0EEF80590002800F09C800C
S2140347A0414614F087FA002800F0A0805846059C7E
S2140347B013F01CFF6B6A6C6143F480736B628BE0CF
S2140347C00524A0E7002014F0D5F805900028CAD0E9
S2140347D00221F4F749FBA8F10204E41BA4B28442C5
S2140347E0074611D224F001018BB2411A05A80393A0
S2140347F014F023F8039B1F4602233FB90598E0B93C
S21403480005A813F0F3FEAEE70323F6E7791C049836
S214034810C9B2039314F043FA039B0498194614F0A1
S2140348203EFA059904A814F081F8002014F0A2F8C3
S2140348300590002832D0E41BA4B2022C38BF022411
S214034840A31E9BB20F2B30D910210393F4F70CFB56
S214034850039B044683421ED223F00F018BB2411AF8
S21403486005A8039313F0E9FF039B1C460623611C6C
S2140348700498C9B2039314F012FA039B04981946DA
S21403488014F00DFA059904A814F050F8BB1C1C4448
S214034890A4B23FB968E740B10723E8E705A813F0D9
S2140348A0A5FE3C460234A4B25EE705A813F09EFEBE
S2140348B03C46EEE7A9EB040189B2304614F0FAF958
S2140348C00446504613F092FE6B6A2E6143F0800254
S2140348D06A62002C3FF456AF686A10F010000AD0E4
S2140348E0284607B0BDE8F04F14F0AEBA05A813F09B
S2140348F07DFEF1E71A2007B0BDE8F08F40330020B5
S2140349008378F7B5122B0E4635D10B689A790C329D
S2140349101344DD781F790DB145F48055384601A957
S214034920FFF728FE88B9019C636A23F010036362CD
S2140349308DB93946A069621C104B00F07BFA22221F
S21403494029460E48A56113F0B4FA304603B0BDE815
S214034950F04013F04BBE204614F097F9636A5A06EC
S21403496003D523F040036362EFE7384604F13401CE
S214034970F6F7DAF8E9E703B0F0BD00BF6E330020C0
S21403498073B5144D144C6A68236802F0800103F073
S21403499002030B431BD053064CBF0126A67AF3F73C
S2140349A091FC0196837983F00803C3F3C003009355
S2140349B0E388A288217A607A00F0EAFB40B923688C
S2140349C023F0020323606B6823F080036B600020F0
S2140349D002B070BD40330020C839002001210020FA
S2140349E0054BA3F10802C3E9000043F8081C4FF087
S2140349F01013517253607047D0390020032910B545
S214034A0010D9032A0ED991420CD301280AD8064C92
S214034A1020720020A3722368A18043F00203E28081
S214034A20236010BD2120FCE7C8390020014B187B0A
S214034A30704700BFC8390020074BDA7A4AB95A7A5A
S214034A4082421FBF1A68587242F002021A60FFF7CA
S214034A5097BF0020704700BFC8390020024BD87AA2
S214034A60003818BF01207047C839002070B5224EA1
S214034A70716811F002013AD1204D2B68580706D50C
S214034A80084600F0ABFB2B6823F004032B602B686F
S214034A90726803F0080302F00402134310D0F3F71E
S214034AA011FC83791A071FD5F5F776FE0446C8B9B5
S214034AB02B6823F008032B60736823F004037360EA
S214034AC0FFF75EFF044668B9EB7A5BB12B685B07BA
S214034AD008D40121084600F081FB50B92B6843F047
S214034AE004032B60204670BDF5F73AFEDEE711247B
S214034AF0F8E70446F6E700BF40330020C839002035
S214034B0070B5124C257B637B22689D42B8BF1D4659
S214034B109207E37AEEB201D4B34215D01BB1002359
S214034B20E372FFF7A3FFE67275B1094B93F82B30D8
S214034B30012B05D1236843F002032360F5F7B4FB8A
S214034B40BDE87040FFF792BF002070BDC839002053
S214034B5040330020022938B504460D4601D92120EA
S214034B6038BD14F09FFA0028F9D00E4B1A7BB2B961
S214034B701A68D10742BF22F0010242F002021A600D
S214034B80094A525D1A735A7AA2421FBF1A685C72A8
S214034B9042F002021A60BDE83840FFF7B1BF0220B8
S214034BA0DEE700BFC8390020BE140500032805D180
S214034BB00A4A136843F00803136008E0012808D183
S214034BC0064BDA7A42B11A6842F008021A60FFF717
S214034BD04DBF10F0FD0FEBD000207047C839002002
S214034BE00020094B10B55862F3F72CFA04461CB99B
S214034BF0BDE81040F3F7BEBA204641F2160114F0A2
S214034C0063FA6468F3E700BF40330020A0F11B0398
S214034C10E02B10B5044618D8042142F2240011F004
S214034C20EFFE6FF06F0343714223A0F803408371D6
S214034C300748EDF719FE11F011FF407920B111F086
S214034C400DFF407940F4805010BD2120FCE700BFE3
S214034C50C32B04002DE9F0439946002387B00F9E2B
S214034C60334C3360636A07460D46904613B10223FE
S214034C70336012E011F0E5FF074213D037EA000075
S214034C8010D1012F01D0042F0CD1284633464946B4
S214034C900E9A14F0B3FA054630B90025284607B035
S214034CA0BDE8F0832123E3E73846FFF7C5FE30600F
S214034CB0002833D194F82B30012B18D16368DB0717
S214034CC015D4DFF87090484600F0FAFE306028BB33
S214034CD06368A06843F00403B9F80420636099F896
S214034CE00630C5F85A00A5F85E2085F86030FFF751
S214034CF0BDFE306090B9238C3A460593E38BFF21C3
S214034D000493A38B28460393638B0293238B01930D
S214034D10E38A00934346F5F787FD3060336823B193
S214034D2000212846F3F7BEF9B7E76562B6E700BF8A
S214034D30403300204833002037B504460D4614F0B0
S214034D40EAF9698820460FF0BAFB6A7E2B7E204676
S214034D5043EA0223A4F862306A7F2B7F43EA0223E6
S214034D60A4F86430EA7EAB7E43EA0223A4F86630F6
S214034D701B23A4F86C302D4BDA8B1B8CA4F868200D
S214034D80A4F86A30022384F8723012F0F2F8204650
S214034D9014F0B8FC94F87330022B15D100F068FDBC
S214034DA070B194F9753001330AD105212046A36802
S214034DB043F48053A36003B0BDE8304014F002BA56
S214034DC0002120460FF07EFB00212046F3F73CFB34
S214034DD04FF6FF73288C984225D000F0C3F9009451
S214034DE000F0AEF96A46ADF8040040F2062110481A
S214034DF013F02AFB002240F20221204613F0DCFACD
S214034E002046F3F7DBF9204614F088FC2046F5F736
S214034E1049FEA368012123F480432046A36014F0CF
S214034E20D9F903B030BD0020D9E700BF40330020D6
S214034E303C330020F7B504460F46164668465A79B3
S214034E40991D1D46F3F782FA2CB969463046F3F7E7
S214034E508DF80446A0B140F2032384F87670A4F8D4
S214034E60723033682946C4F85A30B3882046A4F80B
S214034E705E30B37984F86030FFF75EFF03B0F0BDB1
S214034E80032140F2064011F0BBFD6B88A0F8033007
S214034E900D2343710148EDF7E7FCEFE7D92804003B
S214034EA007B590F870304FF4887101AA03488DF85F
S214034EB0043013F0C9FA03B05DF804FB3C3300205A
S214034EC02DE9FF4103780446302B0E4639D006D829
S214034ED0052B25D0082B41D004B0BDE8F0813E2B2E
S214034EE0FAD183780C2B4BD8022BF5D9033B092B2D
S214034EF0F2D801A252F823F0914F0300CB500300DF
S214034F00D94E0300D94E030063500300D94E030065
S214034F10D94E0300D94E0300D94E0300B750030001
S214034F20B0F80300F3F760F828B1617909B141F4EA
S214034F30805114F0C9F8304604B0BDE8F04113F0D0
S214034F4055BBB0F80300F3F74FF80028F3D0A17869
S214034F5009B141F4805114F010F9ECE7B0F80300FE
S214034F60F3F742F80028E6D0627990F8743022B15D
S214034F7043F0010380F87430E9E703F0FE03F9E732
S214034F80212B00F0B780292B1FD0202BD3D0A3E7EB
S214034F908088F3F729F80028CDD0E278002ACAD112
S214034FA0E179A27942EA0122A0F86220E17AA27AA4
S214034FB042EA0122A0F86420227A617A42EA0122B8
S214034FC0A0F86620F3F7FAF8B5E7C778851C3C2FF8
S214034FD002D114F04BF8AEE790F80680B8F1000F54
S214034FE023D1544A546AC2F82480CFB129462046B6
S214034FF047F4805714F08FF8E76084F8728040F225
S2140350000121204601AACDE9014713F01DFAA36842
S214035010414643F480632046A360F3F743F88AE7E8
S21403502029462046FFF788FE85E74FF6FF73408C38
S21403503098420BD000F096F840B1F3F743F92B46AD
S2140350400246FF210020FFF7F5FE74E73A4B2234B1
S21403505055F8042BA54243F8042BF9D12A881A8065
S21403506069E7B0F80300F2F7BFFF00283FF463AF29
S21403507040F20911B4F8053090F87020A0F86C30AF
S2140350808DF80420ADF80630227AE37943EA02234A
S214035090ADF80830A27A637A43EA0223ADF80A3001
S2140350A0227BE37A43EA0223ADF80C3001AA2348B5
S2140350B013F0CAF93FE78088F2F796FF00283FF41B
S2140350C03AAFA179F3F79CF835E78088F2F78CFFBF
S2140350D000283FF430AF90F870300E218DF804307E
S2140350E0D4F8063001AACDF80530D4F80A30CDF846
S2140350F00930DCE78088F2F777FF00283FF41BAF20
S21403510090F870304FF403718DF80430E37801AAF9
S2140351108DF80530A3798DF80630E3798DF80730DE
S214035120237A8DF80830637A8DF80930A37A8DF8E0
S2140351300A30BCE7403300206E3300203C330020A7
S21403514050B10C22064B1B68C31AB3FBF2F3807AEA
S21403515040EA032080B270474FF6FF70704700BFE7
S2140351600C410020024609490B7A0968FF2B01D13E
S2140351700020704703EB430301EB830031F8233031
S214035180C3F30B039342F4D0C37AEFE70C4100203A
S214035190F8B507460E4642F24100082115461C465E
S2140351A011F02EFC9DF818304771C3709DF81C3023
S2140351B086710371A0F80750A0F809400648EDF77A
S2140351C053FB11F04BFC407920B111F047FC4079BA
S2140351D040F48050F8BD00BFD128020038B505461C
S2140351E00C4642F24200062111F00AFC0023C57069
S2140351F043718371C371037204710648EDF734FB80
S21403520011F02CFC407920B111F028FC407940F4D1
S214035210805038BD392902002DE9F041154606466F
S2140352200F4642F2360019211C46DDF8248011F0A1
S214035230E7FB2B0AC371230A83729DF81830857126
S21403524003739DF81C30447243739DF820302D0C75
S214035250240CC67087800572C4728373D8F8003036
S214035260C0F80F30B8F804308676A0F813309DF8EF
S214035270283043759DF92C3083759DF83030C375FF
S214035280002303769DF8343043769DF83830C37692
S2140352900648EDF7E9FA11F0E1FB407920B111F089
S2140352A0DDFB407940F48050BDE8F081D929020047
S2140352B038B505460C464FF61940052111F0A0FBFC
S2140352C0C57044600548EDF7CFFA11F0C7FB407987
S2140352D018B1BDE8384013F0D3BF38BD6B250400C2
S2140352E038B505460C464FF61A40052111F088FBE3
S2140352F0C57044600548EDF7B7FA11F0AFFB407987
S21403530018B1BDE8384013F0BBBF38BD9B25040079
S21403531070B50D4606460121DAB1FFF7C9FF04460C
S214035320A8B9072142F2350011F06AFBC6702B6854
S2140353304360AB8803810848EDF796FA11F08EFBBD
S214035340437923B111F08AFB447944F48054204610
S21403535070BDFFF7C5FFE2E76D2704000A4610B5E8
S2140353600421044642F2370011F055FB0323037170
S2140353700023C470437183710548EDF775FA11F085
S2140353806DFB407918B1BDE8104013F079BF10BD2E
S214035390612604000A4610B50421044642F238008A
S2140353A011F039FB032303710023C4704371837127
S2140353B00548EDF759FA11F051FB407918B1BDE8ED
S2140353C0104013F05DBF10BDAD260400F8B50646C9
S2140353D00F4642F23900062114461D4611F010FB13
S2140353E001238471240A0371C7704671C471057260
S2140353F00548EDF739FA11F031FB407918B1BDE8ED
S214035400F84013F03DBFF8BDF92604001FB5837CB2
S2140354100446022B22D0042B25D0A37C033B032B6C
S21403542012D8636840F2047193F870300F488DF811
S2140354300430238A01AAADF80630A389ADF80830F4
S214035440236A039313F000F8204612F0E9FF21467F
S2140354500C2004B0BDE81040FEF7F2BD4FF48051B7
S21403546012F081FFD9E741F20101F9E7D8390020AC
S21403547038B505460C20FEF7C5FD0446E0B12422E8
S214035480002112F016FD0D4A51882846A1F13F036C
S2140354903F2B8EBF4021013189B2518013F0F7FEB6
S2140354A00028F1D1EB6BA1816560A36022462046FC
S2140354B00349EC63FEF7A8FC204638BD34330020CE
S2140354C0D7920400402108B5044B024659800C20AD
S2140354D000232421FEF730FD002008BD34330020CE
S2140354E0F0B50B790546142B0C4689B074D009D851
S2140354F0062B1ED0072B57D0012B00F00A81002065
S21403550009B0F0BD152B00F0BD80162BF7D1098925
S21403551013F0C5FEB0B1028B6489C2F57F41A6B213
S214035520FF31B14280F2E080052240F213418274DB
S2140355302BE1498913F0B3FE21890646284613F06A
S214035540A6FE28B902222846617911F0DDFA93E017
S214035550002E00F09180864240F08E8040F20D438C
S2140355600C22336204210020677913F0C4FA024642
S214035570C0B1002405214FF0080C80790C301318B5
S2140355809970DC7002F800C00720187104205F7160
S2140355909871B0895C701881F089DC71588128464F
S2140355A0F4F7C0FC304614E0498913F070FE024657
S2140355B02189284613F073FE002A5DD000285BD0AD
S2140355C0824259D1937C042B56D16179137F994239
S2140355D052D113F06CFE4FE04A79C36B2BB9238983
S2140355E0013BFE2B06D902233DE0597F914243D06F
S2140355F09B68F3E76189A1F140033F2B32D8284625
S21403560013F04DFE002839D12846FFF731FF064632
S214035610002835D063794377208930826389F38104
S214035620228A3283E189B18295F87050ADF8120070
S2140356308DF81050B089ADF81630ADF81400607BC5
S214035640237BADF81A1043EA0023ADF81C2040F282
S21403565002714F4804AAADF8183012F0F5FE012384
S214035660B37409E0092302930023CDE900331A46F5
S2140356702846617913F044FE012041E70A23F2E746
S2140356800423F0E74B79C66B002EF5D0327F9A429F
S21403569065D0B668F8E7F381A089B082E1893183E3
S2140356A095F870508DF81050358AADF81250B589BC
S2140356B0ADF81630ADF81450A37AE57AADF81A00B3
S2140356C043EA0523ADF81C10ADF81E2040F2037123
S2140356D02F4804AAADF8183012F0B6FE238A002B22
S2140356E07FF460AF0323BBE73244028395F8702050
S2140356F040F205718DF81020028A8389ADF81220D6
S214035700234804AAADF81430ADF8164012F09CFEF8
S214035710B2E74B79C66B002EAED0327F9A4201D0E9
S214035720B668F8E795F8703040F201718DF81030DE
S214035730338A1748ADF81230B37F8DF81430627A87
S214035740237A43EA0223ADF81630B38904AAADF8E8
S214035750183012F079FEB37C022B8DD122E7B37C8E
S214035760022B89D14FF48051304612F0FCFD228A79
S214035770238991B200298ED1A3F140013F298AD90A
S214035780052340F216413046B37413F0ECFD73E77D
S214035790D839002070B586B00646019213F077FD1F
S2140357A0044610460D4612F0A6FF14B1A37C032B45
S2140357B004D001A812F01AFF06B070BD628BC2B106
S2140357C0E18A83B2994214D3013A628396F8703021
S2140357D040F206718DF80C30238A0B48ADF80E3074
S2140357E0019B03AAADF81050059312F02DFE05A8F1
S2140357F0E0E701A812F0FAFE052340F21241204624
S214035800A37413F0B0FDD7E7D83900200C4B01463C
S2140358101A789AB95B689B0710D490F97520013201
S21403582018BF012291F8523013F0400005D091F8CA
S214035830600010F0400018BFD0B270470122F1E7B5
S214035840DC390020024B586800F00200704700BFA6
S214035850DC390020024B586800F00800704700BF90
S214035860DC390020014B1B68184700BF1841002095
S21403587008B50EF06BFC022817BF034B00205868D0
S21403588000F0100008BD00BFDC39002007B5024653
S2140358900846042802F0010113D9B1B903200C4BC2
S2140358A05A6002F08003019302F04003009302F073
S2140358B0200302F0040200F073FB002003B05DF83F
S2140358C004FB0029EBD00328E9D12120F6E700BF2B
S2140358D0DC39002038B50D490D48FEF787FD044630
S2140358E0054688B90B4B0C4A1A600C4A5A600C4A98
S2140358F09A600C4ADA6000F091FB032104462846BE
S214035900FFF7C4FF084B1D70204638BDEFBEADDE63
S214035910BEBAFECA18410020955F0300659A0400CC
S214035920E15F0300A96A0300DC39002038B50446AA
S2140359300320FEF73BFD0546D0B194F870300370A4
S21403594094F8753043702046F2F72AFC2A46A8706E
S21403595040F20261074812F02FFD074B2046DB6832
S2140359600121984794F97500BDE83840F1F77EBDEC
S21403597038BD00BF3C3300201841002070B50546F3
S21403598008200E46FEF712FD044680B195F87030E7
S21403599000210370064B4660DB682846984722467C
S2140359A0BDE8704040F20161024812F005BD70BDCB
S2140359B0184100203C33002038B5054608200C4625
S2140359C0FEF7F4FC024638B1C0E90054BDE838409F
S2140359D00D21024812F0F0BC38BD00BF3C33002056
S2140359E038B5054608200C46FEF7E0FC024650B1E3
S2140359F095F8703040F20561037044600248BDE8D4
S214035A00384012F0D9BC38BD3C33002013B50446E9
S214035A100191114612B301A90420FEF7F7FC019B7E
S214035A20104A2046B3FBF2F102FB113345F218028B
S214035A300021019301AB13F080FF0820FEF7B6FCAC
S214035A40024648B194F8703040F204610370019B3B
S214035A504360054812F0B0FC02B010BD45F21802D0
S214035A6001ABE8E740420F003C33002010B5044684
S214035A700120FEF79BFC024648B194F8703040F2D2
S214035A8003610370BDE81040014812F095BC10BDD9
S214035A903C33002038B5054608200C46FEF786FC46
S214035AA0024650B195F8703040F2076103704460C7
S214035AB00248BDE8384012F07FBC38BD3C330020B6
S214035AC0014B5B68184700BF1841002010B5044619
S214035AD0006C30B94FF4B07013F0D1F8206420B9DD
S214035AE010BD4FF4B07113F093F8FF23226C82F8C5
S214035AF05E31A3681B0603D5054B01201360EFE751
S214035B0094F87300034B0449012808BF0B46F4E7D7
S214035B10179F0400756F0300356B03002DE9F041F2
S214035B208AB006AC884615460346264600F110079B
S214035B30224618685968083303C2BB421446F7D195
S214035B401021304613F056F8002306200593E4F799
S214035B50EDFC13F094F8044610B310274FF480714D
S214035B6013F020FE194B1A49036005ABC160324699
S214035B7028460293CDE900873B46EAF7ABFB05468A
S214035B80F0B93946404613F035F83946304613F037
S214035B903FF820460AF049FD204613F072F80BE062
S214035BA06FF08C0140F20740FFF706FF10213046E6
S214035BB013F02EF86FF08C0528460AB0BDE8F08186
S214035BC0014640F20740FFF7F7FEDEE700248000B9
S214035BD00044400410B50F4C2368D3B10022D3F819
S214035BE0A0001A7783F83D2083F85E2009F03FFD76
S214035BF020684421603013F00BF8206821211D3003
S214035C0013F006F820682121BDE810403E3012F05C
S214035C10FFBF10BDE439002070B50E460446154696
S214035C2092B020223046404912F019F968B9202272
S214035C3028463E4912F013F938B93D4B1B681B7DC5
S214035C40002B5ED040F203401BE0246C202230463B
S214035C5004F1540112F003F938B92022284604F15E
S214035C60740112F0FCF80028ECD00620E4F75EFC82
S214035C7013F005F8044630B901461A20FFF79CFED8
S214035C801A2012B070BD00234FF48041009313F026
S214035C9089FD284B06F12002C360274B03600423CB
S214035CA030468DF804300DF1050350F8041B90427E
S214035CB043F8041BF9D10DF10500202112F09AFFD9
S214035CC028460DF1250305F1200250F8041B9042E7
S214035CD043F8041BF9D120210DF1250012F08AFFA9
S214035CE001A96B464122204609F08FFF014650B9B1
S214035CF020460AF09AFC204612F0C3FF009809F0EB
S214035D00B6FC0020BDE710F1870F03D040F2074032
S214035D10FFF752FE20460AF088FC204612F0B1FF39
S214035D20009809F0A4FC8DE77615050056150500C6
S214035D30E439002000000209124100012DE9F04376
S214035D409846002387B0044606200E461746CDE93C
S214035D500433E4F7EBFB12F092FF054638B34FF437
S214035D60805113F01FFDDFF874901B4B2146036030
S214035D701022C0F80C9004AB09F047FF044628BB7A
S214035D8005AB029310233246CDE9008349463B46D2
S214035D9004980AF082F90446C0B9049809F067FC2F
S214035DA028460AF042FC284612F06BFF0AE06FF022
S214035DB08C0140F20740FFF7FFFD049809F057FCFB
S214035DC06FF08C04204607B0BDE8F083214640F20E
S214035DD00740FFF7F1FDE0E7002480000002C00360
S214035DE0036C53B983681B0609D490F87320054BDC
S214035DF00548012A08BF18467047186870470348C5
S214035E00704700BF356B0300756F0300179F0400D0
S214035E102DE9FF41044606208846E4F787FB12F087
S214035E202EFF054648B901461A20FFF7C5FD6FF059
S214035E308C04204604B0BDE8F08122466C46274613
S214035E404FF4807113F0AEFC144BC360144B036025
S214035E5002F11003264610685168083203C69A42B8
S214035E603446F7D11021384612F0C4FE43461022BA
S214035E703946284609F0C9FE044620B1014640F2D9
S214035E800740FFF799FD1021384612F0C1FE284659
S214035E900AF0CBFB284612F0F4FECAE7004440049F
S214035EA000248000FF282DE9F74318BF354C8146B0
S214035EB018BF44EA00244FF006000F46164608BFF4
S214035EC0314CE4F733FB12F0DAFE8046002855D057
S214035ED00146204609F019FC054640460AF0A5FB94
S214035EE0404612F0CEFE15F1880F43D1B9F1FF0FED
S214035EF042D10620E4F71AFB12F0C1FE044658B955
S214035F0001461A20FFF758FD002005463C6006B1FF
S214035F10356003B0BDE8F08300231B4A0193436852
S214035F204261DAB222B923F0FF0343F00103436070
S214035F30E4F756F8052808BF40F2011340F20111B2
S214035F4008BF6360204613F02DFC104B01A9E360E5
S214035F500F4B2360EAF7B6FA014618B140F2074042
S214035F60FFF72AFD20460AF060FB204612F089FE62
S214035F70019CC9E7002DC7D02120C8E71A206FF07F
S214035F808C05C4E706800400370004000044400480
S214035F9000248000014B1B68187A7047E439002000
S214035FA0003918BF0121003B18BF012310B50B4C65
S214035FB0003A246818BF0122A3749DF808302070A5
S214035FC0003B18BF0123E3749DF80C302174003B9B
S214035FD018BF01236274237510BD00BFE439002087
S214035FE001280AD002280ED098B90B4B1A68936979
S214035FF043F00103002093617047074B1A689369C7
S21403600043F00203F6E7044B1A68936943F004036C
S214036010F0E72120704700BFE439002010B5194C83
S214036020236833B9A42012F02AFE206038B91A2454
S21403603026E0FFF7CFFDA421206812F0E9FD032236
S2140360404FF0FF31236810481A70D96000221021E0
S2140360501A77197283F83D200C4983F85E201A825A
S2140360609A749A61FDF7D0FE044648B90AF0ABFA73
S21403607030B122460549044812F0AEF940F207440F
S214036080204610BDE4390020E8390020D9980400E2
S2140360902DE9F04383680446590687B040F1B4807F
S2140360A023F040038360FFF79BFE734EB04203D09A
S2140360B0724B984240F0AB8094F9758004F1340932
S2140360C0B8F1FF3F1DD10EF041F8022872D0636B82
S2140360D004201A888DF808201A4632F8021B090A8B
S2140360E08DF80910D3F8023002A9CDF80A305368A8
S2140360F00A22CDF80E30F1F747F9B0F1FF3F80469C
S21403610058D0A56815F4807554D10620E4F70EFA26
S21403611012F0B5FD074698B901461A20FFF74CFC66
S214036120204641F20601FFF729FC20460021F4F73A
S2140361304FFB04F1340007B0BDE8F04313F012BC84
S2140361402046FFF74DFE864228D14D4D394645EA97
S2140361500825284609F0D9FA064638460AF065FAAD
S21403616016F1880F1BD1474D394645EA08252846C0
S21403617009F0CBFA064638460AF057FA384612F0C4
S21403618080FD9EB9606B2A4602A90A30FFF7C6FC5B
S21403619078B3102102A812F03BFDC1E72E46204635
S2140361A0FFF71EFE354B8342E8D1DCE7314640F26B
S2140361B00740B3E794F87430DA0702D4A368DB0524
S2140361C0AED5002301A904F118000193FFF720FEC2
S2140361D018B1019809F04BFAA2E7606B019A02A97D
S2140361E00A30FFF79BFC0546019809F040FA002D9C
S2140361F0CFD1204602A9F4F7EBFA02A8102112F039
S21403620007FD484613F0AEFB07B0BDE8F083636BAB
S2140362101A88002A84D11C4A904203D01B4A904213
S2140362207FF47EAF0022013313F8011F00297FF4A9
S21403623077AF0132082AF7D1206C019100F59870E8
S21403624001A9FFF7E5FD0028C3D1606B019A02A9F7
S2140362500A30FFF763FC0546019809F008FA002D9B
S21403626097D1204602A9F4F7B3FA02A8102112F038
S214036270CFFC04F13400C5E7756F0300356B0300EC
S2140362800580040003800400717C0300058C030072
S21403629038B504460D460520022113F099FA024646
S2140362A0C0B18379062103445D73204610F00CFCCD
S2140362B0204645F49051FFF761FB94F87310064BA4
S2140362C0064A2046012914BF11461946BDE8384040
S2140362D013F00FBB38BD00BF356B0300756F0300AB
S2140362E02DE9F043804693B006200F46164699469E
S2140362F0E4F71CF912F0C3FC054648B901461A2018
S214036300FFF75AFB6FF08C04204613B0BDE8F0830A
S2140363104FF4804113F046FA5A4BC3605A4B03605E
S2140363205A4B1A68137F022B21D102F1600302F144
S214036330800153F8040B8B4247F8040BF9D102F1A2
S214036340A00153F8040B8B4246F8040BF9D1D2F89C
S214036350A0302846C9F800300AF067F9284612F03C
S21403636090FCB8F1000F40F085800024CCE79369D9
S214036370DB072DD5464B03F1200253F8041B93424B
S21403638047F8041BF9D1434B03F1200253F8041BCF
S214036390934246F8041BF9D14B4620223E49284631
S2140363A009F033FC044628460AF03FF9284612F063
S2140363B068FC002CD5D0214640F20740FFF7FCFAD4
S2140363C0B8F1000FA0D008214046FFF761FF9BE716
S2140363D04946EAF777F8044690B1014640F207408B
S2140363E0FFF7EAFAB8F1000F03D008214046FFF79B
S2140363F04FFF28460AF019F9284612F042FC83E7B5
S2140364006B46412201A9D9F8000009F0A8FA044610
S21403641028460AF00AF9284612F033FC4CB1214606
S21403642040F20740FFF7C8FAD9F8000009F01FF951
S214036430C6E73A460DF105030DF1250153F8040BA3
S2140364408B4242F8040BF9D132460DF1450153F85D
S214036450040B8B4242F8040BF9D101A8412112F038
S214036460D7FB3846202112F0C5FB2021304612F018
S214036470C1FB76E7002245F21601404613F04FFAB9
S21403648073E700BF0000020912710001E43900201F
S214036490C1140500E2140500961505002DE9F7431F
S2140364A090F873700446012F056C04D195F85031AB
S2140364B0002B40F0AB8095F85C3195F85181032BA7
S2140364C000F2F080DFE803F00286AFD318F0010F86
S2140364D07BD01121062013F07BF98146002800F0BB
S2140364E095808679102106440D36304613F030FA2F
S2140364F0014658B120460821FFF7CAFE002140F2A4
S214036500074003B0BDE8F043FFF756BAA07CC0F1DE
S2140365101002304411F0CDFC0DF018FE022895F958
S2140365205E010BD032460521F0F7CCFE90B1082170
S214036530204603B0BDE8F043FFF7AABE3346102259
S21403654005210DF005FE28B1002140F21B40FFF7A0
S21403655033FAECE70DF0FAFD02280FD1012F0DD028
S21403656004F1180306F1100256F8041B964243F88A
S214036570041BF9D1A36843F48073A3604A4606213B
S214036580204610F0A1FA0B21072013F021F98146CB
S21403659000283BD0867995F95E310C36064443F4E1
S2140365A03F430821A6F80130F01C13F0D1F90A2264
S2140365B0042195F95E01731C0DF0CAFD0028C3D1B2
S2140365C04A460621204610F07FFA95F85C310133DF
S2140365D085F85C3118F0020F20D01121082013F043
S2140365E0F7F8064690B10023817901AA01440D31DC
S2140365F0FF20019313F017FA58B108212046FFF73E
S21403660047FE40F207400199FFF7D6F903B0BDE80D
S214036610F08332460621204610F056FA95F85C3190
S214036620013385F85C3118F0020F1BD008210920CE
S21403663013F0CEF881460028E8D086790C36064457
S214036640F1F73CFE83794A4683F00803C3F3C0039D
S214036650737003680621C6F8023083882046F380E9
S21403666010F032FA95F85C31013385F85C3118F096
S214036670040F12D011210A2013F0AAF806460028A8
S214036680C4D0807910223044AB210D3011F011FCB8
S21403669032460621204610F017FA95F85C3101338E
S2140366A085F85C31012F08D0236C93F85031002B0A
S2140366B0ACD195F85C31042BA8D1A36C10220B2126
S2140366C095F95E0131330DF043FD78B140F21B417D
S2140366D02046FFF753F91F4B1F492046012F08BFDB
S2140366E0194603B0BDE8F04313F003B9A36C0122C7
S2140366F00C2195F95E0120330DF02AFD0028E5D123
S214036700A36C10220D2195F95E0121330DF020FDB7
S2140367100028DBD1082295F95E01114604F1100327
S2140367200DF016FD0028D1D1236C93F85E2184F872
S2140367307520FF2283F85E210DF008FD022808BFAE
S214036740A368204604BF43F48073A360FFF7EEF804
S214036750C1E700BF356B0300756F03002DE9F04FEB
S21403676097B01546DDE9209804AA06468C4692465D
S2140367701C46524B229F03F1100B96461868596825
S2140367800833AEE803005B457246F6D16B4620221B
S21403679061465046FFF7D2FA8346002871D1484B2C
S2140367A005F11002089365238DF824300DF12503B7
S2140367B0184655F8041B954243F8041BF9D11021DB
S2140367C012F018FA0DF13503184604F1100254F8C6
S2140367D0041B944243F8041BF9D1102112F00AFA61
S2140367E099F80630062183F00803C3F3C0038DF837
S2140367F04530D9F800300DF14600CDF84630B9F8EB
S21403680004300124ADF84A3012F0F4F998F8063053
S214036810062183F00803C3F3C0038DF84C30D8F881
S21403682000300DF14D00CDF84D30B8F80430ADF81A
S214036830513012F0DFF9002335228DF854306846C4
S214036840239B08A98DF85340FFF778FA8346C0B90F
S2140368501021239812F0CEF93B463522684608A944
S2140368608DF82040FFF76AFA834650B9B27C01469A
S214036870C2F11002384611F01CFB1021384612F004
S214036880B9F91021684612F0C3F9352108A812F0A9
S214036890BFF91021504612F0BBF9BBF1000F06D02A
S2140368A008213046FFF7F4FC17B0BDE8F08F5A46D0
S2140368B045F21201304613F032F8F5E703150500EA
S2140368C00062746C70B51E460423054696B01446E3
S2140368D08DF8143001F120020DF1150351F8040B65
S2140368E0914243F8040BF9D120210DF1150012F063
S2140368F081F922460DF1350304F1200152F8040B09
S2140369008A4243F8040BF9D120210DF1350012F029
S21403691071F904AB0293202301931A9B314600932B
S2140369200E48412305AA09F02DFC0446412105A87B
S21403693012F06EF954B1214640F20740FFF73CF8D7
S21403694008212846FFF7A4FC16B070BD224645F280
S2140369501501284612F0E3FFF6E700BF0000020920
S214036960F8B50446FEF752FF266C054628B394F99D
S21403697075305F1C0BD086F85E31FEF763FF072188
S214036980012012F025FF024638BB1A2111E02046EB
S214036990F0F750FE86F85E01236C93F95E310133FF
S2140369A0EBD1FEF74FFF60B1A3685D070FD441F24A
S2140369B005212046FEF7E2FF0DE0FF2386F85E3151
S2140369C0EFE794F975300133EED10025D7E70521BB
S2140369D02046FFF75DFC0020F8BD3249867909683A
S2140369E00C3691F800C0831983F801C091F81CE0B7
S2140369F0281E18BF0120BEF1010F0DD183F802E057
S214036A00D870487C00B3D87800071DD4A3685B070A
S214036A10DDD441F20321CCE78F69BEF1020F07F004
S214036A2002070ED191F85EE0BEF1000F09D04FF0D9
S214036A30010E83F802E0D870002FE2D140F0080080
S214036A40DEE74FF0000EF4E7BCF1030F07D0096949
S214036A5011F0FF1F1EBFD97841F00401D97094F8D6
S214036A6074108F0708D5D978480705D4BCF1030FEF
S214036A70CFD041F00401D970002D18BF0325102193
S214036A805D7119719D71216C9059C1F80600988843
S214036A9048819B7920460B73062110F015F80120D8
S214036AA09AE700BFE4390020204B10B51B68044664
S214036AB09B6913F0040310D141B180F8773090F846
S214036AC07010BDE810401A4811F04DBC90F87330B2
S214036AD0012B03D18368580705D410BD022B02D1BE
S214036AE083685907F9D494F9772094F87730002A05
S214036AF0F3DBB3B9012384F8773094F877305B0877
S214036B00EBD04FF47A7294F870105343084800227F
S214036B10FDF758F994F8773063F07F0384F87730FD
S214036B20DBE75A06E9D45B00E5E700BFE43900205B
S214036B30E839002045F21E0330B59942044615464F
S214036B4089B010D845F21603994213D845F20103CB
S214036B50994200F0848145F20C03994222D0B1F5A4
S214036B60A04F00F082812A46204609B0BDE8304097
S214036B7000F0AEB9A1F5A043173B072BF3D801A24B
S214036B8052F823F0696C0300676B0300676B03001E
S214036B90676B0300196E0300676B0300E16D030068
S214036BA0556C030090F97730002B02DB826853079D
S214036BB007D520460921FFF76BFB41F2092009B0F0
S214036BC030BDAB792B44914D5B7C2D6803F00801F7
S214036BD06D7CD5B121B90321FFF75AFB2120EEE7DF
S214036BE013F0040F03F0010308D042F0080282609A
S214036BF093B9A36843F02003A36013E0002BF8D0F7
S214036C00836843F010038360F3E7580744BF42F0FA
S214036C100802A260DB0703D5A36843F01003A36052
S214036C200029E6D1A368224643F00403A36078490B
S214036C302046FDF7E9F8022120460DF043FC47F213
S214036C403053002245F21A012046FDF7BBF8A3682D
S214036C509D054AD5A368580747D594F8700009B030
S214036C60BDE8304012F0E3BC90F87430D90745D540
S214036C7090F9753001333AD094F9131001291DDCCD
S214036C80A26893060DD5614B15071B6801D4187CC3
S214036C9038B1187F10B91878032802D09B69980773
S214036CA02CD501290AD0594B11071B6801D41A7C2D
S214036CB022B11A7F12BB1B78032B1FD10023CDE909
S214036CC00433CDE906330DF041FA022801AB2DD18A
S214036CD0A06AE16A228E03C31A802046BDF8042008
S214036CE004AB0DF10601F3F791FE002067E7836816
S214036CF0DA0616D4FEF7A6FD0028BDD0434B1B6864
S214036D00197F022929D1DA7C3AB393F85E3023BB84
S214036D10A3685A0717D52046FFF7BAFA41F20220AE
S214036D204DE7FEF773FD0028E4D0E7E70A220221C9
S214036D3094F975000DF03AFA0028CED1CDE901009A
S214036D40ADF80C00C9E7204641F20221FEF716FE15
S214036D5001212046FFF7A8FEE0E72046FEF7B6FE31
S214036D60A56860B96B0705D508212046FFF790FA9A
S214036D701A2024E71A212046FEF700FEF8E715F04E
S214036D80040508D0FEF766FDC8B1204694F97510D1
S214036D90FEF780FEA9E722461D492046FDF734F894
S214036DA0022120460DF08EFB47F230532A4645F269
S214036DB01A012046FDF706F8A3685D07E2D4226CA5
S214036DC0D2F8583143F020032046C2F85831FFF773
S214036DD0C7FD002889D020460E4912F08AFD84E7B5
S214036DE0FEF738FD00286AD0226C002A67D0A36815
S214036DF0580764D5D2F85831990660D42978002903
S214036E00E0D105212046FFF743FA6EE7E439002078
S214036E103B9904009982030090F87430D80707D48E
S214036E202046284912F065FD29462046FEF7A6FDB2
S214036E30A36859077FF559AF204645F21A0111F0AA
S214036E4092FA20462246204911F0C6FAA368022188
S214036E5023F03C032046A360F1F724F945E70246F6
S214036E6019491A48FCF7D0FF3FE745F21A0111F01B
S214036E707AFAA36823F03E03A360236C6BB193F9FD
S214036E805E01421C09D094F97520013203D0D3F871
S214036E9058315B0601D5F0F7F3FA224620460A4935
S214036EA011F09AFA22460849084811F095FA204646
S214036EB00221F1F7F7F8204612F093FD15E70220BA
S214036EC07DE600BF356B03003B9904003C3300208E
S214036ED045F21703994210B5044640D01AD845F236
S214036EE00603994228D019D840F2012321F0020163
S214036EF0994213D190F870101A4811F034FA94F8A6
S214036F0073300022012B4FF4A041204608D1FFF72F
S214036F1011FE03E045F21A03994204D048200AE022
S214036F2000F028F8FAE7104912F0E3FC07212046A0
S214036F30FEF724FD002010BD93791A44517C41F4DA
S214036F409051FEF71BFD94F87310084A084B204631
S214036F50012914BF1146194612F0CBFCEAE70220BA
S214036F60E9E700BFE8390020179F0400756F0300A8
S214036F70356B030045F21E0399422DE9F34104469F
S214036F80154611D845F21603994214D845F2010363
S214036F90994200F0468345F20203994200F09C8032
S214036FA0B1F5A04F00F043832A46204602B0BDE861
S214036FB0F041FFF78DBFA1F5A043173B072BF3D88E
S214036FC001A252F823F000BFE96F0300A96F030084
S214036FD0A96F0300A96F0300DD750300A96F030003
S214036FE0A77103006D710300864E33681A7F022A69
S214036FF011D1DA7C7AB193F85E3063B941F202219B
S214037000FEF7BCFC20460121FFF74EFD41F20220AD
S21403701002B0BDE8F081A368590701D50220F7E75F
S2140370202046FEF7F3FB3368051E1A7818BF0125C2
S214037030032A07D019696AB211F0FF1F28D042F05D
S214037040040503E094F87420920729D49A699607F6
S21403705023D41A7F012A20D045F0080502210B20ED
S21403706012F0B6FB024600B3837903445D7394F9CA
S2140370707530013303D094F87430DD0703D5A36865
S21403708043F00203A360062120460FF01DFD0CE02B
S21403709094F874108F07D2D4D8E75B7C002BDDD02E
S2140370A041F203212046FEF769FCA368224643F01B
S2140370B00403A36054492046FCF7A6FE022120469B
S2140370C00DF000FA47F23053002245F21A0120462B
S2140370D0FCF778FE00209BE78368580703D494F9EF
S2140370E07730002B05DB236C53B1D3F85831D90620
S2140370F006D520460921FFF7CBF841F2092087E79A
S2140371002046FEF7E3FC28B908212046FFF7C0F81F
S21403711021207DE7206CD0F8583143F01003C0F8E7
S2140371205831AB790C332B445A68C0F806201A89B9
S214037130428101229B7A0373236C9A71A26812F030
S214037140040610D1224630492046FCF75DFE022194
S21403715020460DF0B7F947F23053324645F21A018E
S2140371602046FCF72FFEA3689A05B3D5236C002BA5
S214037170B0D0D3F85831DB06ACD5FEF76BFB94F9E9
S214037180751030B1A3689F0703D42046FEF782FC30
S214037190A0E70846F0F778F828B194F87430DE07CD
S2140371A001D40521B1E7236C002B3FF437AFD3F8A6
S2140371B05831D8067FF532AF99063FF52FAFFEF765
S2140371C049FB48B1A3689A0706D42B7823B905214F
S2140371D02046FFF75DF87DE7A368256C23F00203DE
S2140371E0A360D5F85831074F43F02003C5F858314C
S2140371F03B68AA7A1B7A934202D8A37C934205D9AA
S214037200062182E7E43900203B99040094F95210E2
S21403721094F852300029B2BF012383F00803C3F366
S214037220C003102A28BF10222B7194F86030204622
S21403723083F00803C3F3C0036B71A2746E7AFEF780
S214037240E5FA90B3F30730D594F97530D4F8408057
S214037250581C20D088F85E3106F00D063B689A6904
S214037260910704D41A7F012A01D0320701D406F00D
S214037270F7061A78032A1BD01B6913F0FF1F01D0E9
S21403728046F004060721022012F0A2FA0190A8B9DC
S21403729040F20340BCE62046F0F7CCF988F85E01DE
S2140372A0236C93F95E310133D6D106F00C06D5E78D
S2140372B01B7F002BE6D106F0FB06E3E790F806C03B
S2140372C03A680CF10C0C137800EB0C014B70137F2F
S2140372D0012B06D0022B46D192F85E30003B18BF36
S2140372E001238B701023CE7016F0010608BF3246BA
S2140372F00B711FBFEB7A2A7B03F003034B71236CDE
S21403730014BF02F003024E718A7183F851214A7941
S21403731083F8502150F80C20C3F80D208A88A3F870
S21403732011208A79DA7406B3206C90F8501111F0A4
S21403733002061AD194F85210062281F0080190F939
S2140373405E0104F14C03C1F3C0010CF001FF60B110
S2140373503146FEF731FB20460821FEF799FF01A8C8
S21403736011F044F994E70023BBE7019E002E8FD06B
S214037370FEF768FA95F809C018B994F97530013321
S2140373800FD01CF0010F04D0236C93F95E31013348
S21403739007D105212046FEF77BFF3046FCF7A0FE0B
S2140373A0B6E63B680CF00802597C29B112B12A7C78
S2140373B0100703D40321EDE7002A70D02A7C1107B7
S2140373C06DD5D5F8581141F00401C5F85811B5F834
S2140373D0501121F4807121F00101A5F85011187F96
S2140373E0297A02280FD091B942EA0C0212F004025D
S2140373F040D185F85D211B7C002BDBD194F87430DB
S2140374009807D7D40DE021B993F85E203ABB022142
S214037410C0E7012283F83D20DA7C32BB042385F8DB
S2140374205D3194F91330022B03D1D5F858315A073E
S214037430C0D50CF08BFE02284DD094F97500431C82
S21403744049D0002201A9C0B2FEF72CFD002842D184
S214037450236C93F85021910737D40A219AE783F8CF
S2140374603D10DB7C002BD2D1D8E793F85E30002B9F
S214037470D4D1CCE7EA791978052A28BF03227F48B6
S21403748001EB810101448A5C85F85D211B7C1BB9F5
S21403749094F874309907C4D5002AC2D18AE71A7FB4
S2140374A0012A02D12A7A002AB8D11CF0040F03D18C
S2140374B02A7C12F004029CD0EA791978052A28BFA0
S2140374C003226F4801EB8101DCE793F851319A07F9
S2140374D001D40A2119E694F97520531C1CD048F2EE
S2140374E00800216C40EA0220D1F8583180B243F0FC
S2140374F04003C1F85831F4F745FD052194F97500AA
S2140375000CF011FE032194F975000CF00CFE062115
S21403751094F975000CF007FE3246062120460FF05C
S214037520D3FA95F85D31206C042B1DD13B6800F52A
S214037530987003F11D022D3352F8041B9A4240F84B
S214037540041BF9D1D5F8583195F85D2103F00401F1
S2140375508AB923F00203C5F85831E274B9B1494930
S214037560204612F0C6F9B5E51022002100F5987002
S21403757010F09FFCE6E743F00203C5F8583141B923
S2140375800123032AE37412D9042A7FF4A3AD3E49E8
S214037590E6E7A37C0F2B89BF94F87430012343F0EE
S2140375A0080384F8743088BF0223E374D7E7012AFC
S2140375B007D02046354912F09CF92046FEF756FAC6
S2140375C088E52046314912F094F93B682046D9688D
S2140375D04D1C6A426A41FEF719FA7BE590F874304F
S2140375E0D80707D420462A4912F083F929462046AD
S2140375F0FEF7C4F9A36859077FF56CAD45F21A0187
S214037600204610F0B0FE22462046224910F0E4FE43
S214037610A36823F00403A36002212046F0F742FD8B
S21403762058E502461B491C48FCF7EEFB52E545F2BB
S2140376301A0110F098FEA36823F03E03A360236CA0
S2140376406BB193F95E01421C09D094F9752001329F
S21403765003D0D3F858315B0601D5EFF711FF224666
S21403766020460C4910F0B8FE22460A490A4810F094
S214037670B3FE204612F0B5F9CEE700BF1415050099
S2140376802D150500858103009D760300F580030014
S214037690756F03003B9904003C33002073B545F235
S2140376A00406B142044615460DD045F21006B14213
S2140376B022D0B1F5A04F38D112F07AF8236CD3F864
S2140376C05831D90720D5236CD3F85821D2070BD4C9
S2140376D0AA7998330C3215446A1D153552F8041BE3
S2140376E0AA4243F8041BF9D1216CD1F8583113F0A0
S2140376F004030CD00F4904E0016CA83112F0ACF877
S2140377000D49204612F0F5F8002002B070BD81F84E
S2140377105C31012301F1B8020093204601F1A8036E
S21403772001F5987112F012FBEEE702B0BDE8704067
S214037730FFF7CEBB3D770300D5770300B1F5A04F27
S214037740F7B5044608D045F21105A94236D003B072
S214037750BDE8F040FFF7BCBB006C1021B83012F058
S214037760F7F860B108212046FEF792FD40F2074085
S2140377700021FEF721F940F2074003B0F0BD256C67
S21403778095F85D6105F1A807013E022E01979CBF9F
S214037790D5F82C0195F85C6105F154019EBFF040C5
S2140377A000F0010040F08000009005F1140220462E
S2140377B005F1B80312F03DFB0020DEE7016CA831AB
S2140377C012F04AF82046024912F093F8F4E700BF95
S2140377D0D577030045F2100330B59942044685B0C9
S2140377E000F0A6800CD8B1F5A04F27D045F20503CC
S2140377F0994228D0204605B0BDE83040FFF768BB65
S21403780045F21103994200F0B08045F21203994203
S214037810F0D1016C91F85D3113B1043B012B03D811
S2140378202046B83111F0FCFF236C93F85D31042B2E
S21403783040F2DF80052B03D16F4992E011F0B8FFC9
S214037840002005B030BD9179036C0C310A44511DFC
S214037850C833153251F8040B914243F8040BF9D19F
S214037860206CD0F8583113F0040354D090F85D31EF
S214037870042B22D1614B1B6893F85E5065B100213F
S21403788000F114020091114600F5A07001903E33FA
S214037890204612F0CEFAD3E71021B83012F058F88B
S2140378A058B108212046FEF7F3FC40F2074029466C
S2140378B0FEF782F840F20740C3E7216C91F85D318A
S2140378C001F1C80213B1043B012B12D801F1F803EE
S2140378D0039301F59873029304F15A03019304F199
S2140378E05303009301F1B8032046D831FEF736FF61
S2140378F0A6E701F5A073019391F85C01D1F82C314A
S214037900C34003F0010343F080030093134601F1E1
S21403791054021431BCE780F85C3100F1C8020093CE
S21403792000F5987100F5A073204612F00FFA87E76A
S214037930056C102205F1980105F5A07010F08FFA7A
S21403794020B104212046FEF7A3FC79E7D5F8583189
S2140379502B499B0742BF94F8743043F0020384F824
S2140379607430204611F0C5FF6AE7056C95F85D3163
S21403797005F5A070042B1ED1204B102219684E313A
S21403798010F06DFA0028DCD1102105F1B80011F0D3
S214037990DFFF216C01F1F803039301F5987302935B
S2140379A004F15A03019304F15303009301F1C8024F
S2140379B001F1B80398E70146102205F1980010F08C
S2140379C04EFA0028BDD105F1B801204611F028FF74
S2140379D0216C91F85C310133DBB2142B81F85C31F6
S2140379E0D8D0D1F8583123F00103C1F858310549EE
S2140379F0B7E70549B5E700BF0D7A0300E439002071
S214037A00717C03009D760300C57A030045F21403D8
S214037A10994213B504462BD00CD8B1F5A04F13D01A
S214037A2045F20E03994232D0204602B0BDE810401C
S214037A30FFF74EBA45F219039942F5D1137813BBF3
S214037A400C21FEF725FC10E011F0B2FE216C204657
S214037A5001F59473019301F1B803009301F1540205
S214037A6001F1C803143112F05CF8002002B010BD17
S214037A70036CD3F82821114BB2FBF3F103FB11215E
S214037A80FDF7AEFFF1E70E4911F033FFEDE791790D
S214037A90036C0C310A44511D03F58473153251F8F7
S214037AA0040B914243F8040BF9D1226CD2F85831F7
S214037AB043F00803C2F85831D7E700BF40420F002F
S214037AC0C57A0300F0B545F20E06B14204461546E4
S214037AD08DB00ED045F21306B1425CD0B1F5A04F7F
S214037AE040F0BD8011F064FE236CD3F858311907BB
S214037AF057D5236CD3F8582112070CD4AA7903F56B
S214037B0084730C3215446A1D153552F8041BAA42B9
S214037B1043F8041BF9D10023256CCDE90833CDE9DE
S214037B200A3385F85C3195F85D310DF1200C042B92
S214037B302AD14D4B1B6893F83D205AB1674603F193
S214037B401D022D333E4610685168083203C69A421A
S214037B503746F7D105F5A073069304F15A03059348
S214037B6004F153030493EB7905F1C80203932B7ACC
S214037B7002936B7ACDE900C305F1B803204605F1FD
S214037B80F80112F042F80CE0013B022B9CBFD5F83B
S214037B902C310893DEE7056C95F85C3123B1012B95
S214037BA054D000200DB0F0BD102205F5A07105F5E8
S214037BB0847010F054F920B10B212046FEF768FBC1
S214037BC0EFE7D5F858310DF1200C9B0742BF94F828
S214037BD0743043F0020384F87430012385F85C3173
S214037BE00023CDE90833CDE90A3395F85D31042B3C
S214037BF025D11D4B1B6893F85E205AB1674603F1E7
S214037C003E024E333E4610685168083203C69A4217
S214037C103746F7D105F58C73069304F153030593A2
S214037C2004F15A030493AB7B05F1B8020393EB7B91
S214037C3002932B7CCDE900C305F1C8039EE7013B05
S214037C40022B9CBFD5F82C310893E3E705F58C711E
S214037C5011F0CAFD2046054911F04BFEA1E70DB011
S214037C60BDE8F040FFF734B9E4390020717C030027
S214037C70B1F5A04F73B50446154677D045F21B06FB
S214037C80B14240F0F68090F87430DB0766D5056C99
S214037C90B5F850312BB1794911F02BFE002002B014
S214037CA070BDD5F858315E0747D56B7AD80744D5EB
S214037CB02B7CD90741D5A36C10220B2195F95E01C5
S214037CC031330CF045FA38B140F21B412046FDF73C
S214037CD055FE40F21B40E2E7A36C206C01220C2108
S214037CE090F95E0120330CF033FA0028ECD1A36C34
S214037CF0206C10220D2190F95E0121330CF028FA36
S214037D000028E1D10822206C114690F95E0104F1A7
S214037D1010030CF01DFA0028D6D1236C93F85E21CD
S214037D2084F87520FF2283F85E212046544911F01B
S214037D30E0FD2046FDF7FAFDB0E705F5987304F17C
S214037D40180205F5A07553F8041BAB4242F8041B52
S214037D50F9D1A36843F48073A360E6E7484911F0BA
S214037D60C8FD29462046FDF709FE97E7036CD3F8BE
S214037D70582112F0040245D05A7AD2078ED51B7CBE
S214037D80DB078BD50CF0E2F90228206C0ED000F549
S214037D909872032190F95E01EFF794FA00283FF4F6
S214037DA07DAF08212046FEF773FA92E700F5987335
S214037DB01022032190F95E010CF0CAF928B10021C4
S214037DC040F21B40FDF7F8FDEBE7206C102200F5B0
S214037DD09873052190F95E010CF0BAF90028EED1EC
S214037DE0236C04F1180103F5987203F5A07352F897
S214037DF0040B9A4241F8040BF9D1A36843F4807349
S214037E00A3604BE7D3F8B810C3F8D010D3F8BC1070
S214037E100192C3F8D410006C01A900F59870FDF721
S214037E20F7FF48B1019807F022FC20460821FEF729
S214037E302FFA40F2074032E7206C019A00F598715A
S214037E40C830FDF76BFE05460198002DEBD107F011
S214037E500EFC236CA07C03F598732946C0F1100230
S214037E60184410F026F8216C2046B83111F0D8FCDF
S214037E7014E702B0BDE87040FFF72AB8857E03001A
S214037E80756F0300B1F5A04F2DE9F0410446154682
S214037E9000F01E81A1F5A043DE1F042E00F21F8111
S214037EA09279083B0C321544026C92F85021032B4E
S214037EB005D8DFE813F047009300C4000A01D10792
S214037EC040F1BB8005351022294687480FF0C7FFCF
S214037ED0002800F09C800CF039F90228206C27D08B
S214037EE02A46032190F95E01EFF7ECF900260746D0
S214037EF00CF02CF9022812D194F87330012B0ED112
S214037F002B4604F1180205F1100153F8040B8B42BB
S214037F1042F8040BF9D1A36843F48073A3601021DD
S214037F20284610F075FE002E6CD0002130462FE058
S214037F302B461022032190F95E010CF009F9002765
S214037F400646D5E712F0010777D00CF0FFF80228B3
S214037F5021D0236C062093F95E81E2F7E7FA10F04E
S214037F608EFE064608B91A26DFE701465F4840EA52
S214037F70082007F0CAFB8046304608F056FB30461A
S214037F8010F07FFEB8F1000F05D0414640F20740DF
S214037F90FDF712FD37E0206C05F1050843460A227B
S214037FA0022190F95E010CF0D3F8D5F805300646A9
S214037FB0A362D5F80930E362B5F80D3023860028AE
S214037FC0B3D1226C92F8503123EA070382F850317A
S214037FD02046FEF763FA0020BDE8F08192072CD511
S214037FE00CF0B4F8022805F10505206C16D006211E
S214037FF02A4690F95E01EFF765F9102107462846F1
S21403800010F006FECFB108212046FEF741F92046C0
S2140380100821FEF73DF940F20340DDE706212B4633
S214038020102290F95E010CF093F8064610212846BC
S21403803010F0EEFD002E7FF478AF0027C1E793071C
S214038040FBD50CF083F802281AD0236C062093F98C
S2140380505E71E2F76BFA10F012FE0646002882D035
S2140380600146234840EA072007F04FFB0746304601
S21403807008F0DBFA304610F004FE0FB1394685E708
S214038080697989B90A466B1D13F8010F60B9013285
S214038090062AF9D194F85210206C81F0080104F1F5
S2140380A04C03C1F3C00106E000394FF0060218BFC7
S2140380B00121206CAB1D90F95E010CF049F80646D1
S2140380C000287FF432AF02277BE702F0040778E745
S2140380D011F06EFB0022236C83F85C2178E7BDE881
S2140380E0F041FEF7F5BE00BF461505000380040009
S2140380F00680040070B545F20406B14204461346F2
S21403810024D045F21806B14206D0B1F5A04F32D1BD
S21403811011F04EFB002070BD11684D1C03D10121E8
S214038120FEF7B6F8F6E7026CD2F85801400743BFED
S214038130002182F85C111B68C2F8301120461049F2
S21403814048BFC2F82C3111F0D4FBE3E79979026CEF
S2140381500C310B44591D9832153351F8040B9942D0
S21403816042F8040BF9D1226CD2F8583143F00103DC
S214038170C2F85831CEE7BDE87040FEF7A9BE00BF8F
S2140381809D76030045F215039942F7B5044651D090
S2140381900CD8B1F5A04F19D045F20D0399421BD068
S2140381A0204603B0BDE8F040FEF792BE45F2160344
S2140381B09942F5D1016C01F1D8030093D1F89430BC
S2140381C001F134021431FEF77DFB01E011F0F0FA01
S2140381D00027384603B0F0BD93790C331A44551D77
S2140381E002F1250632462946FDF716FD074620B15D
S2140381F00B212046FEF74CF8EBE72946236C143395
S21403820051F8042BB14243F8042BF9D1236C01F146
S2140382102002343351F8040B914243F8040BF9D18E
S214038220216C204601F1940301F174025431FEF7E8
S21403823057F8CDE711F02CFB236C93F85D31052B33
S214038240C6D8DFE803F0190311111E1920460E499C
S21403825011F04FFB0D4B20461B68D9684B1C5A4246
S2140382605A41FDF7D3FBB3E72046074911F041FB1C
S2140382702046FDF7FBFBABE70549204611F039FB2B
S214038280A6E70449F9E700BFF5800300E4390020B8
S2140382903D770300D577030045F216039942F7B5F9
S2140382A0044600F0B4810CD8B1F5A04F0FD045F2C8
S2140382B00303994210D0204603B0BDE8F040FEF712
S2140382C007BE45F217039942F5D1022002E011F0EA
S2140382D06FFA002003B0F0BD9379056C0C33D61803
S2140382E0F379DF070CD4FDF7ADFA18B994F97530B6
S2140382F0013305D005212046FDF7CAFF2120E9E713
S214038300A44F337A3A68127A9A4202D8A27C9A42E7
S21403831001D90621EFE7D6F80530C5F80E30B6F8D2
S21403832009306B8202236B7394F9523094F852101F
S214038330002BB2BF012381F00803C3F3C0036B71A4
S21403834094F8603083F00803C3F3C0032B71337AC9
S214038350102B28BF1023A374F379D8072BD56B7A79
S214038360DA0728D5737AEA7A134085F85131B37A57
S2140383702A7B134085F8503195F95E3101331ED0C0
S214038380206C90F850319B0719D481F0080106221F
S21403839090F95E0104F14C03C1F3C0010BF0D8FE63
S2140383A068B140F21B412046FDF7E8FAA368590777
S2140383B0A4D508219FE7002385F85131DAE73B6807
S2140383C0F079597C00F0080229B112B16A7A1207D3
S2140383D003D403218FE7002A73D06A7A110770D576
S2140383E0D5F8581141F00401C5F85811B5F85011E5
S2140383F021F4807121F00101A5F8501193F81CC0F7
S214038400B179BCF1020F03D0002937D0022172E7FD
S21403841029B3012283F83D20DA7C52BB042385F876
S2140384205D3194F91330022B03D1D5F858315A072E
S214038430CFD50BF08BFE02285CD094F97500431C55
S21403844058D0002201A9C0B2FDF72CFD002851D157
S214038450236C93F85021960748D40A214BE793F8E8
S2140384605E20002AD2D083F83D10DB7C002BCDD1D2
S214038470D4E793F85E30002BD0D1C7E7024312F05F
S214038480040209D185F85D211B7C002BA1D194F849
S214038490743098079DD4C4E772791878052A28BFE4
S2140384A003223D4902EB82020A44125C85F85D21F1
S2140384B01B7C1BB994F874309907B2D5002AB0D147
S2140384C087E71A7F012A02D1B279002AA6D142078A
S2140384D003D46A7A12F00402D4D072791878052A83
S2140384E028BF03222D4902EB8202DDE793F85131C0
S2140384F09807B2D594F97520511C1CD048F2080091
S214038500216C40EA0220D1F8583180B243F0400390
S214038510C1F85831F3F736FD052194F975000BF0D1
S21403852002FE032194F975000BF0FDFD062194F974
S21403853075000BF0F8FD95F85D31206C042B00F503
S214038540987021D13B6803F11D022D3352F8041BAA
S2140385509A4240F8041BF9D1D5F8583195F85D21B5
S21403856003F00401E2B923F00203C5F85831E274BC
S214038570002947D0216C204601F1940301F17402CF
S2140385805431FDF7ADFEA4E6102200210FF091FC56
S214038590E2E700BFE4390020141505002D15050099
S2140385A043F00203C5F8583149B90123013AE3748D
S2140385B0032A3FF68EAEDFE802F010181025A37CE0
S2140385C00F2B89BF94F87430012343F0080384F813
S2140385D0743088BF0223E374CCE720460E4911F0BB
S2140385E088F92046FDF742FA73E620460A4911F059
S2140385F080F93B682046D9684B1C5A425A41FDF71E
S21403860005FA66E60549204611F073F961E611F0AE
S2140386103FF90349F7E700BF11900300ED8E03000F
S2140386202586030045F20D039942F7B5044627D085
S2140386300DD8B1F5A04F1DD045F20403994200F0C2
S2140386408F80204603B0BDE8F040FEF741BC45F2FC
S2140386501103994200F0A68045F215039942F0D122
S214038660006C90F85D31052B06D8DFE803F0503A2E
S214038670423A555011F09CF80027384603B0F0BD37
S21403868093790C331A44561D02F125052A463146C2
S214038690FDF7C2FA074620B10B212046FDF7F8FD89
S2140386A0EBE73146236C143351F8042BA94243F805
S2140386B0042BF9D1236C01F12002343351F8040B57
S2140386C0914243F8040BF9D1216C204601F1D803FB
S2140386D00093D1F8943001F134021431FEF7F2F826
S2140386E0CAE720463B4911F004F92046FDF7BEF9D8
S2140386F0C2E72046374911F0FCF8374B20461B6883
S214038700D9684B1C5A425A41FDF780F9B4E73349FE
S214038710204611F0EEF8AFE72F4B1B6893F85E5038
S21403872065B1002100F1140200F5A07001900091DC
S214038730204611463E3311F07CFB9DE71021C830DE
S21403874011F006F900283DD008212046FDF7A0FDCC
S214038750294640F20740FDF72FF940F207478CE71A
S2140387609179036C0C310A44511DA833153251F824
S214038770040B914243F8040BF9D1256C102205F142
S214038780A80105F198000FF06AFB20B904212046E2
S214038790FDF77EFD70E7D5F8583143F00103C5F8C1
S2140387A0583169E70C4B056C196810224E3105F5F4
S2140387B0A0700FF054FB0028E8D1102105F1C80083
S2140387C011F0C6F8216C2046C83111F029F8044987
S2140387D09EE700BF11900300E4390020458E030096
S2140387E0E587030045F21003F0B59942044685B0C9
S2140387F000F087800CD8B1F5A04F1CD045F20503D6
S21403880099421DD0204605B0BDE8F040FEF760BB98
S21403881045F21103994200F08D8045F21203994206
S214038820F0D1036C93F85D31042B40F2B380052B33
S21403883003D159497BE010F0BBFF002005B0F0BD23
S2140388409179036C0C310A44511DB833153251F833
S214038850040B914243F8040BF9D1256C102205F161
S214038860C80705F1B806314638460FF0F8FA20B9BE
S21403887004212046FDF70CFDDFE7D5F8583113F049
S214038880040332D095F85D31042B13D105F1F803B8
S214038890039305F59873029304F15303019304F1CC
S2140388A05A0300933A463346204605F1D801FDF7AE
S2140388B055FFC2E705F5A07005F1140105F1540252
S2140388C001900BB1052B06D10023009320463346B7
S2140388D011F0AFFAB1E795F85C01D5F82C31C34037
S2140388E003F0010343F08003EFE785F85C3132467B
S2140388F00093204605F5A07305F5987111F026FA46
S2140389009BE7056C102205F1A80105F5A0700FF092
S214038910A6FA0028ACD1D5F8583120499B0742BFA8
S21403892094F8743043F0020384F87430204610F051
S214038930E0FF82E7056C102205F1A80105F5A0709B
S2140389400FF08DFA002893D195F85D31013B022B89
S2140389500FD895F85C310133DBB2142B85F85C3104
S21403896007D0D5F858310E4923F00103C5F858311E
S214038970DCE705F1F803039305F59873029304F116
S2140389805303019304F15A03009305F1C80205F15A
S214038990B80389E70349CAE7A9890300058C0300DE
S2140389A0ED8E0300298A030073B545F21406B1421F
S2140389B004461AD045F21906B14221D0B1F5A04FAC
S2140389C028D110F0F5FE216C204601F5947301932F
S2140389D001F1B803009301F1140201F1C803543105
S2140389E011F09FF8002002B070BD036CD3F8282165
S2140389F00B4BB2FBF3F103FB1121FCF7F1FFF1E79D
S214038A0013781BB90C21FDF743FCEBE7054910F07F
S214038A1070FFE7E702B0BDE87040FEF759BA00BF43
S214038A2040420F00298A0300F0B5B1F5A04F054672
S214038A308DB008D045F21304A14244D00DB0BDE872
S214038A40F040FEF745BA0023046CCDE90833CDE9C0
S214038A500A3394F85D310DF1200C042B2CD11F4BF7
S214038A601B6893F85E205AB1674603F13E024E3305
S214038A703E4610685168083203C69A423746F7D115
S214038A8004F58473069305F15303059305F15A031E
S214038A900493E37928460393237A04F1C8020293E6
S214038AA0637A04F1F801CDE900C304F1B80311F0C9
S214038AB0ACF800200DB0F0BD013B022B9CBFD4F8F0
S214038AC02C310893DCE7016C01F5847110F08CFE01
S214038AD02846034910F00DFFEBE700BFE4390020FA
S214038AE0E58A0300F0B545F20E06B1420446134686
S214038AF08DB00BD045F21303994260D0B1F5A04F69
S214038B0077D110F055FE00200DB0F0BD9979026CB8
S214038B100C310B44591D02F58C72153351F8040BB6
S214038B20994242F8040BF9D1256C102205F58C7195
S214038B3005F584700FF093F920B90B212046FDF755
S214038B40A7FBE0E70023CDE90833CDE90A3395F820
S214038B505D310DF1200C042B2AD1284B1B6893F8AA
S214038B603D205AB1674603F11D022D333E46106879
S214038B705168083203C69A423746F7D105F5A07303
S214038B80069304F15A03059304F153030493AB7B52
S214038B9020460393EB7B05F1B80202932B7C05F189
S214038BA0F801CDE900C305F1C80311F02EF8AAE7D2
S214038BB0013B022B9CBFD5F82C310893DEE7056CEE
S214038BC0102205F5A07105F58C700FF048F9002802
S214038BD0B3D1D5F8583120469B0748BF94F8743074
S214038BE0074944BF43F0020384F8743010F081FE53
S214038BF089E70DB0BDE8F040FEF76AB9E439002016
S214038C00058C030070B5B1F5A04F0446154688B031
S214038C1077D045F21B06B14240F00A8190F87430D3
S214038C20DB0766D5056CB5F850312BB1834910F0D8
S214038C3060FE002008B070BDD5F858315E0747D5F2
S214038C406B7AD80744D52B7CD90741D5A36C102261
S214038C500B2195F95E0131330BF07AFA38B140F205
S214038C601B412046FCF78AFE40F21B40E2E7A36C5A
S214038C70206C01220C2190F95E0120330BF068FA78
S214038C800028ECD1A36C206C10220D2190F95E0114
S214038C9021330BF05DFA0028E1D10822206C11463F
S214038CA090F95E0104F110030BF052FA0028D6D1B6
S214038CB0236C93F85E2184F87520FF2283F85E21E7
S214038CC020465F4910F015FE2046FCF72FFEB0E75E
S214038CD005F5987304F1180205F5A07553F8041BFF
S214038CE0AB4242F8041BF9D1A36843F48073A36034
S214038CF0E6E7534910F0FDFD29462046FCF73EFE05
S214038D0097E7036CD3F8582112F0040255D00022DB
S214038D10CDE90122ADF80C205A7AD2073FD51B7C49
S214038D20DB073CD50BF012FA0228206C0CD000F5BA
S214038D309872032190F95E01EEF7C4FA78B308211E
S214038D402046FDF7A5FA8FE700F598731022032156
S214038D5090F95E010BF0FCF928B1002140F21B40AC
S214038D60FCF72AFEEBE7206C102200F5987305212A
S214038D7090F95E010BF0ECF90028EED1236C04F1B8
S214038D80180103F5987203F5A07352F8040B9A4280
S214038D9041F8040BF9D1A36843F48073A36000235E
S214038DA0BDF80420CDE90433CDE906330DF1060101
S214038DB004AB2046F1F72AFE3BE7D3F8B810C3F816
S214038DC0D010D3F8BC100092C3F8D410006C6946D8
S214038DD000F59870FDF71CF848B1009806F047FCBC
S214038DE020460821FDF754FA40F2074022E7206C9C
S214038DF0009A00F59871C830FCF790FE05460028E7
S214038E00EBD1009806F033FC236CA07C03F5987333
S214038E10C0F11002294618440FF04BF82A46CDE954
S214038E200155CDE90455CDE9065504AB01A9C0E7C4
S214038E3008B0BDE87040FEF74BB800BF139F0400B0
S214038E40356B0300B1F5A04F70B50446154607D041
S214038E5045F20406B1420CD0BDE87040FEF738B8C0
S214038E6010F0A6FC236CD3F85831D90701D40020A0
S214038E7070BD236CD3F85821D20718D4AA79A83327
S214038E800C3215446A1D153552F8041BAA4243F8E2
S214038E90041BF9D1206C102200F1A80198300EF0C3
S214038EA0DEFF20B904212046FDF7F2F9DFE7206C48
S214038EB01021C83010F04CFD58B108212046FDF7AC
S214038EC0E7F940F207400021FCF776FD40F2074041
S214038ED0CEE7216C2046C83110F0A2FC204602499A
S214038EE010F007FDC3E700BFE5870300B1F5A04F09
S214038EF013B504460ED0A1F5A043103B012B45D86D
S214038F00016C983110F0A8FC2046234910F0F1FCC0
S214038F10002017E0016CD1F8583101F1C80213F0B4
S214038F20040328D01021104610F012FD60B108216A
S214038F302046FDF7ADF940F207400021FCF73CFD63
S214038F4040F2074002B010BD216C204601F19803A1
S214038F50019391F85C21D1F82C31D34003F001033F
S214038F6043F08003009301F1140201F1C803543166
S214038F7010F05FFFCCE781F85C310123009301F129
S214038F80980301F5987110F0E1FEC1E702B0BDE861
S214038F901040FDF79DBF00BF9D8F0300B1F5A04FA6
S214038FA070B51346044607D045F20406B14207D00F
S214038FB0BDE87040FDF78CBF10F0FAFB002070BDD3
S214038FC09979026C0C310B44591DA832153351F8AC
S214038FD0040B994242F8040BF9D1256C102205F1D3
S214038FE0A80105F198000EF03AFF20B904212046A7
S214038FF0FDF74EF9E2E7204605F1C80110F010FC34
S2140390002046024910F075FCD8E700BFE587030049
S214039010B1F5A04F70B50346144607D045F21806BF
S214039020B14207D0BDE87040FDF752BF10F0C0FB59
S214039030002070BD1268551C03D10121FDF728F9E5
S214039040F6E7016CD1F85801400743BF002281F8C8
S2140390505C212268C1F8302148BFC1F82C2118468C
S214039060014910F046FCE3E7ED8E030007B506481A
S2140390700FF0DAFA042101900DEB01000FF0B6FBB6
S214039080019803B05DF804FBEC390020F7B51868C7
S21403909010F0020003D0164E316811B9012003B058
S2140390A0F0BD0024042223460DEB020001940FF0CA
S2140390B08CFABDF80630DB0702D4FFF7D7FF044669
S2140390C000250C4F57F8043B23B12146BDF8040096
S2140390D0984748B13368002BE0D0074B022193F939
S2140390E00000FAF7CBFCD9E70135062DEAD1F1E704
S2140390F0EC390020F03900206B3B002010B50948FE
S214039100FAF7ACFC0024084B0849187020200C60C2
S214039110FBF730F8064BC3E90044C3E90244C3E94E
S214039120044410BD284100206B3B0020EC3900208E
S214039130F0390020074BDA69D20407D51B6A40F2E0
S214039140044013F0010F18BF0020704740F204409C
S214039150704700BF0080E00F86B003900291019233
S214039160002305930AE0039A059B1A440299059B7C
S2140391700B4412781A70059B01330593059A019BDD
S2140391809A42F0D3029A019B134400221A7000BF3E
S21403919006B0704708B504F048FFD9F7F1FBDAF7D5
S2140391A033FA04F04FFFD9F7F9FB11F04BFA00BF7F
S2140391B0F7E700B583B0E5F761FD0190F2F7D6F95E
S2140391C0019000BF03B05DF804FB00B583B00190C7
S2140391D00198DAF7CBFC0198DAF73EFA0198D9F74B
S2140391E025FC00BF03B05DF804FB82B001900123A9
S2140391F0184602B0704700B5C5B0F2F767FD0DF02C
S214039200F4FE4390439B002B15D04398FFF7EDFFE6
S214039210034683F00103DBB2002B0CD101AB1846E7
S2140392200DF0CAFE4290429B002B06D101AB1846B6
S214039230FFF7CBFF02E000BF00E000BF45B05DF8DC
S21403924004FB08B50120DBF75DF82020DBF75AF8AE
S2140392504020DBF757F800BF08BD08B5DAF752FB26
S214039260E3F76EF9DBF702F903F032FFE3F754F99D
S21403927003F0DEFEE4F750F9DBF7ECF8DBF7EAFA87
S214039280DDF78AFDE5F772F900BF08BD08B5DBF721
S214039290A3FBDBF769FCDAF761FC00F0ACF800BF70
S2140392A008BD08B500F0A4F8E5F712FCE5F710F8DA
S2140392B0E3F784FC03F031FA07F085F903F026FAA6
S2140392C003F010FB03F007FB00F020F800BF08BD17
S2140392D008B5E1F7F3F803F014FAE1F701F9FFF73D
S2140392E068FF00BF08BD08B5DAF7CAFD00BF08BDB2
S2140392F000BF704708B5DAF7CDFE00BF08BD08B556
S214039300FFF779FF00BF08BD00BF704708B5DAF75F
S214039310D1FBDAF725FB00BF08BD00B583B001908B
S214039320019B1B6A019A1268104698470346184623
S21403933003B05DF804FB00B585B003460A46ADF8F6
S21403934006301346ADF804304FF0000302930023B3
S2140393500393BDF8063007EE903AF8EE677AB7EE59
S214039360047A27EE877ABDF80430013307EE903A85
S214039370F8EEE77A67EE277ACDED027ADDED027A2C
S214039380B1EE047A67EE877ACDED027A9DED020A96
S214039390FAF73EFBF0EE407AFCEEE77A17EE903AE9
S2140393A00393039BB3F57A7F02D24FF47A73039346
S2140393B0039B184605B05DF804FB10B487B002ACF7
S2140393C084E8030011461A460B468DF80730134609
S2140393D08DF8063001238DF817309DF817301846A0
S2140393E007B05DF8044B704700BF704700BF704777
S2140393F00F231846704708B5082000F017FADBF766
S2140394003DF8082000F025FA00BF08BD84B001909F
S2140394100B468DF8033000230393019B23F07F4311
S214039420039A134303939DF803309B07039A13434E
S2140394300393039B184604B0704784B001900B4611
S2140394408DF8033013468DF802300023029302236F
S2140394508DF80F309DF80330012B02D103238DF8CE
S2140394600F30019B23F07F43029A134302939DF828
S2140394700F30DB0603F06053029A134302939DF802
S21403948002309B07029A13430293029B184604B0CA
S214039490704700B585B001900B468DF80330012365
S2140394A08DF808309DF8033019460198FFF7AEFF94
S2140394B00346039302AB0821184600F004F800BFE6
S2140394C005B05DF804FB00B587B001900091019BE1
S2140394D0039300238DF81230009B09330293002375
S2140394E005935AE0059B002B03D15B238DF81330BD
S2140394F04AE0059B012B05D1009BDBB204338DF8B4
S214039500133041E0059B022B03D1D1238DF8133092
S2140395103AE0059B032B03D180238DF8133033E009
S214039520059B042B03D100238DF813302CE0059BF9
S214039530052B07D19DF812305A1C8DF812208DF892
S214039540133021E0029B033B059A9A4203D15A2328
S2140395508DF8133018E0029B023B059A9A4203D11A
S2140395605A238DF813300FE0029B013B059A9A426B
S21403957003D15D238DF8133006E0059B063B039A63
S21403958013441B788DF813309DF8133019460820C2
S214039590DBF7B4FA059B01330593059A029B9A42BF
S2140395A0A0D30023184607B05DF804FB84B00390ED
S2140395B00291019207E0039A131D0393029B191D60
S2140395C0029112681A60019B5A1E0192002BF2D177
S2140395D000BF00BF04B0704700BFFDE782B0019034
S2140395E0019BB3F5903F01D2012300E00023184608
S2140395F002B0704782B00190019B00221A6000BF40
S21403960002B0704782B001900091009B002B01D0FE
S214039610019B002B019B1A68009B1A60019B009A12
S2140396201A6000BF02B0704784B001900091009B9F
S214039630002B01D0019B002B019B03930FE0039BA0
S2140396401B68009A9A4207D1009B1A68039B1A600C
S214039650009B00221A6006E0039B1B680393039B90
S2140396601B68002BEBD104B0704700B583B00190A4
S214039670019B5B68002B05D0019B5B6801989847AC
S214039680034600E02223184603B05DF804FB82B0CD
S214039690019000BF02B0704700B587B00346009143
S2140396A08DF80730009B0593059B1B680493049B6A
S2140396B01B798DF80C30049B5B798DF80D30049B79
S2140396C01B78022B11D00DF10B0203AB1146184683
S2140396D000F0AFF99DF80B3083F00103DBB21A46B6
S2140396E0049B1A700598FFF7D2FF00BF07B05DF81A
S2140396F004FB84B00190019B0393039B1B680293B6
S214039700029B1B78184604B0704700B587B00190DB
S214039710019B0593059B1B680493049B1B798DF89B
S2140397200830049B5B798DF80930049B1B78022B69
S21403973044D00DF10B0202AB1146184600F079F93E
S2140397409DF80B308DF80F30049B9B79012B28D1A5
S214039750049B5B88ADF80C30BDF80C305B009AB206
S2140397609DF80F309BB213439BB24FF6C072134360
S214039770ADF80C304FF6E072BDF80C30934202D1D0
S214039780049B01221A704FF6DF72BDF80C30934229
S21403979002D1049B00221A70049BBDF80C205A8049
S2140397A00DE0049B9B79002B09D19DF80F3083F0C5
S2140397B00103DBB21A46049B1A7000E000BF07B031
S2140397C05DF804FB00B585B00190019B0393039BF2
S2140397D01B680293029B1B78022B06D1029B002276
S2140397E05A800198DBF798F800E000BF05B05DF8F3
S2140397F004FB00B585B00190019B0393039B1B6894
S2140398000293029B1B78022B0CD0029B9B79022BA4
S21403981004D1029B5B791846DBF770FA029B02229F
S2140398201A7000E000BF05B05DF804FB82B001903B
S2140398304FF06043D3F8002E0121019B01FA03F396
S2140398404FF060411343C1F8003E0023184602B0B0
S214039850704782B001904FF06043D3F8002E012189
S214039860019B01FA03F3DB434FF060411340C1F859
S214039870003E0023184602B0704784B001900023D0
S214039880039305E0039B01330393019B5B0801935A
S214039890039B1F2B04D8019B03F00103002BF1D07D
S2140398A0039B184604B0704700B585B001900B467D
S2140398B08DF8033013468DF80230019B002B01D13F
S2140398C0222340E09DF8033003F00F029DF8033097
S2140398D09A4220D1019B1B78002B13D0019B1B7847
S2140398E0012B0DD0019B1B78022B07D0019B1B7805
S2140398F0032B01D10F2307E0002305E0FF2303E03A
S2140399001F2301E040F2FF13019A5278D34003F07D
S2140399100103002B01D1212315E0E0F75DF8034690
S214039920002B01D002230EE012F0D1F803909DF82D
S21403993002209DF8033019460198E0F739F9039899
S21403994012F0B7F80023184605B05DF804FB00B51F
S21403995085B00190019B002B01D122232CE0019BB3
S2140399601B78002B13D0019B1B78012B0DD0019B7A
S2140399701B78022B07D0019B1B78032B01D10F23E7
S21403998007E0002305E0FF2303E01F2301E040F286
S214039990FF13019A5278D34003F00103002B01D141
S2140399A0212309E012F093F80390019810F04CFC81
S2140399B0039812F07EF80023184605B05DF804FB02
S2140399C000B585B00190019B002B01D122232CE02A
S2140399D0019B1B78002B13D0019B1B78012B0DD00A
S2140399E0019B1B78022B07D0019B1B78032B01D10D
S2140399F00F2307E0002305E0FF2303E01F2301E016
S214039A0040F2FF13019A5278D34003F00103002B70
S214039A1001D1212309E012F05AF803900198DFF7E9
S214039A20E3FF039812F045F80023184605B05DF8E7
S214039A3004FB00B585B001900091019B002B02D07A
S214039A40009B002B01D1222330E0019B1B78002BC7
S214039A5013D0019B1B78012B0DD0019B1B78022B87
S214039A6007D0019B1B78032B01D10F2307E00023AC
S214039A7005E0FF2303E01F2301E040F2FF13019AF2
S214039A805278D34003F00103002B01D121230DE0CC
S214039A9012F01DF803900198DFF7D0FF03461A462D
S214039AA0009B1A70039812F004F80023184605B0BA
S214039AB05DF804FB00B583B0E0F720F8034603F037
S214039AC0553323F0502301930198E0F701F80198EA
S214039AD0DBF7D4F900BF03B05DF804FB00B583B031
S214039AE0E0F70CF8034603F0AA3323F0A023019310
S214039AF00198DFF7EDFF0198DBF7C0F900BF03B06D
S214039B005DF804FB00B58DB00B900A91099208939B
S214039B10129B0793119B06939DF8403005930F9B6A
S214039B2004939DF83830039300230293089B019314
S214039B30099B00930A9B0B9A01210020DBF700FC8C
S214039B40034618460DB05DF804FB86B0019001236A
S214039B500593019B5A69019B5B69D91C019B5B6C4E
S214039B60143BB1FBF3F30133DB0013445A1F019B91
S214039B705B6C143BB2FBF3F30133049300230393B0
S214039B80059A049B1A44039B1344184606B0704771
S214039B9082B001900091009BDA1D019B5B6C143B25
S214039BA0B2FBF3F30133DA00009B1344184602B00A
S214039BB0704700B583B001900198FFF7C6FF0246D1
S214039BC0019B5B6C143B02FB03F3184603B05DF882
S214039BD004FB00B585B0019000910198FFF7E9FFFB
S214039BE00390009BDA1D019B5B6C143BB2FBF3F303
S214039BF00133DB00009A13440293039A029B134437
S214039C00184605B05DF804FB00B585B00190019BCE
S214039C105B6919460198FFF7DCFF0390019B5A69BD
S214039C20019B5B69D91D019B5B6C143BB1FBF3F392
S214039C300133DB0013440293039A029B1344184632
S214039C4005B05DF804FB00B583B001900198FFF7FB
S214039C50DBFF0246019B9B691344184603B05DF87D
S214039C6004FB00B585B001900198FFF7ECFF039065
S214039C7004230293039A029B1344184605B05DF827
S214039C8004FB10B582B001900091019B1C6B0099F8
S214039C900198FFF77DFF03469C422CBF0123002358
S214039CA0DBB2184602B010BD10B582B00190009129
S214039CB0019B1C6B00990198FFF78BFF03469C42A0
S214039CC02CBF01230023DBB2184602B010BD10B52B
S214039CD082B00190019B1C6B0198FFF795FF03462A
S214039CE09C422CBF01230023DBB2184602B010BDF2
S214039CF082B00190019B033323F00303184602B09E
S214039D00704782B001900091019A009B1344184655
S214039D1002B0704782B001900091019B1A68019BC4
S214039D205B6C009901FB03F31344184602B07047BB
S214039D3084B001900091019B1B68009AD31A039389
S214039D40019B5B6C039AB2FBF3F3184604B07047AF
S214039D5088B0039002910192039B5B6C013B0793CF
S214039D60029B0693019B0593069A059B5A40079B05
S214039D70DB431340002B0CBF01230023DBB2184642
S214039D8008B0704782B001900091009B0133019A9E
S214039D90D269B3FBF2F101FB02F29B1A184602B03A
S214039DA0704782B001900091009B002B02D0009B6D
S214039DB0013B02E0019BDB69013B184602B070479A
S214039DC000B58BB0019000910023099322E000991F
S214039DD00198FFF7D7FF009000990198FFF79AFFC5
S214039DE00890019BDB6B5B6902A9052208989847DC
S214039DF002AB184601F082FF03468DF81F309DF82C
S214039E001F30184601F0BDFF0346002B09D1099BFE
S214039E1001330993019BDB69013B099A9A42D6D326
S214039E2000E000BF009B18460BB05DF804FB00B5CE
S214039E308BB0019000910023099322E000990198CA
S214039E40FFF7AFFF009000990198FFF763FF0890B4
S214039E50019BDB6B5B6902A905220898984702AB56
S214039E60184601F04BFF03468DF81F309DF81F3050
S214039E70184601F086FF0346002B09D1099B0133E0
S214039E800993019BDB69013B099A9A42D6D300E00A
S214039E9000BF009B18460BB05DF804FB84B001902E
S214039EA00091009B0393019B5A6C019B5B6C591EAC
S214039EB0039B0B40D31A184604B0704782B0019038
S214039EC00091019B5B6C5A1E009B1340184602B020
S214039ED0704700B587B00190009100990198FFF78D
S214039EE027FF059005990198FFF76AFF05900599E6
S214039EF00198FFF70FFF0490049801F06CFF03909E
S214039F00039B184607B05DF804FB10B58CB00190B0
S214039F1000230B93019BDA6A019B9B6A9A420AD140
S214039F20019B5968019BDA6913469B0013449B0007
S214039F30CB1A0B9334E0019BDB6A0A932BE00A9956
S214039F400198FFF7F5FE099009990198FFF7E2FEDD
S214039F500890019BDB6B5B6902A90522089898476A
S214039F6002AB184601F0CAFE03468DF81F309DF873
S214039F701F30012B0AD0019B5C6C0A990198FFF7EE
S214039F809DFF0346E31A0B9A13440B930A99019811
S214039F90FFF79FFF0A90019B9B6A0A9A9A42CED1CB
S214039FA00B9B18460CB010BD00B587B0019000910E
S214039FB0009B05930023049313E0019BDB6B5B6913
S214039FC003A9012205989847039BB3F1FF3F02D0EC
S214039FD0002304930DE0049B04330493059B04338E
S214039FE00593059A00990198FFF7B2FE0346002BE6
S214039FF0E3D1049B184607B05DF804FB82B00190DA
S21403A000019B13F1020F0CBF01230023DBB218469A
S21403A01002B0704782B00190019BC3F31303019A09
S21403A0209A420CBF01230023DBB2184602B07047E6
S21403A03082B00190019B93F84230012B01D1642337
S21403A04000E03223184602B0704782B00190019BAD
S21403A05093F84230012B01D1022300E00123184676
S21403A06002B0704700B587B0039002910192009347
S21403A070029A019B1A44009B23F00303134405939F
S21403A080009B03F00303002B02D0059B04330593C8
S21403A090029A05990398FFF75BFE034683F00103D4
S21403A0A0DBB2002B06D002990398FFF712FF02904B
S21403A0B0029B0593059B184607B05DF804FB00B5A5
S21403A0C0A1B0059004910392029300231F93049B6F
S21403A0D01B691E9300231D9300238DF87330049B86
S21403A0E0DB681B93002318930023179300238DF834
S21403A0F05B309DF88C30022B04D11E9BCC2B01D0F9
S21403A1007023E4E19DF88C30022B0ED19DF8883045
S21403A110002B06D00499059801F040F803460893EF
S21403A12003E0049BDB681B68089302990598FFF716
S21403A130B5FE12901E9B782B03D8049BDB7D002B69
S21403A14001D0012300E000238DF867309DF86730C7
S21403A15003F001038DF867309DF88830002B0ED08E
S21403A160059BDB6B5B69049A506807A90122984735
S21403A17007AB184601F01DFC03468DF867309DF8C3
S21403A1806730002B01D0082300E0042311931E9BA5
S21403A190782B8CBF012300238DF866309DF866303C
S21403A1A083F00103DBB2002B10D01E9B0433129AFC
S21403A1B09A420BD21E9B002B06D0129B082B03D968
S21403A1C001238DF8663001E0042318939DF866306A
S21403A1D0002B01D0082300E004231093049B1A6885
S21403A1E0039B1A60039B1E9A1A619DF866209DF8CE
S21403A1F08C301146184601F022FC03461A46039B90
S21403A2001A7502990598FFF749FE12901E9B002BBC
S21403A21009D0109A189B1344129A9A428CBF0123B2
S21403A2200023DBB206E0129A109B9A422CBF01234E
S21403A2300023DBB28DF83F30002318939DF83F30A0
S21403A240002B00F03081129A109BD31A12931E9A99
S21403A250129B934228BF13460E93029B0D931099AD
S21403A2600298FFF74EFD02900E9A1E9B9A4212D05A
S21403A270039B0122DA75039B1B691E9A9A4206D139
S21403A28001238DF87330039B0D9A5A600EE0022368
S21403A2908DF873300AE09DF87330002B03D0032348
S21403A2A08DF8733002E000238DF87330039BDB7D5B
S21403A2B0002B21D0039B1B7E039A0333DB0013443E
S21403A2C00D9A5A60039B1B7E0E9A91B2039A033330
S21403A2D0DB0013440A461A81039B1B7E039A03334F
S21403A2E0DB0013449DF873209A72039B1B7E013395
S21403A2F0DAB2039B1A7602E0039B0D9A5A600E9B12
S21403A300002B00F08A809DF88C30022B1BD19DF821
S21403A3105B3083F00103DBB2002B7ED0179A0E9BD3
S21403A3201344032B79D9059BDB6B9B6908A9012290
S21403A330029898471F901F9B002B40F0C480012370
S21403A3408DF85B3069E09DF8883083F00103DBB25B
S21403A350002B3ED01B9B1593029B14930E9B1393CB
S21403A360139B9B080C930C9B002B16D0059BDB6B57
S21403A3709B690C9A1599149898471F900C9B9B0001
S21403A380159A134415930C9B9B00149A1344149329
S21403A3900C9B9B00139AD31A13931F9B002B13D16A
S21403A3A0139B002B10D04FF0FF33069306AB139A84
S21403A3B0159918460DF088FD059BDB6B9B6906A96E
S21403A3C00122149898471F901B9A0E9B13441B93C5
S21403A3D023E00E9B1A931D9B049A1199059800F08F
S21403A3E09DF903460B931D9B04331D93059BDB6B63
S21403A3F09B690BA90122029898471F901A9B042B6E
S21403A4000BD91F9B002B08D11A9B043B1A930421DC
S21403A4100298FFF776FC0290DDE71F9B002B02D025
S21403A420249B029A1A601F9B002B1CD1049B19685D
S21403A430039B1A7D09A89DF8733001939DF8663037
S21403A44000930E9B01F0A0F9059BDB6B9B69109AAA
S21403A450920809A90D9898471F901F9B002B02D0BE
S21403A460249B0D9A1A600E9B109A0D990598FFF778
S21403A470F9FD0246039B9A600E98FFF739FC0246E5
S21403A480109B1344059A126BD21A059B1A631F9BE3
S21403A490002B1AD11E9A0E9BD31A1E93179A0E9B45
S21403A4A01344179305E0059B1A6B129BD21A059B60
S21403A4B01A6302990598FFF70CFD02901E9B002B6A
S21403A4C07FF49FAE02E000BF00E000BF1F9B18466C
S21403A4D021B05DF804FB00B599B003900291019298
S21403A4E000931A9B5B681793029B1393009B12932C
S21403A4F01A9B1B69129A9A4240F2D7806323D9E0CB
S21403A500039BDB6B5B6909A901221798984709AB84
S21403A510184601F044FA0E901A9B1B680E9A9A424C
S21403A52001D06F23C6E009AB184601F04DFA0D9033
S21403A5300D9B042B05D109AB184601F054FA159070
S21403A5400BE0039BDB6B5B6907A90222179898470E
S21403A55007AB184601F047FA15900D991798FFF7C1
S21403A560D0FB16909DF86C30002B53D1019A159BA7
S21403A5709A4206D900231493019A159BD31A019382
S21403A58015E0169A019B13441693159A019BD31A4A
S21403A5900C93009B0B930B9A0C9B934228BF13467A
S21403A5A0149300230193009A149BD31A0093149BCD
S21403A5B01193119B9B080A930A9B002B15D0039BB0
S21403A5C0DB6B5B690A9A1399169898470A9B9B005C
S21403A5D0119AD31A11930A9B9B00169A1344169347
S21403A5E00A9B9B00139A13441393119B002B53D07F
S21403A5F0039BDB6B5B6906A901221698984706AB9B
S21403A600119A194613980DF05FFC139A119B134485
S21403A610139341E0159B1493149B1093109B9B0874
S21403A6200F931DE0039BDB6B5B6905A9012216985C
S21403A630984705AB0422194613980DF010FC034601
S21403A640002B01D0362335E00F9B013B0F93109B65
S21403A650043B1093169B04331693139B04331393F4
S21403A6600F9B002BDED1109B002B15D0039BDB6BBF
S21403A6705B6905A901221698984705AB109A1946F7
S21403A68013980DF0ECFB0346002B01D0362311E0A4
S21403A690139A109B13441393129A149BD31A129370
S21403A6A017990398FFF715FC1790129B002B7FF45E
S21403A6B027AF0023184619B05DF804FB00B589B030
S21403A6C005900491029313468DF80F30049B0022E5
S21403A6D01A76049B59689DF80F20029B0093134635
S21403A6E0049A0598DBF75AF803468DF81F309DF851
S21403A6F01F30002B0CD0049BDB7D002B03D0049B68
S21403A7009B7E002B01D0012200E00022049B9A7559
S21403A710049B9B7D184609B05DF804FB00B589B021
S21403A7200390029101920093019B5B680793019B40
S21403A730DB7D83F00103DBB2002B09D0019B586855
S21403A740029A009B13441946FFF7DBFA079035E09D
S21403A750009B069300238DF8173029E09DF81730E9
S21403A760019A0333DB0013441B891A46069B934264
S21403A7700ED29DF81730019A0333DB001344586852
S21403A780029A069B13441946FFF7BBFA079015E097
S21403A7909DF81730019A0333DB0013441B891A46CE
S21403A7A0069B9B1A06939DF8173001338DF81730D6
S21403A7B0019B1B7E9DF817209A42CFD3039BDB6B2E
S21403A7C05B6904A9012207989847049B184609B0B9
S21403A7D05DF804FB00B58BB00190019B00221A6262
S21403A7E00023099322E009990198FFF793FA08904A
S21403A7F0019BDB6B5B6902A905220898984702ABAD
S21403A800184601F07BFA03468DF81F309DF81F307B
S21403A810184601F0B6FA0346002B04D0019B1B6AC8
S21403A8205A1C019B1A62099B01330993019BDB693E
S21403A830099A9A42D7D3019B1B6A18460BB05DF858
S21403A84004FB00B58FB001904FF0FF330C934FF02D
S21403A850FF330B9300230A93019B4FF6FF725A6252
S21403A860019B00221A6200230D933CE00D99019888
S21403A870FFF750FA0990019BDB6B5B6902A905227F
S21403A8800998984702AB184601F038FA03468DF844
S21403A8901F3002AB184601F0ECF908909DF81F3004
S21403A8A0184601F06EFA0346002B19D0019B1B6A6B
S21403A8B05A1C019B1A62089A0C9B9A4202D2019B6D
S21403A8C00D9A5A62089A0B9B9A4201D2089B0B93E5
S21403A8D0089A0A9B9A4201D9089B0A93089B0C93F1
S21403A8E00D9B01330D93019BDB690D9A9A42BDD3F1
S21403A8F00A9A0B9BD31A012B1FD9019B4FF6FF72A3
S21403A9005A6200230D9313E00D990198FFF702FA9C
S21403A9100990019BDB6B5B6902A90522099898479E
S21403A92002AB184601F0A5F908900D9B01330D9371
S21403A930019BDB690D9A9A42E6D300BF0FB05DF820
S21403A94004FB00B58DB0019000230A9300230B93FC
S21403A9502FE00B990198FFF7DDF90990019BDB6B5C
S21403A9605B6902A905220998984702AB184601F0CD
S21403A970C5F903468DF823309DF82330184601F0B9
S21403A98000FA0346002B11D0099801F024FA034677
S21403A99019460198FFF708FB0790019B5B6C143B75
S21403A9A0079A9A4202D10A9B01330A930B9B0133FF
S21403A9B00B93019BDB690B9A9A42CAD30A9B1846F0
S21403A9C00DB05DF804FB00B585B00190019B5B6A92
S21403A9D019460198FFF79EF90390039801F0FBF9D7
S21403A9E00246019B9A6200BF05B05DF804FB00B502
S21403A9F08DB00190009100990198FFF78BF90A90AA
S21403AA00019BDB6B5B6903A905220A98984703AB96
S21403AA10184601F073F903468DF827309DF8273062
S21403AA20184601F0AEF90346002B05D003AB1846D3
S21403AA3001F01FF90B9020E000990198FFF7F7F952
S21403AA40089008990198FFF765F90A90019BDB6B5C
S21403AA505B6903A905220A98984703AB184601F0D9
S21403AA6008F90B900B9BB3F1FF3F06D0089A009BA7
S21403AA709A4202D90B9B01330B930B9B18460DB0DE
S21403AA805DF804FB00B587B003900291019202992A
S21403AA900398FFF7ACFF0590059BB3F1FF3F01D189
S21403AAA0019B0593059B01330593059B184607B049
S21403AAB05DF804FB00B587B00390029101920299FA
S21403AAC00398FFF727F90590039BD86B039B403346
S21403AAD0019A059901F086F904900398FFF77AFE28
S21403AAE0049B184607B05DF804FB00B587B00390D7
S21403AAF00291009313468DF80730089B05939DF843
S21403AB000730032B0DD1059B9B6A1A4600990598BF
S21403AB10FFF71EF90346002B03D002990398DCF7D0
S21403AB205DF80123184607B05DF804FB00B587B04F
S21403AB3003900291009313468DF80730039B03F1AD
S21403AB400800029B1B680DF113021946DCF776F822
S21403AB5005909DF80730032B0DD1029B5B68059A81
S21403AB609A4208D1039B03F10802029B1B6819460D
S21403AB701046DCF733F80123184607B05DF804FBEC
S21403AB8000B58FB001900091019B5B6A4FF6FF7290
S21403AB9093420CBF012300238DF82B309DF82B30F6
S21403ABA0002B01D0002301E0019B5B6A0C9300237A
S21403ABB00B9338E00C990198FFF7ACF80990019BCA
S21403ABC0DB6B5B6903A905220998984703AB184614
S21403ABD001F094F803468DF823309DF82330022BBA
S21403ABE012D09DF82B30002B03D0009B01330D931E
S21403ABF005E0009A0C990198FFF744FF0D900D9A13
S21403AC000C990198FFF756FF0C9B01330C93019B9D
S21403AC10DA690C9BB3FBF2F101FB02F29B1A0C936D
S21403AC200B9B01330B93019BDB690B9A9A42C1D3AF
S21403AC3000BF00BF0FB05DF804FB00B58DB00190F8
S21403AC4000230B9332E00B990198FFF763F8099002
S21403AC50019BDB6B5B6903A905220998984703AB45
S21403AC60184601F04BF803468DF823309DF8233041
S21403AC70012B07D09DF82330184601F097F80346BA
S21403AC80002B10D00B990198FFF7B1FE0A909DF8A0
S21403AC902330012B02D10A9B01330A930A9A0B999C
S21403ACA00198FFF707FF0B9B01330B93019BDB69AF
S21403ACB00B9A9A42C7D300BF00BF0DB05DF804FBE2
S21403ACC000B58DB00390029113468DF80730039BB1
S21403ACD09A6B039B1B6B9A4203D9039B1A6B039BCA
S21403ACE09A63039B5B6A19460398FFF713F80A9067
S21403ACF0039BDB6B5B6904A905220A98984704ABA0
S21403AD00184600F0FBFF03461A46029B1A70029B86
S21403AD101B78012B07D09DF8073019460398DBF7FD
S21403AD2027FA0B9007E00398DBF79CFA0B9003983F
S21403AD30FFF7EBF80990039BDB6B5B6904A905221D
S21403AD400A98984704AB184600F0D8FF03461A46FD
S21403AD50029B1A70039B9A6B039B1B6B9A4203D945
S21403AD60039B1A6B039B9A630B9B18460DB05DF807
S21403AD7004FB00B587B001900023059300238DF8EC
S21403AD800F30002304930DE00DF10F030022194644
S21403AD900198FFF795FF0490049B002B12D1059BA7
S21403ADA0013305930198FEF792FF034683F00103F0
S21403ADB0DBB2002B07D0019B1B6A5B00059A9A4205
S21403ADC0E2D300E000BF9DF80F30012B07D10DF151
S21403ADD00F03002219460198FFF772FF0490049BA5
S21403ADE0184607B05DF804FB00B58BB003900291DC
S21403ADF0019200930023099308230693039B93F879
S21403AE004230012B01D1022300E004230593009B6B
S21403AE1000221A70029BDB7D83F00103DBB2002B5A
S21403AE201BD0019B059A02FB03F304330893089B8C
S21403AE3003F00303002B06D0089B23F003030893B9
S21403AE40009B01221A70029B5868069A089B1344BB
S21403AE501946FEF756FF099045E0019B059A02FB4B
S21403AE6003F304330893089B03F00303002B06D075
S21403AE70089B23F003030893009B01221A70002308
S21403AE808DF81F3029E09DF81F30029A0333DB004C
S21403AE9013441B891A46089B93420ED29DF81F3013
S21403AEA0029A0333DB0013445868069A089B13443C
S21403AEB01946FEF726FF099015E09DF81F30029A03
S21403AEC00333DB0013441B891A46089B9B1A08931B
S21403AED09DF81F3001338DF81F30029B1B7E9DF8B3
S21403AEE01F209A42CFD3099B18460BB05DF804FB8C
S21403AEF000B589B003900291019200930DF11B03F4
S21403AF00019A02990398FFF76FFF0790039B93F844
S21403AF104230012B12D1039BDB6B5B6905A901222F
S21403AF20079898479DF81B30002B02D0059B1B0CF7
S21403AF300593059B9AB2009B1A6006E0039BDB6BA6
S21403AF405B69012200990798984700BF09B05DF82E
S21403AF5004FB00B587B003900291019200238DF89D
S21403AF601730039B93F84230012B15D10398FFF754
S21403AF705FF80346023B019A9A4222D204AB019A37
S21403AF8002990398FFF7B4FF049BDBB2002B18D19A
S21403AF9001238DF8173014E00398FFF749F80346AA
S21403AFA0013B019A9A420CD204AB019A0299039888
S21403AFB0FFF79EFF049B9BB2002B02D101238DF863
S21403AFC017309DF81730184607B05DF804FB00B538
S21403AFD089B0039002910192009300238DF81F30ED
S21403AFE0039B93F84230012B40D10398FFF720F8D8
S21403AFF00346023B019A9A4267D206AB019A02992C
S21403B0000398FFF775FF019B5A1C05AB029903983B
S21403B010FFF76EFF019B9A1C04AB02990398FFF798
S21403B02067FF08238DF81E3005A90DF11E031022B5
S21403B030184600F0FDFE04A90DF11E031022184663
S21403B04000F0F6FE069BDBB2002B3ED1069B1B0AE6
S21403B0509DF81E20934238D1049B1A04059B1A447C
S21403B060009B1A6001238DF81F302EE00398FEF72D
S21403B070DFFF0346013B019A9A4226D206AB019AAA
S21403B08002990398FFF734FF019B5A1C05AB0299FC
S21403B0900398FFF72DFF10238DF81E3005A90DF139
S21403B0A01E032022184600F0C3FE069B9BB2002B0D
S21403B0B00BD1069B1B0C9DF81E20934205D1059AC7
S21403B0C0009B1A6001238DF81F309DF81F30184629
S21403B0D009B05DF804FB00B587B0039002910192B6
S21403B0E0009300238DF81630009B00221A6004ABF1
S21403B0F0019A02990398FFF7FBFE039B93F84230ED
S21403B100012B23D1049B4FF6FF72934203D10023F6
S21403B1108DF817303CE004A90DF1160308221846F3
S21403B12000F086FE049B1B0ADAB29DF816309A429C
S21403B1300CBF012300238DF817309DF81730002B22
S21403B14026D0049BDAB2009B1A6021E0049BB3F17D
S21403B150FF3F03D100238DF8173019E004A90DF142
S21403B16016031022184600F063FE049B1B0CDAB28B
S21403B1709DF816309A420CBF012300238DF8173032
S21403B1809DF81730002B03D0049B9AB2009B1A60DD
S21403B1909DF81730184607B05DF804FB00B589B074
S21403B1A0019000910023039308230693009B5B689A
S21403B1B006991846FEF7A5FD0590019BDB6B5B69B8
S21403B1C003A90122059898470023079330E0079ABE
S21403B1D000990198FFF7BDFE03468DF813309DF8DE
S21403B1E01330002B10D003AB079A00990198FFF792
S21403B1F0EEFE03468DF811300198FEF726FF024651
S21403B200079B1344079310E002AB079A0099019833
S21403B210FFF761FF03468DF812309DF81230002BBE
S21403B22003D0039A029B13440393079B01330793AC
S21403B2300198FEF7FDFE0246079B9342C7D3039B86
S21403B240184609B05DF804FB00B585B0039002917B
S21403B250009313468DF80730039B03F10800029B07
S21403B2601968029B5A689DF80730DBF71FFD012318
S21403B270184605B05DF804FB00B591B00190009147
S21403B280019B4FF6FF725A62019B4FF0FF329A62A0
S21403B290019B4FF0FF32DA62019B00221A62019B88
S21403B2A000221A63019B08331846DBF77DFC0198DE
S21403B2B0FFF790FA0F900F9B002B06D00198FFF72D
S21403B2C0BCFC0198FFF786FA0F900F9B002B07D163
S21403B2D000990198FFF754FC0198FFF77BFA0F904B
S21403B2E00F9B002B74D00198FFF7ABFA019B5B6AA8
S21403B2F04FF6FF72934268D0019B5B6A194601982A
S21403B300FEF708FD0B90019BDB6B5B6903A9052227
S21403B3100B98984703AB184600F0ABFC0A900198CD
S21403B320FFF751FB0198DAF769FD019BDB6A1946C3
S21403B3300198FEF7FDFC034619460198FEF7EAFC62
S21403B3400B900198FEF701FC09900198FFF7F9FAB4
S21403B3500890089A099B9A4234D2019B5B6A194665
S21403B3600198FEF764FD0D9000230C9324E00C9ADD
S21403B370089B9A4218D30D990198FEF7CBFC0B90C5
S21403B380019BDB6B5B6903A905220B98984703AB0C
S21403B390184600F06EFC0A90019BD86B019B403365
S21403B3A00A9A0B9900F01EFD0D990198FEF73FFDD2
S21403B3B00D900C9B01330C930C9A099B9A42D6D39F
S21403B3C064230EE000230E9304E067230E9301E04C
S21403B3D05E230E930E9B002B02D10198DAF794FF9F
S21403B3E00E9B184611B05DF804FB00B583B00190C0
S21403B3F00B468DF80330DBF7DFFC019BDB6BDB686A
S21403B4009DF803201046984700BF03B05DF804FB81
S21403B41000B583B00190019BDB6BDB680020984787
S21403B420DBF7D4FC00BF03B05DF804FB86B00390E3
S21403B4300291009313468DF80730069B05939DF8FB
S21403B4400730032B0CBF01230023DBB21A46059BF0
S21403B4501B7E9A4221D1059B1B68029A9A421CD3F3
S21403B460059B5B68029A9A4217D8059B5B695A1C30
S21403B470059B5A61059B1A69059BDB689A420CD2A9
S21403B480059B9A68059B1B699B001344029A1A60E6
S21403B490059B1B695A1C059B1A610123184606B0B7
S21403B4A0704700B587B0059004910392029300237A
S21403B4B00193089B0093029B039A04990598DBF774
S21403B4C035FA0346184607B05DF804FB00B587B0A7
S21403B4D0059004910392029301230193089B009322
S21403B4E0029B039A04990598DBF720FA034618464D
S21403B4F007B05DF804FB84B003468DF807309DF96A
S21403B5000730B3F1FF3F04D0002B05D1002303938C
S21403B51005E06E23039302E07123039300BF039BAE
S21403B520184604B0704786B001900091019B0493BF
S21403B530009B9B080393002305930CE0049B1B6866
S21403B540B3F1FF3F01D000230AE0049B04330493C6
S21403B550059B01330593059A039B9A42EED3012379
S21403B560184606B0704700B583B001900091DEF729
S21403B57087F80023184603B05DF804FB08B5DEF72A
S21403B58097F800BF08BD00B585B0019003AB184619
S21403B59000F061FF9DF80E301A46019B1A80019B4E
S21403B5A00122DA70019B00229A70DEF705F9024643
S21403B5B0019B5A600023184605B05DF804FB82B071
S21403B5C003468DF8073000BF02B0704700B587B05A
S21403B5D0039002910192039B0593029B0493059BA0
S21403B5E003F00303002B14D1049B03F00303002B87
S21403B5F00FD10AE0059A131D0593049B191D0491A8
S21403B60012681A60019B013B0193019B002BF1D149
S21403B61006E0019B9B001A46039902980CF054FC23
S21403B6200023184607B05DF804FB00B58BB0039003
S21403B63002910192029B0893039B0793019B9B0035
S21403B6400693069A0899079810F036FD03468DF878
S21403B65017309DF917301846FFF74DFF0990099BE1
S21403B660002B09D1069A089907980CF0F8FB0346B5
S21403B670002B01D03D230993099B18460BB05DF8B8
S21403B68004FB00B585B00190019810F019FD034640
S21403B6908DF80B309DF90B301846FFF72CFF0390FF
S21403B6A0039B002B0ED1DEF787F803461946019855
S21403B6B0FFF739FF034683F00103DBB2002B01D00B
S21403B6C03E230393039B184605B05DF804FB00B5C1
S21403B6D083B0019000910198019A009B1344013BAB
S21403B6E0009A1946E2F760FE00BF03B05DF804FB5C
S21403B6F082B00190019B1B68DB0E184602B07047B0
S21403B70082B00190019B5B689B0E184602B070479F
S21403B71084B00190019B0393039BDBB2184604B0ED
S21403B720704784B00190019B0393039BDBB21846DA
S21403B73004B0704700B583B00190019B1B6803F00B
S21403B7407F031846FFF7E4FF0346184603B05DF889
S21403B75004FB00B585B001900198FFF7EBFF0346A5
S21403B7608DF80F309DF80F30012B03D09DF80F3066
S21403B770002B01D1012300E0002303F00103DBB219
S21403B780184605B05DF804FB00B587B00390029138
S21403B790009313468DF8073000238DF81730029B6D
S21403B7A0DB0123F0784323F07F03039A1360009BA7
S21403B7B023F07C42039B5A609DF80730012B02DC82
S21403B7C0002B04DA23E0023B012B20D817E0039B6F
S21403B7D01A689DF807301A43039B1A60039B1B687D
S21403B7E043F06042039B1A60039B1A689DF824305B
S21403B7F0DB0603F0C0531A43039B1A6011E0039B56
S21403B8001A689DF807301A43039B1A6009E0039BE6
S21403B8101A68009B073303F07F031A43039B1A60DF
S21403B82000BF9DF82030002B17D003990DF11703A6
S21403B8302022184600F0FCFA039B191D0DF117038E
S21403B8401A22184600F0F4FA039B5A689DF817303C
S21403B8509B061A43039B5A600EE003990DF11703E8
S21403B8601B22184600F0E4FA039B1A689DF817306B
S21403B870DB061A43039B1A609DF82030184600F037
S21403B88005F80346184607B05DF804FB82B0034686
S21403B8908DF807309DF80730002B01D0082300E011
S21403B8A00423184602B0704700B585B00190002304
S21403B8B08DF80D3000238DF80F3001990DF10D032F
S21403B8C01B22184600F0B4FA0198FFF711FF03464F
S21403B8D08DF80E309DF80D309DF80E209A4202D159
S21403B8E001238DF80F309DF80F30184605B05DF82C
S21403B8F004FB00B585B0019000238DF80D300023BE
S21403B9008DF80F3001990DF10D032022184600F033
S21403B9108FFA019B191D0DF10D031A22184600F02C
S21403B92087FA0198FFF7ECFE03468DF80E309DF874
S21403B9300D309DF80E209A4202D101238DF80F3068
S21403B9409DF80F30184605B05DF804FB82B00190F1
S21403B950019B1B68B3F1FF3F0CBF01230023DBB23F
S21403B960184602B0704700B585B00190019B1B686E
S21403B970DB0E03F003031846FFF7D3FE03468DF8EA
S21403B9800F300198FFF7E5FE0346002B02D09DF823
S21403B9900F3000E00023184605B05DF804FB82B0C4
S21403B9A00190019B1B68DB09C3F31303184602B01F
S21403B9B0704700B583B001900198FFF7CAFE0346AF
S21403B9C0184603B05DF804FB00B583B001900198F8
S21403B9D0FFF7BFFE03461846FFF758FF0346184611
S21403B9E003B05DF804FB00B585B001900198FFF73E
S21403B9F0B0FE0346002B05D0019B5B6823F07C4317
S21403BA0003930CE0019B1B6803F07F030393039BE4
S21403BA10072B02D9039B073B00E000230393039BFA
S21403BA20184605B05DF804FB00B583B00190019895
S21403BA30FFF780FE0346184603B05DF804FB84B0A8
S21403BA4003460A468DF8073013468DF806309DF8F0
S21403BA500730032B03D103238DF80F3016E09DF830
S21403BA600730022B09D19DF80630002B01D00123A5
S21403BA7000E002238DF80F3008E09DF80630002B17
S21403BA8001D0002300E007238DF80F309DF80F3018
S21403BA90184604B0704782B00190019B1B68B3F14F
S21403BAA0FF3F0CBF01230023DBB2184602B07047EA
S21403BAB084B00190019B1B681B0CADF80E30019BF4
S21403BAC01B68ADF80C30BDF80E304BF29A22934249
S21403BAD005D1BDF80C30012B01D1012300E0002372
S21403BAE003F00103DBB2184604B0704784B001903C
S21403BAF0019BDB681B0C0393039B4FF6FF72934279
S21403BB0014BF01230023DBB2184604B0704784B089
S21403BB100190019BDB68ADF80E30BDF80E304FF692
S21403BB20FF72934214BF01230023DBB2184604B00E
S21403BB30704782B00190019BDB0E184602B0704737
S21403BB4084B001900B468DF803309DF80330012B2B
S21403BB5002D1019BDB4300E0019B0393039B23F08D
S21403BB607843184604B0704700B585B001900B467D
S21403BB708DF803309DF80330012B02D1019BDB4384
S21403BB800193019B23F07843019300238DF80F3034
S21403BB9001A90DF10F031B22184600F049F99DF881
S21403BBA00F30DA06019B1343184605B05DF804FB15
S21403BBB084B001900023ADF80E30019B5B0A01931D
S21403BBC0019B5B080193019B002B05D0BDF80E304B
S21403BBD00133ADF80E30F3E700BFBDF80E3018465C
S21403BBE004B0704700B587B001900091009B0C33FA
S21403BBF00593019B5B6904A9012205989847049B5A
S21403BC009BB20393039B0393019B9B6903A90122A6
S21403BC100598984700BF07B05DF804FB00B587B0EA
S21403BC200190009100230593009B0C330493019B22
S21403BC305B6903A9012204989847039B9BB24FF6BE
S21403BC40FF72934210D1039B1B0C1B040293029BAF
S21403BC5043F4254343F0A5030293019B9B6902A982
S21403BC600122049898470590059B184607B05DF88F
S21403BC7004FB10B584B0019000238DF80F30019BB0
S21403BC80191D0DF10F031B22184600F0D1F89DF87D
S21403BC900F301C46019B5B681846FFF74AFF0346B6
S21403BCA09C4207D1019B5B6800211846FFF748FFBB
S21403BCB0034620E000238DF80F30019B03F10801B3
S21403BCC00DF10F031B22184600F0B2F89DF80F3053
S21403BCD01C46019B9B681846FFF72BFF03469C42B6
S21403BCE007D1019B9B6801211846FFF729FF0346EE
S21403BCF001E04FF0FF33184604B010BD00B587B01F
S21403BD0001904FF0FF3304930198FFF7D1FE0346EB
S21403BD108DF80F309DF80F30002B03D00198FFF7F6
S21403BD20A8FF0490049BB3F1FF3F17D00198FFF7D9
S21403BD30DDFE0346002B03D002238DF817301AE0EE
S21403BD400198FFF7E4FE0346002B03D001238DF88A
S21403BD50173010E000238DF817300CE00198FFF73A
S21403BD609AFE0346002B03D003238DF8173002E018
S21403BD7004238DF817309DF81730184607B05DF882
S21403BD8004FB82B003468DF807309DF80730002B7E
S21403BD9003D09DF80730012B01D1012300E00023D7
S21403BDA003F00103DBB2184602B0704782B00346C5
S21403BDB08DF807309DF80730032B03D09DF8073026
S21403BDC0042B01D1012300E0002303F00103DBB2BF
S21403BDD0184602B0704782B00190019B1433184690
S21403BDE002B0704700B587B00390029101920093AA
S21403BDF0039B1B69029898470590059B002B0ED161
S21403BE00009B019A02990398DBF750F80590059B6F
S21403BE10002B08D002990398FFF7E4FE03E002998B
S21403BE200398FFF7DFFE059B184607B05DF804FB93
S21403BE3088B00390029113468DF80730029B1B6867
S21403BE4007939DF807301F2B0AD89DF80730012269
S21403BE5002FA03F3013B0693079A069B13400793E4
S21403BE60079B5B0803F05533079AD31A0793079B80
S21403BE7003F03332079B9B0803F0333313440793D3
S21403BE80079B1A09079B134403F00F3213461B0242
S21403BE9013441A0413441B0E8DF81730039B1A78A9
S21403BEA09DF807109DF81730CB1ADBB21344DAB2AD
S21403BEB0039B1A7000BF08B0704786B003900291C8
S21403BEC00192019B002B04D0039B03F5805305933B
S21403BED003E0039B03F500530593059B0121029A98
S21403BEE001FA02F21A6000BF06B0704782B00190F2
S21403BEF00091019B1A68009B22FA03F303F00103E7
S21403BF00184602B0704700B583B001900091009BBD
S21403BF10002B04DD01210198DCF71EFB03E0002162
S21403BF200198DCF719FB00BF03B05DF804FB00B50E
S21403BF3085B001900091002303930EF07FF80390E1
S21403BF400D230293019B002B02D0019B039A1A60D8
S21403BF50009B002B02D0009B029A1A6000BF05B01C
S21403BF605DF804FB08B502214FF42070DBF7CCF82C
S21403BF7000BF08BD08B50EF095F803460021184625
S21403BF80DCF7EAFA00BF08BD82B001900091019B7E
S21403BF901A68009B22FA03F303F00103184602B063
S21403BFA0704782B003468DF807309DF80730013B93
S21403BFB04FF4806202FA03F3184602B0704700BFDC
S21403BFC0704700BF704708B50020DCF711FD00BFBF
S21403BFD008BD08B50120DCF70BFD00BF08BD82B025
S21403BFE003468DF8073000BF02B0704782B0019059
S21403BFF0019B1B6C184602B0704782B001900091FB
S21403C00000BF019BDA6C009B1340002BF9D100BFE5
S21403C01000BF02B0704700B583B0019000910023C3
S21403C020002200990198DDF735F800BF03B05DF8EC
S21403C03004FB00B583B001900091009B1B8AB3F507
S21403C040805F03D0009B1B8AB3F5405F009B9B6811
S21403C050B3F5165F02D8009B9B68002B00230022D3
S21403C06000990198DDF716F800BF03B05DF804FBEE
S21403C07000B585B001900B468DF80330002303937B
S21403C0809DF80330002B03D1019800F04FF836E0FB
S21403C090019B03F580531A46012353609DF8033032
S21403C0A003F00F03039340F2FF710198FFF7A5FF18
S21403C0B0019B039A1A6378210198FFF79EFF0023DA
S21403C0C003939DF8033003F00103DBB2002B03D088
S21403C0D0039B43F0010303939DF8033003F004032B
S21403C0E0DBB2002B03D0039B43F00203039300BF92
S21403C0F0019B1B6C03F00303039A9A42F8D100BF1B
S21403C10005B05DF804FB82B001900B468DF8033052
S21403C11000BF019B1B6C03F04003002BF9D09DF876
S21403C1200320019BDA6300BF02B0704700B583B0FB
S21403C1300190019B5B6803F00103002B24D0019B55
S21403C1400A221A6350210198FFF757FF00BF019B8D
S21403C1501B6C03F00303002BF9D1019B9A6A019B26
S21403C1609A6201210198FFF748FF01E0019B5B6B90
S21403C170019B1B6C03F08003002BF7D1019B03F597
S21403C18000531A460123536000BF03B05DF804FB57
S21403C19000B587B00390029101920FF07EFC0590E4
S21403C1A0039B1A68029BDB431A400199029B0B40D0
S21403C1B01A43039B1A6005980FF062FC00BF07B092
S21403C1C05DF804FB00B585B0029101920093034627
S21403C1D08DF80F309DF80F30002B0AD09DF80F30E6
S21403C1E0012B06D09DF80F30022B02D09DF80F309E
S21403C1F0032B019B002B0FD0009B002B06D09DF832
S21403C2000F3002991846DDF795F805E09DF80F30D4
S21403C21002991846DDF766F8029B072B19D89DF896
S21403C2200F2013465B0013441B01043303F1A043A2
S21403C23003F57033029A92000F2101FA02F0029A74
S21403C2409200019901FA02F201461846FFF7A0FF91
S21403C2501AE09DF80F2013465B0013441B010C33B2
S21403C26003F1A04303F57033029A083A92000F21B4
S21403C27001FA02F0029A083A9200019901FA02F2D0
S21403C28001461846FFF784FF019B002B0FD1009B46
S21403C290002B06D09DF80F3002991846DDF74AF8B2
S21403C2A005E09DF80F3002991846DDF71BF800BF2E
S21403C2B005B05DF804FB86B0039002910192019BE2
S21403C2C0002B04D0039B03F58053059303E0039BE5
S21403C2D003F500530593059B0121029A01FA02F226
S21403C2E01A6000BF06B0704784B001900091019BAE
S21403C2F003F580530393039B009A1A6000BF04B0B0
S21403C300704784B001900091019B03F5005303939B
S21403C310039B009A1A6000BF04B0704700BF4FF03B
S21403C320B0435B68002B04D04FF0B0439B6A002BEE
S21403C330F5D100BF704708B5FFF7F0FF4FF0B043E5
S21403C3400122DA6000BF08BD08B5FFF7E7FF4FF02C
S21403C350B0430222DA6000BF08BD00B583B00346CF
S21403C3608DF807304FF0B0435B68002B06D19DF87D
S21403C370073083F00103DBB2002B20D14FF0B0432C
S21403C3805B68002B01D0FFF7C9FF9DF80730002B31
S21403C39009D04FF0B04303F580531A460123536088
S21403C3A0FFF7C9FF0CE0FFF7CFFFFFF7B7FF4FF02C
S21403C3B0B04303F500531A460123536000E000BF61
S21403C3C003B05DF804FB00B583B001904FF0B043B3
S21403C3D05B68002B01D0FFF7A1FF4FF0B04303F5D6
S21403C3E000531A4601235360019B5B78002B01D050
S21403C3F0012200E00022019B9B78002B01D0022340
S21403C40000E000231343019AD278002A01D00422C5
S21403C41000E000221A43019B1B791B011A43019B70
S21403C4205B79DB004FF0B04113438B604FF0B043B2
S21403C43003F580531A4601235360019B1B78002B98
S21403C44001D0012300E002234FF0B042D36000BFC7
S21403C45003B05DF804FB00B585B00190DDF772F913
S21403C4600390039B9B09DBB203F03F03DAB2019B05
S21403C4709A70039BDBB203F03F03DAB2019B5A7058
S21403C480039B1B0BDAB2019B1A7000BF05B05DF865
S21403C49004FB00B587B0039002910192029B002B28
S21403C4A004D14FF42070DAF7F1FE0290029B5A1E75
S21403C4B0019B5B00B2FBF3F30593059B1B020593FD
S21403C4C0039B059ADA6100BF07B05DF804FB82B0F0
S21403C4D001900B468DF8033000BF019B9B6903F068
S21403C4E04003002BF9D09DF80320019BDA6300BFBD
S21403C4F0019B9B6903F02003002BF9D0019B5B6A29
S21403C500DBB2184602B0704786B0034600918DF83A
S21403C51007309DF8072040F6FC73134003934FF053
S21403C520FF33059300238DF8133019E09DF8072099
S21403C5309DF81330134403F00303039A1344029342
S21403C540009A029B22FA03F303F00103002B02D1A5
S21403C550029B059308E09DF8133001338DF81330E2
S21403C5609DF81330032BE1D9059B184606B0704798
S21403C57084B00190019B1B78002B06D1019B5B784E
S21403C580052B02D10023039344E0019B1B78012B68
S21403C59006D1019B5B78012B02D10323039339E079
S21403C5A0019B1B78012B06D1019B5B78032B02D1E1
S21403C5B0042303932EE0019B1B78022B06D1019BD9
S21403C5C05B78002B02D10623039323E0019B1B78A1
S21403C5D0022B06D1019B5B78052B02D1072303931D
S21403C5E018E0019B1B78022B06D1019B5B78072B77
S21403C5F002D1082303930DE0019B1B78032B06D17E
S21403C600019B5B78022B02D10923039302E04FF0D0
S21403C610FF330393039B184604B0704700B587B0F7
S21403C6200390029101920FF038FA0590039B1A6863
S21403C630029BDB431A400199029B0B401A43039B60
S21403C6401A6005980FF01CFA00BF07B05DF804FBEC
S21403C65000B589B00390029113468DF80730039B0B
S21403C6601B78002B0AD0039B1B78012B06D0039B59
S21403C6701B78022B02D0039B1B78032BDDF7ACF948
S21403C6800398FFF775FF0790029BB3F1FF3F01D1B5
S21403C690079B0293079BB3F1FF3F03D0029A079BC6
S21403C6A09A4202D04FF0FF3327E0029BB3F1FF3FDD
S21403C6B022D09DF80730002B14BF01230023DBB2E2
S21403C6C083F00103DBB203F00103DBB21A46032156
S21403C6D00398DDF76DFA9DF80720029B103302FAE4
S21403C6E003F30693029B1033012202FA03F3059326
S21403C6F006990598DDF71CFC029B184609B05DF801
S21403C70004FB08B5F0F73EFB00BF08BD82B000236C
S21403C7100193019B184602B0704700B583B0FFF73C
S21403C720F5FF019000BF03B05DF804FB00B593B0BE
S21403C7300A910992089303468DF82F3049238DF802
S21403C7403030002311930CE0149A119B1A44119B6A
S21403C7500133127848336B4403F8182C119B0133CA
S21403C7601193119B0C2BEFD9099BDBB21B12DBB287
S21403C7708DF83E30099BDBB28DF83F3000238DF8F1
S21403C780403001238DF841309DF854308DF8423007
S21403C7909DF82F0004230693169B059313230493F7
S21403C7A00CAB0393089B0293099B01930A9B00938C
S21403C7B00A9B00220021DDF72DFF0346184613B01F
S21403C7C05DF804FB00B597B002910192009303460F
S21403C7D08DF80F30019BB3F5807F0AD0019BB3F52C
S21403C7E0807F10D8019B802B09D0019BC02B04D0DF
S21403C7F009E04FF48273159307E00F2337E04FF4F5
S21403C8008073159301E0292331E09DF80F3083F000
S21403C8100103DBB21A46159B13431593189B11931A
S21403C820012312931023139321231493009B0D9338
S21403C83001230E9310230F932123109315AB099313
S21403C8400DAB0A9304230B9311230C93029B0593BE
S21403C85009AB0693019BDB08079340F61103089385
S21403C86011AA05AB11461846DDF78CFE034618469B
S21403C87017B05DF804FB00B589B0079006910592E2
S21403C88004930B9B02939DF828300193049B00931B
S21403C890059B069A07990020FFF748FF03461846AC
S21403C8A009B05DF804FB00B589B0079006910592C0
S21403C8B004930B9B02939DF828300193049B0093EB
S21403C8C0059B069A07990120FFF730FF0346184693
S21403C8D009B05DF804FB08B5DEF782F8DEF7B0F8BA
S21403C8E000BF08BD82B000230193019B184602B027
S21403C8F0704700B585B001900FF0CFF803904FF066
S21403C900A8431A68019B1A604FF0A8431A69019B53
S21403C9105A6003980FF0B4F80023184605B05DF884
S21403C92004FB00B585B001900FF0B7F803904FF005
S21403C930A842019B1B6813604FF0A842019B5B68EB
S21403C940136103980FF09CF80023184605B05DF8B2
S21403C95004FB00BF704700BF704782B00190019B85
S21403C960A3F50623A3F550635B09184602B0704788
S21403C97082B00190019B03F01F03184602B0704774
S21403C98086B0CDE90001009B0593DDE900014FF079
S21403C99000024FF000030A000023059B5340029356
S21403C9A00123039316E0039BDB00029A22FA03F3A8
S21403C9B0029A53400493049B03F00303002B02D014
S21403C9C0049B9B000493059A049B13440593039BC3
S21403C9D001330393039B032BE5D9059B184606B047
S21403C9E0704700B593B0CDE906010592059B002B71
S21403C9F002D16FF086032CE06FF0960311930CAB15
S21403CA0000221A605A609A60DA6000230B930023B0
S21403CA100A93FFF79EFF0CAA09AB02930BAB019395
S21403CA200AAB009313460022DDE90601DEF7FAF9A6
S21403CA301190119B002B03D0FFF78DFF119B08E08D
S21403CA400D9A059B5A600B9A059B1A60FFF783FFA6
S21403CA500023184613B05DF804FB10B489B00390A6
S21403CA6002910192029B0593019B06930023079371
S21403CA70039B1C4605AB93E8070084E8070003986E
S21403CA8009B05DF8044B704782B001900091019A9B
S21403CA90009B9A4201D2019B00E0009B184602B01D
S21403CAA0704700B583B0002301931AE0019B03F09F
S21403CAB00E03082B8CBF01220022D2B2002A0DD10E
S21403CAC04FF48A7222FA03F303F00103002B14BF18
S21403CAD001230023DBB2002B00D002E06FF09203A9
S21403CAE00FE0E2F7A1F90190019B03F00E03062B7A
S21403CAF0DCD1019B03F48073002B01D0E2F7E0F94D
S21403CB000023184603B05DF804FB00B583B000238A
S21403CB10019300238DF80330E2F786F90190019B19
S21403CB20DBB203F00E038DF803309DF80330002BC1
S21403CB30F2D09DF80330022BEED0019B03F4806302
S21403CB40002B02D06FF0920300E00023184603B0D8
S21403CB505DF804FB00B583B0042301930FE00120C6
S21403CB6002F025F90346002B06D1FFF7CEFF034656
S21403CB70002B03D1002309E000BF00E000BF019BA8
S21403CB805A1E0192002BEAD16FF09203184603B0A7
S21403CB905DF804FB00B585B0E2F74CF9034603F0F5
S21403CBA00103002B01D1012318E06B4600221A6013
S21403CBB05A609A60DA606B461846E2F7D7F9009B2C
S21403CBC0002B08D0019B002B05D0029B002B02D024
S21403CBD0039B002B01D1012300E00023184605B078
S21403CBE05DF804FB00B585B00390684680E80E0048
S21403CBF06B4693E80700DEF74DFB0346002B03D096
S21403CC0002F0EAF800F0BAFA00BF05B05DF804FBDC
S21403CC1000B587B001900091DDF720FF0590059BD6
S21403CC20002B01D0059B17E002AB009A019918462A
S21403CC30FFF713FF02AB93E80700DEF72BFB059025
S21403CC40059B002B05D002F0C7F8DDF71BFF059BFD
S21403CC5002E0DDF717FF0346184607B05DF804FB4E
S21403CC6010B489B0039002910192029B0593019B35
S21403CC70069300230793039B1C4605AB93E8070024
S21403CC8084E80700039809B05DF8044B704782B048
S21403CC900190019B1B88184602B0704782B0019032
S21403CCA0019B5B88184602B0704710B489B00390A6
S21403CCB002910192029B0593019B0693002307931F
S21403CCC0039B1C4605AB93E8070084E8070003981C
S21403CCD009B05DF8044B704782B00190019B1B8836
S21403CCE0184602B0704782B00190019B5B881846D5
S21403CCF002B0704784B001900091009B002B01D1D5
S21403CD0000230DE0019B039304E0039B5A1C03924C
S21403CD1000221A70009B5A1E0092002BF5D10023A6
S21403CD20184604B0704710B489B00390029101927C
S21403CD30029B0593019B069300230793039B1C46C4
S21403CD4005AB93E8070084E80700039809B05DF88D
S21403CD50044B704782B00190019B1B88184602B0B3
S21403CD60704782B00190019B5B88184602B07047FB
S21403CD7088B003900291019200238DF81F300023A0
S21403CD80069300230493002305932BE0019A059B47
S21403CD90D31A013B039A13441A789DF81F301343A2
S21403CDA08DF81F30019A059BD31A013B039A13444F
S21403CDB01B781946019A059BD31A013B029A134422
S21403CDC01B78CB1A0493049B002B0CBF0123002370
S21403CDD0DBB25A42069B1340049A13430693059B01
S21403CDE001330593059A019B9A42CFD39DF81F30D2
S21403CDF0002B02D0069B002B02DB6FF0860300E0BD
S21403CE000023184608B0704710B489B00390029107
S21403CE100192029B0593019B069300230793039BB2
S21403CE201C4605AB93E8070084E80700039809B09F
S21403CE305DF8044B704782B00190019B1B8818462F
S21403CE4002B0704782B00190019B5B88184602B01F
S21403CE50704700B587B00590049103920293089B30
S21403CE600093029B039A04990598DEF76DFF034629
S21403CE70184607B05DF804FB00B591B00390029125
S21403CE800192039B191D039B5A6A0BAB1846FFF7C7
S21403CE90BBFF08AB019A02991846FFF7B5FF039B41
S21403CEA003F13C0105AB10221846FFF7ADFFDDF793
S21403CEB0D5FD0F900F9B002B01D00F9B15E005AB04
S21403CEC005AA08A90BA8E2F7F3F90E90DDF7DAFD39
S21403CED00F900E9B002B02D06FF0920305E00F9B82
S21403CEE0002B01D00F9B00E00023184611B05DF81D
S21403CEF004FB00B583B00190019B002B02D16FF0B9
S21403CF00860305E04C22002101980AF0D2FF002395
S21403CF10184603B05DF804FB00231846704700B5B7
S21403CF2087B003900291019200936FF096030593E6
S21403CF30009B00221A6001990298FFF769FE05908C
S21403CF40059B002B02D1009B019A1A60059B18468D
S21403CF5007B05DF804FB00B587B005900491039213
S21403CF600293059B9A68099B01939DF820300093D2
S21403CF70029B03990498FFF77EFC0346184607B006
S21403CF805DF804FB00B587B0059004910392029305
S21403CF90059B9A68099B01939DF820300093029B9A
S21403CFA003990498FFF77FFC0346184607B05DF81D
S21403CFB004FB00B587B00590049103920293049B8B
S21403CFC0802B05D0049BC02B02D0049BB3F5807F37
S21403CFD0059B9868099B0193089B0093029B039A01
S21403CFE00499DDF763FC0346184607B05DF804FBB7
S21403CFF000B587B004910392029303468DF8173069
S21403D000039B802B05D0039BC02B02D0039BB3F559
S21403D010807F049B99689DF81700089B0093029BEA
S21403D020039AFFF7CFFB0346184607B05DF804FBE9
S21403D03008B500F04AF80346184608BD00B583B0A5
S21403D040034600918DF80730009B002B01D1222365
S21403D05006E09DF8073000991846DEF7DFFF034623
S21403D060184603B05DF804FB00B583B001900121B8
S21403D0700198DFF7D1F80346184603B05DF804FBC2
S21403D08000B583B0019000210198DFF7C5F8034689
S21403D090184603B05DF804FB86B003900291019234
S21403D0A0019B002B04D0039B03F58053059303E0F9
S21403D0B0039B03F500530593059B0121029A01FA8E
S21403D0C002F21A6000BF06B0704700231846704786
S21403D0D008B500F015F80346184608BD82B00023CD
S21403D0E00193019B184602B0704708B5012135200D
S21403D0F0DAF79AF80020DAF7EFFF0023184608BDA0
S21403D10000B583B0DFF720F90190019B002B01D017
S21403D110019B28E0DFF7B6F80190019B002B01D0B6
S21403D120019B20E0FFF7DAFF0190019B002B01D063
S21403D130019B18E0DFF74AF90190019B002B01D011
S21403D140019B10E0FFF7D1FF0190019B002B01D05C
S21403D150019B08E0DFF744F90190019B002B01D007
S21403D160019B00E00023184603B05DF804FB82B081
S21403D1700190019B1B68184602B0704708B5D7F7A5
S21403D180B7FB00BF08BD00B583B00190019B002B21
S21403D19001DB019B402B0198DFF74CFA00BF03B07D
S21403D1A05DF804FB00B583B00190019B002B01DB07
S21403D1B0019B402B0198DFF727FA00BF03B05DF809
S21403D1C004FB00B583B001900091019B13F1100F8F
S21403D1D001DB019B402B00990198DFF747FA00BF5C
S21403D1E003B05DF804FB00B585B00390029101928D
S21403D1F0039B002B02D1DFF76FFA0390039B002BF0
S21403D2000CD0039B5B68002B08D0039B5B68039AD8
S21403D2101068019A02999847034600E023231846AC
S21403D22005B05DF804FB10B586B003900291019239
S21403D230009304AB0593039B002B02D1DFF74CFA54
S21403D2400390009B002B01D0009B0593039B002BB0
S21403D2500DD0039B9B68002B09D0039B9C68039B04
S21403D2601868059B019A0299A047034600E023230A
S21403D270184606B010BD00B589B00390029101921E
S21403D280039B069300230593069B002B05D1DFF72C
S21403D29023FA0790079B069309E0DFF71DFA07902A
S21403D2A0079A069B9A4202D00698DFF701FA01997D
S21403D2B00298F5F779FF0490079A069B9A4202D0E4
S21403D2C00798DFF7F5F9049B002B01DC372305935A
S21403D2D0059B184609B05DF804FB0EB400B584B090
S21403D2E0019006AB0293029A05990198FFF7C3FFD4
S21403D2F00390039B184604B05DF804EB03B0704735
S21403D30082B00190019B1B6C184602B0704782B036
S21403D31001900091019B03F500531A46009B53644A
S21403D32000BF02B0704782B001900091019B03F5E5
S21403D33000531A46009B936400BF02B0704782B046
S21403D34001900091019B03F580531A46009B93645A
S21403D35000BF02B0704782B003468DF807309DF8D1
S21403D3600730022B0BD0022B0CDC002B02D0012B38
S21403D37002D007E0002306E04FF4007303E04FF407
S21403D380407300E00023184602B0704700B585B02E
S21403D3900190019B1B680393039B9B6D1846FFF745
S21403D3A0E6FE0290029B5B6C03F00103002B10D099
S21403D3B001210298FFF7ABFF0298FFF7A1FF034690
S21403D3C003F02003002B03D0039B184600F046F916
S21403D3D000BF05B05DF804FB00B585B001900B46B1
S21403D3E08DF80330019B0393039B9B6D1846FFF751
S21403D3F0BEFE02909DF8033019460298FEF783FEA0
S21403D4000023184605B05DF804FB00B585B001900F
S21403D4100B468DF80330019B0393039B9B6D1846C5
S21403D420FFF7A5FE02909DF80330002B04D00121E0
S21403D4300298FFF784FF07E001210298FFF773FFC6
S21403D44001210298FFF763FF00BF05B05DF804FBF8
S21403D45082B001900023184602B0704782B0019054
S21403D46000BFFDE782B001900091009B4FF400528D
S21403D4705A600023184602B0704782B00190012319
S21403D480184602B0704784B00390029101920023BD
S21403D490184604B0704700B587B003900291019216
S21403D4A000230593019A05AB02990020FFF7BBFE04
S21403D4B0059B002B02D14FF0FF3300E0059B184677
S21403D4C007B05DF804FB00B587B0039002910192A4
S21403D4D0019B1A4602990020FFF785FE0590059BDF
S21403D4E0022B00BF019B184607B05DF804FB00B58E
S21403D4F083B00190019B1B681846DFF723FF00BF2C
S21403D50003B05DF804FB00B585B00190019B002BCA
S21403D51001D1012334E0019B03930198DFF7BAFCA2
S21403D5200346002B03D0039B042283F85420039B5B
S21403D53093F85030DBB2002B10D0039B93F8543093
S21403D540022B0BD1039B93F854308DF80B30039BBF
S21403D550012283F854209DF80B3011E0039B93F8C7
S21403D5605430042B0BD1039B93F854308DF80A30B8
S21403D570039B012283F854209DF80A3000E0012320
S21403D580184605B05DF804FB84B001900B468DF891
S21403D5900330019B0393039B9DF8032083F84420E9
S21403D5A000BF04B0704784B00190019B0393039BB4
S21403D5B093F844308DF80B309DF80B30184604B0C2
S21403D5C0704700B585B001900B468DF80330019B7C
S21403D5D003930EF07CFA02909DF80330002B12D0D2
S21403D5E0039B93F8513083F00103DBB2002B0AD080
S21403D5F0039B93F8523018460EF0BAFA039B0122A7
S21403D60083F8512015E09DF8033083F00103DBB265
S21403D610002B0ED0039B93F85130002B09D0039BAD
S21403D62093F8523018460EF0B8FA039B002283F89C
S21403D630512002980EF03DFA00BF05B05DF804FBDA
S21403D64084B00190019B0393039B93F851308DF8AC
S21403D6500B309DF80B30184604B0704700B585B004
S21403D6600190019B03930EF032FA0290039B93F80A
S21403D6705030DBB283F00103DBB2002B12D0039BE6
S21403D680DB6B002101989847039B012283F8502007
S21403D690039B93F8533018460EF07FFA039B02223F
S21403D6A083F8542002980EF004FA00BF05B05DF824
S21403D6B004FB00B585B00190019800F0FFF803461F
S21403D6C0002B3FD10198DFF7FBFC0346013B039396
S21403D6D0019BDB6A039A9A4206D2019BDA6A019B94
S21403D6E01B6B013B13440393039B029321E0029BB2
S21403D6F01B78112B03D0029B1B78132B0AD1029B9A
S21403D7001B78112B0CBF01230023DAB2019B83F88D
S21403D7104C2013E0029B013B0293019BDB6A029AB7
S21403D7209A4206D2019BDA6A019B1B6B013B1344A8
S21403D7300293019B9B6C029A9A42D8D1019B039A4F
S21403D7409A6400E000BF05B05DF804FB00B58DB039
S21403D750039002910192039B0893029B0B93002371
S21403D7608DF81F3001230A93089B93F844308DF8F5
S21403D7701F300EF0ACF90690089B93F85030DBB2DE
S21403D780002B09D0089B002283F85020089B93F8AF
S21403D790533018460EF0ECF906980EF08AF900237B
S21403D7A009933AE000238DF81730089B93F8453029
S21403D7B0002B08D00EF08BF906900898FFF779FF38
S21403D7C006980EF076F9089B93F84C308DF81730D0
S21403D7D09DF81730002B20D09DF81F30002B09D062
S21403D7E00B9B1B780A2B05D1089B9B6B0D21089876
S21403D7F098470A90089B9B6B0B9A127811460898D9
S21403D80098470A900A9B002B01D00A9B0FE00B9BBC
S21403D81001330B93099B01330993099A019B9A429F
S21403D820C0D3089BDB6B0121039898470A9B1846D5
S21403D8300DB05DF804FB00B585B00390029101922C
S21403D840019A02990398FFF781FF0023184605B053
S21403D8505DF804FB00B587B0039002910192009334
S21403D860039B0593009B00221A600AE0009B1A683C
S21403D870049B1A44009B1A60009B1B68019A9A42F9
S21403D88010D9009B1B68029AD118009B1B68019A4B
S21403D890D31A1A46059800F049F80490049B002B07
S21403D8A0E4D100E000BF009B1B68002B01D11B23C3
S21403D8B000E00023184607B05DF804FB00B585B00A
S21403D8C00190019B1B7A1846D7F760FC03900198DA
S21403D8D0DFF7B8FB03468DF80B30019B1B7A18461F
S21403D8E0D7F786FC03909DF80B30184605B05DF815
S21403D8F004FB00B585B001900198DFF7E1FB0390C8
S21403D900019B5B6B039A9A4204D9019B5B6B039A58
S21403D910D31A07E0019BDA6A019B1B6B1A44019B2F
S21403D9205B6BD31A184605B05DF804FB00B589B0E7
S21403D9300390029101920023059300230793019B12
S21403D940002B02D0029B002B01D1002380E003981A
S21403D950FFF7B4FF0346002B01D0002378E00398BB
S21403D960FFF7C7FF0590059A019B934228BF13460E
S21403D9700593059B0793039B93F84530002B5BD0D9
S21403D9800023069338E0039B5B6B1B78112B04D0B4
S21403D990039B5B6B1B78132B14D1039B5A6B039B64
S21403D9A09B6C9A420AD1039B5B6B1B78112B0CBFB3
S21403D9B001230023DAB2039B83F84C20079B013B29
S21403D9C0079306E0039B5A6B029B591C029112783D
S21403D9D01A70039B5A6B039B9B6C9A4204D1039B5E
S21403D9E09B6C5A1C039B9A64039B5B6B5A1C039B9E
S21403D9F05A63069B01330693069A059B9A42C2D343
S21403DA00039B9A6C039BD96A039B1B6B0B449A423A
S21403DA1003D1039BDA6A039B9A64039B9A6C039B6A
S21403DA20DB6A9A420FD3039B9A6C039BD96A039BC8
S21403DA301B6B0B449A4206E0039B5B6B059A1946E5
S21403DA4002980AF041FA05990398DFF77BFB079BD8
S21403DA50184609B05DF804FB86B003900291019264
S21403DA60019B05930023184606B0704782B00190C9
S21403DA7000910E23184602B0704784B003900291BB
S21403DA80019200930E23184604B0704782B00190AB
S21403DA9000BF02B0704784B003900291019200BFAA
S21403DAA004B0704782B00190009100BF02B0704787
S21403DAB000B585B001900023039303AB00224FF01B
S21403DAC0FF310198DFF75EFD039B184605B05DF84E
S21403DAD004FB00B587B003900B4601928DF80B301C
S21403DAE09DF80B20019B4FF0FF310398DFF74AFDAB
S21403DAF00590059B184607B05DF804FB00B583B098
S21403DB0001900198DFF7AEFE00BF03B05DF804FB9B
S21403DB1000B585B0019000910023039303AB002268
S21403DB200099019800F005F8039B184605B05DF8C8
S21403DB3004FB00B587B003900291009313468DF85B
S21403DB40073000230593009B002B01D1222326E0F8
S21403DB50009B00221A60029B002B02D0039B002B23
S21403DB6001D121231BE0039B029A02FB03F30493D8
S21403DB709DF80730009A19460498FFF7AAFF059008
S21403DB80059B002B0AD1009B1B68002B06D0009B2D
S21403DB901B68049A002118460AF08BF9059B184661
S21403DBA007B05DF804FB00B585B001900091002333
S21403DBB0039303AB1A4600990198DFF773FF039BA1
S21403DBC0184605B05DF804FB00B589B001900091D6
S21403DBD0019B08330793019B0693079A009B134404
S21403DBE05A1E009B5B4213400793079B083B019317
S21403DBF0019800F079F8019A069BD31ADB10ADF86A
S21403DC001630069B5A88BDF81630D31A9AB2019B73
S21403DC105A80069B9A88BDF8163013449AB2019B25
S21403DC209A80069B9B88002B13D0069B9B88DB0061
S21403DC305B42069A13440493019B9A88049BDA80FA
S21403DC40049B5A88BDF8163013449AB2049B5A8034
S21403DC5004E0019A137843F002031370069BDB88F3
S21403DC60002B12D0069BDB88DB00069A1344039333
S21403DC70069BDA88BDF81630D31A9AB2019BDA806F
S21403DC80019BDA88039B9A8002E0019B0022DA80DC
S21403DC90019B184609B05DF804FB00B585B00190FA
S21403DCA000910098FFF704FF0390039B184605B006
S21403DCB05DF804FB00B583B0019000910098FFF770
S21403DCC01DFF00BF03B05DF804FB00B587B00390EB
S21403DCD00291019201990298FFF765FF0590059B53
S21403DCE0184607B05DF804FB82B00190019A1378DA
S21403DCF06FF300031370019A13786FF341031370E5
S21403DD00019A13886FF38F031380019B00225A80B6
S21403DD10019B00229A80019B0022DA8000BF02B09A
S21403DD20704786B001900B468DF8033013468DF886
S21403DD3002309DF803309B088DF817309DF80330AA
S21403DD4003F00303DB000493FF22049B02FA03F3AE
S21403DD5003939DF81730012B19D89DF81720019BC4
S21403DD600C3253F82220039BDB4302EA03019DF89F
S21403DD700220049B02FA03F31A46039B13409DF802
S21403DD8017201943019B0C3243F8221000E000BF12
S21403DD9006B0704784B00390029101920093039BF0
S21403DDA0029A9A60039B019ADA60039B009A1A61AF
S21403DDB000BF04B0704708B5E0F712FA08B5FFF7DE
S21403DDC0FAFF00BF08BD00B583B06B4600221A6099
S21403DDD01A7100238DF804306B461846DAF71EFFD7
S21403DDE000BF03B05DF804FB00B583B00DF055FE2D
S21403DDF001900CF0BBFE01980DF042FE00BF03B08D
S21403DE005DF804FB82B0034600928DF807300B469C
S21403DE108DF8063000BF02B0704708B54FF4C870DF
S21403DE20E0F75CFC0346184608BD08B500F0EFF8BB
S21403DE300346184608BD82B001904FF0B041019AE0
S21403DE4013465B0013449B000B4434331B6818468D
S21403DE5002B0704782B0019000914FF0B041019A32
S21403DE6013465B0013449B000B443433009A1A603A
S21403DE7000BF02B0704700B583B001900198FFF76A
S21403DE80DAFF0346184603B05DF804FB00B583B01B
S21403DE900190009100990198FFF7DCFF00BF03B0E3
S21403DEA05DF804FB00BF4FF0B0439B6A03F0080322
S21403DEB0002BF8D14FF0B0431B6A1846704782B068
S21403DEC0019000BF4FF0B0439B6A03F00803002B9A
S21403DED0F8D14FF0B042019B136200BF02B0704707
S21403DEE082B001904FF0B04303F500531A46019BEE
S21403DEF0536100BF02B0704782B001904FF0B04349
S21403DF009A69019BDB434FF0B04113408B6100BF1E
S21403DF1002B0704782B001904FF0B0439A694FF059
S21403DF20B041019B13438B6100BF02B070474FF0B3
S21403DF30B0435B691846704782B001904FF0B04318
S21403DF4003F580531A46019B536100BF02B0704726
S21403DF5082B001900122019B02FA03F3184602B035
S21403DF60704700B585B00190019B01330293029B75
S21403DF70002B01D1202303E0029BB3FA83F3DBB229
S21403DF80C3F11F0303930398FFF7E2FF039B1846AF
S21403DF9005B05DF804FB00B585B000238DF80F309F
S21403DFA00DF095FD0290FFF7C2FF0190019B03F071
S21403DFB00103002B05D09DF80F3043F001038DF8C5
S21403DFC00F30019B03F04003002B05D09DF80F3064
S21403DFD043F002038DF80F30019B03F051031846FC
S21403DFE0FFF77EFF9DF80F3018460DF0B7F902983D
S21403DFF00DF05FFD00BF05B05DF804FB82B0019035
S21403E0000091019A009BD31A184602B0704700B5D8
S21403E01083B00DF1060319461220FFF70FF8BDF87B
S21403E0200630184603B05DF804FB08B5FBF715F990
S21403E030FBF72CF9FBF735F9FBF74AF9FBF753F92E
S21403E04000BF08BD08B5FBF753F9FBF753F9FBF719
S21403E05056F9FBF759F900BF08BD08B5D6F732FCE9
S21403E06000BF08BD00B583B00023019303F06AF830
S21403E070E6F76AF804F07FF804F083FF019B18467E
S21403E08003B05DF804FB08B5EDF7C2FE00BF08BD9C
S21403E09008B504212120FFF794F804212220FFF776
S21403E0A090F804212320FFF78CF804212620FFF79D
S21403E0B088F804212520FFF784F804212020FFF7A1
S21403E0C080F804212420FFF77CF805216FF0010077
S21403E0D0FFF777F86FF00100DEF780FA00BF08BDA0
S21403E0E000B587B0019003AB0C220021184609F057
S21403E0F0E0FE03AB1846D6F777FB049A019B1A603B
S21403E1000023184607B05DF804FB00BF704700B550
S21403E11087B00590049103920293039B002B09D0CA
S21403E120089B0093029B039A0499059800F0C8F98C
S21403E130034600E0059B184607B05DF804FB00B5F0
S21403E14083B0E0F7FDFD0190019B1B0C03F0010378
S21403E150184603B05DF804FB08B500BFFFF7EFFFF2
S21403E1600346002BFAD1E0F7EBFD02464FF6F073B9
S21403E1701340184608BD10B58CB005AC84E80700FC
S21403E1800493069B049A9A4201D2049B0693069B29
S21403E190002B32D0049B002B2FD000230B93049B21
S21403E1A00A930E9B03F5381303F241135A02069B98
S21403E1B0D31A0993069B02936A4606AB93E80300B9
S21403E1C082E80300059B09AA07CA00F031FC069BF8
S21403E1D0049A9A4212D90E9B03F5381303F241139D
S21403E1E05A02049BD31A09930998069B049AD31AD6
S21403E1F01A46002100F00AFC00E000BF0CB010BD78
S21403E20010B592B003AC84E8070002930399059B0C
S21403E21003F08053002B04D0049B033323F0030244
S21403E22001E0029B5A00059B0EA800240094FFF70A
S21403E2306EFF0EAB184600F06FF9149B03F5381308
S21403E24003F241135A02029BD31A194606A8002367
S21403E25000930023029AFFF75AFF149B03F5381323
S21403E26003F5A1735A02029BD31A194606AB03F1B0
S21403E2701000002300930023029AFFF748FF06AB23
S21403E2801033184600F048F906AA0EAB1146184696
S21403E29000F0F9F800BF12B010BD10B592B003AC91
S21403E2A084E807000293149B03F5381303F2411323
S21403E2B05A02029BD31A19460AA800230093002386
S21403E2C0029AFFF724FF149B03F5381303F5A17393
S21403E2D05A02029BD31A19460AAB03F11000002315
S21403E2E000930023029AFFF712FF0AAB1033184677
S21403E2F000F012F90399059B03F08053002B04D01A
S21403E300049B033323F0030201E0029B5A00059BA0
S21403E31006A800240094FFF7FAFE06AB184600F0A2
S21403E320FBF806AA0AAB1146184600F0ACF800BF85
S21403E33012B010BD10B58CB005AC84E8070004938A
S21403E3400E9B03F5381303F5A0735B020993049B36
S21403E3500A9300230B93049B02936A4606AB93E847
S21403E360030082E80300059B09AA07CA00F060FBC6
S21403E37000BF0CB010BD00B583B0E0F7D5FCFFF7C7
S21403E380EBFE0190019B184603B05DF804FB10B545
S21403E3908AB003AC84E807000293039B0693029BB0
S21403E3A00793059B08930023099326E00D9B002BF8
S21403E3B005D1099B022B14D0099B032B11D00C9B70
S21403E3C0002B07D0099B0093029B06AA07CAFFF7F8
S21403E3D0D2FE06E0099B0093029B06AA07CAFFF734
S21403E3E0A9FF089B03F08053002B03D1069A079BD3
S21403E3F013440693099B01330993099B029A03FB73
S21403E40002F2049B9A42D1D300BF00BF0AB010BDEC
S21403E41084B001900091002303930CE00099039BC2
S21403E4205A01039B9B000198034421FA02F21A60E7
S21403E430039B01330393039B002BEFD000BF00BF66
S21403E44004B0704710B5E0F779FE0446E0F784FEA3
S21403E45003462343002B01D0E0F7DCFD00BF10BDCD
S21403E46084B00390029101920093019B039A1A6071
S21403E470009B029A1A6000BF04B0704782B00190F6
S21403E48000BF02B0704700B585B00190009102ABA3
S21403E49003AA00990198FFF7E3FF039B029A11462C
S21403E4A01846E0F7C3FDE0F72BFEE0F73BFEFFF769
S21403E4B0C9FF0098FFF7E2FF00BF05B05DF804FB55
S21403E4C086B00390029101920093039B1033059349
S21403E4D0039B059A5A60039B029A1A60019B23F0DA
S21403E4E07042039B9A60029B002B08D0039B9A689A
S21403E4F0009B03F070431A43039B9A6005E0039B5B
S21403E5009B6843F08042039B9A60039B069ADA60FB
S21403E510059B184606B0704782B00190019B012206
S21403E5205A60019BDB6843F02002019BDA60019B83
S21403E5309B6843F00052019B9A6000BF02B070478D
S21403E54010B489B0039002910192029B0593019B3C
S21403E550069300230793039B1C4605AB93E807002B
S21403E56084E80700039809B05DF8044B704700B5CC
S21403E57087B00590049103920293039B002B09D066
S21403E580089B0093029B039A04990598FFF798FF4C
S21403E590034600E0059B184607B05DF804FB00B58C
S21403E5A087B00590049103920293049B1968049B19
S21403E5B05868049B9A68039B1A43029B009313466E
S21403E5C002460598FFF7D3FF0346184607B05DF8E3
S21403E5D004FB82B00190019B5B4203F00F031846D5
S21403E5E002B0704710B5DCB004465CA8A0F5AC706A
S21403E5F001605CA9A1F5AE710A605CAAA2F5B072CF
S21403E60013605CABA3F2511322461A7054AB06A9EF
S21403E61004221846FFF794FF5CABA3F5AE731A68A3
S21403E62051AB07CA83E8070006AA51AB1146184642
S21403E630E0F7A6FD5A905A9B002B01D05A9B29E17E
S21403E6405CABA3F58C735F9A07CA83E80700619BEC
S21403E6505A68629B5B6813441846FFF7BAFF5990E3
S21403E6605F9B5B681846FFF7B4FF5B90639B5B6832
S21403E6701846FFF7AEFF5890609B9B6803F08053E5
S21403E680002B06D0609B5B68033323F00302609B7A
S21403E6905A60649B9B6803F08053002B06D0649BF0
S21403E6A05B68033323F00302649B5A60619B5A68DA
S21403E6B0629B5B681A44599B1A445CABA3F592733E
S21403E6C000211846FFF73CFF609B5B681846FFF780
S21403E6D080FF02465CABA3F5987300211846FFF74C
S21403E6E02FFF649B5B681846FFF773FF02465CAB1D
S21403E6F0A3F59E7300211846FFF722FF5CABA3F534
S21403E700A67300221A60043300221A605A609A60C5
S21403E7105F9B5B68002B1DD1639B5B68002B19D145
S21403E720619B5B68002B15D1629B5B68002B11D144
S21403E73010235B935CABA3F58C746B4609A95B9AB9
S21403E7401846FFF7FDFE5CABA3F5B872234607CA6F
S21403E75083E8070031AB5793012343F0100354A912
S21403E7604FF000525798FFF71AFF5790012343F4D0
S21403E770016351A94FF000525798FFF710FF5790C7
S21403E780012343F4205343F010034FF000525E99E5
S21403E7905798FFF704FF5790012343F4904343F041
S21403E7A010035CAAA2F5B0714FF00052096857989F
S21403E7B0FFF7F5FE5790012343F0400300226199CB
S21403E7C05798FFF7ECFE57900122599B1B0203F460
S21403E7D0F853134343F040034FF00052629957989F
S21403E7E0FFF7DDFE579001225B9B1B0203F4F853F1
S21403E7F0134316A94FF000525798FFF7D0FE5790D1
S21403E8000122589B1B0203F4F85313434FF00052A4
S21403E81063995798FFF7C3FE5790579B103B1846CC
S21403E820FFF77AFE19AB579313A9002300225798D4
S21403E830FFF7B5FE57900023002260995798FFF71D
S21403E840AEFE579010A9002300225798FFF7A7FEA5
S21403E85057900023002264995798FFF7A0FE57901D
S21403E8600DA9002300225798FFF799FE579000231F
S21403E870002265995798FFF792FE5790579B103BD7
S21403E8801846FFF749FE19AA31AB11461846FFF79B
S21403E890FAFD002318465CB010BD82B010B588B0F0
S21403E8A005AC84E807000B93069B202B01D90123B4
S21403E8B011E002AA0EAB93E8030082E803006A465F
S21403E8C006AB93E8030082E80300059B0BAA07CA7E
S21403E8D000F06FF90346184608B0BDE8104002B0D2
S21403E8E0704782B010B588B003AC84E807000B937A
S21403E8F0119B202B01D901234BE00C9A119B5B0043
S21403E9009A4212D10F9B119A9A420ED10499119AE8
S21403E91013465B0013445B00994208D00499119A8E
S21403E92013469B001344994201D0072331E0129B00
S21403E930012211992220E0F72BFA0790079B002B60
S21403E94001D0079B25E00123019301230093119B2C
S21403E95003AA07CAFFF71BFD0F9B0E2200920EAAFF
S21403E96007CAFFF708FC002306220E210220E0F761
S21403E970EDF9FFF700FD0790079B002B01D0062358
S21403E98007E006230093119B0BAA07CAFFF785FC33
S21403E9900023184608B0BDE8104002B0704788B0A0
S21403E9A00390029113468DF807309DF907300793BD
S21403E9B0029B013B069314E0069B039A13441B78C1
S21403E9C00593059A079B13440493069B039A1344E3
S21403E9D0049AD2B21A70049B1B120793069B013B40
S21403E9E00693069B002BE7DA079B184608B070478A
S21403E9F000B585B0039002910192019A029903989B
S21403EA0009F062FA00BF05B05DF804FB00B585B0F7
S21403EA1003900B4601928DF80B309DF90B30019A4B
S21403EA201946039809F045FA00BF05B05DF804FBE4
S21403EA3082B010B58CB005AC84E807000F93079B33
S21403EA4003F08043002B56D1069B129A9A4201D9B3
S21403EA50069B1293119B03F08053002B05D1109B4A
S21403EA60129A9A4201D9109B1293129B002B44D000
S21403EA7010230A93129A0A9B9A4213D3129B029369
S21403EA806A4610AB93E8030082E803000F9B05AACF
S21403EA9007CAE0F7E5FAE0F733FBE0F743FBFFF7D7
S21403EAA0D1FC2BE0119B03F08053002B1CD00023DA
S21403EAB00B9314E00F9B1B680893069A0B9BD31AC1
S21403EAC0042B28BF04230993059A0B9B134408A918
S21403EAD0099A1846FFF78CFF0B9B04330B930B9A8C
S21403EAE0129B9A42E6D309E0059B0F99129A1846A1
S21403EAF0FFF77EFF02E000BF00E000BF0CB0BDE8FA
S21403EB00104002B0704782B010B588B003AC84E8FA
S21403EB1007000B930C9A0E9B5B009A4201D00723C7
S21403EB202AE00F9B01220E992620E0F731F9079081
S21403EB30079B002B01D0079B1EE0012301930123B3
S21403EB4000930E9B03AA07CAFFF721FC0623009334
S21403EB500E9B0BAA07CAFFF753FB002300220021D4
S21403EB600620E0F7F3F8FFF706FC0790079B002B59
S21403EB7001D0052300E00023184608B0BDE8104086
S21403EB8002B0704710B489B0039002910192029BC1
S21403EB900593019B069300230793039B1C4605AB33
S21403EBA093E8070084E80700039809B05DF8044B70
S21403EBB0704782B010B58EB001AC84E8070011939D
S21403EBC0029A129B9A4208D1119A129B013B134454
S21403EBD01B7803F00103002B01D10723C2E00023B7
S21403EBE00D9302E00D9B01330D93119A0D9B134475
S21403EBF01B78002BF6D0FF238DF8333004E09DF806
S21403EC0033305B008DF83330119A0D9B13441A781A
S21403EC109DF833301340DBB2002BF0D1019B0D9AE5
S21403EC200021184609F045F9019A0D9BD118029A5E
S21403EC300D9BD21A05AB1846FFF7A4FF159C149834
S21403EC4005AB0ECBA047019A0D9B13441B785AB213
S21403EC509DF93330DB435BB2134059B2019A0D9BE7
S21403EC601344CAB21A7000238DF8323001238DF88C
S21403EC70313000238DF8303000230B934DE0019A9A
S21403EC800B9B13441B780893119A0B9B13441B7816
S21403EC900A93029B013B0B9A9A4203D10A9B03F009
S21403ECA0FE030A939DF832200A99089BCB1A1B0A87
S21403ECB0002B14BF01230023DBB219469DF8313025
S21403ECC00B401343002B14BF012300238DF832306F
S21403ECD09DF831300A99089A4A40013A120A002AE6
S21403ECE014BF01220022D2B21340002B14BF01230B
S21403ECF000238DF831309DF830300A9A002A14BF6D
S21403ED0001220022D2B21343002B14BF0123002397
S21403ED108DF830300B9B01330B93029B0B9A9A4270
S21403ED20ADD39DF8303083F00103DBB2002B01D066
S21403ED30072317E09DF832209DF831301343DBB2EA
S21403ED40002B14BF012300238DF827309DF82730AE
S21403ED50002B7FF473AF019B029901221846FFF73D
S21403ED601EFE002318460EB0BDE8104002B07047E2
S21403ED7000B583B0E0F758F80190019BDBB203F0CF
S21403ED800E038DF803309DF80330002BF2D09DF868
S21403ED900330022BEED0019B03F48063002B01D0DB
S21403EDA0062300E00023184603B05DF804FB00B515
S21403EDB085B00190E0F770F80198E0F795FC0390B2
S21403EDC0039B002B01D0039B02E0E0F7B9FC03464C
S21403EDD0184605B05DF804FB08B5E0F791F8E0F7D0
S21403EDE0DDFC00BF08BD00B583B001900091019B18
S21403EDF0002B03D000990198E0F7D8FC0198FEF7A2
S21403EE007DFE00BF03B05DF804FB82B00190009165
S21403EE10019B002B03D0019A009B134400E00023C0
S21403EE20184602B0704782B00190019B002B0CBFBE
S21403EE3001230023DBB2184602B0704782B001906C
S21403EE40019B5B69184602B0704782B00190019B34
S21403EE505B68184602B0704782B00190019B1B881E
S21403EE60184602B0704782B00190019B5B88184633
S21403EE7002B0704700B583B06FF096030193FEF7B8
S21403EE804BF80190019B002B01D0019B00E000236F
S21403EE90184603B05DF804FB00BF704700B587B0A3
S21403EEA003900291019200930398FFF7CEFF034667
S21403EEB01B0A05930398FFF7CFFF0346ADF81230FE
S21403EEC0009B00221A606FF08603184607B05DF8B1
S21403EED004FB00B58DB007900691059204936FF07E
S21403EEE096030B930798FFF7B0FF03461B0A0A9394
S21403EEF0012309930A9B002B24D10798FFF7ACFF45
S21403EF00034603F48043B3F5804F0DD1099B002BD2
S21403EF100AD0109B0F9A0E990798DCF7DBFB0B9031
S21403EF200B9B13F1860F11D1109B02930F9B01933A
S21403EF300E9B0093049B059A0699079801F008FA1E
S21403EF400B9004E06FF086030B9300E000BF0B9B6F
S21403EF5018460DB05DF804FB00B58BB0079006911C
S21403EF60059204936FF0960309930798FFF76DFFD6
S21403EF7003461B0A0893089B002B20D10E9B029383
S21403EF800D9B01930C9B0093049B059A0699079887
S21403EF90DCF71AFD0990099B13F1860F01D0099B34
S21403EFA00FE00E9B02930D9B01930C9B0093049B17
S21403EFB0059A0699079800F061FA034601E06FF098
S21403EFC0860318460BB05DF804FB00B589B00590C0
S21403EFD00491039202936FF0860307930598FFF755
S21403EFE034FF03461B0A0693069B002B0BD10B9B91
S21403EFF001930A9B0093029B039A0499059800F0D9
S21403F000D0FB034600E0079B184609B05DF804FBF7
S21403F01000B58FB00B900A91099208936FF0960390
S21403F0200D930B98FFF711FF03461B0A0C930C9BDB
S21403F030002B1DD1169B0693159B0593149B0493D7
S21403F040139B0393129B0293119B0193109B0093B4
S21403F050089B099A0A990B98DCF76AF90D900D9BA1
S21403F06013F1860F01D00D9B04E06FF0850301E0DA
S21403F0706FF0860318460FB05DF804FB00B58DB03D
S21403F08009900891079206936FF096030B930998DD
S21403F090FFF7DBFE03461B0A0A930A9B002B19D1D4
S21403F0A0129B0493119B0393109B02930F9B019354
S21403F0B00E9B0093069B079A08990998DCF7AAFD0E
S21403F0C00B900B9B13F1860F01D00B9B04E06FF0A4
S21403F0D0850301E06FF0860318460DB05DF804FB68
S21403F0E000B589B005900491039202936FF09603DE
S21403F0F007930498FFF7A9FE03461B0A0693069B8D
S21403F100002B19D1059B03F108000A9B0093029B71
S21403F110039A0499DCF718FE0790079B002B02D18D
S21403F120059B06221A60079B13F1860F01D0079BE7
S21403F13004E06FF0850301E06FF08603184609B01C
S21403F1405DF804FB00B589B0059004910392029321
S21403F1506FF0960307930498FFF777FE03461B0AA0
S21403F1600693069B002B19D1059B03F108000A9B07
S21403F1700093029B039A0499FDF76BFE0790079B87
S21403F180002B02D1059B06221A60079B13F1860FFC
S21403F19001D0079B04E06FF0850301E06FF0860360
S21403F1A0184609B05DF804FB00B585B003900291DC
S21403F1B00192039B1B68062B08D1039B0833019A15
S21403F1C002991846DCF71CFE034601E06FF086033F
S21403F1D0184605B05DF804FB00B585B003900291B0
S21403F1E001920093039B1B68062B09D1039B03F133
S21403F1F00800009B019A0299DCF794FE034601E09F
S21403F2006FF08603184605B05DF804FB00B583B0BF
S21403F2100190019B1B68062B06D1019B08331846F9
S21403F220FDF767FE034601E06FF08603184603B05A
S21403F2305DF804FB00B58DB009900891079206931C
S21403F2406FF096030B930998FFF7FFFD03461B0A1F
S21403F2500A930A9B002B29D1129B0493119B0393B9
S21403F260109B02930F9B01930E9B0093079B089A98
S21403F27009990698DCF734F90B900B9B13F1860F6C
S21403F28001D00B9B14E0129B0493119B0393109BDA
S21403F29002930F9B01930E9B0093069B079A089974
S21403F2A0099800F035FF0B900B9B01E06FF0850388
S21403F2B018460DB05DF804FB82B001900B468DF83E
S21403F2C0033013468DF80230019B1B7E9DF8032006
S21403F2D09A4202D06FF0960304E0019B9DF8022049
S21403F2E01A760023184602B0704782B00190019B3D
S21403F2F01B0A002B14BF01230023DBB2184602B0FF
S21403F300704782B00346ADF80630BDF8063003F406
S21403F310E043B3F5805F06D0BDF8063003F4E04360
S21403F320B3F5005F01D1012300E00023184602B0C5
S21403F330704700B587B003900291019200930023B3
S21403F3400593019B002B0FD0029B002B01D1009B42
S21403F3500593039A059BD018019A059BD31A1A4660
S21403F360212108F0A6FD00E000BF07B05DF804FB0E
S21403F37082B003460091ADF80630BDF80630B3F50B
S21403F380105F20D0B3F5105F2ADC41F205229342CA
S21403F39026DCB3F5905F07DA41F20102934222D0EE
S21403F3A0B3F5885F1FD01BE0A3F59053292222FAFA
S21403F3B003F303F00103002B14BF01230023DBB286
S21403F3C0002B0DD00FE0009B802B0ED0009BC02B94
S21403F3D00BD0009BB3F5807F07D06FF086030EE05B
S21403F3E06FF085030BE000BF00E000BF009B03F057
S21403F3F00703002B02D06FF0860300E000231846B5
S21403F40002B0704700B583B001900091019B1B6A60
S21403F410002B02D06FF08A0311E000990120FEF75B
S21403F42077FB0246019B1A62019B1B6A002B02D1E3
S21403F4306FF08C0303E0019B009A5A620023184680
S21403F44003B05DF804FB00B587B003900291019208
S21403F45001990398FFF7D6FF0590059B002B01D073
S21403F460059B07E0039B1B6A019A0299184608F05E
S21403F4702BFD0023184607B05DF804FB00B587B0E4
S21403F48003900291019200936FF096030593039BFA
S21403F4901B88ADF81230019B002B02D16FF0850359
S21403F4A044E0BDF812301846FFF72BFF0346002B47
S21403F4B03AD00A9B1B68002B03D1019BDA000A9BF8
S21403F4C01A60039B1A880A9B1B6819461046FFF7A7
S21403F4D04FFF0590059B002B01D0059B26E00A9B5A
S21403F4E01B680733DB08019A9A4202D06FF0860343
S21403F4F01CE00A9B1B680733DB08089A9A4202D271
S21403F5006FF0890312E00A9B1B680733DB081A4671
S21403F5100299009808F0D8FC0A9B1B680733DA08A0
S21403F520099B1A60002301E06FF08503184607B0B5
S21403F5305DF804FB00B587B0039002910192009337
S21403F5406FF096030593002304930299039801F042
S21403F55090FA0590059B002B01D0059B32E0029B99
S21403F5601B680493049B1B8803F4E043B3F5804FA6
S21403F57003D1019B23F001030193049B9A68019B2B
S21403F5801340019A9A4203D06FF08403059312E066
S21403F590009B002B0CD0049B03F10800049B1B88E4
S21403F5A0009A1946E0F70AFC0590059B002B01D14B
S21403F5B0002307E000BF029B00221A60049801F0B4
S21403F5C0F5FA059B184607B05DF804FB00B583B053
S21403F5D00190019B1B6A002B07D0019B1A6A019BB3
S21403F5E05B6A19461046FFF7FEFB019B00221A6270
S21403F5F0019B00225A620023184603B05DF804FB01
S21403F60000B585B001900198FFF7E0FF0390019BDA
S21403F6101B7E032B1ADC022B04DA002B12D0012BE1
S21403F62008D013E0019BDB69012B13D06FF0960320
S21403F63003930FE0019BDB69002B0DD06FF096035D
S21403F640039309E06FF09603039306E06FF09603C7
S21403F650039302E000BF00E000BF282200210198C8
S21403F66008F027FC039B184605B05DF804FB00B5BD
S21403F67087B00190002305930198FFF7D4FB034658
S21403F680002B01D000233CE003AB1946019801F0A0
S21403F690F0F90490049B002B01D0049B31E0039BFC
S21403F6A0032202211846FFF707FE0590059B002B51
S21403F6B019D1039B5B68DBB2FF2B03D16FF0840386
S21403F6C0059313E0039B5B68DBB2002B0DD0039B13
S21403F6D05B69184601F037FB0490059B002B04D1A9
S21403F6E0049B059302E000BF00E000BF039B18469F
S21403F6F001F029FA0490049B002B01D0049B059388
S21403F700059B184607B05DF804FB30B585B001903D
S21403F71000916FF096030393009800F086FF02A90A
S21403F720002300220198FFF705FF0390039B002B9D
S21403F73001D0039B0EE0029B009A14461D460FCD94
S21403F7400FC495E8030084E80300029B184601F003
S21403F7502DFA0346184605B030BD00B585B00390B4
S21403F760029101920093029A009B9A4202D96FF08B
S21403F770890312E0029A0399019808F0A5FB019AFF
S21403F780029BD018009A029BD31A1A46002108F04F
S21403F79090FB069B029A1A600023184605B05DF894
S21403F7A004FB00B589B00590049103920293059B70
S21403F7B01B88ADF81E30BDF81E301846FFF7A1FDB6
S21403F7C00346002B19D1BDF81E3023F4405344F2F0
S21403F7D00102934211D0BDF81E3023F4435323F0A5
S21403F7E03F03B3F5824F08D0BDF81E3023F44353CE
S21403F7F023F03F03B3F5844F09D10B9B00930A9B79
S21403F800029A03990498FFF7A8FF034601E06FF0F6
S21403F8108503184609B05DF804FB00B58BB0059068
S21403F8200491039202936FF0960309936FF0960385
S21403F830089300230793039B002B02D16FF08903E1
S21403F8402BE0029B00221A6006A9002301220598DA
S21403F850FFF770FE0990099B002B01D0099B1CE063
S21403F860049B0793069B1846069B196A069B5A6ACF
S21403F870029B0193039B0093079BFFF7A6FB09904C
S21403F880069B184601F092F9089000230793099BFC
S21403F890002B01D1089B00E0099B18460BB05DF8CE
S21403F8A004FB00B589B00590049103920293059B6F
S21403F8B01B88ADF81E30BDF81E3003F4E043B3F5E5
S21403F8C0804F23D1BDF81E3023F4405344F2010287
S21403F8D0934211D0BDF81E3023F4435323F03F0365
S21403F8E0B3F5824F08D0BDF81E3023F4435323F0FC
S21403F8F03F03B3F5844F09D10B9B00930A9B029AEF
S21403F90003990498FFF729FF034624E0BDF81E3049
S21403F91023F4405344F20102934202D16FF085036D
S21403F92019E0BDF81E3023F4435323F03F03B3F529
S21403F930824F02D16FF085030DE0BDF81E3023F42D
S21403F940435323F03F03B3F5844F02D16FF085038F
S21403F95001E06FF08503184609B05DF804FB00B5B7
S21403F9608BB005900491039202936FF0960309936C
S21403F9706FF09603089300230793039B002B02D193
S21403F9806FF0890335E0029B00221A6006A9002364
S21403F99000220598FFF7CEFD0990099B002B01D0A6
S21403F9A0099B26E0049B0793069B1B8803F480436E
S21403F9B0002B03D16FF0860309930DE0069B1846D0
S21403F9C0069B196A069B5A6A029B0193039B009344
S21403F9D0079B00F0EFFE0990069B184601F0E6F839
S21403F9E0089000230793099B002B01D1089B00E096
S21403F9F0099B18460BB05DF804FB82B00190019B8F
S21403FA001B6823F47F4323F00303002B02D06FF01D
S21403FA10860300E00023184602B0704700B587B09F
S21403FA20019000916FF0860305930198FFF70DFA96
S21403FA3004900198FFF702FA03900099049801F0E6
S21403FA40C4F80590059B002B01D0059B37E004986E
S21403FA5001F0CCF80590059B002B01D0059B2EE00A
S21403FA60049BDBB2002B05D1039B002B10D06FF059
S21403FA70860324E00198FFF7E1F9034600211846C0
S21403FA8000F044FF0346002B02D16FF0860316E016
S21403FA90019B08331846FFF7B0FF0590059B002B24
S21403FAA001D0059B0BE00198FFF7DDF903464FF6FF
S21403FAB0F872934202D96FF0850300E000231846DC
S21403FAC007B05DF804FB30B589B00291019200934C
S21403FAD003468DF80F30009B00221A6000990298A7
S21403FAE0FFF79CFF0790079B002B01D0079B2CE09A
S21403FAF0029B5B68DBB2002B0CBF01230023DBB247
S21403FB000693069B002B01D004AB00E0002301996B
S21403FB101846E0F733FE0790079B002B01D0079BA0
S21403FB2013E0019B1B680593059A029B14461D462A
S21403FB300FCD0FC495E8030084E80300069B002B53
S21403FB4002D0049A059B5A610023184609B030BDBB
S21403FB5000B587B003900291019200230593039B9F
S21403FB605B68DBB2002B08D00398039B196A039BE0
S21403FB705B6A1A4601F0D7F90590059B002B0FD157
S21403FB80039B5A69019B1A60022201210398FFF71F
S21403FB9093FB0590059B002B02D0019B00221A6065
S21403FBA0059B184607B05DF804FB00B583B00190CB
S21403FBB00091019B002B03D00198FFF721FD00E085
S21403FBC000BF03B05DF804FB82B001900091009B78
S21403FBD01B88002B08D0009B1A88019B1B889A421F
S21403FBE002D06FF086030DE0009B5B88002B08D0E5
S21403FBF0009B5A88019B5B889A4202D06FF086036B
S21403FC0000E00023184602B0704700B58FB0079097
S21403FC1006910592049300230C9300230B93002371
S21403FC200A93059B0893049B00221A60059B002BEE
S21403FC3002D16FF086038BE0059BB3F1005F02D31E
S21403FC406FF0850384E0069B0C930AAB0BAA079917
S21403FC500020FFF738FF0D900D9B002B63D10B9B05
S21403FC601B6A002B1BD1079B5B681846FFF73DFBFF
S21403FC700346002B09D008AB059A0C990798FFF7A3
S21403FC800DF90D900D9B002B4FD10B9B089A114637
S21403FC901846FFF7B7FB0D900D9B002B47D10B9B28
S21403FCA05B8809930B9B186A0B9B5B6A0B9A24323F
S21403FCB009A90291019200930346059A0C990798A5
S21403FCC0FFF74AF90D900D9B002B32D10B9B5B88F7
S21403FCD0002B04D1099A0B9B92B25A8009E00B9B26
S21403FCE05B881A46099B9A4203D06FF086030D93EE
S21403FCF022E0099B4FF6F872934203D96FF085030F
S21403FD000D9319E00B9B07991846FFF75DFF0D90BF
S21403FD100D9B002B0FD10B9B0A99049A1846FFF7ED
S21403FD2017FF0D9008E000BF06E000BF04E000BF29
S21403FD3002E000BF00E000BF00230C930D9B002BE6
S21403FD4005D00B9B0A9A11461846FFF72EFF0D9B0C
S21403FD5018460FB05DF804FB00B585B00190019B13
S21403FD601B68002B01D100230FE00198FFF74EFA22
S21403FD700390019B00221A71019A53796FF30003D3
S21403FD805371019B00221A60039B184605B05DF869
S21403FD9004FB00B58BB005900491039202936FF0B9
S21403FDA0960309936FF09603089300230793059B26
S21403FDB01B68002B03D06FF08803099349E0029B6E
S21403FDC0002B02D04FF4806201E04FF4006207A9D3
S21403FDD0039B0498FFF7AEFB0990099B002B35D1D4
S21403FDE0079B1946059B04331A460398E0F7AEF8BB
S21403FDF00990099B002B2BD1029B03F00103D9B278
S21403FE00059A537961F300035371029B002B0ED0BE
S21403FE10079B1846079B1A6A079B596A039B00931E
S21403FE200B4601460598FFF75BF9099011E0079B1F
S21403FE301846079B1A6A079B596A039B00930B464F
S21403FE4001460598FFF77EF9099002E000BF00E03F
S21403FE5000BF099B002B02D00598FFF77DFF079B89
S21403FE60184600F0A3FE0890099B002B01D1089BBF
S21403FE7000E0099B18460BB05DF804FB00B585B09F
S21403FE800390029101920123019A02990398FFF7C6
S21403FE9080FF0346184605B05DF804FB00B587B03F
S21403FEA00390029101926FF0960305930023049347
S21403FEB0039B1B68002B04D16FF088030593059BF7
S21403FEC017E0019B002B03D100230593059B10E04D
S21403FED0029B0493019A04990398FFF765F905902A
S21403FEE0059B002B02D00398FFF736FF00230493ED
S21403FEF0059B184607B05DF804FB00B589B0039070
S21403FF000291019200936FF0960307936FF09603A6
S21403FF10069300230593029B0593039B1B68002B04
S21403FF2003D16FF08803079325E0039B5B7903F007
S21403FF300103DBB2002B03D16FF0880307931AE0AB
S21403FF40039B1B79002B03D16FF08803079312E002
S21403FF50039B1B791A46019B934203D26FF08903D6
S21403FF60079308E0039B1B791A46009B05990398A1
S21403FF70FFF732F90790079B002B05D0009B019AE9
S21403FF801A60039B00221A71059B002B06D0009B68
S21403FF901B68019A07990598FFF7CBF90398FFF7B3
S21403FFA0DBFE069000230593079B002B01D1069BDF
S21403FFB000E0079B184609B05DF804FB10B58EB049
S21403FFC009900891079206936FF096030D936FF0CE
S21403FFD096030C9300238DF82B30139B002B02D033
S21403FFE04FF4806201E04FF400620BA9089B099866
S21403FFF0FFF7A0FA0D900D9B002B2DD10B9B1946F6
S2140400000DF12B031A460898DFF7A0FF0D900D9B01
S214040010002B23D19DF82B301A46119B934203D212
S2140400206FF089030D931AE00B9B1C460B9B196A11
S2140400300B9B5A6A9DF82B301846129B0493039028
S214040040109B0293069B0193079B0093089B2046F4
S214040050FFF714F80D9002E000BF00E000BF0D9B10
S214040060002B05D0129B119A1A6000238DF82B30B2
S214040070129B1B68119A0D991098FFF75AF90B9B5F
S214040080184600F093FD0C900D9B002B01D10C9BA1
S21404009000E00D9B18460EB010BD00B58DB007905D
S2140400A00691059204936FF096030B9300230A932C
S2140400B000230993059B0A930E9B0993012303933C
S2140400C0109B02930F9B0193099B0093049B0A9A2F
S2140400D006990798FFF772FF0B9000230A930023F4
S2140400E009930B9B18460DB05DF804FB82B0019093
S2140400F00091019B1B68002B01D0002305E0009BA8
S214040100002B01D0002300E00123184602B07047FC
S21404011084B003900291019200936FF08503184611
S21404012004B0704700B58BB0099008910792069307
S214040130099B03F0FE43B3F1106F09D1099B23F02A
S2140401401F6323F4702343F00063B3F1006F02D0FF
S2140401506FF0850312E00898089B196A089B5A6A90
S2140401600E9B04930D9B03930C9B0293069B019397
S214040170079B0093099BFFF75DF8034618460BB0F0
S2140401805DF804FB00B58FB00790069105920493C2
S2140401906FF096030D936FF096030C930023089369
S2140401A000230B9300230A93109B0A93079B03F0E8
S2140401B0FE43B3F1106F03D06FF086030D9338E05F
S2140401C008A9079B4FF480420698FFF7B3F90D90F1
S2140401D00D9B002B2CD1089B1B8823F0FF03B3F543
S2140401E0E24F06D0089B1B8823F0FF03B3F5E44FC9
S2140401F004D1089B5B880733DB0800E000230993DF
S214040200119A099B9A4203D26FF089030D9310E06A
S214040210059B0B930899129B0293119B01930A9BCF
S2140402200093049B0B9A0798FFF77CFF0D9000E061
S21404023000BF0A9B002B09D00D9B002B06D01199FA
S2140402400A98E0F71FF8129B119A1A600A9B002B73
S21404025002D1129B00221A60089B184600F0A6FCE6
S2140402600C9000230B9300230A930D9B002B01D1C3
S2140402700C9B00E00D9B18460FB05DF804FB00B520
S21404028083B0019008220021019807F012FE00BFF7
S21404029003B05DF804FB00B583B00190082200218A
S2140402A0019807F006FE00BF03B05DF804FB82B0B9
S2140402B001900023184602B0704700B585B001903F
S2140402C0009100230393019B039300990398DFF79F
S2140402D0D9FF029000230393029B184605B05DF8ED
S2140402E004FB00B585B003460091ADF806306FF008
S2140402F096030393BDF806301846FFF702F8034644
S214040300002B0BD0BDF8063000991846FFF730F8DE
S2140403100390039B002B16D0039B15E0BDF8063014
S21404032023F4435323F03F03B3F5824F08D1BDF8BB
S214040330063003F4E043B3F5E04F01D1002303E0B5
S2140403406FF0850300E00023184605B05DF804FB53
S21404035000B587B003900291019200936FF0960364
S2140403600593039B1B88ADF81230BDF8123018466F
S214040370FEF7C7FF0346002B09D009990898DFF754
S21404038081FF0590059B002B04D0059B03E06FF0CE
S214040390850300E00023184607B05DF804FB00B5AB
S2140403A08DB0079006910592049300230A930023C8
S2140403B009930E9B00221A600798FEF754FD034625
S2140403C0002B02D16FF08603F9E0079B1B8803F429
S2140403D0E043B3F5804F02D16FF08603EFE0049953
S2140403E00698FFF783FE0346002B02D16FF08603C0
S2140403F0E5E009AB0AAA07990120FFF764FB0B9016
S2140404000B9B002B40F0BE800A9B1B6A002B40F01F
S214040410A180079B5B681B0A002B40F08880079B23
S2140404201A88079B5B8819461046FFF75AFF0B90FD
S2140404300B9B002B40F0A880079B1B8803F4E0432B
S214040440B3F5805F06D0079B1B8803F4E043B3F53F
S214040450005F04D1079B5B880733DB0865E0079BD6
S2140404601B8823F4435323F03F03B3F5844F04D18E
S214040470079B5B880733DB0857E0079B1B8847F21C
S214040480010293420AD1079B5B885B089BB2013347
S214040490DA081346DB0013443B3346E0079B1B880D
S2140404A044F20102934205D1079B5B88DB089BB2AA
S2140404B010333AE0079B1B8847F20202934209D1A5
S2140404C0079B5B88DB089BB21A4613465B00134403
S2140404D05A332AE0079B1B8844F20202934209D14E
S2140404E0079B5B88DB089BB21A4613465B001344E3
S2140404F04A331AE0079B1B8823F0FF03B3F5E24F49
S21404050004D1079B5B880733DB080EE0079B1B8838
S21404051023F0FF03B3F5824F06D1079B5B880733AE
S214040520DB085B00013300E00023089308E008AB17
S2140405301946079800F09AF80B900B9B002B25D1D0
S2140405400A9B089A11461846FEF75CFF0B900B9B15
S214040550002B1DD10A9B1B6A0A9A526A0A992431F7
S214040560029101920093049B059A06990798FEF758
S214040570B0FC0B900B9B002B0CD00A9B1846FFF785
S21404058025F808E000BF06E000BF04E000BF02E074
S21404059000BF00E000BF0B9B002B06D10A9B099905
S2140405A00E9A1846FFF7D4FA0B900B9B002B05D037
S2140405B00A9B099A11461846FFF7F7FA0B9B18464A
S2140405C00DB05DF804FB00B583B0DFF711F9034600
S2140405D0002B01D0002324E00120DFF7C7FF0190A1
S2140405E0019B002B12D10220DFF7C0FF0190019B74
S2140405F0002B0DD10320DFF7B9FF0190019B002BE0
S21404060008D10420DFF7B2FF019004E000BF02E047
S21404061000BF00E000BF019B002B01D0DFF766FFA0
S214040620019B184603B05DF804FB00B583B0019047
S21404063018220021019807F03CFC00BF03B05DF8C7
S21404064004FB82B00190019B5B68184602B07047B9
S21404065082B00190019B1B88184602B0704782B096
S2140406600190019B5B88184602B0704700B587B0BE
S214040670019000910198FFF7E4FF03461B0A0593D7
S2140406800198FFF7E5FF0346ADF812300198FFF72F
S214040690E6FF039000230293059B002B40F0818025
S2140406A0BDF8123003F4E043B3F5805F06D0BDF81E
S2140406B0123003F4E043B3F5005F03D1039B073322
S2140406C0DB0858E0BDF8123023F4435323F03F030D
S2140406D0B3F5844F03D1039B0733DB084BE0BDF827
S2140406E0123047F20102934208D1039B5B080133A0
S2140406F0DA081346DB0013443B333CE0BDF8123003
S21404070044F20102934203D1039BDB08103332E028
S214040710BDF8123047F20202934206D1039BDA0870
S21404072013465B0013445A3325E0BDF8123044F2F6
S2140407300202934206D1039BDA0813465B00134475
S2140407404A3318E0BDF8123023F0FF03B3F5E24F46
S21404075003D1039B0733DB080DE0BDF8123023F00A
S214040760FF03B3F5824F05D1039B0733DB085B0019
S214040770013300E000230293029B002B09D0BDF84E
S214040780123023F0FF03B3F5824F05D1029B012BF1
S21404079002D16FF0850309E0009B029A1A600023D9
S2140407A004E0009B00221A606FF08603184607B028
S2140407B05DF804FB00B589B005900491039202939A
S2140407C06FF0860307930598FFF73BFF03461B0A63
S2140407D00693069B002B1CD10B9B01930A9B00934C
S2140407E0029B039A04990598DBF71EF80790079B6B
S2140407F013F1860F01D0079B0CE00B9B01930A9B19
S2140408000093029B039A04990598FFF74AF8034657
S21404081000E0079B184609B05DF804FB82B001901F
S2140408200091019A009B9A420CBF01230023DBB27D
S214040830184602B0704782B00190019B1B6803F40F
S2140408408053002B05D0019B1B6843F48062019BF8
S2140408501A60019B1B6803F40053002B05D0019B10
S2140408601B6843F40062019B1A6000BF02B0704725
S21404087082B00190019BDB69002B14BF0123002387
S214040880DBB2184602B0704782B001900B468DF872
S214040890033013468DF80230019B1B7E9DF803201F
S2140408A09A4202D06FF0960304E0019B9DF8022062
S2140408B01A760023184602B0704782B00190019B56
S2140408C01B7E022B04D1019BDB69B3F1FF3F02D1EF
S2140408D06FF0960305E0019BDB695A1C019BDA6105
S2140408E00023184602B0704782B00190019B1B0A91
S2140408F0002B14BF01230023DBB2184602B0704756
S21404090082B001900423184602B0704784B0019068
S2140409100091019B0393039B002B05D0039BB3F12B
S214040920804F01D201230CE0009B002B08D0039BD0
S214040930B3F1804F04D3039B002B01DB012300E0BB
S2140409400023184604B0704700B587B001900091A4
S2140409506FF096030593019B02930023039302987A
S214040960DFF784FE0346002B1AD00298DFF79EFEBC
S2140409700390039B002B0FD0039B1B7E022B0BD1F3
S214040980039B5B6919460198FFF748FF0346002B53
S21404099002D00023059331E06FF08B0305932DE01E
S2140409A001210198FFF7B2FF0346002B02D16FF036
S2140409B0870331E00023049313E00498DFF786FEF0
S2140409C00390039B1B7E022B08D1039B5B6919468D
S2140409D00198FFF723FF0346002B06D1049B01333F
S2140409E00493049B032BE8D900E000BF049B032B6D
S2140409F001D8002301E06FF08B030593059B002BC1
S214040A0009D10398FFF759FF0590059B002B02D1E7
S214040A10009B039A1A60059B184607B05DF804FB12
S214040A2000B587B0019000230593002304930023A8
S214040A300393019B03AA04A9184600F0BAFA05908A
S214040A40059B002B09D1049B039A19460198FEF7CF
S214040A50FAFC0590059B002B00E000BF049B039A5C
S214040A601146184600F099FA059B184607B05DF83B
S214040A7004FB00B585B0019000916FF096030393D4
S214040A80009B00221A60DFF703FE0346002B02D108
S214040A906FF0880353E000990198FFF755FF039021
S214040AA0039B13F18C0F01D0039B48E000990020B0
S214040AB0DFF764FE0390039B002B01D0039B3EE00C
S214040AC0009B1B68019A5A61009B1B6801225A60AE
S214040AD06FF08B030393039B13F18C0F05D1009BDC
S214040AE01B681846FFF79CFF0390039B002B0CD053
S214040AF0009B1B681846FEF783FD039B13F18C0FBF
S214040B0016D16FF08703039312E0009B1B6808332B
S214040B101846FFF790FE009B1B6802220121184628
S214040B20FFF7B2FE009B1B681846FFF7C6FE03904D
S214040B30039B002B02D0009B00221A60039B1846DE
S214040B4005B05DF804FB00B583B00190019B002B53
S214040B5001D1002326E0019B1B7E022B06D0019BBD
S214040B601B7E032B02D06FF096031BE0019B1B7EBB
S214040B70032B08D1019BDB69012B04D10198FEF7F6
S214040B803FFD03460EE00198FFF772FE0346002B76
S214040B9006D0019BDB695A1E019BDA61002301E043
S214040BA06FF09603184603B05DF804FB00B585B0F5
S214040BB001906FF0960303930198FFF7C4FF039028
S214040BC0039B184605B05DF804FB00B583B001909E
S214040BD000910198FFF788FE0346002B01D00023FE
S214040BE000E00023184603B05DF804FB82B00190D1
S214040BF0019BDBB2002B01D1002307E0019BDBB293
S214040C00FF2B02D16FF0860300E00023184602B0E3
S214040C10704730B482B00190019B00221C461546F2
S214040C2022462B461046194602B030BC704700B523
S214040C308DB00590049103920598FFF7EAFFCDE97D
S214040C400A010023069307AB1A46DDE90A01FBF7FF
S214040C50C8FE0990099B002B01D0099B12E006AB45
S214040C600193049B0093039B0022DDE90A01DAF753
S214040C7027FA0990069B039A9A4202D06FF09803CB
S214040C8000E0099B18460DB05DF804FB00B589B07A
S214040C9001900198FFF7BDFFCDE9060103AB1A46A4
S214040CA0DDE90601FBF79DFE0590059B13F18C0F0D
S214040CB001D1002300E00123184609B05DF804FBC7
S214040CC000B58DB00590049103920598FFF7A1FF37
S214040CD0CDE908010598FFF7D9FF0346012B02D199
S214040CE06FF08A032BE000230093049B039ADDE94C
S214040CF00801DAF74DF90B900B9B002B02D06FF02E
S214040D0098031CE006AB1A46DDE90801FBF769FE0A
S214040D100B900B9B002B07D1069B039A9A4205D097
S214040D206FF098030B9302E000BF00E000BF0B9B3C
S214040D30002B03D0DDE90801DAF75CFA0B9B1846B2
S214040D400DB05DF804FB00B589B001900198FFF77B
S214040D5060FFCDE9060103AB1A46DDE90601FBF7A1
S214040D6040FE0590059B13F18C0F01D1002318E07B
S214040D70DDE90601DAF73EFA0346002B02D06FF0EF
S214040D8098030EE003AB1A46DDE90601FBF729FEDD
S214040D900590059B13F18C0F02D06FF0980300E0CA
S214040DA00023184609B05DF804FB00B589B001902D
S214040DB000910198FFF72DFFCDE9060103AB1A4613
S214040DC0DDE90601FBF70DFE0590059B002B01D01F
S214040DD0059B03E0039A009B1A600023184609B09B
S214040DE05DF804FB00B597B003900291019200935E
S214040DF0039B1593029B232B02D86FF098038EE077
S214040E000398DFF7B3FD1490149B002B01D0149BBA
S214040E1085E0159B08331293129B1B680493049B6E
S214040E201393139B002B02D06FF0980377E0159B67
S214040E3020331193119B1B680593059A009B1A6037
S214040E40009B1A68029B243B9A4204D8009B1B68AA
S214040E50B3F5005F02D36FF0980360E0009B1B6855
S214040E60002B03D1019B00221A6019E0009B1B682B
S214040E7019460120FCF74CFE0246019B1A60019BB2
S214040E801B68002B02D16FF08C0348E0019B1868A6
S214040E90159B03F12401009B1B681A4607F014F8FF
S214040EA0159B0C330B930B9B1B680A930A9A189B8F
S214040EB05A60159B10330C930C9B1B889BB2ADF8A1
S214040EC02630BDF82620189B1A80159B12330D93E6
S214040ED00D9B1B889BB2ADF82430BDF82420189BCC
S214040EE05A80159B14330E930E9B1B680893089A1E
S214040EF0189B9A60159B143304330F930F9B1B683F
S214040F000793079A189BDA60159B143308331093DB
S214040F10109B1B680693069A189B1A6100231846B2
S214040F2017B05DF804FB00B589B0039002910192F6
S214040F30029B002B02D0019B002B02D16FF086038C
S214040F4027E0019BB3F5005F02D36FF08D0320E02A
S214040F50019B2433079307990120FCF7D9FD0690DB
S214040F60069B002B02D16FF08C0312E0069B039ABB
S214040F7001990298DFF786FC039B5B69079A06993A
S214040F801846FFF79DFE059007990698FDF72BFF78
S214040F90059B184609B05DF804FB00B583B00190C4
S214040FA0009100990198FDF71EFF00BF03B05DF89D
S214040FB004FB00B58BB005900491039200230993BB
S214040FC000230693059B5B69089306AB19460898AD
S214040FD0FFF7EBFE0990099B002B01D0099B36E036
S214040FE0069B19460120FCF793FD0790079B002BF0
S214040FF002D16FF08C032AE0069B1A4607990898DC
S214041000FFF715FE0990099B002B17D10699059B3F
S2140410100093039B049A0798FFF7E4FE0990099B44
S214041020002B0DD1049B1B68002B03D0039B1B686D
S214041030002B05D16FF09103099302E000BF00E096
S21404104000BF069B19460798FDF7CDFE099B184678
S2140410500BB05DF804FB50E8003F0B4340E8003259
S214041060002AF8D17047C94350E8003F0B4040E8D7
S2140410700032002AF8D17047431E032B06D8DFE857
S21404108003F00204020403207047042070477047EC
S214041090CB691847704770470020704770474FF079
S2140410A00000704700207047704770470020704764
S2140410B000207047002070470020704700207047CB
S2140410C00020704700207047704770470020704724
S2140410D0002070477047704770477047002070477D
S2140410E000207047704770477047112070470020F3
S2140410F0704770470020704700207047704770475D
S214041100002070471120704770474FF0FF3070473B
S21404111000207047704770470020704700207047D3
S2140411204FF0FF30704711207047002070470120B1
S21404113070470020704700207047002070477047B3
S2140411407047704701F010BA38B504460AF0BFFC81
S214041150D4E90C1205462046DFF71EFCA18CE28C6F
S214041160E060521A40F2712101FB020303F59C531E
S214041170083328462361BDE838400AF09ABC08B50F
S2140411802030FFF768FFBDE808404FF08050EAF7CC
S2140411904BBE38B50D4604460830E1F7A1FA294699
S2140411A000252046E3F708FE606CE56110B1E0F721
S2140411B029FC656404F15400BDE8384007F016BA0B
S2140411C038B5044619B390F828208AB190F8293027
S2140411D00133DBB29A4280F8293009D10121FFF7A6
S2140411E0D8FF4FF080712046BDE83840FFF7C7BFF0
S2140411F0236ADA030BD5E36A62689B1A002B06DAC5
S21404120001212046FFF7C5FF4FF08061EBE7236A14
S2140412101B0426D402F07BFE1123B0FBF3F303EB8E
S2140412200313C01A94F9613085B213FA80F01028BB
S21404123088BFC5F110056DB2083B2B4484F86130B5
S21404124020460121E3F7B8FD40F27121A28C6368C1
S2140412502A4401FB023320466360BDE83840E3F7C6
S2140412605DBD0025ECE72DE9F84F1D46C3698846A9
S214041270044616460C9F9DF838909DF840B09DF89D
S21404128048109DF850A0002B40F0C880EB0600F1F3
S214041290B68005F00303032B08BF05F0FD0505F033
S2140412A0F705BDF83C30A806A4F862309DF8540053
S2140412B048BF05F0FC05FFF7DFFE47F6FF731BF09B
S2140412C0020F84F86600A4F87C3040F09B801BF084
S2140412D0040F00F0998000F0FD00012814BF0323DA
S2140412E0042394F883209DF8580063F3030284F8DB
S2140412F08320FFF7C1FE47F6FF738A0784F867006A
S214041300A4F88C3000F182804B0740F1818000F015
S214041310FD00012814BF0321042194F89330A06E25
S21404132061F3030384F89330FFF7DEFE00222046C1
S214041330216BDFF731FB40F27123734398426FD879
S21404134049F6FF7104F12000FFF78DFEFF2384F8B1
S2140413504B30BAF1000F03D0236A43F48053236260
S214041360290705D50626B046236A43F48413236268
S214041370236A6A0723F4C04323620CD419F0010FCE
S2140413801CBF43F400532362236A19F0020F1CBFE8
S21404139043F480432362236AA4F848502B43236211
S2140413A004F15B03B7B33A68C4F85B20BA889A8042
S2140413B09DF82C30012B03D14FF48061FFF74BFED0
S2140413C0236A9DF8282023F4407343EA0223236209
S2140413D002F09DFD9DF84C30C0F30B0040EA03304C
S2140413E09DF83430A4F87000A4F824802046E684DF
S2140413F084F82A30FFF7A8FE0020BDE8F88F012104
S2140414008B464EE702236CE701236AE7022184E752
S214041410012182E7C4F85B709F80D1E70C20ECE7DB
S2140414204520EAE72DE9F743894617460446019323
S21404143030B901A807F0DAF8422003B0BDE8F0831B
S214041440012920D0022910D089B9C369C3B900F193
S21404145030054FF40036236AD9061ED55A0726D51A
S21404146001A807F0C3F80020E7E7806E20B901A8BA
S21404147007F0BCF80C20E0E71946FFF736FEDCE779
S21404148000F13805E5E7C36923B900F134054FF4E4
S2140414908026E0E700F13C05F9E79B0707D5B9F19C
S2140414A0000F04D101A807F0A1F81220C5E704F143
S2140414B0200840463146FFF7D6FDF80702D52846F1
S2140414C007F094F8019921B1284607F076F900232D
S2140414D00193286807F00FF9236AD90605D51F2853
S2140414E001DC032F16D02846DDE740F272629042F4
S2140414F004DD284607F07AF807209EE7B9F1000FC6
S21404150008D1BF2806DD9A0704D0284607F06EF8EF
S214041510452092E72046D4E90E12DFF73DFAE36948
S2140415206BB140F27122A38C5343984207D9E38CE3
S2140415308342EAD300F51C70B0FBF2F0A0840AF0F4
S214041540C6FAE36905467BB1BB070DD5314640466E
S214041550FFF781FD6368C3F57A7602F014FDF04266
S21404156002D52046E3F744FD28460AF0A2FA7AE7B5
S21404157008B548B1CB0701D4002008BD4FF40011CC
S2140415802030FFF768FDF7E74220F6E708B548B1D4
S214041590CB0701D4002008BD4FF400112030FFF71C
S2140415A062FDF7E74220F6E7DFF7E2BC38B5C36929
S2140415B004460D463BB1036A13F0010010D194F8BB
S2140415C04A30FE2B0BD004F120004FF48001FFF7C5
S2140415D042FD01202B68E364AB88A4F8503038BD84
S2140415E00020FCE7036A10B5044613F4602025D0F7
S2140415F09A0307D504F1300006F0F8FFA36B2363C3
S2140416000023A363236A5B0307D504F1340006F0C2
S214041610EDFFE36B63630023E3634FF4602104F19F
S2140416202000FFF720FD2046FFF78EFD0120B4F8CA
S21404163070305A1C62F30B03A4F8703010BD10B55A
S2140416400446543007F0B9F82046BDE810404FF081
S2140416500071FFF794BD012313B541890093044636
S2140416608389C289084601F04CFDE0B1E279531E35
S214041670072B1AD86389934217D922899A4214D819
S214041680237C43B9637C33B9A37C23B9E07C10B9CB
S214041690237D0F2B07D9607D1B3000F01F000B281D
S2140416A08CBF0020012002B010BD0020FBE7F8B577
S2140416B08D790C460C354B5D4F1903F0400343F00F
S2140416C004034B550623B91C7B70164600F00FF82E
S2140416D0635D002E60F386136355A3797A7803F16D
S2140416E002031344E371A4BF06367E70F8BD37B513
S2140416F00246136A084603F4007403F40015DB0577
S21404170005D474B9E1F7CEFA204603B030BD44B927
S214041710B5FA85F4D16C64090160B2F85020828071
S214041720F2E7019092F94B30B5FA85F40093002362
S2140417301A4619461846FFF7F6FC6409E4E750E82B
S214041740003F0B4340E80032002AF8D17047C943F3
S21404175050E8003F0B4040E80032002AF8D17047BA
S21404176038B50446D0F8A00010B9D4F8A40058B18F
S21404177094F8375106F06BFF05F00F0581B2063179
S2140417802846E4F721FC80B240F27122B4F878309F
S21404179000F5487053439842B8BF184638BD38B56C
S2140417A005460C4602F067FC20B149F640439C42CD
S2140417B028BF1C46EA68A2420BD240F27121B5F853
S2140417C07A304B43934238BF1346A34228BF23467E
S2140417D01A462A6138BD03469A6A4430920404D5F0
S2140417E0D3F82821998FE5F7D1BC93F86F10E5F765
S2140417F0C3BC0020704701207047002070470020BB
S214041800704701207047C8207047002070470020AA
S2140418107047704770471120704770477047002024
S2140418207047704700207047704701207047704724
S214041830704790F8852010B5531C03F00F03072B50
S21404184028BF0023044663F30302034480F885207C
S21404185083F87E1090F885306F2B4FEA13129EBFE4
S214041860013262F3071380F88530FFF7E1FF94F83E
S2140418703711204601F00F01FFF7CCFF10BD70476B
S214041880704770470020704700207047002070475C
S21404189010B101F1B000704701F1D4007047F83080
S2140418A07047806A70472830FFF749BF2830FFF733
S2140418B04EBFC06A70472C30FFF741BF2C30FFF78D
S2140418C046BF00F59C70704708B50B79DB0702D459
S2140418D0FFF7D5FF08BD91F90510BDE80840FFF7EE
S2140418E0A8BF70B540F2712606FB01F3456856435F
S2140418F0826A1D441207044645600ED500F1400571
S214041900294600F13402E1F715FB33462946204602
S214041910BDE87040012201F0DBBB05EB56054560CF
S21404192070BD836A590505D4D0F8A03013B15B792D
S2140419309A0708D4D0F8A40000B9704743799B07E7
S21404194001D40068F8E70120704780F877107047E4
S21404195038B504460D46DFF76DFD80B2FFF7B2FBDF
S21404196078B14288022DA08F11D0032D0BD0012D03
S21404197006D1238F626B1B01B3FBF2F3184480B2CB
S21404198038BD0122EEE74FF47A43626BF4E7638FC7
S2140419905B00073313FB0200F1E738B5044601F099
S2140419A091FD04F1A40006F021FE04F1A80006F05F
S2140419B01DFE04F1AC0006F019FE04F1A00006F0CA
S2140419C015FE2046DFF736FDC4B22046FFF76EFB51
S2140419D005462046FFF76CFB01462846FFF765FBE5
S2140419E038BD38B5836A04461B0713D50246B0F8DB
S2140419F07C3052F8341F4B4340F271214B4300F1C4
S214041A004001E1F797FA236C20469D08FFF7A8FEED
S214041A102844E06040F27125616B20460139694331
S214041A20FFF7BDFE20460121E3F7C6F9636BB4F861
S214041A307C2020465A43636805FB02336360BDE896
S214041A403840E3F76BB9B0F8303110B5A0F834314C
S214041A500446DFF7EFFCC0B2FFF7D5FE94F8373143
S214041A6094F8362103F00F0304F1440102F0FCFA63
S214041A70014604F5947002F098FAB4F93421B4F9E6
S214041A8030319A4209D0A36A9B0306D52046BDE8A6
S214041A9010404FF40041DFF7E3BC10BDFFF7D3BF9F
S214041AA0836A0A4600F14401C3F34030E5F71ABBE3
S214041AB010B5A0F87810A0F87A200446FFF750FE78
S214041AC02169E0602046BDE81040FFF768BE38B5DF
S214041AD004460D463AB94FF4C0212830FFF737FEC6
S214041AE09DB9002038BDFFF79AFE98B128344FF40C
S214041AF0C0212046FFF72BFE1DB14FF40031FFF73F
S214041B001EFE4FF48021204601E04FF40031FFF71B
S214041B1016FEE6E71120E5E72DE9FF41836A044651
S214041B209B032CD5B0F93081B0F934710020E5F769
S214041B30B5F98045CCBF0025012502F09AFA94F841
S214041B403711C82201F00F01E5F7B2F90646204620
S214041B50DFF770FCB045B4BF00260126002394F8D6
S214041B603711A8EB07073FB245EA46051A46CDE902
S214041B700085029701F00F0180B200F0A7FC04B0C4
S214041B80BDE8F081FFF7C8BF86307047F8B5044655
S214041B900E4600295AD040F27123476B30465F4305
S214041BA0A7F28A277F083946E4F71EFA94F88E309F
S214041BB0851FADB29D4239463046A8BF1D46E4F7A0
S214041BC013FA94F88F20831F9BB29342A8BF134640
S214041BD0F21E012AB4F88610B4F888202BD8B1F582
S214041BE0296F44F29020B8BF4FF429618142A8BF00
S214041BF00146B2F5296FB8BF4FF429628242A8BFE6
S214041C0002461B2DB8BF1B251B2BB8BF1B23304613
S214041C1084F8913084F89050A4F88A10A4F88C20A4
S214041C20E4F7E2F9831F9BB2AB42A8BF2B46DBB2B4
S214041C3084F89230F8BDB1F5A47FB8BF4FF4A47110
S214041C40B2F5A47FB8BF4FF4A472DAE71B23EFE71C
S214041C502DE9F341476B490089B28F420446164684
S214041C601D463BD040F271224368416302FB0733B2
S214041C7002FB11334360DFF7DDFB4FF0000887B249
S214041C8033464246012138460195CDF80080FFF7D9
S214041C9021FA3846FFF726FA41463846FFF71BFA7C
S214041CA00123618F228FB1421AD09542668700D0F5
S214041CB02587238F626B1B01B3FBF2F394F837116D
S214041CC02046A4F89C3001F00F01FFF75FFF0421C3
S214041CD0204602B0BDE8F041DFF7C2BB0023E0E7D0
S214041CE09542E5D1A26A1207E3D5002BE1D102B0F2
S214041CF0BDE8F081F0B585B004460E466A4600F1AC
S214041D00860300F18E07154618685968083303C51C
S214041D10BB422A46F7D11868314628609B8820467D
S214041D20AB80FFF733FF9DF80B2094F891309A426E
S214041D3011D1BDF80620B4F88C309A420BD19DF828
S214041D400A2094F890309A4205D1BDF80420B4F8DD
S214041D508A309A4207D04FF48141204605B0BDE848
S214041D60F040DFF77DBB05B0F0BD37B5044694F808
S214041D708E50BDF818008D420BD1B4F886509542AB
S214041D8007D194F88F509D4203D1B4F88850854209
S214041D901DD08DF80610ADF80420019D84F88E1031
S214041DA094F8371184F88F30A4F88800C4F84051AA
S214041DB02046A4F8862001F00F01FFF79BFFB4F835
S214041DC08A30A4F88630B4F88C30A4F8883003B08F
S214041DD030BD90F8373170B503F00F03044616464D
S214041DE00D46D9B18B4219D00122FFF716FD2946BC
S214041DF000222046FFF70FFD94F83731204665F39E
S214041E00030384F8373105F00F01FFF773FF20460C
S214041E10BDE870404FF48441DFF722BB19462046E4
S214041E20FFF768FF002EF2D170BDF8B51D46C36AF1
S214041E3004465B070F46164610D404212C30FFF7E1
S214041E407EFC84F89A702046A4F89660A4F898500D
S214041E504FF40061BDE8F840DFF702BBF8BD10B5EB
S214041E6011B190F89A400C7012B1B0F89610118027
S214041E7013B1B0F898201A80C06AC0F3800010BD71
S214041E804FF400412830FFF75ABC00F5A2707047A3
S214041E9090F8370100F00F00704770B5044609F05B
S214041EA016FE6568064602F06EF82D1AB5F5FA7544
S214041EB004D53046BDE8704009F0FBBD40F27122FF
S214041EC0636B94F870105343B5FBF3F5A38FAAB273
S214041ED09B1AA38794F86F30154602FB113325210D
S214041EE093FBF1F001FB1033002BB8BF5B1884F8AA
S214041EF06F30B4F89C3020469B1AA4F89C3000211E
S214041F00E2F75AFF40F27122636B20465D43636832
S214041F1002FB15336360E2F701FFCAE700232DE9ED
S214041F20F3474E790446B20758BF06F00106084642
S214041F3048BF0326ADF8043058BF01360D46FFF7F8
S214041F40AEF8074607F01F03002BE36A15BF4FF0F1
S214041F5001084FF000084FF003094FF002099B05F3
S214041F600CD59DF80430294666F3010368F345133F
S214041F708DF804302046019A00F097F9284606F0BA
S214041F80BAFB82464946284606F070FB9DF80430A4
S214041F90AA7966F3010368F345138DF804308DF8C7
S214041FA005A0BDF804300C32AB529DF80430A918D5
S214041FB098066B7948BF8F7043F001036B7109F084
S214041FC086FD06462046294650F8A47F06F0F5FB13
S214041FD094F846312046013384F84631DFF72AFA6E
S214041FE080B2FFF76FF880B14388A26A12070ED555
S214041FF0B4F87C209A4202D92046FFF74EFF3046BA
S21404200002B0BDE8F04709F054BD0123EDE765686A
S21404201001F0B9FF8046E2F7E5FF8442EFD1A5EB75
S2140420200805B5F57A7FEADD1FB1D4F8A030002B99
S214042030E5D1E3F753FAE2E708B5022006F09AFC86
S21404204010B100F01AFF012008BD10B504464FF485
S21404205040712830FFF77BFB2046BDE81040002186
S214042060DFF7E2BE012310B5A1F12002C1F120047E
S21404207023FA04F403FA02F222438B40D0E908411F
S21404208023400A40134314BF0120002010BDC36A36
S21404209010B5044613F0080012D00123A1F1200263
S2140420A0C1F1200023FA00F003FA02F202438B4047
S2140420B0D4E9080103400A40134314BF012000205A
S2140420C010BD10B50C46C9B2FFF7E1FF70B1E0F7DA
S2140420D01DFFC4F12002A4F12003E04001FA02F23D
S2140420E0104321FA03F3184300F0010010BD70B545
S2140420F004460E46E1F7E2F809F0E9FC054602213B
S214042100204684F87760DFF7ABF920460021E2F733
S21404211053FE2846BDE8704009F0CBBC70B50446B3
S2140421200D4609F0D4FC0646E2F75CFF844201D172
S214042130E3F7B4F9304609F0BCFC29462046BDE86E
S2140421407040FFF7D4BF0B68C0F84031704738B50D
S21404215040F64805D0F840310C460B609BB2AB42C3
S21404216004D90B21FFF7ADFF08B9258038BD44F22A
S21404217090232380FAE708B500F0C8F8DFF70EFBD3
S21404218000F034FB00F008F8E0F798FFE1F7C4FD30
S214042190BDE80840E1F740BE704770B515460E46E8
S2140421A01C46FFF77CFB2B684EB103606B684360EC
S2140421B02368C0F825302368C0F8153070BD8360E6
S2140421C06B68C3602368C0F829302368C0F81930E8
S2140421D0F4E770B50546FFF762FB044609F077FCA2
S2140421E006464FF480712846FFF75DFB4FF4006106
S2140421F02846FFF760FB304609F05BFC00232846C0
S21404220023612375236284F82430FFF74AFB802376
S21404221010F0080F14BF237584F8243070BD10B571
S2140422200446FFF712FF2046BDE810401021DFF7F2
S21404223017B910B504464FF46061FFF73FFB20461C
S214042240BDE81040FFF701BF7FB506460C46FFF712
S21404225026FB4FF4C06105463046FFF72CFB4FF4CF
S21404226000613046FFF72AFB4FF48060E0F7F4FD88
S214042270224670B969462846E4F7DCFC6B4605F14D
S214042280100213F8011B02F8011DAA42F9D104B08A
S21404229070BD6C4602F11006234610685168083279
S2140422A003C3B2421C46F7D1E8E737B50D46ADF88E
S2140422B00420FFF7F4FA044600F1200302460199CD
S2140422C02846E4F7E7FB236A0133236223B994F82C
S2140422D02430013384F8243003B030BD37B50D46BE
S2140422E0ADF80420FFF7DBFA01990446024600F134
S2140422F010032846E4F732FC30B123690133236126
S21404230013B9237D0133237503B030BD08B54FF4EC
S2140423100060E0F7A1FD40B94FF48050E0F79CFD63
S21404232040B9BDE80840E4F77BBFFFF7ABFA0028E6
S214042330F2D008BDFFF7AAFA0028F2D0F9E741F078
S214042340004141F4E0210160704707B501A80191FE
S21404235006F04CF9002003B05DF804FB70477047A4
S214042360002070477047704710B5DC1D0433837334
S2140423704379C47123F0030343F003030E2443712B
S214042380012344738371C3730182827410BDD31C0A
S214042390C3713E2343734379827323F0030343F0EC
S2140423A0030343710123C173837170470F2343737F
S2140423B0042383734379A0F8111023F0030343F036
S2140423C00303437140F20173C3800123C273037491
S2140423D07047D31CC3714379417323F0030343F05E
S2140423E003034371012382738371704708B5002386
S2140423F0FFF7BAFFBDE80840E0F7D4B92DE9F84383
S21404240080460220894617461E4606F0B3FAD0B127
S2140424100C2343730823837340F601334579C38042
S21404242025F003059DF8203045F003054571A0F816
S214042430108080F81290A0F81370A0F81560C3738B
S214042440E0F7B0F90120BDE8F88308B5022006F0ED
S21404245091FA30B101221121FFF799FFE0F7A2F9B2
S214042460012008BDF8B504460F46164613211D463E
S2140424700922FFF78CFF83790C331C44A170E770A4
S21404248026712B68C4F80530AB88A4F80930BDE87B
S214042490F840E0F787B970B5064602200D4606F008
S2140424A069FA044668B114210422FFF770FF8379A1
S2140424B00C331C44A170A4F803606571E0F772F94C
S2140424C0012070BD08B504F002FE08BD2DE9F041F8
S2140424D0074602200D4690461E4606F04BFA044672
S2140424E0E0B109222121FFF752FF0A2283790C3337
S2140424F01C44BDF9183084F8038093FBF2F323726E
S2140425009DF81C30A7806372BDF92030A67193FB3A
S214042510F2F3E571A372E0F745F90120BDE8F08116
S21404252037B5044606F0E7F83E22A379C0B20C336A
S214042530E518E254831E6B700D23AB70AB791C3820
S214042540012BE8768DF8073009D10023E91D1A46D9
S2140425500DF10700FEF7DEFD9DF80730AB7120464F
S214042560E0F720F903B030BD704710B5E0F754F932
S214042570837900210C33C418E078DEF777FA6168B3
S214042580FEF7F6FF0446E0F74DF92246BDE8104094
S21404259000234FF61941FFF7E7BE10B5E0F73CF904
S2140425A0837900210C33C418E078DEF75FFA61689B
S2140425B0FEF7ECFF0446E0F735F92246BDE8104086
S2140425C000234FF61A41FFF7CFBE70B5E0F724F9A3
S2140425D0002186790446FE20DEF748FA0546E1F730
S2140425E045FE50B10C24E0F71DF92246BDE87040C4
S2140425F0002342F20501FFF7B7BEE1F77DFE00288F
S214042600F0D10C363444237AE61C9B09022BE9D01D
S214042610012B18D9237AA11C03F03F02073443F098
S214042620C00311F8010F8C4242EA000203EA0003D9
S214042630F7D1002AD6D0FF2BD4D055B93046E0F7D0
S21404264057FB0024CFE73146E0F718FB0028E1D01B
S214042650C8E731462846FEF7A9FF0028EED1C1E7B1
S2140426602DE9F041E0F7D8F8837900250C33C41837
S214042670E678E0F7D1F80768E0F7CEF8A6F1FE03AF
S2140426805942594105603046DEF7F0F93B46294683
S2140426902279FEF7C7FE0446E0F7C4F82B46224626
S2140426A0BDE8F04142F23701FFF75EBE2DE9F04186
S2140426B0E0F7B2F8837900250C33C418E678E0F71F
S2140426C0ABF80768E0F7A8F8A6F1FE0359425941AB
S2140426D005603046DEF7CAF93B4622790121FEF74B
S2140426E0A1FE0446E0F79EF82B462246BDE8F041DC
S2140426F042F23801FFF738BE2DE9F047E0F78CF8D0
S21404270083790C33C418277994F8038027B9B8F171
S214042710010F27D0DEF714FC00260534BE420ADB80
S2140427200025E0F77FF82A46BDE8F047002342F28A
S2140427303901FFF719BE2078B4F80150A0F1FE0362
S2140427405942594194F803900434DEF78FF958B18E
S2140427502A464B464146DEF7EDFA05460028E0D108
S2140427600136DBE71225DCE74225DAE710B5E0F7A9
S21404277053F8837900210C33C418E078DEF776F931
S21404278080B1211DFEF712FF00280CBF0C24002484
S214042790E0F748F82246BDE81040002342F235012F
S2140427A0FFF7E2BD4224F3E7FE282DE9F843064688
S2140427B0894690461F4616D0022006F0DBF80446EB
S2140427C090B106221221FFF7E2FD1223A5792046D6
S2140427D00C352544AB7085F803902E71A5F805805A
S2140427E0EF71DFF7DFFF0120BDE8F883704710B50F
S2140427F0E1F73CFD0446FEF783FC2043C0B210BD5F
S21404280038B5E0F709F88379C17903F10C0202447C
S214042810CB1A02200021B2F8035006F0D6F904467B
S21404282040B9DFF7FFFF0722BDE8384042F219013E
S214042830FFF7BCBD2846DEF7E9FD38B12146E1F7CF
S2140428407FFA0446DFF7EEFF2246EDE72046F1F76F
S21404285047FC0224F6E770B5DFF7DEFF83791844F9
S214042860B0F80F60B0B2DEF7D1FD80B1002100F001
S214042870C0FF0546DFF7D6FF044602232A4642F287
S2140428801B01FFF771FDA3791C44668270BD022507
S214042890F0E770B5DFF7C0FF83790C33C418B4F8DB
S2140428A003502846DEF7B2FDA0B1611D00F0A1FF7B
S2140428B00646DFF7B7FF04460223324642F21A0101
S2140428C0FFF752FDE37923449D72E3792D0A1C44F5
S2140428D0E57270BD0226ECE710B5DFF79DFF83793D
S2140428E00C3318444479B0F80300DEF78FFD60B16A
S2140428F02146E1F701F80446DFF794FFE2B240F21E
S2140429000641BDE81040FFF751BD0224F4E770B558
S214042910DFF782FF83791844B0F80F5009F0D7F830
S21404292004462846DEF772FD80B11621FFF7F6FB53
S2140429300025204609F0BDF8DFF774FF2A46BDE8F7
S214042940704000234FF60441FFF70EBD0225F0E762
S214042950F8B5DFF761FF847905460C340444B4F80F
S2140429600300DEF753FD064640B9DFF75BFF02229D
S214042970BDE8F84042F21301FFF718BDAB79E979D8
S21404298003F10C020220CB1A2A44002106F01DF99A
S214042990014618B9DFF746FF0722E9E783790333D0
S2140429A083713046B4F80D50B4F80F70E0F752FF58
S2140429B004463A4629463046FFF77AF8DFF732FFF0
S2140429C02246D5E738B509F082F80446FFF70FFF2C
S2140429D000280CBF0C250025DFF724FF2A4642F208
S2140429E00E01FFF703FDE1F7C1FF2046BDE83840BE
S2140429F009F05FB82DE9F04F8BB0DFF70DFF42F218
S214042A00850290F80680064608F10C0830F808108F
S214042A1000EB08039142026810D1002193F803905A
S214042A2093F804A0B9F1FF0F016003F105050492C1
S214042A301CD1BAF1FF0F05D0122408E0DD1C0023D8
S214042A40036004926B7A013B062B31D91124049B54
S214042A5013B104A805F0CAFDDFF7E4FE224636F8F3
S214042A600810FFF7A3FC0BB0BDE8F08FBAF1FF0F18
S214042A700AD19B7B013B062BE8D809F11003DBB295
S214042A800E2B0AD84224E2E709F11003DBB20E2B20
S214042A90F8D98AF080037E2BCED9DEF75DFF074691
S214042AA050B9049B13B104A805F0A0FD0724D3E78E
S214042AB04FF0FF0AD146F0E7FFF799FE30B1049BCA
S214042AC013B104A805F092FD0C2535E06B7803F0ED
S214042AD0FD03012B09D1E0F721F930B9049B13B1AA
S214042AE004A805F083FD122526E005F1030B5946DC
S214042AF0A81CFEF724FB5846A978DEF7B1FF044667
S214042B0030B1049B13B104A805F070FD254613E00C
S214042B10B9F1FF0FAA7814D004A96B783846CDE92A
S214042B2001B1009249465246FEF7ECFA049B05466C
S214042B30002B42D1002D8FD03846DEF763FF2C469B
S214042B408AE76B7A8DF814008DF826302B788DF88A
S214042B5016208DF81530DBF800303846CDF81730DF
S214042B60BBF80430ADF81B306B788DF81D30049B31
S214042B709A790C32134459791A7942EA0122ADF84B
S214042B801E20D9799A7942EA0122ADF82020597A92
S214042B901A7A42EA0122ADF82220D97A9A7A42EACF
S214042BA00122ADF82420DA899989FEF781FF2246AE
S214042BB0394605A8E1F7B4FFB8E704A805F016FD02
S214042BC0B8E710B5DFF728FE83791844B0F80F008D
S214042BD0C0B2DEF7BBFFDFF725FEBDE810400023DA
S214042BE042F224011A46FFF7BFBB2DE9F84381469B
S214042BF00220884617461E4605F0BCFE044690B1E1
S214042C000A220321FFF7C3FB0023A57920460C35CF
S214042C102544EB70A5F80490A5F806802F816E81F4
S214042C20DFF7C0FD0120BDE8F8832DE9F0438146B7
S214042C3085B002200E461F469DF844808DF80F206E
S214042C4005F098FE0546002844D022222921FFF7E5
S214042C509EFB0022AC7930460C342C4404F10E035F
S214042C6004F11401C4F80E209A8062612283009154
S214042C703A460DF10F01FEF74EFA9DF84030A4F8DF
S214042C800490E37006F00103A3719DF80F3016F06C
S214042C90FD0FE3713B68A360BB88A3814FF6FF7307
S214042CA004D0032E08BF43464FF0FF08BDF830207B
S214042CB028466283BDF8342084F82180A283BDF8B8
S214042CC038206384E2839DF83C2084F82020DFF7D4
S214042CD069FD012005B0BDE8F083F8B5074602207B
S214042CE016461D4605F046FE044690B10C22042105
S214042CF0FFF74DFBA1799DF818300C31214420468E
S214042D008F80C1F80660C1F80A50CB70DFF74AFD21
S214042D100120F8BD70B5064602200D4605F02AFED1
S214042D20044668B103223021FFF753FBA3792046FB
S214042D300C332344A3F803609D70DFF733FD0120B2
S214042D4070BD70B5064602200D4605F013FE044617
S214042D5088B104220821FFF73CFBB5FA85F2A37973
S214042D6052090C3323442046A3F803605A719D701D
S214042D70DFF718FD012070BD2DE9F84381460220D7
S214042D80884617461E4605F0F5FD0446B0B10B22EC
S214042D900721FFF7FCFAA579BDF820300C35254449
S214042DA02046A5F80390A5F80580A5F80770A5F8B1
S214042DB00960A5F80B30DFF7F5FC0120BDE8F883C1
S214042DC0F8B5074602200E46154605F0D3FD044620
S214042DD0A0B10D220521FFF7DAFAA37920460C33B9
S214042DE02344A3F80370A3F80D602A68C3F80520EB
S214042DF06A68C3F80920DFF7D5FC0120F8BD2DE981
S214042E00FF4116466A4680460F4615460A9C03F15D
S214042E10100E9446186859680833ACE803007345E6
S214042E206246F6D124B9022005F0A4FD044608B390
S214042E301D22ED212046FFF7AAFAA3790C3323447A
S214042E40A3F80380A3F80D702EB13268C3F80520EA
S214042E507268C3F809200F3304AE2A4603CAB24286
S214042E6018605960154603F10803F6D12046DFF7CB
S214042E7099FC012004B0BDE8F08113B513218279D2
S214042E8001900C32841881544FF44072C280DFF7EC
S214042E9089FAA07020B901A805F0A8FB02B010BDFD
S214042EA08000013060700198DFF77CFCF6E770B5AF
S214042EB0064602200D4605F05DFD044678B1042260
S214042EC00521FFF786FA0022A37920460C33234413
S214042ED0A3F803605D719A70DFF764FC012070BD8F
S214042EE013B5837901900C33C418C05CDEF78EFAF0
S214042EF020B901A805F07AFB02B010BD63780199E9
S214042F0013F0300F0CBF012200228B7904338B712F
S214042F104B7962F300034B71DEF786FFECE72DE98D
S214042F20F041DFF779FC83790C33C418B4F80380D6
S214042F301FFA88F0DEF76AFA054600B3A2796179CB
S214042F40FEF7C5FD0646DFF76DFC0746022332464C
S214042F5042F27A01FFF708FABB7938463B44A3F8F5
S214042F601280DFF71FFC46B9A37933B12846FEF773
S214042F708FFF01462846FEF754FCBDE8F081022682
S214042F80E1E700F0CBBE50E8003F0B4340E80032D8
S214042F90002AF8D17047704770B50E461546DEF71E
S214042FA029FC044648B93046DEF794F8044620B9AE
S214042FB02846E4F755F8044640B10020DEF71AFC2C
S214042FC00020DEF787F80020E4F74AF8204670BDB4
S214042FD04FF40010E8F728BFE3F764B9DFF76ABEDA
S214042FE038B5044601F045F8054658B9C820E3F755
S214042FF09FFFC82202212846E3F75AFF8442A8BF4F
S214043000044624B22046E3F793FF01F032F8BDE805
S2140430103840C8220221E3F74BBFB0F90020B1F9CB
S21404302000302DE9F0479A4204460D4648DC08F085
S2140430304EFD8046DEF78AFC00283ED1E3F72EFFDD
S214043040824601F016F8C8220221E3F731FF47F65C
S214043050FF73B5F9002081469A4202D1E3F742FF96
S214043060288047F6FF73B4F900209A4202D1E3F7AA
S21404307033FF2080B5F90000FFF7B2FFB4F9003043
S21404308007468342C8BF2080B4F90000E3F730FF48
S214043090FEF7BBFB064658B15046E3F729FF484601
S2140430A0E3F746FF404608F004FD3046BDE8F087E7
S2140430B0E3F7F4FE20802F80F4E741F20C06F1E7F4
S2140430C02126F2E74368143B4360A0230B60704755
S2140430D01AB94268A2EB530242600A6802EB830202
S2140430E00A60704713B504210DEB0100E0F7BCFF3E
S2140430F0019C2046DFF76CFF0028F4D0204602B07F
S21404310010BD884210B51BD8052819D9B1F5486FEB
S21404311016D8B3F5FA7F13D240F67644A2F10A0025
S21404312080B2A0420CD8BDF8080001339BB24343DA
S2140431304B435B00B3EBC20F94BF0120002010BDCD
S2140431400020FCE7C94350E8003F0B4040E800324B
S214043150002AF8D17047002070472DE9F041044654
S2140431600E4600250127214685F00100FEF790FB58
S2140431704FF48051FFF7E6FF8368804633B938463C
S2140431800DB1BDE8F08101250746ECE7028AB2429C
S21404319006D100220121204698470028EFD1EFE708
S2140431A00268D10502D500221146F4E79307E6D556
S2140431B02046FEF7B6FB02460028E0D10521D8F8E3
S2140431C00830E8E708B5FEF77CFB0023038043607D
S2140431D008BD70B506460C4608F079FC0546304630
S2140431E0FEF76FFB30B103781C4304704FF4007095
S2140431F0E8F71AFE2846BDE8704008F05ABCDEF729
S21404320013BE07B542798DF8071022F0030242F088
S2140432100302427140F203320DF10701C28001221B
S21404322005F0C0F903B05DF804FB70B50C4605461E
S214043230072120461646FFF7E4FF2046DFF7AEFFD9
S214043240214646702846BDE87040DEF7EDBD38B529
S2140432500C4600210546FEF77BFB47F6FE73241A50
S214043260A4B29C4205D928462821FEF740FF002038
S21404327038BD0120FCE738B504460D46014600205B
S214043280FEF706FB03689B0505D429462046BDE8E1
S2140432903840FFF7DCBF002038BD2DE9F041154665
S2140432A01F469DF81880FEF7F3FA044608F00FFC54
S2140432B0B8F1010F064623D154E8003F43F4807367
S2140432C044E80032002AF7D105B354E8002F42F44C
S2140432D0007244E80023002BF7D1FF212046FFF7B5
S2140432E031FF54E8002F48EA020244E80023002B8A
S2140432F0F7D13046A5602782BDE8F04108F0D9BB77
S2140433004FF480712046FFF71DFFDDE74FF4007190
S2140433102046FFF717FFE0E773B5064601200C4684
S214043320FEF7B6FA002305461A46009321463046B1
S214043330FFF7B3FF6B6863B14FF480712046DEF786
S2140433408FF855E8003F43F4007345E80032002A3E
S214043350F7D108F0BCFB05462046FEF7B2FA28B1C2
S21404336003881BB14FF40070E8F75EFD284602B0F0
S214043370BDE8704008F09DBB38B505460C46FEF720
S21404338087FA83684BB102212046002298472146DB
S2140433902846BDE83840FFF7BFBF38BD012938B519
S2140433A005460C4608D0CC1E012C03D80146012045
S2140433B0FFF7E2FF012038BD2221FEF7C6FA2046B9
S2140433C02946FFF7D9FF0020F5E708B5FEF760FAAF
S2140433D0006800F0F00008BD10B501460446012060
S2140433E0FFF7F3FF20B92146BDE81040FFF7EDBF15
S2140433F010BD70B506460C4601460120FEF748FA95
S214043400314605460020FEF743FA2B68026801465B
S21404341043EA0200C0051ED49B0502F4007203D4DE
S2140434209AB94FF0FF3070BD2B8A1B1B98B27AB145
S214043430098A091B89B28842A8BF08464FF6FF735B
S214043440984208BF4FF0FF30EDE74FF6FF70EFE706
S2140434504FF6FF71EFE70120E5E72DE9F341044657
S2140434600191014601201546FEF712FA214606464A
S2140434700020FEF70DFA80462046FEF712FA810673
S21404348006D501A805F0B2F80C2002B0BDE8F0811C
S21404349008F01DFB336807469A0503D4D8F80030B5
S2140434A09B0509D50199301D8D6005F086F93846CF
S2140434B008F0FFFA0020E8E708F0FBFA2046019936
S2140434C0A847E2E738B5014604460120FEF7E0F9CE
S2140434D005460C3005F08AF8281D05F087F82146C5
S2140434E00020FEF7D5F904460C3005F07FF8201DC1
S2140434F0BDE8384005F07AB870B5014605460120A7
S214043500FEF7C6F90646043005F0EDF8044670B139
S2140435104FF400713046FFF715FE21462846A3688F
S214043520984720B12046BDE87040F0F7D9BD70BD7D
S21404353000238260C0E90031704708B50B46014697
S2140435401846FEF7A5F90068C0F3402008BDFFF74B
S21404355025BFCB1E012B70B504460D46164606D86D
S2140435601A21FEF7F2F940212046DDF779FF3246AC
S21404357029462046BDE87040FFF710BF38B504461C
S2140435800D46FEF7CEF928B1012D04D1222120469E
S214043590FEF7DBF9002038BDF8B50C468B790746F4
S2140435A00B44D3F80D60D3F811303246DEF71EFC18
S2140435B009212046FFF725FE2046DFF7EFFDA57913
S2140435C0DFF7A4FC0C3566F0FF0625440640C5F874
S2140435D00160DFF79BFC3846C5F805102146FFF767
S2140435E00EFE02213846FFF7F4FDF8BD70B50E4610
S2140435F0054601460020FEF74BF9012E044603D08B
S214043600022E11D0012070BDC16828468B7919445A
S2140436100D31FEF745FAE068F0F762FD0020294612
S214043620E060FFF779FEEDE7C068F0F759FD002388
S214043630E360E7E738B50D46044601460120FEF789
S21404364027F9012D08D100F112012046FEF728FAC9
S21404365021462846FFF760FE012038BD08B5FEF770
S21404366020F9C0F3C00008BD08B5FEF722F900F043
S214043670010008BD38B50C4602210546FEF71BF9C5
S2140436800C212046FFF7BDFD2046DFF787FD4FF0EF
S214043690FF3383700223C3700E2343706FF02F032F
S2140436A003710523214643712846BDE83840FFF7D9
S2140436B0A6BDF8B504460D46DDF7BCFE4FF0FF3157
S2140436C080B2FDF710FD2046FFF7C8FF80F0010723
S2140436D0FFB221463846FEF7DBF80646C068012DE1
S2140436E0837903D0022D20D00120F8BD0C33C518F1
S2140436F02B892046EA88A988FEF7AAFA69886A7898
S21404370049005200204689B2FEF7EBF8F068F0F75D
S214043710E7FC002320464FF48031F360FEF7CEF832
S21404372021463846FFF7F8FDDEE7F0F7D9FC00231C
S2140437304FF480312046F360FEF7C0F8D4E704293E
S21404374010B5044601D0002010BDFFF787FFC0F176
S2140437500200DFF781FB0028F5D105F00BF90146DE
S21404376008B90220F0E72046E0F798F80028F8D1D8
S2140437700120E9E708B5FEF794F8C0F3C00008BDD9
S2140437802DE9F0410F4604469046FFF7F3FF80F01C
S2140437900105EDB221462846FEF77AF8012F0646C3
S2140437A003D0032F0FD001200BE02046FEF741FD87
S2140437B022212046FEF7C9F828462146FFF7DCFDFD
S2140437C00020BDE8F081C068F0F78AFC002320469C
S2140437D0F360FEF72EFD20465FFA88F1FEF7B5F893
S2140437E020462021DDF73CFE21462846FFF7C4FD8F
S2140437F0D9E737B504460D46FEF75BF803054CD506
S214043800022005F0B7F80190002848D0204645B3BA
S214043810FFF7B0FF50B105210198FFF7F2FC0198BD
S214043820DFF7BCFC20460199FFF7E9FC2046294651
S214043830FEF70AFD2046FFF79DFF78B94FF40061B6
S2140438402046FEF733F806210198FFF7DAFC0198C4
S214043850DFF7A4FC20460199FFF7D1FC002003B053
S21404386030BDFFF787FF68B101990323062220467F
S214043870DFF7A6FC2046FEF7DCFC21462846FFF7C9
S2140438807BFDEBE701A804F0B1FE20463D21FEF7E0
S2140438902EFC2046FEF7CDFCE0E70C20DFE70720F1
S2140438A0DDE7F7B5014604460020FDF7F1FF0546BF
S2140438B000F112074FF48060DFF7CEFA50B92046C5
S2140438C0DDF7B8FD3A46698B80B203B0BDE8F04038
S2140438D0FFF776BA2046DDF7ADFD064620466D8B2B
S2140438E0FDF7DDFF00220346009229463A46B0B2B1
S2140438F0FFF785FA03B0F0BD83781A2B09D81B238B
S21404390083700288B2F5A47F07D24FF4A4730380B1
S21404391007E0FB2BF5D9FB23F2E744F290239A4207
S214043920F5D87047F0B50446CA798B7987B043EA70
S2140439300223ADF80C308B8803A88DF80E30CA78B5
S2140439408B7840F6480543EA0223ADF810300B881E
S21404395005A98DF81230FFF7CFFF04A8FFF7CCFFB8
S2140439602046FEF7F4FB0B212046FEF7AAFB44F2A2
S2140439709023002818BF1D46BDF80C709DF80E3025
S214043980BDF81460BDF810209DF816009DF81210BE
S214043990AF42D4BF00970095FB2BA8BFFB23B242CF
S2140439A0A8BF32468142A8BF01462046FEF7DDF98D
S2140439B007B0F0BD37B5144605461046FFF721FCA0
S2140439C02046DFF7EBFB01A904462846FEF7BFFBBB
S2140439D00B212846FEF775FB6FF004036370002383
S2140439E044F29022A37040F64803002818BF1346FA
S2140439F0A4F803309DF80630A4F80530BDF804306A
S214043A00A4F8073003B030BDFFF7C8BC022973B56D
S214043A1005460C4603D00024204602B070BD05219E
S214043A20FEF720FB0028F6D0DEF796F81B28F2D91E
S214043A304FF40040DFF710FA0028ECD104F09AFFA8
S214043A4006460028E8D0284601A9FEF780FB314642
S214043A5028469DF80630BDF80420E0F7F3F9002860
S214043A60D9D10124D8E730B190FAA0F00123B0FAF6
S214043A7080F08340D8B2704770B50646FDF719FF4C
S214043A8080F0400402060546C4F3801406D40821D8
S214043A903046FEF7FCFA08B144F00204EB0506D4FF
S214043AA00B213046FEF7F3FA08B144F0040420462E
S214043AB070BD2DE9F843044691460F46FDF7F9FE1E
S214043AC0C0F340152046FEF7E0F921468046284616
S214043AD0FDF7DEFE494606462046FDF736FF98F813
S214043AE00110384601F00F0100F005FA062814BF4D
S214043AF0014600212A462046FEF76BF92146284651
S214043B00FFF70AFC20212046FDF7D8FE56E8003FC2
S214043B1043F4805346E80032002AF7D1BDE8F88320
S214043B20F8B50E4604461546FDF7C3FE032EC0F34D
S214043B3040170DD0042E16D0012E12D12221204675
S214043B40FDF703FF38462146FFF716FC0020F8BDB4
S214043B50EAB200212046FFF7ACFF21463846FFF7BD
S214043B600BFC0120F3E70C22F3E7012910B5044609
S214043B700BD1FDF79EFE2146C0F34010FDF788FEEC
S214043B800022817C2046FFF794FF012010BD2DE91A
S214043B90F7430F460546FDF78CFE00F02009C0F3F8
S214043BA040182846FEF771F9BB790C333B445E781F
S214043BB09B781E400378C3F3030000EA13103040DA
S214043BC0FFF751FF044648B9B9F1000F06D128465D
S214043BD0FFF752FF3040FFF746FF04462846FEF73D
S214043BE057F9E2F715FAA04223D01CB3022128465F
S214043BF0FDF7AEFE002106462846FDF7C7FF18214E
S214043C003846FFF7FEFA3846DFF7C8FAB6B2394642
S214043C1044708470A0F803602846FFF7F0FA234641
S214043C202246294640460096E0F746F903B0BDE82A
S214043C30F08300242646E2E770B504460D46FFF7F7
S214043C40CBFB28B929462046BDE87040FFF79FBF46
S214043C50402829462046BDE870404FF0160314BF9E
S214043C602A222322DFF7ACBA38B505460C46FDF700
S214043C7020FE830604D42046BDE83840F0F730BA68
S214043C8021462846BDE83840FFF781BF73B58C79D6
S214043C9006460C340C440D46FDF70BFEA278C0F322
S214043CA04010032A14D0052A28BF00226378032B69
S214043CB010D0052B28BF0023B4F80310009131461A
S214043CC0E0F7FAF8284602B0BDE87040F0F708BA04
S214043CD00022EBE70023EFE708B58B790B441B7B48
S214043CE0162B03D0172B05D0002008BDFFF7A4FF22
S214043CF00120FAE7FFF7B8FFFAE708B58B790B441B
S214043D001B7B162B03D0182B05D0002008BDE0F72C
S214043D10FDF80120FAE7FFF7B9FFFAE770471FB589
S214043D204A1E042A03460C465FD8012902D100889D
S214043D3004B010BD022905D100885B88984238BFBC
S214043D401846F5E74A00014601A804F0BDF8032C1E
S214043D5007D10023ADF80A304FF6FF73ADF80C30E8
S214043D6001E0042CF8D0BDF80620BDF804309342D8
S214043D7084BFADF80630ADF80420BDF80A30BDF8AF
S214043D800C20934288BFADF80A20BDF80A2088BFED
S214043D90ADF80C30BDF80430934288BFADF80A3055
S214043DA0BDF80620BDF80C309A4288BFADF8063040
S214043DB0BDF80820BDF80630934284BFADF808303D
S214043DC0ADF80620BDF80A30BDF808209A4288BF30
S214043DD0ADF80830BDF80820BDF806309A4238BF62
S214043DE0ADF80830BDF80800A2E74FF6FF709FE76D
S214043DF0830705D410F0040F14BF03200120704776
S214043E0002207047012804D0022804D030B9E1F714
S214043E1067BDE1F755BD0020E0F76EBD704710B1F1
S214043E20012803D070470120E0F766BD0020FBE7B9
S214043E30F7B51F468B1E012B05460C46164613D8AF
S214043E40FDF763F90023CDE90005F01A18BF012039
S214043E501A463946FDF767F980B1022C0BD128467D
S214043E60DEF720FF002004E00029F8D0012902D064
S214043E70FF2003B0F0BD2846DEF758FF0120F8E720
S214043E8070B50D4600219DF810600446817106F158
S214043E900C014173111E18BF012103F00F00237B90
S214043EA040EAC11003F04003184320732B469DF8E4
S214043EB0141004F10E00FFF7BBFF237B0E3660F3ED
S214043EC0861323732B686361AB882383A3793344F7
S214043ED0E37170BD08B5E2F74BFDBDE8084000206D
S214043EE0E2F7B4BDC94350E8003F0B4040E8003257
S214043EF0002AF8D17047022808D0042803D00128E5
S214043F0018BF0620704701F00101C81C7047E2F78D
S214043F10A3BD0A2802D80130C0B27047242801D8AD
S214043F200230F9E7252805D0262805D0272818BF0B
S214043F30FF207047002070470C20704708B5E2F752
S214043F40E3F8BDE808404FF00060E7F76DBF08B53A
S214043F50E2F788FD20B1BDE808401020FFF7EEBF69
S214043F6008BD704770477047704770470020704719
S214043F707047704770477047704710461946704739
S214043F8000200021704703F03CBAE8F757BD03F061
S214043F90F1BA08B5E2F7E0FA20B1BDE8084004201B
S214043FA0FFF7CCBF08BDD5F7DDBB10B50446084601
S214043FB0E2F750F8B4F90820824203D02081E2F7F1
S214043FC07DFE608110BDF0B587B00D4616468DF8AF
S214043FD0070002B9A3B329469DF80700FDF7A9F820
S214043FE00446B8B929469DF80700FDF7A6F840BB75
S214043FF016B39DF80710003918BF012128460DF1A5
S2140440000F02E2F7EDFFF8B99DF80F40013418BF30
S214044010012416E004AF012239460DF10700FDF72E
S2140440208AF804464EB19DF80730191E18BF0121C0
S214044030002818BF3D46E1E70124FDF769F800B9FA
S2140440400124204607B0F0BD4FF0FF34DEE7CB086E
S214044050C25C012301F007018B401A4214BF012001
S2140440600020704770477047024619460020E2F762
S2140440701FBF002070470020704707B500214FF08F
S214044080FF336A46084600938DF80430E3F72AF8AF
S21404409003B05DF804FB38B50546006804F031F952
S2140440A00446287900F01F0004F02BF92044C0B21F
S2140440B0012894BF0020012038BD7047F8B58788D2
S2140440C0C38804469F420E4615460BD2FFF71FFFD1
S2140440D0A288E3889B1A013390FBF3F202FB1300D9
S2140440E00744BBB23380FFF712FF33880133B0FBBB
S2140440F0F3F202FB13039BB22B80228961898A4266
S21404410008D839B1934238BF13462B8062899A4245
S21404411038BF2A80F8BD7047704770470120704743
S21404412070478160704741EA002008B540F490204B
S214044130FBF79DFA014640B110F1880F05D0BDE8A3
S214044140084040F20740F1F737BC08BD012070472D
S21404415070B50C46064611461D46E3F795F858B169
S21404416044EA06206FEA40406FEA50402A46BDE81B
S214044170704080B2E7F7CEBE40F2064070BD837949
S21404418001461A0703D506220020E3F7FDB89B066E
S21404419002D506220120F8E74FF0FF3070478379F6
S2140441A0532B01D1E3F722B9FFF7E9BF70B50646F2
S2140441B014461D46E3F768F810B90024204670BD7F
S2140441C041EA06206FEA40406FEA50402A462146FC
S2140441D080B2E7F7BBFE0028F0D0EEE708B5E5F7B7
S2140441E095FE002008BD014608B500F03800E3F748
S2140441F0B5FD78B1D0E901324078C1F3074110F03B
S214044200020F08BF1346043B53F8040F10B102789C
S2140442108A42F9D108BD38B505460C4604B938BDFE
S214044220013C55F824301B69002BF7D09847F5E776
S21404423070477047F8B543780546DB0701D4E3F7C3
S214044240BDFD00266B786F6823F00C0343F0020371
S2140442506B7057F826402CB9202005F10C01EFF7B7
S21404426089FF0FE0A3680136002BF2D09847044676
S2140442700028EED031463846FFF7CDFF6B7823F0A2
S21404428002036B702046F8BD4078C0F340007047C8
S214044290437813F00E0F0CBF01200020704710B5B2
S2140442A0E3F7F6FD0446E3F707FE204610BD08B51F
S2140442B0E3F754FDC068003818BF012008BD08B5F0
S2140442C0E3F74CFD20B1BDE80840C06804F0BFB970
S2140442D008BD38B5E3F742FD044650B107F0F7FBD6
S2140442E0054604F10C0004F09FF90446284607F03E
S2140442F0E0FB204638BD37B50D461446C2B1B1F5CD
S214044300827F17D3FFF7E5FF01460190A0B1002393
S2140443102A46204604F059F901A804F067F9224613
S214044320022052F8041BFFF784FF002003B030BDC0
S2140443302220FBE72120F9E72D20F7E737B583791C
S214044340019003440446D86800F03800E3F706FDFD
S214044350054628B901A804F049F9022003B030BD87
S214044360204604F04DF907F0B2FB0446019905F126
S2140443700C0004F022FA204607F09BFBE7F7DCFC6F
S2140443800020EBE72DE9F04104461F462502C4F35E
S214044390072305F4E06524F47F441D4324F0C70492
S2140443A0EE1944F080048B7944EA16243602B6B239
S2140443B00C333443084601EB0308CC501146FFF790
S2140443C0BDFF20B94544EF704046BDE8F0814FF08C
S2140443D00008F9E7427810B50432044601F00400F8
S2140443E0D2B2002140F0290004F085FB18B183798D
S2140443F022680344DA6010BD10B50021FFF7EAFF17
S214044400044608B9002010BD0179FFF797FF00287D
S214044410F8D1A3790C33E018F5E72DE9F0411746F7
S2140444201A46036801F004011C0204F4E064C3F3B2
S21404443007231C4341F02905043406463B4621461F
S214044440284604F0C2FB804650B1E1B204F00EF9EF
S2140444503B462A4641463068BDE8F041FFF792BF26
S214044460BDE8F0812DE9F341002401F0040107685A
S214044470064641F02905106829461460019004F0A8
S214044480BFF8019804F037F9390201F4E061C7F384
S2140444900727394380460122043101A804F0A7FA0D
S2140444A030B101A804F0A2F8204602B0BDE8F081BD
S2140444B043462A4601993068FFF764FFF5E7A0F8FB
S2140444C06E10704701238B4090F87110194380F8E2
S2140444D07110704708B50120EFF7C2FDC0B208BDE1
S2140444E083790C33184470471438704710B5044663
S2140444F0A1F1140004F0FFF8201A20EAE07080B25C
S21404450010BD70B51C460D461646FFF7EFFFA042D9
S21404451007D322463146A5F1140004F029FB0120F6
S21404452070BD0020FCE770B506460D4614467AB901
S2140445300A462046082104F0DEFA044690B92A46C4
S2140445400821292004F0D7FA044658B9204670BD3D
S214044550104604F04BF8204604F000FA08231D44E5
S214044560A371E571A3790C331C442670EEE72DE99C
S214044570F0411646069A074688461D46FFF7D3FFBF
S2140445800446F0B114382A463146069004F0F0FA90
S214044590854217D9069B06A81C7904F0200404F06B
S2140445A025F874B942460821292004F0A4FA2A46BC
S2140445B03146069004F0DCFA854206D906A804F0D3
S2140445C015F800242046BDE8F081069A93790C334A
S2140445D0D418D754F6E711B11439E3F723BE1A20DA
S2140445E0704738B5002204460D4602200321FFF723
S2140445F09AFF014608B1A0F801502046BDE83840AD
S214044600FFF7E9BFF8B504460F4616460521012014
S214044610069A1D46FFF787FF014638B14770468065
S21404462005712046BDE8F840FFF7D5BFF8BD38B59C
S2140446300D46032104460846FFF775FFA0F801500F
S21404464001462046BDE83840FFF7C5BF73B50546AA
S214044650084611466C891A46641ABDF81830A4B286
S2140446609C4228BF1C46079B089E00932346FFF7E0
S2140446707EFF014630B12846348002B0BDE8704063
S214044680FFF7A9BF1A2002B070BD012110B50022A1
S21404469004461320FFF747FF014620B12046BDE835
S2140446A01040FFF798BF10BDF7B544890546184675
S2140446B00F461646019304F01EF8053CA4B2844245
S2140446C003DA011B01A804F0B8F80521019804F0E8
S2140446D055F9014628B901A803F088FF1A2003B04B
S2140446E0F0BD83790C33C2181720C8542846A2F8A4
S2140446F00170A2F80360E3F795FDF0E7012110B519
S214044700002204461920FFF70EFF014620B120467A
S214044710BDE81040FFF75FBF10BD73B50E4600211D
S21404472044890546033CA4B2A342009128BF23460D
S21404473003211B20FFF71BFF014670B1012210F86E
S2140447400F3CA0F8016062F3071300F80F3C2846FC
S21404475002B0BDE87040FFF73EBF1A2002B070BD3D
S21404476073B50E46002144890546033CA4B2A34211
S214044770009128BF234603211D20FFF7F8FE0146BB
S21404478038B1A0F80160284602B0BDE87040FFF7D3
S21404479022BF1A2002B070BD4B88042B07D1836C4D
S2140447A008885B8998428CBF00200120704700204F
S2140447B07047532838B505460C4604D1BDE8384042
S2140447C00846F1F77DB90620EFF720FE68B963794D
S2140447D0142D03F03F03637104D0722D08D163F0E7
S2140447E03F0363710020A57138BD40F20740FBE724
S2140447F02120F9E74FF0FF33F7B50093ADF8043006
S2140448008379DA060CD5532B08BF00234FF03F02FA
S21404481008BFADF800308DF8052008BF8DF80230CB
S2140448200021451E431D6A46084615F8016F12F816
S214044830014B9D4206EA040724EA060440EA070000
S21404484041EA0401F1D110B1081E18BF012003B0DB
S214044850F0BD0023036083808371704710B504465F
S21404486060B1806C50B1E3F7B9FDA06C0028FAD1B2
S2140448702046BDE810400321E3F714BC10BD43896D
S21404488007B58B420CD050F80C2B40F2014192F83D
S2140448907020ADF806308DF8042001AA03F0D4FD8C
S2140448A003B05DF804FB436943F0040343617047B7
S2140448B0436923F00403436170474069C0F38000F2
S2140448C0704747F2305300220068EFF77BBA00685F
S2140448D003F049BD38B5436904469B070D4603D526
S2140448E040F20941FFF7F3FFE3F7BAFC08B1A36906
S2140448F01D702046BDE8384040F20941FFF7E1BF8D
S21404490007B5027C012A09D00122027440F209424A
S214044910914206D040F20A4291420ED003B05DF8AE
S21404492004FB4FF4816150F80C3B01AA93F87030F5
S2140449308DF8043003F088FDF0E750F80C3B01AA2C
S21404494093F870308DF80430F4E738B522F000435D
S2140449500D46114640F20322934204461AD0B3F59C
S214044960017F09D240F20122934213D040F2022280
S214044970934209D0002038BD6FF481621344012BA2
S214044980F8D8FFF7BDFFF5E700F020F9204601F060
S214044990A2F9EFE763699B0704D540F20941204674
S2140449A0FFF795FF2846FFF759FFE3E708B5E3F757
S2140449B029FB00B1806C08BD08B500B10068E3F7B8
S2140449C041FB08B9034602E0836C002BF7D0184677
S2140449D008BD10B5044642F62A3000F03BFB031B24
S2140449E05842584110BD022806D142F62A33088898
S2140449F0C31A5842584170470020704710B5044601
S214044A0042F6293000F026FB031B5842584110BDDD
S214044A1090F8200000F0010070471FB50446684671
S214044A20E3F70CFE1022694604F1210003F017FA9E
S214044A30B0FA80F0400904B010BD08B5FFF7EDFFEA
S214044A40B0FA80F0400908BD70B5044600F12105AF
S214044A5091B92846E3F7F2FD236893F97500E2F767
S214044A6013FC78B120682B46BDE8704010220D2157
S214044A7090F97500FFF76CBB10220021284603F05E
S214044A8018FAE9E770BD38B50446002390F82020EC
S214044A9041FA03F0C50703D442FA03F0C0071ED454
S214044AA00133082BF4D101F0010523682A4384F866
S214044AB0202093F97500E2F7E7FB40B1234653F84C
S214044AC0200B01220C2190F97500FFF741FB0DB96C
S214044AD0002038BD00212046FFF7B6FFF8E7132074
S214044AE0F7E768B13F290AD800EBA10090F8310037
S214044AF001F003014900084100F00300704700205C
S214044B00704710B50368044693F97500E2F7BCFBDA
S214044B1050B12346BDE8104053F8310B10220B2148
S214044B2090F97500FFF714BB10BD10B590F87430FB
S214044B30DB0706D490F97530013314BF0F20052027
S214044B4010BD847CF0F78EFE844234BF0C20002017
S214044B50F6E730B5044685B06846E3F76FFD1021E6
S214044B60684604F047F82046E4F758F96B46C268EE
S214044B7004AD06321C4603CCAC421060516023469A
S214044B8002F10802F6D105B030BD08B5E4F746F9DF
S214044B9008B1E4F717F9C0B208BD013810B580B201
S214044BA0E4F73CF9044608B9002010BD408800F03C
S214044BB0A1FB0028F8D0207BF7E708B5E4F72EF928
S214044BC018B1007AC31F5842584108BD70B505464F
S214044BD055F8213B044693F97500E2F755FB20B9D6
S214044BE02846BDE87040E3F729BD234653F8310B49
S214044BF010220B2190F97500FFF7D8FA234653F8D4
S214044C00200B01220C2190F97500FFF7CFFA2068DB
S214044C102B46BDE8704010220D2190F97500FFF771
S214044C20C5BA01302DE9F04185B228460E46E4F7B0
S214044C30F5F842F60217044642F603089CB12046ED
S214044C40E4F7C0F878B1204600F063FBB84205D11B
S214044C500EB123883380607BBDE8F081204600F0E7
S214044C6058FB404502D14FF0FF30F5E70135ADB2B1
S214044C702846E4F7D3F80446E0E72DE9F04707466C
S214044C800E4690460D4642F6021942F6030A0135D0
S214044C90ADB22846E4F7C2F8044678B1E4F792F8D1
S214044CA060B1204600F035FB484505D1237A072B32
S214044CB004D10320BDE8F0875045E8D1414630468C
S214044CC0FFF7AFFF431C014604D03846BDE8F04763
S214044CD0FFF707BF0020EDE770B505460846164601
S214044CE0E4F79CF8044608B9012070BDE4F76AF8B6
S214044CF00028F9D0F00713D4B10734D4720702D5CC
S214044D00A3885B0732D516F0060F31D116F400607F
S214044D10EBD0A38813F4006F14BF00200620E4E74A
S214044D20A388DA0743D513F0700F0AD1980610D477
S214044D305806E1D52B6893F975300133DCD1082089
S214044D40D3E72868FFF7F1FEA388990608D500285C
S214044D50CBD12A6892F874209207E9D40520C4E7D8
S214044D600028C2D1E4E7A3889907C7D40320BCE788
S214044D70A38813F4E06F09D198050FD45B05C5D555
S214044D802B6893F975300133C0D1D8E72868FFF74C
S214044D90CCFEA388990507D50028A6D12A6892F8E0
S214044DA074209207EAD4D9E700289ED1E6E70220C9
S214044DB09BE738B504460846E4F730F8054608B9D4
S214044DC0012038BDE3F7FEFF0028F9D0AB8813F4C2
S214044DD0E04F0CD1980412D413F48040F1D0236829
S214044DE093F97500431C58425841C000E9E720680F
S214044DF0FFF79BFEAB88990408D50028E1D122680A
S214044E0092F874209207E7D40520DAE70028D8D170
S214044E10E2E72DE9F0474FF00009044683F80090D6
S214044E200846A2F80090884616461D46E3F7F6FFA5
S214044E30074620B9012300202B70BDE8F08774B123
S214044E40E3F7C0FF0028F5D04046FFF7D7FD30B1A2
S214044E50012385F8009004F120003380EDE72B460B
S214044E60324639462046BDE8F047E3F773BB2DE9E2
S214044E70FF4107460846884616460393E3F7CEFFE7
S214044E80044638B903A803F0B1FB0125284604B04C
S214044E90BDE8F0811FB1E3F795FF0028F2D0237A2E
S214044EA0072B05D8DFE803F017262F381C17172121
S214044EB026BB0398002835D13246257A022D62D0C7
S214044EC0032D64D0012D3BD0002F7FD1002503A8ED
S214044ED003F08CFBDAE703A803F088FB0325D5E789
S214044EE003A803F083FB0625D0E703A803F07EFBA4
S214044EF08025CBE7E3685D88B54209DA03A803F0AA
S214044F0075FB0725C2E7E3689A88B242F6D35D8844
S214044F10039840B9024609E0022EEFDC039868B90C
S214044F200246CAE7354603F0E6FB82B29319AB4263
S214044F30C3DD03A803F05AFB0D25A7E70225F2E715
S214044F40E068063000230399304403F03EFB002F4C
S214044F50BCD0237A032B39D103A803F047FB0021E6
S214044F602046E3F717FF68B30588617B3846FFF7EA
S214044F70B8FD0122034629463846CDF8008000F0E5
S214044F80DCFC002582E7E068B3188380D9E7039B3E
S214044F909A79D979891AC9B2481E012810D81344B7
S214044FA002291A7B04BF5B7B42EA0322237B32EA94
S214044FB003038CD101233846617BE3F7A1FAC6E7E5
S214044FC00D2584E708F1FF35ADB2CEE7039B4146D5
S214044FD00093384633463A7F00F095FCD1E7884282
S214044FE070B504460D46164611D8012838BF01246C
S214044FF02046E3F713FF10B14388B34208D00134C8
S214045000A4B22046E3F7EEFE08B1A542F0D200248F
S214045010204670BD70B50C4616461D460146B8B10E
S214045020B3B1022C01D0102C12D1E0B2E3F798FDF4
S2140450304FF6FF718842024602D141F20A1070BD53
S2140450403046FFF7CCFF0028F7D028800020F6E78C
S2140450502120F4E7002307B50122ADF80400ADF8DB
S214045060063002210DF1060301A8FFF7D3FFBDF8B1
S214045070060003B05DF804FBF8B50F461646441C5C
S214045080A4B22046E3F7CAFE10B9013CA0B2F8BDAC
S21404509000F03FF90546304600F017F920B12846DF
S2140450A000F013F90028F0D1304600F007F920B1DB
S2140450B0284600F003F90028E7D10134A4B22046BC
S2140450C0E3F790FE08B1BC42DBD94FF6FF70DEE78B
S2140450D02DE9F04F9A4687B08B880D460C8881469A
S2140450E004A90220ADF810309046E3F739FDAB680A
S2140450F00090A888AF89059300F0E0F838B1102F27
S21404510005D105A8E3F712FD022808BF02279DF87B
S21404511040B00BF0010B38E02046009AFFF75FFF23
S2140451200646A8B3AA886988FFF7A6FF0446304651
S214045130FFF72BFD40EA0B00C0B200B30DF10F03DE
S214045140314648460DF11202FFF763FE9DF80F3014
S2140451502BB1A8F80060184607B0BDE8F08FBDF87C
S2140451601220BA420BD13A460599019302F077FE13
S214045170019B20B9A8F80060AAF80040EBE74FF6B8
S214045180FF739C4201D00134A4B26988A142C3D201
S2140451900A23E0E708B5E3F741FEBDE8084000F05F
S2140451A0B8B838B505460846E3F738FE044610B9DD
S2140451B04FF6FF7038BD0DB96088FBE7E3F702FED3
S2140451C00028F9D1F4E770B5044642F60520FFF747
S2140451D041FFB0B10021FFF724FD054601462046F5
S2140451E0FFF77FFC06461022002104F1310002F08E
S2140451F060FE324629462046BDE870400023E3F7A9
S2140452007FB970BD7FB504460D461022002168465E
S21404521002F04FFE0026AB575A1C1BD031462046E0
S214045220FFF75FFC1946002BB8BFD91C04AA02EB93
S214045230A10100F00302584200F0030003F0030348
S21404524058BF43425B0002FA03F311F8102C1343D1
S21404525001F8103C0136402EDDD16B4604F13105D1
S21404526004AE1A4603CAB24228606960134605F1C2
S2140452700805F6D1204604B0BDE87040FFF741BCEF
S214045280037A23B1013B012B06D900207047C3687B
S2140452901888023080B27047C36858880630F9E729
S2140452A010B50446E3F7CEFA4FF6FF73984204D1DE
S2140452B02046BDE81040E3F79FBA10BDA0F5205085
S2140452C001288CBF00200120704742F60303C31A4E
S2140452D058425841704708B5030409D4E3F7E0FA86
S2140452E0A0F5205080B201288CBF0020012008BD04
S2140452F00020FCE7020408B507D4E3F7D1FA42F627
S2140453000303C31A5842584108BD0020FCE7C00BEB
S21404531070470346B3F902304088002B01DBE3F7FD
S214045320BFBA0020704708B5FFF7F3FF42F6030341
S214045330C31A5842584108BD08B5FFF7EAFFA0F55E
S214045340205080B201288CBF0020012008BD70B513
S2140453501D4604461646E3F7C1FCEB43844200D9D7
S21404536070BD617A314305B1194061721034F5E7B6
S21404537070B50D461646E3F751FD044650B1FFF7E7
S214045380DBFF38B1204633462A460121FFF7DFFF0C
S214045390002070BD2120FCE72DE9F3411E46C3071B
S2140453A01446019116D540F6010310F0020F48F694
S2140453B001074FF4205808BF1F46022C0FD10224C1
S2140453C0012200211046E3F7A7FA80B91A2002B09A
S2140453D0BDE8F08140F6010742F60108EDE7102C1F
S2140453E026D101A8E3F7A2FB0228E9D1E7E7A01C2F
S2140453F0E3F7E2FA05460028E8D02246019920F8A9
S214045400024B02F061FD0120E3F764FA04464046CD
S214045410FFF746FF4FF6FF73E38000236080A78004
S2140454202372E5600EB90020D1E723883380FAE7BB
S2140454302120CCE740222021FFF79ABF1FB550F861
S2140454400C4BADF80A3094F87040069BADF8061085
S2140454508DF8082040F2035101AA8DF80440039306
S21404546002F0F2FF10B906A803F0C0F804B010BDAD
S2140454702DE9F0414FF0000886B004460E46154666
S214045480CDF80C8000F1440712B303A803F0AEF87D
S214045490384603F0ABF884F81C80002332460093A9
S2140454A018212B462046FFF7ADF805F5885520460B
S2140454B050F80C3B40F2055193F8703004AA8DF86E
S2140454C01030059502F0C0FF002006B0BDE8F0815C
S2140454D043691A0710D4A846384603F0A5F80346CD
S2140454E00390C0B903A803F081F8384603F07EF8A9
S2140454F00023237755B1D0E723F00803436103A8BC
S21404550003F074F8384603F071F825772046FFF761
S214045510F5F80025CBE79979204601F10C021A44E8
S214045520B2F801600531B2F8032099713146FFF7ED
S2140455309EFCCDF80C800028CED00546D2E72DE997
S214045540F84F0E4691469A4605469DF828B010B187
S214045550037C012B60D02846FFF7A5F93046FFF7F9
S2140455601CFB0022314680462846FFF786FB07468A
S2140455703046FFF70FFE42F6052398421CD118F07A
S214045580300F26D1BBF1000F33D018F0200F3FD0D8
S214045590BA073FD5EB8B002B38D153464A463146E3
S2140455A02846FFF7DDF80446E8B940F20A412846E3
S2140455B0EE83FFF786F916E02846FFF729FA002857
S2140455C0DDD02846FFF739FA0028D8D041F2121465
S2140455D009E0B907D6D031462846FFF7EAFB00288B
S2140455E0D0D000F588542846FFF762F92046BDE877
S2140455F0F88F18F0100F0BD0FB070BD553464A460E
S21404560031462846FFF789F80446ECE70524EAE71E
S2140456102124E8E70224E6E70724E7E72DE9F04734
S214045620002586B09DF8389090F81CA004460F46D6
S21404563090460F9E0577B9F1000F09D00A464B46EF
S21404564051460096FEF7DEFF284606B0BDE8F08712
S214045650BAF1080FADF8169026D145893246043DB6
S214045660ADB29D424FF002014FF00900A8BF1D469F
S214045670FEF759FF0222814605A93046ADF814709C
S21404568003F076FA2A464146304603F071FA054698
S214045690831C3146204689F80130E2F7C3FDADF895
S2140456A01650BDF81600D0E7BAF10A0F0DF116022F
S2140456B00CBF0B210D21CDE9016200930122434664
S2140456C0FEF7C4FF1A28ECD111233A465146204669
S2140456D0CDF80090ADF81690FEF794FFE1E7F0B52C
S2140456E0002589B01746012204460E460393ADF8FA
S2140456F01650FFF7F1FA8DF81500002846D130460B
S214045700FFF767F910B13046FFF723FA3046FFF784
S21404571054FAB8B103A802F069FF204650F80C2BDF
S214045720237F92F8702040F202518DF8182006AAC2
S214045730ADF81A608DF81C30ADF81E7002F084FEC9
S21404574009B0F0BD0DF115030DF1160231462046E1
S214045750FFF75FFB9DF8153002465BB9BDF81630BF
S214045760BB4235BF0723DB1B8DF81530D21928BF83
S214045770ADF81630039B314601939DF8153020464C
S2140457800093BDF81630FFF749FFD9E72A46F1E73C
S2140457902DE9F04F89B002901846154605930C463D
S2140457A0FEF79EFE8046059802F0A5FF0023B0F1A2
S2140457B0010AB5F80A908DF81D3000F089801AF0B9
S2140457C0010740F085805046EEF7F0FD06460028B7
S2140457D000F08480524608F1010102F075FB0121B5
S2140457E02046059AFEF79FFEB8460AEBDA7A09F1D8
S2140457F0FF3B03904FEA6A0ABA4544DD36F8174081
S214045800012221462846FFF767FA8DF81D0068B97D
S2140458102046FFF7DEF810B12046FFF79AF9204637
S214045820FFF7CBF978B180238DF81D30304603F0AE
S21404583028FA059B2246009328469DF81D300299B7
S214045840FEF7E0FE26E00DF11D03214628460DF185
S2140458501E02FFF7DEFA9DF81D300490002BE5D1FA
S214045860029B202B1BD1ABEB0803012B0BDD0DF1A8
S2140458701E010222059803F07BF9012801460CD884
S21404588005A802F0DAFF304603F0FBF92846039930
S214045890FEF7A1FE09B0BDE8F08F08F10208BDF8D6
S2140458A01E20ABEB08039A42C2BF09F1FF33A3EBF9
S2140458B00803ADF81E30BDF81E20DDE9041003F021
S2140458C057F9BDF81E309842DDD39844013793E764
S2140458D0042300248DF81D302646A7E71123F8E795
S2140458E070B504460D461646FFF773F840B93346BE
S2140458F02A462146FFF7BBFA08B100F5885070BD6A
S21404590041F20310FBE71FB550F80C4BADF80A3014
S21404591094F87040069BADF806108DF8082040F207
S214045920015101AA8DF80440039302F08DFD10B9CD
S21404593006A802F05BFE04B010BD1FB550F80C4B71
S214045940ADF80A3094F87040BDF81830ADF806107B
S2140459508DF8082040F2045101AA8DF80440ADF8F1
S2140459600C3002F071FD04B010BDF0B5122785B0FE
S21404597003920777022205460E46FFF7ADF9044662
S21404598068B103A802F032FE00232B7700233246C8
S2140459900093122123462846FEF734FE0FE0039AAE
S2140459A03046937903339371FFF707F948B1039BA5
S2140459B03A460093314623462846FFF73FFD05B096
S2140459C0F0BD42F62930FFF745FBB04220D10398DC
S2140459D030B903A802F00AFE00230D242B77D5E77E
S2140459E002F089FE80B20128F3D1039B28469A79F7
S2140459F01344197BFFF747F8044603A802F0F6FDA4
S214045A0000232B77002CC1D12846FEF73EFED6E7AE
S214045A10224631462846039BFFF729FA0446EFE759
S214045A202DE9FF410392042204460D46FFF754F97C
S214045A30074628B103A802F0D9FD04B0BDE8F081FA
S214045A404FF05208039A284693790333937184F8E7
S214045A501C80FFF7B2F8064640B1039B424600930B
S214045A6029463B462046FFF7E9FCE6E742F629309E
S214045A70FFF7F0FAA842039B0BD19A792046134409
S214045A80197BFFF700F803A802F0B0FD0023237784
S214045A90D3E7324629462046FFF7E9F9F6E72DE92B
S214045AA0FF418B7904460C330B44B3F801700E4661
S214045AB03846B3F80380FFF768F8002858D0022267
S214045AC039462046FFF708F90546E8B93846FFF791
S214045AD074F868B116222277B37939460533B37160
S214045AE0204643460096FFF7A9FC04B0BDE8F081C3
S214045AF0EEF79EFA33461B680135EDB2002BFAD159
S214045B000635A8421DDC092504F1440002F06EFDAA
S214045B102B463A46162120460096FEF773FD092DBD
S214045B20E3D1204650F80C3B40F2055193F8703010
S214045B3002AA8DF8083041F20913039302F084FC9C
S214045B40D3E70121304602F0DEFF01460028DAD012
S214045B5004F1440002F031FEB37942460533B371D2
S214045B6039463346204604B0BDE8F041FEF79CBDF6
S214045B700125C9E713B5044641B9443002F036FDA1
S214045B80204602B0BDE81040FEF7B8BD18224369AF
S214045B90027713F0080306D0002319460093FFF794
S214045BA04DFC02B010BD1A46194602B0BDE81040BE
S214045BB0FFF75EBC7FB5C58B04462DB342F60520C1
S214045BC0FFF748FAA84207D100212046FEF73CFF1B
S214045BD0636923F001036361002640F20A4120460C
S214045BE0FEF775FE29460DF10E022046ADF80E604E
S214045BF0FFF743F8BDF80E2003460092294602221A
S214045C002046FFF79AFEE68304B070BDF7B5044657
S214045C101F460E461546FEF746FE237C012B58D03B
S214045C20237F182B2CD063691B0713D5217F1629D5
S214045C302DD008D8122914D002252046FEF738FEA7
S214045C40284603B0F0BD18291AD05229F4D10023EF
S214045C50237713E03046FEF7B0FF0028E6D121256F
S214045C60EBE70023237735B1009332462B462046D4
S214045C70FEF7C8FC02E02046FEF707FD0025DCE739
S214045C802A4631462046FFF7F3FB0546D5E70023B0
S214045C902377002DE8D105211720BDF82430089A73
S214045CA00095FEF764FC20B91123324612210095B4
S214045CB0DDE7FEF719FC6269034642F008026261FA
S214045CC082793146053282713A462046FEF7ECFC6C
S214045CD0D4E70725B1E72DE9F041054688B042F63A
S214045CE00520FFF7B7F9064604A8E2F7A7FC10223A
S214045CF005F121010DEB020002F0B1F850B10121CB
S214045D002846FEF7A1FE2846FFF75DFA6B6923F0E6
S214045D1001036B6142F60303022003A9ADF80C30BD
S214045D20E2F71EFF012407464FF0000820463A46D5
S214045D304FF6FF71FFF753F9044610B908B0BDE8F3
S214045D40F081FEF722FF0134A4B20028EED0A6426A
S214045D5003D131462846E3F717FC214628460DF1C1
S214045D600E02ADF80E80FEF788FF03460028DDD04D
S214045D70BDF80E202146009228460122FFF7DDFDDD
S214045D80D4E708B5E2F748FC0020E4F737F800202B
S214045D9008BD13B58B7904460B441B7B0A4613F0E7
S214045DA0010001910AD01D2B0AD101211E20FEF705
S214045DB0BAFB01462046FEF70EFC012002B010BDD9
S214045DC001A802F013FCF8E7037C012B07D08369D3
S214045DD0187828B113280CBF002005207047072028
S214045DE0704710B504468069143002F0FFFBA069C2
S214045DF0BDE81040183002F0F9BB2DE9F0410F461B
S214045E00144605461E46FFF7ECFF23463A4608218D
S214045E100020D5F8188002F0D8FEAA69C8F8140045
S214045E20536923B1002054811682BDE8F0811A20FC
S214045E30FBE71FB50A468369090C92B29980DA809B
S214045E4042F60303ADF80C300223009303AB00F0D4
S214045E5038FF05B05DF804FB70B50446084602F04A
S214045E604AFCA16986B28A894D8912B1521B9642B0
S214045E700CDA6389581E80B225B90A78082A04BF4A
S214045E80043B98B2831B5842584170BD0020FCE77F
S214045E9030B5044654F80C0B8DB09DF8405090F87D
S214045EA0700042EA01428DF804001946029203A8E3
S214045EB02A46079502F008F840F20241204601AA55
S214045EC002F0C2FA0DB030BD10B550F80C4B86B0D7
S214045ED094F87040ADF80E10ADF8102040F206416C
S214045EE003AA01938DF80C40059302F0ADFA10B99D
S214045EF001A802F07BFB06B010BD37B504460D467C
S214045F00FFF76FFF204640F20941FEF7E0FC00224F
S214045F102046A36940F207411A7050F80C3B6A46C3
S214045F2093F8703001958DF8003002F08DFA03B0C6
S214045F3030BD13B501910021044600F06CFF042225
S214045F40002320460DEB0201FFF757FF02B010BDF9
S214045F50F0B504460F461E46154685B052B9836909
S214045F601B78072B30D0082B14BF15460925002EA6
S214045F7018BF0D250A9802F0BEFBA3699A894AB198
S214045F805B8981B2D21A914204DD92B2891A0AA8B8
S214045F9002F053FC204650F80C3B40F2054193F8BF
S214045FA0703001AA8DF804300A9BADF806708DF89F
S214045FB00850ADF80A60039302F046FA10B90AA82E
S214045FC002F014FB05B0F0BD0B25D0E7B0F80AC00C
S214045FD02DE9F041ACF1020C9C4505460E461746E9
S214045FE01C4603DDBDE8F04100F0C2BE83692246CC
S214045FF0198100233946FFF700FF044658B9AB69F8
S2140460000246314628460E3300F0CBFE044610B155
S2140460102846FFF7E6FE2046BDE8F0812DE9F0436A
S214046020202A8FB0054617461C4603910BD941F229
S214046030041421462846FFF760FF03A802F0D6FAA8
S2140460400FB0BDE8F083002B46D10846A2F106083F
S21404605002F051FB4FF6FF765FFA88F81FFA80F9D4
S2140460604C4510D3AB69DA88B24239D942F60203FA
S214046070ADF814300223711C0093284605AB89B290
S21404608000F01FFE25E023463A46039906A802F0D0
S2140460909CFAAB69BDF818609A88B242C7D8DA8809
S2140460A0B242C4D3BDF81A10BDF81C20B8F1000FD4
S2140460B009D02846CDF800800DF11E033C44FFF7B6
S2140460C0E7FEA4B2CCE728469E8019815A8100F0E8
S2140460D011FE04460028B0D041F20A139C42A8D10F
S2140460E00024A6E738B50546FFF76EFE044640B919
S2140460F02846FFF79EFE044618B904212846FEF7F4
S214046100E9FB204638BD2DE9F0471C4696B0836966
S21404611001921B780646062B03D0112B60D001A8EB
S2140461201CE00129104614BF4FF010084FF0020877
S2140461300392002C4CD102F0DEFA4FF6FF7508F1FC
S214046140020987B2A7420ED8B369DA88AA4237D8BA
S214046150002421463046FFF7D0FE03A802F046FA94
S21404616016B0BDE8F08723464A46039904A802F011
S2140461702CFAB369BDF810509A88AA422DD8DB8849
S214046180AB422AD39DF81330282BE1D0B2465AF8F6
S2140461900C3B424693F870300DF112010DA88DF8B1
S2140461A03030ADF83250CDF844804C4401F08CFECB
S2140461B040F2044150460CAA02F046F9A4B2C1E7E4
S2140461C0691C304689B200F04CFD04460028C4D051
S2140461D041F20A139C42BBD0BBE741F20414B8E771
S2140461E00129104614BF12270427049284BB02F028
S2140461F082FA42F602184FF6FF7185B2A5420DD810
S214046200B369DB888B4221D901314FF6FF723046E1
S21404621089B200F026FD0446A0B119E023463A46AA
S21404622004990CA802F0D1F9BDF83220BDF830105C
S21404623042459DF8333007D1B269022330460A320C
S214046240FFF7C4FE04A889E7282B06D141F20A14F6
S21404625021463046FFF751FEF4E73C44A4B2CDE7AE
S214046260F0B5836987B003911B780546022B144664
S21404627053D108460491002A47D102F03CFA4FF65F
S214046280FF7687B2A7420DD8A869C288B2422BD837
S214046290002421462846FFF730FE04A802F0A6F99B
S2140462A007B0F0BD04220499234605A802F08DF930
S2140462B0AA69BDF814109088BDF81660814229D3E7
S2140462C0D388994226D8864224D39E4222D850693F
S2140462D0927A837904340C33009203443246284677
S2140462E0FFF7D6FDA4B2CDE743694089711C01903F
S2140462F0987989B20C300344009328464FF420530F
S21404630000F0C3FC04460028C7D041F20A139C429E
S214046310BFD1BDE741F20414BBE703A8BEE7F0B55E
S21404632087B0054617461C46039153B9FFF794FDFC
S21404633038B1012322462846039900F084F807B0B2
S214046340F0BDA9690B78082B05D8062B44D8032B77
S2140463500FD003A83DE00F2BFBD1039B0593002C25
S2140463606DD1002B6BD0224628460989FFF7ACFD79
S21404637059E00398059018B3ECB9102683794A8936
S2140463800C330989034400962846FFF781FDAB6960
S2140463909988DA88914217D242F60203ADF8103093
S2140463A002230131009328460DEB060389B200F060
S2140463B088FC044660B141F20A139C4204D101E011
S2140463C0002CF8D141F21F0421462846FFF795FD1C
S2140463D005A802F00BF9B2E7039805907CBB70B3EE
S2140463E002F089F90FB386B2B7421ED2394605A821
S2140463F002F05DFB38B905A802F0F8F81A21284621
S214046400FFF77BFD9BE78379F61BC218023391895D
S2140464108371AB6900225B89B6B200902846FFF709
S21404642097FDB742E2D92146E9E7AA692846538987
S2140464301189059A00920022FFF78AFDF3E705A862
S21404644002F0D4F8EFE7F0B585B006461F461446CA
S214046450039132BB084602F04EF9054608B3B1690B
S2140464600B784A89082B0BD8062B0BD9039B098972
S2140464703046009313462246FFF76AFD039401E074
S2140464800F2B19D0B1694B89EA1892B2B2F5007F86
S2140464904A8117D82FB13046098900F03CFC0446DF
S2140464A028B10022234611463046FFF738FF03A8DA
S2140464B002F09CF805B0F0BD3046039B0989FFF74F
S2140464C003FDDBE741F20414EBE773B5836901913E
S2140464D01B780446082B15460ED8062B0ED9019EAB
S2140464E020463146FFF7B8FC2A4603463146204686
S2140464F0FFF7A9FF02B070BD0F2BF0D001A802F081
S21404650075F8F7E730B5836987B003911B780546BD
S214046510092B144611D105915AB9134600910F223E
S2140465202146FFF715FD21462846FFF7E6FC07B08F
S21404653030BD05A802F05AF8F5E703A802F056F8AD
S214046540F5E770B5836986B003911B7805460A2B78
S214046550144631D1059132BB059802F0CCF808B93F
S214046560044620E00023022205A90DF1120002F0E1
S21404657036F8012815D9BDF8126096B1059802F0D0
S214046580BAF886420FD8BDF8121005A802F08FFAA2
S21404659048B100230090212219462846FFF7D8FC6C
S2140465A0DAE741F20D1405A802F020F82146284641
S2140465B0FFF7A3FC06B070BD03A802F017F8F9E7CE
S2140465C02DE9F04F87699FB003913F780546052F64
S2140465D016461C4604D8032F16D810D003A867E026
S2140465E0082FFBD108461391002B00F0C28013A895
S2140465F001F0FCFF21462846FFF77FFC01E0FFF789
S2140466000DFD1FB0BDE8F08F202A0846049148D837
S214046610002B40F0A880571F02F06DF84FF6FF7865
S214046620FFB21FFA80FA0DF11C0BA24506D8AB691F
S214046630DA88424500F28780002434E02346324656
S21404664004990BA801F0C1FFAB69BDF82C809A88A9
S214046650424526D8DA88424523D35969F1B9A94672
S21404666059F80C1BBDF82F2091F870109DF82E30A9
S2140466708DF84C10ADF84E200DF131013A4615A8B0
S2140466808DF85030199701F01FFC40F2034148463C
S21404669013AA01F0D9FE3444A4B2C6E75A89102AD4
S2140466A009D941F2041421462846FFF726FC04A81B
S2140466B001F09CFFA5E70023584601F086FFAB696E
S2140466C00DF13101102FCDE9051B93F80A902BD15B
S2140466D0B9F1020F34D105A8E2F728FA0228DAD174
S2140466E04A46DDE9051001F0BAFB0028D3D12B4653
S2140466F053F80C0BBDF82F1090F870009DF82E2060
S2140467008DF84C00ADF84E108DF8502059464A4688
S21404671015A80293CDF8649001F0D6FB029B40F2D4
S2140467200341184613AAB4E7022F09D1B9F1100F92
S21404673006D106A8E2F7FAF90228ACD13A46D0E721
S2140467403A465846CFE742F60303ADF84C300223E8
S21404675008F101010093284613AB89B200F0B1FAA0
S21404676004460028A3D041F20A139C423FF464AFC7
S21404677099E759B900210023AA69284693815381D1
S214046780118113993246FFF7CAFD3AE701F0B3FFC9
S21404679016B180B28642EDD1139A9379D11802339A
S2140467A089899371E7E72DE9F0431C468FB0836926
S2140467B003911B780546012B17465BD108460591C5
S2140467C001F099FF202F0BD941F2041421462846E4
S2140467D0FFF793FB05A801F009FF0FB0BDE8F083AF
S2140467E0002C42D1059801F086FF4FF6FF76A7F1FC
S2140467F004081FFA88F81FFA80F95FFA88F8A1459A
S21404680005D8AB69DA88B24220D80024DEE72346EE
S2140468103A46059906A801F0D8FEAB69BDF81810EB
S2140468209A88BDF81A609142CED3DB889942CBD8B9
S2140468309642C9D39E42C7D832462846CDF8008031
S21404684007AB3C44FFF724FBA4B2D8E74FF420532D
S214046850ADF810300223711C0093284604AB89B2AD
S21404686000F06DFA04460028B4D041F20A139C42A4
S214046870CBD0ABE703A8AEE783691B780B2B02D01B
S214046880103B012B01D8FFF738BB7047F0B585B035
S2140468900193836917461A7804460B3A0A9E072A18
S2140468A042D8DFE802F0044130414104412901980E
S2140468B0039001F020FF85B203A801F097FE26B1ED
S2140468C031462046FFF735FB0FE0A1697A194B895C
S2140468D092B293420BD90A8201F10E03204609892B
S2140468E000F05FFA01460028EBD105B0F0BD0121A7
S2140468F0204600F090FAF5E72EB91A8A0198BA42B3
S2140469000BD04FF48166019B03A8039301F06EFE3F
S21404691031462046FFF7F1FAE7E7DA89596901F0CC
S214046920F5FE0028EDD1EEE701A801F05FFEDCE7F6
S21404693038B58269044613780D460E2B12D0102BF8
S21404694001D00B2B12D1536933B1997902F114009B
S2140469500B44DD6801F04AFE29462046BDE838406F
S214046960FFF78ABFBDE83840FFF7C7BA38BD07B59A
S214046970002300921B22FFF7EBFA03B05DF804FB3A
S21404698007B583695980009200231D22FFF7E0FAB9
S21404699003B05DF804FB10B50C46FEF707F850B1DB
S2140469A02269022A01D0102A07D12146BDE81040E8
S2140469B0D2B2E3F755BA252010BD2120FCE710B566
S2140469C00C46FDF7F3FF20B12146BDE81040FFF763
S2140469D089BB252010BD70B506460D461446DBF768
S2140469E01BFF4379C57523F0030343F00303437188
S2140469F040F60943C380A0F815602060153070BDCA
S214046A0013B50C4601AAFFF7E6FF019BDA79144496
S214046A10DC7102B010BD73B5064610460C4615462A
S214046A2001F069FE211801AA3046C9B2FFF7D3FF68
S214046A30019B0646DA791444DC712B4633B901A867
S214046A40294601F0BAFE304602B070BD5C7924F0E7
S214046A50030444F002045C711B68EFE708B5DBF737
S214046A60E1FE83790C33184408BD4B88052B05D109
S214046A7008880E288CBF002001207047002070472D
S214046A80F8B505460F46164604210A22002002F0F1
S214046A9032F80246B8B1847905210C3403194FF054
S214046AA0060C00209970D87002F804C013241C71D8
S214046AB002245F715870D8719C7128461E81BDE807
S214046AC0F840E3F72FBAF8BD73B5054610460192B1
S214046AD00C4601F010FE042186B2019801F04EFF28
S214046AE0024628B901A801F081FD1A2002B070BD43
S214046AF0837901900C33C1184C80C652214628462F
S214046B00E3F710FA0020F1E72DE9F041064688463F
S214046B10174604210A22002001F0EDFF0246B8B110
S214046B20857900240C354319052106209970DC70FC
S214046B3050550120187102205C70987183F8058006
S214046B403046DC711F81E3F7EDF92046BDE8F0819D
S214046B501A20FBE708B5E3F743FDE3F77DFAE3F70E
S214046B6083FBE1F72DFCBDE8084000F0C8B938B552
S214046B7005460C46E3F758FA28B928462146BDE8E8
S214046B803840EDF75DB928462146EDF759F900F08F
S214046B90B3F9EFE773B50E46FCF73FFA044600BBBD
S214046BA042F60720FEF756FA0546D0B10A22B6F991
S214046BB000300021002BCBBF0533053BB3FBF2F3BB
S214046BC093FBF2F35BB28DF8073001230DF1070255
S214046BD0184601F0FAFF0022034629461046FEF73F
S214046BE046F9204602B070BD430803F05503C01AA8
S214046BF000F03303C0F3850000F03300184400EBC4
S214046C00101000F00F007047002110B5421D441EFE
S214046C1014F8010FFFF7E8FF94420144F8D1084640
S214046C2010BD10B5EDF71AFF044628B1012420461E
S214046C3010BD436ADB06F9D4EDF71EFD0028F8D133
S214046C40F5E710B5DFF734FB002814BF032401244E
S214046C50DFF73EFB08B144F00404204610BD0020D4
S214046C60704770B504460E461546052100220420DA
S214046C70FDF759FC014618B1A0F80160A0F80350CE
S214046C802046BDE87040FDF7A6BCF7B51D460023B8
S214046C90044600930F46164607210620BDF8243006
S214046CA0089AFDF764FC014628B1A0F80170A0F824
S214046CB00360A0F80550204603B0BDE8F040FDF799
S214046CC08ABC73B515461A460023044600930E463E
S214046CD0082005219DF81830FDF749FC014618B137
S214046CE0A0F80160A0F80350204602B0BDE870404A
S214046CF0FDF771BC38B5002204460D460A20032170
S214046D00FDF711FC014608B1A0F801502046BDE885
S214046D103840FDF760BC70B504460E46154605219E
S214046D2000220C20FDF7FFFB014618B1A0F8016015
S214046D30A0F803502046BDE87040FDF74CBC73B580
S214046D4015461A460023044600930E4610200521D5
S214046D509DF81830FDF70BFC014618B1A0F8016049
S214046D60A0F80350204602B0BDE87040FDF733BCDF
S214046D7073B50E46002144890546033CA4B2A342DB
S214046D80009128BF234603211220FDF7F0FB01469D
S214046D9008B1A0F80160284602B0BDE87040FDF7CF
S214046DA01ABC2DE9F3410546984683690F4658698F
S214046DB0164601F0A0FC6C8980B2053CA4B284425D
S214046DC028BF0446A8692146143001F070FE0090DE
S214046DD048B105220821002001F08DFE019030B94B
S214046DE0684601F003FC1A2002B0BDE8F081009961
S214046DF001A801F0E2FC1620019A93790C33D1180D
S214046E00D054A8F800402846A1F80170A1F8036001
S214046E10FDF7E1FBE8E738B5002204460D461820E6
S214046E200221FDF780FB014600B145702046BDE80F
S214046E303840FDF7D0BB70B5857904460C35461945
S214046E4001F059FC625D431E013A9BB2202A12D817
S214046E50DFE802F0131118111A112B113111421127
S214046E60421142113511271111113B1127114011FE
S214046E70401111114200002070BD042B14BF0120E4
S214046E800320F9E7022BF9E743B37278022A0AD003
S214046E90012A23D10222013B0232B3FBF2F102FBA8
S214046EA01133002BEAE71022F5E713F0030F14BFA3
S214046EB001200320E0E78BB17278013BEDE76BB16C
S214046EC07278032A0AD9013BE7E7042B34BF012072
S214046ED00320D1E7022BF9E70320CDE70120CBE717
S214046EE008B5FFF7BBFD407940F4805008BD10B9E3
S214046EF00120E3F727BC70470220E3F719BC002003
S214046F00E3F716BC08B5FFF7A9FD407940F48050B6
S214046F1008BD0078EDF7CCBA13B50C460DF10702A0
S214046F200DF1060101F072FF30B19DF80600031B57
S214046F305842584102B010BD0120FBE77047EDF7F8
S214046F404DBD7047EEF7C6BCE4F720BC70477047EB
S214046F5070477047704708B503F0C2F8002814BF9E
S214046F601420002008BD7047704770477047002003
S214046F707047704770477047F8B504460F46164684
S214046F8013680A461D0A0021043500F092FFEDB28C
S214046F9021222046394601F070FA2046294601F09F
S214046FA0F5FAA27933681444E360F8BD7047704775
S214046FB0704770477047704702464FF4827120202E
S214046FC0FDF799B913B50C4601A904F055F810B9A4
S214046FD0019BC4E9003002B010BD08B52020FDF7BF
S214046FE066F9003818BF012008BD08B5FFF7F5FF9D
S214046FF020B1BDE808402020FDF761B908BD08B5FA
S214047000ECF79AFD08B1012008BD03F0F9FFECF790
S2140470109BFD0028F7D1E0F757FF003818BF012082
S214047020F2E708B5E4F77AFE00280CBF0420012036
S21404703008BD0020704730B50446154687B008469C
S214047040FBF7CCFF122200210DF1060000F031FF01
S214047050A368ADF804500293E3680393E38BADF89A
S2140470601030238CADF81230FFF7E3FF029B8DF847
S214047070140043F410530293FFF779FF18B1029BF0
S21404708043F004030293029B01A843F48033029363
S214047090DBF7F4FE10F0FF0516D1A38C0DF1020108
S2140470A0ADF80030E38C6846ADF80230FFF772FDA9
S2140470B0E4F704FFFBF790FF012100F015F8F2F760
S2140470C01DF8284607B030BD40F20C40FAE7E4F756
S2140470D005BF02207047002070470120704700203B
S2140470E0704700207047704737B504460D4601A820
S2140470F0E6F73CFF01A8FFF7F6FF204601A98DF846
S2140471000650E5F749F803B030BD0846114601229B
S21404711000F070B8014608B54FF0FF30E5F764F8A4
S214047120B0FA80F0400908BD00F0F4BB00F0FCBBE8
S2140471307FB56C4605460E460FCA84E80F009DF8D8
S2140471400D30224643F04003314628468DF80D3074
S21404715000F0BAF804B070BD7047431E012B03D983
S214047160031F5842584170470120704700F0A2BCE4
S2140471704FF4D472002100F09CBE70B50446E6F7C6
S21404718021FE0546A8B9A169F1B1238AD3B12046E8
S21404719004F1100200F061FB48BBE16929B3638A7D
S2140471A0A3B1204604F1120200F02CFB78B1054688
S2140471B003E00023A3612361E3610023284663619F
S2140471C0236270BDA061E8E72082E6E7E361216AF6
S2140471D00029F2D0A38A002BEFD02046E38A04F1DC
S2140471E01402BDE8704000F0DDBA6182EFE7658204
S2140471F0E561DCE710B50C461146E5F72FFFE7F727
S214047200BDF8012801D1002010BD002CF7D10520BF
S214047210FAE7F8B506460D46E5F71AF8D8B94FF674
S214047220FF734FF0240CEF68C1B28F4208D81C4697
S21404723021463046E5F7A0F900F042FC2046F8BDAA
S214047240AA680CFB0122D4899C4202D2002CEFD0FF
S21404725023460130E8E70024F0E7808D70470A787B
S21404726038B505461046FFF778FF60B14C782046DF
S214047270FFF773FF38B12243530704D42846BDE80A
S2140472803840E6F73BB9212038BDFFF7E8BF10B514
S21404729004460878FFF761FF58B14A781046FFF7AE
S2140472A05CFF30B1042A04D02046BDE81040E6F75F
S2140472B043B9212010BDFFF7EABF00F0C5B9084660
S2140472C000F07ABBE5F7DCBF70B504460D461646FB
S2140472D000F07DF858B129462046E5F74DF938B94F
S2140472E0324629462046BDE87040EAF713BC0E2015
S2140472F070BDE6F7FBBF08B5E4F746FF18B1BDE876
S2140473000840E9F7D1BE08BD38B5044600200D464E
S21404731000F0D2FBD4F8F0302BB929462046BDE85D
S2140473203840E6F7BDB9022038BD38B5044648886B
S2140473300D4600F0C1FBD4F8F0302BB929462046A0
S214047340BDE83840E6F712B9022038BD00F0B6BBF7
S21404735000F0D6B900F0BDBB38B505460C4604F0BF
S2140473609CFBD5F88C301C40D5F888302343C5F8F0
S214047370883004F085FB211E18BF01210020490235
S21404738038BDE5F701BF07B5ADF8063013460DF175
S214047390060200F007FA20B9BDF8060003B05DF84F
S2140473A004FB0020FAE700F02DBAE7F751BDE6F734
S2140473B0C7BA00F0BAB938B50446154609B100F0A4
S2140473C074FA15B12046E6F7ADFB002038BD034637
S2140473D0408A18B1188A003818BF0120704700F098
S2140473E072BA00F07CBA0846E8F778B810B50446D6
S2140473F000F08BF820B92046BDE81040E5F718BA2F
S21404740010BD00F06ABBE8F7A5BA2DE9FF4198461F
S21404741004460E46174604F05AFB05462046FFF778
S214047420E5FF0A9B3A46029300233146CDE90083E2
S2140474302046E5F74BFA0446284604F03AFB204675
S21404744004B0BDE8F08138B5044604F040FB0546B8
S2140474502046FFF7CBFF2046E5F716FA04462846F3
S21404746004F027FBB4FA84F0400938BD38B5044666
S21404747004F02DFB05462046FFF7B8FF204600F033
S21404748053F80446284604F014FB204638BD38B5A5
S214047490044604F01CFB05462046FFF7A7FF2046DB
S2140474A000F048F80446284604F003FB204638BD9E
S2140474B070B504460E4604F00AFB05462046FFF760
S2140474C095FF31462046E5F74FFA0446284604F071
S2140474D0F0FA204670BD134607B500228DF8071053
S2140474E00DF10700194600F0B2FA03B05DF804FB8C
S2140474F0084611461A4600F0AABA00207047012032
S2140475007047E7F74FB900F03FBAE5F7CBB810B5C8
S21404751004F0DDFA044600F015F8E5F7E9F820462D
S214047520BDE8104004F0C5BA024608B5E5F7BAF857
S214047530507D08BD024608B5E5F7B4F8507D80F0E6
S214047540010008BD00F0C9BAE5F736BF00F0B9B8C7
S21404755090F8253003B108470220704710B504465A
S214047560E7F782F82046BDE810400321E5F750BD52
S214047570FFF7F4BF90F825300BB1E7F737B80220D1
S214047580704790F825300BB1E7F756B802207047DD
S21404759038B590F825400D46BCB1053C012C8CBF8F
S2140475A00024012449682246E7F798F8286890FAE8
S2140475B0A0F0000AE8F762FDA97A2889224681F03D
S2140475C00101E7F7BBF8002038BD0220FCE730B520
S2140475D085B005460FC96C4684E80F002146284648
S2140475E0FFF7D6FF05B030BD1FB5ADF808309DF8DF
S2140475F01830CDE900128DF80A3000236946ADF83C
S2140476000C30FFF7E4FF05B05DF804FB002070477C
S214047610002070477047D0F8903003F06003402B8A
S2140476200DD0602B03D0203B58425841704749B1D7
S2140476300B68012B06D9486940F00100704740F2F8
S2140476400110704700207047F7B504461046D4E989
S21404765052C7DDE908268CEA020587EA06010540DA
S214047660194085EA0C057940C4E95251002523F4F3
S214047670004106EA010320F0010043F400730240CF
S21404768043F00203CDE90055E9F7F8FF94F82430F7
S2140476909A0713D5D4F84C319B050FD54FF48811AF
S2140476A02046FFF759FE94F82430024665F341035A
S2140476B084F8243020460B46E5F790FC002003B0FF
S2140476C0F0BD0220E8F730B9D0F8E42008B57AB166
S2140476D01368022B0CD9536A13F47F4FC3F30721A4
S2140476E006D0126ADBB253438B42B3FBF1F006D2E8
S2140476F0002040F614424C21E4F7BEFF002008BDEB
S2140477000346D0F824010860B3F8283100208B80A3
S214047710704790F824310C2B14BF90F82900FF20F2
S21404772070474FF48071EBF7B9B9F8B507460E46C3
S2140477308C88E5F7C7FE97F825700546082F737CF6
S2140477400CD1012B0AD801460120E9F735FE421C6C
S21404775001D10220F8BDE30003330EE0053FFFB27B
S214047760012F8CBF002001202946E9F725FE431C83
S214047770EFD0012F4FEAC403EED903220344B271BB
S214047780002DE6D0B3F5803FE3D84FF224416A09D2
S21404779001FB03232D09B3FBF5F332680020D21A4C
S2140477A03260D7E72DE9F0410D4615F00308074689
S2140477B01446194623D112B310883F281FD9B0FAAD
S2140477C080F0C0F11902D2B2062A01D8192814D0C2
S2140477D0062A28BF06220126931DDBB29E40B6B2B7
S2140477E0B14228BF314628462680E7F7E3F82388C7
S2140477F03D62BB824046BDE8F0814246EBE74FF06F
S2140478002108F7E7F8B511F0030607460D461446B7
S21404781021D102B313883F2B1DD9B3FA83F3C3F1E6
S2140478201901C9B2062901D8192B12D0062928BF76
S214047830062101238A1DD2B293402846238000F0F5
S214047840F3F823883846FD617B82E7F7C3F93046B0
S214047850F8BD3146EDE72126F9E738B5148811F06E
S21404786003054FEAC4041ED13F2C1CD9B4FA84F491
S214047870C4F11903DBB2052B01D8192C11D0052B42
S21404788028BF052301240633DBB204FA03F3C3F34B
S214047890CF041480816104820387E7F79BF92846A6
S2140478A038BD2B46EEE72125F9E7E5F733BB10B5DF
S2140478B0144608460121E8F7DFFA2046BDE81040E2
S2140478C00121E8F7D9BA10B50A011021EBF7D2F86E
S2140478D00446EBF7EDF8201E18BF012010BD10215A
S2140478E0EBF7DCB8F8B504460E46174604F0D5F8B0
S2140478F03A46054631462046E8F7A4FD044628469F
S21404790004F0BEF82046F8BD0220704703207047F6
S214047910E8F702B810B50023E6F7AEFB044608B94C
S214047920EAF7E2F8204610BD38B51D4600230446A3
S214047930E6F7A2FB28B929462046BDE83840EAF710
S214047940C5B938BD8021EBF7A9B838B50546E5F7C3
S21404795079FB04462846E5F753FB072811D1D5F8EA
S214047960E03024F47F41DB6921F0080103B15B7841
S21404797041EA032141F020012846BDE83840E5F7F6
S21404798067BB24F02001F7E7E6F70CBF38B50546D9
S21404799010460C46E6F77CFF65B1D5F8E0304BB1EF
S2140479A05B693BB12268013204BF6FF001022260BA
S2140479B022681A60002038BDE9F77EB800207047B8
S2140479C02DE9F74F01251C469DF8303006460193F5
S2140479D00368174603F0070306339D4005F1FF3896
S2140479E00B46A1B1416804EA080BA5EB0B0A41F06B
S2140479F00059524509EB0B0114D95246184600F0BB
S214047A0063FA49467A1B5A44504400F05DFA019BD7
S214047A102BB13C4448EA050804EA0804F46003B0C1
S214047A20BDE8F08F1846F0E74FF03A4301225A6754
S214047A3040F6FF72D96418651A67704737B5002593
S214047A4014460095FFF7BCFF204603B030BD70B562
S214047A500E461546044608B9002070BD0378042B6C
S214047A6018D02078E7F7F4FAB0B923780C2BF3D1C2
S214047A700EB1FF233370CDB1FF232B7016E02078B0
S214047A800130C0B203282070EBD8E7F7E1FA0028EB
S214047A90F5D0E6E70020F5E71EB12078E7F70EFB01
S214047AA030701DB1207800F00CF828700120D4E75F
S214047AB0E6F7F2BB002070470020704700207047AE
S214047AC0704710F0FD0F14BF4FF0FF300020C0B217
S214047AD07047704700200021704708B5E7F76AFF33
S214047AE0BDE80840E7F78EBF38B50446FFF7F5FF54
S214047AF00546FFF7F2FF431BA342FAD338BD38B559
S214047B000D460446E7F756FF35B1844200D90139DD
S214047B10204601F0030138BD844238BF0131F7E73F
S214047B2008B5E7F75FFFBDE80840E7F76BBF08B5A1
S214047B300121FFF7E4FFBDE80840E7F763BF08B597
S214047B4021B1920000F0C0F9002008BD2120FCE716
S214047B5000F06F43B3F1804F02D0B3F1204F02D14F
S214047B6020F07040704700F06043B3F1204F08BF28
S214047B7020F0805070470B0CB3F5384FF7B5064627
S214047B800D468FB216D04BF60102934214D04BF634
S214047B900202934212D0B3F5304F14BF04240324D8
S214047BA0D6F8E0300BB1196851B9D6F8DC3093B981
S214047BB028680EE00024F3E70124F1E70224EFE747
S214047BC0234668463A46E7F779FFDDE90003002BCB
S214047BD0EBD103B0F0BD19680029E9D02346684606
S214047BE03A46E7F76BFFDDE90003002BE0D1F0E748
S214047BF00204C0F3891307D56FEA83536FEA9353DD
S214047C0013F5007F18B206D0A3F1C8006FF4FF7313
S214047C109842B8BF184670474FF0384359699A6976
S214047C2003F500530A405A6170470E2070477047A8
S214047C30EAF79ABAEAF798BAEAF796BAEAF794BA73
S214047C4008B50846EAF780FE08BDEAF78DBA0022B2
S214047C508A4202D14FF0FF30704750F8223093FA30
S214047C60A3F30BB90132F3E7B3FA83F000EB421047
S214047C707047002070472DE9F843074688461446A7
S214047C800026D4E90195B9F1010905D52468002C2C
S214047C90F7D13046BDE8F883AB89012B07D9B5F98F
S214047CA00E30013303D029463846C04706436835AC
S214047CB0E9E7036A70B505460E4684680BB9EBF728
S214047CC06DF9636EDB0705D4A389980502D4A06D0D
S214047CD000F0F8F8A389190702D52369002B35D1DB
S214047CE021462846EBF76AFA80B34FF0FF35636EF9
S214047CF0DA0705D4A3899B0502D4A06D00F0E3F847
S214047D00284670BD002B15DB23685A1C22601970A8
S214047D10A36816F8011F013BA3600029F2D1002BCB
S214047D2016DA22460A21284600F05BF80130DCD039
S214047D300A25DCE7A2699A4201DC0A29E4D1224634
S214047D40284600F04EF80130E2D1CEE7013EDFE7E8
S214047D5023685A1C22600A221A70E9E710B50C46FA
S214047D60B1F90E10EBF7A2FA0028ABBF636DA38936
S214047D701B1823F48053ACBF6365A38110BD2DE9A3
S214047D80F0411F468B8905460C46DB05164605D58D
S214047D9002230022B1F90E10EBF776FAA3893246D5
S214047DA0B4F90E10284623F48053A3813B46BDE85D
S214047DB0F041EBF78DBA10B50C46B1F90E10EBF79F
S214047DC063FA431CA38915BF606523F4805343F408
S214047DD08053A38118BFA38110BDB1F90E10EBF731
S214047DE043BAF8B50E461446054618B1036A0BB9ED
S214047DF0EBF7D4F8A369A360A3891A0701D523690E
S214047E0043B921462846EBF7D9F918B14FF0FF37A6
S214047E103846F8BD2368F6B222693746981A63696D
S214047E20834205DC2146284600F0D4F90028EDD12B
S214047E30A368013BA36023685A1C22601E70431C7F
S214047E4062699A4204D0A389DB07E1D50A2EDFD102
S214047E502146284600F0BEF90028D9D0D6E70139D5
S214047E60024410B5904201D1002005E0037811F8D1
S214047E70014FA34201D0181B10BD0130F2E788421F
S214047E8010B501EB020402D98442234607D8431EE8
S214047E90A14208D011F8012B03F8012FF8E7024499
S214047EA001468A4200D110BD13F8014D02F8014D77
S214047EB0F7E702440346934200D1704703F8011BD8
S214047EC0F9E77047704770470A44431E914200D151
S214047ED0704710B511F8014B914203F8014FF9D1E0
S214047EE010BD2DE9F0471F468E6882460C46BE42FA
S214047EF090460B682DD8B1F90C2012F4906F26D05A
S214047F006569096905EB4505A3EB01097B1C05EBCF
S214047F10D5754B446D109D4238BF1D46530527D575
S214047F202946F5F7BAFE064660B34A462169FFF7C6
S214047F30CBFFA38923F4906343F08003A3812661D7
S214047F404E446561A5EB090526603E46A560BE4223
S214047F5000D93E46324641462068FFF790FFA368A4
S214047F6000209B1BA360236833442360BDE8F0878E
S214047F702A46F5F7AAFE06460028E0D121695046AF
S214047F80F5F798FE0C234FF0FF30CAF80030A389AB
S214047F9043F04003A381E9E79368013B002B936019
S214047FA010B408DA9469A34201DB0A2903D15DF808
S214047FB0044BFFF716BF1368581C10600846197068
S214047FC05DF8044B7047F8B506460F461446D518B8
S214047FD0AC4201D1002007E03A4614F8011B3046B3
S214047FE0FFF7DAFF431CF3D1F8BD2DE9F047164638
S214047FF098468A6807460B690C46DDF8209093423B
S214048000B8BF1346336091F843200AB10133336096
S2140480102368990642BF336802333360256815F037
S214048020060506D104F1190AE36832689B1AAB42C6
S2140480302BDC94F843302268003B18BF01239206D9
S21404804030D404F1430241463846C847013023D0B1
S21404805023681A3454F80A2C03F00603042B0ABFC8
S21404806054F80E5C002533684FF0000608BFED1A7E
S21404807054F8123C08BF25EAE5759342C4BF9B1A20
S214048080ED18B5421AD1002008E0012352464146B5
S2140480903846C847013003D14FF0FF30BDE8F087BB
S2140480A00135C1E7E1185A1C30200233224481F816
S2140480B0430094F8451082F84310C2E70123224691
S2140480C041463846C8470130E6D00136D9E7B1F90B
S2140480D00C202DE9F041170705460C4656D44B688C
S2140480E0002B02DC0B6C002B3DDDE66A002E3AD03A
S2140480F0002312F480522F68216A2B6025D0626D0B
S214048100A389580705D56368D21A636B0BB1236C31
S214048110D21A216A0023E66A2846B047411C24D0B6
S2140481200023636023692360A389DA0400D56065AD
S214048130616B2F60B9B104F14403994202D028461A
S214048140F5F7B8FD002363630DE001232846B04726
S214048150461C0246D4D12B68002BD1D01D2B01D04F
S214048160162B2AD12F6000202EE02A68B4F90C3092
S21404817042B11D2A01D0162A21D100236360236947
S2140481802360D5E7626022692260CEE70F69002F7C
S214048190E9D093070E680F600CBF4B690023A6EB6B
S2140481A007088B60B8F1000FDDDD43463A46216AC6
S2140481B02846A66AB047002808DCB4F90C3043F019
S2140481C040034FF0FF30A381BDE8F0810744A8EBDD
S2140481D00008E7E738B50B6905460C4613B90025D1
S2140481E0284638BD18B1036A0BB9EAF7D7FEB4F9C6
S2140481F00C30002BF3D0626ED00704D4990502D459
S214048200A06DFFF75FFE28462146FFF760FF636E0A
S2140482100546DA07E4D4A3899B05E1D4A06DFFF7ED
S21404822052FEDDE770B50C46B1F90E1096B0154651
S21404823000291E460CDAA389002113F0800F14BF10
S21404824040234FF48063002031602B6016B070BD6D
S2140482506A46EBF7BBFB0028EDDB019901F470419D
S214048260A1F50053594259414FF48063EBE78B89DB
S214048270F7B59D0706460C4607D504F14703236069
S21404828023610123636103B0F0BD01AB6A46FFF7C7
S214048290C9FF009F054630463946F5F7FEFC48B947
S2140482A0B4F90C309A05EED423F0030343F002032A
S2140482B0A381E2E7A389206043F08003A381019BA6
S2140482C0C4E904075BB1B4F90E103046EBF790FB33
S2140482D028B1A38923F0030343F00103A381A389F0
S2140482E01D43A581CFE7C9B20346024410B59342A5
S2140482F0184601D1002003E0047801338C42F6D1FD
S21404830010BD430803F05533C01A00F03333800819
S21404831000F0333018444FF0013300EB101000F037
S2140483200F305843000E704710B5044688B1836A70
S214048330016A7BB180689847002394F8240023627E
S2140483400D28636005D82146EBF77AFE0E2384F8E1
S214048350243010BD0029EFD08368002BECDB0846E0
S21404836000F08FFCE8E7002307B51A46019101A93F
S214048370EBF7B8FC03B05DF804FB002330B587B018
S21404838004939DF83430DDE90A4503930C9BCDE94C
S21404839000450293EBF724FC07B030BD062330B546
S2140483A085B003930A9BDDE908450293CDE90045B1
S2140483B0FFF7E3FF05B030BD30B5002300240025E9
S2140483C085B0CDE900450293FFF7E8FF05B030BD60
S2140483D003680B60016070472DE9F0410E461746AE
S2140483E000240546006808B9BDE8F081D0E900839A
S2140483F0B3420BD18368BB4208D154B9C5F8008098
S214048400C368DB0701D500F03CFC20460446404622
S214048410E9E7C4F80080F3E7D1E90112FFF7DCBF0F
S214048420002370B51A46194605460468EBF75AFC4D
S2140484300CB92C6070BDE3682668DB0702D52046BD
S21404844000F01FFC3446F3E72DE9F8430E461746C2
S214048450054610B90020BDE8F8830468002CF9D05E
S214048460D4E900893B4632462946A068C847002816
S214048470F1D14446F2E73020704738B50546144635
S2140484800A460021FFF715FD24F01C046B7944F01E
S214048490100443F004032C716B7138BD2DE9F74FBB
S2140484A01F469DF830308A4680460093002850D0F8
S2140484B0002967D00C68002C66D04FF0000BE679D4
S2140484C0A179761AF6B2BE4208D30C31394408EBC9
S2140484D0020945462144F61BC84537E02068A346F2
S2140484E0BF1B002835D00446E9E7AB19994538BFC9
S2140484F0A9EB050632462846FFF7E6FC009B002B50
S2140485003DD0E279A079F3B237BB1844A071E27982
S214048510A37927689A4232D1DAF80030A34208BF1A
S214048520CAF80070BBF1000F01D0CBF800702046EB
S214048530EBF7D6FD3C4635444CB10027A379E679E3
S21404854003F10C01F61A2144F6B24D45CDD3A5EB42
S214048550080003B0BDE8F08F121AD2B2F91891429F
S21404856009DA0C302044D21BD21A01443844019351
S214048570FFF785FC019BE279D31AE371C7E7A346AC
S2140485802468D8E70846E4E72046E2E710B5C4794D
S2140485900246C4F14503D8B2884228BF08460444BC
S2140485A0D47110BD38B50546C079C0F14504E4B2AF
S2140485B0944288BFD4B20C3022462844FFF784FC89
S2140485C0EB7920462344EB7138BD1FB50391002197
S2140485D0009103A9FFF762FF05B05DF804FB13B52D
S2140485E001240094FFF75AFF02B010BD38B50446C4
S2140485F0206800B938BD0568EBF772FD2560F7E71B
S214048600034610B501F0EC0103B910BD1A7902F067
S21404861013020A431A711A1A544254415A7964F3DB
S21404862000025A711B68EFE710B558B1016802687A
S2140486305AB1136823B15C79E40704D500241460A6
S2140486400360084610BD0360F1E71346F8E70346E7
S21404865058B10020DA7999791B68521A50FA82F0D8
S2140486601BB15A79D207F5D57047704770B50D46D9
S2140486700446E8B186798E4203D3751A85710120C3
S21404868070BDC27906F145039B1ADBB299420FD836
S21404869006F10C010144921BA81BD2B20844FFF752
S2140486A0EEFB0023A371E3791D44AD1BE571E6E7F9
S2140486B00020E5E710B50C4698B191B18979E279C6
S2140486C0C379521AC3F14503D2B2DBB2934208D33C
S2140486D00C312144FFF766FF2046EBF701FD01202D
S2140486E010BD0020FCE70346006818B102681A6053
S2140486F00023036070470346002003B97047DA7905
S21404870099791B68521A50FA82F0F6E72DE9F84F69
S214048710894614468246FFF7EEFF05464846FFF7AD
S214048720EAFFA542074601D3A04208D2BD4208D1BB
S2140487300024A346A046264647B9384604E0274602
S214048740F6E738D24FF0FF30BDE8F88F5EB99AF8F6
S21404875006809AF80760A6EB080608F10C08D044D1
S214048760DAF800A0F6B2BBF1000F0BD199F8064078
S21404877099F807B0ABEB040B0C344C44D9F80090D2
S2140487805FFA8BFB5E45354628BF5D46BD4228BF73
S2140487903D4621462A464046FFF761FB0028D3D1D2
S2140487A0A8442C447F1BEDB2761BABEB0505F6B252
S2140487B05FFA85FBC0E70120C6E703680BB90160D2
S2140487C070471A461B68002BFBD11160704703687C
S2140487D003B10B600160704739B10B461A461B683B
S2140487E0002BFBD1036813600160704770B5046802
S2140487F006460D4644B12046FFF77DFFA84211D831
S214048800236813B9E379A37170BD20463360EBF790
S21404881067FC3468F4E7ED1A236820463360EBF708
S2140488205FFC3468002DEFD0A279E3799B1ADBB2A3
S214048830AB42F0D92A44A271E6E7F8B506680546C5
S2140488400C4646B13046FFF756FFA0421DD83368A3
S21404885013B9F379B371F8BD30462B60EBF740FCDF
S2140488602E68F4E7064638460768002FFAD1C27920
S2140488708379D31ADBB2A34202D9121BC271EAE788
S214048880E41AEBF72DFC3EB13760002CE3D02868E1
S2140488900028E0D00026E7E72E60F6E7F8B50446A1
S2140488A00F46BC4200D1F8BDA179E5796D1AEDB248
S2140488B0C5F14506B6B20EB92468F2E749B10C31E3
S2140488C02A46214404F10C00FFF7D9FA0023E57187
S2140488D0A3712368BB42EFD05A79D207ECD49979B6
S2140488E0DD79A0796D1AEDB2B54228BF3546E27936
S2140488F00C3010440C312A4619442044FFF7E4FA9D
S214048900E379206853FA85F3E3718379761B53FA87
S21404891085F5C379EDB2AB42B6B2857103D103686F
S2140489202360EBF7DDFB002ED3D1C5E738B50C4644
S214048930016809B9046038BD0D4609680029FBD1F1
S214048940236823B12046FFF7A9FF2C60F3E72146EE
S2140489502846FFF7AFFE0028EDD1F6E748B100231E
S21404896002794360036083604379027143F0040331
S2140489704371704700221146EBF70EBC38B5044627
S2140489800D46FFF773FE98B984B12079FFF7F2FF1E
S21404899058B163794279C3F3400363F34102452334
S2140489A05D1B04604271C371857138BD0120EDE71B
S2140489B02046FAE738B5036804460D469BB1187995
S2140489C0FFF7D8FF88B12368427903605B79C3F365
S2140489D0400363F3410245235D1B4271C3718571F5
S2140489E02060002038BD0120EAE71920FAE738B5F0
S2140489F00C46054640B3006830B309B9002038BDBC
S214048A004AB9C9B2FFF732FE0028F7D12B689A7923
S214048A109871A41A06E0452918D8C9B2FFF726FEAD
S214048A200028EBD1442C07D8002CE7D02846E1B226
S214048A30BDE83840FFF7BEBF45212846FFF7BAFF1A
S214048A400028DCD1453CEDE72220D8E72120D6E7F4
S214048A502DE9F84390F8078090F806900446A8EBB2
S214048A600907FFB2B9420D4602D30020BDE8F883D9
S214048A700079FFF77FFF06460028F6D0A1798079B3
S214048A800C317F1B29440C30BAB221443044FFF722
S214048A901BFAF37901203B44F371E37999444D447E
S214048AA02368A5EB0805E57133602660DEE7F8B5B4
S214048AB0076806460D463C46002305B12CB90BB1A3
S214048AC000221A6034603846F8BDE379A2799B1A0E
S214048AD0DBB2AB4207D8E379A2799B1ADBB2ED1A74
S214048AE023462468E9E72046E9B2FFF7B1FF0028E9
S214048AF0F1D10746E7E75318452B02DCC9B2EBF77A
S214048B004BBB00207047F7B5002605460F46019676
S214048B100DB9019C09E0002238461146EBF73CFBF0
S214048B20044628B901A8FFF761FD204603B0F0BD4E
S214048B30AB798371EA79C27168796179D21A60F384
S214048B400001617169796079C1F3400161F3410004
S214048B50607103F10C002918D2B22044FFF7B4F96F
S214048B60019B03B9019406B1346026462D68CFE70D
S214048B702DE9F8430D461446064610B319B3DAB188
S214048B80034699461B68002BFBD12746C8463A463F
S214048B9029464046FFF706FDC145A7EB00070544F6
S214048BA018BFC9F8008037B10022B1793079EBF7E5
S214048BB0F3FAC14618B9E41B2046BDE8F88380469C
S214048BC0E5E70446F8E70C46F6E737B51546C9B2B6
S214048BD000221C46EBF7E0FA019040B122462946F3
S214048BE0FFF7C6FF844202D901A8FFF7FFFC0198ED
S214048BF003B030BD034610B501391A1A914200D8A5
S214048C0010BD445C1A7803F8014B42540139F4E76A
S214048C1000230144884200D1704700F8013BF9E77D
S214048C2038B505460C4604B938BD013C55F8343011
S214048C305B68002BF7D09847F5E72DE9F04104462A
S214048C40002654F836302BB904F10408B34203D195
S214048C5000250FE00136F4E754F833205F1C126851
S214048C605AB158F833009047054630B13946204685
S214048C70FFF7D6FF2846BDE8F0813B46E6E7EBF76C
S214048C8095BBF4F73BBF0020704710B504468069D7
S214048C9020B10021DFF706FA0023A36110BD07B553
S214048CA001228DF807100DF10701FFF761FF03B0ED
S214048CB05DF804FBF7B505464FF428500C46FCF760
S214048CC0C9F90646FBF761FFB0B3022C02D80020B0
S214048CD003B0F0BD002731460DF105030DF1060281
S214048CE03846ADF80670FCF794F8BDF80620631E07
S214048CF0934206461EDC072C1AD9023CADF8064001
S214048D000824BDF80630002BE1D00133D9B228463A
S214048D10FFF7C5FF21462846FFF7C1FF3146284620
S214048D20BDF80620FFF724FFBDF806000230CFE7A3
S214048D30ADF806700924E4E74FF0FF30C8E70229CF
S214048D402DE9F34104460D461746184603D800207D
S214048D5002B0BDE8F081FCF77DF90646FBF715FF87
S214048D600028F4D04FF0000831460DF105030DF14C
S214048D7006024046ADF80680FCF74BF8BDF8063010
S214048D80BDF820200646934228BF1346AB4228BFB0
S214048D902B469DF80500ADF80630C0B9002BD7D099
S214048DA001339AB29542D3D9D9B22046FFF777FF5A
S214048DB039462046FFF773FF31462046BDF80620A5
S214048DC0FFF7D6FEBDF806000230C0B2C0E7404644
S214048DD0BEE707B501A9EBF7CDFB30B9019B586A8E
S214048DE0C0F3C02003B05DF804FB0020FAE70020BF
S214048DF008B5EBF741FC08B9FF2006E0C37B012B5E
S214048E00F7D1436ADB06F4D5007808BD73B50E4681
S214048E1001A91546EBF7AEFB90B9019A546A14F013
S214048E2010030FD0C4F300343470D37B5A1E042AC4
S214048E3002D8D81E18BF01202870012002B070BDC9
S214048E400020FBE71846F9E738B5436A04465B0793
S214048E5005D5002300781A461946ECF7B7FA636A74
S214048E609D0706D52046EBF799FB636A23F00203B9
S214048E706362636A18070DD52146E27911F8010B7F
S214048E80C2F3C002ECF744FA0546E8B9636A23F075
S214048E9008036362204600F0F1F90546A0B9626A49
S214048EA0D10611D5D30404D52046FDF7D8FE40B12B
S214048EB01BE01206E37B09D4E37B626A023B012BC8
S214048EC015D9616A48071FD4284638BD03F0FB034A
S214048ED0012BF6D021692078ECF740FA636A256105
S214048EE023F0800363620028E6D00546ECE7D3054A
S214048EF0E7D561692078ECF74DFA00236361636A6D
S214048F0023F480736362D2E7E37BA28D012B03D143
S214048F10A2B1802A28BF802211F0400F94F8303086
S214048F204FF0010118BF01232078ECF74FFA002810
S214048F30DBD1636A23F004036362C5E74022EBE7F0
S214048F40002010B5EBF798FB044600B910BD636A21
S214048F50DA060BD55B0409D42046EBF775FA636A88
S214048F60204643F006036362FFF76EFF2046E9E7F8
S214048F7013B50C4601A9EBF7FDFA50B9022C07D835
S214048F8002462146019802B0BDE81040EBF798BBB4
S214048F90212002B010BD90F8393037B55B0704467F
S214048FA00D462AD4EBF750FA6B1E042B14D8032D67
S214048FB012D0E379142B22D0A3696BB96846FBF769
S214048FC048FCDFF77FF96946DEF7D0FF18B91A25A3
S214048FD0284603B030BDA061636AE57343F0160308
S214048FE06362E1F761F92046FFF72EFF0546002885
S214048FF0EED02046FFF749FEEAE70225E8E72125FA
S214049000E6E707B501A9EBF7B5FA30B90198C17BD5
S21404901003B05DF804EBFFF7BEBF03B05DF804FBD6
S21404902037B50C4601A9EBF7A5FA18B9052C019D2E
S21404903002D9212003B030BD2869FFF75CFB1F2846
S214049040F7D86869FFF757FB1F28F2D8012CF0D031
S214049050231F012BEDD9214628466B6A23F482533D
S2140490606B6203B0BDE83040FFF795BF37B5FFF736
S214049070BEFEFF28044613D001A9EBF77BFA78B9A5
S214049080019D6B6A284623F010036B62FFF7FDFD13
S214049090204605F1340103B0BDE83040E1F744BD95
S2140490A003B030BD10B50446FDF7CBFD03462040A3
S2140490B009D014F0050006D0DB4363F00503234211
S2140490C00CBF0120002010BD002337B580F8723095
S2140490D040F6FF73A0F86E3083680446DA040D4643
S2140490E0C16010D443F480636A46A36040F203214F
S2140490F02046CDE90045FFF7A7F900212046DEF714
S214049100D1FF03B030BD90F87600FFF77AFFA3686E
S21404911023F48053E8E773B56E4604464A7930462E
S2140491200D460631DFF712F996E80300A4F850104E
S214049130090C11F0800FE06484F8521004F1530314
S21404914012D00122184605F11201DFF7FFF80C359C
S2140491502846FDF759FD28B10122294604F15A0094
S214049160DFF7F4F802B070BDB4F8501094F852204B
S214049170C4F8530099809A71E9E71FB590F87420F3
S214049180044602F0010301908DF808300BB102F09A
S21404919002038DF8093094F8753020468DF80A30AD
S2140491A0039100F097FA4FF4017101AA2046FFF7E5
S2140491B04BF92046DFF702F804B010BDDEF74ABFCD
S2140491C0FBF788B90A460021E1F7AABB132201215E
S2140491D0E1F7A6BB826838B5C2F380320446B0F81D
S2140491E06E000D46E1F742FC20B9A3681DB143F4B6
S2140491F00053A36038BD23F40053FAE7F8B50446D9
S2140492000E4617461D46DFF75DF82146DEF7AEFE2E
S214049210044698B10021FBF755F93A4631462046F4
S214049220EAF7F2FDA36843F00103A36040F20313D8
S214049230A4F87230002320462B60F8BD1A23FAE700
S21404924010B504460B68084623608B88A38042B199
S214049250DFF774F8A0712046FBF7CCFA00B9A071CA
S21404926010BD4920F6E783791A0705D413F0100FCA
S2140492700CBFFF2001207047002070470020704775
S21404928008B5FDF7EBFB407940F4805008BDC06B91
S21404929000B9704783898B42FBD08068F8E7C06BBF
S2140492A000B97047C3898B42FBD08068F8E788B161
S2140492B04268D36B1BB1834205D18368D363ECF752
S2140492C0A5B8002BFBD01A469B688342F9D1836865
S2140492D09360F4E7704722F00042B2F5805F08B569
S2140492E005D041F201039A4206D0002008BD0622AA
S2140492F0827440F215420262FFF7D9FF0120F5E7B7
S2140493002DE9F0470746894690460421122200209C
S2140493109A46FFF7F0FB024618B3002505210E23F4
S21404932086790C368419A170E5708355152323714C
S2140493300A23A371BDF820303846A381BDF8243033
S2140493406570E381BDF8283084F80590E571A4F8CB
S2140493500880A4F80AA02382E0F7E4FD2846BDE8C6
S214049360F0871A20FBE72DE9F84304460E464FF033
S2140493700609D0F80480E0F763FE0C22207707463F
S2140493800421002084F81E90FFF7B5FB024630B98E
S21404939040F20E439E4227D11A20BDE8F8830025EA
S2140493A005214FF0080C80790C3013189970DD7085
S2140493B002F800C05F71042783F80490E0895D70AA
S2140493C01881A0899F715881DD714046E0F7AAFD97
S2140493D047F230532A4641F2010120462662A7741A
S2140493E0EAF7F0FC2846D8E72046FFF760FFD3E705
S2140493F070B54FF482650446C06B08B9E06370BD6F
S21404940086680562ECF702F83046F6E708B5FFF71B
S2140494103EFF60B1837C032B05D1BDE8084040F2D3
S2140494200E41FFF7A0BFFFF742FF002008BD40F241
S2140494300F40FBE72DE9F74F17461E46A2F1170328
S2140494404FF6E6729BB293428846BDF830B0019060
S21404945059D8A6F11703E52B55D8ECF709F80446B6
S21404946018B91A2003B0BDE8F08FA0F81080C682A1
S214049470A0F81AB0E0F7E4FD4FF0140A12222077A1
S21404948081460421002084F81EA0FFF734FB024620
S21404949018B92046FFF70BFFE3E7002505214FF038
S2140494A00E0E0A2380790C3002EB000C8CF80210A6
S2140494B08CF8035002F800E08CF804A08CF80590B1
S2140494C08CF80630A3890198ACF80A308CF8015061
S2140494D08CF80750ACF80880ACF80C70ACF80E604A
S2140494E0ACF810B0E0F71EFD02232A46A3744FF42E
S2140494F0805147F230532046EAF764FCA2890D9B5C
S21404950028461A80AEE72120ACE72DE9F8438046CA
S2140495101646AAB3FFF7BBFE054698B3837C032B17
S21404952033D1E0F78DFD4FF016090C222877074655
S2140495300421002085F81E90FFF7DDFA024638B3B2
S2140495406B8B002433446B8390F806C005210CF122
S2140495500C0C00EB0C0308209970DC7002F80C006D
S214049560042083F804905F719871A8895C70188150
S214049570DC7140465E81E0F7D5FC2046BDE8F88302
S2140495802120FBE740F20F40F8E740F21740F5E7EA
S2140495901A20F3E770B5064615461A46FFF777FE17
S2140495A00446C0B1837C032B18D1038BCBB1DDB149
S2140495B0838AAB4218D32B4604210020FFF705FB11
S2140495C0024698B13046E189FDF77EFA10B9238B3E
S2140495D0013B238370BD40F20F40FBE740F2174087
S2140495E0F8E740F21440F5E72120F3E71A20F1E704
S2140495F008B50A464988A1F140033F2B0CD8FFF76B
S21404960046FE48B11188C28A914207D9052240F223
S21404961012418274FFF7A7FE002008BD0120FCE774
S214049620002070470F2070470F207047704710B512
S21404963088B0DEF7E7FC0446002847D090F87200AE
S214049640022845D1A36813F4407F2AD094F87330D7
S214049650012B2FD194F97500DDF716FE10B9A36817
S214049660DB0527D594F8743013F0010322D1CDE935
S2140496700133CDE90433CDE90633ADF80C30A368E5
S21404968013F4807F01AB0ED0A06AE16A228E03C376
S2140496901A802046BDF8042004AB0DF10601E1F75C
S2140496A0B5F908B010BD0A22022194F97500FAF73C
S2140496B07DFDEEE7002345F217021946204600F02A
S2140496C03CF9B0FA80F040094000EAE72120E8E7D8
S2140496D00220E6E738B545F21B020C460B4600218D
S2140496E0054600F02AF930B92CB121462846BDE8D3
S2140496F03840ECF743B938BD00F041B900F05ABC25
S21404970000F063BC10B504464C30FAF748FD84F804
S21404971075002046BDE8104000F027BC10B504468E
S214049720FAF714FD02280DD194F8733094F97000FA
S214049730012B14BF0521032184F83210BDE8104024
S21404974000F057BCA36843F40073A36010BD00F098
S21404975048B938B5037804463E2B0D4604D18378C1
S214049760052B02D0ED2B0FD038BDB0F80300DEF782
S2140497703BFC20B1B4F80D10621D00F098F92846A1
S214049780BDE83840FEF732BFB0F80300DEF72CFC25
S2140497900028F4D0B4F80D1004F10F03621D00F095
S2140497A089F9ECE7CB0448BF41F4806181607047D7
S2140497B010B5044645F21A01FEF7D5FD2046BDE86D
S2140497C0104047F23053002245F21A01EAF7FABA7B
S2140497D010B50A46044608210020FFF78CF910B19C
S2140497E0837903441C7310BD38B505460C460D201A
S2140497F01121FFF7EDFF024688B121468379034421
S2140498000D3304F1100051F8044B814243F8044B25
S214049810F9D12846BDE838400621FDF755B938BDCC
S21404982038B505460C4604201121FFF7D1FF024641
S21404983088B12146837903440D3304F1100051F8AE
S214049840044B814243F8044BF9D12846BDE838401E
S2140498500621FDF739B938BD38B505460C46032050
S2140498601121FFF7B5FF024688B1214683790344E8
S2140498700D3304F1100051F8044B814243F8044BB5
S214049880F9D12846BDE838400621FDF71DB938BD94
S21404989037B50022054608211046FFF72CF9044682
S2140498A0C0B10C2301220DF107018DF80730FFF734
S2140498B05FF9296C202254312046FFF759F9296CA8
S2140498C0202274312046FFF753F922460621284603
S2140498D0FDF7FAF803B030BD08B5D0B2DEF792FB58
S2140498E028B190F8773003F07F0380F877300120B2
S2140498F008BD70B50546ECF773FA0C4606460A46EC
S214049900284645F20101B0472B6C03B11C60324671
S21404991028462346BDE870404FF4A041184770B56A
S2140499201546044638B1ECF75BFA2A460346204649
S214049930BDE870401847022070BD114608B51A46A7
S21404994021F00041FFF7EBFFB0FA80F0400908BDB4
S21404995008B50B4601461846EAF758FD003818BF06
S214049960012008BD10B50446006838B11A21FFF777
S2140499704FF92068FFF785F90023236010BD30B542
S2140499808BB00D46002201A9C0B2ECF78BFA044650
S21404999020BB01460D220DF10B00FEF78AFAB5F83E
S2140499A003206B79ADF8082006A9019A02A88DF861
S2140499B00A30ECF7B3F840F20343BDF81820002849
S2140499C018BF1C469DF81A30102102A82A80AB70D6
S2140499D0FFF71EF9102106A8FFF71AF920460BB068
S2140499E030BD10B50446ECF7F5F804F13400FFF783
S2140499F0B9FFA3685A0606D523F040030021204683
S214049A00A360E0F7E5FE236C63B1D3F89400F5F7A2
S214049A102EFE0421206CFFF7FBF8206CFFF731F9CB
S214049A200023236410BDF7B50D4669461646ECF7C9
S214049A3039FA044698B929461022009801ABF5F77E
S214049A40ECFE074610212846FFF7D4F82FB1102164
S214049A502846FFF7DDF840F2074406B13760204693
S214049A6003B0F0BD38B50446C51C03212846FFF7ED
S214049A706FFFC8B9E27863797AB922791A43F4D0C9
S214049A8003F07F0343F0400363715323A37121461D
S214049A90BDE83840FF20FFF772BFFF2AF0D12279D5
S214049AA01A40FF2AE1D0EBE740F2074038BD002118
S214049AB0E0F78EBEF8B51D46836804465B060F467F
S214049AC016462DD41A20FFF7DAF80146606320B94B
S214049AD02046BDE8F840E0F77BBE034623F8027B49
S214049AE0326805F11001C0F8022072685A602A46EE
S214049AF0636B0A3352F8040B8A4243F8040BF9D119
S214049B0010212846FFF784F8A36843F0400213F4B4
S214049B10407FA26004D02046BDE8F840ECF7B8BA0F
S214049B20F8BD2DE9F0419CB0154608AA1C46064629
S214049B300B469046239F01F1200E944618685968F8
S214049B400833ACE8030073456246F6D1202140464C
S214049B50FFF750F810AB2A469C4605F1200E1D462A
S214049B6010685168083203C572452B46F7D1604623
S214049B702021FFF73FF818AA9446229B03F1100E03
S214049B80154618685968083303C573452A46F7D13D
S214049B9060461021FFF72EF804AA2346154604F162
S214049BA0100C144618685968083303C463452246E3
S214049BB0F7D110212846FFF71DF86B465022414680
S214049BC02846ECF7BBF8044610212846FFF720F891
S214049BD050214046FFF71CF834B108213046ECF714
S214049BE057FB1CB0BDE8F081039B38463B6004215C
S214049BF0FFF700F868461021FFF70AF8224645F2F8
S214049C0014013046FFF78BFEEBE72DE9F04796B0DC
S214049C101D46DDE9229705AB06460C469E46DDF852
S214049C20908002F1100A9C46106851680832ACE82D
S214049C30030052456346F6D170461021FEF7DAFF5C
S214049C4009AA2B46944605F1100E1546186859685D
S214049C50083303C573452A46F7D160461021FEF73C
S214049C60C9FF0DAA94461E9B03F1100E15461868EC
S214049C705968083303C573452A46F7D16046102150
S214049C80FEF7B8FF9DF87C30D9F800008DF8443014
S214049C909DF8803006218DF845309DF8843012906A
S214049CA08DF8463099F8063012A883F00803C3F3FB
S214049CB0C0038DF84730B9F80430ADF84C30FEF7E1
S214049CC099FFBB79062183F00803C3F3C0038DF81C
S214049CD04E303B680DF14F00CDF84F30BB8804F191
S214049CE01007ADF85330FEF785FF01AA2346154644
S214049CF0144618685968083303C4BB422246F7D191
S214049D0010212846FEF776FF4346412205A9284639
S214049D10ECF714F8044610212846FEF779FF412193
S214049D2005A8FEF775FF34B108213046ECF7B0FA03
S214049D3016B0BDE8F08740461021FEF75BFF2246CA
S214049D4045F213013046FFF7EAFDF1E72DE9F3414A
S214049D501D46089B04468846164690F873705BB109
S214049D6010211046FFF7F4FD30B10821204602B05A
S214049D70BDE8F041ECF78CBA236C013EDA1C681E91
S214049D80133312F8011F16F801CF9A4281EA0C0128
S214049D9000F8011FF5D10023404601A90193ECF712
S214049DA037F848B10198F5F762FC08212046ECF72D
S214049DB06FFA02B0BDE8F08129462846019AEBF70F
S214049DC0ADFE0028EED1022F0CBF0023062304F1BB
S214049DD059022B4404F15F0012F8016F197890427F
S214049DE081EA060103F8011BF6D1022F14BF0023F3
S214049DF0062304F152022B4404F1580012F8016FB2
S214049E001978904281EA060103F8011BF6D1294627
S214049E102846019AEBF782FE05460198002DC2D12A
S214049E20F5F725FC2A4645F210012046FFF777FD94
S214049E30BFE72DE9F04196B0154605AA1C4606462E
S214049E400B4690461D9F01F1200E944618685968EB
S214049E500833ACE8030073456246F6D12021404639
S214049E60FEF7C8FE0DAB2A469C4605F1200E1D469D
S214049E7010685168083203C572452B46F7D1202175
S214049E806046FEF7B7FEAEB3336C93F85D31013B24
S214049E90022B2FD89DF8703043F0800301AA8DF86A
S214049EA054301546234604F1100C144618685968B5
S214049EB0083303C463452246F7D110212846FEF72B
S214049EC099FE3B46412241462846EBF737FF0446B7
S214049ED010212846FEF79CFE41214046FEF798FED8
S214049EE054B11EB108213046ECF7D2F9204616B01C
S214049EF0BDE8F0810023D1E710213846FEF77AFE4C
S214049F00002EF3D0224645F211013046FFF707FD36
S214049F10ECE7EDF7B7BFB1F5A04F70B504460D46B4
S214049F2016460AD045F20603994216D0324629460A
S214049F302046BDE87040ECF7CBBF836843F080034F
S214049F40836090F87330012B03D1BDE87040ECF7C2
S214049F50F1BDBDE87040EDF70DB893791344597C14
S214049F6041F49051EBF70AFDE0E7002310B50364D3
S214049F70044690F97500431C13D0DDF73FFD082214
S214049F8004F11003114694F97500FAF70FF994F9E1
S214049F901330012B07D194F8743043F0020384F88D
S214049FA07430002010BD022BFBD194F8743043F0BB
S214049FB00A03F4E74B88062B05D1088841288CBF92
S214049FC00020012070470020704707B58B790A46A9
S214049FD00B440191197C4B1E0D2B04D801F5A041AE
S214049FE00131FFF79CFC01A8FEF700FB03B05DF807
S214049FF004FB704700B583B000F020F801900A4BCC
S21404A0001B6F1B0B03F00F030093009B0133019A95
S21404A010B2FBF3F30193054A019B1360019B1846B8
S21404A02003B05DF804FB00BF00800050803F0020B2
S21404A030014B1B68184670477C3F002000B583B070
S21404A04000230193134B1B6F03F00703013B032B01
S21404A05019D801A252F823F07FA0040069A00400D6
S21404A06071A0040079A00400FFF7E2FF01900BE062
S21404A070094B1B68019307E0084B019304E0084B67
S21404A080019301E0FFE7FDE7019B184603B05DF886
S21404A09004FB00BF00800050743F002080D54302BC
S21404A0A0002D3101014B1846704700BF00B4C404AC
S21404A0B0014B1846704700BF002D3101014B1B6849
S21404A0C018467047743F0020014B1846704700BF7F
S21404A0D080D54302014B1B6818467047783F002022
S21404A0E0054B5B68C3F30803002B14BF012300234E
S21404A0F0DBB21846704700BF00ED00E000B583B041
S21404A1000190124B1B7883F00103DBB2002B01D0C5
S21404A1100F4B16E0019B072B01D90E4B11E00E4A9C
S21404A120019B1B0113440C331B7883F00103DBB241
S21404A130002B01D0094B04E0019B1846CFF724FA04
S21404A1400023184603B05DF804FB00BF703A0020F5
S21404A150028000F0018000F084230020078000F0D5
S21404A16000B583B001900091154B1B7883F0010372
S21404A170DBB2002B01D0134B1DE0019B072B02D84A
S21404A180009B002B01D1104B15E0104A019B1B01CC
S21404A19013440C331B7883F00103DBB2002B01D08D
S21404A1A00B4B08E0019B1846CFF70EFA03461A46F7
S21404A1B0009B1A700023184603B05DF804FB00BF2A
S21404A1C0703A0020028000F0018000F08423002012
S21404A1D0078000F000B583B001900091154B1B7802
S21404A1E083F00103DBB2002B01D0134B1DE0019B6F
S21404A1F0072B02D8009B002B01D1104B15E0104A08
S21404A200019B1B0113440C331B7883F00103DBB260
S21404A210002B01D00B4B08E0019B1846CFF7FEF944
S21404A22003461A46009B1A600023184603B05DF8DE
S21404A23004FB00BF703A0020028000F0018000F0AA
S21404A24084230020078000F082B00190019B1B78D5
S21404A250002B0AD0019B1B78012B06D0019B1B7890
S21404A260022B02D0019B1B78032B019B5B781A46BA
S21404A2700949019B1B781846012303FA02F2034698
S21404A2805B0003441B010B4403F5805310331A6030
S21404A29000BF02B0704700BF00C0035000B585B0D1
S21404A2A0034600918DF807300023039301F00FFC5A
S21404A2B002909DF807301C2B00F2BC8001A252F8D5
S21404A2C023F000BF39A3040045A3040035A404000A
S21404A2D055A3040065A3040075A3040035A4040074
S21404A2E085A3040095A30400A5A3040035A40400D4
S21404A2F035A40400B5A30400C5A3040035A40400D3
S21404A300D5A30400E5A3040035A40400F5A30400C3
S21404A31035A4040005A4040035A4040025A4040000
S21404A32035A4040035A4040035A4040035A40400B0
S21404A33035A4040015A40400FFF780FE0246009B23
S21404A3401A607DE04FF4C070CCF7A0FF0246009B75
S21404A3501A6075E04FF42070CCF798FF0246009B15
S21404A3601A606DE04FF44070CCF790FF0246009BF5
S21404A3701A6065E04FF46070CCF788FF0246009BD5
S21404A3801A605DE04FF40070CCF780FF0246009B35
S21404A3901A6055E04FF48060CCF778FF0246009BC5
S21404A3A01A604DE04FF49060CCF770FF0246009BB5
S21404A3B01A6045E04FF4C060CCF768FF0246009B85
S21404A3C01A603DE04FF4F060CCF760FF0246009B55
S21404A3D01A6035E04FF4B060CCF758FF0246009B95
S21404A3E01A602DE04FF4D060CCF750FF0246009B75
S21404A3F01A6025E04FF4E060CCF748FF0246009B65
S21404A4001A601DE04FF4A060CCF740FF0246009BA4
S21404A4101A6015E04FF48070CCF738FF0246009BB4
S21404A4201A600DE04FF40860CCF730FF0246009B3C
S21404A4301A6005E0009B00221A602123039300BFE4
S21404A440029801F036FB039B184605B05DF804FB42
S21404A45000B585B003460A468DF8073013468DF8D6
S21404A4600630002302939DF80630032B16D801A26B
S21404A47052F823F085A404008BA4040091A40400DD
S21404A48097A404000123029308E00423029305E042
S21404A4901023029302E04023029300BF9DF8073086
S21404A4A0032B1FD801A252F823F000BFBDA404005A
S21404A4B0C7A40400D1A40400DBA40400029B43F058
S21404A4C0020302930EE0029B43F00803029309E0A2
S21404A4D0029B43F02003029304E0029B43F08003B4
S21404A4E0029300BF0F4B1B68039312E0039B5B6849
S21404A4F01A68029B1340002B08D0039B5B685B68BA
S21404A5009DF806109DF8072010469847039B1B6885
S21404A5100393039B002BE9D100BF00BF05B05DF891
S21404A52004FB00BF842C002000B585B003460A4611
S21404A5308DF8073013468DF806309DF80730002B4B
S21404A54002D09DF80730022B9DF80730013B3B4AAA
S21404A550D35CFF2B05D19DF8063083F00103DBB2F4
S21404A560002B9DF80730013B344AD35CFF2B03D104
S21404A5709DF80630002B5BD19DF80730013B2F4A2F
S21404A580D35C002B02D19DF80630002B9DF80730D3
S21404A590013B2A4AD35C002B06D19DF8063083F093
S21404A5A00103DBB2002B45D19DF80730013B234A5B
S21404A5B0D25C9DF80630002B01D0012100E0FF217B
S21404A5C09DF80730013B0A44D1B21C4AD1549DF889
S21404A5D00630002B2FD01A4B1B78012B2BD900F0FA
S21404A5E07FF903468DF80F309DF80F30012B02D803
S21404A5F000F078FA09E0124B1B78032B05D19DF87E
S21404A6000F30022B01D101F028FB0D4B1B789DF86F
S21404A6100F209A420FD00A4B1B789DF80F20114644
S21404A6201846FFF715FF064A9DF80F30137002E030
S21404A63000BF00E000BF05B05DF804FB882C0020D6
S21404A640773A002000B583B001F0BCFA0190AFF36E
S21404A650008001F055F9034683F00103DBB2002BBA
S21404A66005D0AFF30080019801F0B8FAD7E06D4B3F
S21404A6701B78002B05D0002000F0C4F9694B00229B
S21404A6801A7000F02DF903468DF803309DF8033058
S21404A690184600F03FF900F023F903468DF803301E
S21404A6A09DF80330012B09D95F4B1B78DBB283F08E
S21404A6B00103DBB2002B01D000F090FA5B4B1B7851
S21404A6C09DF803209A4216D0594B00221A70594B13
S21404A6D01B78DBB283F00103DBB2002B07D0534BAD
S21404A6E01B789DF8032011461846FFF7B1FE4F4A23
S21404A6F09DF8033013704E4B1B78002B08D04B4B41
S21404A7001B78022B04D14A4B00221A7001F0BAFCC3
S21404A7109DF80330012B13D9434B1B78DBB283F02F
S21404A7200103DBB2002B0BD0434B1B78002B04D168
S21404A73000F06EFA414B01221A703B4B01221A704C
S21404A7403A4B1B78184601F068FA3A4B1B78DBB292
S21404A750002B03D03A4B1A78344B1A70AFF30080B0
S21404A760019801F048FA0190364B1B78DBB2002BB7
S21404A77011D0344B00221A702C4B1A78304B1B78AD
S21404A7809A4208D1294B01221A702D4B1B780121BD
S21404A7901846FFF75DFE2C4800F072FB01F0DCF86B
S21404A7A00346002B7FF463AF214B00221A701E4B26
S21404A7B01B78DBB2002B21D01E4B00221A701F4BD5
S21404A7C01B78002B0CD000F02BFA1C4B00221A70BE
S21404A7D006E0012001F021FA019801F00CFA01903C
S21404A7E0002000F0A7FA034683F00103DBB2002B37
S21404A7F0EFD100F0B3FA0C4B00221A70002000F0E0
S21404A80089F80A4B1B7800211846FFF721FE074BF0
S21404A81000221A70AFF30080019801F0DFF903B04C
S21404A8205DF804FB7D3A00207C3A0020773A00204D
S21404A830793A00207B3A0020783A00207E3A0020BD
S21404A8407A3A0020813A0020902C002000B583B08C
S21404A85001F023F901900F4B1B788DF803300D4B54
S21404A86000221A70019801F00BF900F0E9FC034687
S21404A8701A469DF803301343DBB2002B14BF0123A2
S21404A88000238DF803309DF80330184603B05DF8B6
S21404A89004FB00BF803A002000B583B00023019378
S21404A8A001F0FBF800900D4B1B78012B04D80098A0
S21404A8B001F0E6F8019B0DE0D3F706FF034601938B
S21404A8C000F08EFA0246019B13440193009801F0AF
S21404A8D0D7F8019B184603B05DF804FB773A0020CE
S21404A8E082B00123019302E0019B01330193019B93
S21404A8F0022B05D8019B013B054AD35C002BF3D001
S21404A900019B8DF803309DF80330184602B070475B
S21404A910882C002000B58BB003468DF80F309DF8C8
S21404A9200F30032B60DC022B0EDA002B01D0012B38
S21404A9305AE02F4B1B78002B53D0002000F062F80F
S21404A9402B4B00221A704CE005AB1946002000F091
S21404A95009FB0890089B002B45D1059A254B1B68DC
S21404A9609A4206D8012000F04DF8214B01221A70B5
S21404A97039E000230793002306931F4B1B680693B6
S21404A980079A069B1344079300F02AFA0246079B8D
S21404A99013440793059A079B9A4206D8012000F0B1
S21404A9A031F8134B01221A701DE00023ADF826304F
S21404A9B000F010FA0346002B02D00423ADF826302C
S21404A9C0059A079BD11ABDF8263043F002039BB2C2
S21404A9D00193002300930023084A094801F072F902
S21404A9E001E000BF00E000BF00BF0BB05DF804FB51
S21404A9F07D3A0020B02C0020B42C0020B1AA04001C
S21404AA00902C002000B583B003468DF80730254B04
S21404AA101B78FF2B05D19DF8073083F00103DBB2CA
S21404AA20002B204B1B78FF2B03D19DF80730002BFF
S21404AA3031D11C4B1B78002B02D19DF80730002B1C
S21404AA40184B1B78002B06D19DF8073083F00103C2
S21404AA50DBB2002B21D1134B1B789DF80720002A6C
S21404AA6001D0012200E0FF221344DAB20D4B1A7023
S21404AA709DF80730002B11D00B4B1B78012B0DD9FA
S21404AA800A4B1B78DBB283F00103DBB2002B05D044
S21404AA9000F06CF802E000BF00E000BF03B05DF811
S21404AAA004FB00BF882C0020773A00207B3A002065
S21404AAB000B585B00190009100F0EFFF0390084BBD
S21404AAC01B78002B03D0039800F0DAFF04E000F0B4
S21404AAD04DF8039800F0D4FF05B05DF804FB00BF02
S21404AAE07F3A002000B583B000F0D7FF01901B4BDF
S21404AAF01B78DBB2002B2AD0194B1B7883F001039A
S21404AB00DBB2002B05D0164B01221A70154B00221F
S21404AB101A70154B1B78002B04D000F081F8124BEA
S21404AB2000221A70019800F0ABFF012000F002F931
S21404AB3000F0B3FF01900A4B1B78002B04D000F002
S21404AB400DF9074B00221A70044B00221A70019864
S21404AB5000F096FF00BF03B05DF804FB7C3A0020CB
S21404AB607F3A00207B3A00207E3A002008B5164B38
S21404AB701B78DBB2002B24D0144B1B78002B04D09C
S21404AB8000F04EF8114B00221A70002000F0D2F8A4
S21404AB900346002B0ED000F0E1F80B4B00221A708F
S21404ABA00B4B1B7801211846FFF752FC084B012279
S21404ABB01A7006E0074B01221A70054B1A78064BEA
S21404ABC01A7000BF08BD00BF7C3A00207E3A002001
S21404ABD0773A00207B3A00207A3A002008B5094BE1
S21404ABE0D3F8203103F00303074A1360054BD3F868
S21404ABF0243103F00703054A1360F1F7E4F900BFB4
S21404AC0008BD00BF00800050B82C0020BC2C0020DB
S21404AC10024B01221A7000BF704700BF843A00201E
S21404AC2000B583B0384B1B7883F00103DBB2002BEE
S21404AC3064D1364B1B7883F00103DBB2002B20D0A3
S21404AC40334B9B6D03F48033002B05D0314B1B68CC
S21404AC5003F00203002B53D12D4B9B6D03F001032D
S21404AC60002B4DD101F0AFF803462B4A13602B4B53
S21404AC701B6F23F00703294A43F00303136700F00E
S21404AC80C7FF01F0A0F80246234B1B68D31A0193B2
S21404AC90234B1B68234A12781146234A52F8212074
S21404ACA01146019A8A1A9B1A1D4A13601D4B1B787B
S21404ACB019461D4A019B42F82130194B1B6809337B
S21404ACC01A4AA2FB0323DB08194A1360154B1B78A8
S21404ACD00133DAB2134B1A70124B1A78134BA3FBD8
S21404ACE00213D9080B469B000B445B00D31ADAB256
S21404ACF00C4B1A70054B00221A7002E000BF00E0ED
S21404AD0000BF03B05DF804FB823A0020853A0020B9
S21404AD1000C000505CC00050CC2C002000800050C6
S21404AD20F82C0020863A0020D02C0020CDCCCCCCA9
S21404AD30FC2C002082B003468DF80730064B1B78A7
S21404AD4083F00103DBB2002B01D0012300E00123D2
S21404AD50184602B0704700BF823A002008B5F1F7E3
S21404AD6038F9164B1B6F23F00702154B1B68134963
S21404AD7013430B67114BD3F8203123F00302114B16
S21404AD801B680E491343C1F820310C4BD3F8243109
S21404AD9023F007020C4B1B6808491343C1F82431FF
S21404ADA00A4B1B78002B05D0094B03F500531A46B3
S21404ADB00123936200F02CFF00BF08BD0080005002
S21404ADC0C42C0020B82C0020BC2C0020823A002082
S21404ADD000C00050014B1B7818467047823A00208A
S21404ADE082B0002301930A4B1B78002B07D0094B33
S21404ADF01B680193019BDB08019A13440193064BDD
S21404AE001B68019A13440193019B184602B07047CD
S21404AE10823A0020FC2C0020C82C002008B5154BD4
S21404AE201B78002B1ED0134B00221A70124B1B6F7C
S21404AE3023F00703104A43F0010313670E4BD3F8BD
S21404AE4020310D4A43F00303C2F820310A4BD3F8ED
S21404AE50243123F00703084A43F00303C2F82431DD
S21404AE6000F0D6FE054B03F500531A46012353673C
S21404AE7000BF08BD843A00200080005000C0005087
S21404AE8000B587B0019000238DF81730019B002B86
S21404AE9001D1222329E000F000FE049000F0B2FB6A
S21404AEA0144B1B68019A9A4202D101238DF817307D
S21404AEB0019800F03DFB0390039B002B04D00498FC
S21404AEC000F0DEFD039B10E09DF81730002B08D041
S21404AED000F06CFB0390039B222B02D1022000F0AF
S21404AEE0D9FC049800F0CCFD0023184607B05DF8A2
S21404AEF004FB00BF082D002000B585B0019000912A
S21404AF00019B002B02D0009B002B01D1222322E0C0
S21404AF10009B00221A7000F0DAFD0290104B1B68AA
S21404AF2003930AE0039A019B9A4203D1009B0122F1
S21404AF301A7002E0039B9B680393039B002B06D0C6
S21404AF40009B1B7883F00103DBB2002BEAD1029846
S21404AF5000F0AFFD0023184605B05DF804FB00BF03
S21404AF60082D002000B587B003460091ADF80630E2
S21404AF700023049300F0ABFD03901F4B1B6805935E
S21404AF802EE0059B5B69049A13440493059BDB88B7
S21404AF90BDF806209A4203D0BDF80630FF2B1CD11C
S21404AFA001F014F80246154B1B68D31A049A9A4209
S21404AFB009D901F00BF80246104B1B68D31A049A01
S21404AFC0D31A049301E000230493009B049A1A60A6
S21404AFD0039800F06EFD002309E0059B9B6805932B
S21404AFE0059B002BCDD1039800F063FD1B23184668
S21404AFF007B05DF804FB00BF082D00200C2D0020D0
S21404B0002DE9F04385B000F062FD019000F0DEFF0C
S21404B0100390154B1B680293012000F0ABFF034618
S21404B020002B05D000F0D2FF0390029B013302935D
S21404B030019800F03EFD029B0022984691464FF090
S21404B04000024FF0000343460022039900200C46FA
S21404B050054642EA040643EA050732463B461046DE
S21404B060194605B0BDE8F083002D0020014B1B688F
S21404B07018467047042D00202DE9F04383B0019054
S21404B0800091184909680198884225D8019900203A
S21404B0900E4607461449096800200C46054604FB7C
S21404B0A007F006FB05F10144A6FB042319440B46EE
S21404B0B040F2E73112EB010843F100094FF47A72CB
S21404B0C04FF0000340464946E7F73AFD02460B4672
S21404B0D0009B1A60002300E02123184603B0BDE855
S21404B0E0F08300BF102D0020042D00202DE9F04F22
S21404B0F08DB0099000230B93504B1B68002B00F077
S21404B10098804E4B1B68184600F07FFE0346002BC3
S21404B1104FD0099B002200930192DDE900452246A8
S21404B1202B464FF000004FF00001590141EAD2616E
S21404B130500102460B462146561A294663EB010780
S21404B1404FF000024FF00003BB0043EA9673B200D0
S21404B15016461F462346F31804932B4647EB030371
S21404B16005934FF000024FF00003DDE9044529463D
S21404B170CB00214643EA51732146CA0014461D46B5
S21404B1802E4B1B68184600F02EFE0346C3F1200122
S21404B190A3F1200224FA03F805FA01F148EA0108AB
S21404B1A025FA02F248EA020825FA03F943460B9305
S21404B1B03FE0099B00229A46934652465B464FF070
S21404B1C000004FF00001590141EAD26150010246E5
S21404B1D00B46B2EB0A0463EB0B054FF000024FF08C
S21404B1E00003AB0043EA9473A20014461D4614EB16
S21404B1F00A03069345EB0B0307934FF000024FF048
S21404B2000003DDE906452946CB00214643EA51738F
S21404B2102146CA0010461946084B1B6800220293B2
S21404B2200392DDE90223E7F78BFC02460B4613463E
S21404B2300B930B9B18460DB0BDE8F08F042D002031
S21404B24000B583B000F043FC0190064B1B788DF8E4
S21404B2500330019800F02DFC9DF80330184603B027
S21404B2605DF804FB893A002000B58DB0079006917E
S21404B2700592049300238DF82B30079B002B01D1F5
S21404B280222345E00DF12B0319460798FFF734FEF9
S21404B2909DF82B30002B01D0022339E009AB194668
S21404B2A00698FFF7E9FE0B900B9B002B01D00B9B37
S21404B2B02EE0FFF7DBFE0246069B03FB02F2164B6C
S21404B2C0A3FB02139B094FF47A7101FB03F3D31A11
S21404B2D09BB2C3F57A739AB2079B9A83079B9B8BA0
S21404B2E0B3F57A7F02D1079B00229A83079B00223C
S21404B2F0DA830999099ABDF83C3002939DF83830F0
S21404B3000193049B0093059B079800F0B3F903464A
S21404B31018460DB05DF804FBD34D621000B583B03B
S21404B3200C4B1B788DF807309DF80730002B0BD09C
S21404B33000F049FD0246084B1B689B69D31A022B92
S21404B34002D900238DF807309DF80730184603B05D
S21404B3505DF804FB883A0020082D002000B589B06B
S21404B36003468DF807309DF8073003F00103002BE1
S21404B37008D0374B1B680133354A136000F042F996
S21404B38000F014F99DF8073003F00203002B5BD09D
S21404B39000230693002305930023ADF8123000F033
S21404B3A096FB079000F02EF92AE02A4B1B680393BD
S21404B3B0284B1B6806930AE0069B1A79039B1B79A5
S21404B3C09A4201D9039B0693039B9B680393039BB2
S21404B3D0002B03D0039B5B69002BEDD0079800F08D
S21404B3E068FB069800F022FD069BDB88ADF8123059
S21404B3F0059B0133059300F06AFB079000F002F901
S21404B400144B1B68002B04D0124B1B685B69002B83
S21404B410CBD0114B00221A70059B012B08D1BDF826
S21404B420123003F00203002B02D00B4B01221A70D9
S21404B43000F0BCF80290029B222B02D1022000F0FE
S21404B44029FA079800F035FB00BF09B05DF804FB45
S21404B450002D0020082D0020893A002000B587B072
S21404B46001900091009B0593019BDB88002B0AD179
S21404B470FFF712FA0290059A029B9A4203D2029BA5
S21404B4800593F2F7B1FC019B059A5A61274B1B689A
S21404B490002B40D000230493244B1B6803930CE03A
S21404B4A0039B5B69059AD31A0593019B059A5A6117
S21404B4B0039B0493039B9B680393039B002B13D06B
S21404B4C0039B5B69059A9A42EAD2039B5B69002B4D
S21404B4D0E6D0039B5B69059A9A4205D1019B1A79CB
S21404B4E0039B1B799A42DBD8049B002B03D0049B56
S21404B4F0019A9A6002E00D4A019B1360019B039A2D
S21404B5009A60039B002B0CD0039B5A69059BD21AA6
S21404B510039B5A6105E0054A019B1360019B0022C8
S21404B5209A6000BF07B05DF804FB00BF082D00203A
S21404B53084B00190002303931B4B1B680293019B6A
S21404B540002B06D122232BE0029B0393029B9B68CD
S21404B5500293029B002B03D0029A019B9A42F3D1DA
S21404B560029A019B9A4201D0022319E0039B002B06
S21404B57004D0019B9A68039B9A6003E0019B9B6836
S21404B580094A1360019B9B68002B08D0019B9B68AB
S21404B5905969019B5A69019B9B680A445A610023B6
S21404B5A0184604B0704700BF082D002000B583B0CD
S21404B5B0124B1B68002B1CD0104B1B685B69002BBE
S21404B5C00DD00E4B1B685A690D4B1B681344019330
S21404B5D0022000F008FD019800F0ECF805E00220D7
S21404B5E000F001FD022000F020FD00F0A3F8002387
S21404B5F000E02223184603B05DF804FB082D002063
S21404B6000C2D002000B585B000F0E0FC0190174B2F
S21404B6101B680393164B1B68019AD31A029318E00F
S21404B620039B5B69029A9A4208D8039B5A69029B59
S21404B630D21A039B5A610023029307E0039B5B69BB
S21404B640029AD31A0293039B00225A61039B9B68B7
S21404B6500393039B002B02D0029B002BE0D1044AE9
S21404B660019B136000BF05B05DF804FB082D0020A5
S21404B6700C2D002000B587B0039002910192009330
S21404B680039B9DF824201A71039B089A1A60039B57
S21404B69000229A60039B019A1A61039B009ADA605F
S21404B6A0039BBDF82820DA80019B002B07D100F00D
S21404B6B08DFC0246029B1A44039B9A6106E000F046
S21404B6C085FC0246019B1A44039B9A61029B002B4D
S21404B6D015D1039B00225A61039BDB68002B06D01E
S21404B6E0039BDB68039A1268114603989847019BEC
S21404B6F0002B02D0019B029301E0002313E000F02C
S21404B700CCF90590FFF77EFF02990398FFF7A6FE93
S21404B710074B1B68039A9A4201D1FFF747FF059827
S21404B72000F0AEF90023184607B05DF804FB00BF2E
S21404B730082D002082B0144B1B680193002300934D
S21404B740124B00221A7015E0019BDB8803F00203FB
S21404B750002B04D00D4B01221A7000BF10E0019B91
S21404B7609B680193019B002B04D0019B5B69009AA4
S21404B77013440093009B012B02D8019B002BE3D1BA
S21404B78000BF02B0704700BF082D0020883A002092
S21404B79008B5074BD3F8403203F00303013B012BF3
S21404B7A003D8022000F053FC00E000BF00BF08BD31
S21404B7B00080005000B587B00190019B059300F00F
S21404B7C06CF9049000F002FC039000F005FC029073
S21404B7D0F2F7ADFB034603F04003002B0AD10399AE
S21404B7E00298F2F70BFC0346032B03D8029A039B3A
S21404B7F09A421BD103990598F2F700FC0346022BE4
S21404B80002D8039B03330593059BB3F1FF3F2CBF7C
S21404B8100122002252429B1A0593059B013B1946BE
S21404B8200120F2F733FB022000F0DDFB049800F061
S21404B83027F9094B1B78002B0AD04FF0B043DB6B7B
S21404B8404FF0B04243F00203D363034B00221A7056
S21404B85000BF07B05DF804FB5841002010B582B065
S21404B8600B4800F07EF903468DF807306A469DF8CB
S21404B87007301146184600F05EF9009C0020F2F7E7
S21404B88070FB034624FA03F3184602B010BD00BF4B
S21404B8902CCF040000B585B003468DF8073000238E
S21404B8A003939DF8073003F00103002B03D0039B9A
S21404B8B043F0010303939DF8073003F00203002BC3
S21404B8C00ED0039B43F040030393094B01221A70E6
S21404B8D04FF0B043DB6B4FF0B04223F00303D36367
S21404B8E00398F2F709FB00BF05B05DF804FB00BF40
S21404B8F05841002001231846704701231846704714
S21404B90000B583B001238DF80730C8F7F1FB034672
S21404B91083F00103DBB2002B02D000238DF807303E
S21404B920E0F7FCF9034683F00103DBB2002B02D0F8
S21404B93000238DF80730FFF7DDFF034683F001038D
S21404B940DBB2002B02D000238DF807309DF80730B9
S21404B950184603B05DF804FB00B583B000238DF8E9
S21404B960073000238DF80630FEF770FF03468DF887
S21404B9700730C8F7ABFB03468DF805309DF8053055
S21404B980042B03D101238DF8063006E09DF805301C
S21404B990022B02D101238DF80730FBF742FB034646
S21404B9A08DF805309DF80530042B03D101238DF85E
S21404B9B0063006E09DF80530022B02D101238DF8EF
S21404B9C00730C8F795F803468DF805309DF805301E
S21404B9D0042B03D101238DF8063006E09DF80530CC
S21404B9E0022B02D101238DF80730FFF786FF0346AA
S21404B9F08DF805309DF80530042B03D101238DF80E
S21404BA00063006E09DF80530022B02D101238DF89E
S21404BA1007309DF80630002B02D000238DF807303F
S21404BA209DF80730184603B05DF804FB00B589B0EE
S21404BA30059004910392029306AB19460498FFF707
S21404BA401BFB0790079B002B01D0079B0CE0069975
S21404BA50BDF82C3001939DF828300093029B039A7E
S21404BA60059800F0FCF80346184609B05DF804FB98
S21404BA704FF40043184670474FF47A7318467047DD
S21404BA8082B00190019B002B04D162B600BFBFF3C5
S21404BA906F8F00BF00BF02B0704782B0EFF3108311
S21404BAA00093009B019372B600BF019B184602B038
S21404BAB0704784B00190019B0393039B83F3118822
S21404BAC000BFBFF36F8F00BF00BF04B0704784B0E1
S21404BAD0EFF311830193019B039330230293029B9C
S21404BAE083F3118800BF039B184604B0704708B55B
S21404BAF0FEF780FA0346184608BD08B5FEF77AFA3C
S21404BB0000BF08BD86B0039002910192019B002BF2
S21404BB1004D0039B03F58053059303E0039B03F5CE
S21404BB2000530593059B0121029A01FA02F21A605A
S21404BB3000BF06B0704700B583B0034600918DF889
S21404BB400730009B002B01D1222306E09DF8073026
S21404BB5000991846FEF7A2FB0346184603B05DF8A4
S21404BB6004FB82B00190019B1B79184602B0704713
S21404BB7000B585B003468DF80730FFF78EFF0390B7
S21404BB809DF8073001211846FEF7CEFC0398FFF710
S21404BB9077FF00BF05B05DF804FB00B585B003462B
S21404BBA08DF80730FFF779FF03909DF807300021E2
S21404BBB01846FEF7B9FC0398FFF762FF00BF05B00E
S21404BBC05DF804FB82B0EFF310830093009B0193AF
S21404BBD072B600BF019B184602B0704782B001904F
S21404BBE0019B002B04D162B600BFBFF36F8F00BF6A
S21404BBF000BF02B0704700B583B001900198FFF70C
S21404BC00EDFFFFF7DFFF0346184603B05DF804FBBD
S21404BC1008B5FEF7EFF900BF08BD00B583B00346CC
S21404BC208DF807309DF80730032B0DD0032B0FDC5F
S21404BC30012B02D0022B03D00AE0D2F765FD08E000
S21404BC400020CCF763FF04E00020CCF7A5FF00E05B
S21404BC5000BF00BF03B05DF804FB00BF704700B52B
S21404BC608BB0079006910592049300238DF8273035
S21404BC70079B002B01D1222320E0079B00229A83F6
S21404BC80079B0022DA830DF1270319460798FFF76E
S21404BC9033F99DF82730002B01D003230EE0BDF8BE
S21404BCA0343002939DF830300193049B0093059B37
S21404BCB0002206990798FFF7DDFC034618460BB0EA
S21404BCC05DF804FB00B589B00790069105920493CD
S21404BCD0079B002B01D1222317E0079B00229A839F
S21404BCE0079B0022DA830798FFF7CAF8BDF82C30C2
S21404BCF002939DF828300193049B0093059B002231
S21404BD0006990798FFF7B6FC0346184609B05DF88F
S21404BD1004FB00B58BB007900691059204930023AC
S21404BD208DF82730079B002B01D1222320E0079BA8
S21404BD3000229A83079B0022DA830DF12703194613
S21404BD400798FFF7D9F89DF82730002B01D0022377
S21404BD500EE0BDF8343002939DF830300193049B16
S21404BD600093059B069A06990798FFF783FC0346FB
S21404BD7018460BB05DF804FB00B589B00790069131
S21404BD8005920493079B002B01D1222317E0079BFF
S21404BD9000229A83079B0022DA830798FFF770F83D
S21404BDA0BDF82C3002939DF828300193049B009331
S21404BDB0059B069A06990798FFF75CFC0346184607
S21404BDC009B05DF804FB00B583B0FFF780FE019070
S21404BDD000F0FCF800900198FFF76BFE009B1846F5
S21404BDE003B05DF804FB84B00190019B0393039BAE
S21404BDF0002B01D1202303E0039BB3FA83F3DBB2C9
S21404BE00C3F11F03184604B0704782B00190019B2B
S21404BE10002B07D0019B5A1E019B1340002B01D117
S21404BE20012300E00023184602B070472DE9F04FC6
S21404BE308BB00390002309934FF000024FF00003E9
S21404BE40CDE9062300238DF81730039B1B69002BCE
S21404BE5023D0039B1B69002200930192DDE9002393
S21404BE60CDE9062300F0B2F80246039B9B69D31A79
S21404BE700993099BDA171E461746DDE90623964200
S21404BE8077EB030309DB01238DF81730039B9A69CC
S21404BE90039B1B691A44039B9A619DF8173083F031
S21404BEA00103DBB2002B08D0FFF711FE04900398C1
S21404BEB0FFF73EFB0498FFF7FCFD039B1B69002B72
S21404BEC049D09DF8173083F00103DBB2002B42D033
S21404BED0099BDA171C461546DDE90623B2EB040A6D
S21404BEE063EB050BCDE906AB039B9B8B002B20D0A5
S21404BEF0039BDA8B039B9B8B13449AB2039BDA83D4
S21404BF00039BDB8BB3F57A7F13D3039BDB8BA3F501
S21404BF107A739AB2039BDA83DDE9062312F1FF38BB
S21404BF2043F1FF39CDE90689039B9B695A1E039B9F
S21404BF309A61FFF7CCFD0490069B19460398FFF719
S21404BF408DFA039B9A69039B1B691A44039B9A61A7
S21404BF500498FFF7AEFD039BDB68002B06D0039B1B
S21404BF60DB68039A126811460398984700BF0BB023
S21404BF70BDE8F08F00B585B003468DF80730002382
S21404BF808DF80F30F1F7D3FF02909DF80730012BA0
S21404BF900BD0022B13D1029B03F04003002B14BFDB
S21404BFA0012300238DF80F300AE0029B03F00103FF
S21404BFB0002B14BF012300238DF80F3000E000BFD0
S21404BFC09DF80F30184605B05DF804FB08B5F1F788
S21404BFD069FF0346184608BD08B50120F1F74BFF74
S21404BFE00346184608BD00B585B003468DF80730ED
S21404BFF0002303939DF8073003F00103002B03D0BE
S21404C000039B43F0010303939DF8073003F00203F8
S21404C010002B03D0039B43F0400303930398F1F7EC
S21404C02079FF00BF05B05DF804FB00B583B0034696
S21404C0308DF807309DF8073003F00203002B02D07A
S21404C0404020F1F779FF00BF03B05DF804FB00B5AC
S21404C05085B003468DF80730FFF71FFD03909DF863
S21404C060073001211846FEF75FFA0398FFF708FD2C
S21404C07000BF05B05DF804FB08B5FDF7BBFF03463B
S21404C080184608BD02210120E0F784BD0000000028
S21404C0900000000000000000000000000000000097
S21404C0A0F8B500BFF8BC08BC9E467047F8B500BF9C
S21404C0B0F8BC08BC9E4670475FF800F0B53C00200C
S21404C0C05FF800F0193C00205FF800F0813B002088
S21404C0D02018000043454E202D2053656E64696E7B
S21404C0E067206461746120726571756573742E2EA1
S21404C0F02E0000001B5B33316D43454E202D204C33
S21404C100324341502073656E64206F7065726174AB
S21404C110696F6E20686173206661696C6564207758
S21404C120697468206572726F7220636F6465203A62
S21404C1302030582530346C780A1B5B306D000000C4
S21404C1400A3E20426567696E0000000043454E20A3
S21404C1502D20426F6F74696E672063656E7472611A
S21404C1606C2E2E0043454E202D20426567696E6E68
S21404C170696E67207363616E2E2E00002530325878
S21404C1802D253032582D253032582D253032582D55
S21404C190253032582D253032580000001B5B3332D0
S21404C1A06D43454E202D202D3E20426C7565746FE0
S21404C1B06F7468206F6E6C696E652E0A1B5B306D3B
S21404C1C00000000009096C6F63616C20616464728E
S21404C1D0657373203A2025730A0000001B5B333313
S21404C1E06D43454E202D202D3E20506572697068A3
S21404C1F06572616C20666F756E642E0A1B5B306D0B
S21404C20000000000090972656D6F7465206164643E
S21404C21072657373203A2025730A000043454E2046
S21404C2202D204F70656E696E6720424C4520636F03
S21404C2306E6E656374696F6E2E2E00001B5B333161
S21404C2406D43454E202D202D3E20426C7565746F3F
S21404C2506F746820636F6E6E656374696F6E2063B7
S21404C2606C6F7365642E0A1B5B306D001B5B333288
S21404C2706D43454E202D202D3E20426C7565746F0F
S21404C2806F746820636F6E6E656374696F6E206585
S21404C290737461626C69736865642E0A1B5B306D27
S21404C2A0000000000909636F6E6E656374696F6E43
S21404C2B02068616E646C65203A2025750A000000CB
S21404C2C043454E202D205363616E6E696E6720666B
S21404C2D06F72207072696D61727920736572766907
S21404C2E06365732E2E2E00001B5B33326D43454E62
S21404C2F0202D202D3E204C3243415020636F6E6E1D
S21404C300656374696F6E2065737461626C697368C3
S21404C31065642E0A1B5B306D0000000009096C6F13
S21404C32063616C20636964203A2025750A00000066
S21404C330090972656D6F746520636964203A202567
S21404C340750A000009096C6F63616C20504455201F
S21404C35073697A65203A2025750A00000909726512
S21404C3606D6F7465205044552073697A65203A20B1
S21404C37025750A0009096C6F63616C2053445520C7
S21404C38073697A65203A2025750A000009097265E2
S21404C3906D6F7465205344552073697A65203A207E
S21404C3A025750A000909696E697469616C206372EF
S21404C3B06564697420636F756E74203A2025750A67
S21404C3C0000000001B5B33316D43454E202D202DAD
S21404C3D03E204C3243415020636F6E6E6563746931
S21404C3E06F6E204641494C45442E0A1B5B306D0057
S21404C3F009096572726F7220636F6465203A20259E
S21404C400750A00001B5B33336D43454E202D202DEB
S21404C4103E20437265646974207265636569766557
S21404C420642E0A1B5B306D000909616D6F756E74AE
S21404C430203A202568750A001B5B33336D43454E4E
S21404C440202D202D3E204461746120667261676D44
S21404C450656E742023257520726563656976656448
S21404C4602E0A1B5B306D00001B5B33366D43454E56
S21404C470202D202D3E2044617461207472616E73F9
S21404C4806D697373696F6E2066696E697368656437
S21404C4902E0A1B5B306D0000090964617461207309
S21404C4A07472696E673A20272573270A0000000015
S21404C4B01B5B33316D43454E202D204C3243415097
S21404C4C020636C6F7365206368616E6E656C206FA5
S21404C4D07065726174696F6E206861732066616945
S21404C4E06C65642077697468206572726F72206365
S21404C4F06F6465203A2030582530346C780A1B5B0C
S21404C500306D000043454E202D204C3243415020D0
S21404C510636F6E6E656374696F6E20636C6F7365AC
S21404C52064202853544F5020434F4D4D414E4420D1
S21404C53052454345495645442900000043454E208C
S21404C5402D20232053656E64696E672061646469D8
S21404C55074696F6E616C20257520637265646974F6
S21404C5602873292E0A0000001B5B33316D43454EA9
S21404C570202D204C324341502073656E6420637234
S21404C58065646974206F7065726174696F6E206883
S21404C5906173206661696C656420776974682065D8
S21404C5A072726F7220636F6465203A2030582530AB
S21404C5B0346C780A1B5B306D000000001B5B333361
S21404C5C06D43454E202D202D3E20536572766963BB
S21404C5D06520646973636F76657265642E0A1B5BF7
S21404C5E0306D0000090975756964203A2030782595
S21404C5F03034580A00000000090968616E646C65EE
S21404C600203A20256C750A001B5B33336D43454E78
S21404C610202D202D3E204368617261637465726923
S21404C6207374696320646973636F76657265642ED8
S21404C6300A1B5B306D000000090975756964203AB1
S21404C640202530325825303258253032582530329D
S21404C650582D25303258253032582D25303258255D
S21404C6603032582D25303258253032582D25303268
S21404C6705825303258253032582530325825303235
S21404C68058253032580A0000090968616E646C65E2
S21404C690203A2025750A00001B5B33336D43454E54
S21404C6A0202D202D3E204368617261637465726993
S21404C6B0737469632076616C756520726563656959
S21404C6C07665642E0A1B5B306D00000009097661EE
S21404C6D06C75652061742030203A2025750A0000A8
S21404C6E01B5B39306D43454E202D202D3E2047419F
S21404C6F054542070726F6365647572652073756335
S21404C7006365737366756C2E0A1B5B306D000000E0
S21404C7101B5B33326D43454E202D202D3E20474172
S21404C72054542049646C652E0A1B5B306D0000006F
S21404C7301B5B33326D43454E202D202D3E20536522
S21404C740727669636520646973636F7665727920AF
S21404C7507375636365737366756C2E0A1B5B306D45
S21404C7600000000043454E202D205363616E6E6921
S21404C7706E6720666F7220636861726163746572A7
S21404C7806973746963732E2E2E00000009097461A0
S21404C790726765742068616E646C65203A20256C47
S21404C7A0750A00001B5B33326D43454E202D202D49
S21404C7B03E20436861726163746572697374696369
S21404C7C020646973636F7665727920737563636535
S21404C7D0737366756C2E0A1B5B306D0043454E20E2
S21404C7E02D204F70656E696E67204C324341502091
S21404C7F0636F6E6E656374696F6E2E2E2E00000076
S21404C8001B5B33316D43454E202D204C3243415043
S21404C810206368616E6E656C206F70656E206F7045
S21404C82065726174696F6E20686173206661696CF5
S21404C83065642077697468206572726F7220636F0E
S21404C8406465203A2030582530346C780A1B5B30F7
S21404C8506D0000001B5B39306D43454E202D202DA6
S21404C8603E20474154542070726F63656475726548
S21404C870206661696C65642E0A1B5B306D000000DF
S21404C8801B5B33336D43454E202D202D3E204D54E7
S21404C890552065786368616E6765642E0A1B5B3095
S21404C8A06D00000009094D54552073697A65203AD5
S21404C8B0202568750A00000043454E202D20544F5D
S21404C8C0444F202D204F7074696D697A696E672015
S21404C8D06C6F63616C204D54552062756666657294
S21404C8E020746F206D617463682072656D6F746563
S21404C8F0205044552073697A6520284C3320636F92
S21404C9006E73747261696E74206F66206D696E69E9
S21404C9106D756D2031323830206279746573292E36
S21404C9202E2E0000425244343138344100000000B8
S21404C9300A0000005B435D20000000002E2E2F73CB
S21404C9406C5F676174745F736572766963655F6450
S21404C95065766963655F696E666F726D6174696F2B
S21404C9606E2E630025733A2564203A25733A200018
S21404C970736300005374617475733A202573203D05
S21404C9802030782530347820000000004173736529
S21404C9907274696F6E206661696C656400000000DD
S21404C9A041303100392E302E30000000736C5F6742
S21404C9B06174745F736572766963655F64657669CE
S21404C9C063655F696E666F726D6174696F6E5F6FC3
S21404C9D06E5F6576656E7400002801280328002AB9
S21404C9E0012A292A242A272A262A232A052A2A2B00
S21404C9F0292B0229636032E0375EA488534E6DFB10
S21404CA006435BFF71000F01921B4478FA4BFA14FB7
S21404CA1063FDEED6141D0000020020180C005369B6
S21404CA206C69636F6E204C616273000002000A1822
S21404CA3002000000020000180200011801000000B5
S21404CA400108FFFF0000000038CA040002000200CC
S21404CA500108FFFF0500000020000A0003000A008A
S21404CA600008FFFF010000003C3F002004000D000A
S21404CA700308FFFF03000000020000000500020098
S21404CA800108FFFF0500000002000B0006000B0073
S21404CA900108FFFF01000000243F002007000200F9
S21404CAA00108FFFF050000000A000C0008000C0047
S21404CAB00308FFFF010000001C3F002009000000DF
S21404CAC00108FFFF0000000034CA04000A00020048
S21404CAD00108FFFF050000000A0003000B00030026
S21404CAE00308FFFF01000000083F00200C000200BE
S21404CAF00108FFFF05000000020004000D0004000A
S21404CB000108FFFF0000000030CA04000E00000009
S21404CB100108FFFF000000002CCA04000F000200FA
S21404CB200108FFFF050000000200050010000500D4
S21404CB300108FFFF000000001CCA040011000200E8
S21404CB400108FFFF050000000200060012000600B0
S21404CB500108FFFF01000000F83E00201300020059
S21404CB600108FFFF0500000002000700140007008C
S21404CB700108FFFF01000000EC3E00201500020043
S21404CB800108FFFF05000000020008001600080068
S21404CB900108FFFF01000000E03E0020170002002D
S21404CBA00108FFFF05000000020009001800090044
S21404CBB00108FFFF01000000D03E0020190000001D
S21404CBC00108FFFF0000000018CA04001A00000055
S21404CBD00108FFFF0000000004CA04001B00020056
S21404CBE00108FFFF05000000080000801C0000800C
S21404CBF00208FFFF07000000000000003CCA040013
S21404CC001C001C00D8C904000E000E00F4C9040061
S21404CC10010001000100FFFFFFFF000076636F6D57
S21404CC200000000020CF04000000000000100E00EA
S21404CC300002030110CF04000005000600080007E8
S21404CC40000010003400035A683F00201949010010
S21404CC500B970300C5970300F3970300F3960300AE
S21404CC600A0000005B435D2000000000433A2F5595
S21404CC70736572732F4D53492F53696D706C6963D6
S21404CC8069747953747564696F2F53444B732F73A7
S21404CC90696D706C69636974795F73646B2F617016
S21404CCA0702F626C7565746F6F74682F636F6D6D2B
S21404CCB06F6E2F696E5F706C6163655F6F74615F22
S21404CCC06466752F736C5F62745F696E5F706C6107
S21404CCD063655F6F74615F6466752E6300000000B1
S21404CCE025733A2564203A25733A200073630000BE
S21404CCF05374617475733A202573203D203078256B
S21404CD003034782000000000417373657274696FD4
S21404CD106E206661696C6564000000000000000017
S21404CD2000000000736C5F62745F696E5F706C6114
S21404CD3063655F6F74615F6466755F6F6E5F65766B
S21404CD40656E740064656C61795F74696D65725FA5
S21404CD506362000028000000292000003F00000055
S21404CD6001040000020300000500000000000000AB
S21404CD7040420F0005010000000000000000000013
S21404CD8000000000020100000202000013B779FA56
S21404CD90C925DDB7ADF3CFE0F1B614B80102000043
S21404CDA000000000FFFFFFFF20000000010000005D
S21404CDB0000000000000000000000000000000006A
S21404CDC0000000000000000000000000000000005A
S21404CDD00000000000000000000000001E00000329
S21404CDE067B503007DB5030087B50300BFB5030030
S21404CDF083B60300CDB503002BB603000200000083
S21404CE002C000000000201005500EDFEFF00640047
S21404CE101E0000007F001B0DD063FDFF3600B70325
S21404CE204DDAFFFF1C005901EC3600001100BD006E
S21404CE30C83B00000B0071001435000007004900D1
S21404CE40352C0000050037000526000003001400FA
S21404CE50FF140000E1FE59FF8FFFADFFC1FFD0FFB6
S21404CE60DCFFE4FFEBFFF2FFF6FFFAFFFDFF000036
S21404CE70030005000009007F08CE04000100000F2F
S21404CE8054CE040000000000000000000020000053
S21404CE9001200000FFFFFFFFFFFFFFFFFFFFFFFF74
S21404CEA0FFFFFFFF202C00200100000004000020EC
S21404CEB011680000000000000040025C0000000052
S21404CEC00000001000000000E5CB03000B0000008B
S21404CED00B000000020000000000202000000000FC
S21404CEE0030000008C8C3C000000000000000000E2
S21404CEF000000000012600000400000000000000FE
S21404CF000001000000000000010304010101090300
S21404CF10180000001A0000001E00000008000000B0
S21404CF200000035A1400000010CF0400000000584C
S21404CF301200000018CF04000500000000000000E6
S21404CF4000C2010000020000001000000000000003
S21404CF5000000000000000000500000000000000C3
S21404CF608025000080020000001000000000004041
S21404CF7000000000000000000100000005000000A2
S21404CF800200000300000000000000004E0C000039
S21404CF900000000000000000FCCB040000000000BD
S21404CFA0000000000400000000000000E2FF500043
S21404CFB044D404000000000028D40400000000004C
S21404CFC044D2040000000000D4D304000000000093
S21404CFD0DCD3040000000000A0D3040038D0040012
S21404CFE0B0D404004CD004006CD404003CD004003C
S21404CFF0FCD3040040D0040060D20400000000000B
S21404D000000000000000000030D4040078D30400C0
S21404D01014D404008CD30400ACD30400C0D304009E
S21404D0209CD4040058D404004CD20400E8D3040072
S21404D03084D2040000000000010000000400FB008D
S21404D040030000009DEC0100000000000200000048
S21404D0500000000000000000000000400000000087
S21404D06001000000FFFFFFFF0000000100000000B9
S21404D0700000000000000000FFFFFFFFFFFFFFFFAF
S21404D080FFFFFFFFFFFFFFFF00000000FFFFFFFFA3
S21404D090FFFFFFFFBCE6FAADA7179E84F3B9CAC22A
S21404D0A0FC6325516B17D1F2E12C4247F8BCE6E548
S21404D0B063A440F277037D812DEB33A0F4A13945B8
S21404D0C0D898C2964FE342E2FE1A7F9B8EE7EB4A5D
S21404D0D07C0F9E162BCE33576B315ECECBB6406894
S21404D0E037BF51F5FFFFFFFF0000000100000000FE
S21404D0F00000000000000000FFFFFFFFFFFFFFFF2F
S21404D100FFFFFFFC5AC635D8AA3A93E7B3EBBD55E2
S21404D110769886BC651D06B0CC53B0F63BCE3C3E36
S21404D12027D2604B64D00400C0000000000000005A
S21404D13000001000200000006BC0BCE12A45999155
S21404D140E134741A7F9E1925AE2D8A571E03AC9CB3
S21404D1509EB76FAC45AF8E5130C81C46A35CE41135
S21404D160E5FBC1191A0A52EFF69F2445DF4F9B17B9
S21404D170AD2B417BE66C37103FF1CAA1681FAC09A2
S21404D180120ECA307586E1A72B7E151628AED2A6D7
S21404D190ABF7158809CF4F3C000000005053410000
S21404D1A04B45590000010102010202030102070B6C
S21404D1B00B0701160C00000108080000050108FF13
S21404D1C0FF02FFFF0808020204FF010022FFFF23FC
S21404D1D0080F030304040A0AFFFF2AFFFF141919A1
S21404D1E01B011C15120400480C1404131510801A95
S21404D1F0801280800001020404000000F401000094
S21404D200FA00000096000000640000004B000000D6
S21404D210320000001E0000001400000000000000A1
S21404D22001010F0E0C080C080D18100050004000E9
S21404D23008005000240004009001500240009001B1
S21404D240AE0110001977020000000000090000007B
S21404D25000000000000000000000000000000000C5
S21404D260DD41040000000000A0030906A00609052D
S21404D270A0070904200509037D7A0200200209029A
S21404D2804D7A02000A0000000000000000000000C2
S21404D2900000000000000000A0010A05A0030A0424
S21404D2A0A0080A03A0070A02A0060A01A0030900B0
S21404D2B020040A04BD7B020020050A028D7B0200BE
S21404D2C062676170695F6275666665727300010005
S21404D2D00200000000000000030049725314497263
S21404D2E007FF000102030405FF145300724907CD2B
S21404D2F0F66761747420636F6E6E656374696F6E2F
S21404D30000000000FB349B5F8000008000100000DB
S21404D310000000006B6A040099470400FD960400B0
S21404D320F195040001020C0000000400000008004F
S21404D33025AC020055AB0200014903003D6F040012
S21404D340B76F0400B16F0400C14E03005397040086
S21404D350696F0400B36F0400B56F04004D6F0400DA
S21404D360AD6F04004F6F04006B6F0400C1A502008C
S21404D370EF6E040015A70200020000000000000083
S21404D3800000000000000000000000000400000090
S21404D3900000000000000000000000000000000084
S21404D3A0136F040000000000A001040156000000F2
S21404D3B00000000000000000000000000000000064
S21404D3C0050000000000000000000000000000004F
S21404D3D000000000C1AB0200000000003F6F040024
S21404D3E000000000A0130500460000000000000036
S21404D3F0000000000000000000000000E9AD02008C
S21404D40000000000A0070A00A0040903A005090202
S21404D410A00609010F000000000000000000000044
S21404D4200000000000000000456F0400000000003B
S21404D43001000000000000000000000000000000E2
S21404D44000000000EDAE020000000000A00101078D
S21404D450A00001040204080006000000000000000A
S21404D46000000000F5AF0200BDAF020025B00200C8
S21404D47000000000A0030601A0090609A002060891
S21404D480A0050607A0050606A0070605A0020604D2
S21404D490A0010610A0080602A00D06004300000026
S21404D4A00000000000000000000000000000000073
S21404D4B039B3020000000000A0064306A005430599
S21404D4C0A0054304A0044303A00D4302A00D43019A
S21404D4D0000004020503060107010108090A00000A
S21404D4E0A0015C02A0035C01A0025C00A0020F097C
S21404D4F0A0030F04A0030F03A0050F02A0010F0151
S21404D500A0050F00A0040108A0030106A012010054
S21404D5100101020420025602A5AB020020025601B5
S21404D52079AB020020010605D5B2020020080604E5
S21404D5306DB2020020000205FDAA02002003430586
S21404D54005B5020020054304D9B4020020044303B1
S21404D5502DB50200200943018DB402002002050304
S21404D560F9AB020020050506D5AB0200424C455F28
S21404D570535441434B0000008DC00200D5C0020046
S21404D58075C00200E1C00200C9C002000B740400AA
S21404D590477404006D7404008F740400B1740400AE
S21404D5A0FDD30200ADD30200B9D30200A9D4020011
S21404D5B0C3760400D3700400D7700400E37004003C
S21404D5C0DB700400DF70040000000000A801000007
S21404D5D0800B002010000000280D0020E1FE000053
S21404D5E002000080FF7F00000080FF7F0C02524193
S21404D5F0494C0000A00000001DCC020050000000B2
S21404D60095CB0200000000010000010100010101A9
S21404D610E5CE0200C9CE0200C5020300C905030018
S21404D620F904030001010203000400011F150F158D
S21404D630150F151FFFFFFFFFFFFFFFFFFFFFFFFF95
S21404D640FFFFFFFFFFFFFFFFFFFFFFFFFFFFFFFFE1
S21404D650FFFFFFFF00A801A802A8000000B801B859
S21404D66002B800B0100605002806050040060500AE
S21404D67058060500700605000304040808050000A3
S21404D6800000000000000000000000000000000091
S21404D6902C340000000400002C38000018000000A1
S21404D6A0383E000008000000342F0000F804000094
S21404D6B04438000004000000343E0000030000006C
S21404D6C000000000342F000048380000010000006D
S21404D6D0403E00003900000001000000343E000017
S21404D6E0F52900000D2A00000D2A00000D2A00006E
S21404D6F00D2A00000D2A00000000000000000000B3
S21404D70000000000000000000D2A00000D2A0000A2
S21404D7100D2A00004D2E00000D2A00007123000083
S21404D720812300000D24000055240000E12400009D
S21404D7305126000001250000F12600004D250000BA
S21404D740952500000D2600006528000035290000F8
S21404D75043230000972B00005D200000B52B00003B
S21404D760312C00000D2A00000D2D0000D52C0000E1
S21404D7700D2A00000D2A0000552D00000D2A000079
S21404D7800D2A00000D2A00006D1000006310000032
S21404D79077100000811000008B1000008C48806811
S21404D7A0000200D4704780B580208002A849086033
S21404D7B0CF2000F04BFA01BDF8B586480068864CC9
S21404D7C0802292032260854E316809051DD5110B0F
S21404D7D0A023034001D0216017E002403FD18027F8
S21404D7E07F4A17607F4A1760084038D0784D287AF9
S21404D7F0400705D501207C49086000027B49086083
S21404D8002878002801D0062801DB0020F2BD00F0AD
S21404D81057FB716889684E682978052907D1B905C8
S21404D820A1606E60B668CC218901704A116000F070
S21404D83050FB012E00DA0226BC20800585490860CC
S21404D840942080058449086065480021C943016422
S21404D8507142416481490F6040210160D5E7B148B7
S21404D8600160FFF79BFF0120F2BD5A480168890555
S21404D87004D5C06E0004000F022801D000207047B3
S21404D8800120704738B580245548046000F018FB22
S21404D89005007348006800F065F9280000F019FBDD
S21404D8A0FFF77CFF4A48007A000705D5A0004A49DE
S21404D8B0086000F004FC31BD60039A490860B04873
S21404D8C0046031BDFEB50500CC2080019649486051
S21404D8D0012696480660FFF7C8FF002877D03C4C20
S21404D8E02078002873D031020195052802D02A46F4
S21404D8F00A406CD1CC27BF018B4A1760A14A126834
S21404D90053075B0F022805D1022B5ED30801374963
S21404D9100860F7BD4D01032804D1022B55D93348BE
S21404D9200560F7BD042802D111404ED0F7BD052886
S21404D9304BD10198002848D0C005C10F68464170F5
S21404D9400198C004C10F6846017000F0B9FA02904D
S21404D950606869464978002903D006688021214A10
S21404D96011602C0488496A461278002A0CD0C268D2
S21404D9700B68D21AA74B1B68234001D0066800E048
S21404D9804668964200DD1600684640786A46127875
S21404D990024308D008684242B01E824202DA70424D
S21404D9A0886000E00026029800F093FA019880054B
S21404D9B001D5994804600198054001D09748046051
S21404D9C0002E02D009480760F7BDFFF75BFFF7BDDE
S21404D9D0403E0000400002A8402002A8C83E0000C6
S21404D9E00CC001A890E001A894D000A8505201A849
S21404D9F038B580248A48046001204C490860894D63
S21404DA002878052802D0600087490860FFF72DFFB4
S21404DA10002812D012480068000A80214140A868F5
S21404DA20000EC9B2814208D2564800684007400F2B
S21404DA30022802D2FFF726FF31BD7C480168C022C7
S21404DA400A4002D1C06F204001D00448046031BDB2
S21404DA501C1002A808E001A808D001A894D001A8C8
S21404DA6018C000A8F1B582B00F008026B600A0202A
S21404DA70384002D06E48066052E000F021FA00906A
S21404DA806C480468F80202D5A0680069029000F0A9
S21404DA9067FBB102606800F06FF92278200000216D
S21404DAA0521C4378934200D2002218235343C518CD
S21404DAB00C352B78082BF3DA14000270856028786E
S21404DAC0584A10703E400CD000F0FAF959490968DB
S21404DAD08968CE6800F0FDF9F80201D40320864375
S21404DAE031005048816001260846304003D100F0DA
S21404DAF0F8FB00F0B6FFF104686900F03DF93C203D
S21404DB0000F0A4F8E0B200F0A1F8009800F0E1F903
S21404DB1030054749086048480660300202490860F4
S21404DB200298FEBD401002A84C6201A894E000A82A
S21404DB3010B542480068800501D4FE2010BDC02000
S21404DB4080033F49086000F0BBF93A4909688A78BF
S21404DB50D20702D589688C7800E00C7800F0B9F911
S21404DB60200010BD334909688A688B78DB0704D522
S21404DB70927818235A438A180C3290607047000033
S21404DB80100002A8084001A848C001A8F1B582B058
S21404DB902C4F3C680026200F000702D1E0010290BB
S21404DBA02AE000F05EFF00F08BF901908021090363
S21404DBB0606800F0E1F825786D1C6078A84200D211
S21404DBC00025E80020180C300090006802908021A0
S21404DBD009030098406800F0CFF83D2000F036F8BE
S21404DBE0E8B200F033F825700098A060019800F0C1
S21404DBF070F902A800F09AFF13480068800407D55D
S21404DC00786901F050FC02990818029000D5029633
S21404DC100298FEBD480002A8481002A8482002A8A0
S21404DC2094E001A8403E0000506201A814C001A878
S21404DC30402002A8CC3E000090E000A8400002A8C5
S21404DC40401002A8D03E0000FC0302A8414909681F
S21404DC50002901D5404908607047F3B581B03F4FAD
S21404DC60B9683F4C4A004CD50125090100D5212549
S21404DC7001003C4A1068566822689206920E944642
S21404DC803A6893008022134062461343802252006F
S21404DC901A4300920A0023D0890601D5012008E021
S21404DCA0F021014007D16946097A0C220A4002D0C5
S21404DCB0022000F03FF82C49096809040AD539689F
S21404DCC0090701D5022605E03968490301D500266F
S21404DCD000E003264835009A24490968890003E0D1
S21404DCE0009A2249C96909094023194011439A0038
S21404DCF0002E02D0164326660835216602432266A5
S21404DD002566E06D4407640F00F0C4F8A0070BD046
S21404DD10052C09D0B868000406D400F0D1F8022116
S21404DD20134A116000F0D5F800F0BDF8002000F0AA
S21404DD3001F8F7BD0B490A68F0239A430001104323
S21404DD400860C0B270478020C0020A490860704765
S21404DD50000000004C0002A8884000A8440002A866
S21404DD60284000A8683F0000384101A8084001A8E0
S21404DD707CD40350485000A880B5664A116001F070
S21404DD80BDFBFFF7E0FF01BDFEB500F099F8029079
S21404DD90102061490860002360480360022060493F
S21404DDA008606048C0684005C20DD52A01D2D52255
S21404DDB004E0D1204000824200D902001000010095
S21404DDC0594C0194843C246864011DD5574C009436
S21404DDD0251D574E367806277E43AA530024019DF8
S21404DDE02D7CE540ED070CD5009D06266643AD194F
S21404DDF0AD888FB2BD4200D2290086B2AE4200D2B0
S21404DE002800641C022CEAD389B246310904494C22
S21404DE100C404638C005C00D204342490860C02067
S21404DE200006454908604048017D00290CD0434956
S21404DE30D52A02D98024E4050C60D1246400A242C9
S21404DE4002D2802424060C6010213D4C21603D49FA
S21404DE500B604188002900D10280029800F039F84E
S21404DE60F7BD80B53848394908603948C1680902A1
S21404DE70090A19225143416005210160FFF784FF16
S21404DE8001BD33480068C00300D4704780B5FFF76F
S21404DE907BFF01BD8020C0021E4908602D48006833
S21404DEA04007FBD470478020C0022B4908607047A7
S21404DEB001E02A4908602A4909680140F9D17047F7
S21404DEC0284800682021284A11601021274A11603A
S21404DED070473021014002D1102023490860704762
S21404DEE02048006830210140102901D101207047E4
S21404DEF0002070471E4800780621014007D01D48C0
S21404DF000068022803D0032801D0012070470020AF
S21404DF1070470000401002A8F41302A8048002A868
S21404DF20409002A87C400050743F0000643E00000D
S21404DF30603E00000000FF01A0600050A4500050A6
S21404DF40F42302A818E000E07F1A0601500002A895
S21404DF5010E000E0400002A8402002A8282002A802
S21404DF60280002A85C0002A85C2002A85C1002A894
S21404DF70BC3E00006C3F0000FEB5534880214902B9
S21404DF8081610221514A51600021514A1160514A6F
S21404DF90118003214D4A1160022101604E48046835
S21404DFA020204E49086080204D490860CC2080011E
S21404DFB04C49086001204C4908604548806F019030
S21404DFC00F26000B3040009048480068C505ED0D4C
S21404DFD0103DC0202843C0B2FFF738FEE0050BD53D
S21404DFE00098092808D0FFF785FF002802D040488B
S21404DFF00068804701F0D8F8019806403D48046858
S21404E000032E04D0022E06D10098032838D000F040
S21404E01003FA032E04D00098062831D1062D2FD0FB
S21404E020354800680127C00B384001D001F084FB56
S21404E03032480068000108D5052D06D10125304870
S21404E04007606805FFF734FF00E00025210000980C
S21404E05000F0E4F904002B4E002D05D000F08AFBF6
S21404E06037600220284908607805706580092749CA
S21404E0700860FFF73FFF002802D025480068804765
S21404E080124880214902C1610099002908D1022161
S21404E090416000200E490861C020C0001D49086088
S21404E0A02000FEBD80B5FFF7F5FE1B48007880060D
S21404E0B002D4022019490860FFF7F5FE01BD0220CC
S21404E0C017490860704700002C1002A8282002A8F0
S21404E0D0340002A8743E0000B40002A894E001A82C
S21404E0E00CC001A8506201A894E000A804ED00E06A
S21404E0F03C380000B44000A800E200E0F03E000017
S21404E100645000A8646000A82C4000A880E200E0E8
S21404E110383800002C6001A8C83E0000081002A889
S21404E120082002A87B480068800700D4704730B5F2
S21404E13081480421904A0123E024E40085682540B0
S21404E14002D01360D160D3600068044002D013602C
S21404E1505160536030BD8948012181600160704779
S21404E16010B5012075498A680240FCD1844A04230C
S21404E170D3600C680440FCD15360106010BD814924
S21404E18008680122104200D1704710B5E023DB0076
S21404E1900340FF24A41CA34204D37B4B1B689B06AA
S21404E1A000D54868024001D000F0B6F810BDFEB5B0
S21404E1B00700C82075490860062075490860802055
S21404E1C040037449086074480168744A0A40802110
S21404E1D0090111430160724CC020C0002060022572
S21404E1E0A56168036F4908606F4E7048F0664C205E
S21404E1F06F49C86638686F498968814201D20091C0
S21404E20000E000900099401A38600121380000F0C0
S21404E21055FB01903868009940183860FFF782FF74
S21404E220634800686349086063480168490601D585
S21404E230624900E0624931670199002908D1032147
S21404E240E16100683068054002D0802080022061C9
S21404E2500198FEBDF1B55B4C8020C00120605A4D8C
S21404E2600126AE62594F3E601D202860562068661F
S21404E270072001F00FFB0220286006212966544976
S21404E2800968002902D40821296669665149296566
S21404E290C021C900504A1268F823DB01134001D19B
S21404E2A0A96700E07961E16B314008D0216BC907AA
S21404E2B005D44A490968084001D101F0F3FA4848F0
S21404E2C048490860206B064001D1FFF72BFF0098F1
S21404E2D001F0CEFA206B8001FCD4206A4249086023
S21404E2E0F1BD30B53748414B0121026B0A4001D1DC
S21404E2F05961D9603E4A3F4C54663F4C146503242A
S21404E3001C600023CE4D2B6014609162C90301602B
S21404E31030BD00004C0002A8F0210901374A116004
S21404E32001403748016020203649086036490968AC
S21404E3300840C849086070476C0102A8700102A82A
S21404E34080B532480821324A13680B4001D0016177
S21404E35041611178C90602D5862109010160FFF7DB
S21404E3600EFF14202B490860BB480168490701D0FA
S21404E370FF21416101BD0000681102A86C2102A8BA
S21404E380682102A8783F0000400002A8548001A833
S21404E3900C9001A8942002A8680102A8FFF1FFFFD0
S21404E3A0441102A8A01002A8E40002A8294E060000
S21404E3B0300002A8A03F0000FC0302A8CC3F0000E7
S21404E3C0C43F0000100002A8E01002A8442102A8DE
S21404E3D028C000A80C1E0000A88001A8483E000023
S21404E3E0FFFF7F7FB46000A89C3F0000602102A866
S21404E3F0E02002A85E060000041E00002C6001A8AF
S21404E4002C5001A8442002A8084001A8301102A8F4
S21404E410F84F0000703F000070470000F8B586B063
S21404E42005000C008D48866AFFF74AFD0590B00586
S21404E43003D58B480068FFF795FB00200190012266
S21404E4407306DB0F87498F688860B8204000864EC5
S21404E45030606608B82030400978F0260E40402E1A
S21404E46002D10100402008430D2D02D139000427B3
S21404E4700F43790704D501001420084310218C4368
S21404E4807A4909686D462A7004930500784EC805D3
S21404E49006D58020400077490860280001250543FA
S21404E4A00498002811D10C20284008280DD02800F4
S21404E4B06A49496BCA0601D410229043890601D4DE
S21404E4C020218843B121014067D06846007800289F
S21404E4D065D0B26BB06D012101235207520F921D15
S21404E4E09340C004C00C181A80B2082809D28025AC
S21404E4F006205A4A106008049D4A106000206A46A6
S21404E5001070812028404DD00820049A002A00D19B
S21404E51030623A00082717431020844304200390EF
S21404E5200005984A10604008974A106097480160B2
S21404E53068460078002832D00398062838D39448D2
S21404E540806BC00634D593480068000E019090484E
S21404E550006880B202908F48006A000604D00298D1
S21404E5608021490101430291FFF7C4FC002809D029
S21404E57089480078C00605D002988021C901014365
S21404E58089B20291029830610298001230613748CD
S21404E5900168C80500D57AE70AE0082030620094CE
S21404E5A0049732E090A06906C90E405C0390BFE76A
S21404E5B00094049703982949CB6A764A126834680B
S21404E5C06F463C8128241C400443980CC001204319
S21404E5D01C001B0E234010242340034390004022BB
S21404E5E01040184302AA9070086B000A02A9C8706B
S21404E5F0FFF79EFA02A908710198487167480068F7
S21404E600C8800298F0660398F0660598FFF761FCE8
S21404E61008240098400601D55A488460FFF76AFC2F
S21404E620002805D05E480078002801D05D480460C4
S21404E6300498C1B2E8B2FFF710FB009807B0F0BD2B
S21404E640400102A8081A03D2574909684018401C1A
S21404E65070470000441002A80C4000A8180002A846
S21404E6601CC000A8683F0000B46000A81C0100AAF3
S21404E670540000AA1C2100AAF8B54C4E0F2401250C
S21404E6804B491027706B38401BD00120087049484E
S21404E690006849490968FFF7D5FF484909684018E2
S21404E6A001284BDB01F0AAF945490968090B0C401F
S21404E6B0022C41D16905434A11604349CF63356052
S21404E6C03AE0F06BC0001ED540480068E02189059A
S21404E6D0014033D03A4D2868210301407802814234
S21404E6E02CD1FFF7EDFB3A4A3A490968C90502D529
S21404E6F03949096811602968090B21400229F3D0B9
S21404E700FFF7E7FBF1BD354E3068002816D00D70D4
S21404E71001F0AEF8002811D101F070F92849096813
S21404E720090B0C40022C07D12904264A1160022149
S21404E730254A11600021316001F064F9F1BD8020A2
S21404E74080042749086070478020400424490860F4
S21404E75070478020C0042249086070478020000566
S21404E7601F4908607047802040051D4908607047AF
S21404E770141100AA1B480168490701D0FF21416112
S21404E78070470000401002A8205001A8006101A8AC
S21404E7901C4000A8084001A8C43E0000448001A80C
S21404E7A048380000845000A838C001A8100002A809
S21404E7B0773E00001CC101A820C001A8E03E00006E
S21404E7C0AC0002A81C1002A8082002A8204001A839
S21404E7D0800000AA084000A8904000A84C3E000014
S21404E7E0382002A80C4000A8030107060301070608
S21404E7F005010606050106060302070603020706C8
S21404E8000502060605020606FF2807D0032805D2D9
S21404E810A9490978C140C807C00F7047002070474F
S21404E820F0B5802000020821A44A11600A230121C1
S21404E830A34A01249C400443B6A5ED5C2543956099
S21404E840F025A04E35609D4DB5A6F65C02273743ED
S21404E8502F6004262E609C4D2D680D4006D1CD02F7
S21404E8606D1E03D0966C3603FAD401E00220F0BD88
S21404E870956CD66C6D036D0BAE4200D220005B1E09
S21404E880D7D508238F4C23609060904B1B685B01A0
S21404E89012D58F4C63785D1C01262E4066701D00D1
S21404E8A00626754365191268AA80E8802370824894
S21404E8B002789940114301700020F0BDF1B582B092
S21404E8C0FFF749FC002481480068400102D4012077
S21404E8D001901DE07F48826B00207D49C3B2062567
S21404E8E06B43CB189B8895B2AB4204D0401CC3B292
S21404E8F0022BF3D3FF2008700120019073480068B0
S21404E900400105D50878FFF77FFF002800D0019462
S21404E9107148006871498861714D02980068296DD4
S21404E9204618002E15DD00F072FD2860C001301A6E
S21404E93000280EDDFFF714FC00F093F80298006838
S21404E940296D401800F094FF050002D00298046078
S21404E95085E0644E802080003060604A1068072896
S21404E9602ED005210840052805D011600C2000F0A3
S21404E97091FF050073D15C4D5C482862FFF7F0FBFD
S21404E98002202860E020C002594908600002594964
S21404E990486080208004706002203060012000F00F
S21404E9A079FF802040002862022000F073FF902048
S21404E9B040012862022000F06DFF8020C00028621B
S21404E9C04D4EE02040003060042000F063FF050058
S21404E9D03CD10220474908608002B062C001B062A0
S21404E9E010203C4908600127F76540264348006824
S21404E9F030401BD135480068400113D534480078B0
S21404EA006946087068460078FFF7FEFE002809D0BD
S21404EA102F4869460978062251434018C0882D4974
S21404EA20086403E0FFF7FCFE05000FD129480760E1
S21404EA30C467022000F02EFF314C2660B000206030
S21404EA40022000F027FF8120C002A062019800285F
S21404EA5005D02A480068800101D4FFF712FA28007E
S21404EA60FEBD70B5FFF777FBFFF77AFB0226194861
S21404EA700660244DF0022862C4082C62012000F0CF
S21404EA8009FF600828622E601F482862E0204000C4
S21404EA901B490860174D2E60FFF7FCF91B4E3078B3
S21404EAA0002800D005200D490860FFF7FCF92C600B
S21404EAB017480068706370BD843F0000889001A802
S21404EAC0448001A888A001A8140002A8F03E000013
S21404EAD0603E00000C8001A8F80302A83C0102A8CE
S21404EAE08C3F0000941002A83C1102A8BD08000048
S21404EAF0142102A8942002A82C9001A84C0002A875
S21404EB002CA001A83C2102A8FD680000603F00007C
S21404EB10300002A8000000010102040810202000B2
S21404EB20505050404040403020202000F8B50400AB
S21404EB30FFF716FB2948C021C900294A1268F823A2
S21404EB40DB01134002D1274A116000E00160009403
S21404EB502549AC2252008A640A220A60234980228C
S21404EB6052030A60224C626A224B13408022D2006F
S21404EB701A43626280222260022242605003C86006
S21404EB801D48E0601D4E4C20F0661D4D68699621B8
S21404EB90C901471800980068874200D30700C01BC5
S21404EBA00099086000210098FFF788FE009909681C
S21404EBB0C919009A11603168296012490968490622
S21404EBC001D5114900E011492161F2BD8020000100
S21404EBD00F49086000010F4908607047582102A8D1
S21404EBE0AC8001A8581102A80C8001A8941002A8B1
S21404EBF0440102A8FFF1FFFF286E0600300002A8B9
S21404EC00903F0000FC0302A8CC3F0000C43F000075
S21404EC10401002A8685000A8F1B584B0B448006853
S21404EC200390B448006B9621C901401804998842A1
S21404EC3005D2081A00F01CFE002800D013E2AE4CE1
S21404EC406068C00700D50EE20420AC4988628003E1
S21404EC50AB494862AB480568606B8607B60F032E5F
S21404EC6003D01020A549886224E008468021890242
S21404EC704162A16B890601D5012062E0290610D500
S21404EC80A26B02210A400CD19F4A05231360A36B92
S21404EC9010273B401943116000211160616B090A7B
S21404ECA0116004218162A06B002803D5C803934930
S21404ECB048620026606B400705D5606BC000802163
S21404ECC04900084003E08B488068C10701D5FFF778
S21404ECD023FB0122154008D0B748B1014018006A4A
S21404ECE0C004C00C401EB549086000200021B44B87
S21404ECF0DB6E1B0417D5B34B1B68002B13D4012102
S21404ED00AE4B5B69002B0ED0AF4B1A70AF4A106047
S21404ED101022AF4B1A60CA06AE4B9A670723AD4D56
S21404ED202B60AB4B5A65AC4AC0239B00136035027C
S21404ED30002901D0190000E02900CC4E3160536050
S21404ED407560E16B942292050A40150000D00125F7
S21404ED5080263602284300062CD06A482821405CC8
S21404ED60C0210140402902D1FFF79CF901E0FFF7DA
S21404ED70A6F9202020602D0600D174E1944D606B26
S21404ED80400708D570085E4948620220686000F0B3
S21404ED9059FA002806D00420584988624002584987
S21404EDA048626E6057480078000600D45BE1300184
S21404EDB05249FEE00125606828405AD1AC480068F4
S21404EDC0C005400F022803D0032801D0062802D12C
S21404EDD069464D7005E0002069464870A548A64976
S21404EDE04860680446498862FFF754F87348406EE2
S21404EDF0E16B0E4008D1C00606D5FFF761F8022184
S21404EE009E4A1160FFF765F8FFF74DF82803206067
S21404EE109B4EC02000067060280497490860606B0B
S21404EE204007C10F684601703020039949072CD566
S21404EE304021A24A1162904F490139660321916428
S21404EE400021116030607D6580207060062000F02F
S21404EE5021FD00280DD12802F866022000F01AFDD4
S21404EE6028029749886618207060082000F012FD72
S21404EE70002800D0F7E024207060E020C00290490B
S21404EE80C865A020C00238666FE0E16BC90246D5AB
S21404EE90BE4949680902090E01914909022901DBA4
S21404EEA0884A01E0B32292000199302937D31149E8
S21404EEB00B88E72B33D395277F00BB4205D8FB1A74
S21404EEC01B095A43920A534204E07F4FDB191B097D
S21404EED05A43930A5BB2019AD2180F6BBC46CF6BA7
S21404EEE07B436746FB180B639F2A0FD39F2210E0D1
S21404EEF0FC0302A8743F0000100002A81C2002A80D
S21404EF001C1002A8C83E0000E40000AA202A00D86C
S21404EF1021221102114312040A4329490A6067494F
S21404EF20AA020A629A4A8A6414220A603060524F1D
S21404EF307D65E020C0026249C865A803B866400241
S21404EF407060062000F0A6FC002833D12D06FD666E
S21404EF50022000F09FFC5A48856668097060082005
S21404EF6000F098FC002825D17560032000F092FC80
S21404EF7088481849886700F04AFA874D401DC00142
S21404EF80296B401801908548406F8021C9010840CC
S21404EF9002900846824908600198049988421FD264
S21404EFA00846296B401A00F063FC002816D0029825
S21404EFB07C49086057E000BF0C0000AA204000A867
S21404EFC0CC4001A8784201A8763E0000703E0000BE
S21404EFD0645000A83C6000A8046100A8049801904E
S21404EFE0206AE86204270398384001D0402002E0F3
S21404EFF0F8057060C0087060012000F04BFCB80192
S21404F0001D490860019800F033FC8A4E6846007873
S21404F010002805D161480068F06138058649086013
S21404F0200298604908608548854908602448790242
S21404F030416669464978002900D10760206A6862FB
S21404F04068460078002808D0012000F023FC3078B9
S21404F050000602D5780492490860E06BC00202D527
S21404F0604A480068286305B0F0BD00BF045100A8F4
S21404F070204001A8040000FFB41002A87CE403505A
S21404F080441102A810B5FEF71BFF864900240C6045
S21404F0900A22CA61FEF71DFF8348C0218902016067
S21404F0A082494160824810210160C90541654020BB
S21404F0B0804908608048047010BD0000400102A822
S21404F0C0B82002A833070000D6FEFFFF7B48406B3B
S21404F0D0800300D47047F8B57948046800270020F8
S21404F0E000257849E20706D5C02080028025ED0376
S21404F0F0EA0A0A6003E0A20701D403204025284355
S21404F100C862012000F0C6FB802040006E490867F4
S21404F11008206E4908606E490968090203D46D49DF
S21404F12009680140FBD0012000F0B4FB6A4EE007FA
S21404F13002D58020800430643564042000F0AAFBE5
S21404F140600702D5E020C002F06064483064012005
S21404F15000F0A0FB62483064C320000630645A48BE
S21404F1608021490201671021B163890271615D49FA
S21404F1700F60012232603022F2638F62802189019F
S21404F1804E4A116009010160F1BD0000F83F00001D
S21404F190F3070000FFFF7F7F743F000020C001A834
S21404F1A094E001A894D001A8F8B54F4800680D274C
S21404F1B007400424002F00D104274C48102566037A
S21404F1C008214B4A4B4B1B682340126814D04260FC
S21404F1D0394004D00220FEF7ADFD474806603C40A7
S21404F1E007D046480068054344480560B0084249CD
S21404F1F008600220424915E00260394005D002202A
S21404F200FEF798FDA0023C4908603C4006D03B4807
S21404F21001680D4305607009374908603848066080
S21404F220300329490860FFF751FF00210020FEF74C
S21404F23014FDF1BDC83E00001C1002A80300030024
S21404F240482102A810B580202E490A6802400AD038
S21404F2502D4B1A680624144005D15C6E2B4A2240B6
S21404F2601B6D9C0101D5002010BD096808400DD017
S21404F2702748824203D1180501D5012010BD254830
S21404F2800068C107C90F481E8041C00F10BD224840
S21404F2900321C163A8218163102101607047000027
S21404F2A01C2002A8D80000AA402002A8040000805F
S21404F2B0646000A82C4000A8763E0000100002A857
S21404F2C0FC0302A81C1102A8442002A84C6201A850
S21404F2D0C44001A84C4201A8082102A82400000149
S21404F2E098008800600102A8B44000A8E83E000028
S21404F2F01CC101A8440002A8401002A8683F0000F0
S21404F300685000A8400002A814C001A81F1F0000EF
S21404F310010C000030C101A8082002A86C4800684F
S21404F3200121084209D16B4A12686B4B000C184045
S21404F330F03291400B40984201D0022070470020E2
S21404F3407047F8B507000F386A461080604CA0680E
S21404F3500A0004D16B461B8882B29A423AD2002233
S21404F3606B461A80012502263A0013D022683240E2
S21404F37007D000292ED059480088401C57490880D9
S21404F38000203900E16056490E6080B2B84201D3CD
S21404F39069460D805348456000E030BF2068304021
S21404F3A003D1FFF7BBFF0028F7D04D48456039006E
S21404F3B010D02168314005D048490A886B461B881E
S21404F3C0D2180A8006600020E060A068B84201D225
S21404F3D044480660FFF7A2FFF2BD38B5050000F00A
S21404F3E00DFB0400012199204543A8093E4A1268F2
S21404F3F08018123880B2FFF7A4FF05008020C001F1
S21404F4003A490860200000F0FDFA280032BD33486F
S21404F41003883549096802889342F9D1100408180C
S21404F4207047FEB51238070C6946088000F0E6FA05
S21404F4300190274C294D2888B8421ADA01202C4915
S21404F4400860274E30BF02202168014006D0306095
S21404F4504003264908602888401C2880FFF75EFF82
S21404F460002802D12988B942ECDB0121716000280A
S21404F4700DD12888B8420AD1A0686946098888420E
S21404F48005D2002168460088FFF75BFF01E0FFF71E
S21404F49045FF04008020C00114490860019800F06C
S21404F4A0B1FA2000FEBD10B512490A680E4B1B685F
S21404F4B00C689442FAD0DB014033141A02D28869ED
S21404F4C02418641C0C4800684443181B10BD000034
S21404F4D0280002A804ED00E0FF3F0000743E000090
S21404F4E0282002A8281002A8300002A880E200E023
S21404F4F02C1002A820C001A8B43F0000F0B502E01A
S21404F5000A601C602E607EC84F1C07D05F1C04D0A7
S21404F5106F1CF5D10A601C60F0BD0A60F0BD0000E7
S21404F52080B5FEF707FC01207F49086001BD80B561
S21404F530EB2000F001F801BD30B57C490B6818409B
S21404F5401022134210D07A4B7A4C2468224008D0FA
S21404F550AA4A14682402FF252D022540DD620024F1
S21404F5601460802252031A60086030BDF3B50100AF
S21404F57016001C0000250095A148019A33000027B8
S21404F5800BE0BC464F5D4743AE009E597E40575D38
S21404F59047433740664637436D1CA542F1D33909C5
S21404F5A039438A080A43510811430840C1090143F4
S21404F5B00F208A0B0A4302405040F6BDF1B582B0D4
S21404F5C00E0000208D490860FD25AD01EF7AA87A6B
S21404F5D001900F21394000910ED00B46894A8A4982
S21404F5E00298FFF7C3FF01990140844801608748E9
S21404F5F041438748084001D1012400E0440138090A
S21404F60015D032003B0929000298009E6D7A7519C0
S21404F6104019FFF7ABFF01990911014077480268CA
S21404F6200B0113430360002901D048004443794882
S21404F6300068204001D10420FEBD0020FEBD80B538
S21404F6400A0000211180744952888018FFF7B6FF1B
S21404F65002BD70B50F22714B5C7905780F202040EF
S21404F660C5402009284001259C79C4402C4001D17E
S21404F670032070BD2F4C2468254005D09D684600A5
S21404F680AD5B6D1E664E3560DD78DE79C640F007EC
S21404F69011D5E0060FD5002D0DD0624848600888C5
S21404F6A0488008881C7800192A4080185A788018E0
S21404F6B02A09801800E000200880002070BD80B56C
S21404F6C059480168594A0820014201D05061106126
S21404F6D0C90602D58621090111605549554A1268A2
S21404F6E012040CD5544A1268530401D5C00305E02D
S21404F6F0C0239B0113404202934200D008600D4889
S21404F7000078C022024002D18020400508604B48A1
S21404F710006820221040086049480068C00101D4EF
S21404F720FFF705FF01BD00002C4000A8703F000055
S21404F7301C1002A8C83E0000F8B5424F38687E6820
S21404F740064041483040414908608024A403404DA7
S21404F750F00228D53F480168080606D53E480068EA
S21404F760A86001202870022015E00120014202D082
S21404F7703A49A9600FE00020C9060CD52949A960BA
S21404F780374A91780B071B0F12789A1809095118F3
S21404F790A980E880A888A880A888002801D02643E5
S21404F7A001E0FFF7C4FE264026D0284E746034607D
S21404F7B0A88800280ED0F96981420BD3291D294850
S21404F7C0AA6890470100F3D0FEF7B4FA0120264950
S21404F7D00860F1BD01000CD0FC218902B161234907
S21404F7E002038A6134604C60FA69824204D30C6076
S21404F7F0F1BDEB20FFF7A0FEF1BD0000503E000077
S21404F80001010101F83E0000383F0000111100001C
S21404F81021840000F43E0000183F0000483F00002A
S21404F820204000A8631F0000F84F0000302102A803
S21404F830441002A8384101A8204201A8084001A8A3
S21404F840CC4000A8B44000A8FFFFDFFFB46000A8C7
S21404F850543E0000C83E000044380000771F0000F5
S21404F860493F0000D44000A82C4000A8B45000A88B
S21404F87010B5C409FFF7CBFD201A312806DAC000FC
S21404F880183801D4C01EFDD5002010BD2000FFF797
S21404F890C8FD10BDC32148436F3801D41E38FDD5BA
S21404F8A000207047FEB5C020C004364908603648BC
S21404F8B03649C8651024364804601020FFF7EAFF6E
S21404F8C000285ED1FF2000053249086032483349DB
S21404F8D0086033482D49086025042E4805603148E1
S21404F8E007680820FFF7D6FF00284AD108262E48C6
S21404F8F006600120FFF7CEFF2A48806802902B4856
S21404F90006602B4821490860224805600820FFF756
S21404F910C1FF002835D1244806600120FFF7BAFF4E
S21404F920204DA868019021480660184E2148306092
S21404F9300299019800F046F80104FC208003084070
S21404F94000900298C10B0198C00B00F03BF800062B
S21404F950FC21890501400098014317480A0C4240DF
S21404F960FF239B1CD2181040084330602F60E0032E
S21404F97008490860286828601048046010498164B3
S21404F9800020FEBD20E000A8F71700002C0102A806
S21404F990401102A8B02002A80000380EB01002A839
S21404F9A010103030E04001A8E05001A8E06001A843
S21404F9B030301010202020203F3F0000402102A8B5
S21404F9C0F7FFF00010B54904CA104004C310991A92
S21404F9D000209A18D30F9A18521052188B115B0EE7
S21404F9E05B18DB11D2182023541A01D422001843C2
S21404F9F0CC0F611849105B08F6D110BDEFF31080E8
S21404FA0072B67047002800D162B6704780B5FEF71C
S21404FA1071FA002802D0BE480068804701BD80B550
S21404FA20FEF7AAFABB48006800030AD4FEF7F4FC03
S21404FA30FFF74CFBFEF755FC0120FFF723FBFFF70F
S21404FA4010F880208005FEF733FA01BD80B5FEF776
S21404FA5093FA80204002FEF72BFA01BDF8B5FEF7B4
S21404FA6019FA052080490860FEF71DFA7F480668E3
S21404FA700124264201D1FEF76EFBFEF77DFA984874
S21404FA8001680091974A40681060B105C80F0021CC
S21404FA9026420FD00091A04B5D6815601D689F4AF2
S21404FAA017687B1BBD4202D39769DB195B1C9C4F0E
S21404FAB0BB42F5D39B4D2960002804D03100009842
S21404FAC0FDF7D0FF00902868204004D16846FEF772
S21404FAD06EFB002802D10098FEF7BCFBAF4804601A
S21404FAE06004FEF7E5F9F1BD38B58F4CE06BC00550
S21404FAF006D580200006206000BF00BF40082060B6
S21404FB00FEF71EFCFEF738FAFDF756FE0500A4487D
S21404FB10A4490860FFF77AFF8020C002FEF7C8F900
S21404FB20002D01D08020206001209F49087031BD3F
S21404FB30F8B5FEF721FAFEF7ADF99C4800680224F2
S21404FB407949C96B090407D4000705D5FEF7B8F947
S21404FB5097490C60FEF7BDF9FEF7A5F91020C043DF
S21404FB609449086000257048856393480560FEF74D
S21404FB70C1F90700914E002F03D0914800688047D2
S21404FB8000E035602C20305C0521014002D0FEF7F1
S21404FB9089FA01E0FEF793FAF06A044002D00120E5
S21404FBA061490860FFF78BFD002F02D08548006886
S21404FBB0804780200003FEF77BF9F1BD80B5FEF791
S21404FBC0DBF954480068000303D4FEF78AFBFEF70B
S21404FBD048FF80204003FEF76BF901BD38B5FEF7F9
S21404FBE0CBF9514C2025FFF72DFB002806D0206BBF
S21404FBF0000704D5FFF74BFBFEF7E8FF2560FEF78A
S21404FC0070FBFEF72EFF704800780C210140042993
S21404FC1002D1FEF747FA01E0FEF751FA6804FEF750
S21404FC2047F94020206031BD1CB5FEF733F90520A6
S21404FC300D490860FEF737F9FEF79EF9FFF727FB34
S21404FC40B948006800906846FEF770FF0400FFF7A6
S21404FC50DDFE002C02D10098FEF7DEFF8020400473
S21404FC60FEF726F913BD00003C1102A8400002A8C6
S21404FC70F8B5FEF781F9AD4C256A5020284002D02D
S21404FC80FEF710FA01E0FEF71AFA274FFFF7DAFA42
S21404FC9000281BD1786B40071DD4386BE02149013E
S21404FCA0014018D1A80611D4FEF7F4F8256AA04E30
S21404FCB0354207D0FF20C0432D182562802000055A
S21404FCC09C490860FEF7EFF82E4002D00120386009
S21404FCD001E00020206080208004FEF7E9F8F1BDF2
S21404FCE0B83F00004C3E000080B5FEF745F9924848
S21404FCF00068400601D5FEF7F4FA0120FFF7C2F9C2
S21404FD00FEF7AFFE8020C004FEF7D2F801BD000067
S21404FD102C3800000C0002A8D43E000020C001A825
S21404FD2001FF0000483E0000100002A810B5264857
S21404FD300468FEF721F981490968090328D40321D8
S21404FD40C00601D5214001E0A0080140012902D1E6
S21404FD50FEF7A8F90BE0200107D50E20FFF7E0FB1D
S21404FD60A7480421016008210160FEF7A8F9A54C04
S21404FD702069A5490860FFF749FE2068002807D0D7
S21404FD804000122802D2FFF785FD01E0FFF725FBAD
S21404FD9080208003FEF78CF810BD0000402002A8E7
S21404FDA070012000B46000A8773E0000844000A8DC
S21404FDB07CE40350442002A8503E0000C43E0000E9
S21404FDC03038000034380000F03E0000F8B584B047
S21404FDD001266846067000270297FEF7CDF80390C2
S21404FDE0564C2068000300D597E00320A849C86352
S21404FDF086480068FB25AD010F210F220240032A26
S21404FE0003D0000B014006294DD1A2480068A24940
S21404FE108E6DE16B890701D59F49CE6DFFF743FBD5
S21404FE208619FEF767F800280ED02879C1060BD08D
S21404FE302868090D4143890B7618974909680029F3
S21404FE4002D10002400C3618002E01D5019700E0BE
S21404FE500196606B0107C80F03212A6B0A40022A29
S21404FE601BD1039AD20618D5AA68D30513D5A66B58
S21404FE708A4B1E409E4203D11021854AD1630CE072
S21404FE8092050AD4E26B2823134006D16B461F70F2
S21404FE90284A116001E06A461770029068460678A0
S21404FEA0002E03D10FE07C48406D0190FFF7CAF99D
S21404FEB0002808D0FFF7EBF90298002802D0FEF7D6
S21404FEC085FE00E00026022071490860002E10D04E
S21404FED03020285C0C210140042902D0A06BC00607
S21404FEE002D5FEF7DFF801E0FEF7E9F820206060AF
S21404FEF013E0FEF7F6F9802000060E49086068480D
S21404FF006849086001A8FEF711FE0400FFF77EFDAD
S21404FF10002C02D10198FEF77FFE80200004FDF736
S21404FF20C7FF05B0F0BD0000CC3F0000D03E000087
S21404FF3000FFFF00441002A8440102A80C0002A817
S21404FF40FEB500240194FEF717F8FFF75FFD564E42
S21404FF50F06E564D0007000F072807D1706800287A
S21404FF6004D40020FFF78EF8286841E0012103201E
S21404FF704F4A73685B070BD44E4B1B680B4007D085
S21404FF801368DF050BD55B0502D43368DB0503D4A1
S21404FF900191916A890904E01021474B1960916A1E
S21404FFA00909084000900020FFF76CF80098002824
S21404FFB005D17068C00602D4FEF781F801E0FEF7AA
S21404FFC071F800200199002903D13C480068FFF726
S21404FFD06AFA6969401801D5009400E00090684602
S21404FFE0FEF7E5F8002805D10098FEF733F9A8696E
S21404FFF00549086080200005FDF75AFFF7BD00009C
S21405000080E200E0AC3F00004C3E0000AC0002A8D9
S214050010F8B5FDF7B1FF002400252948066B8027B3
S2140500207F05300606D5300709D5FFF730F9FEF708
S214050030CDFD29E001251F480068284019D000207D
S214050040FFF720F80220064002D01E490C60C86162
S2140500501D480468002D03D02000FDF797FD040019
S214050060FFF715F92000FEF7D7FD3800FDF720FF4E
S214050070F1BD16480078C0210140402902D1FEF79F
S21405008011F801E0FEF71BF820200D490860ECE7A3
S214050090082002A80CC101A86C3F00001000001043
S2140500A0FFFF7F7FB46000A8400002A8BC3F0000A9
S2140500B0C83E0000B44000A8441002A81CC101A810
S2140500C0100002A8180000AAD83F0000F03E000065
S2140500D000F03CF802480349486000F052F800BFBB
S2140500E0A72A00000000000080B5EFF305800B2866
S2140500F001D23A2100E02921FF221632002000F025
S2140501003FFAFEE710B5C20018231340FF249C40B3
S214050110E2438907090E9940030004D470489B08FA
S2140501209B00C01806E0AE4B0007000F0838800895
S2140501308000181803681A401143016010BD80B589
S21405014073225421002000F01BFA01BD10B5FFF7FD
S21405015055FC0121634A1160634B644A1360644A87
S21405016013600323634C2360634C2360634B196061
S214050170634B196080239B4C2360D160FFF742FCDC
S21405018010BDFFF73BFC05000024012160B2FFF718
S214050190B9FF641C0E2CF8D301210F20FFF7B2FF20
S2140501A001211120FFF7AEFF01211320FFF7AAFF5B
S2140501B001211720FFF7A6FF03210120C043FFF703
S2140501C0A1FF01211B20FFF79DFF4E484E49086001
S2140501D07348C16AC16201680160022071490860FE
S2140501E001208A49086047046F4C20693840FCD0D6
S2140501F02068800101D4FDF734FE2800FFF702FCD5
S2140502006A4D0AE000281BD0FDF75AFE18E0206963
S2140502103840FCD03000FFF7F5FB206E0004000FD9
S214050220022801D1FEF728FAFFF7E8FB0600FDF7DE
S21405023057FE0028A878E5D0002801D1FDF749FE2D
S21405024001206978002909D12978002905D1704946
S2140502500968890601D45349086030BF00216970D2
S21405026029780029D6D102214E4A116067490860CF
S214050270CDE76848016842680A40674810401B4950
S2140502800860800703D5A4480188491C018070478B
S21405029070B56248016840680840000E000660496F
S2140502A080221205104218D05E4B1C68641C1C6028
S2140502B05D4C5E4D2D682D0407D5A568002D04D030
S2140502C007250D600125AC4E3560402525601B6869
S2140502D0012B02D910238B62CA67886770BD0000A0
S2140502E000E400E0040002A80000FF3F282002A862
S2140502F02C1002A840E002A844C002A804C001A829
S214050300044001A8FFFF9B0800E100E0F8B5834C18
S214050310206B616B01400091814D0846286000986E
S2140503208049014007D0FDF7E5FD002803D0009879
S2140503309249096888478020009901401CD0F82119
S214050340C90123680B4017D0C0221201934213D867
S21405035080231B06EB6226680E40924F3F683F04DB
S2140503603F0F022F01D0032F03D1002E01D0964256
S214050370F1D38D490B6028608C48007806280DDA85
S2140503800098CC218901014008D0FFF737FB04000F
S2140503900098FDF797FA2000FFF734FBF1BD000043
S2140503A0E04001A85C2002A84C0002A8763E0000AA
S2140503B010B57F48016844680C407E48046080217B
S2140503C00C4205D041607C4801600020FDF77AFAB2
S2140503D0600403D5802040057849086010BD0000FC
S2140503E01CED00E0505201A838B575480168446810
S2140503F00C40E00707D5FFF701FB0500FDF7F8FA07
S2140504002800FFF7FFFA6F48046031BD5C1002A8AC
S214050410F40302A8280002A8FFFF00C0B44000A805
S2140504203C6000A8703E00002C4000A8384101A89A
S214050430FEB5654C206C666C064001273E4216D01C
S2140504403D0662480560206861490F60002802D0B5
S2140504500021FDF791FC5F480068A021C90188428C
S2140504608041C043C00F5C4988705C480560FDF755
S21405047027FD029002210E4049D06068C2B2019263
S214050480000A009008224B4B4C03554D0020019E58
S214050490012E27D0022E38D1009E012E24D1EE78CB
S2140504A00096504E2F780C2047430020F0512878B0
S2140504B0400590277F04C719032038434A4F386004
S2140504C01C604A480460301D2B780C246343484C56
S2140504D02468009FE419C45028780C2358433150EB
S2140504E0444811E00091DCE7002E0ED1424E3760FD
S2140504F03C4E361D2D780C277D4370515C601C6084
S214050500C8043E4B18603E480260314801600298B8
S214050510FDF7DFFCF7BD0000743E00001C4201A895
S2140505204C6201A80200060070B5FDF7C9FC040080
S214050530FFF764FA2C490A68D20717D5294A121D0F
S214050540304B5D7A0C2675435659294D2D681E602D
S214050550CE685E604968D9818021C9041B4E31602A
S214050560197B69185B7A0C256B43D150FFF74AFA5D
S2140505702000FDF7AEFC70BD3C5000A840380000DA
S214050580002800D0704710B50C00FDF799FC1E49F1
S2140505900C6001221D4B1A600B6C1340FCD1FDF755
S2140505A098FC10BDAC0002A8785201A8403E000099
S2140505B090C001A890E001A80CC001A804ED00E0D9
S2140505C090C000A890E000A800C002A8401002A8AD
S2140505D040E002A8404000A8763E0000402002A861
S2140505E08D3E0000300000A860C101A894D001A887
S2140505F0200000A8F42302A860E101A880E200E03C
S214050600F41302A8843E0000008002A8409002A8C9
S214050610D00E050000000000880605000100000059
S2140506200000000000F04902D00E050000000000A2
S214050630AC060500010000000000000000F04902BD
S214050640D00E050000000000D006050001000000E1
S2140506500000000000F04902D00E05000000000072
S214050660F4060500060000000000000000F0490240
S214050670D00E050000000000CC07050001000000B4
S2140506800000000000F04902F0070500809C2B8F53
S21405069080841E00000000002700FF7FA840002081
S2140506A00000000088120500000000005009050043
S2140506B0809C2B8F80841E00000000002700FF7F93
S2140506C0A840002000000000881205000000000079
S2140506D0B00A0500809C2B8F80841E000000000059
S2140506E02700FF7FA84000200000000088120500B4
S2140506F000000000100C0500809C2B8F80841E00D7
S2140507000000000022002C01A84000200000000088
S2140507108A12050000000000100C0500809C2B8F37
S21405072080841E00000023002300B600A840002099
S214050730000000008A12050000000000100C0500ED
S214050740809C2B8F80841E000000240024009D00C2
S214050750A8400020000000008A12050000000000E6
S214050760100C0500809C2B8F80841E000000250041
S21405077025007D00A8400020000000008A12050024
S21405078000000000100C0500809C2B8F80841E0046
S2140507900000260026003A00A840002000000000C1
S2140507A08A12050000000000100C0500809C2B8FA7
S2140507B080841E000000270027002C01A84000208A
S2140507C0000000008A12050000000000700D0500FC
S2140507D0809C2B8F80841E00000000002700FF7F72
S2140507E0A8400020000000008C1205000000000054
S2140507F0FC4F0103F8100500104001000041000001
S2140508003C400100000000004840010020070400AD
S21405081050400100000000005C4001000D0F000084
S21405082004410100FF4C0000204003010000008643
S2140508301FC0010000200000384001010000000034
S2140508405840040118000500400800000900000093
S2140508509200040080400F018C002C02000000006E
S2140508601200120000808C19000000000002050E20
S2140508701C2F4353626968615543320416100E0EE9
S2140508800D0C0A080706050403030202020101010E
S21405089001010100EC40010180B0B18CFC40030170
S2140508A09C200B00055B60804737414A0C410301DD
S2140508B0B85512002A19492909084040284101015E
S2140508C0FFDD0000384107014CD4E83B04196F10E2
S2140508D0080E141A20262C32383E10325476980A02
S2140508E01D00000070410101C003000034420101F3
S2140508F00008000E4842010158AA1EC078420101B0
S2140509000000008038800101114910009C80030119
S214050910EB40020070380300D0000000A8800111EB
S214050920F0010000A8800131055AFD01AC800111D7
S214050930F0010000AC800131053EFD00E400010237
S2140509406C2C511154010102C43F0000FFFFFFFF4C
S214050950FC4F01034811050010400100004100004E
S2140509603C4001001000000048400100201704002C
S21405097050400100010400005C4001000D0F00001E
S2140509800441010003C00100204003013000004679
S2140509901FC80100002000103840010100000000BB
S2140509A05840040118000500400800000900000032
S2140509B092000A0080400F018C002C020000000007
S2140509C0120012005B808C1B000000000002050E62
S2140509D01C2F4353626968615543320416100E0E88
S2140509E00D0C0A08070605040303020202010101AD
S2140509F001010100EC40010180B0B18CFC4003010F
S214050A009C200A0001612080B75635120C4103016F
S214050A10B8551200A01B042908884040284101014A
S214050A2000000000384107014CD4E83B04196F303C
S214050A300A10161C22282E343A4010325476980A8C
S214050A401D5F80A4704101010000000034420101D1
S214050A500008000E48420101F4811F00784201019A
S214050A600000000038800101114910009C80030138
S214050A70EB40020070380300D0000000A88001118A
S214050A80F0010000A8800131055AFD01AC80011176
S214050A90F0010000AC800131053EFD00E4000102D6
S214050AA06C2C511154010102C43F0000FFFFFFFFEB
S214050AB0FC4F01039811050010400100004100009D
S214050AC03C400100100000004840010020070400DB
S214050AD050400100000400005C4001000D0F0000BE
S214050AE00441010003C00100204003013000004618
S214050AF01FC801000020001038400101000000005A
S214050B0058400401180005004008000009000000D0
S214050B1092000A0080400F018C002C0200000000A5
S214050B20120012005B808C1B000000000002050E00
S214050B301C2F4353626968615543320416100E0E26
S214050B400D0C0A080706050403030202020101014B
S214050B5001010100EC40010180B0B18CFC400301AD
S214050B609C200A0001612080B75635120C4103010E
S214050B70B8551200A01B04290888404028410101E9
S214050B8000000000384107014CD4E83B04196F30DB
S214050B90080E141A20262C32383E10325476980A3F
S214050BA01D5F000070410101000000003442010194
S214050BB00008000E48420101F4811F007842010139
S214050BC00000000038800101114910009C800301D7
S214050BD0EB40020070380300D0000000A880011129
S214050BE0F0010000A8800131055AFD01AC80011115
S214050BF0F0010000AC800131053EFD00E400010275
S214050C006C2C511154010102C43F0000FFFFFFFF89
S214050C10FC4F0103E81105001040010001410000EA
S214050C203C4001000000000048400100A007040009
S214050C3050400100000000005C400100000000007C
S214050C4004410100FF4C000020400301000000861F
S214050C501FC0010000600000384001010000004090
S214050C60584004016402FF0040080000010000002F
S214050C709200080080400F018C000C020000000066
S214050C80D703220000000000000000000002050D4A
S214050C901A2D3F506068696357463525150D0908B6
S214050CA00706050504040403030303020202020201
S214050CB001010101EC40010190382C8CFC40030138
S214050CC09C200A00055B58804737414A0C410301C2
S214050CD0B85552002A194929893B40402841010147
S214050CE0FFDD000038410701E853FA000000000068
S214050CF000000000000000000000000000000000EA
S214050D000000000070410101C103000034420101EA
S214050D100000000E4842010158AA1EC07842010193
S214050D200000000038800101114910009C80030175
S214050D300000000070780300FFC00200A8800111C3
S214050D40F0010000A88001310542CB01AC800111FD
S214050D50F0010000AC800131050A0D00E400010237
S214050D606C2C511154010102C43F0000FFFFFFFF28
S214050D70FC4F010338120500104001000141000038
S214050D803C4001000000000048400100A0070400A8
S214050D9050400100000000005C400100000000001B
S214050DA004410100FF4C00002040030100000086BE
S214050DB01FC001000060000038400101000000402F
S214050DC058400401C804FF00400800000100000068
S214050DD09200040080400F018C000C020000000009
S214050DE0B603220000000000000000000002050E09
S214050DF01C2F4353626968615543320416100E0E64
S214050E000D0C0A0807060504030302020201010188
S214050E1001010100EC40010190E82B8CFC40030128
S214050E2090200A00055B58804737414A0C4103016C
S214050E30F56252002A194929893B4040284101019B
S214050E40FFDD000038410701E853FA000000000006
S214050E500000000000000000000000000000000088
S214050E600000000070410101C10300003442010189
S214050E700000000E4842010158AA1EC07842010132
S214050E800000000038800101552510009C800301F4
S214050E900000000070780300D0000000A880011153
S214050EA0F0010000A88001310542CB01AC8001119C
S214050EB0F0010000AC800131053EFD00E4000102B2
S214050EC06E2C511354010102C43F0200FFFFFFFFC1
S214050ED00C400100018101002040020000000000D6
S214050EE00100000030400300000000000000000084
S214050EF00000000040400200000000000040000026
S214050F006040010001010000A84001000700000044
S214050F10BC400400000000000000000000000000C7
S214050F200000000008410300FF4C0000FF4D0000D4
S214050F30FF4D000020C0011000F8070020C001305A
S214050F40F502080024C00110FF00000024C001308F
S214050F500013000028C00700EC80B383437540519A
S214050F60A00F004830400000000000000000000010
S214050F702E02000050C00400511130040E2D09E663
S214050F8054060708D1B6020064C00A000430001CE7
S214050F90403018090D647920EBFCFB017FF6E80369
S214050FA0BD4B721511A3180510325476980A000029
S214050FB000000000080001010807000018000101F4
S214050FC0AAAAAA00200001010060DA001C4001015F
S214050FD0100000002C400301008000000000000304
S214050FE000000000684002012941767100000000FB
S214050FF0BC4002010000000000000000E0400201C5
S2140510003300000000000000F4400201640483077A
S2140510108813C83A2441010100000000304102014E
S2140510206406660C0C010000544101010101000034
S2140510306841020164048307881382003042010177
S2140510400000000038420201000000000000000019
S214051050444201010000000054420901000000005E
S21405106000003C00000000000000000055555555E6
S214051070170000000000000000000000AAAA0600F5
S2140510807C42020100000000000000001080010103
S214051090030000003C80010101000000B080020151
S2140510A0000300023700000198000202000C00044D
S2140510B04C000000A400010200040000D00002025B
S2140510C0050040AA88010000F400020200000000A6
S2140510D03D210811FC0001123F000000FC00013212
S2140510E0005404003001010260005102680101024B
S2140510F000040000FFFFFFFF120000000000800054
S2140511000000000034130500E4120500000000008E
S214051110802596000048E80140420F000108F500CA
S21405112011495002000000008E1205000000000064
S21405113000000000000000003E420F000000000016
S2140511400000000000000000120000000000800003
S2140511500000000034130500F4120500000000002E
S214051160802596000048E80140420F000102F50080
S21405117011495002000000008E1205000000000014
S21405118000000000000000003E420F0000000000C6
S21405119000000000000000001200000000008000B3
S2140511A000000000341305000413050000000000CD
S2140511B0802596000048E80140420F000108F5002A
S2140511C011495002000000008E12050000000000C4
S2140511D000000000000000003E420F000000000076
S2140511E00000000000000000120000000000800063
S2140511F0000000003413050014130500000000006D
S214051200004786000048E80180841E000101F500BD
S21405121011495002000000008E1205000000000073
S214051220000000000000000055841E0000000000BD
S2140512300000000000000000120000000000800012
S214051240000000003413050024130500000000000C
S214051250841743000024F40040420F000101F50006
S21405126055255003000000008E1205000000000002
S214051270000000000000000038420F0000000000DB
S2140512800000000000000000030003020301020046
S214051290000000F049020614000000E0930405383B
S2140512A00000A00800000000580901040706100AFF
S2140512B001040707C80A00040807800B000408088D
S2140512C0380C0004090861080000000068080000E2
S2140512D00000C709010404032C0B01040404920C46
S2140512E00104050450C30000E62D0000D0070000E9
S2140512F0D0070000E5BF000010270000C20100006F
S214051300C2010000F5DA0200102700002C010000DB
S2140513102C01000050C3000050140000FA00000025
S214051320FA00000050C30000FC210000B3010000D5
S214051330B3010000193F0106041001000001010673
S21405134000102700000C0000000000000000232D00
S214051350302B2000686C4C006566674546470030B4
S2140513603132333435363738394142434445460001
S2140513703031323334353637383961626364656601
S2140513800062675F6D657373616765207265636587
S21405139069766572730062676275660061636C00E4
S2140513A06C6C5F636F6E6E656374696F6E006C6CF4
S2140513B05F6164765F736574006761705F636F6E07
S2140513C074657874006C6C5F76616C696461746FC3
S2140513D0720062675F6D65737361676500736F663C
S2140513E0745F74696D65725F6D65737361676500BB
S2140513F06C6C5F6164765F73796E63006C6C5F73AB
S21405140063616E5F73796E63006761705F706572A6
S214051410696F6469635F616476006761705F7065B4
S21405142072696F6469635F73796E63006C326361BA
S214051430705F636F635F6368616E6E656C006D6297
S2140514406564746C735F636F6E7465787400000012
S214051450961305009C130500A0130500AE130500A2
S214051460B9130500C5130500D2130500DD130500E5
S214051470F0130500FC130500091405001A140500F1
S2140514802C1405003E14050062676275665F696E7A
S2140514900062676275665F6F75740062676275667F
S2140514A05F6E6F666C6F770062675F6D616C6C6F01
S2140514B0630000000D0003000200010005000102A4
S2140514C003E69D350E480103CCDBFDF4AC1191F423
S2140514D0EFB9A5F9E9A7832C5E2CBE97F2D203B027
S2140514E020008BD28915D08E1C742430ED8FC24512
S2140514F063765C15525ABF9A32636DEB2A65499C32
S21405150080DC006C888391AAF5A53860370BDB5A1A
S2140515106083BE000000010001000501000502020F
S214051520030002000000000002050100050000019E
S2140515300001000001000102020300020000000095
S214051540000202010002BF01FB9D4EF3BC36D874B3
S214051550F5394138684C8BD28915D08E1C742430E9
S214051560ED8FC24563765C15525ABF9A32636DEBB2
S2140515702A65499C80DCE69D350E480103CCDBFDDB
S214051580F4AC1191F4EFB9A5F9E9A7832C5E2CBE4E
S21405159097F2D203B0203F49F6D4A3C55F3874C985
S2140515A0B3E3D2103F504AFF607BEB40B79958999A
S20C0515B0B8A6CD3C1ABD0000EB
S20C0515B88810FC7F010000000D
S2100515C0CC150500C03E0020AF00000062
S2140515CC0000000000000000FFFF0000FF00000008
S2140515DC02000800000000000000000000000000EB
S2140515EC020005000000302E302E300002000300ED
S2140515FC00003030300000000200080000003030DB
S21405160C30303030303000000A000D000000456DDB
S21405161C707479204578616D706C65000A00010060
S21405162C0000000002001000000000000000000092
S21405163C0000000000000000000000002000040070
S21405164C0000000000000000583F002003000000CA
S21405165C053B010024210020242100201CCC04007D
S21405166C02000000013A0100000000000101020022
S21405167CE803000000F0490200800000C0EA2101E2
S21405168CC0EA2101C80A00200040070000A000009F
S21405169C0C250020C8000000FE000000000000001D
S2140516ACE0CD0400883F0020040008070200000077
S2140516BCA000000061CB0100B37E04000000000012
S2140516CC01000000000000001000000010000000E3
S2140516DCF97E020000000000F5A2020000000000E2
S2140516EC0000000000000000496F04000000000028
S2140516FC9DAF020000000000000000000000000086
S21405170C49AF0200000000000000000000000000C9
S21405171C5DB00200000000000000000000000000A4
S21405172C59B3020000000000000000002000000075
S21405173C0000000000000000000000000000000093
S21405174C000000008DB5020000000000000000003F
S21405175C0000000049BE020000000000000000006A
S21405176CFFFFFFFF59710400C8D50400FFFFFFFFFC
S21405177CDCD50400117604000D760400FFFFFFFF90
S21405178C1576040020C001B8FFFFFFFFD57A0400CC
S21405179C3F7B0400FFFFFFFFFFFFFFFFFFFFFFFF81
S2140517ACFFFFFFFF632A0000FFFFFFFF000000009E
S2140517BC00000000030000001C380020C04000207C
S2140517CC000000001C38002084380020EC3800206F
S2140517DC00000000000000000000000000000000F3
S2140517EC00000000000000000000000000000000E3
S2140517FC00000000000000000000000000000000D3
S21405180C00000000000000000000000000000000C2
S21405181C00FFFFFFFF00000021960400259604003C
S21405182C299604002D960400000000008D900300F8
S21405183C000000000000000000050005FC0010007C
S21405184C2300FF00FFFFFFFF1700FFFF0C00000043
S21405185C0000FFFF01041F0101BF8FAF7F87003714
S21405186C0F10100004040F05140A0301FF0CFF0FDC
S21005187C7F0000001D260100F525010078
S80401467D37
