:020000021000EC
:10200000C80A0020AD450100C3950300C395030035
:10201000A7DD0300C3950300C3950300C395030028
:10202000C3950300C3950300C3950300C395030044
:10203000C39503004CCD040071E00300C395030079
:10204000C3950300C3950300C3950300C395030024
:10205000C3950300C3950300C3950300C395030014
:10206000C3950300C3950300C3950300C395030004
:1020700081DF0300C3950300C3950300C3950300EC
:10208000C3950300C3950300C3950300C3950300E4
:10209000C395030085510100C3950300C395030058
:1020A000C3950300C79A03009F9A0300C3950300DA
:1020B000C3950300591E0300C3950300B92803000C
:1020C0001F7C04001B7C040099200300357C040065
:1020D000237C040089280300277C0400F9280300DE
:1020E00009000300CD01030069290300C395030023
:1020F000C3950300C3950300C3950300C395030074
:10210000C3950300C3950300C3950300C395030063
:10211000C3950300C3950300C3950300C395030053
:10212000C3950300C3950300C3950300C395030043
:10213000C3950300C3950300113A0100013A010061
:1021400082B030BF084B1B6803F00103002B08D09E
:102150000023019302E0019B01330193019B052BB6
:10216000F9DD00BF02B07047F0ED00E000B583B0CC
:10217000184BDB6903F48033002B02D06FF00103AE
:1021800024E0144B03F580531A460123D360114B0E
:1021900003F500531A46012313640E4B4FF480726B
:1021A0001A610021012000F0D3F803468DF80730B2
:1021B000084B03F580531A4601231364054B03F5BE
:1021C00000531A460123D3609DF90730184603B027
:1021D0005DF804FB0000035000B585B00190234B6F
:1021E00003F580531A464FF400339366204BDB69A6
:1021F00003F48033002B14BF012300238DF80E302D
:102200001B4B41F67132DA63194B03F580531A46C2
:102210000123D360164A019B5361154B02221A61B8
:102220000021212000F094F803468DF80F309DF92D
:102230000F30002B06D10021212000F089F8034641
:102240008DF80F300A4B03F500531A460123D36073
:102250009DF80E30002B02D0054B0022DA639DF969
:102260000F30184605B05DF804FB00BF0080005039
:102270000000035000B58BB003900291019200233F
:102280008DF81F30304B03F580531A464FF400335E
:1022900093662E4BDB6903F48033002B14BF0123BC
:1022A00000238DF81E30294B41F67132DA63274B3B
:1022B00003F580531A460123D360039B0993029BC5
:1022C000089329E0019B0693099B03F5005323F42F
:1022D000FF5323F01F03099A9B1A0593059A069B47
:1022E000934228BF13460493049A0899099800F072
:1022F0006FF803468DF81F309DF91F30002B0FD16A
:10230000099A049B13440993089A049B1344089365
:10231000019A049BD31A0193019B002BD2D100E0B8
:1023200000BF0A4B03F500531A460123D3609DF802
:102330001E30002B02D0054B0022DA639DF91F30BE
:1023400018460BB05DF804FB0080005000000350FD
:1023500084B0019000911B4B03932AE01A4BDB6978
:102360000293029B03F00403002B02D04FF0FF33D3
:1023700024E0019B03F00103002B07D1029A134BC9
:102380001340002B02D06FF0010317E0029A019B6B
:102390001340009A9A4209D1029A0C4B1340002B29
:1023A00002D06FF0010309E0002307E0039B013B2B
:1023B0000393039B002BD1D16FF00203184604B0A6
:1023C000704700BF80969800000003500200010093
:1023D00000B587B0039002910192274A039B536195
:1023E000254BDB6903F00403002B02D04FF0FF33D1
:1023F0003DE0029B1A1D02921F4A1B689361019BDC
:10240000043B019319E008210820FFF7A1FF0346D0
:102410008DF817309DF91730002B05D0164B04228C
:102420001A619DF9173022E0029B1A1D0292124A8E
:102430001B689361019B043B0193019B002BE2D13C
:102440000D4B04221A6100212120FFF781FF034672
:102450008DF817309DF91730002B06D1002121206F
:10246000FFF776FF03468DF817309DF917301846B1
:1024700007B05DF804FB00BF00000350000000003F
:10248000013800D0FCE77047002370B5404C05468A
:102490008AB0E36318B10088236014F03FF93D4827
:1024A00034F059FE3C4E3D4B304633603C4B73603C
:1024B00031F050FD0021304619F0BAFD32A3D3E9C6
:1024C0000023A062C4E9062331F04FFDD4E90623BE
:1024D00019431043C4E90601CDE900014FF0FF3371
:1024E0004FF0FF32A06A34F0DDFE02224FF0FF31E0
:1024F000A06A34F0DCFE012013F090FE4FF400736C
:1025000000222849A06A34F033FFB0F5007F39D1AA
:1025100000239422079309933C23CDE903320593CA
:10252000962306935023A06A03A9089319F094FEFA
:1025300035B3287C14F0DEFB0546F0B9A06A35F00F
:102540000CF814F085FB13F04BFE20B14FF48070B3
:10255000002110F01FFC13F053FE20B14FF4006077
:10256000002110F017FC31F0D0FD012034F0C7FD40
:102570000D4A0E49A06A31F0EBFC28460AB070BD46
:10258000FF20D7E70725F8E70DD50155200000000B
:10259000380B0020690345ECD4310020556002005F
:1025A000E4310020D42F0020F93E0400393F04001C
:1025B0000348044B834202D0034B03B118477047D2
:1025C000BC410020BC41002000000000064B074930
:1025D000C91A891048BF0131491003D0044B0BB10F
:1025E00001481847704700BFBC410020BC41002093
:1025F0000000000010B5064C237843B9FFF7D8FF60
:10260000044B13B10448AFF300800123237010BDC5
:102610009E3A0020000000007815050008B5054B23
:102620001BB105490548AFF30080BDE80840FFF73E
:10263000CDBF00BF00000000B00D002078150500E0
:10264000A3F5803A704700BF174B002B08BF134B10
:102650009D46FFF7F5FF00218B460F461348144AAD
:10266000121A35F01BFC0E4B002B00D098470D4B77
:10267000002B00D098470020002104000D000D48D9
:10268000002802D00C48AFF3008020F0CBFD2000E2
:10269000290026F074FD20F07BFB00BF000008003D
:1026A0000000000000000000C80A0020C80A002046
:1026B000C03B0020000000000000000000B585B015
:1026C000019000910023039312E0039A1346DB006C
:1026D0009B1A019A134406220099184635F0B4FB60
:1026E0000346002B01D1012308E0039B0133039330
:1026F000044B1B68039A9A42E7D30023184605B09F
:102700005DF804FB880F002000B585B003900291AE
:1027100013468DF80730174B1B683F2B01D9002358
:1027200024E002990398FFF7C9FF0346002B01D06C
:1027300000231BE00F4B1A681346DB009B1A039A19
:102740001344029A1168196092889A80094B1A689A
:102750001346DB009B1A039A13449DF807209A71D5
:10276000044B1B680133034A13600123184605B06C
:102770005DF804FB880F002084B001900B468DF8B3
:1027800003300023039334E0039A1346DB009B1AC3
:10279000019A13449B799DF803209A4226D1039B0A
:1027A000029316E0029B5A1C1346DB009B1A019A07
:1027B000D118029A1346DB009B1A019A13440A4669
:1027C000116819609188927999809A71029B0133FE
:1027D00002930C4B1B68013B029A9A42E2D3094BCD
:1027E0001B68013B074A1360012308E0039B013388
:1027F0000393044B1B68039A9A42C5D300231846DF
:1028000004B07047880F002084B001900B468DF80B
:1028100003300023039314E0039A1346DB009B1A52
:10282000019A13449B799DF803209A4206D1039A9A
:102830001346DB009B1A019A134408E0039B013303
:102840000393044B1B68039A9A42E5D3002318466E
:1028500004B07047880F002000B587B00390029144
:1028600013468DF80730002305931BE0059A1346A5
:10287000DB009B1A039A134406220299184635F08E
:10288000E3FA0346002B0AD1059A1346DB009B1A94
:10289000039A13449DF807209A71012308E0059BD1
:1028A00001330593044B1B68059A9A42DED300233B
:1028B000184607B05DF804FB880F002008B50548EE
:1028C00001F0C2FF034826F072FF022001F038FA3F
:1028D00000BF08BD08CC040000B583B000F034FE92
:1028E000184826F0FBFE0346002B14BF01230023EB
:1028F000DAB2154B1A70154B1B7883F00103DBB26B
:10290000002B17D0104B1B78002B13D0FF238DF812
:1029100003300F4B18780F4B19880DF10303012278
:1029200018F0C8FF0190019B002B03D001990A48C1
:1029300020F0E4FA044B1A78044B1A7000BF03B07D
:102940005DF804FB08CC0400A83A0020A73A002058
:1029500093410020443A0020B4C004002DE9F04126
:10296000ADF58F6D0DF58F63A3F22C4318600DF557
:102970008F63A3F22C431B681B6823F47F4323F06F
:102980000703BF4A934200F00485BD4A934200F218
:102990008C85BC4A934200F08382BA4A934200F28B
:1029A0008485B94A934200F0E684B74A934200F224
:1029B0007C85B64A934200F08382B44A934200F287
:1029C0007485B34A934200F00482B14A934200F204
:1029D0006C85B04A934200F0EC83AE4A934200F219
:1029E0006485AD4A934200F0A483AB4A934200F25F
:1029F0005C85AA4A934200F0F180A84A934200F213
:102A00005485A74A934200F03385A54A934200F2C9
:102A10004C85A44A934200F06D81A24A934200F291
:102A20004485A14A934204D0A04A934246D000F084
:102A30003CBD9F4B00221A709E4820F071FA9E48C0
:102A400020F06EFA4FF4805200219C4835F026FAAF
:102A5000A0224FF4C861012018F070FF012101206D
:102A600018F084FF964820F05BFA0DF25B420DF2FD
:102A70005C431146184618F0CFFE9DF85C341C46A6
:102A80009DF85D341D469DF85E349DF85F249DF8E9
:102A900060149DF8610403900291019200932B460B
:102AA00022468849854820F0F7FA874820F026FA20
:102AB0008249864820F022FA00F0FEBC0DF58F63B3
:102AC000A3F22C431B6803F117020DF58F63A3F2E9
:102AD0002C431B689B7D1946104626F0D5FA034609
:102AE000002B00F0E4840DF58F63A3F22C431B68E8
:102AF000053319467648FFF7E1FD034683F00103ED
:102B0000DBB2002B00F0D384724A0DF58F63A3F281
:102B10002C431B680533186810609B889380002243
:102B20006C496B48FFF7F0FD0DF58F63A3F22C4362
:102B30001B685B791C460DF58F63A3F22C431B6861
:102B40009B791D460DF58F63A3F22C431B68DB793F
:102B50001A460DF58F63A3F22C431B681B7A1946A6
:102B60000DF58F63A3F22C431B685B7A18460DF5B5
:102B70008F63A3F22C431B689B7A0393029001910D
:102B800000922B4622464F494C4820F085FA524885
:102B900020F0B4F94949514820F0B0F94FF480527F
:102BA0000021464835F07AF94D4820F0B9F90DF585
:102BB0008F63A3F22C431B684A4A0092D3F8052086
:102BC00010465A7A9B7A1B021343002163F30F01CC
:102BD0000123002218F0E0FD00F069BC424B002206
:102BE0001A700DF58F63A3F22C431B689B7919466D
:102BF0003748FFF709FE02460DF25443106818608B
:102C000092889A800DF58F63A3F22C431B689B7901
:102C100019462F48FFF7B0FD344820F06FF99DF8B2
:102C200054341C469DF855341D469DF856349DF885
:102C300057249DF858149DF859040390029101926D
:102C400000932B4622461F491C4820F025FA1B49B9
:102C5000224820F053F94FF480520021174835F0F4
:102C60001DF9234B1B780221184618F06DFD204BEF
:102C70001B780221184618F07BFD00F01DBC00BF38
:102C8000A0000906A0004304A0000904A00043031B
:102C9000A0004302A0000902A0000901A000060153
:102CA000A0000900A0000600A0000100A00005008F
:102CB000A03A002000C104000CC1040054110020FF
:102CC00024C104003CC104005CC1040084C10400B0
:102CD000C80D00208C0F00209CC10400C4C104005A
:102CE000DCC1040093410020A43A0020FCC1040090
:102CF000924100200DF58F63A3F22C431B681A7BD1
:102D00008F4B1A708F4B1B785A1CD1B28D4A1170A1
:102D10001A460DF58F63A3F22C431B68197B8A4B6F
:102D200099548A4B01221A70854B1B781A468849A0
:102D30008848FFF791FD0DF58F63A3F22C431B68C4
:102D40001B791C460DF58F63A3F22C431B685B793E
:102D50001D460DF58F63A3F22C431B689B791A4621
:102D60000DF58F63A3F22C431B68DB7919460DF533
:102D70008F63A3F22C431B681B7A18460DF58F63F3
:102D8000A3F22C431B685B7A03930290019100929B
:102D90002B4622467049714820F07EF9704820F099
:102DA000ADF86E496F4820F0A9F8654B1B781946BD
:102DB0006D4820F0A3F86D4820F0B2F86C4B01226A
:102DC0001A705F4B1B786B4A0221184614F04AFEBA
:102DD00072E30DF58F63A3F22C431B68B3F80D303B
:102DE0009BB2002B4CD1644820F088F80DF58F631E
:102DF000A3F22C431B68B3F809309AB25F4B1A80D8
:102E00000DF58F63A3F22C431B68B3F807309AB219
:102E10005B4B1A800DF58F63A3F22C431B68B3F84C
:102E20000F309BB2DAB2574B1A70574B1B881946BA
:102E3000564820F063F8534B1B781946544820F04D
:102E40005DF8544B1B881946534820F057F84B4BFC
:102E50001B881946514820F051F8514B1B881946E0
:102E6000504820F04BF8464B1B8819464E4820F03E
:102E700045F84E4B1B8819464D4820F03FF81BE3A0
:102E80004C4820F03BF80DF58F63A3F22C431B68F0
:102E9000B3F80D309BB21946474820F02FF80BE3EA
:102EA000464820F02BF80DF58F63A3F22C431B68E6
:102EB000B3F807309BB21946414820F01FF8FBE2F7
:102EC000224B01221A703F4B1B78013319463E48B2
:102ED00020F014F83B4B1B78002B7BD10DF58F6352
:102EE000A3F22C431B681B7A5AB20DF58F63A3F231
:102EF0002C431B685B7A1B025BB213435BB2DAB2F2
:102F0000324B1A700DF58F63A3F22C431B6803F14B
:102F10000A000DF58F63A3F22C431B68DB79023B9B
:102F20001A4615AB194626F00CF90DF58F63A3F27E
:102F30002C431B68DB79023B9AB2254B1A8064E074
:102F400093410020A13A0020940F0020A43A0020D1
:102F50008C0F0020C80D00203CC10400541100203B
:102F60002CC20400C4C1040064C2040080C2040076
:102F7000A03A0020B0C00400A8C20400483A0020D3
:102F8000463A00209F3A0020443A0020DCC2040068
:102F9000F0C204007C41002004C304001CC30400F0
:102FA0007A41002034C304004CC304007E41002059
:102FB00064C3040084C30400B0C30400C4C3040099
:102FC000E8C30400A53A0020F8C30400A63A002094
:102FD0004C3A00200DF58F63A3F22C431B6803F1DC
:102FE00008000DF58F63A3F22C431B68DB791A46AA
:102FF00015AB194626F0A5F80DF58F63A3F22C4307
:103000001B68DB791A46884B1A80884B1B78013382
:10301000DAB2864B1A70864B1B881A46854B1344CE
:10302000814A128815A9184634F043FF804B1A884C
:103030007D4B1B8813449AB27D4B1A807E4B1B78C4
:103040001A467B4B1B889A4240F033827B481FF024
:1030500055FF78497A481FF051FF0DF58F63A3F2B1
:103060002C431B68DB79002B2FD00DF58F63A3F267
:103070002C431B681B7A082B27D10DF58F63A3F215
:103080002C431B685B7A082B1FD10DF58F63A3F2CD
:103090002C431B681A790DF58F63A3F22C431B6830
:1030A000B3F805309BB21946104618F031FCCDF844
:1030B0007004DDF87034002B04D0DDF87014614822
:1030C0001FF01CFF60481FF02BFF584B1B78194660
:1030D0005E481FF013FF0DF58F63A3F22C431B68AE
:1030E00018790DF58F63A3F22C431B68B3F80530F4
:1030F0009BB24E4A1278194618F0F2FBCDF86C04D8
:10310000DDF86C34002B04D0DDF86C1450481FF04F
:10311000F5FE4FF480520021464834F0BFFE434B89
:1031200000221A70424B00221A80434B00221A7070
:10313000BFE10DF58F63A3F22C431B68D3F8053074
:10314000444A1360444B1B785A1CD1B2424A117056
:103150001946404B1B68414A42F8213040481FF055
:10316000CDFE0DF58F63A3F22C431B685B7A022B17
:1031700018D10DF58F63A3F22C431B689B7A1AB20A
:103180000DF58F63A3F22C431B68DB7A1B021BB285
:1031900013431BB2ADF86434BDF8643419463148AA
:1031A0001FF0ACFE2B4B1B6819462F481FF0A6FEE4
:1031B00082E10DF58F63A3F22C431B68B3F8053051
:1031C0009AB22A4B1A802A4B1B785A1CD1B2284A31
:1031D00011701A46254B1988264B23F812102648E1
:1031E0001FF08CFE0DF58F63A3F22C431B681B7A36
:1031F000022B43D10DF58F63A3F22C431B685B7A3E
:103200001AB20DF58F63A3F22C431B689B7A1B0245
:103210001BB213431BB2ADF86634BDF866341946D1
:1032200010481FF06BFE9FE04C3A0020A53A0020AA
:103230004A3A002054110020A63A002028C4040075
:1032400058C4040070C40400C4C40400FCC40400D6
:1032500028C504000C3F0020A23A0020D40F002013
:103260007CC50400A4C50400B8C504008241002048
:10327000A33A0020D4100020C8C504000DF58F63C8
:10328000A3F22C431B681B7A102B6DD10DF58F63B5
:10329000A3F22C431B680933CDF86834DDF8683499
:1032A0000F331B789C46DDF868340E331B789E463E
:1032B000DDF868340D331B789846DDF868340C333C
:1032C0001B781946DDF868340B331B781846DDF897
:1032D00068340A331B781C46DDF8683409331B78E0
:1032E0001D46DDF8683408331B781E46DDF8683467
:1032F00007331B781F46DDF8683406331B780E93BE
:10330000DDF8683405331B780F93DDF86834043337
:103310001B781093DDF8683403331B781193DDF8C4
:10332000683402331B781293DDF8683401331B785C
:103330001A46DDF868341B780C930B92129A0A92A5
:10334000119A0992109A08920F9A07920E9B06936F
:1033500005970496039502940190009143467246A6
:10336000614658481FF0CAFD574B1B8819465748FD
:103370001FF0C4FDA0E056481FF0C0FD0DF58F639F
:10338000A3F22C431B68DB7A194652481FF0B6FDA6
:1033900092E00DF58F63A3F22C431B68B3F8053060
:1033A0009BB2002B5ED14C481FF0A8FD4B4B1B7805
:1033B000022B22D0022B7EDC002B02D0012B04D06A
:1033C00079E047481FF09AFD51E046481FF096FD0E
:1033D00045481FF0A5FD454B1B68194644481FF0A2
:1033E0008DFD3E4B02221A70424B1B783F4A1268F9
:1033F0001146184614F04CFB39E03F481FF07EFDA3
:10340000364B00221A703D481FF08AFD3C493D486A
:103410001FF074FD374B1B7819463B481FF06EFDBB
:103420004FF480520021364834F038FD314B187883
:10343000364B1988364B1A88364B1C88364B1B88FE
:10344000364D01950093234618F004FACDF8740424
:10345000DDF87434002B09D0DDF8741430481FF007
:103460004DFD03E02F481FF049FD24E000BF22E09E
:103470002D481FF043FD0DF58F63A3F22C431B680D
:10348000B3F805309BB2194628481FF037FD28488D
:103490001FF046FD0DF58F63A3F22C431B68B3F8B4
:1034A00005309AB2234B1A8006E000BF04E000BF4B
:1034B00002E000BF00E000BF00BF0DF58F6DBDE86A
:1034C000F08100BFF8C504008241002048C6040016
:1034D00058C604008CC60400A0C60400A03A002010
:1034E000D0C60400F0C6040024C704000C3F00202E
:1034F0004CC704009341002064C704009CC704002B
:1035000054110020C4C1040064C2040080410020A2
:103510007A4100207C4100207E410020443A002076
:10352000C0C7040014C8040040C8040064C80400F4
:1035300078C8040078410020024B00221A8000BFA6
:10354000704700BF4E3A002000B583B000238DF8CD
:10355000073038F098FA00900A4B1B88002B08D0EF
:10356000084B1B88013B9AB2064B1A8001238DF849
:103570000730009838F07AFA9DF80730184603B003
:103580005DF804FB4E3A002000B58BB00390039B1E
:103590001B6823F47F4323F00703994A934240F0CA
:1035A0002881984B08220021122014F041FB099039
:1035B000099B002B2AD0944B1B689449184629F08C
:1035C00081FE914B1B689249184629F07BFE25F03D
:1035D00000FF25F000FF8C4B18688E4B00935C2396
:1035E0008D4A8E4929F06EFE874B1868099B8C4ADC
:1035F0008C4929F067FE099800F0B2FB824B1B68EA
:103600008949184629F05EFE00BEFDE7874B03227C
:103610000021142014F00CFB0990099B002B2AD0E8
:10362000794B1B687949184629F04CFE764B1B688C
:103630007749184629F046FE25F0CBFE25F0CBFE53
:10364000714B1868734B00936A23734A734929F0CE
:1036500039FE6D4B1868099B714A724929F032FE98
:10366000099800F07DFB684B1B686F49184629F0EC
:1036700029FE00BEFDE76E4B05220021162014F046
:10368000D7FA0990099B002B2AD05F4B1B685F4932
:10369000184629F017FE5C4B1B685D49184629F057
:1036A00011FE25F096FE25F096FE574B1868594BF3
:1036B00000937823584A594929F004FE524B186860
:1036C000099B574A574929F0FDFD099800F048FB2E
:1036D0004D4B1B685449184629F0F4FD00BEFDE728
:1036E0000DF11B0207AB1146184618F095F809902A
:1036F000099B002B2AD0444B1B684449184629F0EB
:10370000E1FD414B1B684249184629F0DBFD25F0DD
:1037100060FE25F060FE3C4B18683E4B009383230F
:103720003D4A3E4929F0CEFD374B1868099B3C4A7B
:103730003C4929F0C7FD099800F012FB324B1B6889
:103740003949184629F0BEFD00BEFDE79DF821303D
:103750008DF810309DF820308DF811309DF81F3015
:103760008DF81230FF238DF81330FE238DF81430BE
:103770009DF81E308DF815309DF81D308DF81630EF
:103780009DF81C308DF8173004AB0822002118205A
:1037900014F04EFA0990099B002B2CD01A4B1B6891
:1037A0001A49184629F08EFD174B1B681849184610
:1037B00029F088FD25F00DFE25F00DFE124B18684E
:1037C000144B00939323144A144929F07BFD0E4BAC
:1037D0001868099B124A134929F074FD099800F0F2
:1037E000BFFA094B1B681049184629F06BFD00BE53
:1037F000FDE700BF00E000BF00BF0BB05DF804FBB9
:10380000A0000100E4C804004C220020F0C804001D
:10381000F4C804006CC90400FCC8040024C90400F6
:1038200030C9040034C904004CC9040060C9040054
:1038300064C9040000B583B005F04EFF0346012BB8
:103840001ED1114B5B6E03F48023002B0CBF0123B0
:1038500000238DF807300C4B03F580531A464FF4C4
:1038600080235366094B04221A609DF80730002B11
:1038700006D0054B03F500531A464FF480235366D8
:1038800000BF03B05DF804FB008000502020015011
:1038900082B006238DF80730002300933CE0224AD3
:1038A000009B52F823301B7A022B02DC002B03DC36
:1038B0002FE0032B13D02CE09DF80730022B25D0EE
:1038C000194A009B52F823301B7A8DF80730164AAC
:1038D000009B52F823301B68144A136016E09DF8D1
:1038E0000730022B14D09DF80730012B10D00E4A60
:1038F000009B52F823301B7A8DF807300A4A009B50
:1039000052F823301B68094A136001E000BF00E051
:1039100000BF009B013300930122009B9342BED362
:1039200000BF00BF02B07047883F00205421002034
:1039300030B593B0264B09AC1D460FCD0FC495E8AA
:10394000070084E80700234A07AB92E8030083E8F6
:10395000030001AB00221A605A609A60DA601A61B3
:103960005A6101AB07AA92E8030083E803003E23F3
:103970008DF80C303F238DF80D30174B0493202326
:10398000059301238DF8193000238DF81A3009AA08
:1039900001A9124B124808F091FE109000238DF8F7
:1039A00047309DF81A3083F00103DBB2002B03D0BF
:1039B00003238DF8473000BF9DF8473019464FF478
:1039C000612025F05BFD109B184613B030BD00BF91
:1039D000E4CB040000CC0400F4210020842100206A
:1039E0006021002008B5044904480AF023FDFFF7D0
:1039F0009FFF00BF08BD00BF8C3F00205821002062
:103A000008B5024829F0B7FC00BF08BD60210020BE
:103A100008B5024829F0AFFC00BF08BD60210020B6
:103A200008B5034825F06EFC0346184608BD00BFE4
:103A30006021002000B583B003460A468DF80730A8
:103A400013468DF806309DF80630002B0AD10E4B38
:103A50001B681B68002B13D00B4B1B68184609F022
:103A60004FF90DE09DF80630022B09D8064B1B6874
:103A70001B68002B04D0044B1B68184629F02CFD52
:103A800000BF03B05DF804FB943F002008B5024876
:103A900025F0E0FD00BF08BD08CC040000B58BB0E8
:103AA000039000230993674A05AB92E8030018606E
:103AB00004331980FF238DF82330FF238DF8223043
:103AC000039B1B6823F47F4323F007035E4A934262
:103AD0000CD05D4A934200F2AB805C4A934200F006
:103AE000A0805B4A934200F08C80A1E0039BB3F876
:103AF00005309BB21C2B40F09D809DF822309DF834
:103B0000232005A903C925F04DFC0346012B03D052
:103B100041F2FC13099302E04E4B01221A70039B01
:103B20001B79099AD2B21C21184614F097F8079015
:103B3000079B002B2AD0484B1B684849184629F0A0
:103B4000C1FB454B1B684649184629F0BBFB25F0D5
:103B500040FC25F040FC404B1868424B0093592331
:103B6000414A424929F0AEFB3B4B1868079B404A4B
:103B7000404929F0A7FB079800F0F2F8364B1B6884
:103B80003D49184629F09EFB00BEFDE73B4B1968F6
:103B9000039B1B791A46002300931346384A394881
:103BA00000F036F90790079B002B43D02A4B1B6887
:103BB0002A49184629F086FB274B1B6828491846D6
:103BC00029F080FB25F005FC25F005FC224B186848
:103BD000244B00936223244A244929F073FB1E4B93
:103BE0001868079B224A234929F06CFB079800F0CC
:103BF000B7F8194B1B682049184629F063FB00BE33
:103C0000FDE7039BB3F805309AB2039BB3F8073086
:103C10009BB21946104625F083FB0346174A1360F2
:103C20000BE00C4B1B78002B06D02AF00BFA03E0BC
:103C300000BF02E000BF00E000BF00BF0BB05DF8B6
:103C400004FB00BFDCCC0400A0000A02A0000601B7
:103C5000A0000602A93A00204C22002020CC04003B
:103C600024CC0400E4CC04002CCC0400A0CC040040
:103C7000ACCC0400B0CC0400C8CC0400B03F0020A1
:103C8000893C01001422002000B587B00390029106
:103C9000029B0593039B1F4A934237D11E4B1B780F
:103CA000002B33D0059BDBB2184617F0A3FD049020
:103CB000049B002B2AD0194B1B681949184629F080
:103CC00001FB164B1B681749184629F0FBFA25F033
:103CD00080FB25F080FB114B1868134B0093852364
:103CE000124A134929F0EEFA0C4B1868049B114A4A
:103CF000114929F0E7FA049800F032F8074B1B68E5
:103D00000E49184629F0DEFA00BEFDE700BF07B0F5
:103D10005DF804FB14220020A93A00204C22002068
:103D200020CC040024CC040004CD04002CCC0400DE
:103D3000A0CC0400ACCC0400B0CC0400C8CC04007F
:103D400082B00190019B002B01D1222303E0034AA2
:103D5000019B13600023184602B070474C220020DC
:103D600000B585B001900F4B1B680F49184629F02C
:103D7000A9FA08F049FC03900A4B1B68184608F0A2
:103D80002FFC019800F032F8039808F029FC054B4D
:103D90001B680649184629F095FA00BF05B05DF882
:103DA00004FB00BF4C22002014CD040018CD0400F9
:103DB00008B5094B01221A70084B00221A70084BF3
:103DC00004221A70074B1F221A7008F01DFC0346CC
:103DD000054A136000BF08BD94410020AA3A0020A4
:103DE00095410020964100204C22002000B583B070
:103DF0000190054B1B680549184629F063FA00BF7E
:103E000003B05DF804FB00BF4C2200201CCD040071
:103E10002DE9F04F8DB00590049103920293049B1D
:103E2000002B05D19DF85830002B01D0212391E0C3
:103E3000059800F095F80B900B9B002B01D00B9B85
:103E400088E0059B002283F82C20059B00229A869F
:103E5000059B0022DA860AF023FE0246049B934269
:103E600048D937F0F9F80A90049B00229846914609
:103E70000A9B00221E46174606FB09F208FB07F3C1
:103E80001344A8FB06452B441D4640F2E73314EBD0
:103E9000030A45F1000B4FF47A724FF000035046CD
:103EA00059461EF0E5FD02460B46CDE90823DDE943
:103EB00008014FF0FF324FF000031EF0D9FD13460A
:103EC0000793DDE908014FF0FF324FF000031EF0C9
:103ED000CFFD02460B4692B2059BDA860598002379
:103EE000019300230093059B1C4A079937F007FFB5
:103EF0000B901AE09DF85830002B0BD0059800234A
:103F0000019300230093059B144A049937F0A2F90A
:103F10000B900AE005980023019300230093059B72
:103F20000E4A049937F078FD0B900B9B002B10D1B3
:103F3000059B039A1A62059B029A5A62059B9DF89B
:103F4000582083F82D20059B049A1A63059800F0E9
:103F5000D3F80B9B18460DB0BDE8F08F454001002B
:103F600000B585B00190019B002B01D1222322E0F6
:103F7000019B184636F07AFF019800F0E5F80346F9
:103F80008DF80F309DF80F30002B13D0019B93F864
:103F90002C30002B0ED00A4B1B68002B0AD037F0B8
:103FA0008CFD0290064B1B68013B054A136002988A
:103FB00037F075FD0023184605B05DF804FB00BF1F
:103FC0005022002000B583B00B4B1B68002B0FD094
:103FD00000F0F2F80190019B002B06D0019B1B6AB8
:103FE000019A526A114601989847019B002BEFD124
:103FF00000BF03B05DF804FB5022002082B0012313
:104000008DF80730054B1B68002B02D004238DF878
:1040100007309DF80730184602B070475022002044
:1040200082B001238DF80730054B1B68002B02D0AE
:1040300000238DF807309DF80730184602B070470E
:104040005022002000B587B003900291029B059397
:10405000059B93F82C3083F00103DBB2002B42D098
:10406000059B9A8E059BDB8E9A4215D2059B9B8EF3
:10407000002B0AD105980023019300230093059B90
:104080001B4A4FF0FF3137F06DFE059B9B8E0133CD
:104090009AB2059B9A8626E0059BDB8E002B14D0F6
:1040A000059B93F82D30002B0BD0059B196B059BBE
:1040B0001A6A059B5B6A012000900598FFF7A8FE2D
:1040C00003E0059B184636F0D1FE059B012283F8DC
:1040D0002C20084B1B68B3F1FF3F04D0054B1B6835
:1040E0000133044A136000BF07B05DF804FB00BF52
:1040F000454001005022002000B585B0019037F006
:10410000DCFC02900F4B1B68002B0ED00D4B1B6884
:10411000039302E0039B9B6A0393039B9B6A002B20
:10412000F8D1039B019A9A6202E0064A019B136050
:10413000019B00229A62029837F0B1FC00BF05B0E3
:104140005DF804FB5422002000B587B0019037F0E1
:10415000B4FC039000230593164B1B68049304E002
:10416000049B0593049B9B6A0493049B002B03D040
:10417000049A019B9A42F3D1049A019B9A4204D07B
:10418000039837F08CFC00230FE0059B002B04D034
:10419000019B9A6A059B9A6203E0019B9B6A054A10
:1041A0001360039837F07BFC0123184607B05DF8D5
:1041B00004FB00BF5422002000B583B037F07DFC23
:1041C00000901A4B1B68019324E0019B93F82C305C
:1041D000002B1CD0019B002283F82C20144B1B6861
:1041E000002B04D0124B1B68013B114A1360019B4A
:1041F00093F82D3083F00103DBB2002B02D001983D
:10420000FFF7A2FF009837F04AFC019B09E0019BF1
:104210009B6A0193019B002BD7D1009837F03FFC9C
:104220000023184603B05DF804FB00BF54220020B1
:104230005022002000B589B001900E23079300237F
:104240008DF8183004238DF8193000238DF81430C0
:1042500004238DF8153000238DF8103004238DF8D9
:104260001130474B1B88ADF80C3000238DF8083017
:1042700000238DF80930019B202B49DC019B002B8A
:1042800077DD019B013B1F2B73D801A252F823F06D
:10429000194301002B4301007343010073430100E4
:1042A0007343010073430100734301003D43010068
:1042B0007343010073430100734301007343010022
:1042C0007343010073430100734301007343010012
:1042D0007343010073430100734301007343010002
:1042E00073430100734301007343010073430100F2
:1042F00073430100734301007343010073430100E2
:104300007343010073430100734301004F430100F5
:10431000019B402B24D02CE006AB00220421184640
:1043200025F0B7FA0023079324E005AB002204210F
:10433000184625F0AEFA002307931BE004AB0022D9
:104340000421184625F0A5FA0023079312E003ABD9
:1043500000220421184625F09CFA0023079309E067
:1043600002AB00220421184625F093FA002307939C
:1043700000E000BF079B184609B05DF804FB00BFD2
:1043800020CD040008B5044828F063FE24F04EFF59
:1043900000F044F800BF08BDD4CE040008B50248C0
:1043A00028F057FE00BF08BDD4CE040000B583B08E
:1043B00002238DF8003000220221074825F032F850
:1043C000034601936B460821184625F071F800BF9B
:1043D00003B05DF804FB00BF006A180000B583B0AD
:1043E000054B1B88ADF8043001AB184625F0DDFA0B
:1043F00000BF03B05DF804FB24CD040000B583B01A
:10440000054B1B88ADF8043001AB184625F094FA33
:1044100000BF03B05DF804FB24CD040030B58DB0BF
:104420004D4B05AC1D460FCD0FC495E8070084E841
:10443000070002238DF8103000238DF81130474B10
:104440001B88ADF80C30464B1B88ADF80830454B47
:104450001B88ADF80430444828F0FBFD434828F0A1
:10446000F8FD01238DF82230414B079305AB194627
:10447000404805F073F904AB01220421184625F0E9
:1044800008FA03AB00220121184625F002FA02AB1C
:1044900001220421184625F0FCF901AB0122042178
:1044A000184625F0F6F9344B4FF00212C3F83026C7
:1044B000314B324AC3F82C262F4B0222C3F8342644
:1044C0002D4B1C22C3F81C264FF448700AF036FB13
:1044D000FFF784FF14200AF031FBFFF78FFF232042
:1044E0000AF02CFBFFF77AFFB921224827F0E4FFFE
:1044F000FFF784FF04AB00220021184625F0C9F91C
:1045000003AB00220021184625F0C3F902AB0122BB
:104510000021184625F0BDF901AB01220021184603
:1045200025F0B7F9134805F09BF9134B0022C3F8A7
:104530001C26114B0022C3F830260F4B0022C3F873
:104540002C260D4B0022C3F83426084828F08DFD98
:1045500000BF0DB030BD00BF28CD040044CD040025
:1045600048CD040024CD0400D4CE0400DCCE0400E9
:1045700000127A0000C0055000C003500200010084
:1045800000B583B0064A074BD31A9B100193019ADA
:104590000549044824F0FFFF00BF03B05DF804FBA9
:1045A0008024010040210100C03B002000B585B0FF
:1045B00000F04AF8FFF7E4FF1F4B039319E00023D4
:1045C00002930EE0039B1A68029B9B001A44039B14
:1045D0005968029B9B000B4412681A60029B0133CE
:1045E0000293039B9B68029A9A42EBD3039B0C3382
:1045F0000393039B114A9342E1D3114B019314E0BF
:104600000023009309E0019B1A68009B9B00134460
:1046100000221A60009B01330093019B5B68009AA3
:104620009A42F0D3019B08330193019B054A9342C0
:10463000E6D3FEF709F800BF801505008C150500CC
:104640008C1505008C15050008B51E4B1E4A9A6096
:104650001C4BD3F888301B4A43F47003C2F88830EF
:104660001A4B03F580531A464FF400439366184BD8
:1046700003F500531A464FF0FF331366144B03F54E
:1046800000531A464FF6DF735366124B02221A602C
:10469000BFF34F8F00BFBFF36F8F00BF032007F042
:1046A00035FF0B4B03F500531A464FF44033D360EC
:1046B000032028F06CFD064B4FF440321A6100BF16
:1046C00008BD00BF00ED00E00020010000800050A8
:1046D00000800044D0ED00E082B00190024A019BCE
:1046E000136000BF02B07047BC3F002000B583B02C
:1046F0000190074A019B1360064B1B6F03F00703F1
:10470000032B01D135F06CFC00BF03B05DF804FB56
:10471000B43F00200080005000B583B001902823F2
:104720001B68184624F04FFF034683F00103DBB2F9
:10473000002B06D0019B00221A70019B00229A6078
:1047400019E028231B681B680D4A93420DD1019B79
:1047500001221A7028231B689A68019B5A6028233B
:104760001B689A69019B9A6005E0019B00221A7000
:10477000019B00229A6000BF03B05DF804FB00BFFC
:1047800007B0CD5E00B583B028231B68184624F01F
:104790001AFF034683F00103DBB2002B02D04FF473
:1047A00081731FE028231B681B68104A934202D0C4
:1047B0004FF4817316E00E4B1B78002B03D00C4B8B
:1047C0001B78022B0BD128231B68DB6998470190CB
:1047D000019B002B05D1064B01221A7001E000233A
:1047E0000193019B184603B05DF804FB07B0CD5E52
:1047F000AB3A002000B583B0084B0193019B0093B6
:10480000009B40F202221A80009B4FF20F025A8056
:1048100028F0A9FC00BF03B05DF804FB00000020F5
:10482000BFF34F8F00BF064BDB6803F4E06204491F
:10483000044B1343CB60BFF34F8F00BF00BFFDE7B6
:1048400000ED00E00400FA0500B58DB00390039B75
:104850000B930B9B1B680A930A9B1B798DF81430F2
:104860000A9B5B798DF81530254828F0F2FB05ABE3
:1048700000220121184625F00CF80DF1130205ABBA
:104880001146184625F0CAF89DF8133083F001034D
:10489000DBB21A460A9B1A700A9B9B79022B29D11C
:1048A0004FF0FF3307934FF0FF33069307A905A896
:1048B0000B9B0093134B002200F0F6F90990079B25
:1048C000B3F1FF3F09D106A905A80B9B00930D4B3F
:1048D000042200F003F909900CE001238DF8233045
:1048E0009DF8232006A905A80B9B0093054B00F01B
:1048F000F5F80990002318460DB05DF804FB00BFE1
:10490000D4CE04008396030000B585B00023019344
:104910000023ADF80E300023ADF80C303B4828F0F2
:1049200098FB00238DF8003003238DF801306B468F
:1049300001220421184624F0ACFF012005F0ACF858
:1049400001AB1946052037F0ECF80290029B002BD2
:1049500001D0029B56E02E4B1B682D4A43F0010309
:1049600013602B4BDB682A4A43F08073D36001232A
:10497000ADF80E300F23ADF80C30BDF80E305A02F2
:10498000BDF80C305B001A432249234B13430B60E4
:10499000019B03F5D52303F2FC43DB081F4AA2FB6E
:1049A00003239B0A1E4A013B13611D4B0222C3F8DD
:1049B000F0201B4B4FF48072C3F804234FF0604388
:1049C000184AC3F8B02F4FF06043174AC3F8802E3F
:1049D0004FF06043D3F8003E4FF0604243F48073E1
:1049E000C2F8003E4FF06043FF2283F820204FF0D2
:1049F0006043D3F8003E4FF0604223F48073C2F866
:104A0000003E0023184605B05DF804FBD4CE040038
:104A1000F0ED00E0001000E0E101004017916502B8
:104A2000000004E055CEACC50900010082B0019041
:104A30000B468DF803304FF06043D3F8803E03F00F
:104A40000103002B22D0134BDB68124A43F0807322
:104A5000D3604FF06043D3F8002E0121019B01FA8F
:104A600003F34FF060411343C1F8003E4FF0604242
:104A7000019B52F82330002BE5D04FF06041019BA1
:104A80009DF8032001F82320002300E0112318469D
:104A900002B07047F0ED00E008B50F4828F0D9FAF1
:104AA000192007F015FD0346002B05D0192007F04B
:104AB0002DFD192028F06BFB1A2007F009FD034695
:104AC000002B05D01A2007F021FD1A2028F05FFBEB
:104AD0000023184608BD00BFD4CE040000B587B03F
:104AE00003900291009313468DF80730039B002B2F
:104AF00002D0029B002B01D1222390E0039B1B7864
:104B0000002B13D0039B1B78012B0DD0039B1B782C
:104B1000022B07D0039B1B78032B01D10F2307E047
:104B2000002305E0FF2303E01F2301E040F2FF1311
:104B3000039A5278D34003F00103002B05D1039B65
:104B40001B78FF2B01D0212369E09DF80730002B53
:104B50000DD09DF80730012B09D09DF80730022BAE
:104B600005D09DF80730042B01D0212357E036F003
:104B7000A4FF0590039B1B78FF2B0AD0029B1B68A8
:104B80009DF807201946039805F092F80246029B0B
:104B90001A60029B1B68B3F1FF3F0FD1039B1B7888
:104BA000FF2B0BD104F03AFF0490039B5B78049930
:104BB000184627F09EFC0246029B1A60029B1B6867
:104BC000B3F1FF3F22D0029B1A68174913465B00DE
:104BD00013449B000B440433009A1A60029B1A682A
:104BE000114913465B0013449B000B440833089A99
:104BF0001A60039B1B78FF2B0DD0029B1B680122C0
:104C000002FA03F3184604F0DFFE04E0059836F0DC
:104C100046FF2D2303E0059836F041FF0023184698
:104C200007B05DF804FB00BF5822002000B585B036
:104C30000190019BB3F1FF3F05D0019B0F2B02DCDC
:104C4000019B002B01DA212328E036F036FF039088
:104C50000122019B02FA03F3184604F0D1FE01225F
:104C6000019B02FA03F3184604F0BCFE0D49019AB9
:104C700013465B0013449B000B44043300221A606C
:104C80000849019A13465B0013449B000B44083308
:104C900000221A60039836F002FF0023184605B080
:104CA0005DF804FB5822002000B587B00390029104
:104CB000009313468DF80730039B002B02D0029B14
:104CC000002B01D122236AE0039B1B78002B13D019
:104CD000039B1B78012B0DD0039B1B78022B07D065
:104CE000039B1B78032B01D10F2307E0002305E072
:104CF000FF2303E01F2301E040F2FF13039A5278E1
:104D0000D34003F00103002B05D1039B1B78FF2B3D
:104D100001D0212343E036F0D0FE0590039B1B78A1
:104D2000FF2B0AD0029B1B689DF8072019460398A9
:104D300027F083FC0246029B1A60029B1B68B3F1BA
:104D4000FF3F23D0029B1A68174913465B001344A8
:104D50009B000B44B833009A1A60029B1A681249F0
:104D600013465B0013449B000B44BC33089A1A6043
:104D7000039B1B78FF2B0ED0029B1B681033012274
:104D800002FA03F3184604F01FFE04E0059836F01B
:104D900086FE2D2303E0059836F081FE0023184699
:104DA00007B05DF804FB00BF5822002000B587B0B3
:104DB000019034E0019824F055FD05900122059BF7
:104DC00002FA03F3DB43019A13400193059B0F2B77
:104DD00008D8059A13465B0013449B00144A1344F9
:104DE00004930EE0059BA3F1100213465B001344ED
:104DF0009B00B0330E4A134404330493059B103BCD
:104E00000593049B5B68002B09D0049B5B680393AC
:104E1000059BDAB2049B9968039B10469847019B57
:104E2000002BC7D100BF00BF07B05DF804FB00BF77
:104E30005822002000B585B001900091204B1B78CE
:104E400083F00103DBB2002B01D01E4B34E0019B49
:104E5000002B01D11C4B2FE036F02FFE02900023D7
:104E6000039322E0194A039B1B0113440C331B7864
:104E700083F00103DBB2002B14D0019B039A1A606C
:104E8000124A039B1B0113440C3301221A700F4A70
:104E9000039B1B01134400221A60029836F0FFFDA9
:104EA000002309E0039B01330393039B072BD9D90C
:104EB000029836F0F4FD064B184605B05DF804FB89
:104EC000AC3A0020028000F0018000F0C0230020F6
:104ED000048000F000B585B000238DF80B3036F06B
:104EE000ECFD0190002303930EE0154A039B1B0188
:104EF00013440C331B78002B03D001238DF80B30A7
:104F000005E0039B01330393039B072BEDDD9DF825
:104F10000B3083F00103DBB2002B09D004F0CAF997
:104F2000084B00221A70019836F0B9FD002303E007
:104F3000019836F0B4FD044B184605B05DF804FB4B
:104F4000C0230020AC3A0020058000F000B585B0F9
:104F50000190164B1B7883F00103DBB2002B01D0CC
:104F6000134B1FE0019B072B01D9124B1AE036F0BF
:104F7000A4FD0390104A019B1B0113440C331B78C2
:104F8000002B0BD00C4A019B1B0113440C33002255
:104F90001A70039836F083FD002303E0039836F07F
:104FA0007EFD064B184605B05DF804FBAC3A0020C8
:104FB000028000F0018000F0C0230020068000F095
:104FC00000B585B0194B1B68019300238DF80430A0
:104FD00036F073FD0290164B1B78002B04D002981C
:104FE00036F05DFD134B1DE0114B01221A70029843
:104FF00036F055FD0023039309E00F4A039B1B0184
:1050000013440C3300221A70039B01330393039B58
:10501000072BF2DD08238DF8073001AB184604F0AA
:1050200079F90023184605B05DF804FB9CCD040017
:10503000AC3A0020038000F0C023002000B587B008
:105040000390029101920093174B1B7883F00103A8
:10505000DBB2002B01D0154B21E0039B072B01DDB8
:10506000134B1CE0039B1B01124A13440593059B41
:105070001B7B83F00103DBB2002B01D00E4B0EE053
:10508000059B009A1A60059B089A5A60059B0022AE
:105090009A60019A0299039804F080F90023184657
:1050A00007B05DF804FB00BFAC3A0020028000F0BE
:1050B000018000F0C0230020078000F000B583B01D
:1050C0000190124B1B7883F00103DBB2002B01D05F
:1050D0000F4B17E0019B072B01D90E4B12E00E4A34
:1050E000019B1B0113440C331B7883F00103DBB2DB
:1050F000002B01D0094B05E0019B0021184604F06C
:10510000F3F80023184603B05DF804FBAC3A002026
:10511000028000F0018000F0C0230020078000F032
:1051200000B583B00190124B1B7883F00103DBB212
:10513000002B01D00F4B17E0019B072B01D90E4B21
:1051400012E00E4A019B1B0113440C331B7883F0C1
:105150000103DBB2002B01D0094B05E0019B0121CB
:10516000184604F0C1F80023184603B05DF804FBAC
:10517000AC3A0020028000F0018000F0C023002043
:10518000078000F000B587B0364B1B6D0393354B9D
:105190005B6D039A13400393039B002B01DA00BF5E
:1051A000FDE7002305930123049353E0039A049B36
:1051B0001340002B48D02B4B03F500531A46049B99
:1051C0001365059B1B01284A13440293029B1B682D
:1051D000002B39D0029B9B685A1C029B9A60029B51
:1051E0001B68029A9168029A52680598984703468C
:1051F000002B14BF01230023DBB283F00103DBB2D9
:105200008DF807309DF8073003F001038DF8073063
:10521000029B5B7B012B17D19DF80730002B13D02D
:10522000124A059B5B01134403F1080213796FF3E3
:10523000410313710D4A059B5B01134403F11802EE
:1052400013796FF341031371059B01330593049B9D
:105250005B000493059B072BA8D900BF00BF07B0D4
:105260005DF804FB00000450C0230020402400200F
:1052700010B58AB00292019303468DF80F300B46A9
:105280008DF80E307B4B1B7883F00103DBB2002BD3
:1052900001D0794BEBE0029B072B10D80C9B002B25
:1052A0000DD00D9B002B0AD0109BB3F5006F06DCD0
:1052B0009DF80F30012B04D10E9B002B01D16F4BB9
:1052C000D5E0029B1B016E4A13440993099B1B7B8B
:1052D00083F00103DBB2002B01D06A4BC7E004ABC3
:1052E00000221A605A609A60DA60029B5B01664A8B
:1052F000134408939DF80E30002B1DD1089B1A46CD
:105300000023136053609360D360089A937843F04E
:1053100010039370089AD37843F03003D3709DF84C
:105320003C3083F00103DBB2002B22D0089AD37803
:1053300043F00303D3701CE0089B1A46002313605C
:1053400053609360D360089A937843F0100393708E
:10535000089AD37843F00303D3709DF83C3083F070
:105360000103DBB2002B04D0089AD37843F030035A
:10537000D370019B0493109B9BB2013B9BB2C3F380
:105380000A0399B2089A138861F30E1313800C9ADA
:10539000089B9A600D9A089B5A609DF8443003F070
:1053A0000303D9B2089AD37861F38303D3709DF8CD
:1053B0000F30012B3BD1089A137B43F00103137389
:1053C000089A137B43F002031373089AD3680421ED
:1053D00061F39F03D3602C4A029B5B01134403F1EA
:1053E0001002089B14460FCB84E80F00264A029B4C
:1053F0005B01134403F1180253686FF0030161F37A
:105400009F0353600E9A2049029B5B010B441433A7
:105410001A609DF80E30012B09D10D9A1A49029B92
:105420005B010B4418331A600E9A089B5A60129B5A
:10543000002B08D19DF80F30002B04D1089A9378E7
:105440006FF304139370099B129A1A60099B139AC5
:105450005A60099B00229A60099B9DF80F205A739D
:10546000029B04A9089A184603F098FF00231846E7
:105470000AB010BDAC3A0020028000F0018000F0BC
:10548000C0230020078000F04024002000B593B026
:105490000790069111461A460B468DF817301346B1
:1054A0008DF8163000230893069B1B691946079850
:1054B00024F0DCFB034683F00103DBB2002B01D0B8
:1054C0001C23B6E0079BDB6A109310995B4801F040
:1054D0001FFC08AB02939DF8163001939DF817301E
:1054E0000093109B554A0699079824F0DDFD0F9014
:1054F0000F9B002B04D1514B9A68079BDA627CE02A
:105500001099079824F009FC0E900E99079824F042
:10551000F6FB0346184626F053FC0D90079BDB6A0A
:105520001946079824F0CAFC0C90079B9B6A0C9ABA
:105530009A4261D0079B0C9ADA62404B9B681946ED
:10554000079824F0A0FC0246079B1B6B9A1A079B46
:105550001A63109A0D9BD31A0B93089B1946079850
:1055600024F0DBFB0A900A9A0E9B9A4221D10B9BF6
:10557000002B1ED0079BDB6B9B69079AD06A0B9AA6
:1055800092080D9998471190079BDB6A0B99184672
:1055900024F0ACFB0246079BDA62079B1A6B0B9B5D
:1055A000D21A079B1A63079B0833184601F094FA36
:1055B00001E0002311930A99079824F0A0FB0990B9
:1055C000079BDB6B0999184626F001FB079825F02D
:1055D000F6F8079824F08EFC0246079B1A63119B8D
:1055E000002B0AD0069B1B691946079824F03EFB46
:1055F0000346002B84D100E000BF0F9B002B09D095
:10560000069B1B691946079824F030FB0346002BC4
:105610007FF458AF0F9B002B0AD1079B03F10800C2
:10562000069B1968054B5A689DF8163001F0D6FAAA
:105630000F9B184613B05DF804FB00BFE42B00205D
:1056400000B587B00390029101920093039B5B69C0
:10565000009A9A4201D9622332E0039825F07EFB3A
:105660009DF82030032B06D00099039824F011FBFD
:105670000346002B01D0012300E000238DF81730F2
:105680009DF8173083F00103DBB2002B01D01C23FF
:1056900016E04FF0FF310C4801F03AFB0A4A029B3A
:1056A0001360094A009B1361074A019BD3609DF870
:1056B0002030002204490398FFF7E8FE0490049B81
:1056C000184607B05DF804FBB82B002010B594B065
:1056D0000590049103928DF80B3000238DF84F3024
:1056E000059BDB6B5B69039A50680CA90122984704
:1056F000059BDB6B5B690BA90122049898470CABF7
:10570000184626F018F90346002B0BD0039B002205
:105710009A75039B00225A75039B4FF0FF329A60E3
:105720000023DFE10BAB184626F02EF91190039B06
:1057300001229A75039B1B7E039A0333DB001344FB
:10574000049A5A60039B1B7E039A0333DB001344C5
:1057500000221A81039B5B68049A9A420FD1039B33
:10576000119A1A600BAB184626F053F903461A46F5
:10577000039B1A75039B4FF0FF329A6033E0039B43
:105780001B68119A9A4202D0039B00229A750BABB8
:10579000184626F03EF903461A46039B1B7D9A42A3
:1057A00002D0039B00229A750BAB184626F0F6F840
:1057B00003461C460CAB184626F0F0F803469C4204
:1057C00002D0039B00229A750BAB184626F0F1F825
:1057D00004460CAB184626F0ECF803469C4202D077
:1057E000039B00229A75039B1B7D042B07D0039B10
:1057F0001B7D052B03D0039B1B7D062B04D1039B34
:1058000000229A7500236DE10BAB184626F0C6F80E
:105810000346002B0CD0059BDB6B5B6909A90222B8
:105820000498984709AB184626F0D2F8129004E085
:105830000BAB184626F0CCF81290039B1B7D032B74
:1058400029D801A252F823F0815801006B580100B9
:1058500059580100AD580100039B1B7E039A033386
:10586000DB001344CC221A8121E0039B1B7E129A99
:1058700091B2039A0333DB0013440A461A8116E0FF
:10588000039B1B7E129A91B2039A0333DB001344ED
:105890000A461A810BE0039B1B7E129A91B2039A6F
:1058A0000333DB0013440A461A8100E000BF039B68
:1058B0001B7D184601F05AFA03461A46169B1A70C9
:1058C000039B1B7E1C460BAB184626F041F8034693
:1058D0001946039AE31CDB0013440A469A72039BA1
:1058E0001B7E039A0333DB0013441B891293039B33
:1058F0001B7E039A0333DB0013449B7A8DF84330FD
:105900000BAB184626F04AF803468DF842300BAB35
:10591000184626F04EF80F909DF84230002B0FD01D
:10592000059BDB6B5B6907A902220498984707ABCC
:10593000184625F0D3FF03461A46039B5A7507E025
:105940000BAB184625F0A5FF03461A46039B5A7574
:10595000039B5B7D83F00103DBB2002B02D0039B32
:1059600000229A75039B9B7D002B21D0129B002B5C
:105970001ED00F99049824F0B9F90E90049A0E994C
:10598000059824F0DAF9034683F00103DBB2002B1B
:1059900002D0039B00229A750E99059824F073FAA1
:1059A0000D90129A0D9B9A4202D9039B00229A7580
:1059B000039B9B7D002B30D09DF84330002B07D1FB
:1059C000039BDB7D002B28D001238DF84F3024E092
:1059D000039B0122DA75039B5B7E83F00103DBB23C
:1059E000002B0BD09DF84330012B03D1039B0122E8
:1059F0005A7612E001238DF84F300EE09DF84330C7
:105A0000012B03D101238DF84F3006E09DF8433080
:105A1000032B02D1039B01229A76039B9B7D002BD3
:105A20001BD09DF84F3083F00103DBB2002B0BD16C
:105A30009DF84F30002B10D09DF84330012B0CD037
:105A40009DF84330002B08D0129B0F9A04990598BB
:105A500024F0FDFA0246039B9A60039B9B7D002B7A
:105A600005D0039B1A69129B1A44039B1A61039B7E
:105A70001A7E1E4B1B789A4206D2039B1B7E013373
:105A8000DAB2039B1A7602E0039B00229A759DF816
:105A90000B30002B24D0039B9B7D002B20D0039B3D
:105AA000DB7D002B1CD09DF84F3083F00103DBB26F
:105AB000002B15D09DF84330032B11D0039B9B681E
:105AC000B3F1FF3F0CD0039B9968169B0093012311
:105AD000039A0598FFF7FAFD03461A46039B9A7549
:105AE000039B9B7D184614B010BD00BFBCCD0400C5
:105AF00000B593B003900291019200934FF0FF33F1
:105B0000109300238DF83F3000238DF83E300023A2
:105B10008DF817304FF0FF31019801F0F9F8029835
:105B200024F06DFA0346002B08D0039B08330DF1D7
:105B300016020299184601F019F81090109BB3F163
:105B4000FF3F18D01099019801F0E2F80DF117030A
:105B500001220199039824F0A6FD03468DF83D30FB
:105B60009DF83D30002B06D001238DF83F309DF885
:105B70001720009B1A70029824F035FA0346002B78
:105B80000CD19DF83F3083F00103DBB2002B00F015
:105B9000BB80039B1B7C002B00F0B680039BDB6A61
:105BA000B3F1FF3F07D1039B5B6A1946039824F0CA
:105BB00033F9119006E0039BDB6A1946039824F041
:105BC000ACF81190029824F00EFA0346002B14BF93
:105BD00001230023DBB283F00103DBB28DF83C30FC
:105BE0009DF83C3003F001038DF83C30039B5B6A69
:105BF000119A9A4202D101238DF83E3011990398EF
:105C000024F07DF80E90039BDB6B5B6906A90522EF
:105C10000E98984706AB184626F065F803468DF8AF
:105C200037309DF83730184626F0A0F80E9826F049
:105C3000C7F80C900C9B109333E01099394801F091
:105C400067F80DF117039DF83C203649039824F0BE
:105C50002AFD03468DF83D309DF83D30002B1DD0C8
:105C60009DF83C3083F00103DBB2002B08D19DF896
:105C70003C30002B12D02B4B1B68029A9A420DD15C
:105C800001238DF83F309DF81720009B1A70264B9A
:105C90001B681A462349019832F00BF9214B9B6887
:105CA0001093109BB3F1FF3F07D00C9A1099039803
:105CB00024F043F80346002BBFD11199039824F038
:105CC000ABF811909DF83E3083F00103DBB2002B5E
:105CD00006D09DF83F3083F00103DBB2002B85D165
:105CE0009DF83F30002B0FD0029824F088F903462E
:105CF000002B09D0039B03F10800019B5A68009B0D
:105D00001B78029900F06AFF9DF83F30002B01D00C
:105D1000002300E02D230B930B9B184613B05DF876
:105D200004FB00BFE42B0020C0CD040000B587B009
:105D30000190019B4FF0FF32DA620DF10B032A4A0A
:105D40006FF001010198FFF7D3FE0490049B002B34
:105D500004D1254B9A68019BDA6203E0019B9A6AA1
:105D6000019BDA62019BDB6A0593019BDB6A1946A2
:105D7000019824F00EF90246019B1A63019B1B6BEC
:105D8000002B08D1019BDB6A1946019824F096F894
:105D90000246019BDA620599019824F08FF805907C
:105DA00018E00599019824F0F4F80390019B1A6B10
:105DB000039B1A44019B1A630599019824F07EF80D
:105DC0000590039B002B05D1019B00221A63019BC8
:105DD000059ADA62019B9B6A059A9A42E1D100BF5B
:105DE00000BF07B05DF804FBB82B002010B586B0EB
:105DF0000390019200930B468DF80B30039B9B6A36
:105E0000059346E00599294800F082FF0DF1110342
:105E100001222649039824F046FC03468DF81330EE
:105E20009DF81330002B10D09DF81120019C009B91
:105E30001E490398A04703468DF812309DF8123092
:105E400083F00103DBB2002B2DD1184B9B68B3F11B
:105E5000FF3F03D0154B9B68059306E0134B5B682F
:105E60001946039824F02AF805909DF80B30012B71
:105E70000FD10E4B5B681A460599039823F05DFF1E
:105E8000034683F00103DBB2002B02D04FF0FF3357
:105E90000593039BDB6A059A9A4205D0059BB3F1F3
:105EA000FF3FAFD100E000BF06B010BD102C0020B6
:105EB00010B588B003900291009313468DF8073017
:105EC0000A9B0793079B1B6806939DF80730032BDB
:105ED00079D0079B18680DF11303404A0299FFF728
:105EE00007FE0246079B5A60079B5B68002B6AD13E
:105EF000079B1868394B5968079B1B689B6A1A46B1
:105F000023F01BFF0346002B5DD0079B1B7A012B60
:105F10000CD1324B1A69079BDB681A44069B5B69FC
:105F20009A4203D9079B00221A744CE0079B1A6817
:105F3000079B1B689B6A1946104623F0EEFE044639
:105F4000079B1A68079B1B68DB6A1946104623F0FB
:105F5000E4FE03469C421CD1069B5C6C069BDB6AFC
:105F60001946069823F09FFF0346E31A0593069B04
:105F70001A6B059BD21A069B1A63079B1A68079B2C
:105F80001B68996A079B1C68104623F097FF03461D
:105F9000E362079BDA68114B1B69134403F10802A3
:105FA000079BDA60079B18689DF8073001220B49B0
:105FB000FFF76CFA0246079B5A60079B5B68002B51
:105FC00001D0002307E0079B1B7A012B02D1079B1E
:105FD0001B7C00E00123184608B010BDB82B002040
:105FE00000B587B003900291009313468DF80730F7
:105FF000009B05939DF80730032B42D0029B196844
:106000000DF11303254A0398FFF772FD0246059B25
:106010005A60059B5B68002B33D19DF81330032B2E
:106020002FD01E4B5A68029B5B689A4229D1059B70
:106030001B7A012B0CD1029B1A69059BDB681A4461
:10604000039B5B699A4203D9059B00221A7418E0EE
:10605000059BDA68029B1B69134403F10802059B48
:10606000DA609DF80730012202990398FFF70EFAD3
:106070000246059B5A60059B5B68002B01D00023FC
:1060800007E0059B1B7A012B02D1059B1B7C00E0DE
:106090000123184607B05DF804FB00BFB82B0020B1
:1060A00000B58FB001900B468DF80330019B5B6A01
:1060B0001946019823F023FE0D90019BDB6B5B6971
:1060C00007A905220D98984707AB184625F00BFE47
:1060D00003468DF833309DF83330012B01D1002376
:1060E0004FE0019B0293002303939DF803308DF84A
:1060F00010300023059301238DF81830019B9A6A14
:10610000019BDB6A9A4212D1019B9B6A1946019856
:1061100023F0D4FE0246019BDA62019B1A6B019BBD
:106120005B6CD31A03F11402019B1A6314E0019B08
:106130001B7C83F00103DBB2002B07D0019B0833EB
:1061400002AA1249184600F093FD05E002AB104A7E
:1061500001210198FFF74AFE039B002B10D19DF807
:106160001830002B0CD0019B5B6A1946019823F074
:10617000C6FD0D90019BDB6B0D99184625F043FD84
:10618000039B18460FB05DF804FB00BFB15E010031
:10619000E15F010000B585B00190019B1B7C83F09D
:1061A0000103DBB2002B07D0019B0833019A204981
:1061B000184600F05DFD05E000231E4A012101980C
:1061C000FFF714FE019B5B6A1946019824F004FC5A
:1061D0000390039B01330393019B5B6A039A194667
:1061E000019824F05CFC0290029B002B08D1019BDB
:1061F0001A6B019B5B6C1344A3F11402019B1A639D
:10620000019B9B6A1946019823F058FE0246019BA8
:106210009A62019B9B6A1946019823F07EFD024613
:10622000019B5A62029B184605B05DF804FB00BF53
:10623000D5AA030017AB030000B583B00190019B02
:106240000833184600F048FC0023044A0021019856
:10625000FFF7CCFD00BF03B05DF804FB33B20300D1
:1062600010B586B001900091644B1B680493634B9A
:1062700000221A60019B002B01D1212319E1019B0F
:1062800093F83430002B2BD0009B1A68019B1B68BD
:106290009A4223D1009B5A68019B5B689A421DD1A8
:1062A000009B9A68019B9B689A4217D1009BDA6811
:1062B000019BDB689A4211D1009B1A69019B5B69C3
:1062C0009A420BD1009B9A69019BDB6B9A4205D1E4
:1062D000009B5A69019B9A610023EAE05D23E8E094
:1062E000019B9B6B039350220021019831F0D6FD56
:1062F000019B039A9A63009B1A68019B1A60009B9A
:106300005A68019B5A60009B1A69019B5A61009B65
:106310005A69019B9A61019B03F10800009B9968EF
:10632000009BDB681A4600F0C5FB009B9A69019B45
:10633000DA63009B9B699B68019A4032104698473C
:106340000590059B002B0CD1019B5B6C002B08D0AA
:10635000019B5A68019B5B6CB2FBF3F2019BDA6113
:1063600002E0019B0022DA61019B93F84330002B8D
:1063700001D121239DE0019B5B6C002B03D0019B8D
:10638000DB69002B01D15B2393E0019B1B681A465C
:10639000019B5B6CB2FBF3F101FB03F3D31A002BFF
:1063A00001D0592385E0019B5B68019A526CB3FBD5
:1063B000F2F101FB02F29B1A002B01D0592378E085
:1063C000019B5C68019823F041FC03469C4201D28A
:1063D0005A236EE0019B5B69B3F5805F01D95F23AF
:1063E00067E0019B5B69CB2B01D85F2361E0019BD8
:1063F0005B6CB3F5007F03D25B235AE0402500209D
:106400000321019824F0E6FF019BDB6B1B68019AD6
:106410001068019A5268114698470590019BDB6B02
:10642000DB6802209847059B002B0CD1049901984A
:1064300024F017FF0590059B642B04D10499019863
:1064400024F00FFF0590019B5B6C143B0293059BAE
:10645000002B0CD1019B1B6A029A02FB03F40198EA
:1064600023F0F4FB03469C4201D25A230593059B7B
:10647000002B0CBF01230023DAB2019B83F83420E8
:10648000019B93F83430002B04D00B4B1B68013375
:10649000094A1360059B002B07D1019B1A68019BD9
:1064A0005B681946104625F007F9019824F0A5FF0E
:1064B000059B184606B010BD4425002000B589B0E4
:1064C000059004910392029301238DF81B30059BE4
:1064D000002B01D121234FE0059B93F8343083F04A
:1064E0000103DBB2002B01D0112345E0049823F017
:1064F00086FD034683F00103DBB2002B01D0292384
:106500003AE00221059824F065FF0DF11A031C4AB8
:1065100004990598FFF7ECFA0790079B002B1AD116
:106520009DF81A30012B16D1154B1B69029A9A421D
:1065300011D101230193124B0093029B0022039976
:10654000059823F0BDFF0790079B002B14BF012384
:1065500000238DF81B309DF81B30002B08D0012341
:106560000093029B039A04990598FFF769F8079036
:10657000059824F042FF079B184609B05DF804FB1C
:106580008C2B002000B589B00590049103920293F2
:10659000059B002B01D1212348E0059B93F8343063
:1065A00083F00103DBB2002B01D011233EE00498FD
:1065B00023F025FD034683F00103DBB2002B01D05D
:1065C000292333E00121059824F004FF0DF11B037A
:1065D000184A04990598FFF78BFA0790079B002B40
:1065E00020D19DF81B30012B13D1124B1B69029A4D
:1065F0009A420BD1002301930E4B0093029B002281
:106600000399059823F05CFF07900BE06323079341
:1066100008E09DF81B30022B02D16023079301E0B4
:106620002D230793059824F0E8FE079B184609B030
:106630005DF804FB8C2B002000B589B00590049117
:1066400003920293059B002B01D121234AE0059B75
:1066500093F8343083F00103DBB2002B01D0112317
:1066600040E0049823F0CBFC034683F00103DBB247
:10667000002B01D0292335E00121059824F0AAFE42
:106680000DF11B03194A04990598FFF731FA079099
:10669000079B002B22D19DF81B30012B15D1134BEA
:1066A0001A6902990A9B0B449A420BD30023019367
:1066B0000E4B00930A9B029A0399059823F000FF62
:1066C00007900BE06323079308E09DF81B30022B33
:1066D00002D16023079301E02D230793059824F04E
:1066E0008CFE079B184609B05DF804FB8C2B00203C
:1066F00000B587B00390029101920093009B0022A5
:106700001A60039B002B01D1212340E0039B93F8E7
:10671000343083F00103DBB2002B01D0112336E0CB
:10672000029823F06CFC034683F00103DBB2002BDC
:1067300001D029232BE00121039824F04BFE0DF119
:106740001303154A02990398FFF7D2F90590059BA8
:10675000002B16D19DF81330032B12D09DF8133067
:10676000022B06D1019B01221A60009B04221A60B1
:1067700009E0019B00221A60074B1A69009B1A600E
:1067800001E02D230593039824F037FE059B18465E
:1067900007B05DF804FB00BF8C2B002000B589B06A
:1067A00003900291009313468DF80730009B0793E6
:1067B0009DF80730032B0CBF01230023DBB21A46E0
:1067C000079B1B7E9A4242D1029B1A68079B1B685B
:1067D0009A423CD3029B1A68079B5B689A4236D860
:1067E000029B19680DF117031B4A0398FFF780F904
:1067F0000690069B002B2AD1174B5A68029B5B68B8
:106800009A4224D19DF81730032B0CBF012300239B
:10681000DBB21A46079B1B7E9A4218D1079B5B6925
:106820005A1C079B5A61079B1A69079BDB689A42AF
:106830000DD2079B9A68079B1B699B001344029A21
:1068400012681A60079B1B695A1C079B1A61012377
:10685000184609B05DF804FBB82B002000B58DB0D8
:10686000039002910192009300230B93039B002B52
:1068700001D100233DE0039B93F8343083F0010302
:10688000DBB2002B01D0002333E00121039824F078
:10689000A1FD009B04930E9B0593029B0693019B15
:1068A000079300230893002309939DF83C308DF84B
:1068B0002830039B1B7C83F00103DBB2002B07D045
:1068C000039B083304AA0D49184600F0D1F905E0EE
:1068D00004AB0B4A00210398FFF788FA019B002BB9
:1068E00001D1099B00E0089B0B93039824F085FDE0
:1068F0000B9B18460DB05DF804FB00BF17B40300F6
:106900009D67010000B587B003900291039B002BA7
:1069100001D1212337E0039B93F8343083F0010346
:10692000DBB2002B01D011232DE0029823F067FB8E
:10693000034683F00103DBB2002B01D0292322E0C0
:106940000221039824F046FD0DF11303104A029929
:106950000398FFF7CDF80590059B002B0DD19DF80E
:106960001330032B09D00323009300230022029944
:106970000398FEF765FE059001E02D23059303982B
:1069800024F03BFD059B184607B05DF804FB00BFF3
:106990008C2B002084B001900091019B1A68009B11
:1069A000DB0013441B680393039BC3F313031846D4
:1069B00004B0704784B001900091019B1A68009B5D
:1069C000DB0013441B680393039B1B0DDBB21846CB
:1069D00004B0704782B001900091019B1A68009B3F
:1069E000DB0013445B68184602B0704786B0039022
:1069F00002910192039B1A68029BDB0013441B68FF
:106A00000593059B1B0D1B050593059A019B1343DD
:106A10000593039B1A68029BDB001344059A1A60D6
:106A200000BF06B0704700BF86B0039002911346C6
:106A30008DF80730039B1A68029BDB0013441B6828
:106A40000593059BC3F3130305939DF807301B05BE
:106A5000059A13430593039B1A68029BDB001344BA
:106A6000059A1A6000BF06B0704700BF84B003905B
:106A700002910192039B1A68029BDB001344019A66
:106A80005A6000BF04B0704782B001900091019B32
:106A90001A68009BDB0013444FF0FF321A60019B21
:106AA0001A68009BDB0013444FF0FF325A6000BFAE
:106AB00002B0704700B585B0039002910192039B2C
:106AC000029A1A60039B019A5A60039800F004F836
:106AD00000BF05B05DF804FB00B585B00190002350
:106AE000039306E003990198FFF7CEFF039B013360
:106AF0000393019B5B68039A9A42F3D3019B0022A4
:106B00001A7200BF05B05DF804FB00BF00B585B088
:106B10000190009100238DF80B30002303931BE0BC
:106B2000019B1A68039BDB0013441B68B3F1FF3F12
:106B30000FD003990198FFF72DFF0246009B934267
:106B400007D103990198FFF79FFF01238DF80B30C0
:106B500008E0039B01330393019B5B68039A9A420D
:106B6000DED300BF00BF05B05DF804FB00B587B001
:106B70000390029101924FF0FF3305930023049399
:106B800021E0039B1A68049BDB0013441B68B3F1EC
:106B9000FF3F15D004990398FFF7FCFE0246029BC5
:106BA00093420DD104990398FFF704FF03461A4658
:106BB000019B1A7004990398FFF70CFF059007E0FA
:106BC000049B01330493039B5B68049A9A42D8D3D5
:106BD000059B184607B05DF804FB00BF2DE9F8439C
:106BE0000546406800283ED00F469146984600244E
:106BF0002B6853F83460013606D021462846FFF74B
:106C0000C9FEB84213D068680134A042F0D850B32E
:106C100000242A6802E00134A04214D052F8343033
:106C20000133F8D13A4621462846FFF7DFFE4246B7
:106C300021462846FFF7F8FE4A4621462846BDE889
:106C4000F843FFF713BFB8F1030F0CD0002403E0A3
:106C50006B680134A34206D921462846FFF7AAFEF5
:106C60000328F5D1DEE701232B72BDE8F88300BFCE
:106C70002DE9F0439046426883B00AB305460F46BB
:106C800000242B6853F83430013316D021462846AF
:106C9000FFF780FE214681462846FFF78BFE2146FE
:106CA00006462846FFF796FE4946034632462846E2
:106CB000CDF80080B84718B16A6801349442E0D337
:106CC00003B0BDE8F08300BF08B5054B1B68054A5B
:106CD000126811461846FFF7C3FA0346184608BD66
:106CE000C43F0020E43F002008B534F0CCFE03464A
:106CF000014A136000BF08BD882B002008B5034B74
:106D00001B68184634F0B2FE00BF08BD882B002077
:106D100000B583B001900091134B1B681A46002107
:106D2000019831F0BBF8019B4FF0FF321A60019BD4
:106D3000009A5A60019B00229A75019B00221A61F9
:106D4000019B4FF0FF329A60019B0022DA75019B94
:106D500000225A76019B00229A76019B00221A7625
:106D600000BF03B05DF804FBC0CD040084B003464F
:106D70008DF807309DF80730062B25D801A252F870
:106D800023F000BFB16D0100A96D0100A16D0100EC
:106D9000C16D0100B96D0100B96D0100B96D01004F
:106DA00002238DF80F3013E002238DF80F300FE02F
:106DB00001238DF80F300BE000238DF80F3007E032
:106DC00003238DF80F3003E001238DF80F3000BF4F
:106DD0009DF80F30184604B0704700BF00B591B061
:106DE000039002910192009300230F93009B5B6834
:106DF000184624F0D2FE03465B0303F46042009B76
:106E0000DB781B0303F480531A44009B9B78DB025E
:106E100003F400631A44009B1B88C3F30A03134462
:106E20000E934FF6FF730D93334B0593002101989A
:106E300024F08FFE034606930121019824F089FE79
:106E4000034607934FF0FF3308930D9B1A040E9BE4
:106E50001343099310230C93029A0C9B13440B9336
:106E6000039B9B6905AA02F1100101220B98984728
:106E70000A900A9B002B01D00A9B0F9308230C93C6
:106E8000029A0C9B13440B93039B9B6905AA02F186
:106E9000080101220B9898470A900A9B002B01D009
:106EA0000A9B0F9304230C93029A0C9B13440B939D
:106EB000039B9B6905AA111D01220B9898470A9014
:106EC0000A9B002B01D00A9B0F9300230C93029A7C
:106ED0000C9B13440B93039B9B6905A901220B9800
:106EE00098470A900A9B002B01D00A9B0F930F9B97
:106EF000184611B05DF804FB01009AB208B500BF56
:106F00000421044824F0E7FF0346002BF8D100BF1A
:106F100000BF08BD8440005008B5FFF7EFFF044BE9
:106F2000D3F884309B0903F00303DBB2184608BD95
:106F300000400050034B1B6A024A23F00103136216
:106F400000BF704700C00750054BDB6903F4803376
:106F5000002B14BF01230023DBB21846704700BF8B
:106F600000000350024B0022DA6300BF704700BFED
:106F700000000350024B41F67132DA6300BF7047E4
:106F800000000350014B9B681846704700000350F7
:106F900082B00190024A019B936000BF02B070472B
:106FA0000000035084B0019000230393019BB3F5CC
:106FB000607F21D0019BB3F5607F34D8019BB3F58E
:106FC000207F29D0019BB3F5207F2CD8019BB3F5FE
:106FD000007F19D0019BB3F5007F24D8019B002BC3
:106FE00003D0019BB3F5C07F1DD1124B1B6F1B0B50
:106FF00003F00F03039317E00E4BD3F880301B0907
:1070000003F0030303930FE00A4BD3F890301B0EF9
:1070100003F01F03039307E0064B1B6F9B0A03F06B
:107020000103039300E000BF039B0133184604B043
:10703000704700BF0080005010B582B001900091F1
:10704000019BB3F5607F49D0019BB3F5607F7CD88D
:10705000019BB3F5207F68D0019BB3F5207F74D8E6
:10706000019BB3F5007F4ED0019BB3F5007F6CD838
:10707000019B002B03D0019BB3F5C07F65D1009B22
:10708000012B0AD0009B022B07D0009B042B04D0BD
:10709000009B082B01D0009B102B24F060FF24F0F4
:1070A00056FF01F09FF82B4B1B6F23F47042009B9F
:1070B000013B1B03274913430B6734F00EFD0446C5
:1070C000FFF72AFF0346C3F102031946204624F0C6
:1070D0000FFF01F01BFB01F091F837E0009B012B43
:1070E00004D0009B022B01D0009B042B194BD3F83A
:1070F000803023F03002009B013B1B0115491343F4
:10710000C1F8803022E0009B002B01D0009B202B97
:10711000104BD3F8903023F0F852009B013B1B0634
:107120000C491343C1F8903010E0009B012B01D0B3
:10713000009B022B074B1B6F23F48062009B013BDB
:107140009B02044913430B6700E000BF00BF02B07D
:1071500010BD00BF0080005000B585B001900B4607
:107160008DF8033000230393019B5B09002B0FD0A4
:10717000019B5B09012B02D10D4B039308E0019B9E
:107180005B09022B02D10B4B039301E00A4B0393E3
:10719000019B03F01F0302939DF803301A460299E6
:1071A000039824F07FFE00BF05B05DF804FB00BF2C
:1071B00064800050688000506082005010B584B038
:1071C00001900023039300230293019BB3F5086F02
:1071D00000F0D282019BB3F5086F00F2D382019BCD
:1071E000B3F5F06F00F0C282019BB3F5F06F00F2CF
:1071F000C982019BB3F5E06F00F0B282019BB3F549
:10720000E06F00F2BF82019BB3F5D06F00F0A28265
:10721000019BB3F5D06F00F2B582019BB3F5C06F4F
:1072200000F09282019BB3F5C06F00F2AB82019B2C
:10723000B3F5B06F00F07C82019BB3F5B06F00F244
:10724000A182019BB3F5A06F00F06C82019BB3F5A6
:10725000A06F00F29782019BB3F5906F00F05C8203
:10726000019BB3F5906F00F28D82019BB3F5806FA7
:1072700000F04C82019BB3F5806F00F28382019B8A
:10728000B3F5607F00F03382019BB3F5607F00F2BD
:107290007982019BB3F5407F00F01C82019BB3F51E
:1072A000407F00F26F82019BB3F5207F00F00682E1
:1072B000019BB3F5207F00F26582019BB3F5007F4F
:1072C00000F0F081019BB3F5007F00F25B82019B2F
:1072D000B3F5C07F00F0E181019BB3F5C07F00F200
:1072E0005182019B002B00F0D881019BB3F5807F78
:1072F00000F24882019B202BC0F04482019B203B7E
:10730000E02B00F23F8201A252F823F09B760100AD
:10731000BD7601009B760100BD7601000D7701006E
:107320000D7701000D7701000D770100BD7601009A
:10733000BD76010031770100D57601004977010063
:1073400055770100D5760100BD760100BD760100BC
:10735000BD76010085770100857701008577010002
:107360008577010085770100857701002577010089
:1073700019770100BD760100BD760100BD760100E0
:107380006D77010061770100BD760100857701000E
:1073900085770100857701008577010085770100F9
:1073A00085770100857701008577010085770100E9
:1073B00085770100857701008577010085770100D9
:1073C0009B760100857701009B7601009B7601008A
:1073D0009B7601000D77010085770100857701001C
:1073E00085770100857701008577010085770100A9
:1073F0008577010085770100857701008577010099
:107400008577010085770100857701009B76010073
:107410009B76010085770100857701008577010063
:107420008577010085770100857701008577010068
:107430008577010085770100857701008577010058
:107440008577010085770100857701008577010048
:107450008577010085770100857701008577010038
:107460008577010085770100857701008577010028
:107470008577010085770100857701008577010018
:1074800085770100857701008577010091760100FD
:1074900085770100857701008577010085770100F8
:1074A00085770100857701008577010085770100E8
:1074B00085770100857701008577010085770100D8
:1074C00085770100857701008577010085770100C8
:1074D00085770100857701008577010085770100B8
:1074E00085770100857701008577010085770100A8
:1074F0008577010085770100857701008577010098
:107500008577010085770100857701008577010087
:107510008577010085770100857701008577010077
:107520008577010085770100857701008577010067
:107530008577010085770100857701008577010057
:107540008577010085770100857701008577010047
:107550008577010085770100857701008577010037
:107560008577010085770100857701008577010027
:107570008577010085770100857701008577010017
:107580008577010085770100857701008577010007
:1075900085770100857701008577010085770100F7
:1075A00085770100857701008577010085770100E7
:1075B00085770100857701008577010085770100D7
:1075C00085770100857701008577010085770100C7
:1075D00085770100857701008577010085770100B7
:1075E00085770100857701008577010085770100A7
:1075F0008577010085770100857701008577010097
:107600008577010085770100857701008577010086
:107610008577010085770100857701008577010076
:107620008577010085770100857701008577010066
:107630008577010085770100857701008577010056
:107640008577010085770100857701008577010046
:107650008577010085770100857701008577010036
:107660008577010085770100857701008577010026
:107670008577010085770100857701008577010016
:107680008577010085770100857701003D7701004E
:1076900032F0CAFC0346039375E032F0A1FC0346C6
:1076A000039370E032F0C0FC04464FF40070FFF723
:1076B00079FC0346B4FBF3F3039364E032F090FCEF
:1076C00004464FF42070FFF76DFC0346B4FBF3F360
:1076D000039358E032F084FC04464FF42070FFF727
:1076E00061FC0346B4FBF3F35B0803934BE002AB8E
:1076F0000021184624F010FC029C4FF46070FFF744
:1077000051FC0346B4FBF3F303933CE003AB0021CD
:10771000184600F0CBFD36E003AB0021184600F020
:10772000DBFC30E003AB0021184600F02FFD2AE01F
:1077300003AB0021184600F0B5FF24E003AB0021A5
:10774000184601F085F81EE003AB0021184600F052
:10775000EFFD18E003AB0021184601F02DF812E010
:1077600003AB0021184600F0EBFF0CE003AB002157
:10777000184600F01FFE06E003AB0021184600F09B
:1077800053FD00E000BF039B184604B010BD00BFCE
:1077900000B585B0019000230393019BB3F5086FFA
:1077A00000F02681019BB3F5086F00F23381019B45
:1077B000B3F5006F00F01081019BB3F5006F00F28C
:1077C0002981019BB3F5F06F00F00081019BB3F5B7
:1077D000F06F00F21F81019BB3F5E06F00F01481A0
:1077E000019BB3F5E06F00F21581019BB3F5D06FFB
:1077F00000F0F880019BB3F5D06F00F20B81019B84
:10780000B3F5C06F00F0DC80019BB3F5C06F00F2F0
:107810000181019BB3F5B06F00F0C080019BB3F50F
:10782000B06F00F2F780019BB3F5A06F00F0E68027
:10783000019BB3F5A06F00F2ED80019BB3F5906F53
:1078400000F0CA80019BB3F5906F00F2E380019BCA
:10785000B3F5806F00F0A880019BB3F5806F00F254
:10786000D980019BB3F5807F00F0A480019BB3F524
:10787000807F00F2CF80019B522B69D8019B242B83
:10788000C0F0C880019B243B2E2B00F2C38001A2D4
:1078900052F823F0A9790100A9790100A979010022
:1078A000A9790100157A0100157A01009D7901007E
:1078B000157A0100C1790100E5790100157A01000E
:1078C000157A0100157A0100157A0100157A010078
:1078D000157A0100157A0100157A0100157A010068
:1078E000157A0100FD790100157A0100157A010071
:1078F000157A0100157A0100CD790100097A01009D
:10790000157A0100157A0100157A0100157A010037
:10791000157A0100157A0100157A0100157A010027
:10792000157A0100157A0100157A0100157A010017
:10793000157A0100157A0100157A0100157A010007
:10794000157A0100157A0100157A0100A979010064
:10795000019B802B5ED1324B1B6F03F00703013B71
:10796000032B17D801A252F823F000BF8F79010032
:107970007D79010083790100897901000523039352
:107980000BE00323039308E00723039305E002239E
:10799000039302E00023039300BF3CE003AB1946CE
:1079A000002000F07FFE36E003AB1946002000F017
:1079B0007DFC30E003AB1946002000F049FF2AE0CF
:1079C00003AB1946002000F0B3FC24E003AB1946DA
:1079D000002000F0EFFC1EE003AB1946002000F091
:1079E0007BFB18E003AB1946002000F0E5FE12E037
:1079F00003AB1946002000F017FC0CE003AB19465E
:107A0000002000F0C3FB06E003AB1946002000F0A5
:107A100097FE00E000BF039B184605B05DF804FB2D
:107A20000080005008B50121022001F0CFF84FF48A
:107A30002070FFF7B7FA0346DAB2054B1A7024F04C
:107A40008EFA24F084FA00F0CDFB00BF08BD00BF21
:107A5000AE3A002010B582B003468DF8073034F0FE
:107A60003CF80446FFF758FA0346C3F102031946EF
:107A7000204624F03DFA0121002001F079F89DF81C
:107A80000730002B02D000F041FE06E0054B1B78CA
:107A900019464FF42070FFF7CFFA00F0AFFB00BF9C
:107AA00002B010BDAE3A002000B583B0104B5B6E43
:107AB00003F48033002B0CBF012300238DF8073023
:107AC0000B4B03F580531A464FF480335366FFF790
:107AD00031FA9DF80730002B06D0054B03F5005313
:107AE0001A464FF48033536600BF03B05DF804FBC1
:107AF0000080005000B585B001900198FFF748FE66
:107B00000290029B082B07D0029B082B20D3029BDC
:107B1000093B012B1CD804E0134B1B88ADF80E3039
:107B20001BE0124B03F580531A464FF400135366C3
:107B30000F4B5B6A03F00103002B04D04FF4FA7380
:107B4000ADF80E3009E04FF6FF73ADF80E3004E0EB
:107B50004FF6FF73ADF80E3000BFBDF80E3018467B
:107B600005B05DF804FB00BF844100200080005098
:107B70000040025000B585B001900198FFF708FE63
:107B80000290029B032B03D0029B052B05D009E03A
:107B90000A4B1B88ADF80E3009E04FF6FF73ADF8C5
:107BA0000E3004E04FF6FF73ADF80E3000BFBDF8A5
:107BB0000E30184605B05DF804FB00BF864100207A
:107BC00000B589B00190019800F096FC0790079BE2
:107BD000002B02D0079BB3F1FF3F454B03F58053C9
:107BE0001A464FF4C0235366424B5B68012B0CD1FD
:107BF000404B03F500531A460123536000BF3D4B31
:107C00009B6903F00303002BF9D18020FFF7C0FD2F
:107C10000346052B05D124F0A2F924F098F900F0D1
:107C2000E1FA079B23F040730793019B324A93428A
:107C300004D0019B314A934205D009E0079B43F0F1
:107C40000073079304E0079B43F08073079300BF22
:107C500032F0E4F90690019A069B9A4203D9012179
:107C6000019800F085FF00BF254BDB6803F0060399
:107C7000002BF9D1224B9B680593214A079B936007
:107C8000079B03F4F81304931D4B9B6803F4F8134C
:107C90000393049A039B9A4203D10198FCF71CFDBD
:107CA00004E0174A059B9360069B01938020FFF731
:107CB0006FFD0346052B0FD133F00FFF0290FFF746
:107CC0002BF90346C3F102031946029824F010F978
:107CD00000F01CFD00F092FA019A069B9A4203D82C
:107CE0000121002000F044FF00BF09B05DF804FB53
:107CF0000080005000C0015040420F0080841E00F0
:107D00000000015000B583B001908020FFF740FDD6
:107D10000346032B00F0E280724B03F580531A46B2
:107D20004FF400235366704B45F60E02C3F88020D3
:107D30006D4B03F580531A46022393626A4B03F599
:107D400000531A460123936200BF674B9B6D03F4F7
:107D50008033002BF9D1019B1B681A06019B5B68DD
:107D60001B051A43019B1B7B1B041A43019B5B7B76
:107D70001B031A43019B9B7B9B011343019AD27BFC
:107D80001146594A0B431361574B9B6903F000425C
:107D9000019B1B699B061A43019B5B691B061A43E7
:107DA000019B1B7E1B041A43019B5B7E1B0213433A
:107DB000019A927E11464C4A0B4393614A4B1B6ACF
:107DC00023F00D03019AD269002A01D1002200E0BC
:107DD00008221A43019BDB7E9B001A43019BDB694F
:107DE000414913430B62019BDB69002B57D13E4B8A
:107DF0009B6A23F03302019B93F820305B011A4306
:107E0000019B93F821301B011343374A43F00103D0
:107E1000936200BF344B9A6D344B1340334A934204
:107E2000F8D1314B03F580531A46022393622E4B4F
:107E300002221A6500BF2C4B9B6D03F08043002B80
:107E4000F9D1294B1B6923F47002019B9B681B0528
:107E5000254913430B61244B03F580531A464FF019
:107E600000439361019B93F8223083F00103DBB25E
:107E7000002B05D01C4B03F500531A4602239362D6
:107E8000019B93F8233083F00103DBB2002B1BD05E
:107E9000154B03F500531A460123936214E0124B6D
:107EA0009B6A23F03302019B93F820305B011A4355
:107EB000019B93F822305B001343019A92F8232030
:107EC0001146094A0B439362019B93F82430002B1F
:107ED00005D0054B064AC3F8802000E000BF03B080
:107EE0005DF804FB0080005000C00050030001401A
:107EF000F1A7FFFF024B93F900301846704700BF0F
:107F0000AD3A002084B001904F230393019B5B782E
:107F10008DF80B309DF80B20039B934228BF13462E
:107F20008DF80A30284B03F580531A464FF480032E
:107F30005366264B4FF4D1525A62244B03F58053BB
:107F40001A4602235360214B03F500531A460123BE
:107F5000536000BF1D4B1B6903F48033002BF9D124
:107F6000019B1B781A029DF80A30184913434B6194
:107F7000019B5B681A02019B9B681B011A43019BD2
:107F80001B7B5B001343019A527B11460F4A0B4344
:107F90009360019B9B7B5A01019BDB7B1B011A4376
:107FA000019B1B7C5B001343019A527C1A43074BD5
:107FB0005A60019B9B7C002B03D0044B6FF4D15281
:107FC0005A6200BF04B070470080005000000250A9
:107FD00082B00346ADF80630034ABDF80630138080
:107FE00000BF02B0704700BF8441002082B003464A
:107FF000ADF80630034ABDF80630138000BF02B06A
:10800000704700BF8641002000B587B003468DF859
:108010000730002303930023059300230493274B89
:1080200003F580531A464FF400135366244B022283
:108030005A6000BF224B9B6803F48033002BF9D1B8
:108040009DF80730012B2ED132F02EF80390039BC0
:108050001C4A934205D11C4B059345F67A130493B1
:1080600017E0039B194A934205D1194B059345F636
:108070001A0304930DE0039A13469B0013445B0A12
:108080000593144B0493039B5B0A049AB2FBF3F32E
:1080900004930B4A059BD362094A049B1363084B64
:1080A00001225A6202E0064B00225A62044B00226F
:1080B0005A6000BF07B05DF804FB00BF00800050AD
:1080C0000040025000F04902D8B80500C017530222
:1080D000BBCF05006466666600B585B0019000916F
:1080E00000230393284BD3F8243103F00703062B16
:1080F00037D801A252F823F05D81010015810100FB
:108100002D81010045810100518101002181010083
:108110003981010031F082FF03900523029323E0AF
:1081200031F07CFF0390062302931DE031F0BCFF89
:1081300003900323029317E031F0B6FF039004236A
:10814000029311E031F0AAFF0390022302930BE0A7
:1081500031F0B0FF03900723029305E0012302935F
:1081600002E00023029300BF019B002B02D0019B81
:10817000039A1A60009B002B02D0009B029A1A609F
:1081800000BF05B05DF804FB0080005000B583B06F
:1081900001900091124BD3F8203203F00303012B1E
:1081A00002D0022B05D009E00099019800F07EF87A
:1081B00011E00099019800F0BBF80CE0019B002B46
:1081C00002D0019B00221A60009B002B02D0009B72
:1081D00000221A6000BF00BF03B05DF804FB00BFBF
:1081E00000800050044B03F580531A464FF480334F
:1081F000136700BF704700BF0080005008B58020A3
:10820000FEF7DCFF0346064A934206D8054B03F50A
:1082100000531A464FF48033136700BF08BD00BFF8
:10822000005A62020080005000B585B001900091B4
:10823000002303931C4BD3F8003103F00303032BFB
:108240001FD801A252F823F07D820100598201005B
:10825000658201007182010031F026FF0390032343
:10826000029311E031F02CFF0390082302930BE0FE
:1082700031F020FF03900723029305E001230293CE
:1082800002E00023029300BF019B002B02D0019B60
:10829000039A1A60009B002B02D0009B029A1A607E
:1082A00000BF05B05DF804FB0080005000B585B04C
:1082B00001900091002303931C4BD3F8203103F06D
:1082C0000303032B1FD801A252F823F001830100FE
:1082D000DD820100E9820100F582010031F09EFE9D
:1082E00003900523029311E031F0DEFE0390032397
:1082F00002930BE031F0D2FE03900223029305E0DB
:108300000123029302E00023029300BF019B002B94
:1083100002D0019B039A1A60009B002B02D0009BA5
:10832000029A1A6000BF05B05DF804FB008000509F
:1083300000B585B001900091002303931C4BD3F846
:10834000403103F00303032B1FD801A252F823F09E
:1083500085830100618301006D8301007983010041
:1083600033F07CFB03900923029311E031F0A8FE67
:108370000390082302930BE033F074FB03900B236C
:10838000029305E00123029302E00023029300BF61
:10839000019B002B02D0019B039A1A60009B002BCB
:1083A00002D0009B029A1A6000BF05B05DF804FB82
:1083B0000080005000B585B0019000910023039328
:1083C0001C4BD3F8603103F00303032B1FD801A229
:1083D00052F823F009840100E5830100F1830100D4
:1083E000FD83010033F03AFB03900923029311E06F
:1083F00031F066FE0390082302930BE033F032FB6A
:1084000003900B23029305E00123029302E0002373
:10841000029300BF019B002B02D0019B039A1A60BC
:10842000009B002B02D0009B029A1A6000BF05B08F
:108430005DF804FB0080005084B0019000914FF47F
:1084400040130393009B002B0AD1019B0D4A9342DA
:1084500003D94FF4801303930FE0002303930CE040
:10846000009B002B09DD019B064A934203D94FF480
:108470008013039301E000230393039B184604B089
:10848000704700BF005A620200B585B001900091AC
:10849000184B03F580531A464FF4003393660020BF
:1084A000FEF780FD0246019B02FB03F30193FEF7FA
:1084B0004BFD03468DF80F30FEF75CFDFEF762FDC5
:1084C000034623F44013029300990198FFF7B4FF89
:1084D0000246029B134302930298FEF759FD9DF852
:1084E0000F30002B01D0FEF73DFD00BF05B05DF859
:1084F00004FB00BF0080005084B001900023039370
:10850000019B594A934200F0A380019B564A934233
:1085100000F2A380019B554A934200F09480019B96
:10852000524A934200F29980019B514A934200F0D3
:108530008580019B4E4A934200F28F80019B4D4AF9
:10854000934276D0019B4B4A934200F28680019B76
:10855000494A934268D0019B474A93427DD8019B88
:10856000464A93425BD0019B444A934275D8019B93
:10857000434A93424ED0019B414A93426DD8019B9E
:10858000404A934242D0019B3E4A934265D8019BA8
:108590003D4A934236D0019B3B4A93425DD8019BB2
:1085A0003A4A93422AD0019B384A934255D8019BBC
:1085B000374A93421ED0019B354A93424DD8019BC6
:1085C000344A934212D0019B324A934245D8019BD0
:1085D000314A93420AD0019B2F4A93423DD8019BD6
:1085E000002B3CD0019B2D4A934236D12C4B9B6DE6
:1085F000039335E02A4B5B6E039331E0284B1B6FEE
:1086000003932DE0264B5B6F039329E0244B9B6F74
:10861000039325E0224BD3F88030039320E0204BD6
:10862000D3F8843003931BE01D4BD3F888300393B9
:1086300016E01B4BD3F88C30039311E0184BD3F8A2
:10864000903003930CE0164BD3F89430039307E07B
:10865000134BD3F89830039302E000BF00E000BF53
:10866000039B184604B0704700B4C4040090D003C4
:10867000007E5603006CDC0280D543020048E8010E
:1086800080BA8C01C0EA21010024F400405DC600DC
:10869000C0CF6A0000093D0080841E0040420F00E8
:1086A0000080E00F00B585B0019000910023029397
:1086B000154BD3F8803103F00303012B02D0022BBA
:1086C00008D00EE002AB00211846FFF7EFFD0F23A4
:1086D000039309E031F0E2FC034602930223039383
:1086E00002E00023039300BF019B002B02D0029AFB
:1086F000019B1A60009B002B02D0009B039A1A601A
:1087000000BF05B05DF804FB0080005000B583B0E9
:10871000022301934FF4C070FEF750FD0346074A51
:10872000934201D80123019301994FF42070FEF781
:1087300083FC00BF03B05DF804FB00BF80F0FA02C9
:1087400000B585B00190009100230393194BD3F835
:10875000403203F00303032B12D0032B16D8012B56
:1087600002D0022B06D011E033F078F903900923F0
:1087700002930EE031F0A4FC03900823029308E07A
:1087800033F070F903900B23029302E0002302936D
:1087900000BF019B002B02D0019B039A1A60009B33
:1087A000002B02D0009B029A1A6000BF05B05DF852
:1087B00004FB00BF0080005000B585B0019000911F
:1087C00000230393214BD3F8003203F00703042B5B
:1087D00029D801A252F823F021880100ED87010079
:1087E000F9870100058801001188010033F036F98E
:1087F00003900923029319E031F062FC03900823EF
:10880000029313E033F02EF903900B2302930DE053
:1088100031F0E6FB03469B0A03930E23029305E027
:108820000123029302E00023029300BF019B002B6F
:1088300002D0019B039A1A60009B002B02D0009B80
:10884000029A1A6000BF05B05DF804FB008000507A
:1088500000B585B00190009100230393114B1B6874
:1088600003F00403002B06D031F0BAFB0346039358
:108870000C23029305E002AA03AB11461846FFF74A
:1088800057FD019B002B02D0039A019B1A60009BAD
:10889000002B02D0029A009B1A6000BF05B05DF861
:1088A00004FB00BF10E000E0024B034A1A6400BF63
:1088B000704700BF004009503254FFFF024B4AF698
:1088C000CD321A6400BF70470040095008B500BFA0
:1088D0000421044823F04DFB0346002BF8D100BFD0
:1088E00000BF08BD8440005008B5FFF7EFFF044B00
:1088F000D3F884309B0903F00303DBB2184608BDAC
:108900000040005082B00190044B03F500531A461A
:10891000019BC2F8203400BF02B0704700C0035072
:1089200000B585B003468DF807309DF80730002B61
:1089300013D12D4B00221A602C4B03F580531A469D
:108940004FF4003353662A4B5B68012B47D1274B0A
:10895000D3F80031244A136041E0234B1B68002BFD
:108960003DD0234B5B68012B39D0204A1E4B1B683E
:10897000C2F800318020FEF70BFF0346052B28D1FB
:108980004FF4C070FEF70EFB0390039B012B04D144
:1089900002214FF4C070FEF74FFB154B03F5005357
:1089A0001A4607231361124B03F580531A4601231D
:1089B000536000BF0E4B1B6903F00103002BF9D07D
:1089C000039B012B0BD101214FF4C070FEF734FB48
:1089D00005E0074B03F580531A460123536000BF9F
:1089E00005B05DF804FB00BF402C00200080005063
:1089F00000C0015000B583B00190019B1A78054B6F
:108A00001A700121002000F0B3F800BF03B05DF838
:108A100004FB00BF3C2C002082B00190064B5B6F32
:108A200023F44072019B5B781B02034913434B679D
:108A300000BF02B0704700BF0040005000B585B0D5
:108A400003468DF807309DF80730002B02D0002038
:108A5000FFF766FF194B1B69184A43F004031361C3
:108A600032F0D2F923F0A0FA154B5B6E03F080636D
:108A7000002B02D01348FFF745FF33F004F80390B2
:108A800033F012FB039832F0F1FF23F08FFA05F078
:108A900065FF9DF80730002B02D00120FFF740FF53
:108AA0009DF8073083F00103DBB2002B01D033F0D7
:108AB0001AF800BF05B05DF804FB00BF00ED00E050
:108AC000008000500000FF0F00B585B003468DF810
:108AD00007309DF80730002B02D00020FFF720FF61
:108AE000174B1B69164A43F004031361154B5B6E69
:108AF00003F08063002B02D01348FFF703FF32F02E
:108B000083F932F0C0FF039033F0CEFA039832F0CD
:108B1000ADFF05F023FF9DF80730002B02D00120A8
:108B2000FFF7FEFE9DF8073083F00103DBB2002B58
:108B300001D032F0D8FF00BF05B05DF804FB00BFE4
:108B400000ED00E0008000500000FF0F82B00190B7
:108B5000064BDB6E23F03003019A12791146034A6B
:108B60000B43D36600BF02B0704700BF0040005007
:108B700000B585B001900B468DF80330019B002BAA
:108B800003D131F051FA039001E0019B03930D4BA7
:108B90001B78002B0AD0039B0B4A934206D89DF802
:108BA00003301946012000F011F806E09DF803306B
:108BB0001946022000F00AF800BF00BF05B05DF8BA
:108BC00004FB00BF3C2C0020005A620210B586B0A6
:108BD00003460A468DF8073013468DF80630FFF736
:108BE00083FE03461A469DF80730934240D031F089
:108BF0001BFA0590059B04939DF80730012B03D1C8
:108C00000121059823F074F932F03DFF03901A4BCF
:108C100003F500531A464FF0007353669DF8073072
:108C2000184623F0D1F9144C9DF80730184623F06C
:108C3000ADF90346236702E00F4BD3F884300E4BA7
:108C40005B6E03F00073002B06D10B4BD3F884301E
:108C500003F02003002BEFD0039832F007FF9DF8BC
:108C60000730022B05D10021059823F041F900E0DF
:108C700000BF06B010BD00BF0040005000B587B077
:108C800003468DF807300023059300230493444BDB
:108C900003F580531A464FF000435366414B03F5EA
:108CA00080531A46012353603E4B5B6C03F0010373
:108CB000002B14BF012300238DF80F30FFF7FEFDBA
:108CC0009DF80730002B2BD1364B9B6803F0010336
:108CD0000293029B002B19D0324B03F500531A4626
:108CE0000123936002E0049B013304932D4BDB6A64
:108CF00003F00103002B03D1049B2B4A9342F2D9CA
:108D0000049B294A934201D907230593254B03F578
:108D100000531A460123536035E0049B013304934A
:108D2000204BDB6A03F00803002B03D0049B1E4A90
:108D30009342F2D9049B1C4A934202D9072305931C
:108D400021E0184B03F500531A4620235362154BBC
:108D500003F580531A46012393600023049302E035
:108D6000049B013304930F4B5B6A03F02003002B39
:108D700003D1049B0C4A9342F2D9049B0A4A9342C2
:108D800001D9072305939DF80F30002B01D0FFF781
:108D90008BFD2EF0A5FA059B184607B05DF804FB85
:108DA00000800050004009503F420F0000B585B0E0
:108DB00001902B4B03F580531A464FF00043536646
:108DC000284B03F580531A4601235360254B5B6CF7
:108DD00003F00103002B14BF012300238DF80F3093
:108DE000FFF76CFD019B5B785B001F4A43F00103BA
:108DF000D3631C4B9B6823F07402019B9B781B017F
:108E00001343019AD278002A01D0042200E0002204
:108E1000144913438B60019B1B791B02019A9279C1
:108E20001146104A0B431361019B5B791B02019AA7
:108E3000D27911460B4A0B435361019B1B781846AC
:108E4000FFF71CFF9DF80F30002B01D0FFF72CFD22
:108E50002EF046FA0123184605B05DF804FB00BF6A
:108E600000800050004009500040005000B583B021
:108E70000190019823F04FF9019B0022DA60019BD9
:108E800000229A60019B41F202021A61019B0022BA
:108E9000DA61019B00225A61019B00229A61019BC9
:108EA00000221A62019B00225A62019B0022DA62B0
:108EB000019B00229A64019B03F500531A46044B60
:108EC0005364019B00229A6200BF03B05DF804FB6B
:108ED0007F370C0100B587B0039002910192002307
:108EE0008DF81730029B002B07D1039800F05AF839
:108EF00003461846FEF762F90290039B5B68039BEA
:108F00009B6803F0E003802B1ED0802B20D8602BC1
:108F100016D0602B1CD8402B0ED0402B18D8002B1D
:108F200002D0202B04D013E010238DF8173010E06E
:108F300008238DF817300CE006238DF8173008E071
:108F400004238DF8173004E001238DF8173000E07A
:108F500000BF9DF81730002B1ED0029B5A019DF8D0
:108F60001730019901FB03F3B2FBF3F30493049B65
:108F7000203B0493049BDB000493049A084B1340AA
:108F800004930121039823F02DF8039B049A9A621D
:108F90000121039823F026F800BF07B05DF804FB19
:108FA000F8FF7F0084B00190019B054A934203D1F2
:108FB00038230393039B00E00023184604B0704756
:108FC0000000035A00B585B003900291019200930E
:108FD000039B5B68002B04D040F2FF71039823F0E1
:108FE00001F80398FFF742FF039B1B6923F44C53DE
:108FF00023F00303029A527B1343029AD28913434C
:10900000029A128A1A43039B1A61039B9B6823F0FE
:10901000804323F0E203029A127B1343029A127EEA
:109020001A43029B5B691A43039B9A60029B9B68ED
:10903000002B05D1039B9B6843F00042039B9A6081
:10904000029BDB69002B00F09780039B9A686D4BB5
:109050001340029AD269127A92051A43029BDB6985
:109060009B7A5B041A43029BDB699B8803F4C04331
:109070001A43029BDB695B789B001A43029BDB6906
:109080005B7BDB001A43029BDB699B7B1B011A4362
:10909000029BDB699B789B021A43039B9A60039BAC
:1090A000DB6823F4D81323F4C063029AD2691269EF
:1090B0001A43029BDB695B691A43029BDB699B795C
:1090C0009B021A43029BDB69DB795B021A43039B19
:1090D000DA60029BDB691B78012B04D0029BDB6901
:1090E0001B78032B05D1039BDB6843F00402039B31
:1090F000DA60029BDB691B78022B04D0029BDB69E0
:109100001B78032B03D1404B01221A6002E03F4B36
:1091100001221A60029BDB695B7A1A46039B03F506
:1091200080531A62029BDB695B7A002B05D0039B9C
:10913000DB6843F40062039BDA60029BDB69DB7A45
:10914000002B0FD0039BDB6843F40042039BDA60E3
:10915000029BDB691B7B2E4A03F00F0302F5805252
:10916000C2F88030039BDB6923F00303029AD269C3
:10917000D27B1A43039BDA61019B002B1DD0019B1C
:1091800093F82030002B06D0039B03F580531A463A
:109190000123936111E0039B5B6923F00903019AAA
:1091A00092F822201343019A92F82120134343F0AE
:1091B0000103039A02F5805253610521039822F0BE
:1091C0004CFF029B9B68002B07D0029B5968029BB7
:1091D0009B681A460398FFF77DFE029B1B78194691
:1091E000039822F03AFF00BF039822F0F4FE0346F2
:1091F000DB4303F44053002BF6D100BF00BF05B0A2
:109200005DF804FBE39BBDFFC0D40350C0E40350F2
:109210000080035082B0034600918DF807309DF81E
:109220000730002B0AD09DF80730012B06D09DF89F
:109230000730022B02D09DF80730032B08489DF819
:1092400007200121009B994013465B0013441B013A
:10925000034403F500531033196000BF02B0704798
:1092600000C0035082B0034600918DF807309DF88E
:109270000730002B0AD09DF80730012B06D09DF84F
:109280000730022B02D09DF80730032B08489DF8C9
:1092900007200121009B994013465B0013441B01EA
:1092A000034403F580531033196000BF02B07047C8
:1092B00000C0035008B5152023F05AFF094B0022C7
:1092C0005A65084BFF229A62064B00225A60002121
:1092D0002020FDF741FF00212120FDF73DFF00BFC9
:1092E00008BD00BF0000045000B583B001900B46DC
:1092F0008DF8033001999DF8033083F00103DBB250
:109300001A46034822F0CCFF00BF03B05DF804FB0F
:109310004000045000B585B0019001212020FDF7E8
:109320001BFF01212120FDF717FF1B4B01225A6073
:10933000019B1B781B060393174A039B9360019BB9
:109340005B781B04019A92781146134A0B43936190
:10935000114BFF229A62104B00229A630E4B00229F
:109360001A640D4B4FF000425A650B4B03F5005346
:109370001A464FF0FF331365152003F0C7F8019B21
:10938000DB781946152023F011FF152023F0FFFE8E
:1093900000BF05B05DF804FB0000045000B587B0C5
:1093A000039002910192039BDBB21A460123934082
:1093B00005933D4B03F500531A46059B13653B4946
:1093C000029B1A68039B41F82320029B5B7B364972
:1093D0001846039A13465B0013441B010B44603389
:1093E0001860029B9B7A1A04029BDB7A1B051A43C6
:1093F000029B1B7B5B0513432B491846039A1346BC
:109400005B0013441B010B445C331860019B26482E
:1094100023F00301039A13465B0013441B0103442A
:109420007033196032F049FB04900599204822F00E
:1094300050FF029B1B7A002B05D01B4B1A6C1A495C
:10944000059B13430B64029B5B7A002B05D0164BE4
:109450009A6B1549059B13438B63029B1B791B0475
:10946000029A92791343104A03F0FF1302F5005257
:109470009361029B5B791B04029AD27913430A4AD7
:1094800003F0FF1302F5805293610599094822F019
:109490002DFF054A059B9364049832F000FB00BF42
:1094A00007B05DF804FB00BF00000450004004500A
:1094B000540004503400045000B585B00190019B65
:1094C000DBB21A4601239340039332F0F6FA02907E
:1094D000084B5A6D039BDB43064913404B65054A15
:1094E000039B9362029832F0DAFA00BF05B05DF890
:1094F00004FB00BF0000045000B587B001900023BA
:109500008DF81730019BDBB21A4601239340049378
:1095100032F0D3FA03900C4BDA6A049B1340002B11
:1095200009D1094B5A6B049B1340049A9A4202D109
:1095300001238DF81730039832F0B1FA9DF81730F7
:10954000184607B05DF804FB0000045000B587B072
:109550000190019BDBB21A4601239340059332F040
:10956000ACFA0490114B5B6B03931049019A1346BC
:109570005B0013441B010B4464331B680293049883
:1095800032F08DFA039A059B13400393039B002B43
:1095900001D0002306E0029B1B09C3F30A030293D8
:1095A000029B0133184607B05DF804FB000004502D
:1095B000094B03F580531A464FF400339366074B6B
:1095C00041F67132DA63054B03F500531A46012365
:1095D000D36000BF704700BF008000500000035000
:1095E0000A4B41F67132DA63084B03F500531A4611
:1095F0000123D360054B0022DA63054B03F50053CA
:109600001A464FF40033936600BF704700000350C2
:109610000080005084B001900091009B1B781A4696
:10962000009B5B789B001A43009BDB785B011A432D
:10963000009B1B791B014FF0B04042EA0301019AE5
:1096400013465B0013449B00034430331960009BB6
:109650001B78012B09D1064B0393009B9978019B42
:109660009B00039A13440A461A6000BF04B0704777
:10967000E8800350054B03F580531A464FF48033BE
:109680005366034B5B691846704700BF008000506B
:1096900000C00750F0B482B00E4B9B6C01930D4B91
:1096A000DB6C00221E4617464FF000024FF000030D
:1096B00033000022019E00273046394642EA00046A
:1096C00043EA010522462B461046194602B0F0BC7B
:1096D000704700BF0080E00F024B1B681B0CDBB221
:1096E000184670470080E00F82B0074B9B68DBB2E2
:1096F0000193019B0A3303F01F03012202FA03F3D3
:10970000184602B0704700BF0080E00F82B00190A1
:109710000B468DF80330019B0D4A934205D10D4A4B
:109720009DF80330C2F88C3108E0019B0A4A93424D
:1097300004D1084A9DF80330C2F89C31019BDB6DCF
:1097400043F08002019BDA6500BF02B0704700BFA2
:1097500000C00550008003500000065000B583B0E3
:1097600001900091019B3C4A934202D0019B3B4AED
:109770009342019800F074F8019B03F580531A4658
:1097800001235360019B9A68009B1B8A43F00103ED
:109790009BB21946009B9B7B002B02D04FF4806349
:1097A00000E000230B431A43019B9A60019B9B68D6
:1097B000009A127D002A02D04FF0005200E00022F1
:1097C0001A43019B9A60009B9B7C002B05D0009B59
:1097D000DB7C19460198FFF799FF009B1B7B43F444
:1097E0008052019BDA60009B5968009B9B681A4677
:1097F000019822F043FE009B5B7B002B02D0019B73
:1098000010225A61009B5B7D002B05D0019B9B6859
:1098100043F48032019B9A60009B9B7D002B05D016
:10982000019B9B6843F40042019B9A60009BDB7D97
:109830001B0703F0E042009B1B7E1B0503F4E003C3
:109840001A43019B9A65009B1B781A46019B5A613B
:1098500000BF03B05DF804FB00C0055000000650D7
:1098600082B00190019B254A934202D0019B244A79
:109870009342019B03F580531A4601235360019BD9
:1098800040F6AA625A61019B00229A60019B002265
:10989000DA65019B41F20502DA60019B00221A6140
:1098A000019B0022DA61019B0022DA64019B03F52F
:1098B00000531A46134B9364019B00229A65019B47
:1098C0000E4A934203D0019B0D4A934202D1019B61
:1098D00000221A65019B094A934203D0019B084A62
:1098E000934202D1019B00225A65019B03F500536C
:1098F0001A460123536000BF02B0704700C00550F4
:1099000000000650FFFF0100024BD3F81033184649
:10991000704700BF00C0035082B00190019B1B78CC
:10992000002B0AD0019B1B78012B06D0019B1B78D2
:10993000022B02D0019B1B78032B019B5B781A46FC
:109940000949019B1B781846012303FA02F20346DA
:109950005B0003441B010B4403F5005310331A60F2
:1099600000BF02B0704700BF00C0035084B0019038
:10997000019B1B78002B0AD0019B1B78012B06D082
:10998000019B1B78022B02D0019B1B78032B0D4AF5
:10999000019B1B7819460B465B000B441B011344CB
:1099A00014331B68019A5278D34003F00103002B53
:1099B00014BF012300238DF80F309DF80F30184697
:1099C00004B0704700C0035082B00190044B03F50F
:1099D00080531A46019BC2F8243400BF02B070477E
:1099E00000C0035082B00190044B03F500531A46A7
:1099F000019BC2F8243400BF02B0704700C003507E
:109A000082B00190044B03F500531A46019BC2F843
:109A1000203400BF02B0704700C00350024BD3F89F
:109A200024341846704700BF00C0035082B0064B74
:109A3000D3F824340193044BD3F82024019B134022
:109A4000184602B0704700BF00C0035084B0034600
:109A50008DF807300F4BDB6E03F030030393039B4D
:109A6000202B13D09DF80730002B08D0094BDB6E5C
:109A700023F03003074A43F01003D36607E0054B99
:109A8000DB6E044A23F03003D36600E000BF04B06D
:109A9000704700BF0040005084B003468DF8073087
:109AA0009DF80730002B01D0012300E00023039331
:109AB000039B002B07D0094B03F580531A46012363
:109AC000C2F8443406E0054B03F500531A4601235F
:109AD000C2F8443400BF04B0704700BF00C0035058
:109AE00000B585B001900B468DF8033013468DF814
:109AF000023000238DF80F30019B1B78002B0AD019
:109B0000019B1B78012B06D0019B1B78022B02D0F6
:109B1000019B1B78032BFFF7F7FE9DF803300F2BFB
:109B200062D801A252F823F0699B0100719B0100E9
:109B3000799B0100819B0100899B0100919B0100A1
:109B4000999B0100A19B0100A99B0100B19B010011
:109B5000B99B0100C19B0100C99B0100D19B010081
:109B6000D99B0100E19B010000238DF80F303CE000
:109B700001238DF80F3038E002238DF80F3034E0E8
:109B800003238DF80F3030E004238DF80F302CE0E4
:109B900005238DF80F3028E006238DF80F3024E0E0
:109BA00007238DF80F3020E008238DF80F301CE0DC
:109BB00009238DF80F3018E00A238DF80F3014E0D8
:109BC0000B238DF80F3010E00C238DF80F300CE0D4
:109BD0000D238DF80F3008E00E238DF80F3004E0D0
:109BE0000F238DF80F3000E000BF9DF80330002BED
:109BF0000AD09DF80230002B03D0019830F01AFBF8
:109C000002E00198FFF788FE019B5B78072B1DD8C7
:109C1000019B1B781A4613465B0013441B01043357
:109C200003F1A04303F57033019A527892000F219B
:109C300001FA02F09DF80F10019A5278920001FA91
:109C400002F20146184622F0DEFC1EE0019B1B7862
:109C50001A4613465B0013441B010C3303F1A04367
:109C600003F57033019A5278083A92000F2101FAF5
:109C700002F09DF80F10019A5278083A920001FA0A
:109C800002F20146184622F0BEFC9DF80330002B7C
:109C90000AD19DF80230002B03D0019830F0CAFAA7
:109CA00002E00198FFF738FE00BF05B05DF804FB45
:109CB00000B587B00390029113468DF80730039BDF
:109CC0001B78002B0AD0039B1B78012B06D0039B2B
:109CD0001B78022B02D0039B1B78032B9DF80730C7
:109CE000002B0AD09DF80730012B06D09DF80730D5
:109CF000022B02D09DF80730042BFFF705FE029BD4
:109D0000B3F1FF3F01D0029B002B029BB3F1FF3F59
:109D100009D1FFF783FE0590039B5B7805991846F0
:109D200022F0E7FB0290029BB3F1FF3F00F0868038
:109D3000029B002BC0F28280029B072B21DC029B3E
:109D40009B00032202FA03F1039B1B781A46029B35
:109D50009B0002FA03F31A463B4822F054FC029B94
:109D60009B00032202FA03F1039B5B7803F00302DA
:109D7000029B9B0002FA03F31A46344822F043FC8C
:109D800023E0029B083B0493049B9B00032202FAFE
:109D900003F1039B1B781A46049B9B0002FA03F312
:109DA0001A462B4822F02FFC049B9B00032202FA48
:109DB00003F1039B5B7803F00302049B9B0002FA10
:109DC00003F31A46234822F01EFC9DF8073003F0E7
:109DD0000103002B05D19DF8073003F00403002B8D
:109DE00006D0029B012219461B4831F081FE05E096
:109DF000029B00221946184831F07AFE9DF8073080
:109E000003F00203002B05D19DF8073003F0040393
:109E1000002B06D0029B01221946104831F068FE43
:109E200005E0029B002219460C4831F061FE012238
:109E3000029B02FA03F31846FFF7E2FD029B184665
:109E400007B05DF804FB00BF00C4035008C4035012
:109E500004C403500CC4035010C4035014C4035072
:109E600000B583B001900091124BD3F83024019BD0
:109E7000DB4310491340C1F830340E4BD3F8302483
:109E80000199009B0B400B491343C1F83034094B37
:109E9000D3F82C240749019B1343C1F82C3401202B
:109EA000FFF7D4FD0198FFF7ABFD00BF03B05DF8ED
:109EB00004FB00BF00C0035000B585B00190134BF8
:109EC00003F580531A464FF48033536600F084F84C
:109ED0000390039B1B0BDAB2019B1A70039BDBB24E
:109EE00003F03F03DAB2019B5A70019B4FF6FF72F9
:109EF0005A80039B9B099BB203F03F039AB2019BDC
:109F00009A8000BF05B05DF804FB00BF00800050E0
:109F100000B583B000238DF8073000F055F80346F4
:109F2000ADF80430BDF80430154AA2FB03239B09A9
:109F30009BB24133ADF802304323ADF80230BDF897
:109F40000230432B0ED0432B10DC412B02D0422B8E
:109F500004D00BE004238DF807300BE005238DF8C7
:109F6000073007E003238DF8073003E000238DF866
:109F7000073000BF9DF80730184603B05DF804FBBA
:109F8000D34D6210F0B482B00E4B9B6C01930D4B1D
:109F9000DB6C00221E4617464FF000024FF0000314
:109FA00033000022019E00273046394642EA000471
:109FB00043EA010522462B461046194602B0F0BC82
:109FC000704700BF0080E00F024B5B689BB21846F1
:109FD000704700BF0080E00F014B5B691846704777
:109FE00000C0075030B585B0019001982DF0A3F95D
:109FF0000390039B002B09D1064A019B14461D4682
:10A000000FCD0FC495E8030084E80300039B1846B6
:10A0100005B030BD442C00208EB001900B468DF869
:10A0200003301346ADF80030BDF9003047F6FF723B
:10A03000934201D1FF23F7E09DF80330022B00F299
:10A04000F2809DF803307A4AD35C012B00F2EB805A
:10A050009DF80330764AD35CDB00764A13440893BC
:10A06000089B9B780793089B1B78012B2BD100231F
:10A070000D93089BDB781A46079BD31A0C9317E0C5
:10A080000C9A0D9BD31A5B080C9AD31A0393089B66
:10A090005A68039B5B001344B3F90030BDF90020FC
:10A0A0009A4203DA039B013B0C9301E0039B0D935F
:10A0B0000D9A0C9B9A42E3D30C9BDAB2079BDBB25E
:10A0C0001344DBB2B0E0089B5B680693069B002B51
:10A0D00001D10023A8E0069BB3F90030BDF90020B0
:10A0E0009A4204DD069B1B88ADF800300AE0069B0F
:10A0F000B3F90230BDF900209A4203DA069B5B886F
:10A10000ADF80030C823ADF82E302823ADF82C3040
:10A110000023ADF82A30069B9B88FF2B0DD1BDF89C
:10A120002A3001339BB2ADF82A30069BDB88ADF8AC
:10A130002E30069B9B68ADF82C30BDF92E20BDF962
:10A140000030D21ABDF92C3092FBF3F39AB2BDF86D
:10A150002A3013449BB2ADF82A30089B5B781A462C
:10A16000BDF92A309A4203DDBDF92A30002B05DA09
:10A17000089B5B78013B9BB2ADF82A30BDF92A30D1
:10A18000DB00069A134404330593059B5A68059B2C
:10A19000B3F902301946BDF9003001FB03F3134453
:10A1A0000493049B002B02DA0023099301E0049B33
:10A1B0000993099B5C33204AA2FB03239B09099363
:10A1C000BDF92A309BB201339BB2ADF82A30BDF9FC
:10A1D0002A30089A5278934209DABDF92A30069A51
:10A1E000DB0013449B881A46099B9342C6D9BDF9EC
:10A1F0002A30013B069ADB0013449B881A46099BD0
:10A20000934207D9BDF92A30013B069ADB0013447B
:10A210009B880993099A079B9A4201D2079B09934D
:10A22000099BDBB200E0002318460EB0704700BF68
:10A23000C4CD0400442C0020D34D621088B001909E
:10A240000B468DF8033013468DF802309DF803302D
:10A25000022B00F2C1809DF80330614AD35C012BD0
:10A2600000F2BA809DF803305D4AD35CDB005D4AA2
:10A2700013440693069B1B78012B26D1069BDB78A3
:10A280009DF802209A4203D9069BDB788DF80230B4
:10A29000069B9B789DF80220D31A8DF802309DF81A
:10A2A0000220069BDB781946069B9B78CB1A9A42C4
:10A2B00002DD00238DF80230069B5A689DF80230BB
:10A2C0005B001344B3F9003087E0069B5B6805939D
:10A2D000059B002B01D1444B7FE0059B0433049385
:10A2E000069B9B789DF802209A4203D8059BB3F900
:10A2F000023072E0069BDB789DF802209A4203D37D
:10A30000059BB3F9003068E000238DF81F30069BF1
:10A310005B78013B8DF80F30049B1B88FF2B14D119
:10A3200001238DF81F3010E09DF81F300133DB0052
:10A33000049A13441A889DF802309BB29A420BD3B8
:10A340009DF81F3001338DF81F309DF81F209DF8B8
:10A350000F309A42E8D300E000BF9DF802304FF47E
:10A360007A7203FB02F29DF81F30DB0004990B4464
:10A370005B68D31A02939DF81F30DB00049A1344E4
:10A38000B3F90230DA0F13445B101BB21A46029B7A
:10A3900013449DF81F20D20004990A44B2F9022008
:10A3A00093FBF2F30293059BB3F900301A46029B2C
:10A3B000934203DD059BB3F900300EE0059BB3F932
:10A3C00002301A46029B934203DA059BB3F902302E
:10A3D00003E0029B1BB200E0034B184608B0704735
:10A3E000C4CD0400442C00200080FFFF08B50448C1
:10A3F000FFF7F8FD01202CF0A2FF00BF08BD00BF51
:10A4000034CE0400014B1846704700BFE83F0020DF
:10A4100000B587B001AB00221A605A609A60DA601A
:10A420001A6102238DF804300B4B029302238DF83E
:10A430000D3004238DF80E3002238DF813300523E0
:10A440008DF8143001AB19464FF0FF302CF0C0FFEF
:10A4500000BF07B05DF804FB006A180082B0034635
:10A460008DF807309DF80730062B1FD801A252F84F
:10A4700023F000BF91A4010095A40100A5A4010050
:10A4800099A401009DA40100A1A40100A9A40100B8
:10A490006C230CE05C230AE0542308E0802306E0F0
:10A4A000102304E04C2302E0182300E000231846A8
:10A4B00002B0704700B58BB0019000911F4B039321
:10A4C000019B04931E4B059346F61103069300F07F
:10A4D0001FFA0990099B142B04D107AB184622F0F0
:10A4E000FDF904E0099B002B01D0099B21E04FF00E
:10A4F000A84303225A634FF0A84203AB13604FF006
:10A50000A842009B13614FF0A84303229A6300BF47
:10A510004FF0A843DB6B03F00303002BF8D1099B3A
:10A52000142B03D107AB184622F0F0F900F020FA03
:10A53000034618460BB05DF804FB00BF5C2C0020FE
:10A540000400002010B5BAB00291019200930346B6
:10A550008DF80F308F4B31AC0FCB84E80F00409A51
:10A56000019B13445B4203F00F0337933D9B002B89
:10A5700004D03D9B5B4203F00F0300E010233693B1
:10A58000419B2D9301232E93429B43F000532F9325
:10A59000429BC3F110031B0203F4F85343F0210361
:10A5A00030933D9B002B01D131AB00E0009B299300
:10A5B0009DF80F3083F00103DBB2002B04D0429BE7
:10A5C000002B01D02DAB00E001232A933D9B002BF3
:10A5D00003D03D9B43F0005302E0369B43F0005311
:10A5E0002B939DF80F30002B02D1429B002B01D101
:10A5F000212200E00122369B1B0203F4F85313438F
:10A600002C93029B259329AB2693019B43F0005387
:10A610002793379B1B0203F4F85343F0410328931D
:10A620003F9B2193019B002B01D025AB00E029AB80
:10A630002293019B002B01D0002201E04FF0005239
:10A64000409B13432393019B002B06D1379B1B0296
:10A6500003F4F85343F0410300E0412324933E9B6D
:10A660001D9321AB1E934C4B1F9340F61103209377
:10A670009DF80F30002B01D0484B00E0484B199358
:10A680001DAB1A93474B1B9311231C9315AB002250
:10A690001A605A609A60DA6001231693429BC3F1F4
:10A6A000100343F08043179311AB00221A605A60E5
:10A6B0009A60DA609DF80F3083F00103DBB2002B63
:10A6C00001D031AB00E0419B1193429B102B01D094
:10A6D00015AB00E001231293429B13930DAB0022B4
:10A6E0001A605A609A60DA60429B002B01D011AB6D
:10A6F00000E001230E93369B43F080430F9309AB98
:10A7000000221A605A609A60DA603C9B0993369B7B
:10A71000002B01D00DAB05E0429B002B01D011AB0B
:10A7200000E001230A933C9B002B02D14FF08042B2
:10A7300000E000223D9B13430B9305AB00221A60FF
:10A740005A609A60DA603D9B002B01D009AB00E0B3
:10A750000DAB0693409A019B1A44379B134443F078
:10A760008043079305AA19AB11461846FFF7A2FECE
:10A770003590359B002B01D0359B2BE09DF80F3099
:10A7800083F00103DBB2002B23D000233993002395
:10A79000389315E054CE0400100000204CCE040085
:10A7A00050CE04000400002031AA389B13441B78CB
:10A7B000DBB21A46399B13433993389B01333893E4
:10A7C000389A429B9A42EFD3399B002B01D02C231D
:10A7D00000E0002318463AB010BD00BF00B5A3B09A
:10A7E0000390029101920093029BB3F5807F0AD0FF
:10A7F000029BB3F5807F1CD8029B802B0FD0029B5D
:10A80000C02B0AD015E0249B002B02D040F2344329
:10A8100001E040F2144321930DE00F2358E0249B04
:10A82000002B02D04FF4866301E04FF48263219342
:10A8300001E029234CE0249B1D9301231E93102348
:10A840001F9321232093259B1993249B002B01D038
:10A850001DAB00E001231A9310231B9301231C93CB
:10A86000019B15930123169310231793212318930B
:10A87000194B119315AB1293184B139342F6110316
:10A880001493009B0D9315AB0E9310230F9342F678
:10A890001103109321AB0993009B002B01D00DAB4A
:10A8A00000E011AB0A9304230B9311230C93039B39
:10A8B000059309AB0693029BDB08079340F611034F
:10A8C000089319AA05AB11461846FFF7F3FD034696
:10A8D000184623B05DF804FB74CE0400100000108D
:10A8E00000B583B0094B1B68002B04D10421074835
:10A8F00025F0D8FC0190054B1B68013343F0004361
:10A90000024A136000BF03B05DF804FB5C2C00201A
:10A9100008B5154B5B6E144A43F004035366124BA3
:10A92000D3F88032104A43F00103C2F880320F4B53
:10A930005B68C3F30803002B09D000BF4FF0A843A6
:10A94000DB6B03F04303002BF8D114230AE000BFB4
:10A950004FF0A843DB6B03F04303002BF8D1FFF764
:10A96000BFFF0023184608BD0080005000ED00E046
:10A97000054B5B68C3F30803002B01D0002300E004
:10A9800000231846704700BF00ED00E0084B03F5B8
:10A9900080531A464FF400539366054B03F58053DA
:10A9A0001A460323C2F8603200231846704700BFDE
:10A9B00000800050084B03F500531A464FF4005333
:10A9C0009366054B03F500531A460323C2F8603221
:10A9D00000231846704700BF0080005010B582B0B9
:10A9E0000190019821F0B9FF0346012202FA03F415
:10A9F000019821F0A7FF03460F4A52F82320214671
:10AA00000A430D4941F82320019821F0A6FF03468F
:10AA1000012202FA03F3DC43019821F093FF03467D
:10AA2000064A52F8232021460A40044941F82320CF
:10AA300000BF02B010BD00BF602C0020742C0020AD
:10AA400010B586B00190019821F087FF03460122DE
:10AA500002FA03F4019821F075FF0346164A52F8F2
:10AA6000232021460A43144941F82320002305935B
:10AA70000023049309E0114A049B52F82330059AFD
:10AA800013440593049B01330493049B042BF2D9D4
:10AA9000059B002B0DD10023039307E0064A039B7F
:10AAA000002142F82310039B01330393039B042BE3
:10AAB000F4D900BF06B010BD742C0020602C00201B
:10AAC00010B582B00190019821F047FF03460122A2
:10AAD00002FA03F4019821F035FF0346054A52F8C3
:10AAE000232021464A40034941F8232000BF02B0F9
:10AAF00010BD00BF602C002010B582B001900198FD
:10AB000021F020FF0346094A52F82340019821F022
:10AB100024FF034624FA03F303F00103002B14BFC0
:10AB200001230023DBB2184602B010BD602C0020C8
:10AB300010B582B00190019821F004FF0346094A44
:10AB400052F82340019821F008FF034624FA03F34A
:10AB500003F00103002B14BF01230023DBB21846CE
:10AB600002B010BD742C002082B00190019BA3F5AF
:10AB70000622A2F6FF42074BA3FB0213D9080B469D
:10AB8000DB010B44D11A01F5062303F55063184687
:10AB900002B07047813FE00F00B583B0CDE90001FE
:10ABA000DDE9000121F0E1FE0146084BA3FB012392
:10ABB000DA081346DB011344CA1A02F5062303F52B
:10ABC0005063184603B05DF804FB00BF813FE00FFF
:10ABD00000B5A9B012AB4022002118462DF05EF955
:10ABE00002AB4022002118462DF058F92A4B27933A
:10ABF00047E0279B10332693269B284A934201D98E
:10AC0000264B2693264B1868269B013B12A90093DE
:10AC1000279B102220F03AFC2390002325930BE081
:10AC2000259B9B00A0336B4453F8583C1846FFF714
:10AC3000D5FE259B01332593259A239B9A42EFD37A
:10AC4000174B1868269B013B02A90093279B1022F3
:10AC500020F031FC2290002324930BE0249B9B00E6
:10AC6000A0336B4453F8983C1846FFF7E9FE249B49
:10AC700001332493249A229B9A42EFD3279B1033CB
:10AC80002793279B074A9342B3D9074B01221A7097
:10AC900000BF29B05DF804FB006D080000710800DA
:10ACA000C43F0020FF700800AF3A002000B58BB011
:10ACB0000590049103920293039B002B02D0039B07
:10ACC00000221A60029B002B02D0029B00221A6015
:10ACD0001D4B1868102300930023049A0599FBF775
:10ACE000ABFC0990099B002B01D0099B27E0039B3B
:10ACF000002B02D0039B10221A60049B1B68134A8E
:10AD0000934201D0124B1AE0039B002B16D0029BFA
:10AD1000002B13D00C4B186807AA029B0599FBF770
:10AD2000E7FC0890089B002B01D0089B07E0029BE2
:10AD30001A68039B1B68D21A029B1A60099B18466B
:10AD40000BB05DF804FB00BFC43F0020105D175E30
:10AD5000FFDF00F000B589B0CDE902010093134692
:10AD60008DF807300023069300230593DDE90201E7
:10AD7000FFF712FF05904E4B1B7883F00103DBB207
:10AD8000002B09D0FBF7A0FF0346002B02D06FF089
:10AD9000910388E0FFF71CFF0023049372E00598FD
:10ADA000FFF7AAFE034683F00103DBB2002B23D09A
:10ADB0000598FFF7BDFE0346002B09D0069B002B2C
:10ADC00001D1059B06930598FFF7CEFE059056E04E
:10ADD0009DF80730002B0CD0069B002B04D00C9B59
:10ADE000069A1A6000235EE00C9B059A1A60002305
:10ADF00059E06FF08B0356E00B9B0A9A0099059877
:10AE0000FFF754FF0790079B2A4A934202D0079B03
:10AE1000632B0CD1284B1B6805991846FBF772FD74
:10AE20000790079B002B02D06FF08B033BE0079B42
:10AE3000002B06D0079B214A934202D06FF091036A
:10AE400031E0009BD3E90223DDE90201994208BF0A
:10AE5000904204D00598FFF787FE05900FE09DF81B
:10AE60000730002B06D0009B5B68012B02D16FF0EE
:10AE7000840318E00C9B059A1A60002313E0049BDE
:10AE800001330493049B802B89D99DF80730002B54
:10AE900007D0069B002B04D00C9B069A1A60002357
:10AEA00001E06FF08B03184609B05DF804FB00BFAA
:10AEB000AF3A0020FFDF00F0C43F0020FEDF00F0CB
:10AEC00000B58FB0CDE9060105920493059B002BD8
:10AED00005D0049B002B02D16FF086037FE0059B19
:10AEE00040F26C72934202D96FF0910377E0109BAD
:10AEF000012B05D0109B002B02D06FF085036EE074
:10AF00006FF096030D9300230893059B0C930C9B05
:10AF100010331946012022F0F0FD0B900B9B002B03
:10AF200002D16FF08C035AE00C9B10331A460021BB
:10AF30000B982CF0B3FF0B9B0A9321F0FFFC08AB9E
:10AF4000029300230193002300930A9B0122DDE971
:10AF50000601FFF7FFFE0D900D9B002B07D00D9B08
:10AF600013F18C0F2DD16FF08D030D9329E00A9B07
:10AF70001D4A1A600A99DDE90623C1E902230A9BEA
:10AF8000109A5A60059B002B06D00B9B1033059A34
:10AF9000049918462CF08DFF144B186808990C9BE7
:10AFA00010330B9AFBF78AFA0990099B002B04D106
:10AFB000089B1846FFF712FD04E06FF091030D9314
:10AFC00000E000BF0C9B10331A4600210B982CF0B8
:10AFD00065FF0B9822F087FD21F0B2FC0D9B18460F
:10AFE0000FB05DF804FB00BF105D175EC43F00208A
:10AFF00000B595B0CDE9060105920493049B002BA2
:10B0000005D0179B002B02D16FF0860383E0049BD1
:10B01000002B11D0169B002B0BD0169BB3F1005FB9
:10B0200007D3049BC3F1005303F50043169A9342E0
:10B0300002D26FF086036EE06FF0960313930CABB1
:10B0400000221A605A609A60DA6000230B93002392
:10B05000129300230A9321F071FC0CAA09AB02930E
:10B060000BAB01930AAB009313460022DDE9060106
:10B07000FFF770FE1390139B002B48D10B9B12938C
:10B08000049B002B14D0059A129B9A4206D3129B64
:10B09000002B03D06FF08603139339E0129B002B33
:10B0A0000ED1059B002B0BD06FF0860313932FE07E
:10B0B000059A129B9A4203D96FF08603139327E0F7
:10B0C000129A059BD31A049A9A4205D9129A059BA3
:10B0D000D21A179B1A6002E0179B049A1A60104B51
:10B0E000186809990A9A059B1A44179B1B680093D4
:10B0F0001346169AFBF7A0FA1190119B002B03D070
:10B100006FF09103139303E00023139300E000BF5B
:10B1100021F016FC139B184615B05DF804FB00BF28
:10B12000C43F002000B591B0CDE904016FF0960353
:10B130000F930AAB00221A605A609A60DA6000230B
:10B1400009930023089321F0F9FB0AAA07AB0293A5
:10B1500009AB019308AB009313460022DDE904011B
:10B16000FFF7F8FD0F900F9B002B20D10B9B012BBD
:10B1700003D16FF084030F931AE0114B1B68079AF9
:10B1800011461846FBF7BEFB0E900E9B002B0AD112
:10B19000079B1846FFF794FC079B1846FFF750FCE7
:10B1A00000230F9304E06FF091030F9300E000BFC2
:10B1B00021F0C6FB0F9B184611B05DF804FB00BFE1
:10B1C000C43F002030B58FB005AB83E8070021F005
:10B1D000D6FC0346002B07D021F0B1FC0C900C9B51
:10B1E000002B01D00C9B35E000230D9325E0059A40
:10B1F0000D9BD418069A0D9BD51A03F0A7FD0346A4
:10B200009B001946284621F034FC024608AB214633
:10B21000184621F017FC099A104B02926C461A1D31
:10B2200092E8030084E803001B6808AA07CA23F019
:10B23000F4FB099B0D9A13440D93069B0D9A9A42B9
:10B24000D5D321F023FC0B900B9B002B01D00B9B43
:10B2500000E0002318460FB030BD00BF78CE0400D8
:10B2600000B595B007900691059204936FF08303A3
:10B27000139306231293069B002B17D0059B002BDC
:10B2800014D0189B002B02D1199B002B0ED1169BBA
:10B29000002B02D1179B002B08D11A9B002B02D147
:10B2A0001B9B002B02D11C9B002B02D16FF086034D
:10B2B000A7E0049B554A934227D1079821F0DCFC74
:10B2C0000346B3F5105F02D06FF0850399E007984D
:10B2D00021F0D9FC0346DB08059A9A4212D307985D
:10B2E00021F0D1FC0346802B12D0079821F0CBFC33
:10B2F0000346C02B0CD0079821F0C5FC0346B3F5DC
:10B30000807F05D06FF086037BE06FF0850378E0E7
:10B3100000BF199B002B04D11C9B00221A60002344
:10B320006FE01A9A189B9A4213D9189A199B1344E2
:10B330001A9A9A420DD21B9A199B9A4202D26FF026
:10B3400086035EE0199A18991A982CF08DFD1A9BC5
:10B350001893049B2D4A934251D11B9A199B9A42F0
:10B3600002D26FF089034CE0199B03F00F03002B0E
:10B3700002D06FF0860344E06B46059A06991846A2
:10B3800021F063FC0FAB6A4607CA83E807006B46EF
:10B39000199A1899184621F058FC0CAB6A4607CA4E
:10B3A00083E807006B46199A1A99184621F04DFC5C
:10B3B00009AB6A4607CA83E80700FFF7E7FA13906C
:10B3C000139B002B02D06FF092031AE009AA0CA97C
:10B3D0000FAB184603F0CEFE1290FFF7EBFA139076
:10B3E000129B002B02D1139B002B02D06FF0920313
:10B3F00007E01C9B199A1A6000BF002301E06FF060
:10B400008503184615B05DF804FB00BF00444004F6
:10B4100010B5B0B00D900C910B920A930C9B002BC1
:10B420000BD00B9B002B08D0329B002B05D0349BFC
:10B43000002B02D0369B002B02D16FF08603D5E0A3
:10B440006FF096032F9306232E9300232D93694AC2
:10B4500028AB07CA83E807000023189319AB3C22E6
:10B46000002118462CF01AFD0C9821F031FC2C908C
:10B470000C9821F026FC0346ADF8AE30BDF8AE3096
:10B4800003F4E043B3F5804F02D16FF08603ADE0E3
:10B490000D9A594B134043F01063584A934202D01F
:10B4A0006FF08503A2E02C9BB3F5807F20D1BDF81F
:10B4B000AE3047F21212934217D1514BDB682D93F5
:10B4C0004F4B19684E4B1A6913465B0013445B00DF
:10B4D0001A4628AB184621F0DDFB00BF2C9B073332
:10B4E000DB080A9A9A420ED305E06FF085037DE0EF
:10B4F0006FF085037AE02C9B0733DB085B00013398
:10B50000339A9A4202D26FF086036FE02C9B073386
:10B51000DB08359A9A4202D26FF0890366E02C9BD1
:10B520000733DA0815AB0B99184621F0B3FB329BB1
:10B53000591C2C9B0733DB085A0012AB184621F02C
:10B54000A9FB2C9B0733DB085A000FAB18A9184640
:10B5500021F0A0FB329B1B78042B02D06FF08603F6
:10B5600044E0FFF713FA2F902F9B002B01D02F9B65
:10B570003CE02C9B0733DB082D9A0992089305AC1D
:10B580000FAB93E8070084E8070002AC12AB93E826
:10B59000070084E807006A4616AB93E8030082E8D8
:10B5A0000300159B28AA07CA03F04AFF2E90FFF755
:10B5B00001FA2F902E9B002B02D12F9B002B02D043
:10B5C0006FF0860312E02C9B0733DA0818AB19469C
:10B5D00034982CF06EFC18AB4021184621F07FFB0C
:10B5E0002C9B0733DA08369B1A600023184630B0CC
:10B5F00010BD00BF10D004000000FFF600000209DB
:10B60000E4D0040000B593B007900691059204932E
:10B61000079B002B08D0069B002B05D0059B002B19
:10B6200002D0049B002B02D16FF0860389E00798BB
:10B6300021F085FB0346ADF84630BDF8463023F4D3
:10B64000435323F03F03B3F5824F03D1BDF8463097
:10B65000DBB200E000238DF84530079821F076FB3F
:10B660001090BDF8463023F0FF03B3F5E24F02D04F
:10B670006FF0850365E09DF84530122B06D09DF8EC
:10B680004530172B02D06FF085035AE0109B07332B
:10B69000DB08059A9A4202D26FF0890351E02B4AE7
:10B6A0000BAB07CA83E80700109BB3F5807F10D16E
:10B6B0009DF84530122B0FD1254B1A68244B1B697E
:10B6C000D118234B1A690BAB184621F021FB00BFA0
:10B6D00002E06FF0850334E000BF109B0733DA0807
:10B6E00008AB0699184621F013FBFFF74FF90F90AE
:10B6F0000F9B002B01D00F9B23E0164A02AB92E870
:10B70000030083E803006A4609AB93E8030082E87C
:10B710000300089B0BAA07CA23F0B4F80E90FFF7AA
:10B7200049F90F900E9B002B02D10F9B002B02D0EA
:10B730006FF0920305E0109B0733DA08049B1A6050
:10B740000023184613B05DF804FB00BF10D00400BE
:10B75000E4D0040084CE040030B599B00B900A9177
:10B76000099208930B9B002B0ED00A9B002B0BD049
:10B77000099B002B08D0089B002B05D01C9B002B9D
:10B7800002D01D9B002B02D16FF08603AFE00B9817
:10B7900021F0D5FA0346ADF85630BDF8563023F403
:10B7A000435323F03F03B3F5824F03D1BDF8563026
:10B7B000DBB200E000238DF855300B9821F0C6FA7B
:10B7C0001490BDF8563023F0FF03B3F5824F02D139
:10B7D0006FF085038BE0BDF8563023F4435323F01C
:10B7E0003F03B3F5824F02D06FF085037FE09DF8F1
:10B7F0005530122B06D09DF85530172B02D06FF024
:10B80000850374E0149B0733DB08099A9A4202D23D
:10B810006FF086036BE0149B0733DB085B0001339A
:10B820001C9A9A4202D26FF0890360E000231793BA
:10B8300000231693149BB3F5807F0AD19DF85530F1
:10B84000122B09D12B4BDB6816932A4B179300BFA1
:10B8500002E06FF085034AE000BF149B0733DA086B
:10B860000FAB0A99184621F053FA089B591C149BF8
:10B870000733DB085A000CAB184621F049FAFFF7F2
:10B8800085F81390139B002B01D0139B2FE0149B82
:10B890000733DB08179C169A0692059302AD0FAB8F
:10B8A00093E8070085E807006A460DAB93E80300BC
:10B8B00082E803000C9B94E8070023F007F812903D
:10B8C000FFF778F81390129B002B02D1139B002BEB
:10B8D00002D06FF092030AE0089B04221A70149BB6
:10B8E0000733DB085B005A1C1D9B1A6000231846B7
:10B8F00019B030BDE4D0040010B592B007900691A5
:10B9000005920493079B002B08D0069B002B05D0C3
:10B91000059B002B02D0169B002B02D16FF08603F3
:10B92000D9E0079821F00BFA0346ADF83630BDF8A0
:10B93000363023F4435323F03F03B3F5824F03D152
:10B94000BDF83630DBB200E000238DF83530BDF8AD
:10B95000363023F4435323F03F03B3F5824F02D034
:10B960006FF08503B7E09DF83530122B06D09DF8B7
:10B970003530172B02D06FF08503ACE0BDF83630C0
:10B9800023F0FF03B3F5E24F36D10023109307985D
:10B9900021F0DCF90246169B1A60169B1B68002BEF
:10B9A00004D1059BDA00169B1A6009E0169B1B6800
:10B9B0000733DB08059A9A4202D06FF086038AE0CB
:10B9C000169B1B68B3F5807F0BD19DF83530122B89
:10B9D0000AD1424B1A68414B1B691344109300BFB4
:10B9E00002E06FF0850376E000BF059A1099069893
:10B9F00021F0B3F911905AE000230F9300230E9326
:10BA0000069B1B78042B02D06FF0860363E0059B36
:10BA1000013BDB005A08169B1A60169B1B68B3F5A6
:10BA2000807F0AD19DF83530122B09D12B4BDB6872
:10BA30000E932A4B0F9300BF02E06FF085034AE09C
:10BA400000BF069B591C169B1B680733DB085A0076
:10BA500009AB184621F05CF9FEF798FF1190119B95
:10BA6000002B01D0119B36E0169B1B680733DB08C7
:10BA70000F9A0E99039102936C460AAB93E8030068
:10BA800084E80300099B07CA23F032F80C90FEF704
:10BA900091FF1190119B002B01D0119B1BE00C9B7F
:10BAA000002B02D06FF0860315E000231193119B49
:10BAB000002B0FD1149A059B9A4208D3059A069938
:10BAC00004982CF0F6F9159B059A1A6002E06FF0C5
:10BAD00089031193119B184612B010BDE4D00400E5
:10BAE00000B583B00190019821F09AF90346B3F5AF
:10BAF000105F02D06FF085031DE0019821F097F9E7
:10BB00000346DB08103B102B8CBF01220022D2B26F
:10BB1000002A0BD10A4A22FA03F303F00103002B97
:10BB200014BF01230023DBB2002B02D16FF0860388
:10BB300001E000BF0023184603B05DF804FB00BF1E
:10BB40000101010000B597B00390029101920093AA
:10BB5000029B002B0ED0039B002B0BD01A9B002BBB
:10BB600008D01C9B002B05D0189B002B05D1199BDE
:10BB7000002B02D06FF0860378E0039821F057F98C
:10BB80000346DB081393009B23F47E13394A934248
:10BB900068D10398FFF7A4FF1590159B002B01D0E7
:10BBA000159B63E0019A139B9A4202D26FF08603C1
:10BBB0005CE0009B1B0C03F03F031493149B002BD1
:10BBC00002D11023149305E0149B102B02D96FF0BF
:10BBD00086034BE01B9A149B9A4202D26FF08903B2
:10BBE00044E00BAB139A0299184621F002F908AB16
:10BBF000199A1899184621F0FCF805AB0EA91022E5
:10BC0000184621F0F6F8FEF7C1FE1590159B002BA3
:10BC100001D0159B2AE005AA08A90BAB184603F032
:10BC2000C5FA1290FEF7C6FE1590129B002B02D0AB
:10BC30006FF092031593159B002B09D10EAB149A4C
:10BC400019461A982CF035F91C9B149A1A6002E0D8
:10BC50001C9B00221A600EAB1022002118462CF00B
:10BC60001DF902E06FF085031593159B184617B078
:10BC70005DF804FB0002C00300B587B00390029199
:10BC800001920093039B002B08D0029B002B05D050
:10BC9000019B002B05D1009B002B02D06FF0860387
:10BCA0003FE0029821F0C3F80346DB0804936FF0ED
:10BCB00086030593049A009B9A4202D96FF086038B
:10BCC0002FE04C22002103982CF0E8F8089B23F485
:10BCD0007E13164A93421FD10298FFF701FF059089
:10BCE000059B002B01D0059B1BE0009A049B9A4208
:10BCF00002D26FF0860314E0039B0433049A019987
:10BD000018462CF0D6F8039B049A5A62039B089AB3
:10BD10001A600023059303E06FF08503059300BFCD
:10BD2000059B184607B05DF804FB00BF0002C00386
:10BD300000B589B0039002910192039B002B02D0C1
:10BD4000029B002B02D16FF086037CE0019B002B4D
:10BD500001D1002377E0039B1B6823F47E133C4A48
:10BD600093426ED1039B9B6B0793079B002B3ED0A6
:10BD7000079BC3F110030693019A069B9A420FD2C8
:10BD8000079B2833039A1344019A029918462CF012
:10BD900090F8079A019B1A44039B9A63002352E090
:10BDA000079B2833039A1344069A029918462CF0ED
:10BDB00080F8039B10229A63019A069BD31A019381
:10BDC000029A069B13440293019B002B0FD0039B06
:10BDD000283310221946039821F043F80590059B5B
:10BDE000002B01D0059B2EE0039B00229A63019B50
:10BDF000102B17D9019B013B23F00F030493049AE6
:10BE00000299039821F02DF80590059B002B01D095
:10BE1000059B18E0019A049BD31A0193029A049B94
:10BE200013440293019B002B09D0039B2833019AF2
:10BE3000029918462CF03DF8039B019A9A6300235F
:10BE400001E06FF08803184609B05DF804FB00BFFD
:10BE50000002C00300B591B00390029101920093DB
:10BE6000039B002B05D0029B002B02D0009B002BD4
:10BE700002D16FF0860363E0039B1B6823F47E13FB
:10BE8000314A93425AD1039B1B681B0C03F03F03BA
:10BE90000F930F9B002B02D110230F9305E00F9BF4
:10BEA000102B02D96FF086034AE0019A0F9B9A4249
:10BEB00002D26FF0890343E0FEF768FD0E900E9BFF
:10BEC000002B01D00E9B3BE0039B03F12801039B59
:10BED0009A6B0AAB184620F08CFF039B191D039B3D
:10BEE0005A6A07AB184620F084FF039B03F13C011C
:10BEF00004AB1022184620F07CFF04AB04AA0AA968
:10BF000007A803F08BF90D90FEF754FD0E900D9BE2
:10BF1000002B02D06FF0920312E00E9B002B01D099
:10BF20000E9B0DE0039B3C330F9A194602982BF0B1
:10BF3000C0FF009B0F9A1A60002301E06FF0850399
:10BF4000184611B05DF804FB0002C00300B585B0CF
:10BF5000034600918DF80730002303932FF0ADFDC9
:10BF600002909DF807301C2B00F2D28001A252F8FB
:10BF700023F000BFE9BF0100E9BF010011C10100CA
:10BF8000E9BF0100E9BF01000BC0010011C10100C0
:10BF9000E9BF01002BC001004DC0010011C101002B
:10BFA00011C101006FC0010091C0010011C1010069
:10BFB000B3C00100BFC0010011C10100CBC001002E
:10BFC00011C10100EDC0010011C1010005C1010056
:10BFD00011C1010011C1010011C1010011C1010015
:10BFE00011C10100F9C001008020FBF7C3FD034629
:10BFF0001A46009B1A80009B1B884FF6FF729342E3
:10C0000040F08C800E23039388E08020FBF7B2FD84
:10C0100003461A46009B1A80009B1B884FF6FF724E
:10C0200093427DD10E2303937AE04FF48060FBF7B7
:10C03000A1FD03461A46009B1A80009B1B884FF601
:10C04000FF7293426ED10E2303936BE04FF4906026
:10C05000FBF790FD03461A46009B1A80009B1B8845
:10C060004FF6FF7293425FD10E2303935CE04FF4CF
:10C07000C060FBF73FFD03461A46009B1A80009BF9
:10C080001B884FF6FF72934250D10E2303934DE06D
:10C090004FF4F060FBF72EFD03461A46009B1A8012
:10C0A000009B1B884FF6FF72934241D10E230393EE
:10C0B0003EE0009B00221A800F2303933BE0009B8D
:10C0C00000221A800F23039335E04FF4E060FBF762
:10C0D00011FD03461A46009B1A80009B1B884FF6F1
:10C0E000FF72934226D10E23039323E0009B00228C
:10C0F0001A800F2303931EE0009B00221A800F2357
:10C10000039318E0009B00221A800F23039312E090
:10C11000009B00221A80212303930CE000BF0AE059
:10C1200000BF08E000BF06E000BF04E000BF02E07F
:10C1300000BF00E000BF02982FF0B1FC039B18463F
:10C1400005B05DF804FB00BF00B587B001900B4659
:10C150008DF8033000230593019B002B01D10E23A2
:10C1600020E0019B1B6803F03F030493019B1B68C5
:10C170009B0903F007030393039B002B02D10B4B96
:10C18000059307E0039B012B02D1094B059301E0C6
:10C190000E2307E09DF803301A460499059820F015
:10C1A00070FF0023184607B05DF804FB6480005060
:10C1B0006880005030B597B02B4B0BAC1D460FCDAF
:10C1C0000FC40FCD0FC495E8030084E803000023DB
:10C1D00012934FF0FF331593244BD3F84C3103F4F3
:10C1E0000023002B04D1214BD3F85031DBB215933F
:10C1F000159BB3F1FF3F06D11D4B1B88FF2B02D8C7
:10C200001B4B1B881593159BB3F1FF3F01D178237E
:10C210001593159BB3F1FF3F18D0159BDBB28DF83A
:10C220004530FBF767FE0246159B13441593159B9B
:10C23000002B02DA0023159304E0159BFF2B01DD90
:10C24000FF231593159BDBB28DF844300948F8F7AE
:10C250004DFA0BAB1846FBF755FD3220FBF7C6FE37
:10C260000023184617B030BD8CCE04000080E00FCC
:10C270000001E00F00F0490230B587B01C4B01AC63
:10C280001D460FCD0FC42B682360002303930423A6
:10C290000293FF238DF80530164BD3F84C3103F48D
:10C2A0008023002B05D1134BD3F8503100238DF898
:10C2B00005309DF80530FF2B08D10F4B1B785BB282
:10C2C000002B03DB0C4B1B788DF805309DF80530F7
:10C2D000FF2B02D125238DF8053001AB1846FBF763
:10C2E00011FE3220FBF774FE0023184607B030BD64
:10C2F000B4CE04000080E00F9C00E00F08B50348B6
:10C30000FBF75EFC0023184608BD00BF00B4C40460
:10C3100000B583B0FBF786FB484B1B6F23F0070388
:10C32000464A43F0030313670020FBF793FB434B9C
:10C330001B6F424A23F474431367414BDB6803F0DD
:10C340008073002B14BF012300238DF807309DF864
:10C350000730002B05D03A4BDB68394A23F0807355
:10C36000D360364B354AD3F88030C2F880309DF820
:10C370000730002B05D0324BDB68314A43F0807325
:10C38000D3602E4BD3F8203123F003032B4A43F024
:10C390000203C2F82031294BD3F8243123F00703DC
:10C3A000264A43F00203C2F82431244BD3F88031EB
:10C3B00023F00303214A43F00103C2F880311F4BED
:10C3C000D3F8403123F003031C4A43F00203C2F8C0
:10C3D00040311A4BD3F8603123F00303174A43F07E
:10C3E0000203C2F86031154BD3F8403223F0030347
:10C3F000124A43F00203C2F84032104BD3F8003225
:10C4000023F007030D4A43F00203C2F800320B4B3E
:10C41000D3F8203223F00303084A43F00103C2F8A3
:10C420002032FBF741FB074B1B68064A43F004032D
:10C4300013600023184603B05DF804FB0080005031
:10C44000F0ED00E010E000E000B583B0074A6B4675
:10C4500092E8030083E803006B461846FCF7A6FC4D
:10C460000023184603B05DF804FB00BFC8CE0400EB
:10C4700000B583B02FF021FB0090144B1B7883F0A4
:10C480000103DBB2002B09D0104B01221A70009877
:10C490002FF005FBFB238DF8073010E000982FF0FC
:10C4A000FEFA10E09DF907300521184620F07EFEC7
:10C4B0009DF90730DBB20133DBB28DF807309DF90F
:10C4C00007303F2BEEDD03B05DF804FBB03A0020EF
:10C4D00082B00190019B002B01DB019B3F2B0A4A9C
:10C4E000019B5B1152F82320019B03F01F0322FAEA
:10C4F00003F303F00103002B0CBF01230023DBB285
:10C50000184602B0704700BF00E100E082B0019021
:10C51000019B002B0BDB019B03F01F020549019BD4
:10C520005B09012000FA02F2603341F8232000BFCA
:10C5300002B0704700E100E082B00190019B002B47
:10C540000ADB019B03F01F020549019B5B090120E7
:10C5500000FA02F241F8232000BF02B0704700BF8A
:10C5600000E100E082B00190019B002B11DB019BF8
:10C5700003F01F020849019B5B09012000FA02F247
:10C58000203341F82320BFF34F8F00BFBFF36F8FDD
:10C5900000BF00BF02B0704700E100E082B0019030
:10C5A0000091019B002B09DB009BDAB20A49019B39
:10C5B0001201D2B20B4483F800230AE0009BDAB2E6
:10C5C0000649019B03F00F03043B1201D2B20B4456
:10C5D0001A7600BF02B0704700E100E000ED00E015
:10C5E00000B585B001902FF04EFA0390054A019BEB
:10C5F000136003982FF03AFA0023184605B05DF84F
:10C6000004FB00BF882C002000B583B000230193F9
:10C610002FF039FA0090054B1B68019300982FF01A
:10C6200025FA019B184603B05DF804FB882C002016
:10C6300082B003468DF807309DF80730032B16D8DB
:10C6400001A252F823F000BF59C601005DC60100E7
:10C6500063C6010069C6010000230AE04FF40053DD
:10C6600007E04FF4805304E04FF4405301E04FF4EF
:10C670008053184602B0704782B003468DF80730E9
:10C680009DF80730042B15D801A252F823F000BF03
:10C69000A5C60100A9C60100ADC60100B1C60100D2
:10C6A000A5C60100002306E0012304E0022302E006
:10C6B000032300E00023184602B0704730B5A3B052
:10C6C000079006910592049301238DF88730059B0E
:10C6D0001B68184620F040FD2090059BDB7B002B5B
:10C6E00009D05E4B17AC1D460FCD0FC495E80F0067
:10C6F00084E80F0008E05A4B17AC1D460FCD0FC45D
:10C7000095E80F0084E80F0011AB00221A605A6010
:10C710009A60DA601A615A61059B9B681993059BC0
:10C720001B7B184620F00CFE0346ADF86A30059BD3
:10C730005B7B1846FFF77CFF0346ADF86C3011AB0E
:10C740001E931E9B01229A71059B9B7B1E9C184683
:10C75000FFF792FF03462370059BDB7B002B03D082
:10C7600001238DF8873002E002238DF88730049989
:10C770009DF8873003939DF887300293394B0193DE
:10C78000394B0093394B069A079800F0BDF91F907A
:10C790001F9B002B01D01F9BF4E0059B1A69049B93
:10C7A000DA65059BDA7D049B83F86320059B9A7DFF
:10C7B000049B83F86220059B5A7D049B83F86120CB
:10C7C000059B1A7D049B83F86020059B5A7E049B81
:10C7D00083F86520059B1A7E049B83F86420059BE3
:10C7E000DA7E049B83F86720059B9A7E049B83F87E
:10C7F0006620059B1A68049B9A651D4820F029FC59
:10C80000059B187D059B5B7D1946012304221FF0C3
:10C81000CEFC059B987D059BDB7D194601230222FA
:10C820001FF0C5FC049B002283F86820059B1B6950
:10C83000184620F00EFC059BDB7B002B1AD017ABB3
:10C84000194620981FF0DCFB049B93F8683043F0F6
:10C850000403DAB2049B83F8682010E0F8CE0400E9
:10C8600018CF0400A5C90100F5D30300C3D303000A
:10C87000D4CE040017AB194620981FF0CFFB434BD2
:10C8800002221A60059B1B7D1A46059B5B7D1B04DB
:10C890001A433E4B1A61059B9B7D1A46059BDB7D27
:10C8A0001B041A43394BDA60059B9B7B012B03D099
:10C8B000059B9B7B032B11D1049B93F8683043F0BD
:10C8C0000103DAB2049B83F86820059B187E059B60
:10C8D0005B7E1946002302221FF069FC059B9B7BAF
:10C8E000022B03D0059B9B7B032B11D1049B93F858
:10C8F000683043F00203DAB2049B83F86820059B9A
:10C90000987E059BDB7E1946002304221FF04FFC16
:10C91000049B93F8683003F00103002B08D0059BBB
:10C920001B7E1A46059B5B7E1B041A43184B5A60FC
:10C93000049B93F8683003F00103002B0BD0144BD9
:10C9400001221A60059B9B7E1A46059BDB7E1B0419
:10C950001A430F4B9A600F49209820F0CDFC052117
:10C9600020981FF07AFB0C4B1B68002B03D10B495E
:10C970000B4801F05FFD049B6C33194606481CF020
:10C9800036FE0023184623B030BD00BFC0C403509C
:10C99000C0D403507F370C01942C0020F03F0020BE
:10C9A0008C2C002000B585B00190019B0393039B64
:10C9B0009B6D184620F0D0FB029000BF029820F03B
:10C9C00094FC034603F04003002BF7D0039B93F83D
:10C9D0006000039B93F861301946002300221FF08A
:10C9E000E6FB039B93F86200039B93F863301946C0
:10C9F000002300221FF0DBFB039B93F8683003F059
:10CA00000103002B0AD0039B93F86400039B93F867
:10CA100065301946002300221FF0C9FB039B93F8E1
:10CA2000683003F00203002B0AD0039B93F86600E2
:10CA3000039B93F867301946002300221FF0B7FBD1
:10CA40000121029820F064FC0421029820F060FC8F
:10CA5000002102981FF001FB039BDB6D184620F0BC
:10CA600004FB039B6C33194607481CF0D2FD064BB0
:10CA70001B68002B02D1054801F0F4FC0023184686
:10CA800005B05DF804FB00BF942C00208C2C002026
:10CA900000B585B003460A468DF8073013468DF879
:10CAA00006309DF80630012B03D09DF80630002B90
:10CAB00016D10D4B1B686C3B03930DE0039B9B6DE4
:10CAC000184620F049FB0290052102981FF0C5FA94
:10CAD000039BDB6E6C3B0393039B13F16C0FEDD157
:10CAE00000BF05B05DF804FB942C002008B5054B91
:10CAF0001B68986800230222002116F019FA00BF73
:10CB000008BD00BFFC40002030B58DB009900891F1
:10CB1000079206935822002108982BF0BFF9089B32
:10CB2000079A92E8030083E80300079BDA68089BF2
:10CB3000DA62079B1A69089B1A63089BDA6A089BEA
:10CB40005A63079B1A7D089B83F84420079B9A7DB4
:10CB5000089B83F84520089B5A6B089B9A64089BA6
:10CB6000012283F84C20089B012283F84D20089B6A
:10CB7000069A9A63089B109ADA63089B119A1A64C2
:10CB8000079B93F90820089B83F84E20079B93F995
:10CB90000920089B83F84F20099B089A1A60099B7B
:10CBA0004D4A5A60099B4D4A9A60099B4C4A1A614A
:10CBB000099B4C4A5A61099B4B4ADA60F8F700FA24
:10CBC0000B900B9B002B05D00B9B484A934201D046
:10CBD00010237EE0089B083300211846F8F72AF955
:10CBE0000B900B9B002B01D0102372E0099B404A55
:10CBF0001A62089B012283F85420099B3D4A9A61DE
:10CC0000099B3D4ADA61089B9DF84C2083F853202C
:10CC1000089B9DF8482083F85220089B002283F847
:10CC20005120089B012283F85020079B5B7D194609
:10CC3000089820F0BBFC079B93F909301846FFF7D2
:10CC400065FC079B93F90930184620F0A0FA089B71
:10CC50001B7A1D46089B1968089BDA6A089B58686E
:10CC6000089B1B6B1C4600230493002303930023A3
:10CC70000293019401230093034628461CF037FFDA
:10CC80000B900B9B002B01D0102322E01B4A089B2A
:10CC90001B7A19460B465B000B441B01134403F53A
:10CCA000015324334FF480121A60079B93F9083024
:10CCB0001846FFF72BFC079B93F90830184620F025
:10CCC00066FA099B1846FFF78BFC089800F0D2FA29
:10CCD000002318460DB030BD21D803003FD8030013
:10CCE00073D5030091D5030025CE0100038000F029
:10CCF000F1D40300ADD503002BD60300000004508F
:10CD000000B589B00190019B1B680793079B1B7AB4
:10CD10008DF81B309DF81B301846F8F7CFF90590B9
:10CD200026499DF81B2013465B0013441B010B444E
:10CD30006C331B680493049B214A934233D10798B8
:10CD400000F0CEF80346002B1ED02EF0B6FE039066
:10CD50009DF81B3001229A40184B03F500535A6589
:10CD60009DF81B3001229A40144B03F580539A62C0
:10CD70009DF81B3001229A40104B03F580535A63F3
:10CD800003982EF08CFE0EE0079800F0F3F80346AF
:10CD900083F00103DBB2002B05D09DF81B3001228C
:10CDA0009A40064B9A649DF81B301846F8F7B8F97C
:10CDB000059000BF09B05DF804FB00BF00000450FF
:10CDC000B13A002000B587B00190019B1B7A8DF825
:10CDD00017309DF817301846F8F770F904900F498E
:10CDE0009DF8172013465B0013441B010B446C3362
:10CDF0001B680393039B0A4A934214BF0123002339
:10CE00008DF80B309DF817301846F8F789F9049023
:10CE10009DF80B30184607B05DF804FB0000045085
:10CE2000B13A002000B589B00190019B0793079BA0
:10CE30001B6806930023059300230493FFF7E4FB8C
:10CE40000390039A079B9A4202D10020FFF7C8FB88
:10CE5000069B93F94E301846FFF758FB069B93F953
:10CE60004E30184620F084F9069B93F94F3018464F
:10CE7000FFF74CFB069B93F94F30184620F078F9EA
:10CE8000069B1B7A18462DF02FF90490069B1B7AFF
:10CE90001846F8F75BF80490F8F71CF80490049B28
:10CEA000002B02D0049B0D4A9342079B00221A607C
:10CEB000079B00225A60079B00229A60079B002272
:10CEC0001A61079B00225A61069B1B6C06989847C3
:10CED0000590059B184609B05DF804FB058000F03D
:10CEE00000B587B00190214A019B1B7A19460B4679
:10CEF0005B000B441B0113446C331B6805931B4AF6
:10CF0000019B1B7A19460B465B000B441B01134423
:10CF100070331B6803F00203002B14BF01230023AE
:10CF20008DF81330019B1B7A1A460DF10B0319463D
:10CF300010462DF00BF903909DF80B30002B0AD111
:10CF4000059B0B4A934208D19DF8133083F00103EF
:10CF5000DBB2002B01D0012300E0002303F001032A
:10CF6000DBB2184607B05DF804FB00BF00000450B8
:10CF7000B13A002086B001901B4A019B1B7A1946EA
:10CF80000B465B000B441B0113446C331B68059379
:10CF9000154A019B1B7A19460B465B000B441B018B
:10CFA000134470331B6803F00203002B14BF0123EA
:10CFB00000238DF81330059B0C4A93420FD19DF846
:10CFC0001330002B0BD0019B5B690393019B5B6BC0
:10CFD000039A9A420CBF01230023DBB200E0002336
:10CFE000184606B0704700BF00000450B13A002058
:10CFF00000B587B0019000230593019B1B7A1A4668
:10D000000DF10F03194610462DF0A0F804909DF87D
:10D010000F30002B03D0019B5B6B05930BE0144A90
:10D02000019B1B7A19460B465B000B441B01134402
:10D030006C331B680593019BDA6A019B1B6B1344DD
:10D04000059A9A4203D8019BDB6A059A9A42019B92
:10D05000DA6A019B1B6B1344059A9A4202D1019B29
:10D06000DB6A0593059B184607B05DF804FB00BF1B
:10D070000000045010B590B007900691079B1B7AF2
:10D080001846F8F71BF80F90079B1B7A1A460DF10C
:10D090003303194610462DF059F80F900798FFF703
:10D0A000A7FF0E90079B5B6B0E9A9A4256D9079B7F
:10D0B0005A6B079BDB6A9A423DD1069B9BB2013BB0
:10D0C0009BB2C3F30A0399B2079B5B681C46079B9C
:10D0D000DB6A1846079B1C3300221A605A609A606C
:10D0E000DA60079A938B61F30E139383079A937F09
:10D0F00043F010039377079AD37F43F00303D3776A
:10D10000079B1C62079B5862079A937F6FF3041377
:10D110009377079B1C3323F003035549079A127A30
:10D12000104643F0020203465B0003441B010B441C
:10D1300070331A6078E0079B9B8BC3F30A139BB292
:10D140001A46069B9BB213449BB2C3F30A0399B2DF
:10D15000079A938B61F30E13938365E09DF8333048
:10D1600083F00103DBB2002B2FD0414A079B1B7ACF
:10D1700019460B465B000B441B01134464331B68C8
:10D180001B09C3F30A030D930D9A069B13440D93D9
:10D19000374A079B1B7A19460B465B000B441B0161
:10D1A000134464331B6823F4FF4323F070030D9A88
:10D1B00012012F480799097A1A430B465B000B446A
:10D1C0001B01034464331A602EE0079B1B7A1C4644
:10D1D000079B1968079B5A68069B00200490002053
:10D1E00003900020029001930123009313460E9AAE
:10D1F00020461CF07CFC0F901D4A079B1B7A1946A9
:10D200000B465B000B441B01134464331B68184935
:10D21000079A127A104623F4801203465B000344F7
:10D220001B010B4464331A60079B5A6B069B1A441C
:10D23000079B5A63079B5A6B079BD96A079B1B6B1B
:10D240000B449A4203D1079BDA6A079B5A63079BF8
:10D250005B6B0E9A9A4202D1079800F00BF8079B7D
:10D260001B7A1846F7F75CFF0F9000BF10B010BD97
:10D270000000045010B594B003900CAB00221A606B
:10D280005A609A60DA609DF8323043F010038DF8EE
:10D2900032309DF8333043F003038DF83330664B62
:10D2A0000D93654B0E93039B1B7A1846F7F706FF09
:10D2B00013900398FFF75EFE0346002B06D0039BF6
:10D2C0001B7A1846F7F72CFF1390B3E0039B1B7AE9
:10D2D0001A460DF14703194610462CF037FF1390FC
:10D2E0009DF8473083F00103DBB2002B00F087800C
:10D2F0000398FFF77DFE1290039B1B7A1A4610AB32
:10D30000194610462CF05CFF1390109B9BB2013B1A
:10D310009BB2C3F30A0398B2039B5B681C46129945
:10D32000039B0C3300221A605A609A60DA60039AF9
:10D33000938960F30E139381039A937B43F0100358
:10D340009373039AD37B43F00303D373039B1C6152
:10D35000039B5961039A937B6FF304139373374ACA
:10D36000039B1B7A19460B465B000B441B011344BD
:10D3700070331B685B0803F00103D9B2039A137E74
:10D3800061F3410313762D4A039B1B7A19460B4622
:10D390005B000B441B01134470331B6803F0010353
:10D3A000D9B2039A137E61F300031376234A039BD9
:10D3B0001B7A19460B465B000B441B011344703368
:10D3C0001B689B089A00921003998B6962F39F0374
:10D3D0008B619DF83C3043F002038DF83C309DF8A2
:10D3E0003C306FF300038DF83C30039B0C339B08FB
:10D3F0009A0092100F9B62F39F030F9305E09DF834
:10D400003C306FF341038DF83C30039B1B680C4AA2
:10D410001360039B1B7A18460CAA039B0093094BCD
:10D420000749F7F70BFE1390039B1B7A1846F7F793
:10D4300077FE139014B010BDB13A002000000450E4
:10D44000982C002043DA030000B583B06B461846E1
:10D4500000F0BAFC124B00221A60124B00221A6034
:10D46000114B00221A60009B104A13600F4B1B687F
:10D470000F4A13600D4B1B68184620F02AFC019BD5
:10D48000013BDA08094B1B6892B25A80044B1B68B7
:10D490000133034A13600023184603B05DF804FB10
:10D4A000B82C0020A82C0020AC2C0020B02C002090
:10D4B000B42C002000B599B0059004910293134656
:10D4C0008DF80F30049BB3F1FF3F0BD0049B002B72
:10D4D00008D0049B5A1E049B1340002B02D1049BCE
:10D4E000B3F5007F002308930023179306AB18467B
:10D4F00000F06AFC00231593049BB3F1FF3F01D0B9
:10D50000049B00E00823149300238DF85B30029BFA
:10D51000002B01D1222333E1029B00221A60059BDC
:10D52000002B03D0079B059A9A4201D3212327E1C0
:10D53000059B073323F0070313932EF0BEFA1290D6
:10D540009DF80F2008AB009300230499139800F076
:10D5500051FC1190089B002B02D0119B002B04D191
:10D5600012982EF09CFA19230AE1119A139B9A4201
:10D570000CBF012300238DF85B30089B5B88DB0028
:10D580001093109A119BD31A0F93089B17937E4BFD
:10D590001B68013B7C4A13600F9B272B40F2AA803B
:10D5A0009DF80F30002B5BD1139B08330A93089B27
:10D5B00015939DF85B3083F00103DBB2002B08D09C
:10D5C000089B1499184620F0F4FA03460893089B28
:10D5D0001793089A0A9B13440B930B9820F079FB3E
:10D5E000089B5A88139B0F33DB089BB2D31A9AB25D
:10D5F0000B9B5A800A9B0733DB089AB20B9B9A80DD
:10D60000089BDB88002B14D0089A089BDB88DB0082
:10D6100013440993089BDA880A9B0733DB089BB203
:10D62000D31A9AB20B9BDA800B9BDA88099B9A80FB
:10D6300002E00B9B0022DA80139B0733DB089AB2CF
:10D64000179B5A80089B9A88179B9A800B9B9A88F5
:10D65000179BDA80002215990B9800F005FD3EE03B
:10D66000089A0F9B13441793179820F032FB119BD5
:10D670000733DB089AB2179B5A800F9B0733DB08EE
:10D680009AB2179B9A80089BDB88002B18D0089AC7
:10D69000089BDB88DB0013440D93089BDB88DA00D2
:10D6A000109BD31A0C93119A0C9B13440733DB087D
:10D6B0009AB2179BDA80179BDA880D9B9A8002E05A
:10D6C000179B0022DA80089B0B930F9B013BDB0822
:10D6D0009AB20B9B5A80179B9A880B9BDA80179AF9
:10D6E000137843F001031370274B1B680133264A5C
:10D6F00013602CE0179B15939DF80F30012B10D170
:10D70000179B08330E930E9B149AB3FBF2F21499F5
:10D7100001FB02F29B1A002B0CBF012300238DF8A2
:10D720005B309DF85B3083F00103DBB2002B04D04B
:10D730001499179820F03DFA1790179A137843F030
:10D740000103137001221599179800F08DFC0F4BFF
:10D750001A68119B13440D4A13600C4B1A680C4B4A
:10D760001B689A4203D9094B1B68094A1360129837
:10D770002EF095F9179B03F10802029B1A60002313
:10D78000184619B05DF804FBB82C0020A82C002026
:10D79000AC2C002000B58DB0019002AB184600F013
:10D7A00013FB019B002B01D1222306E12EF085F90A
:10D7B0000890019B083B0793079B1B7803F001032C
:10D7C000DBB2002B03D0079B5B88002B04D10898A9
:10D7D0002EF065F90123F0E0079B5B880133ADF87B
:10D7E0002E30079B0A9300230993764B1A68079BF8
:10D7F0005B88DB00D31A734A1360734B1B680133D9
:10D80000714A1360079B9B88002B47D0079B9B881E
:10D81000DB005B42079A13440693069BDB881A469B
:10D82000069B5B88D31A0593069B1B7803F00103C4
:10D83000DBB2002B1AD1079B1B7803F00203DBB28B
:10D84000002B13D1059B012B10D8069B0A93069B36
:10D850005A88BDF82E3013449BB20133ADF82E30F8
:10D86000594B1B68013B584A136017E0079B1B7814
:10D8700003F00203DBB2002B10D0069B0A93079B38
:10D880009A88BDF82E301344ADF82E30079A1378DD
:10D890006FF3410313700A9B00229A80079BDB8879
:10D8A000002B3ED0079BDB88DA00079B1A44029BC3
:10D8B0001946039B0B449A4233D2079BDB88DB005B
:10D8C000079A13440993079BDB881A46079B5B88DA
:10D8D000D31A0493099B1B7803F00103DBB2002BDE
:10D8E0001FD1049B012B1CD8099B5A88BDF82E30F0
:10D8F00013449BB20133ADF82E30099B00225A80AD
:10D90000099BDB88002B05D0099BDB88DB00099A8B
:10D91000134400E0002309932B4B1B68013B2A4A68
:10D920001360079A13786FF300031370079B0022AC
:10D930005A80BDF82E30013B9AB20A9B5A800A9A4F
:10D9400013786FF300031370099B002B0CD0099A16
:10D950000A9BD31A0733DB089AB20A9BDA800A9B28
:10D96000DA88099B9A8002E00A9B0022DA80174B32
:10D970001B68002B09D0154B1B680A9A9A4204D3E6
:10D98000124B1B685B88002B02D1104A0A9B136064
:10D990000F4B1B68002B09D00D4B1B680A9A9A424B
:10D9A00004D80B4B1B685B88002B02D1084A0A9BEA
:10D9B000136008982EF073F8002318460DB05DF838
:10D9C00004FB00BFA82C0020B82C0020B02C0020A5
:10D9D000B42C002000B597B003900291019204ABE3
:10D9E000184600F0F1F90023159300231293002349
:10D9F0001493019B002B01D12223E0E1019B002223
:10DA00001A60059B029A9A4201D32123D7E1039B16
:10DA1000002B04D1029B002B01D12123CFE1039BDA
:10DA2000002B07D1019A0021029820F047F81590A9
:10DA3000159BC4E1029B002B05D10398FFF7AAFEBA
:10DA40001590159BBBE12EF038F81190039B083B15
:10DA50001293129B5B88DB001093029B073323F029
:10DA600007030F930F9A109B9A4240F2E78000231E
:10DA70008DF84F30129BDB88002B00F09B80129BAF
:10DA8000DB88DB00129A13441493149B5B88DA0042
:10DA900010990F9BCB1A13440A93149B1B7803F025
:10DAA0000103DBB2002B40F081800A9B002B7DDB61
:10DAB0000A9B1F2B47DD0F9B0833129A13440893D0
:10DAC0000F9B0733DB089AB2129B5A80129B5B882C
:10DAD00001339AB2129BDA80089820F0FAF80A9B78
:10DAE0000733DB089AB2089B5A80129BDA88089B9E
:10DAF0009A80149BDB88002B19D0149BDB88DB00F9
:10DB0000149A13440793149BDA88149B5B88D31AE6
:10DB1000ADF81A30089B5A88BDF81A3013449AB2EF
:10DB2000089BDA80089BDA88079B9A8002E0089BB2
:10DB30000022DA8000221499089800F095FA1498CF
:10DB400020F0C7F82EE0974B1B68013B954A136005
:10DB5000129B5A88149B5B8813449BB201339AB280
:10DB6000129B5A80149BDB88002B10D0149BDB88FF
:10DB7000DB00149A13440993129B5B8801339AB219
:10DB8000129BDA80129BDA88099B9A8002E0129B32
:10DB90000022DA8001221499129800F065FA149894
:10DBA00020F097F8019B039A1A6006E001238DF894
:10DBB0004F3002E001238DF84F309DF84F30002B9D
:10DBC00020D0019A00210F981FF078FF1590159B27
:10DBD000002B04D011982DF062FF159BEFE0019B04
:10DBE0001B68109A039918462AF063F90398FFF707
:10DBF000D1FD1590159B002B04D011982DF04FFFEF
:10DC0000159BDCE09DF84F3083F00103DBB2002B65
:10DC100000F0D1800F9A109BD21A634B1B681344FB
:10DC2000614A1360604B1A68604B1B689A4240F26D
:10DC3000C2805D4B1B685D4A1360BCE00F9A109B6D
:10DC40009A4280F0B580109A0F9BD31A0E9300234E
:10DC50008DF84E30129BDB88002B53D0129BDB8853
:10DC6000DB00129A13441493149B1B7803F00103F6
:10DC7000DBB2002B42D10F9B0833129A13440D9351
:10DC80000F9B0733DB089AB2129B5A80129B5B886A
:10DC900001339AB2129BDA800D9820F01AF80E9B8D
:10DCA0000733DB089AB2149B5B8813449AB20D9B2E
:10DCB0005A80129BDA880D9B9A80149BDB88002B7C
:10DCC00010D0149BDB88DB00149A13440C930D9B3B
:10DCD0005B8801339AB20D9BDA800D9BDA880C9B2E
:10DCE0009A8002E00D9B0022DA80002214990D98A0
:10DCF00000F0BAF914981FF0ECFF06E001238DF84C
:10DD00004E3002E001238DF84E309DF84E30002B4E
:10DD10003BD00E9B272B38D90F9B0833129A134404
:10DD20000B930F9B0733DB089AB2129B5A80129B0E
:10DD30005B8801339AB2129BDA800B981FF0C9FFFF
:10DD40000E9B013BDB089AB20B9B5A80129BDA8830
:10DD50000B9B9A80149B002B0AD00B9B5B88013392
:10DD60009AB20B9BDA800B9BDA88149B9A8002E0B4
:10DD70000B9B0022DA800B4B1B680133094A1360AE
:10DD8000002200210B9800F06FF9019B039A1A60A2
:10DD90000F9A109BD21A044B1B681344024A13605B
:10DDA00009E000BFB82C0020A82C0020AC2C0020DB
:10DDB000019B039A1A6011982DF071FE159B18466D
:10DDC00017B05DF804FB00BF84B00190074B0293CD
:10DDD000074A064BD31A0393019B1A4602AB93E8FA
:10DDE000030082E80300019804B07047C04100209E
:10DDF000008000208CB00390029111461A460B4619
:10DE00008DF8073013468DF8063000230B9300235E
:10DE1000089300230A93029BB3F1FF3F01D0029BBA
:10DE200000E00823079300238DF81B300C9B002291
:10DE30001A609DF80730002B02D1584B1B6801E097
:10DE4000574B1B680B930B9B002B01D10023A1E0C8
:10DE50000B9B5B88DB0009939DF80630002B01D0FB
:10DE6000082300E00023099A1344099388E00B9BE0
:10DE70001B7803F00103DBB2002B55D1099A039BF9
:10DE80009A4251D39DF80730002B2ED10B9B0833BB
:10DE90000893089B079AB3FBF2F2079901FB02F281
:10DEA0009B1A002B0CBF012300238DF81B30089B0D
:10DEB000079AB3FBF2F2079901FB02F29B1A049353
:10DEC0009DF81B30002B05D1039A049B1344099A3B
:10DED0009A4229D39DF81B30002B01D0039B02E00E
:10DEE000039A049B13440A9350E0079B082B02D12A
:10DEF000039B0A9314E00B9B5B880133DB000B9AB6
:10DF000013440593039B5B42059A13440893079BB4
:10DF10005A42089B13400893059A089BD31A0A9308
:10DF2000099A0A9B9A4230D29DF80730002B0CD1F7
:10DF30000B9BDB88002B01D100232BE00B9BDB88A4
:10DF4000DB000B9A13440B930CE00B9B9B88002B7C
:10DF500001D100231EE00B9B9B88DB005B420B9AE8
:10DF600013440B930B9B5B88DB0009939DF80630F1
:10DF7000002B01D0082300E00023099A13440993E1
:10DF80000B9B002B7FF473AF00E000BF0C9B0B9A40
:10DF90001A600A9B18460CB0704700BFB02C0020D6
:10DFA000B42C002000B589B0034600918DF80730ED
:10DFB000002307930023069301238DF81730284B85
:10DFC0001B68002B01D1002346E0009B002B02D0F0
:10DFD000009B07930CE003AB1846FFF7F5FE9DF896
:10DFE0000730002B01D1039B01E01E4B1B680793F8
:10DFF000079B1B7803F00103DBB2002B05D1079BC5
:10E00000069300238DF8173021E09DF80730002B90
:10E010000AD1079BDB88002B06D0079BDB88DB003F
:10E02000079A1344079312E09DF80730012B0BD198
:10E03000079B9B88002B07D0079B9B88DB005B42DC
:10E04000079A1344079302E00023069303E09DF828
:10E050001730002BCCD1069B184609B05DF804FBA5
:10E06000B82C0020B42C002000B585B0039002919C
:10E0700013468DF807309DF80730002B1ED0224B39
:10E080001B68029A9A4202D0029B002B06D1039988
:10E090000020FFF787FF03461B4A13601B4B1B68DA
:10E0A000029A9A4202D0029B002B29D103990120A7
:10E0B000FFF778FF0346154A136021E0124B1B68F7
:10E0C000029A9A4203D1104A039B136007E00E4B59
:10E0D0001B68039A9A4202D20B4A039B13600B4BB4
:10E0E0001B68029A9A4203D1084A039B136007E017
:10E0F000064B1B68039A9A4202D9044A039B136099
:10E1000000BF05B05DF804FBB02C0020B42C00204B
:10E11000BFF34F8F00BF064BDB6803F4E062044996
:10E12000044B1343CB60BFF34F8F00BF00BFFDE72D
:10E1300000ED00E00400FA0582B00190BFF35F8FAC
:10E1400000BF0A4A019B43F001035360084B5B6A1E
:10E15000074A43F480335362BFF34F8F00BFBFF3CE
:10E160006F8F00BF00BF02B0704700BF90ED00E0AE
:10E1700000ED00E0BFF35F8F00BF0A4B5B6A094A06
:10E1800023F480335362084B5B68074A23F0010392
:10E190005360BFF34F8F00BFBFF36F8F00BF00BF4F
:10E1A000704700BF00ED00E090ED00E000B583B0E7
:10E1B00003460A468DF8073013468DF806309DF861
:10E1C00006209DF80730194603481FF09FFD00BF49
:10E1D00003B05DF804FB00BF90ED00E000B585B032
:10E1E000039002910192019B029A039903481FF048
:10E1F000C6FD00BF05B05DF804FB00BF90ED00E078
:10E2000000B585B00023039300230293FFF7B2FF0C
:10E21000A0210020FFF7CAFF4FF000530393294AC3
:10E22000294B9A4204D0284B23F01F03203B00E0E7
:10E23000264B0293039A029B9A4215D8039B23F024
:10E240001F0343F003030193214B1868029B23F043
:10E250001F0343F001031A460199FFF7BFFF1C4B50
:10E260001B6801331A4A1360164A174B9A421CD096
:10E27000144B1F3323F01F030393164B0293039B8E
:10E2800023F01F0343F003030193114B1868029B13
:10E2900023F01F0343F001031A460199FFF79EFF85
:10E2A0000B4B1B6801330A4A13600420FFF744FF3D
:10E2B000BFF34F8F00BFBFF36F8F00BF00BF05B02C
:10E2C0005DF804FB003F0020C03B002000800020E0
:10E2D000BC2C0020E07F002000B58DB0039002919F
:10E2E0000192002309930023089300230B934F4BC3
:10E2F0001B68FF2B01D91A230B93FFF73BFF002369
:10E300008DF82B300023079300230693019B1F2BCE
:10E310007ED9039B03F01F03002B04D0039B23F043
:10E320001F03203300E0039B0993029B03F01F03AC
:10E33000002B03D0029B23F01F0300E0029B0893F5
:10E3400000238DF82A3037E0394A9DF82A3093604F
:10E35000374BDB6823F01F030793354B1B6923F012
:10E360001F030693099A079B9A4209D1089A069BB4
:10E370009A4205D101238DF82B3000230B930CE03A
:10E38000099A069B9A4208D8089A079B9A4204D396
:10E3900001238DF82B3028230B939DF82B30012B74
:10E3A00011D0234B9B68224A23F0FF0393609DF812
:10E3B0002A3001338DF82A309DF82A201B4B1B6828
:10E3C0009A42C1D300E000BF9DF82B30002B1FD133
:10E3D00001210120FFF7EAFE099B23F01F0343F010
:10E3E000030305932DF069FB0490104B1868089BFC
:10E3F00023F01F0343F003031A460599FFF7EEFECF
:10E4000004982DF04CFB094B1B680133074A13603D
:10E410000420FFF791FEBFF34F8F00BFBFF36F8F54
:10E4200000BF0B9B18460DB05DF804FBBC2C002010
:10E4300090ED00E000B585B001900091019B009A3D
:10E440005A602DF020FB0390019B194604481BF0F5
:10E45000CEF803982DF00AFB00BF05B05DF804FB71
:10E46000C02C002000B585B001902DF00CFB03906E
:10E47000019B194604481BF0CCF803982DF0F6FADE
:10E4800000BF05B05DF804FBC02C002008B50248B1
:10E490001BF0A5F800BF08BDC02C002000B583B05C
:10E4A0002DF0F1FA01901E481EF0D3FD1D4B1B7894
:10E4B00083F00103DBB2002B20D00023009300F097
:10E4C0009FFA0090009B002B04D001982DF0CEFA0B
:10E4D000009B21E0FFF7DAFF2DF050F9124B0022EC
:10E4E0001A602CF0B9FD0346104A1360104B5B6FA5
:10E4F0000F4A43F0010353671FF05AFC00F0A8F8DD
:10E500001FF080FC03460B4A1360064B01221A7071
:10E5100001982DF0ABFA0023184603B05DF804FB18
:10E52000D4CE0400B23A0020F02C0020C82C0020E9
:10E5300000400050EC2C002000B585B003468DF85B
:10E5400007302DF0A0FA0390284B1B78FF2B05D144
:10E550009DF8073083F00103DBB2002B234B1B78BF
:10E56000FF2B07D19DF80730002B03D003982DF027
:10E570007DFA38E01D4B1B78002B02D19DF8073047
:10E58000002B1A4B1B78002B0AD19DF8073083F023
:10E590000103DBB2002B03D003982DF067FA22E0D1
:10E5A000134B1B78022B05D99DF8073083F001032C
:10E5B000DBB2002B9DF80730002B01D0012200E0D8
:10E5C000FF220A4B1B781344DAB2084B1A70074B30
:10E5D0001B78002B0CBF01230023DAB2054B1A7005
:10E5E00003982DF043FA05B05DF804FBB43A00201F
:10E5F000B33A0020B53A002082B0034B1B68019368
:10E60000019B184602B07047F02C002082B00190A8
:10E61000074B1B68019A02FB03F303F5742303F213
:10E620003F23044AA2FB03239B0C184602B0704709
:10E63000C82C002083DE1B43044B1B69034A23F0D4
:10E640000403136130BF00BF704700BF00ED00E05E
:10E650002DE9F04F8DB000238DF8243009AB18461A
:10E66000FAF7C8F9002000F035F9904B1B6F03F062
:10E6700007028F4B1A608D4BD3F8003103F0030271
:10E680008C4B1A60894B03F580531A464FF40023D4
:10E690005366864B03F580531A464FF40033536696
:10E6A000854B9B6903F00203002B14BF0123002359
:10E6B000DBB2824A13707E4B1B68032B06D07B4B68
:10E6C000D3F8203103F00303022B01D1012300E032
:10E6D000002303F00103DBB2794A1370784B1B78F7
:10E6E000002B06D1714BD3F8243103F00703022B22
:10E6F00001D1012300E0002303F00103DBB2704AE3
:10E7000013704FF4C870FFF781FF02466D4B1A601B
:10E7100000238DF82F3012E09DF82F10694B1A68F6
:10E72000694B43F82120694B1A68664B1B681A44F1
:10E73000664B1A609DF82F3001338DF82F309DF80D
:10E740002F30092BE8D95D4B1B78002B19D05C4B7F
:10E750001B7883F00103DBB2002B12D0584B1B78DF
:10E76000002B06D1514BD3F8003103F00303012BEA
:10E7700001D1012300E0002303F00103DBB2504A82
:10E7800013704E4B1B78002B00F0838000230A93FC
:10E79000464BD3F8003103F00303032B0ED0032BB9
:10E7A00010D8012B02D0022B04D00BE02BF07CFC04
:10E7B0000A9008E02BF084FC0A9004E02BF07AFC2D
:10E7C0000A9000E000BF0A9B002B62D03A4BDB6846
:10E7D000C3F30B035A1C13469B00134400229846B4
:10E7E000914642464B464FF000004FF00001590160
:10E7F00041EAD261500102460B46B2EB080463EBDA
:10E8000009054FF000024FF000036B0243EAD453B6
:10E81000620214461D4614EB080645EB09074FF04B
:10E8200000024FF00003BB0143EA9663B201911B63
:10E83000069163EB07030793DDE906120B4613EB22
:10E84000080A134643EB090B0A9B013B0022009385
:10E850000192DDE900120B461AEB03030293134603
:10E860004BEB030303930A9B002204930592DDE91B
:10E870000423DDE9020114F0FBF802460B461346BF
:10E880001846FFF7C3FE0246114B1B681344104A9B
:10E8900013601F20FFF7BAFE02460D4B1B6813449E
:10E8A0000B4A136000BF0DB0BDE8F08F0080005030
:10E8B000002D0020FC2C002000C00150BF3A002099
:10E8C000BE3A0020382D00200C2D0020342D0020D1
:10E8D000042D002000B585B003468DF807301D4B90
:10E8E0001B789DF807209A4230D000238DF80C3019
:10E8F00002238DF80D309DF80730002B03D0022342
:10E900008DF80D3002E000238DF80D3003AB184672
:10E91000FAF782F89DF80730002B09D04020FFF766
:10E9200075FE02460C4B1B689B1A0B4A136008E0ED
:10E930004020FFF76BFE0246074B1B681344064A54
:10E940001360044A9DF80730137000E000BF05B063
:10E950005DF804FB97410020042D002008B51E4BF4
:10E9600003F580531A46012353671C4B1B78002B79
:10E9700030D002202DF0F4FA0346002B2AD02CF0E0
:10E98000C3FC0346002B25D0134B9B6D03F480334F
:10E99000002B05D0124B1B6803F00203002B18D18B
:10E9A0000D4B9B6D03F00103002B12D10D4B012287
:10E9B0001A702DF0FEF903460B4A13600B4B1B6FC8
:10E9C00023F00703094A43F0030313672DF016F9F8
:10E9D00000E000BF08BD00BF00C00050BE3A0020EC
:10E9E0005CC00050C13A0020082D0020008000507B
:10E9F000024B01221A7000BF704700BFBE3A0020D0
:10EA000030B583B02DF059F801901E4B1B7883F080
:10EA10000103DBB2002B2ED01B4B00221A601B4BD4
:10EA200000221A601A4B00221A6000F03FF8012001
:10EA30002DF0CFFA2CF008FF0346164A1360154B51
:10EA40001B68002B04D101982DF029F8232316E030
:10EA5000104B1B6800221C46154622462B460E48CA
:10EA600040F2E73114F004F802460B460B4B1A60F3
:10EA7000044B01221A7001982DF011F8002318465A
:10EA800003B030BDC33A0020442D0020482D0020A3
:10EA90003C2D0020402D002018FCFFFF4C2D0020B5
:10EAA000014B1B68184670474C2D002000B585B0FF
:10EAB0001F4A02AB92E803001860043319801D4A14
:10EAC0006B4692E803001860043319701A481EF070
:10EAD000C0FA00238DF8083000201FF037FA0346F3
:10EAE000DBB28DF80C3002AB18461DF061FC002340
:10EAF0008DF800306B4619460120FAF78BFD40F285
:10EB0000FF301FF0EEF940F2FF301FF0DEF9002079
:10EB10001FF0CAF901201DF015FC0C20FDF7F6FCD2
:10EB20000C201EF034FB00BF05B05DF804FB00BFF5
:10EB300038CF040040CF0400D8CE040000B587B021
:10EB400001902DF08FFA0346154AA2FB03239B097F
:10EB50000593059B002B1DD0124A059BB2FBF3F3D6
:10EB60000493049B002B17D0019B4FF47A7203FB94
:10EB700002F2049BB2FBF3F30393039B0A4AA2FB4A
:10EB800003235B080293029B002B06D00298F3F745
:10EB900077FC02E000BF00E000BF07B05DF804FBB7
:10EBA000D34D621040420F00ABAAAAAA08B5044A8E
:10EBB000044905480CF0EEFE0346184608BD00BFA8
:10EBC000C8CF040070CF040048CF0400024B4FF0C0
:10EBD00080525A6000BF704700ED00E000B585B07C
:10EBE00001900091019B002B02D0009B002B01D1D2
:10EBF000212325E0144B1B68144A1268114618465D
:10EC0000F7F72EFB0390039B002B07D10E4B1868E0
:10EC10000623009A0E49F7F7B5FC0390039B002BDF
:10EC20000DD1094B18680123019A0A49F7F7AAFC8C
:10EC30000290029B002B02D0019B00221A70039BC2
:10EC4000184605B05DF804FBC43F0020E43F0020F7
:10EC50002C0004003C00040082B001230193034A0D
:10EC6000019B936000BF02B0704700BF0020025CB0
:10EC7000014BDB68184670470020025C86B00390A9
:10EC800002910192009300230593019B1B0403F45E
:10EC90007022029B1B0203F470631A43039B03F070
:10ECA0000F031A43009B1B0603F070631343059385
:10ECB000024A059B136000BF06B070470020025C4B
:10ECC00000B587B003900291019200934FF000438A
:10ECD0000493029B002B03D0029B013B059301E0B0
:10ECE00000230593059BB3F5806F01D301231FE03B
:10ECF00000BF1FF019FA0346002BFAD1049A039BB8
:10ED000013430493059B1A020B4B1340049A1343BD
:10ED10000493019B1B0703F08053049A134304934D
:10ED2000049A009B13430493044A049B53600023FA
:10ED3000184607B05DF804FB00FF03000020025CEA
:10ED4000014B1B68184670470040025C014B1B6872
:10ED5000184670470410025C014B1B681846704748
:10ED60003010025C014B1B68184670470010025CB3
:10ED700082B00190024A019B136000BF02B070474D
:10ED80000810025C82B00190024A019B136000BF30
:10ED900002B070474010025C82B003468DF8073025
:10EDA000034A9DF80730136000BF02B0704700BFF0
:10EDB0004410025C82B00190024A019B136000BFC4
:10EDC00002B070473410025C024B00221A6000BF90
:10EDD000704700BF0010025C08B5FFF7C3FF034691
:10EDE000024A43F00103136000BF08BD0010025C3B
:10EDF00008B5FFF7B7FF0346024A23F0010313608B
:10EE000000BF08BD0010025C024B43F204021A600E
:10EE100000BF70470010025C08B5FFF7A3FF034670
:10EE2000024A43F03003136000BF08BD0010025CCB
:10EE300008B5FFF797FF0346064A43F48073136053
:10EE4000FFF790FF0346034A23F48073136000BF6B
:10EE500008BD00BF0010025C08B5FFF783FF034642
:10EE6000024A43F48063136000BF08BD0010025CD7
:10EE700000B583B003468DF80730FFF773FF0346F4
:10EE800023F470229DF807301B04034913430B60E1
:10EE900000BF03B05DF804FB0010025C82B001907B
:10EEA0000A4B1A68019B1A60094A019B04331268D5
:10EEB0001A60084A019B083312681A60064A019BCF
:10EEC0000C3312681A6000BF02B070471010025C69
:10EED0001410025C1810025C1C10025C82B00190DD
:10EEE0000A4A019B1B681360019B0433084A1B6894
:10EEF0001360019B0833074A1B681360019B0C33A6
:10EF0000054A1B68136000BF02B070471010025C16
:10EF10001410025C1810025C1C10025C00B583B077
:10EF2000019000BFFFF718FF034603F00103002B19
:10EF3000F8D1034A019B136000BF03B05DF804FBE6
:10EF40002010025C82B0044B0193019B01221A60E5
:10EF500000BF02B0704700BFFCFFFF3F00B583B0A9
:10EF600001900091019907481FF047FA009906485F
:10EF70001FF043FA054B03221A6000BF03B05DF88F
:10EF800004FB00BF0000025C1000025C3400025C65
:10EF900082B010B586B001AC84E807000993029BEB
:10EFA0000C9A934228BF13460593039B03F08053AA
:10EFB000002B04D0059B033323F003030593059B2B
:10EFC00023F070430593099B194613481FF015FA67
:10EFD0000B9B03F0E042059B1343104A43F00053A0
:10EFE00013600F4B00221A60019B19460D481FF059
:10EFF00004FA039B03F0E042059B13430A4A43F0E3
:10F0000000531360094B00221A6000BF06B0BDE830
:10F01000104002B0704700BF0000025C0800025CB4
:10F020000C00025C1000025C1800025C3400025C00
:10F03000054B3F221A60054B10221A60044B032235
:10F040001A6000BF704700BF3000025C1C00025C09
:10F050003800025C00BF044B1B6803F00203002B66
:10F06000F9D100BF00BF70473C00025C054B1B6834
:10F0700003F02403002B01D0042300E000231846F2
:10F08000704700BF2800025C82B0084B1B680193E8
:10F09000019B23F47F4323F0EF03002B01D00423D3
:10F0A00000E00023184602B0704700BF3C00025C3D
:10F0B00082B001900091019B5B68202B22D0202B15
:10F0C0002FD8102B02D0182B0DD02AE0264B1B680E
:10F0D00003F08073002B01D1012342E0009B1A68EA
:10F0E000009B1A601FE0204B1B6803F00073002B8D
:10F0F00001D1012335E0009B1B6843F00802009B0F
:10F100001A6010E0184B1B6803F08063002B01D1DC
:10F11000012326E0009B1B6843F00402009B1A6059
:10F1200001E007231DE0019B1B68104A934209D1AF
:10F13000009B1B6843F04002009B1A60019B002269
:10F140005A600DE0019B1B68094A934208D1009B5D
:10F150001B6843F08002009B1A60019B00225A60EA
:10F160000023184602B070470404025CC63A00202F
:10F17000C73A002000B587B00590049103920A4B6E
:10F180001B6803F00103002B01D1012308E0039B5E
:10F190000093049B059A0021002000F05DF80346CF
:10F1A000184607B05DF804FB0404025C00B585B0A6
:10F1B000039002910192094B1B6803F48073002BAA
:10F1C00001D1012306E0019B029A0399002000F07F
:10F1D0008DF80346184605B05DF804FB0404025C94
:10F1E00000B587B005900491039202930A4B1B6807
:10F1F00003F48073002B01D1012308E0029B0093EC
:10F20000039B049A0599002000F0A6F803461846CF
:10F2100007B05DF804FB00BF0404025C00B587B0D2
:10F2200005900491039202930A4B1B6803F48073C8
:10F23000002B01D1012308E0029B0093039B049A59
:10F240000599002000F0C2F80346184607B05DF8A3
:10F2500004FB00BF0404025C00B591B00A9209935C
:10F2600003468DF82F300B468DF82E30099B5B68D6
:10F2700003F00F03002B09D1099B5B68002B05D01D
:10F28000129B5A68099B5B689A4201D0072325E0CC
:10F290009DF82E30134A52F8233043F480730F93B5
:10F2A000114A0CAB07CA83E807000CAA9DF82F008F
:10F2B0000CAB07930CAB06930CAB05930CAB049310
:10F2C0000CAB0393129B0293099B01930CAB00932D
:10F2D00013460A9A0F991FF07AF90346184611B09F
:10F2E0005DF804FB1CD0040010D0040000B591B000
:10F2F0000A910992089303468DF82F30089B5B68AA
:10F30000102B01D0072320E04FF480330F93114AD4
:10F310000CAB07CA83E807000CAA9DF82F000CABC2
:10F320000793089B06930CAB05930CAB04930CABB3
:10F3300003930CAB0293099B01930CAB0093134610
:10F340000A9A0F991FF043F90346184611B05DF869
:10F3500004FB00BF10D0040000B591B00A910992DF
:10F36000089303468DF82F30164B0F93089B5B686C
:10F37000102B03D1129B5B68102B01D007231DE0DB
:10F38000114A0CAB07CA83E807000CAA9DF82F00AE
:10F39000129B07930CAB06930CAB05930CAB049339
:10F3A0000CAB03930CAB0293099B0193089B009356
:10F3B00013460A9A0F991FF00AF90346184611B02E
:10F3C0005DF804FB3000010010D0040000B591B0DE
:10F3D0000A910992089303468DF82F30164B0F932C
:10F3E000089B5B68102B03D1129B5B68102B01D02C
:10F3F00007231DE0114A0CAB07CA83E807000CAADB
:10F400009DF82F000CAB0793129B06930CAB059352
:10F410000CAB04930CAB03930CAB0293099B0193CD
:10F42000089B009313460A9A0F991FF0D0F80346E1
:10F43000184611B05DF804FB1000010010D0040064
:10F4400082B010B588B003AC84E807000B93149B1E
:10F45000202B01D9012371E00499149A13469B00D3
:10F460001344994207D00499149A13465B0013443D
:10F470005B0099420DD10C9B149A9A4209D10F9AC4
:10F48000149B5B009A4204D1129A149B5B009A422F
:10F4900001D0072352E0159B012214992220FFF787
:10F4A0000FFC0790079B002B01D0079B46E0002331
:10F4B00006220E210C20FFF7E1FB0123019301231B
:10F4C0000093149B03AA07CA1EF056FF0E23009355
:10F4D000149B0BAA07CA1EF043FE0C230093149B37
:10F4E0000EAA07CA1EF081FE174B0693069B5B68A7
:10F4F00023F07F0343F02602069B5A601EF030FF84
:10F500000790079B002B01D0062317E0069B5B6842
:10F5100023F07F0343F02202069B5A601EF020FF77
:10F520000790079B002B01D0062307E006230093DA
:10F53000149B11AA07CA1EF0A5FE0023184608B0A6
:10F54000BDE8104002B070470020025C30B59BB0AF
:10F550002E4B08AC1D460FCD0FC40FCD0FC40FCDE1
:10F560000FC495E80F0084E80F00294B04AC0FCBC3
:10F5700084E80F00274B6C460FCB84E80F00002374
:10F580001893FFF755FC0420FFF772FCFFF73CFCD3
:10F590006B461846FFF7A2FC002319930BE0199B5A
:10F5A0009B0068336B4453F8483C1846FFF7B6FCA1
:10F5B000199B01331993199B0F2BF0D900BFFFF74B
:10F5C000C5FB0346032BFAD9FFF7FEFB0023199373
:10F5D0000FE0FFF7B5FB0246199B9B0068336B44B5
:10F5E00053F8583C5340189A13431893199B01330E
:10F5F0001993199B032BECD9189B002B01D00623E0
:10F6000000E0002318461BB030BD00BFF8D0040056
:10F6100038D1040048D1040000B585B00190019BA9
:10F62000002B0AD0FFF792FF0390039B002B04D01E
:10F630000E4B01221A70062314E0FFF7F9FB082095
:10F64000FFF796FB0020FFF79DFB0720FFF7A4FBC9
:10F650004FF40070FFF7AEFB0820FFF709FCFFF73F
:10F66000BBFB0023184605B05DF804FBC83A002038
:10F6700000B587B01FF071FB0590059B002B04D0EF
:10F68000114B01221A7006231AE0FFF759FB0346BB
:10F690000193FFF755FB03460293FFF751FB034627
:10F6A0000393FFF74DFB0346049301AB1846FFF7A6
:10F6B00015FC1FF086FBFFF7AFFBFFF7CDFB002328
:10F6C000184607B05DF804FBC83A0020024B01223F
:10F6D0001A7000BF704700BFC93A002030B585B02E
:10F6E00001900091009B002B15D00C4B1B68009AD9
:10F6F000002101989847009B1A46013A0392002284
:10F700001C4615464FF000024FF00003EB0043EAA1
:10F710005473E200019B00BF05B030BDF83F0020EC
:10F7200082B00D4B5B78022B0CBF01230023DBB2B0
:10F730008DF807309DF80730002B05D0064B1B785D
:10F74000072B01D1012300E000238DF807309DF83D
:10F750000730184602B07047502D002082B001904B
:10F760000B46ADF80230019A184B1340B3F1607F9D
:10F7700006D1BDF80230B3F5885F01D1002322E045
:10F78000019A124B1340B3F1707F1AD1BDF80230C9
:10F7900003F4E043B3F5005F13D1BDF8023003F486
:10F7A000E043B3F5005F0CD1BDF802301B0A9BB2F9
:10F7B00003F00703012202FA03F3012B01D900230E
:10F7C00001E06FF08603184602B070470000C07F6A
:10F7D00000B587B0034602910192ADF80E30019A50
:10F7E000029B9A4201D101235DE2019B23F0FF03BA
:10F7F000974A934221D0019B23F0FF03954A9342FD
:10F800001BD0019B23F0FF03934A934215D0019B29
:10F8100023F4FF7323F00103B3F1062F0DD0019BF6
:10F8200023F0FF038D4A934207D0019B23F4FF731B
:10F8300023F001038A4A93423BD1029B23F0FF034A
:10F84000834A934221D0029B23F0FF03814A9342D3
:10F850001BD0029B23F0FF037F4A934215D0029BEB
:10F8600023F4FF7323F00103B3F1062F0DD0029BA5
:10F8700023F0FF03794A934207D0029B23F4FF73DE
:10F8800023F00103764A934213D1029BDBB2002B93
:10F890000FD0029BDBB243F00073724A934208D14F
:10F8A000029A019B5340FF2B94BF01230023DBB23C
:10F8B000F9E1029B03F0FE43B3F1A06F1FD1019B5E
:10F8C00003F0FE43B3F1A06F19D1029A019B53409C
:10F8D00023F47E13002B12D1029B03F40043002B70
:10F8E0000DD0029B1B0C03F03F02019B1B0C03F08D
:10F8F0003F039A4294BF01230023DBB2D3E1029B72
:10F9000003F0FE43B3F1407F40F0AA81019B03F076
:10F91000FE43B3F1407F40F0A381029A019B534024
:10F9200023F47E13002B40F09B81BDF80E30194666
:10F930000298FFF713FF0346002B01D00023B2E12A
:10F94000019B03F47C13002B04D0019B1B0C03F0E0
:10F950003F03BFE0019A444B1340B3F1607F40F096
:10F960009F80019BDBB243F00073404A93426DD00D
:10F97000019BDBB243F000733D4A934264D0019B8C
:10F98000DBB243F000733B4A93425BD0019BDBB296
:10F9900043F00073384A934252D0019BDBB243F0EC
:10F9A0000073364A934249D0019BDBB243F00073A7
:10F9B000334A934240D0019BDBB243F00073314A9B
:10F9C000934237D0019BDBB243F000732E4A93423F
:10F9D0002ED0019BDBB243F000732C4A934225D01A
:10F9E000019BDBB243F00073294A93421CD0019B78
:10F9F000DBB243F00073274A934213D0019BDBB282
:10FA000043F00073244A93420AD0019BDBB243F0D7
:10FA10000073224A934201D140235BE0002359E066
:10FA2000302357E0202355E01C2353E0202351E0EE
:10FA30001C234FE040234DE030234BE0202349E0DE
:10FA40001C2347E0142345E0142343E0102341E046
:10FA5000000300060013000600020006000900066D
:10FA600000040006FF0000020000C07F0300000247
:10FA70000400000205000002080000020900000264
:10FA80000A0000020B0000020C0000020D00000240
:10FA90001000000211000002120000021300000218
:10FAA000019A834B1340B3F1707F12D1BDF80E3031
:10FAB00003F4E043B3F5005F09D1BDF80E301B0A33
:10FAC0009BB203F00703012202FA03F302E00023D2
:10FAD00000E000230593019A754B1340B3F1607F5A
:10FAE00076D1019BDBB243F00073724A93426DD032
:10FAF000019BDBB243F000736F4A934264D0019BD9
:10FB0000DBB243F000736D4A93425BD0019BDBB2E2
:10FB100043F000736A4A934252D0019BDBB243F038
:10FB20000073684A934249D0019BDBB243F00073F3
:10FB3000654A934240D0019BDBB243F00073634AB5
:10FB4000934237D0019BDBB243F00073604A93428B
:10FB50002ED0019BDBB243F000735E4A934225D066
:10FB6000019BDBB243F000735B4A93421CD0019BC4
:10FB7000DBB243F00073594A934213D0019BDBB2CE
:10FB800043F00073564A93420AD0019BDBB243F024
:10FB90000073544A934201D1402333E0002331E003
:10FBA00030232FE020232DE01C232BE0202329E00D
:10FBB0001C2327E0402325E0302323E0202321E0FD
:10FBC0001C231FE014231DE014231BE0102319E065
:10FBD000019A374B1340B3F1707F12D1BDF80E304C
:10FBE00003F4E043B3F5005F09D1BDF80E301B0A02
:10FBF0009BB203F00703012202FA03F302E00023A1
:10FC000000E000230493029B1B0C03F03F03002B36
:10FC100007D1059A049B9A420CBF01230023DBB253
:10FC200041E0019B1B0C03F03F03002B08D1029B1A
:10FC30001B0C03F03F03049A9A4201D1012332E0E6
:10FC4000029B03F40043002B0AD0029B1B0C03F021
:10FC50003F03059A9A422CBF01230023DBB222E026
:10FC6000029B03F0FE43B3F1106F1BD1029B23F004
:10FC70001F6323F4702343F00063B3F1006F11D1CD
:10FC8000019B03F0FE43B3F1106F0BD1019A164BA9
:10FC9000134043F01063029A9A420CBF01230023E1
:10FCA000DBB200E00023184607B05DF804FB00BF9C
:10FCB0000000C07F030000020400000205000002F3
:10FCC00008000002090000020A0000020B00000206
:10FCD0000C0000020D0000021000000211000002E2
:10FCE00012000002130000020000FFF600B585B00C
:10FCF00003900B460192ADF80A30019B002B02D114
:10FD00006FF08603A9E0019B23F0FF03554A93425D
:10FD100021D0019B23F0FF03534A93421BD0019B48
:10FD200023F0FF03514A934215D0019B23F4FF7344
:10FD300023F00103B3F1062F0DD0019B23F0FF0345
:10FD40004B4A934207D0019B23F4FF7323F0010336
:10FD5000484A93423DD1019BDBB2002B39D0019B35
:10FD600023F0FF033F4A934221D0019B23F0FF037E
:10FD70003D4A93421BD0019B23F0FF033B4A934231
:10FD800015D0019B23F4FF7323F00103B3F1062F79
:10FD90000DD0019B23F0FF03354A934207D0019B0E
:10FDA00023F4FF7323F00103324A93420CD1019BE9
:10FDB000DBB2002B08D0019BDBB243F000732E4A6C
:10FDC000934201D1012300E0002303F00103DBB2E1
:10FDD00024E0019B03F0FE43B3F1407F08D1019B77
:10FDE00003F40043002B14BF01230023DBB215E012
:10FDF000019B03F0FE43B3F1A06F08D1019B03F414
:10FE00000043002B14BF01230023DBB206E0019B5B
:10FE1000194A93420CBF01230023DBB2002B02D00E
:10FE20006FF0860319E0039B5968BDF80A30019A08
:10FE30001846FFF7CDFC0346002B0AD1039B9968B7
:10FE4000BDF80A30019A1846FFF7C2FC0346002BA2
:10FE500001D0002301E06FF08403184605B05DF87F
:10FE600004FB00BF000300060013000600020006AA
:10FE70000009000600040006FF00000200B589B07A
:10FE80000390029101926FF09603079302981EF07F
:10FE9000D8FF0346ADF81A3002981EF0D9FF05903E
:10FEA000039B03F0FE43B3F1407F02D06FF0860363
:10FEB0007CE1BDF81A3019460398FFF74FFC079014
:10FEC000079B002B01D0079B70E1039B03F47C137D
:10FED000002B06D0039B1B0CDBB203F03F03DBB20D
:10FEE00097E0039A9C4B1340B3F1607F76D1039B5C
:10FEF000DBB243F00073994A93426DD0039BDBB2AF
:10FF000043F00073964A934264D0039BDBB243F004
:10FF10000073944A93425BD0039BDBB243F00073BF
:10FF2000914A934252D0039BDBB243F000738F4A55
:10FF3000934249D0039BDBB243F000738C4A934257
:10FF400040D0039BDBB243F000738A4A934237D020
:10FF5000039BDBB243F00073874A93422ED0039B8E
:10FF6000DBB243F00073854A934225D0039BDBB29A
:10FF700043F00073824A93421CD0039BDBB243F0F0
:10FF80000073804A934213D0039BDBB243F00073AB
:10FF90007D4A93420AD0039BDBB243F000737B4A55
:10FFA000934201D1402334E0002332E0302330E09B
:10FFB00020232EE01C232CE020232AE01C2328E011
:10FFC000402326E0302324E0202322E01C2320E0ED
:10FFD00014231EE014231CE010231AE0039A5E4B46
:10FFE0001340B3F1707F13D1BDF81A3003F4E0432E
:10FFF000B3F5005F0AD1BDF81A301B0A9BB203F0BB
:020000022000DC
:100000000703012202FA03F3DBB202E0002300E05F
:100010000023019A1370019B1B78032B02D86FF009
:100020008503C3E0019B1B781946039A4A4B134092
:10003000B3F1607F76D1039BDBB243F00073474A94
:1000400093426DD0039BDBB243F00073444A93426A
:1000500064D0039BDBB243F00073424A93425BD00F
:10006000039BDBB243F000733F4A934252D0039BA1
:10007000DBB243F000733D4A934249D0039BDBB2AD
:1000800043F000733A4A934240D0039BDBB243F003
:100090000073384A934237D0039BDBB243F00073BE
:1000A000354A93422ED0039BDBB243F00073334AB0
:1000B000934225D0039BDBB243F00073304A934256
:1000C0001CD0039BDBB243F000732E4A934213D043
:1000D000039BDBB243F000732B4A93420AD0039B8D
:1000E000DBB243F00073294A934201D1402350E030
:1000F00000234EE030234CE020234AE01C2348E05C
:10010000202346E01C2344E0402342E0302340E02B
:1001100020233EE01C233CE014233AE0142338E083
:10012000102336E0039A0C4B1340B3F1707F2FD1AC
:10013000BDF81A3003F4E043B3F5005F09D1BDF810
:100140001A301B0A9BB203F00703012202FA03F3E1
:100150001FE000231DE000BF0000C07F030000027D
:10016000040000020500000208000002090000026D
:100170000A0000020B0000020C0000020D00000249
:100180001000000211000002120000021300000221
:1001900000238B4202D26FF0860307E0019B1B789D
:1001A000142B02D96FF0850300E00023184609B034
:1001B0005DF804FB00B585B001900091FFF7B0FA3F
:1001C0000346002B02D16FF0880315E00023029351
:1001D00002AB009A01990A481CF096FE0390039B1B
:1001E000002B01D0039B07E0029B009A9A4202D0A9
:1001F0006FF0930300E00023184605B05DF804FBA0
:10020000542D002070B596B00B900A910992089376
:100210006FF0960315936FF09603129300231093DB
:100220000023149300231193002313930A9B03F0DC
:10023000FE43B3F1806F03D06FF086031593A0E007
:1002400010A90A9B4FF480720B981FF068F9159063
:10025000159B002B40F09280109B1B8803F4E04319
:10026000B3F5005F35D1109B1B881B0A9BB203F0CE
:100270000703012202FA03F3012B2AD90A9B554AEC
:10028000934213D00A9B544A93420FD00A9B534A7D
:1002900093420BD00A9B524A934207D00A9B514A81
:1002A000934203D00A9B504A934212D1109B1B8861
:1002B00003F4E043B3F5005F09D1109B1B881B0AD0
:1002C0009BB203F00703012202FA03F314E00023B8
:1002D00012E0109B1B8842F20402934203D10A9B56
:1002E000424A934207D00A9B414A934201D10D23CF
:1002F00002E0002300E00C231493149B102B03D97D
:100300006FF0830315933CE0149B002B10D01B9AD5
:10031000149B9A4203D26FF08903159331E00CAB22
:1003200014991846FFF746FF1590159B002B27D10F
:10033000099B11931A9B1393109B1E46109B1C6ADA
:10034000109B5D6A149913981EF054FD01461B9A88
:10035000149BD31A1C9A069205930491089B03934D
:10036000119B0293149B01930CAB00930A9B2A46AA
:10037000214630461EF041FE159002E000BF00E02D
:1003800000BF109B184620F006FC1290159B002B16
:1003900001D1129B1593159B002B0FD1149B002BA1
:1003A00005D00CAB149A1946139827F082FD1C9BBC
:1003B0001A68149B1A441C9B1A6002E01C9B0022C2
:1003C0001A600023119300231393159B184616B04F
:1003D00070BD00BF0010C0040011C0040012C004B2
:1003E00000FF40040040400400414004000180043C
:1003F0000013C00400B585B003900291029B0093E6
:1004000000230022044903981FF0BEFF034618464C
:1004100005B05DF804FB00BF58D1040008B51D4BC2
:100420001B7803F00403002B06D01A4B1B7823F033
:100430000403DAB2174B1A70164B1B7803F0020351
:10044000002B08D000F002F9124B1B7823F00203B6
:10045000DAB2104B1A700F4B5B78002B02D00E48AB
:100460001FF00EFF0B4B00225A7008210A48FFF7BD
:1004700035F9084B1B7803F00103002B08D01EF060
:1004800000FD044B1B7823F00103DAB2014B1A7014
:1004900000BF08BD502D0020542D002000B585B0B0
:1004A00003468DF807300023039300238DF80B30AB
:1004B0009DF80730013B032B5BD801A252F823F0D3
:1004C000D1040200F30402001505020053050200E6
:1004D000304B1B7803F00103002B4ED11EF0BFFC04
:1004E00003902C4B1B7843F00103DAB2294B1A70AE
:1004F00043E0284B1B7803F00203002B3FD100F0B0
:100500009BF80390234B1B7843F00203DAB2214B94
:100510001A7034E01F4B1B7803F001038DF80B3089
:100520001C4B5B78002B2CD19DF80B30002B28D076
:1005300019481FF099FE174B01225A7016481FF0F8
:10054000ABFE0390039B002B1BD1124B02225A706F
:1005500017E0104B1B7803F00403002B13D10D4B55
:100560001B7843F00403DAB20A4B1A70002303939A
:1005700009E06FF09603039306E000BF04E000BFBC
:1005800002E000BF00E000BF039B184605B05DF825
:1005900004FB00BF502D0020542D002082B001909C
:1005A000019BB3F1804F05D3019B044A934201D8CC
:1005B000012300E00023184602B07047030000400A
:1005C00082B0054B93F8A0308DF807309DF80730C6
:1005D000184602B0704700BF5C2D002082B0019029
:1005E000019B03F1404213469B001344DB00024A87
:1005F0001344184602B070475C2D002082B0019071
:10060000019A13469B001344DB00024A1344184628
:1006100002B070475C2D002082B001900091009ADA
:1006200013469B001344DB00024A1344184602B0F1
:10063000704700BF5C2D0020034B012283F8A020EF
:1006400000231846704700BF5C2D002000B585B020
:10065000002303931DE00023029310E00299039806
:10066000FFF7DAFF0190019B0122DA61019B03226F
:100670001A7601981EF0B9FF029B0133029303988A
:1006800020F033F90246029B9342E7D3039B0133E8
:100690000393039B002BDED0034B002283F8A020A2
:1006A00000BF05B05DF804FB5C2D002000B589B0EB
:1006B000019000916FF096030793FFF781FF0346C7
:1006C000002B03D16FF08803079366E000230493A7
:1006D000049B05930023069322E006990020FFF770
:1006E0009BFF0390039B1B7E002B02D1039B059372
:1006F00019E0049B002B10D1039B1B7E022B0CD115
:10070000039820F0AAF80346002B06D1039B5B68F0
:10071000DBB2002B01D0039B0493069B01330693AD
:10072000069B032BD9D9059B002B0ED1049B002BD4
:100730000BD0049B0593059820F0B4F805981EF0A3
:1007400054FF0790079B002B24D1059B002B1DD045
:1007500001220021059820F08CF80790079B002BC0
:100760001AD1019B002B0CD0059B104A9B1ADB1061
:100770000F4A02FB03F30693069B03F18042019BA1
:100780001A60009B059A1A6000230AE06FF08C0340
:10079000079302E000BF00E000BF009B00221A6048
:1007A000079B184609B05DF804FB00BF5C2D0020D4
:1007B000CDCCCCCC00B595B00390029101920093C2
:1007C000009B0F930F9B08223349184627F071FBBB
:1007D0000F9B0833119300230493049A119B1A6012
:1007E00000BF0F9B03F10C02019B5B681092059305
:1007F000059A109B1A6000BF0F9B1033019A128854
:1008000012931346ADF81830BDF81820129B1A80C9
:1008100000BF0F9B1233019A528813931346ADF811
:100820001A30BDF81A20139B1A8000BF0F9B03F1EA
:100830001402019B9B680E920793079A0E9B1A6005
:1008400000BF0F9B14331A1D019BDB680D920893A8
:10085000089A0D9B1A6000BF0F9B143303F1080226
:10086000019B1B690C920993099A0C9B1A6000BFAB
:100870000F9B20330B93029B0A930A9A0B9B1A60DF
:1008800000BF0F9B2433029A0399184627F011FBEF
:1008900000BF15B05DF804FB5CD1040000B583B067
:1008A000019008220749019827F0CEFA0346002B51
:1008B00002D06FF0980300E00023184603B05DF803
:1008C00004FB00BF5CD10400F7B505466B46164635
:1008D000174A0C461068516803C395F82A3008334C
:1008E0006B4413F8087CB5F84830DA0609D433466F
:1008F00022463946284620F0F4FB00F5FA7003B092
:10090000F0BD204627F0ECFEB5F8483000F10A04AF
:100910009B074FEAC40405D0304627F0E1FE04F5FA
:100920000C740444E823781E584304FB0700E4E7F2
:1009300064D104009422144B10B51C68002102FB02
:100940000044204627F0AAFA104B04F108001B6867
:100950000021DB78637621F0E7FC4FF00823636227
:10096000072384F82A30236A094A43F013032362D9
:10097000084B2046A364084BC4E91D32C4E9213268
:10098000BDE8104020F0D5BB002E0020C42E002072
:10099000555555001300FFFFD6BE898EF0B5104B9C
:1009A00002461E6893F804C035464FF0FF3400231A
:1009B0009C4508DC91B1631C10D0942303FB0460B8
:1009C00080F84A20F0BD95F84A7028469742F9D041
:1009D000FF2F08BF1C4694350133E9E70020F1E7FB
:1009E000002E002070B50446234D002842D0083068
:1009F00001F00EFE0026FF2304F1300084F84A3097
:100A0000E66127F0E8FD04F1340027F0E4FD04F18D
:100A1000380027F0E0FD04F13C0027F0DCFD04F194
:100A2000540027F0D8FD2868144B201A8010584332
:100A3000C0B220F034FB0146304620F02BFB606C46
:100A400010B100F077FF6664A06E18B120F044FB8F
:100A50000023A366E06E20F04CFB0023E36670BD2C
:100A6000286806FB0400FFF7BDFF01342B79A34281
:100A7000F6DCF4E79426F9E7002E0020AD1B4C913C
:100A8000F7B5044623F038FAC0F30F23542B3ED9B0
:100A9000AA2B34BF01230223C0B27E288CBF0222BE
:100AA000012203218DF804301344B3FBF1F000EB75
:100AB00040001B1A8DF805301344B3FBF1F202EB32
:100AC00042029B1A8DF80630002318461D461A462E
:100AD000104901AF4B7517F8016B44FA06FC1CF086
:100AE000010F06D053009E40012330430132C0B2B3
:100AF000D2B20135EDB2032DEDD103B148754B7D76
:100B000043EA82134B75FF230B7503B0F0BD00233E
:100B1000C2E700BF002E0020064B1B68D97ADA78A6
:100B2000437E5B1A9342A8BFDAB20021427620F0DE
:100B30003CBB00BFC42E0020B0F864302BB98368E2
:100B400013F4601F08BFA0F8643011B1012913D05D
:100B500070474369417E23F010034361084B1A68D4
:100B6000D37A92780B449342D8BFDAB2C369427603
:100B700023B1012120F019BBFFF7CEBF704700BFA2
:100B8000C42E00202DE9F0410025354E8AB033797E
:100B9000AB4203DC01200AB0BDE8F0819423346845
:100BA00003FB054494F84A30FF2B0DD0236A9801CB
:100BB00006D504F15408404627F08AFD074628B9B7
:100BC000226A12F0A06F1ED10135E0E7BB7908A9B7
:100BD0000C333B44D8689A7A1B8AC2F38012ADF872
:100BE000243000238DF81F2008901A460DF11F00B5
:100BF00020F085FA38469DF81F2094F84A1008AB7B
:100C000021F025FCD7E7B4F848301D2B18D13C2340
:100C1000FF210020CDE90431CDE902000121CDE919
:100C2000000004F15B03C2F3802221F0F3FF0028EF
:100C3000B1D04FF0A06104F1200020F009FAC3E721
:100C400012F0807F08BF3C214FF0000218BF432103
:100C500094F8293094F84A0021F09BFDE7E700BFA3
:100C6000002E00202DE9F0411F46C36904460D46C1
:100C700016468BB169B92AF020FF06462946E06E78
:100C800020F031FA2046294620F078FA30462AF042
:100C900006FF0020BDE8F0810029FAD0036A03F0C6
:100CA0001203022B00F0BC80236ADD0700F1C08034
:100CB00094F84A30FE2B0CD104F14C0001F0CEFF29
:100CC00001F0C4FF28B14FF4800104F1200020F0AE
:100CD000B7F9256A624B2B40B3F5807F00F0BB80EB
:100CE000A80531D5C5F3802504F15B0800224146F3
:100CF000284620F00AFA002184F84B0020F016FA6A
:100D000041460022284620F005FAB4F8481020B1E8
:100D100094F94B00002880F297804FF4007104F1A1
:100D2000200020F095F9B4F8482002F00302012ACF
:100D30000AD14146284620F0EDF928B14FF4006170
:100D400004F1200020F07CF9236AD90600F18180AB
:100D5000D4E90C122046FFF7B7FD012F0ED040F268
:100D60007123A28C5A43904208D9E28C5A43904294
:100D700073D800F51C70B0FBF3F0A084394BE3612D
:100D8000002384F82930236AE168B4F8645023F41E
:100D9000803284F82870226221613DB913F0100F6F
:100DA0000CBFC8253C25257605F2B3154EB140F29F
:100DB0007121E38C42F48032C3EB06134B43226271
:100DC000E362236A43F400232362274B1B68DB782A
:100DD00063762AF072FE6369074643F0100304F15C
:100DE00008002946636121F09FFA012003F024FFE7
:100DF00028B963691A075CBF43F00403636126B135
:100E000023F0B6F8E36A0344E362204603F01EFFD2
:100E100038462AF044FE0121E06E20F064F938E7FC
:100E2000406B27F05DFC00287FF43EAF0C2031E7DB
:100E3000636C002B7FF43CAF00F026FD606400285B
:100E40007FF436AF092025E701F0010120F06EF9AB
:100E500069E7064B93E712201CE745201AE700BF1D
:100E60000001400079100400C42E00206D0F020024
:100E700070B500249426094D2B79A34200DC70BD87
:100E8000286806FB040090F84A30FF2B04D00023AA
:100E90001A461946FFF7E6FE0134EDE7002E002062
:100EA0002DE9F04304468F798BB00C370DF104091E
:100EB000CD1901220E460DF10300494620F030F90C
:100EC000636C8046039300236364236AE879C3F369
:100ED00000138DF825302989F75905F00DF8224BBC
:100EE00007441B6805975B7905F1180263760123B7
:100EF00006928DF8103005F10C03B8F1000F28D0E0
:100F00009DF80330CDF81C908DF820309DF82520F9
:100F100094F84A308DF821300123FAB98DF8223047
:100F200094F8933003F00F038DF823306B7903A806
:100F30008DF8243000F0AEFD22F0C1FF01212046E3
:100F400020F01CF9304613F063F801200BB0BDE827
:100F5000F0830793AB7AC3F38013D5E7AA7AC2F381
:100F600040128DF82220DFE7C42E0020012810B5A2
:100F70000C461ED0022824D040BB084620F027FB98
:100F800040F27121A38CE28C94F82A00D21AE36813
:100F900003F59C53083301FB02332361FFF770FD17
:100FA0000B4B20469968236BBDE810400B6004F0A2
:100FB00083B803F0AFFF844208D1BDE8104022F0AF
:100FC0007EBF0846BDE81040FFF7A6BD10BD00BFBC
:100FD000002E002038B50A4D0020FFF703FDAB6856
:100FE00013B100221A60DA8021F0B3FA00242B79C1
:100FF000A34200DC38BD2046FFF79CFC0134F6E735
:10100000002E002070B52B4C0546A06818B112F0D8
:10101000FFFF0023A360FFF7DDFF002020F043F86F
:1010200055B9032025712560E58212F061FF207912
:1010300020F039F828B970BD022027F090FCA0609C
:1010400048B90025A0682571256070BB002020F0FC
:101050002AF80720EFE70026032025712660E682A4
:1010600012F046FFB542E2DD05EBC50105EB81015B
:10107000890033460122032089B212F0F5FE0646AC
:101080000028DED1032012F055FF20600028D8D0C0
:10109000942231466A4326F001FF2379B342C6DD2C
:1010A0003046FFF747FC0136F7E712F0B1FFA560C5
:1010B000CCE700BF002E002006222DE9F341354B7E
:1010C00006469C688846A5790C35635D671903F070
:1010D0004F036355B0F848307A70103B0D2B31D870
:1010E000DFE803F055305107300C3030303030300D
:1010F000300C635D6FF30303635523E00123625DEE
:10110000006A63F3030262550C2210F4006F7A70D8
:1011100006F15B0107F108020CD001924FF0FF329B
:10112000C0F3802000921A461FF0F2FF635D43F087
:101130008003E1E7D6F85B30BB608B889380336A2D
:101140005B05F3D4B6F84820635D304662F345137F
:101150006355B91C20F0C0FA635D60F386136355D4
:10116000A3797A7802331344E371B6F8483003F078
:101170001403142B04D0B8F1000FC4BF42447A709A
:1011800002B0BDE8F081635D62F30303B4E70222BD
:10119000635DF9E7002E00202DE9F0438B790646C8
:1011A0000C33CC18237985B0DA0737D5E77A252FA9
:1011B00034D8484B9A6893790C33D118D35CA27A0F
:1011C000C3F38013B3EBD21F28D1056A0622EB06C6
:1011D0004CBF0231043104F1120026F035FEE8B9AB
:1011E00094F80A901FF098FF05F4C04580F00103C1
:1011F0002A1EC9F3801904F10C08414618BF0122C8
:101200004846DBB222F0D4FE014650B1A37A03F087
:101210000F03032B1BD1336A980712D44FF0FF3012
:1012200012E01FF07FFF0028F8D1A37A03F00F032C
:10123000002DEED0032B85F4C0451CD1A904EDD5BB
:10124000E9E70C2FEAD1032005B0BDE8F083052BB8
:10125000E4D1306AC207E1D500F01403142B0FD09B
:10126000012202A90DF107001FF05AFF08BBA17A65
:10127000C1F3801121E0052BD0D16B04E9D4CDE777
:1012800006F15B052946C0F380201FF03AFF0028D5
:10129000E6D1A27A336AC2F38012C3F380239A4262
:1012A000BCD106222946404626F0CEFD0028B5D105
:1012B000D6E79DF807100DF10808404600F068FBDE
:1012C0000028ABD104F1180020F0BAF90028A5D00D
:1012D0000520B9E7002E002030B5174B826A1B6845
:1012E0001206597926D5028F1C79436B1203B2FB83
:1012F000F3F2631AB2FBF3F2B0F89C3003B1013B96
:10130000D0F8A05005B15B101B02B3FBF2F35B18E1
:101310000CD090F895200F2A08D91209B3EB820F50
:10132000B8BF00234FEA8201A8BF5B1A9C42A8BF46
:101330001C46E1B2417630BDC42E0020084B9A7E97
:1013400082420AD94FF4A4721B6802FB0030836A00
:1013500013F0100F08BF002070470020704700BF37
:10136000182E0020084A09491368C31AD810002B08
:1013700001FB00F005DB937E8342D8BF4FF0FF30C6
:1013800070474FF0FF307047182E0020199C8FC116
:1013900070B504460E462AF090FB3146054604F12E
:1013A000300020F0C1F92046FFF7DCFF0121814029
:1013B000054820F0B9F94FF480700AF0CDFC2846BA
:1013C000BDE870402AF06BBB3C2E0020F3292DE9CC
:1013D000F84304460D468D4E1ED1338D5BB9A3688C
:1013E00013F4601F6ED0238F626B1B01B3FBF2F30B
:1013F000F32D9FB225D1204620F037FAB4F89C3067
:10140000002B38D1A26A984612F0800F0CBF3E2202
:10141000082284F8772030E0736959064BD5836A37
:101420001A0748D5336900F14001436021F03FFEBF
:10143000338D002BD3D0238F626B1B01B3FBF2F3F0
:101440009FB2618FB4F89C209BB25B1A9A423BDC3E
:10145000736994F836019B074CBF0021022122F0EA
:10146000F7FD40F2022372699343C4D12046A4F8E9
:101470009C7020F0FBF94FF001082046FFF72CFF8D
:10148000FFF770FF87B238461FF01FFE81463846CF
:101490001FF019FE30B138461FF00BFE0021384610
:1014A0001FF010FEF32D04D0A36A180701D5628F38
:1014B0008AB9012334E0318D238F626B00298ED0ED
:1014C0001B01BBE733858EE7737F002BC9D0032157
:1014D00094F83601C3E713F4C05FEAD1726912F0E1
:1014E0000C0FE6D140F202239343E2D1D4F8A430AA
:1014F000002BDED12046FFF735FF80B21FF0DDFD67
:101500000028D6D12046A18F21F068FF031E6CDD94
:10151000628F0132934268DC012BCAD0013B9BB23F
:10152000A4F87C3038461FF0C6FDB4F87C3018446F
:10153000A4F87C0038461FF0BDFD236B590409D583
:101540004FF4804104F1300020F0F6F800212046ED
:10155000FFF71EFFA58FB4F87C302B44A387B8F1AA
:10156000000F07D020461FF08EFD2046A18F21F0EE
:10157000E9FD804638461FF0A8FD48450DD0A36A16
:101580001A070AD43846A5871FF095FDA38F0130AE
:1015900080B2A4F87C001844A087A38FAB4202D28B
:1015A00038461FF08EFDA36A1B0702D4184B1B6838
:1015B0009847B4F87C20B4F89C3094F870109B1ACB
:1015C000A4F89C3094F86F3002FB01332522B3FB62
:1015D000F2F102FB113384F86F30B8F1000F07D03D
:1015E0002046BDE8F84320F0F1B9638F013396E758
:1015F0002046082121F0E2FD20460221FFF7C8FE27
:101600002046BDE8F843012103F06EBB182E0020F0
:101610004C2E00200022074B10B55A77202204469A
:101620005A6120F0CDF884F83601204620F02BFADC
:1016300010BD00BF182E0020012810B50C462AD07E
:10164000022830D000283DD191F8953060F307137F
:1016500081F895300846FFF7DDFFA36A20461B0797
:1016600016D503F0BFFE042001F08EFB50B3164ADE
:10167000937F3BB3D37F0133DBB2D37792F8212042
:101680009A421FD8BDE810404FF080600AF064BB5A
:1016900004F092F8E7E703F03DFC844212D1BDE884
:1016A000104003F093BE91F895302046C3F3031227
:1016B000013262F3071381F89530BDE81040F32141
:1016C000FFF784BE10BD00BF182E002010B501F03A
:1016D000BBFBFB22114B10F0020F1A770CBF01224B
:1016E00003224107197E48BF42F0040262F303015E
:1016F00019761A7EC2F3030161F307121A764FF4CA
:10170000417100221984DA76DA835A621A611A85E5
:10171000034BBDE810401B68184700BF182E00207F
:10172000442E00202DE9F843504C0546A06818B11E
:1017300012F06EFC0023A360022012F0D9FBEFB27E
:1017400000201FF0AEFC384620F056F80646002870
:1017500038D1384620F05BF8A0BB002D52D005EB05
:10176000850105EBC101C90033460122022089B27F
:1017700012F07AFB00BB4FF4A4790220A77612F096
:10178000D9FB09FB05F831464246206026F086FB6E
:1017900032462368681E03EB090182422ADB002DD2
:1017A000A8F5A4724FF00001D8BF00223846995026
:1017B00063601FF07AFC50B30020C4E90000A076FB
:1017C0001FF073FC0025002020F016F8002020F008
:1017D0001EF82846C4E90055A5761FF066FC284689
:1017E0001FF0FCFF28461FF05CFC022012F080FB7B
:1017F000072637E009FB02FC013243F80C1001F523
:10180000A471CAE7C4E90055A5761FF04EFC28462E
:101810001FF047FC0028D5D138461FF0DFFF002815
:10182000D0D138461FF0E0FF07460028CAD1002D6E
:1018300016DD022027F093F80223A060C37183799C
:101840003946C3F102020C33D2B2184426F026FB0B
:101850000121A3689A7913441A7B61F301021A7378
:10186000FFF734FF3046BDE8F88300BF182E002094
:10187000014B987E704700BF182E0020014BD87E88
:10188000704700BF182E0020F8B5284D2AF015F932
:101890006C681CB92AF003F92046F8BD4FF4A47611
:1018A000012723686B60EB7E0133EB762AF0F7F8B3
:1018B00032460021204626F0F1FA04F128004021AA
:1018C00067611FF031FF2B8B0722A4F8443194F895
:1018D0003731002167F3030384F837314FF6FF7384
:1018E000A4F87A302B7FA4F8866084F8423144F261
:1018F0009023A4F8403194F8853004F1080062F395
:10190000030384F885300A4BC4F8883003F1CE53C2
:1019100003F59813C4F88C3041F61B33A4F89030CB
:101920001B2384F8923020F0FFFCB5E7182E00202E
:101930004801480170B50446002620F023F804F160
:10194000080000F065FE104B20461B689847C4E96C
:101950000A662AF0B2F84FF4A472314605462046D2
:1019600026F09CFA09490B4653F8042F42B91C6033
:10197000CB7E2846013BCB76BDE870402AF08FB87D
:1019800013461268F2E700BF482E0020182E0020F0
:101990002DE9F04106464FF480400F4601F0F4F97E
:1019A000044630B90E4B1D6893F81A807135A04576
:1019B00002D80020BDE8F08155F8493CDA0609D587
:1019C000C3F38003BB4205D106222946304626F0E8
:1019D0003BFA18B1013405F5A475E8E70B20E9E7F7
:1019E000182E0020B0F8943010B55A1C62F30B0387
:1019F0000446A0F89430042001F0C6F9C0B1204696
:101A0000FFF7B0FC80B21FF052FB78B14188094A61
:101A1000937F0B44DBB2937792F820209A4207D849
:101A2000BDE810404FF080600AF096B90121EEE762
:101A300010BD00BF182E002038B58B7905460B4429
:101A40009B7D0C4603F00303032B09D101212C30AD
:101A50001FF06AFE4FF4006105F128001FF064FEDC
:101A600021460548A56026F09DFEBDE838404FF0B0
:101A700000500AF071B900BF242E0020014B1877E6
:101A8000704700BF182E0020014B187F704700BF21
:101A9000182E00202DE9F04FD0E9027590F91810AA
:101AA00087B00291417E046890F80480D0F810A0BD
:101AB000037D427D90F816B090F81790002940F011
:101AC000ED80A9F1030101298CBF022603260393AF
:101AD0002B8984F89B202A4652F8101BBBF100008A
:101AE00018BF0120C4F8281104F14401019305F046
:101AF00091FA204621F05BFB20461FF08AFE22F07F
:101B0000ADFA4946024620461FF07DFEC822204617
:101B10000DF11601ADF816201FF068FE47F6FF72B2
:101B2000A4F83021AA88039BA4F82C21AA7984F870
:101B30002E21DAF80020C4F87120BAF8042004F14C
:101B4000280AA4F875201BB1042150461FF0ECFDB3
:101B5000BBF1000F04D04FF4005150461FF0E4FDDC
:101B60004FF4607001F010F9C0F3C0134FEA831B0B
:101B7000C30548BF4BF0800B810548BF4BF4807B09
:101B800029F09BFF4FF48261039050461FF0CCFD7B
:101B9000594604F12C001FF0C7FD039829F07FFF80
:101BA000A8F10203012B7BD84FF4002150461FF00F
:101BB000BBFD01212046FFF7EBFB0421204621F06D
:101BC000FDFA6B7D2046C3F3040384F870306A8904
:101BD00052006263697B2A7B42EA01226287E97BC9
:101BE000AA7B42EA012222876A7D84F86F30C2F321
:101BF000421284F83E2000220523A2870122A4F885
:101C00009C30A4F87C2002991FF008FE01F016F920
:101C100020F40060C4E908012046FFF75DFB3D4960
:101C20003D4AB1F828B008F0FD03BBF1000F6CD1BC
:101C3000002B3BD140F2C71B6760E26120460F6179
:101C40001FF083FDB9F1010FE0600AD094F837313D
:101C5000204669F3030384F8373109F00F011FF0C0
:101C60008AFF04F10800594620F05EFB012002F0D3
:101C7000E3FF28B963691A075CBF43F0040363619B
:101C800040F271216B892046013B59431FF07CFDD6
:101C9000204602F0DBFF07B0BDE8F08F012616E713
:101CA000B8F1010F85D140F2014183E74FF4D77BB2
:101CB000E26140F27128019B760006EB430608FBC7
:101CC00006F6374440F608015046676004F14007C5
:101CD0001FF02AFD3946204621F0E9F933463946FE
:101CE000204604F1340201F0BDF8EB7901225B00DB
:101CF0003946204608FB03F321F0DFF9236C204628
:101D00009E081FF022FD30449CE76760E261002BD3
:101D1000CFD193E7182E00203916020070B51D466A
:101D2000C36A04461B07164613D408212C3025F439
:101D300010551FF0F9FC25F01005064B2D0433401B
:101D40002D0C2046C4E90835BDE870404021FFF75E
:101D50001FBB70BD2FCF87F72DE9F04F85B004462C
:101D60000191084689B34B799A071FD426F0B8FC35
:101D7000019D70B96B79DB0705D54FF4803104F113
:101D800028001FF0D1FC01A826F025FC05B0BDE815
:101D9000F08FA36ADF0309D54FF4803104F12800E6
:101DA0001FF0CAFC6B7943F001036B71019E29F0AF
:101DB00084FE737931469E0705461ED504F1AC00BA
:101DC00026F0FFFC284629F06AFEDFF8909129F002
:101DD00074FEA36A0746DD0514D5D4F8AC3043B1D0
:101DE0009A7913441B7B3A2B03D829FA03F3D807BB
:101DF00011D4384629F053FEC8E704F1A80026F0B4
:101E0000D1FCDFE794F94631022BF2DCD4E92A2336
:101E100072B9002BEDD004F1AC0026F0FAFB0546B8
:101E2000384629F03CFE2946204620F06CF8CEE7E3
:101E3000002BF0D194F89280039304F1A80BD4F80E
:101E4000A86096F807A0B379AAEB030A5FFA8AFAAA
:101E5000C24527DC584626F03BFC0546A8EB0A089D
:101E60006B7929466FF3C3036B7103A826F09AFCC4
:101E7000D4F8A8302BB15B79990702D1B8F1000FE3
:101E8000DDD1039B002BB4D09B79022B40D80020DE
:101E900026F065FD014670BB039904F1A80026F009
:101EA00090FCA6E7002026F05AFD054630B90399BC
:101EB00004F1A80026F085FC03959AE78079B179B2
:101EC0000C300C3142463144284425F0F2FFEB79C6
:101ED00053FA88F3EB71B379727953FA88F3B371DB
:101EE0006B794FF0000862F300036B7173796FF345
:101EF00000037371B4E7039B4A79587960F30002D9
:101F00004A715A7903A86FF300025A7126F054FC03
:101F1000E36A9A0512D50398034600680028FBD1AE
:101F2000DB79C3F14503DBB2032B07D826F017FD9D
:101F300001460028B0D003A826F034FCD4F8A8301D
:101F400013B15B79DB0704D5039A537943F0080397
:101F50005371384629F0A3FD039965E77C2C0200F4
:101F600070B5036B0446990786B001D51FF00AFDD2
:101F7000236BDA0733D5A66A330723D516F4002F6F
:101F800014BF032501252046FFF7ECF994F89B3098
:101F9000294605930023049394F83E30C6F380024B
:101FA0000393238F80B20293638F0193636BC3F318
:101FB0004F03009304F1710320F02CFE30B9002090
:101FC00006B070BDB50C05F00205DCE7012104F197
:101FD00030001FF0B1FB4FF400511FF0A5FB236B45
:101FE000980410D52046FFF7BDF9A16AC0B2C1F32D
:101FF000403120F045FA0028E1D04FF4005104F1BF
:1020000030001FF099FB236BD90409D5002120462D
:10201000FFF7A2FE4FF4805104F130001FF08CFB5B
:10202000236B5A0512D52046FFF79CF9002394F83C
:102030009B50C2B21946284620F0ABFB0028BED008
:102040004FF4806104F130001FF076FB236B5B07D7
:1020500011D52046FFF786F9616B238F628FC1F39C
:102060004F0180B220F0B6FD0028A8D0042104F171
:1020700030001FF061FB236B1E0709D5204621F0BD
:1020800005FC00289BD0082104F130001FF054FB10
:10209000236BDD0618D52046FFF764F9E16A80B2AC
:1020A00011F4805100F0C580002120F028FE0028A6
:1020B00085D04FF4805104F12C001FF03DFB10211E
:1020C00004F130001FF038FB236B580615D520466D
:1020D000FFF748F994F8773080B20093D4E90823E9
:1020E00020F0F0FD00283FF46AAF0023402184F87F
:1020F000773004F130001FF01FFB236B190516D554
:102100002046FFF72FF900230093B4F89830B4F875
:10211000962094F89A1080B220F065F900283FF4D8
:102120004EAF4FF4006104F130001FF005FB236B4C
:1021300013F4804532D19A0516D52046FFF712F9DF
:1021400094F8371194F8772001F00F0180B200F075
:10215000DBFC00283FF433AF4FF4007184F8775074
:1021600004F130001FF0E8FA236B1B0616D5204659
:10217000FFF7F8F8B4F88C3080B2009394F89130FF
:10218000B4F88A2094F8901020F0EBFD00283FF47A
:1021900016AF802104F130001FF0CEFA236B9E06AB
:1021A00012D52046FFF7DEF894F8771080B220F0C1
:1021B000BDFD00283FF403AF0023202184F87730D1
:1021C00004F130001FF0B8FA236BDD0508D504F1E7
:1021D00030004FF480711FF0AFFA204621F081F9F2
:1021E000236B180408D504F130004FF400411FF0B0
:1021F000A3FA20461FF0BBFC236BD90308D504F1DA
:1022000030004FF480311FF097FA20461FF0F6FAA5
:10221000236B9A0308D504F130004FF400311FF00E
:102220008BFA20461FF0F8FA236B9B0704D4012099
:10223000C6E620F07BFD3AE70022204611461FF05B
:10224000E9FA20461FF0E8FA2046FFF78BF894F8E9
:10225000771080B220F020FE00283FF4B0AE0221BB
:1022600004F130001FF068FA2046FFF763FB024BD1
:102270001B689847DBE700BF442E0020F8B5002319
:10228000124A02F1240151E8004F41E80035002DC7
:10229000F7D1012734B9BDB10D4829461FF044FAE2
:1022A0002046F8BD94FAA4F0B0FA80F007FA00F6E0
:1022B00024EA0604FFF742F80028EBD0FFF750FEAF
:1022C0000028E7D13543E5E70120EAE7182E002092
:1022D0003C2E00202DE9F74F04460190002860D0E5
:1022E000C5794FF000080C35054429F0E6FB464659
:1022F00000904FF4A47A40462B4FBA7E5FFA88F9DB
:102300004A4517D90AFB09FB3A685A44916ACB0639
:1023100044D5B2F89420C2F30B02002A3ED0E279F1
:10232000C2F14502D2B2032A15D8022026F017FBCB
:10233000044640B900230098FB8329F0B0FB3046E7
:1023400003B0BDE8F08F014601A826F02BFA00206B
:10235000E5790C35254404220123002112FB0033CA
:1023600005F82090E9543B6802FB005C5B44B3F83D
:10237000943001368CF80230032312FB0032A9544A
:102380003B6801305B44B3F89420C0B261F30B02A8
:10239000A3F89420E379F6B20433E37108F101085D
:1023A000ABE70646CBE700BF182E0020F7B568461E
:1023B00004F024FE00254FF4A477124EB37EAB4206
:1023C00001DC03B0F0BD346807FB0544A36A03F0E9
:1023D0001803102B13D10522694604F1450025F09E
:1023E00033FD60B10121204621F09CF838B901206D
:1023F00026F0B5FA014610B1204601F0E1F90135A9
:10240000DCE700BF182E00202DE9F74F29F055FB1F
:10241000424BDA6800920022DA6029F040FB009B10
:1024200013B903B0BDE8F08F684626F0F2F8827960
:10243000876802F10C04044401460190A07A0A3234
:1024400010F0200F14BF0320022002448A71FA6AA0
:1024500052050FD5E07AA27A42EA002238461FF0F0
:1024600032FF38B901A826F0B6F83D2138461FF0F2
:1024700033FED4E7BA6A94F80AB012F400720199F4
:102480000BF0030013D003288A79EBD10A44127BA6
:102490003A2AE7D8224B23FA02F2D307E2D54A7947
:1024A000384642F002024A7100F05AFEB7E70328AC
:1024B000F5D048790BF0030B62F3410048710846F0
:1024C00094F8069094F905A026F00AF9019D0646B5
:1024D000AC793846063CE4B2AC71FEF743FF0C34ED
:1024E000C0F3032305EB040843EA0B1388F8033019
:1024F0002B46F6B288F80200A8F8046005F804A09C
:1025000088F801905A796FF341025A711B68002BC9
:10251000F8D128461FF0CBFF81E700BF182E00201E
:102520007C2C0200104B1A7842F0F0021A701A7CD0
:1025300042F0F0021A7493F8202042F0F00283F87F
:10254000202093F8302042F0F00283F8302093F8F6
:10255000402042F0F00283F8402093F8502042F0EF
:10256000F00283F850207047542E00200368054A7B
:1025700023F07F6323F4002302EAC1421343036084
:10258000704700BF0000F80FF8B54488054604F016
:102590000704072C1C4E28D129F08FFA00221101C4
:1025A000735C06EB02171B090F2B0AD00132062AB7
:1025B000F5D1164A13880133138029F070FA1920D7
:1025C000F8BD2B6894B27B801123735429F067FA0D
:1025D00021F0CEFC06EB0413D8602B68002023F416
:1025E000E02343EA04432B60EAE72301F15CC1F3F3
:1025F0000312013202F00F02052A28BF002262F303
:102600000711F154E4E700BF542E0020503A002097
:1026100038B54488054604F00704072C0FD029F08C
:102620004CFA074A2401135D43F0F00313552B685D
:1026300043F4E0232B60BDE8384029F030BA38BDC0
:10264000542E00202DE9F0474588074605F0070580
:10265000072D894637D01D4C4FEA051814F808603D
:1026600021F086FC04EB051ADAF80C30360906EB8B
:10267000C506C01A04EB4606708014F8083003F053
:102680000F02042A9EBF013262F3030304F80830EC
:10269000B9F1030F14D114F8081004EB0514A01CB1
:1026A00001F00F0121F030FB044629F006FA3A68E8
:1026B000074B134023433B60BDE8F04729F0EFB9D7
:1026C0004FF6FF74F1E7BDE8F08700BF542E0020FD
:1026D0000000FF7F064A08B59268824207D042791F
:1026E00022F0030242F00302427109F08FFB08BDA1
:1026F000B42E002010B5064C204625F06CFF201D9E
:1027000025F069FF04F10800BDE8104025F063BF23
:10271000B42E002010B5022026F021F9034C606091
:10272000022026F01CF9A06010BD00BFB42E0020CE
:1027300008B5FFF7DFFF0022024BDA60BDE8084072
:10274000FFF7E8BFB42E0020014B5868704700BF68
:10275000B42E0020014B9868704700BFB42E0020B3
:1027600038B50C4CE3681BB1E36898470023E3607D
:1027700023686BB1074825F04CFF054640B123683C
:102780001BB14FF0004009F0E7FA284620F09DFB0E
:1027900038BD00BFB42E002010B5084CE0604FF0EB
:1027A000004009F0D9FA00BF00BF00BF00BFE368D6
:1027B0001BB1E36898470023E36010BDB42E0020EE
:1027C00038B58379044603445B7B13F0300F4379BB
:1027D00023F0030308BF43F00103437129F06DF9AF
:1027E00005462146054825F0DDFF4FF0004009F081
:1027F000B3FA2846BDE8384029F051B9B42E00207C
:10280000F0B5184E85B07568AB790C331D4400F0F7
:102810001BFBB5F80920B5F807108A421FD8032A18
:102820001DD903291BD96F79CFB1C04360F00500D2
:1028300010EA070413D1EB78A879CDE901742C795B
:10284000009401F061FC00280CBF0C22002242F22F
:102850004101B06805B0BDE8F0401FF0BCBD1122D9
:10286000F5E700BFB42E002010B50D4C62689379D7
:102870000C331A441179D078003918BF012100387F
:10288000B2F8073018BF0120B2F8052001F050FF60
:1028900042F242010246A068BDE810401FF09BBD15
:1028A000B42E002010B5084C6068837918440F30AE
:1028B00000F098F90023A0681A46BDE810404FF6D2
:1028C00028411FF046BD00BFB42E0020242816D892
:1028D0000F2805D802280CD8B0FA80F040097047BC
:1028E000084B103880B2C34003F0010383F00100AD
:1028F00070470538012894BF00200120704701204F
:10290000704700BF2D2011002DE9F04F95B0FFF763
:102910001BFF42F23603867905460C3630F80680F6
:10292000841998450ED1FFF70FFF022125F023FEF1
:102930007F22A3780233A370AA5500232022237795
:10294000627063770121E078FEF728F800230646DD
:10295000002800F0D180CDE91233237AE2888DF887
:102960004A30E37AADF84820B4F809208DF84E30AB
:10297000E378ADF84C20A288FE2B4FF6FF7308BF1A
:102980004FF4804312F0050F25D1DDE91201884292
:102990001DD900251126FFF7DDFE012332464146F1
:1029A000ACB21FF0D6FC002DCCBF0534053C24B2E0
:1029B000002E40F0A4800A2394FBF3F4E4B2FFF766
:1029C000C9FEC3791844C47215B0BDE8F08F1F2842
:1029D000DFD99942DDD8D206E77D657E04D5012F87
:1029E00016D000251226D6E7012F74D0032FD0D1A0
:1029F0006B1EDBB2022BCCD800F026FA042707426C
:102A0000C7D0032D08BF04252840C0B20028C0D07D
:102A1000E0781EF064FB20B1A088FFF757FF002884
:102A2000DFD0384A237F1278002A5CD0042BD8D814
:102A3000637F042BD5D8A388DB065BD421F00EFB83
:102A40000121C822084004F0CBF994F91630B4F8FB
:102A500004E003EB8303B0EB430F4FEA4302637BD5
:102A6000677E0F93A37BE188109304F10F0311930A
:102A7000637F94F80C9094F815A094F818B005466C
:102A8000E07DC8BF15B2B4F809200C93237F03285A
:102A90000B93E37E08BF0420032F08BF0427003BED
:102AA00018BF01230A93A37E1FFA85FCCDE90873A2
:102AB000119BCDE9060B0293109BCDE904ACCDF838
:102AC0000C9001930F9B304600935FFA8EF31EF03B
:102AD000BFFB06465FE76B1EDBB2022B3FF659AF2A
:102AE00000F0B2F98BE7002B7FF453AF637F002B2C
:102AF000A1D04EE70020A3E7054607264BE70024B8
:102B00005DE700BFCA3A0020F8B5074601200D4630
:102B1000164625F024FF0446C0B106220C211FF002
:102B20002BFC691EC9B2032988BF0022A37998BF74
:102B3000074A03F10C0398BF525C234420469F8050
:102B4000DE70DA719A71FFF7C5FD0120F8BD00BF94
:102B50006CD10400F8B5FFF7F7FD83791844B0F89D
:102B60000F60B0B2FEF7EAFB0446C0B11FF085F972
:102B70000138C0B2032814D800270B4B1C5CFFF7A8
:102B8000E9FD054604233A4642F230011FF0E1FB1D
:102B9000AB790C33E818C68004724472F8BD022782
:102BA000EDE700242746EAE76CD104000B4610B598
:102BB0000649074C0622002808BF2146184625F082
:102BC00043F9B0FA80F0400910BD00BFCC3A0020B4
:102BD000D23A0020024B1A6802609B8883807047BB
:102BE000D23A002013B50D4C28B1036823608388C6
:102BF000A38002B010BD21F0CBF9CDE900019DF812
:102C00000230BDF80020A370BDF805302280A4F882
:102C100003309DF807306371EBE700BFD23A002024
:102C200010B5044628F049FF2268064B1A60A288B6
:102C30009A80054A137843F00103137028F02FFFA0
:102C4000012010BDCC3A0020CB3A0020024B18786E
:102C5000003818BF01207047CB3A0020024B1A6899
:102C600002609B8883807047CC3A0020024B186931
:102C700008B109F071B87047180B0020002310B597
:102C80003C4A02F1100151E8001F02F1100C4CE81F
:102C90000034002CF5D140EA0104A10201D502F074
:102CA0003FF8220101D503F02FFE002C01DAFFF7D7
:102CB00057FD630001D501F0DFFCA00001D5FFF74F
:102CC000A3FBE10007D5FDF75DFF20B94FF0805170
:102CD000294820F04DF9620107D51FF0A2F920B96B
:102CE0004FF08061244820F043F9A30105D521F07D
:102CF000AEF9FFF75BFB1EF0F7F9E00108D51EF017
:102D000071FD072804D14FF080711B4820F030F985
:102D1000610201D51EF0E2F9220201D51EF0B9F9D7
:102D2000E30207D51EF05CFD20B94FF48011124874
:102D300020F01EF9A00507D500F0A8F920B94FF43E
:102D400000710D4820F014F9E10507D5FFF796FA58
:102D500020B94FF48071084820F00AF9620503D5C4
:102D60001FF0F5FA1FF0F4FA230501D520F008F959
:102D700010BD00BF180B0020280B002001460148A1
:102D800020F0F6B8180B0020014B1B681840704764
:102D9000180B002010B5044BD3E9064204430A4344
:102DA000C3E9064210BD00BF180B002070B51E4DD0
:102DB00004462B68002B03DAFFF7BAFC002031E051
:102DC0004CF20C000021FFF7E5FF0023174E3360A3
:102DD00024B163682B60A36803B133604FF00040F7
:102DE000FFF7CCFF33680BB9114B3360114B12481E
:102DF000AB6000232B7311F047F9FFF793FB2046DC
:102E000003F06EF870B92CB1B4F90E10B4F90C00DF
:102E100003F0A0F821F026F904F0B4F801F0A8F8C6
:102E20000028C9D070BD00BF180B0020C42E0020A0
:102E3000994100206D2C02001C0B0020014BD3E9AE
:102E400006017047180B0020054B9B69DA054CBF43
:102E5000032001201B0548BF40F00400704700BF5D
:102E6000180B0020F8B517461C460D46064603F021
:102E70004FFC1C4BBA7A1C4953F8222053F82030DF
:102E80008C421A4424D9194B9C4214D9184B013C4A
:102E900093FBF2F3002BB8BF03339A1004EBA304A7
:102EA000B4FBF2F371682A68A1EB930102EB4302D1
:102EB00071602A60F8BD0F4B0F49A3FB04435B0907
:102EC00002FB03F303F6C313A1FB0313DB0AE9E7D9
:102ED00002FB04F3094A03F574338F33A2FB032387
:102EE0001B0CDFE7BCD104004C62100013666606C1
:102EF00040420F001F85EB515917B7D183DE1B43AA
:102F0000034600F03F003F2830B51FD090B119466E
:102F1000002201321B2A4FEA510105D100212E481F
:102F20000A460124584007E001F03F003F280DD039
:102F30000028EED130BD012104FA02F5054202F16C
:102F4000010205D1202AF7D1022907D00020F1E79C
:102F5000202A01F10101F7D00229ECD1DAB2C3F342
:102F60000721914225D000211C46084604F00305A4
:102F7000013D012D01F1010198BF01301F294FEAE8
:102F800054041ED11828E1DC052000219B0E03F01B
:102F90000304013C012C98BF013101384FEA53036F
:102FA000F5D10129C6DD8AB90228D4BF002001204D
:102FB000C0E7C3F307419142D5D1B2EB136FD2D131
:102FC000C4E71029D2D10B28D0DDBFE7D30748BF13
:102FD00001305208E7E700BFD6BE898E024B1A685F
:102FE00002601860704700BFCC2E00200022024B08
:102FF0001A6000F053BA00BFCC2E00202DE9F84330
:1030000006461EF053FC0446002835D045784DB9DD
:1030100028F053FD237863701B4B1B682570636099
:1030200028F03DFD4FF00108677837B923781BB3CE
:103030004FF4007008F090FE1EE097FAA7F5B5FA7D
:1030400085F508FA05F55FFA85F9636833B90E4B23
:1030500027EA050565701B686360E5E79B681BB997
:1030600063681B686360F0E749463046984701286B
:1030700005D163681B6863600120BDE8F8830228FE
:10308000EED10020F9E700BFCC2E002070B500255E
:103090000D4EFEF7EDFBA84201D8012012E030688A
:1030A000FEF74CF950B93468FEF7E2FB0134B4FB8B
:1030B000F0F303FB104401353460EAE7FFF79EFFAD
:1030C0000028F0D170BD00BFC82E002010B5044606
:1030D000837903441B7B3A2B96BF044AFF21D15CC2
:1030E00025F049FAA0790C30204410BD70D10400BD
:1030F000F8B5174606460C461D461EF0CFFB0207E4
:1031000013D5022130461EF0A2FF70B111212046D6
:1031100020F06CF82046FFF7D9FF457087702146F4
:103120003046BDE8F840FEF717BE29200B49C5F12F
:103130002002A5F12003E94000FA02F220FA03F38D
:1031400011431943CB07E1D40D21204620F04EF85E
:103150002046FFF7BBFF4770E1E700BF0000408457
:103160002DE9F34105460C4601911EF08FFB8306C5
:1031700005D501A825F02FFA02B0BDE8F081019F26
:10318000BE790C36BB5D3A2B18D8164A12F803806C
:10319000B8F1FF0F12D0384625F0A2FA01384045A9
:1031A0000CD1114B1E6896B921462846A3792344B9
:1031B0001A7B02B0BDE8F04120F02CB8019825F050
:1031C0000AFA2846BA5D019920F024F8D4E773681A
:1031D0000BB93668E7E72146284698470028F8D01B
:1031E000CAE700BF70D10400CC2E002037B50446DA
:1031F0000D4620211EF04CFB294620461EF09AFB6E
:103200002146012020F0ADF82146002020F0A9F849
:10321000012000232146034A009020F033F803B038
:1032200030BD00BF4131040037B5044620F017FA25
:10323000032120461EF081FB002503462146012084
:10324000034A009520F01EF8284603B030BD00BFA9
:10325000393504002DE9F34104460D4601460120AD
:103260001EF00BFB0121074628461FF0BFFF284632
:10327000FFF72CFF064600F10108404603F0BEFEB2
:10328000D6F801300221C7F8123073792046BB7599
:103290001EF053FB29460746F08020461FF0A4FF8E
:1032A00020232146009301203B46034A1FF0EAFFFA
:1032B000002002B0BDE8F0811F3604007FB504464F
:1032C0000D46014601201EF0D8FA50E8003F43F4B5
:1032D000806340E80036002EF7D1204620F0B3F995
:1032E000D8B320461EF0DAFA430715D533463246E6
:1032F00020460DF10F011EF0A7FD9DF80F30062BA3
:103300000AD8284610F084FE012200232046FEF74A
:1033100005FD002004B070BD0E2128461FF066FF99
:103320002846FFF7D3FE0646FFF788FDC6F80510CE
:10333000FFF784FD2946C6F8010020461FF054FF20
:10334000032120461EF0F9FA00220346009221468E
:103350000120034A1FF096FFDBE70821DDE700BFED
:103360003D350400F7B50D460446174620F06BF9CD
:1033700080F001002146C0B21EF07FFAC668012D20
:10338000B37907D03A462946204603B0BDE8F0405D
:1033900020F084B90C3320461E44FDF7E3FF718909
:1033A00080B21DF095FE1022738921460092002004
:1033B000024A1FF067FF284603B0F0BD9D360400A7
:1033C0002DE9F74F074688461EF068FA10F480167C
:1033D0005DD1022025F0C3FA0546002859D098F89F
:1033E000063031460C334344B3F80490B3F806B0CA
:1033F000B3F808A01FF0FAFE2846FFF767FE022187
:10340000044638461EF099FAA4F804906081A4F8A6
:1034100006B0A4F808A020F06FFD09F10109B0FB87
:10342000F9F303FB1900022360806370AB7988F81D
:103430000630EA7903F10C0088F80720D21AD2B2DC
:103440002918404424F035FD394601201EF015FAB4
:10345000C0F80C803846FDF785FF618980B20139DC
:103460001DF036FE102263893946012000920A4A77
:103470001FF008FF4FF4803138461EF011FA38462D
:1034800029461FF0B1FE304603B0BDE8F08F23207F
:10349000FAE70720F8E700BF9D36040010B5054C99
:1034A000054A2046054920F038F82046BDE810407E
:1034B000FFF794BDD02E00202937040029360200E2
:1034C000F7B58B7904460C33CE18CB5C0D46023B26
:1034D0000F2B00F2A080DFE803F0089E9E9E9E73F3
:1034E0009E829E9E2C689E9E9E4F28F0E6FA7178E2
:1034F000074620461EF01EFA202120461EF0C8F97D
:10350000214601201FF02DFF214600201FF029FF3A
:1035100001230093002321461846404A1FF0B2FEC3
:10352000284610F075FD384628F0B9FA012003B09E
:10353000F0BDB388728871781EF06CFC20461EF0D6
:10354000ADF9830708D42946204620F088F80121E8
:1035500020461FF033FEE9E7214601201EF08DF9D9
:103560002F4B82689A4203D1214601201FF0C9FEE9
:10357000284610F04DFDEAE777780846B67810F057
:1035800047FD162F05D132460321204620F0BDFA13
:10359000CCE7214601201EF070F98368002BC5D0CE
:1035A0003246032120469847C0E7014601201EF01D
:1035B00064F907462846767810F02AFDBB68EDE7E7
:1035C000014601201EF059F907462846767810F08A
:1035D0001FFDBB68002BA9D032460421E2E701465B
:1035E00001201EF04AF90F4B82689A4203D0284608
:1035F00010F00EFD9AE7D6F80120D6F805302046E7
:10360000FEF78CFB284610F003FD214601201FF039
:1036100078FE02219CE7002089E700BF53360400B2
:10362000393504003D3504002DE9F3410D460446CB
:1036300020F009F8AB7900287DD00C3315F8038011
:10364000EE18B8F1010F53D0B8F1080F4BD0B8F114
:10365000000F63D1204671891FF002FEB388728883
:103660009A4294BF07460027092B38BF0923727876
:10367000013B9BB29A421BD8002A08BF0027204674
:10368000FDF770FE1FFA80F840461DF010FD88B16E
:103690004388B18800930846F38832891FF026FDDD
:1036A00050B9284610F0B4FC012002B0BDE8F0810A
:1036B0004746E4E70123ECE7002FF2D02146002043
:1036C0001EF0DBF8C5607189404601391DF000FD30
:1036D000102273890092013B1B4A9BB221460020B5
:1036E0001FF0D0FDE0E7294620461FF04AFFDBE748
:1036F0002046F1881FF0B4FD0746701C20F0C0FC86
:103700000028CED0002FCCD0214600201EF0B5F8E6
:103710002023C5600093F3880C4ADFE72946204642
:1037200020F0E0FA0028BFD12946204602B0BDE8CB
:10373000F041FFF7C5BE2B441B7B0E2BD3D029468F
:10374000204620F0BEFAEDE765330200D7350400CD
:1037500038B504460D461EF0A1F842070BD42046AA
:103760001EF09CF8830706D429462046BDE8384061
:10377000034A1FF067BE284610F04AFC002038BDFF
:103780002932020038B504460D461EF07FF800F0DD
:10379000180010280CD120461EF080F810F4C02F1D
:1037A00006D129462046BDE83840044A1FF04ABEEB
:1037B000284610F02DFC0C2038BD00BFC13302009C
:1037C000014A1FF03FBE00BF5532020070B50546EA
:1037D0000C46014601201EF050F8064628461EF011
:1037E0005DF8020704D5204610F012FC002070BDE1
:1037F00033685B05F7D428461FF025FF40B121460A
:103800002846FFF7A5FF18B925F0A9F8044630B1FE
:1038100021462846BDE87040024A1FF013BE07202B
:10382000E5E700BFBD32020073B504460E461EF048
:103830002DF800F0300010284FF0020031D125F0B3
:103840008EF8054678B34379022143F002034371B1
:103850001FF0CCFC2846FFF739FC2946467020466D
:103860001FF0C2FC162120461EF064F820212046DD
:103870001EF00EF8214601201FF073FD21460020A6
:103880001FF06FFD20461FF012FE012120461EF0A2
:1038900054F80346012021460090044A1FF0F2FC30
:1038A000002002B070BD0720FBE700BF67350400B1
:1038B0002DE9F04387B004460E461DF0EFFF00F4FB
:1038C000C060B0F5C06F06D1022025F048F805466B
:1038D00010B9072054E00025214601201DF0CDFF3E
:1038E000814696F8068000F1120208F10C08B044F7
:1038F00008F10F0308F11F0153F8040B8B4242F843
:10390000040BF9D1032130461FF070FC3046FFF75D
:10391000DDFB0A22074608F10501013024F0A4FA74
:103920000C210DEB010000F037FB03AB03CBC7F814
:103930000B00C7F80F10059B07F10B02C7F81330F7
:103940000DB30A2128461FF051FC2846FFF7BEFBA5
:10395000294620461FF048FC4FF480712046C9F8E4
:103960000C601DF095FF032120461DF0E6FF0025A9
:103970000346214601200C4A00951FF083FC28468F
:1039800007B0BDE8F083204607F1130301211EF0C4
:10399000F9FB204631461FF027FC2046C9F80C50A1
:1039A0001EF00CFCDFE700BF6B370400F0B589B0F8
:1039B0000D4604461FF0D3FEAB79002800F0A3802B
:1039C0000C33EA18EB5C033B082B00F23881DFE88C
:1039D00013F0090036013601840036013601360144
:1039E0005D007E00D2F80100D2F8051003ABB2F8FA
:1039F000097003C302F1130301210B3220461EF0AC
:103A0000C1FB042128461FF0F1FB2846FFF75EFBAF
:103A100006460C2105A800F0BFFA05AB03CB3346E0
:103A2000C6F80100C6F80510079A002143F8092FCF
:103A30002046721C1EF0A6FB214600201DF01DFF33
:103A4000034603AA478303CAC3F81200C3F816103B
:103A500020460821FDF79CFC4FF4007120461DF024
:103A600017FF20461EF0AAFB294620461FF0BCFB8C
:103A7000032120461DF061FF034600202146714AC4
:103A800000901FF0FFFB012009B0F0BD0B2128467C
:103A90001FF0ACFB2846FFF719FB294620461FF014
:103AA000A3FB28F00AF805464FF4407120461DF0AC
:103AB000EFFE4FF4805120461DF0F2FE284627F01D
:103AC000EEFF4FF4806120461DF0EDFEDBE7284657
:103AD00010F09EFA4FF40071F5E7062128461FF01A
:103AE00085FB2846FFF7F2FA20461EF0BEF929466C
:103AF00020461FF079FB20461EF086FB2146002061
:103B00001FF0FFFBBFE72B441B7B043B072BBBD8FD
:103B100001A252F823F000BF393B02005F3B0200D4
:103B2000C13B0200893A0200893A0200893A020048
:103B3000893A0200D73B020020464FF400711DF085
:103B4000A7FEAA7920460C322A4402F1090300217B
:103B500001321EF017FB284610F05AFA93E74FF493
:103B60008060FFF711F9B0B100274FF400612046E3
:103B70001DF08EFE2046CDE90577FDF7F3FB0646E6
:103B800020461DF081FE39460346009505AAB0B2D5
:103B90001FF02AF977E7214601201DF06EFE00F1A3
:103BA000120120461EF045FB062128461FF01EFB91
:103BB0002846FFF78BFA294620461FF015FB62E7DF
:103BC000284610F025FA214601201FF0CAFB2046A6
:103BD0001EF01AFB57E727F070FF06464FF40071FE
:103BE00020461DF055FE4FF4805120461DF058FE32
:103BF000304627F054FF4FF4C06120461DF053FEBD
:103C0000294620461FF0F0FA214601201DF035FE1E
:103C1000C268054682B1937901210C331A4402F13E
:103C2000130320460B321EF0ADFA20461EF0C6FAF2
:103C30002046E9681FF0D8FA0023EB6023E7002054
:103C400022E700BF6B37040010B5074C0749204638
:103C500000221FF062FC2046FFF7C0F9BDE81040CB
:103C600001200021FFF796B8DC2E0020AD390200BC
:103C700038B505460C461DF009FE00F01800102866
:103C800006D121462846BDE83840044A1FF0DABB79
:103C9000204610F0BDF90C2038BD00BFB13802003D
:103CA00038B50C468B7905460C331944E35C142B6C
:103CB00003D0152B0FD0002038BD01311FF027FE97
:103CC0001521284622461FF06AFE214628461FF08D
:103CD0008BFA0120F0E7014601201DF0CEFD0B4BD1
:103CE00082689A4203D0204610F092F9F1E7A17958
:103CF000284621440D311FF00AFE204610F088F9B5
:103D0000294601201FF0FDFAE3E700BFF339040064
:103D100037B504460D460A4614211FF040FE2946D9
:103D200020461FF061FA032120461DF006FE3022D6
:103D30000346009221460120024A1FF0A3FA002008
:103D400003B030BDF339040010B5074C07492046D5
:103D5000074A1FF0E2FB2046FFF740F9BDE810409C
:103D600020200021FFF716B8E82E0020A13C020019
:103D7000F739040073B51E46ADF800208DF8023007
:103D8000009B044601A801930D4611461FF0A9FDB2
:103D90009DF80630B34203D1BDF804308B4205D004
:103DA000284610F035F9122002B070BD20461DF0F3
:103DB000E0FE9DF80230827A9A4209D18288BDF8ED
:103DC00000309A4204D1284610F022F90020EBE797
:103DD000694620461EF0ACF929462046014A1FF0EC
:103DE00031FBE1E7113D02002DE9F04116461A438F
:103DF00007460C461D46BDF8188005D12046BDE893
:103E0000F04111461FF04ABE414620461FF014FA09
:103E100078B1214638461DF030FD40238674C574C4
:103E20002146069338464346BDE8F041024A1FF05A
:103E300029BABDE8F08100BF553B0400F7B505463F
:103E40000E46014601201DF018FD036813F0F00F27
:103E500003D0294601201FF084FA28461EF00AF8F4
:103E6000B3790C3333445F789B781F400378C3F3F6
:103E7000030000EA131038401FF0EAFD044668B959
:103E800028461FF0EEFD38401FF0E2FD044628B939
:103E900028461DF0F2FF02F053F8044628460021A0
:103EA0001DF069FE172130461FF0A0F93046FFF7DC
:103EB0000DF931464470847028461FF095F90321AE
:103EC00028461DF03AFD4022034600922946002074
:103ED000024A1FF0D7F903B0F0BD00BF0B3B04004E
:103EE0002DE9FF4107460E461446DFF83880434669
:103EF000694638460A4A02F021FE0028F7D0102C05
:103F0000254628BF102530462A46694623F0D1FFB2
:103F1000641B2F442E44EAD104B0BDE8F08100BFF9
:103F2000E83A0020D83A002030B589B0202269460E
:103F3000FFF7D6FF6A460C4D04AB144603CC9C42F7
:103F400028606960224605F10805F6D1074C08ADE6
:103F50001A4603CAAA4220606160134604F10804AD
:103F6000F6D109B030BD00BFD83A0020E83A0020B1
:103F700010B588B06946202010F0E0F9044630B949
:103F80006846FFF7D1FF0122024B83F8202020462C
:103F900008B010BDD83A002070B5134B054693F811
:103FA00020300C468CB00BB9FFF7E2FF0023CDE9BF
:103FB0000033CDE9023354B91C22214605A80494EC
:103FC00023F06CFF04A8FFF7AFFF0CB070BD102CFE
:103FD000264628BF1026294632466846FFF780FF4E
:103FE0003544A41BE7E700BFD83A002008B581B2EA
:103FF00007481EF099F9012000F01EFE30B9054A6D
:10400000536919075CBF43F00403536108BD00BF47
:10401000FC2E0020F42E002001238340DB430649C0
:1040200001F1240252E8002F1A4001F1240C4CE85F
:1040300000200028F4D17047F42E00200123074A05
:1040400003FA00F002F1240353E8003F034302F1B6
:10405000240C4CE800310029F4D17047F42E0020E4
:10406000044A4FF08040536A43F40023536207F040
:1040700073BE00BFF42E002038B54FF010131D4C56
:104080000122E3624FF4E063238647F6FF730025C5
:10409000A4F8603094F86730656262F3030384F833
:1040A0006730154A154BC4E91632FEF7CDFE4FF4C2
:1040B0008073A4F84830124B84F85600E361114B2A
:1040C00065611A6829461378527804F10800134490
:1040D0005B106376A4F8BC50A4F8B4501EF024F929
:1040E000294604F194001EF01FF9BDE8384020F085
:1040F00009B800BFF42E002055555500D6BE898E54
:10410000EF3D0400C42E00202DE9F843224C9946CF
:10411000636A0F46DB0715469DF824609DF82880EA
:1041200038D480B30120FFF789FF636A9DF820200F
:1041300023F4C07343EAC213052E636284F854600B
:1041400007D102F063F850B96D00ADB2BD4228BF8F
:104150003D4694F854001FF040FE00F00F0694F81E
:104160006730A78566F3030384F86730E585636AE3
:1041700084F83090B8F1000F09D043F48013012087
:104180006362BDE8F8830120FFF746FFCDE723F423
:104190008013F4E70020F4E7F42E0020024B586A65
:1041A000C0F38000704700BFF42E002010B51D4CF6
:1041B000FFF7F4FF636A13F0010313D1A8B994F871
:1041C000663094F83110253BDBB20133DBB2032BB0
:1041D00028BF002341FA03F2D207F6D5253384F82D
:1041E000663018E094F8543010B194F85520134319
:1041F00003F00503052BE2D102F008F80028DED118
:1042000094F8673003F00F02012A05D1032262F30C
:10421000030384F8673010BD012262F3030384F8BE
:104220006730CCE7F42E0020024B586A00F0010002
:10423000704700BFF42E0020F8B52C4C18B163690C
:1042400043F0100363611FF093FE40F27121E28D91
:10425000E66C151F4D43AE42236DA78D18D2A3F512
:10426000967301FB0733E768181A23893B4483429E
:104270000EDA51436369891B43F010036361814285
:10428000D4BF216120611948BDE8F84000F0DEBCD0
:1042900040F271277A43A2F5E1722261FFF786FFAF
:1042A000236DA28DAE4207FB0233636023654FF09E
:1042B0000003E3640E4B0CD31A68616A137B490751
:1042C000617E4CBF927912780B4493420CDC63768A
:1042D000D9E7626A1B685207197B4CBFDA795A78B2
:1042E000637E5B1A9342F2DA6276CCE7F42E00200A
:1042F000C42E002038B505460D4C80B10320FFF7D1
:104300008BFE002384F845300123A4F846300420B6
:10431000FFF782FEBDE838401020FFF77DBE052084
:10432000FFF77AFE012384F8B650A4F8B830EEE720
:10433000F42E0020274B70B55A6A0D4609B31607B4
:1043400047D503F1450603F1460428B3D1061FD52E
:104350002388012B1CD95B0804202380FFF75CFE17
:104360001020FFF759FE1FF0C7FD2388B0FBF3F2C2
:1043700002FB1300307055B30320BDE87040FFF717
:104380004BBE940625D503F1B60603F1B804DCE76D
:104390000420FFF753FEE3E7D20314D5B3F8461029
:1043A000B3F8482091420ED222881020520092B2D7
:1043B0002280B3F84830934228BF13462380FFF78A
:1043C0002BFE0420CDE71020FFF738FEF9E705208B
:1043D000D3E770BDF42E002070B58AB005466B4659
:1043E000484AAC7910685168127A03C30C3408202B
:1043F0001A702C44FEF7C8FC20B101222846A11DEA
:1044000024F0C5F80021A379CDF821108DF80F30E4
:10441000A37AADF8251003F00F0303F128026A44D4
:1044200012F8282C8DF82010ADF81020062B08D893
:10443000DFE803F0044F07075F074B000D20FFF78D
:10444000FDFDA37A0DF11301C3F380138DF8123033
:10445000E3680DF11200CDF81330238A09AEADF8F0
:10446000173000231A461CF04AFEE3791C218DF810
:1044700019304FF47F43ADF81A307F238DF81C308C
:10448000637928468DF81D300023ADF81E30AB79D6
:1044900003AC1233AB7124F0DEF8AB792B440C3350
:1044A000224603CAB24218605960144603F1080359
:1044B000F6D1106829461860134824F073F94FF0BC
:1044C000804007F049FC0AB070BD0D20FFF7A4FD45
:1044D000B7E7D4F81230CDF82130E38AADF82530B3
:1044E000EB79063BEB71A37AC3F3C0138DF8203050
:1044F000A7E7064B5B6A9B0444BF42F00102ADF89C
:1045000010209EE7ABD10400142F0020F42E0020D1
:1045100070B583790C33C4182379DA0702D44FF0CD
:10452000FF3070BDA37AE27A03F00F05082DF6D8AC
:10453000062D01D92846F4E7911F1F29EFD8012D38
:104540001FD10C2AEBD1244E736A13F0060F01D150
:10455000DB05EFD41CF0E0FD20B91CF0D4FD0028F1
:10456000E8D1DCE7A37A96F83020C3F3C010B2EBB1
:10457000D31FD4D104F1120100F00100FEF716FBA5
:10458000EDE7042DD6D11449144A486A0240002AA6
:10459000C5D0C96B0029CDD08A79C3F380130C3202
:1045A00088188A5CB3EBD21F08D01CF0B5FD002838
:1045B000C0D11CF09FFD0028BCDBB0E704F10C016A
:1045C0000622083023F040FC04461CF0A5FD00281C
:1045D000B0D1002CAED0ECE7F42E0020080004008F
:1045E000F0B5244C87B0606B00B3A76BBE79FCF7C5
:1045F000B9FE0223FF210C36BA5DCDE90431BD19A5
:1046000095F8233000215B090393AB8BD209029309
:104610006B8B80B201932B8B009305F108031EF086
:10462000F9FA606BFDF786F900236363A06B0FF066
:10463000EFFC0023A363636A23F00402DB076262DA
:104640000CD594F85450052D0AD101F0DFFD38B196
:1046500094F8673065F3030384F8673007B0F0BD62
:1046600094F854001FF0B9FB94F8673060F303032B
:10467000F2E700BFF42E002013B5154C27F01DFA09
:10468000236A01930023236227F009FA019BA3B94F
:10469000636A1A0406D51DF0CDFEA0B1636A23F447
:1046A00000436362636A1B0305D5FFF799FF636AE2
:1046B00023F40023636202B010BD01A823F0A9FF18
:1046C0001DF023FFE2E74FF0804007F045FBE9E7EC
:1046D000F42E002038B50E4D044601F089F8E86B41
:1046E00018B10FF095FC0023EB631DF02DFE094877
:1046F000FDF78EFFAB6B0BB1FFF7B2FC2146044810
:1047000000F0F2FABDE83840034823F064BF00BF70
:10471000F42E0020FC2E0020142F0020034B586A9A
:1047200010F0050001D1FFF7D5BF7047F42E00202F
:1047300070B53B4C1646636A03F0010270B95AB17A
:1047400027F0BBF9636A054623F001036362FFF7B4
:10475000E5FF284627F0A3F9002070BD002AFBD111
:104760009B0704D5E36BBBB10120FFF7C3FD94F8B1
:10477000303003F0FD03012B16D027F09EF90546DB
:10478000C6B10E20FFF75AFC1FF0F2FB42F2107385
:1047900003FB0600A06210E0022024F0E0F8E063D2
:1047A0000028E1D10720D8E7FEF750FA0028E4D12D
:1047B0001220D2E70E20FFF72FFC0020FFF73EFC6F
:1047C000636A13F00403C4D140F27122E364E38D01
:1047D000E260023B534323611FF08EFB0323B0FBD7
:1047E000F3F303EB4303C31A253384F86630FFF772
:1047F000DDFC1FF0BDFB60602065B4F8BC00002844
:1048000008BFF520FFF7F2FB064B05481A6813783E
:10481000527813445B10637600F018FA99E700BFF2
:10482000F42E0020C42E002038B51A4C05466369CA
:1048300023F01003636100F0DBFFB4F8BC302BB948
:10484000A36813F4601F08BFA4F8BC30012111480D
:1048500000F04AFA104BE361636A5A0405D485F00C
:104860000100BDE83840FFF7E7BCA26A6168521A50
:10487000002AF4DA23F0010343F400436362FFF7F4
:104880004DFF4FF0804007F067FAFFF787FC0028E4
:10489000E5D138BDF42E0020EF3D040008B5FFF748
:1048A0007DFCB0B10B4B586A20F0040210F00100FF
:1048B0005A6203D1BDE80840FFF70CBF00F098FF33
:1048C0001DF042FDFFF7CCFBBDE808400020FFF7DC
:1048D000ABBF08BDF42E00202DE9F04F4FF0000BC8
:1048E000304C89B0A66B636BB779C4E90DBB0C374C
:1048F000F51901936B6A904682468946039301F04D
:10490000CFFFF35D05F108073946C3F3C01306A8CE
:104910008DF818301CF008FCFF238DF81930636AFD
:1049200001A8C3F380230E358DF81A30CDE9045762
:104930008DF808B08DF81BA08DF81C908DF81D80A7
:10494000FDF7A8F830460FF063FB636A23F02402FA
:10495000DB07626205D40120FFF7BCFE09B0BDE8A9
:10496000F08F114B94F854501A68052D1378527833
:1049700013444FEA630363760FD094F854001FF09A
:104980002CFA00F00F0594F86730012065F303035B
:1049900084F86730FFF748FFE0E701F037FC0028B4
:1049A000EBD0F0E7F42E0020C42E002037B50546EA
:1049B00008461146254A526A02F41072B2F5107F79
:1049C00004D1022B40D0032B08BF012301931623EF
:1049D00000F001020093284605231FF046FAAC7947
:1049E0001EF075FB0C342C440321C4F80E0004F1B6
:1049F0001200FFF7D1FABDF8203004F11E00238326
:104A0000BDF82430E38202236375BDF81830638358
:104A1000BDF81C30A38302F0F1FA0C22A37CB3FB97
:104A2000F2F102FB113394F82320053363F30402FF
:104A300084F8232001F06CFE94F8233060F34713D0
:104A400084F8233003B030BD0023BFE7F42E0020EC
:104A50002DE9F043054689B000200F46904623F02B
:104A60007EFF0646002800F0A880554C06206763AC
:104A700095F8019019F0010900F09480FFF7DEFA33
:104A80006A7A636A023A012A93BF43F4007323F4FB
:104A90000073002089F0010094BF636263621CF020
:104AA00044FB05970027AB890797ADF81A306B894F
:104AB0000DF11202ADF81830424B04A91B6805A88D
:104AC0009847BDF81230EA1C0393BDF81030304609
:104AD00002932B8A0193EB8900936B7AA978FFF7F5
:104AE00065FF3846A663FFF705FC26F0E6FF636A1C
:104AF000074643F004036362334B1A689379D27913
:104B000013445B106376AE7C052E84F855604CD060
:104B100094F855001FF061F900F00F0694F8673023
:104B200066F3030384F8673095F90230002BBCBFAD
:104B3000042384F85530636ADA072CD4B8F1000FE7
:104B400038D043F48013B4F8BC006362002808BF77
:104B5000F520FFF74BFA40F27122E38DE2605343F8
:104B6000A3F5E17323611FF0C7F90323B0FBF3F34F
:104B700003EB4303C31A253384F8663047F6FF730B
:104B8000A4F86030FFF712FB1FF0F2F960602065B7
:104B90000B4800F05BF8384626F081FF002009B092
:104BA000BDE8F083FFF738FA6AE701F02FFB002831
:104BB000AED0B3E723F48013C5E70720EFE700BFCB
:104BC000F42E0020502E0020C42E002010B5074CDB
:104BD0002368DA0607D523F01003236018B90120F3
:104BE000A1681CF04AFA0023A36010BDB42F002076
:104BF000014610B5044602201CF03FFA054B1B6825
:104C0000D90305D463691A075CBF43F004036361E9
:104C100010BD00BFB42F0020014BD868DC387047AE
:104C2000B42F0020034B10B5DC681FF0A1F9DC3C69
:104C3000201A10BDB42F0020034B1B6813EA004359
:104C400014BF012000207047B42F002038B5002386
:104C500003604369044658070DD5204650F8081FE5
:104C6000C90C01F4FC7141F00501FDF77FFC63699B
:104C700023F0040363616369D90602D51FF078F954
:104C800060601848024652F8043F8BB923601460F4
:104C900083684BB1617E5A7E914219D26269D20615
:104CA0000ED50020FFF792FFBDE838401EF085B911
:104CB00059686568491B0029E8DA1A461B68E4E769
:104CC0005A681B69134462689B1A002BECDBE8E707
:104CD0001A895B68D31A62681344E268D342E3D549
:104CE000DFE700BFB42F002038B504460A4D084660
:104CF000AB68A34201D1FFF769FF6B68074A1BB19C
:104D0000A342196804D11160BDE838401EF055B9BE
:104D10001A460B46F3E700BFB42F0020B82F00203F
:104D20002DE9F047754D2B685B0700F1AF80AB684C
:104D3000002B40F0AB8055E8003F43F0040345E80A
:104D40000032002AF7D16C689CB11FF011F9D4E948
:104D5000043717F0100F0646A26819D010FA82F235
:104D600062602068D4F8048038BBDC334344C5E972
:104D7000024355E8003F23F0040345E80037002FC5
:104D8000F7D1AC68002C74D1BDE8F04701F0D8BB76
:104D9000606892B2811AFF07A1EB060109D40029CD
:104DA000DFDAE768DF1BCF4205D432441844831AA8
:104DB000D6E70029D5DA20464FE041690289CF06BF
:104DC000D0F804E048BF06EB020EAEEB020211F091
:104DD000010C11BF1146D0E90371C91B891808EBFA
:104DE00003077F1A002F28DDBB4205D9E768A1EB36
:104DF0000801DC378F423AD9D4F814A01AF0010F19
:104E00001DD12169D0F80C9027894144A1EB0901FB
:104E1000C91BE768A1EB0E01DC37B9420FDD971B18
:104E2000BCF1000F03D10169A1EB09010F44002F70
:104E300005DB4B46C0F804E00446006892E7477E75
:104E4000617E8F42F9D2921BBCF1000F03D1D0E9F1
:104E500003135B1A1A44002A02DAFFF7C9FE72E74D
:104E60001AF0100FA7D0C368C0F804E0E4E70B46BF
:104E7000E3E7A36813F4601FC3F3C24008D12146DF
:104E80002B6843F010032B601CF0F7F8BDE8F087A7
:104E900004F108063046FDF777FB2B68214643F006
:104EA00010032B60F8B91CF0E8F8A36813F4601F36
:104EB0004FEAD341C3F3C24517D0013DEDB201F42F
:104EC000FC7130462943FDF751FB03213046FDF7C5
:104ED000B9FB75B1A268237E1344120C9BB2120475
:104EE0001343A360D2E73846CEE703213046FDF7EF
:104EF000A9FB3046FDF78CFBECE700BFB42F002088
:104F000008B5034B996809B11CF0B7F808BD00BF9C
:104F1000B42F0020014B9868704700BFB42F0020C9
:104F20000A4B70B59C6884420FD1214601201CF0C9
:104F3000A4F8666825891FF01BF8AD1BC542214601
:104F40004CBF002002201CF098F870BDB42F002048
:104F5000054B1B681B6A13F0100003D013F003000D
:104F600018BF0120704700BFC42F00202DE9F34176
:104F700000264FF0FF31044601A8019601F068F9C0
:104F8000019949B12046FCF707F9032806D0052806
:104F90002FD001A823F01FFB012023E01B4D1C484C
:104FA00001F0ECFC2B683046597E01F09DFB2F6828
:104FB000184E786BD6F8088023F092FB41460246E3
:104FC00038461CF069FB2B68B0685B6B036001F02E
:104FD0003DFB2B681B6ADB0407D5204601991CF0BA
:104FE00023FB002002B0BDE8F08101A823F0F3FA12
:104FF000F7E7019801F0E2F9204601991CF0C9FA9F
:105000000028C9D0304601F0B9FCEAE7C42F0020DF
:10501000E9510200002E002038B5264904460B7DD8
:105020004A7D0133DBB2B3EB921F0B7503D303232D
:1050300000200B7538BD016AC9022ED5032390F8F4
:105040008220243A92FBF3F303EB4303D21A253276
:10505000D2B2B4F8481094F8833011F01001B4F9CA
:10506000620084F8822003F00F031CD11EF0F1FFD0
:1050700004F17405014628461EF08CFF284601F015
:10508000ABFA0022114610461BF0F9FF94F882009B
:1050900000211EF0DDFF0120CCE75B001A4102F089
:1050A00003022532D5E702461946002001F098FE9A
:1050B000DEE700BF002E00201F4B2DE9F041044623
:1050C0001860006B23F00CFB01462046FBF7F4FF51
:1050D000B4F84830194E03F01403142B0CBF00220F
:1050E000226BB36820461A60FFF796FFFFF730FF88
:1050F000134B051E134808BF184601F03FFC6369B7
:10510000676803F010081EF033FF6D000346627EEF
:10511000E8B2B8F1000F03D1FF1AB7F59B7F07D5AE
:10512000114601F0BFFAB068BDE8F04101F08EBA57
:1051300061681EF023FFF6E7C42F0020002E002038
:10514000D55102002552020070B50546FFF700FF59
:10515000104B041E104808BF184601F00FFC2846EB
:10516000FFF75AFF0D4E054660B133686000597E67
:1051700000F0FE0001F096FABDE87040084B986818
:1051800001F064BA01F0FAFB29463068BDE87040CE
:10519000FBF7D2BCD551020025520200C42F0020DB
:1051A000002E0020034610B5094C052B20680AD0BC
:1051B000062B0CD1002001F0E1FB20680121BDE8A5
:1051C0001040FBF7B9BCBDE81040FFF7BDBF10BDF4
:1051D000C42F0020032803D1024B1868FFF7B4BF87
:1051E000FFF7E0BFC42F00200C4B032810B51C684C
:1051F0000FD1206B23F074FA01462046FBF75CFFC9
:10520000074B226B9B682046BDE810401A60FFF7F1
:105210009BBFBDE81040FFF7C5BF00BFC42F0020F3
:10522000002E00200E4A032810B5146805D004286B
:1052300009D0BDE81040FFF7B5BF617E0120BDE891
:10524000104001F0EDB92046FFF790FE30B101F0BB
:1052500027FB2046BDE81040FFF776BF10BD00BF1A
:10526000C42F002038B50D460446002001F086FB0F
:1052700001F016FB29462046FCF7A8F80022014B56
:105280001A6038BDC82F00200123074A03FA00F036
:1052900002F1140353E8003F034302F1140C4CE8FD
:1052A00000310029F4D17047182E0020F8B5244FA2
:1052B00005467B690C4613F4C07F03D099063BD4A6
:1052C00001200CE039B15A0705D4D5F8A43013B940
:1052D0000820FFF7D9FF7B699B0601D50020F8BDA8
:1052E0007B7FAE6A022B06F0080604D916B114B90A
:1052F0000220F4E7E4B995F8921095F837010631E9
:1053000000F00F0000F0F8FD85B20EB904B16D0099
:10531000FFF788FCA8420DDB7B6913F01C0FDDD181
:105320001EB1002CDAD10520D9E7002CFBD1D5E73E
:105330000320D4E70420D2E7002CCFD0C3E700BF7E
:10534000182E002038B50446114D4FF480616B696A
:10535000283043F400736B611EF0B9FD0121204633
:105360001CF0A1FA00212046FFF7A0FF014620B162
:105370002046BDE83840FFF775BF6869617E80F45C
:105380008070C0F30020BDE8384001F049B900BF8B
:10539000182E002038B504460B4B186000F59470A9
:1053A00001F01AF92046FBF7DDFFC4B220461BF0DE
:1053B00072FE054620461BF070FE2946024602207A
:1053C0001BF05DFE38BD00BFC82F002008B50020CF
:1053D00001F0D4FA01F064FA0022014B1A6008BD12
:1053E000C82F002010B50446FFF7D4FF064801F08F
:1053F000C5FA6168226C637E1120BDE8104001EBA4
:10540000920201F0EFB900BF01570200454B37B5DA
:105410001C680023A26A01935005D4F8A03012D56D
:1054200004F1A400019323F0F4F8C4F8A00050B1F3
:1054300094F846314FF48061013B84F8463104F121
:1054400028001EF044FDD4F8A0500DB9364B9D68DD
:1054500094F94631022B0DDCD4F8A83013B1A36ABD
:10546000D90502D5D4F8AC3023B14FF48051204691
:10547000FBF78EFFD4F8A410A36A002914BF012102
:105480000021AA794FEA830302F10C0203F00C0316
:1054900043EA0113A95C21F01C0143EA0103AB5468
:1054A0000DD1214A02F1140353E8003F23F0080311
:1054B00002F1140040E800310029F3D102E003209A
:1054C000FFF7E2FE284601F0C1F82046FBF74AFF4D
:1054D000AB792B445B7B1BB1012180B21BF0F2FD49
:1054E000019B53B15B7903F00A03082B02D12046DC
:1054F000FCF778FA01A823F06EF86B799A070ED5BD
:10550000A36A1B040BD50820FFF7BEFE4FF4004131
:1055100004F1280003B0BDE830401EF0D8BC03B051
:1055200030BD00BFC82F0020182E002000232DE919
:10553000F04385B00446032103A8039300F088FEDE
:10554000039D35B9F4212046FFF78CFE05B0BDE878
:10555000F083AB79694F0C331D442A797B69D607F8
:105560004FD4DD064CBF07200420FFF78DFE002638
:1055700001212046FFF79AFE054650B97869617E01
:1055800080F48070C0F30020400001F0ADF8FFF718
:105590003DFF039800F012FFDDF80C807A6998F85F
:1055A0000630510603F10C0308EB030915D458F833
:1055B000033006203B61FFF767FEA36A1A060CD48E
:1055C00004F1280252E8003F43F0800342E8003132
:1055D0000029F7D10120FFF757FE494620461CF06D
:1055E00068F999F80430DB0740F18480002E52D12D
:1055F0001DB129462046FFF735FE03A800F0DCFC6C
:10560000A4E7012023F010037B61FFF73DFEAE7A93
:10561000F0062FD50220FFF737FEA36AAA7A83F09F
:105620000203C2F38002C3F340039A422FD14FF426
:10563000006104F128001EF04AFC50E8002F42F4FB
:10564000806240E80023002BF7D1A26A82F00202B8
:10565000A2627B77AA7AA36AC2F3C00203F00101B7
:105660008A4284D183F0010316F0030618BF012695
:10567000A3627DE707F1140353E8003F23F004031E
:1056800007F1140141E80032002AF3D1C5E77B7F1E
:105690000133DBB2DDE72046FBF764FEC0B21BF04E
:1056A000FAFC06462046FBF75DFECDF80480A38F8A
:1056B00082B200933146002302201BF0E8FC4FF039
:1056C000FF3103A800F0C4FD039B9A791344DB7DEE
:1056D000002B8DD02046FBF745FE012180B21BF048
:1056E000F1FC20460399FCF7A7F9002D3FF42EAFFB
:1056F000294628E7002E3FF47BAFE0E7182E002074
:1057000008B50346114A042B10680BD002D8032BAE
:1057100018D008BD053B012BFBD8BDE80840F1219E
:10572000FFF7A0BDFFF702FF094A02F1140353E897
:10573000003F23F0200302F1140040E8003100296B
:10574000F3D1E6E7BDE80840FFF7FCBDC82F002015
:10575000182E0020164B033810B51C68032818D8E3
:10576000DFE800F00702181E2046BDE81040FFF7F2
:10577000DDBE2046FFF7E6FD0E4A02F1140353E8B2
:10578000003F23F0200302F1140040E8003100291B
:10579000F3D110BDF1212046BDE81040FFF762BDF6
:1057A0004FF4806104F128001EF091FBF221F2E732
:1057B000C82F0020182E002010B50446FFF7EAFD80
:1057C000054801F0DBF8FFF721FE627E61680220E8
:1057D000BDE810401EF0D2BB55570200034B5B6A78
:1057E00013F0060F0CBFE220F1207047F42E0020CA
:1057F00008B5FFF78FFB054B834206D101F050F847
:10580000BDE80840002001F0B9B808BDF42E002022
:1058100070B51E4C1E4801F0B1F894F8673094F84A
:10582000662003F00F030021C8201EF012FC014681
:1058300004F158001EF0AEFB04F1580000F0CCFE5D
:105840000022114610461BF01AFC66681EF090FB01
:105850000246FFF7C3FFB61AB6F5FA6F054609DC34
:10586000FFF7DAF9627EA0F5E1712846BDE87040E5
:1058700000F07EBF6668FFF7CFF93146637EA0F582
:10588000E1722846BDE8704000F0ACBFF42E002065
:10589000015D020038B501F003F8FFF7C3F9B0F578
:1058A000967F0D4C0CDDFFF799FF0546FFF7B4F925
:1058B000627EA0F5E1712846BDE8384000F058BF8F
:1058C0001EF056FBE36C62689B1A0344E3640020FD
:1058D000BDE838401EF098BAF42E0020F7B5104C01
:1058E000064694F845500F462DB10020013D84F83E
:1058F000455003B0F0BD0B4B02201B68597800F0F7
:10590000F3FE94F830303A46CDE900533146032394
:10591000E06B1EF0AAFAE06B00F098FE0120E8E7C9
:10592000F42E0020C42E0020094A02F1240353E87B
:10593000003F43F0080302F1240040E80031002951
:10594000F3D1044B01201B68597800F069BE00BFF9
:10595000F42E0020C42E00200289438940F27120D9
:105960005B004343D0B25B1A4343120AB3FBF2F32A
:10597000024A126811445818704700BF0C330020C7
:1059800030B58C1AE41A002C08DA124C551A6468E7
:105990001D44B5FBF4F505FB04442144134440F2D7
:1059A000E242CB1AB3FBF2F39BB242892BB940F22D
:1059B0007124530004FB031113460132B3FBF2F4CC
:1059C00002FB1432028140F2E2409B1A00FB1310EA
:1059D00030BD00BF0C3300202DE970430646184649
:1059E0009DF8183089461446E3B9C31E012B8CBFBD
:1059F00002250325222100F07FFA40F27128154B81
:105A00006D005B6808FB05F581446BB121463046AB
:105A1000FFF7A2FF4A460146ABB23046BDE87043ED
:105A2000FFF7AEBF0125E5E7738934890133B4FB85
:105A3000F3F203FB1244F37934815B00640008FB4A
:105A400003F308FB04F404EB530404EB09002844BB
:105A5000BDE870830C33002070B50A4C636A5B07A5
:105A60000DD58B790C33CD1850B9E879CE582989EA
:105A700000F042FA064426646B7984F8443070BD25
:105A80000120F3E7F42E00202DE9F04F16468DB0EB
:105A9000021E069108BF00211F46954B05929D6B83
:105AA0005B6AAC7938460C342A5DC3F3801A61F323
:105AB00045122A55314603F0400203921BF02EFB9B
:105AC00005EB04080790285D08F1080B5946C0094A
:105AD0001BF024FB039B8146002B44D1002844D1BA
:105AE0001BF01AFB80F00103DBB252463146384608
:105AF00003F001031EF05CFA0490002800F08A8095
:105B0000039B002B33D1B9F1000F75D1079B002BFC
:105B100072D01BF0F2FA00286ED001220AA90DF112
:105B200027001BF0FDFA002874D09DF827302A5D6D
:105B3000591E4B424B41B3EBD21F6BD10622584644
:105B40000AA922F081F9002864D13368C8F8083026
:105B5000B388ABF804302B5D67F3C7132B554FF0B8
:105B60000009CA4619E00123BFE7039BBDE7604B6C
:105B70005B6A13F400791CD115F804A0CAF3801AEB
:105B800048461BF0D2FA3368C8F80830B388ABF83F
:105B900004302B5D67F3C7132B55059B544E002B28
:105BA0003ED196F8B630002B3AD0013B86F8B6309D
:105BB00030E01BF09FFA002806DA15F804A04FF039
:105BC0000009CAF3801ADBE70022114610461BF0D9
:105BD000A1FA15F804A08146CAF3801A0028CFD094
:105BE000002302211A4608EB01001EF016F92B5D76
:105BF00060F386132B55C3E77A1E57422B5D57413E
:105C0000B7EBD31F06D106223146584622F01CF9C5
:105C10000028A4D00023049304980DB0BDE8F08FB1
:105C20001EF0A6F907461BF024FE059B02463946E6
:105C3000009308F10E009DF85830FFF7CDFE2D4B74
:105C4000059A07461B68A2B95978022000F04CFD5E
:105C5000B06B00F0FBFCB36B9A7913441F63FFF742
:105C600059F9254BC361069BBBB9736A23F4806362
:105C700016E0D979002000F037FDB06B00F0E6FCAB
:105C8000B36B1E489A7913441F6300F077FE069B9E
:105C9000C3B9736A23F4806317E0736A43F48063C3
:105CA0007362039B9BB1B9F1000FB5D0002351463D
:105CB0001A4608F102001EF0B0F82B5D60F386135F
:105CC0002B55A9E7736A43F480637362EBE72B5D9E
:105CD0000022C3F3C01359460AA88DF828301BF0E0
:105CE0001FFA2B5D9DF8282062F3C7132B55DAE7C6
:105CF000F42E0020C42E002047230400B15E0200D1
:105D000004282DE9FF471ED005D8032800F0C280E3
:105D100004B0BDE8F087431F012BF9D805384FF0D8
:105D2000010118BF0120FEF705FB1EF021F95E4AB4
:105D3000D36C51685B1A03440020D36404B0BDE8FF
:105D4000F0471EF061B8002303A84FF0FF31039322
:105D500000F07EFA0398DFF8508158B1FEF7D8FBC7
:105D60000828074603D8514B1E5C31070AD403A804
:105D700022F031FCD8F8243013F0060F15D0FFF7CD
:105D800089FD12E00728D8F8242015D112F48012DA
:105D9000EDD1404603991CF0CDFA0028EAD01CF062
:105DA000D4FA10B10120FEF747FA0121084604B0E9
:105DB000BDE8F047FEF7BEBA12F00404039D10D010
:105DC00016F002040DD00120AA790C322A44917AEF
:105DD0000090C1F380130C32C1F34011FFF754FE61
:105DE0000446284600F0EAFA29460120FFF734FE6F
:105DF000D8F82430DA072DD503F0800995F806A0ED
:105E00001BF08AF90AF10C0AAA4480F001039AF8FF
:105E10000A00B9F1000218BF0122DBB20AF10C013D
:105E2000C0F380101EF0C4F860B12CBBD8F8243049
:105E300028469B0733D5F40710D4730731D5FEF7F6
:105E4000CBFA97E7B9F1000F04D149461BF06AF984
:105E50000028EAD028460EF0DBF818E01EF053F9CF
:105E6000044648B1A8790C302844817A0C30C1F33B
:105E70008011FFF733FD0446042F03D1D8F82430F6
:105E80009907E7D57207E5D52846FEF7A5FA002C55
:105E90008BD16FE704B0BDE8F047FFF745BD042F95
:105EA000CBD10EF0B5F865E7F42E0020E2D1040066
:105EB000032808B50BD1084800F060FD0122074B0C
:105EC000104693F94410BDE80840FEF705BDBDE853
:105ED0000840FFF715BF00BF015D0200F42E00204F
:105EE00010B50024034BC3E90044ECF7CDFA20467B
:105EF00010BD00BFCC2F0020064B10B51B680C4610
:105F000010B101F043F9034618795B8804FB0030B7
:105F100010BD00BFCC2F0020084B10B51B680C46ED
:105F200010B101F033F903465A88A2423DBF1B79F4
:105F3000A41AB4FBF3F0002010BD00BFCC2F00204A
:105F40000138C0B203289ABF014B185C002070478B
:105F5000B5D104008BB200294FF00A01B4BF053B54
:105F600005331BB293FBF1F3014A908093717047A4
:105F7000CC2F0020024B9B79C01A40B2704700BF63
:105F8000CC2F0020024B9B88C01A00B2704700BF84
:105F9000CC2F0020074B186840F20D1338B9002BA6
:105FA000C1BF45224433B3FBF2F0C0B27047006872
:105FB000453BF3E7380B00202DE9F041064625F07C
:105FC0007CFD0746FFF7E6FF35460446286818B112
:105FD0006CB9284622F0FFFA31680A4822F0E2FB49
:105FE000384625F05CFD00233360BDE8F081D0F831
:105FF000008022F0A8FC2B68013CC3F800802D68CB
:10600000E4B2E3E7380B0020024BDB6B03B1184727
:10601000FEF776BF380B0020C04310B5054A131DAC
:1060200053E8003F0340141D44E800310029F6D135
:1060300010BD00BF380B002010B5054A131D53E8F2
:10604000003F0343141D44E800310029F6D110BD80
:10605000380B0020F8B516461C4607461946104670
:106060001DF07BFF3246234638461DF07BFF564D20
:10607000D5E9062300EA020401EA030654EA06030E
:1060800030D0630104F080601BD56B681F062AD4F2
:106090004E4B2340002B76D024F0011323F4A04371
:1060A000334370D1EB7A012B69D140F201436A6826
:1060B0000520934314BF00230323EB72FFF7A4FFD3
:1060C0000CE0A4F10C0333436BD00D2C76F10003EC
:1060D00014D2231F334327D11DF041FF2046314600
:1060E0001DF037FFF8BD2B1D53E8003F23F0800360
:1060F000291D41E80032002AF5D1F3E7A4F58043D9
:10610000083B334326D004F17F433343C0D1EB7ABD
:10611000022B34D16B689A074AD50423EB722B8C7F
:10612000032001332B840FE0A4F108033343AFD1E4
:10613000EB7A012B23D16B68D90735D50323EB729A
:1061400004206B8C01336B84FFF75EFF01201DF090
:1061500005FFC3E7EB7A012B32D16B68D8072BD54B
:106160000323EB726B8C042001336B84FFF74CFF2D
:1061700001201DF0F3FEEB7A012BAFD195E704204F
:106180001DF0D1FEAAE7124B06F020022340134374
:10619000A4D00420FFF750FF4FF0006005F0DCFDB5
:1061A0009CE71DF0DBFEC3E713F40063C8D1C6E72C
:1061B00013F02003B3D1B1E713F40063D2D1D0E7D9
:1061C00004201DF0B0FED6E7380B0020015001007E
:1061D0000DD50155014B986A704700BF380B002060
:1061E00010B5064CA06A21F07DF928B9A06A21F00B
:1061F0007BF900F0010010BD0120FAE7380B002008
:10620000014B986A21F072B9380B0020024B586894
:10621000C0F34020704700BF380B002010B5044683
:106220004FF40070FFF7F8FE084B986A21F060F910
:1062300038B10CB9002010BD4FF40070FFF7FCFE20
:10624000F8E7002CF6D00C20F5E700BF380B002053
:106250002DE9F04F046806468846574D89B0002C5A
:1062600048D02046A77922F03BFA0C3727443C89D6
:106270000A38B8F1FF3FA4EB000402D04445A8BFA0
:106280004446B5F83890B0EB090713D4002C0EDD66
:106290006D6B36683D44FF2C224629463046A8BF28
:1062A000FF2222F074F9241A36680544F3D109B0AC
:1062B000BDE8F08FA9EB0009A145A8BFA146296B55
:1062C000C846D6F800A001EB000BB9F1000F0DD0C5
:1062D0004246FF2A59465046A8BFFF2222F057F9EE
:1062E000B8EB0008DAF800A08344F1D1A4EB09046C
:1062F0004F44CBE70321A86A03AA21F04BF8BDF86D
:106300000E70A14602940A3702ACE86209E02360ED
:106310001B682B602368C3F800902368002F1C467D
:1063200011DD2B68453F002BF1D1012022F017FB36
:10633000034620600028F1D1019002A822F04BF919
:10634000019B3360B3E72B1D53E8003F43F0080384
:106350002A1D42E80034002CF5D14FF0006005F012
:10636000FBFC0298BDF8102043790A2143F0010399
:106370004371069B30606B63059B2A872B6383798F
:10638000BDF80E200C3303441C711A812A7ADC718B
:106390009A719DF80C20072A0BBF0122AB8C1A7151
:1063A00001331FBFAB846B8C03F1FF336B8422F08E
:1063B000E2F8346855E700BF380B00202DE9F041C2
:1063C000877905460C37C419237986B013F0020883
:1063D0001BD1174E43F0020323716A46D6E90A0126
:1063E00020F0DAFF238969460333B06AADF8043040
:1063F00020F0D4FF009B9DF90E00EB51FFF7BAFD92
:106400006071B37A022B03D8E37106B0BDE8F08166
:106410009DF81130012B04D0022B04D02BB904239A
:10642000F2E70323F0E70123EEE784F80780ECE7C7
:10643000380B002037B5124B00F00F041B88012CDD
:10644000ADF8043015D0022C15D18DF8044042F27D
:1064500022000C4D6B680340A3420ED0FFF7DCFD19
:106460002046FFF7E9FDA86A01A920F003FF03B069
:1064700030BD2024EBE70024E9E70020F7E700BF68
:10648000E0D10400380B00202DE9FF41164602231D
:1064900000270D46124C8046A06AE372CDE90277D0
:1064A00005F030FE30468DF80C7002951DF053FD5E
:1064B00000903A46617AA06A02AB20F02CFE0446B6
:1064C000074648B94046FFF7B5FF334604463A460B
:1064D000012128461DF03BFD204604B0BDE8F081B7
:1064E000380B002037B5144B00F00F041B88012C2B
:1064F000ADF8043014D0022C16D0002441F601006F
:106500000E4D6B680340A34213D0FFF785FD204674
:10651000FFF792FDA86A01A920F0C2FE03B030BDCA
:1065200004238DF80430E9E78DF804404FF400644B
:10653000E4E70020F2E700BFE0D10400380B0020C0
:10654000002210B5084C104611461DF0FFFCA06A51
:1065500005F0D8FD1DF005FD204622F03CF8BDE811
:1065600010400820FFF758BD380B0020014B986AF7
:1065700020F0FCBF380B002038B5154C0546A37A37
:10658000834211D0431E042B08D8DFE803F0030E2A
:1065900012171900A06A06F0E3F928B92846A57277
:1065A00000F0F4FD0B4B186038BDA06A1DF0E2FC52
:1065B000F3E70121A06A1DF0DFFCEEE70321F9E714
:1065C000FFF724FE0028E9D0A06AFFF7CFFFE4E739
:1065D000380B0020CC2F002073B50446408900F012
:1065E0005FFC0E4DA07B002628721DF087FC6872B0
:1065F000E07B00F00F00FFF7BFFF0096A37BD4E91C
:106600000021A86A20F0E5FF3246314630461AF0F4
:1066100036FD20681DF0A4FC02B070BD380B0020D0
:106620000122094B10B50C46DA72FFF75BFF10B17F
:1066300004201DF078FC2246002101201DF086FC7C
:106640001AF01EFD10BD00BF380B0020F8B504463F
:106650001AF017FD0746A179E279114E521A0C3152
:106660000123B06AD2B2214420F080FEE579A379FB
:10667000ED1A57FA85F524680CB93561F8BDA17992
:10668000E2790023521A0C31D2B2B06A214420F0D0
:106690006DFEE379A2799B1A55FA83F5EBE700BF0B
:1066A000380B0020F8B502230E4E0D46F372FFF7AB
:1066B000C1FE044620B1BDE8F84004201DF033BC03
:1066C00028461DF048FC07462A46214601201DF0B9
:1066D0003DFC3B462246717AB06A20F01AFD002844
:1066E000E9D1F8BD380B00200222084B10B50C464A
:1066F000DA72FFF79FFE10B104201DF014FC224651
:10670000002101201DF022FC10BD00BF380B00202D
:10671000014B187B704700BF380B002068B1084B55
:10672000194653F8042F0AB18242FAD25B1A9B1021
:10673000013BDBB2034A137370470123FAE700BF42
:10674000BCD10400380B002010B5084C606810F470
:1067500080700AD0A06A20F039FE30B90121A06A09
:1067600020F032FE80F00100C0B210BD380B0020D6
:106770000023F0B5012785B0194E00938DF80C3039
:10678000C0F340138DF80E30C0F3001304461546D5
:10679000F7728DF8047002918DF80D30FFF7A2FEAC
:1067A00020B104201DF0BFFB05B0F0BD28461DF050
:1067B000D2FB717A03466A46B06A20F0AEFC2A46E4
:1067C000C4F38011064638461DF0C0FB1AF058FC91
:1067D000230601D5FFF7B8FF002EE2D1E4E700BFA2
:1067E000380B00202DE9F0434FF0010985B0244F0C
:1067F00004460D4690460021102268461E4687F842
:106800000B9021F04BFBB86A05F07CFC0023E206FC
:1068100000958DF80430CDF8088006D5194B1B681B
:106820001B888DF80D9043440293002330468DF869
:106830000C30C4F340138DF80E301DF08CFB6A460B
:106840000346797AB86A20F068FC28B104201DF06C
:106850006AFB05B0BDE8F0832046FFF743FE3346F0
:106860000121C4F38012074628461DF070FB1AF080
:1068700007FC230601D5FFF767FF002FE6D1E8E705
:10688000380B0020CC2F0020044B5A68D20503D5CA
:106890000021986A20F098BD704700BF380B002097
:1068A00038B5114CE37A23B10022114610461DF091
:1068B0004DFB00252846E5721DF050FB0122032107
:1068C000A06A20F017FC2A460121A06A20F068FD8A
:1068D000FFF7DAFF8020FFF79FFBBDE838404FF459
:1068E0004050FFF7A9BB00BF380B002008B5FFF7E9
:1068F000D7FF044A0620D38C0133D384BDE8084077
:10690000FFF782BB380B0020F8B51B4D6B685907A9
:1069100004D50420FFF780FBFFF7E8FF6B681A0738
:106920000FD525F0CAF80646FFF734FB0446124F90
:1069300024B1012022F013F80146A8B9304625F011
:10694000AEF86B68DB0615D51020FFF765FB00F08D
:1069500021F878B125F0B1F80446FFF7C7FF2046CB
:10696000BDE8F84025F09BB83846013C21F024FFF3
:10697000E4B2DDE7F8BD00BF380B0020014BD8635F
:10698000704700BF380B0020014B186E80B2704773
:1069900000C001B80A4BD86800F07060B0F1106F09
:1069A0000CD008D8B0F1E06F08D0B0F1006F14BF80
:1069B000002001207047B0F1406FF8E701207047D8
:1069C000000002B82DE9F04F87B0074691469A467D
:1069D000ADF80C1021F084FEB0F100083DDD002F71
:1069E0003ED03C464FF0000B264EA379E57903F1EB
:1069F0000C01ED1AEDB2214406EB0B002A4621F002
:106A000058FA2468AB44002CEFD19DF80C101E48B6
:106A100001F023010091C0F808900DF114094246DD
:106A200053461849CDF80490A04616F0A0FA3C460B
:106A3000A379E57903F10C00ED1AEDB206EB08013C
:106A400020442A4621F035FA2468A844002CEFD1CE
:106A500004224946384622F080F807B0BDE8F08F9E
:106A60009DF80C10084801F02301C0F808900DF1C2
:106A700014090091534642460249CDF8049016F09D
:106A800076FAE5E7F4310020FC3F00202DE9F047DD
:106A900084B0904699460390ADF8081021F020FE8E
:106AA000071F002F25DD039D002D40D04FF0000A69
:106AB000204EAB79EC7903F10C01E41AE4B22944DD
:106AC00006EB0A00224621F0F4F92D68A244002DBD
:106AD000EFD11948F119C0F8088001919DF808100C
:106AE0004B4601F0230100913A46124916F028FA6C
:106AF00018B1002004B0BDE8F087039D7DB10746C2
:106B0000AB79EC7903F10C00E41AE4B2F1192844F2
:106B1000224621F0CEF92D682744002DF0D103A89C
:106B2000042121F07FFE012004B0BDE8F087014E72
:106B3000CFE700BFF4310020FC3F002030B5144601
:106B40000D460246064883B00195802183602346A6
:106B5000009416F023FAB0FA80F0400903B030BD7B
:106B6000FC3F00200023F0B50E46D1688BB009BA77
:106B70000291C17890F800C061F3070381781A4D43
:106B800061F30F23417802AF61F317436CF31F6386
:106B90000993936851681BBA0393836809BA1BBAB7
:106BA0000793136842681BBA0593C36812BA1BBAED
:106BB00006AC0491AF6008920693234680222946D2
:106BC0000120009416F009FA0028F6D1DDE908103A
:106BD000DDE9063200BA09BA12BA1BBA3060716038
:106BE000B260F3600BB0F0BDFC3F002073B50F4BFB
:106BF00004469B7C0E4EFF2B15D10023ADF80400FC
:106C00000DF10302B06A01A98DF8033005F072FEA0
:106C10009DF8035022462946B06AF3F7FDF940EA91
:106C2000052002B070BD034B1D78F3E7583A0020F1
:106C3000380B0020523A0020044BC2B2C0F30721A7
:106C4000986A82B002B0F3F7F9BA00BF380B00209F
:106C500010B50D4C0021A06A05F044FC0B49A06A58
:106C600020F058FBFE21A06A20F043FBA06A05F04B
:106C700051FC074BB3F90C208242C8BF98819A8916
:106C80001A80DA895A8010BD380B0020523A002051
:106C9000583A0020F0B585B0ADF80210ADF80420E8
:106CA00069464FF0C812ADF806304FF08213ADF8C8
:106CB0000000CDE9022304200B460C4C02ADB4F9D0
:106CC0000C70B1F9002035F9026BBA42A8BF3A4600
:106CD000B242A8BF3246013821F8022BF1D103CBD2
:106CE000034B6060596005B0F0BD00BF583A00200A
:106CF0005C3A002073B50546F3F784FB2F4E03681A
:106D0000FF2D336083882E4CB380337818BF1D4627
:106D1000A5742C4D8DF801300DF10303A86A0DF117
:106D200002020DF1010120F0D8FB9DF8013040B9BD
:106D30000133DBB20B2B8DF80130EDD9212002B0ED
:106D400070BDA27CFF2A00D0A3748DF8053033708B
:106D50009DF802308DF804300198FFF76DFFC828C8
:106D6000A8BFC8209DF80330A0818DF80430019899
:106D7000FFF762FF144B9842B8BF1846E081B4F9A0
:106D80000C00FFF733FFADF804000198FFF754FF44
:106D9000A081B4F90E00FFF729FFADF804000198B7
:106DA000FFF74AFF4FF6FF7323826423E0811A4600
:106DB00018461946FFF76EFF0020C0E7523A002040
:106DC000583A0020380B00200CFEFFFF0346034A10
:106DD000B2F902000BB1FFF7D5B87047583A00205E
:106DE000084B10B5B3F9004030B903EB4103B3F9D8
:106DF00002309C42A8BF1C46A242A8BF22461046B1
:106E000010BD00BF583A0020014BB3F90E00704787
:106E1000583A0020014BB3F90C007047583A002053
:106E200073B5064624F049FE0C4D0446B5F90E0034
:106E3000B5F90C30B042B8BF30469842A8BF1846EA
:106E4000FFF7D4FEADF804000198FFF7F5FE688067
:106E5000204602B0BDE8704024F021BE583A002020
:106E600073B5064624F029FE0C4D0446B5F90C0016
:106E7000B5F90E30B042A8BF30469842B8BF1846A8
:106E8000FFF7B4FEADF804000198FFF7D5FE2880A7
:106E9000204602B0BDE8704024F001BE583A002000
:106EA000F0B5C0F3072585B0FE2DADF8040027D05E
:106EB0009DF8047024F001FE124C0646637CAB4240
:106EC0000ED0114B02A918689B880290ADF80C30C7
:106ED0000E4B8DF80850986A20F01CFAFF2323749B
:106EE000237CBB4206D0094B3946986A20F001FA50
:106EF00027746574304605B0BDE8F04024F0CFBD7E
:106F000005B0F0BD583A0020523A0020380B00205E
:106F10002DE9F84FDFF868908246D9F800B088462E
:106F20001746BBF1000F28D0002699F80450B5424F
:106F300007D13D7099F80400A84214BF0120022037
:106F400017E074196110C1EBC10159448879C4F389
:106F5000470400F00100B8EB000003D106225046C0
:106F600020F072FF002806DB02D0661CF6B2DEE7D6
:106F70003C70BDE8F88F2546D9E70320F9E700BF4C
:106F8000043300200022014B1A71704704330020A3
:106F9000F8B5054624F091FD104C85F3070563799B
:106FA0000646AB4205D10024304624F078FD204649
:106FB000F8BD002720686571277110B121F056FED9
:106FC00027606379002BEED0C5EBC5000DF086F984
:106FD00020600028E7D160710724E5E70433002032
:106FE0004840704700EB0010084480B2704700BF73
:106FF00090FAA0F000BA80B2704700BF044BD3F8FB
:10700000012002605B7903F01F030371704700BF2A
:10701000F93A0020234B2DE9F041002914BF0C461A
:107020001C4600250646174613688AB0C4F801308E
:107030001379257063715FFA85F8414638461CF074
:10704000FBFF38B1237803F128026A44013302F8C8
:10705000288C23700135252DEDD194F800803EB1A8
:1070600042466946A01D20F024FF0AB0BDE8F08129
:10707000B8F1000FF9D00534F5B2294638461CF0B6
:10708000DBFF40B9B5FBF8F308FB13550AAB53FA25
:1070900085F515F8285C0136252E04F8015FEBD143
:1070A000E3E700BFF93A0020034B002818BF03466E
:1070B0000B449879704700BFF93A0020F8B50D46A7
:1070C00082EA124296B2314603462846FFF788FF0D
:1070D000FFF78EFFFFF786FFFFF78AFFFFF782FFBC
:1070E000FFF786FFFFF77EFF0546FFF779FF164C97
:1070F000002B14BF1F4627460446144B781CA3FBE5
:107100000423E21A03EB52035B0903EBC30203EB14
:107110008203E41AE4B221461CF08EFF40B93B78AA
:107120006E40B6B206FB03F307EB1347B879F8BD20
:107130007B1D2A3701E09F4204D013F8010F8442DF
:10714000F9D1F4E72046F8BDF93A00204D91CFBAC5
:10715000064B074A01201A60064B074A1A60074B84
:10716000074A1A60074B084A1A607047502E0020E1
:10717000A74004004C2E002003410400482E0020AC
:10718000A5400400442E002001410400052808BF4A
:1071900003200622024B013802FB0030704700BF7B
:1071A000ECD104000022034B1A609A80FF229A71EE
:1071B000704700BF463B0020064A1379834207D937
:1071C000012312688340134214BF0120002070473E
:1071D0000020704718330020054A0346106800223B
:1071E00008B91A607047C10748BF01324008F7E785
:1071F00018330020F0B541EA002087B040F4902613
:1072000006200F461546F3F729F921F02DFD044617
:1072100040B901461A200EF067FB6FF08C05284636
:1072200007B0F0BD43684661DAB222B923F0FF032C
:1072300043F001034360F2F76BFE052804BF40F200
:1072400001136360062F1A4B0CBF40F201114FF47B
:10725000807120461CF05AFFE360164B2A462360DB
:1072600002AB1E4605F110071D4610685168083232
:1072700003C5BA422B46F7D11021304621F0AFFCAE
:1072800010223146204601AB18F0B4FC054620B16F
:10729000014640F207400EF027FB1021304621F056
:1072A000ACFC204619F0B6F9204621F0DFFCB6E729
:1072B0000044400400248000102A2DE9FF470646C0
:1072C0000F46154623D800244FF00109DFF844800B
:1072D000DFF844A0D8F8002009FA04F3134213D0D1
:1072E00046EA042040EA0A006A46E9B280B204F0A5
:1072F000C5FD48B92A463946684620F0A5FD18B9AB
:1073000060B204B0BDE8F0870134202CE2D14FF028
:10731000FF30F6E7183300200080FFFF2DE9F3412E
:107320001D4E054601460622304620F08DFD20B94F
:1073300096F9060002B0BDE8F0810024A046EF1CDB
:107340002046FFF739FFD8B13B88CDF80080ADF873
:107350000330BB786946E0B28DF8053022F0C1F900
:1073600021280DD0A8B903222946684620F06CFDDB
:1073700030B92B6860B23360AB88B071B380D9E7A5
:107380000134202CDCD12B683360AB88B380FF2321
:10739000B3714FF0FF30CDE7463B0020034B93F92C
:1073A0000630013301D1FFF7FDBE7047463B002098
:1073B000F7B504461FF0F0FD631C58D1FFF7F2FE4D
:1073C0000024624E3379A3422CD84FF400410024AC
:1073D000084604F0B3FD20224FF0FF315C483460D2
:1073E00020F05CFD204600F0C5FDFF260446594D07
:1073F0005CBB594818F030F9014630B110F1880FE4
:1074000003D040F207400EF06FFA0C214F4A43F6CA
:10741000FF7004F017FD202138204D4A04F012FDC2
:1074200000202AE02046FFF7C7FE60B165B20521C3
:1074300028461CF06DFE032128461CF069FE06213B
:1074400028461CF065FE0134BCE794F97530013321
:1074500005D02B7843B91321204621F0A8FE204601
:1074600000F088FD0446C3E784F87560F7E720461E
:10747000FFF7A2FE18B940F2064003B0F0BD6B461C
:107480000622002120461CF086FE002845D0492314
:107490008DF806304FF47F41304840EA0420084020
:1074A00004F04CFD052120461CF032FE032120464D
:1074B0001CF02EFE062120461CF02AFE0122234944
:1074C000E3B29A400B6823EA02030B60244B93F962
:1074D0000630A34201D1FFF765FE002005460B7977
:1074E0001B4A013BC1B2994221DBFF260020D65442
:1074F00000F040FD0546174F002D86D095F97530F8
:10750000A34205D13B78EBB91321284621F04FFE69
:10751000284600F02FFD0546EEE76B4606220121C6
:1075200020461CF038FE0028B4D07223B0E756562F
:10753000A64200D025B1551895F9015055540125A2
:107540000130CFE785F87560E2E700BF183300200F
:10755000263B0020243B0020370004000080FFFF72
:10756000463B00202DE9FF41354C064601A8FFF7B8
:1075700033FE2379019A93421ED86279012A40D1C1
:1075800000274FF0FF383D4610E02368EB40D90755
:107590000BD5082202AB114668B21CF0FCFD20B1ED
:1075A000039B43453CBF2F469846013523799D42B6
:1075B000EBD378B2FFF7FCFE236813F0010529D066
:1075C000002501220135202D18D002FA05F71F42AF
:1075D000F8D13B432360A3680C21013343F6FF70CD
:1075E000174A7361A36004F02DFCA8B1236823EA55
:1075F00007032360A368013BA36073614FF0FF356D
:1076000019E0022AFAD10F4A134413F9010D421C62
:10761000FBD0CFE70127DCE722790A4C013A21466B
:10762000D2B2601C20F020FC6DB22246202138200E
:10763000257004F007FC284604B0BDE8F08100BFC7
:1076400018330020263B00202DE9F043002489B0A8
:10765000AF4D04213F2001AA2C7004F00FFC00B1B3
:107660000194019F002F4FD00026781E47424741CA
:1076700000242C70A74D0C212A4643F6FF7004F01D
:10768000FDFBC0B10D23AB80019B2C60032BAC60D4
:1076900011D803AC2246142143F6FF7004F0EEFB30
:1076A00048B994E8070085E807002A460C2143F60C
:1076B000FF7004F0C7FB019B042B06D004213F2080
:1076C0000DEB0102019104F0BDFB20213820924A0C
:1076D00004F0D4FB28B120224FF0FF318E4820F077
:1076E000DDFB03222B795B00B3FBF2F38B4A1370B3
:1076F000FFF758FD18F05CFF014618B140F2074053
:107700000EF0F2F8002413E001263746B0E72B68AC
:10771000E340D9070BD508224FFA84F811464046BA
:1077200003AB1CF038FD10B94046FFF741FE0134B1
:107730002B799C42EBD38EB11021372003AA04F0A1
:107740009DFB002853D10620F2F788FE21F08CFA29
:10775000044680B901461A200EF0C6F83FB13D201C
:1077600004F0A8FB00242B799C42C0F0AC800020E0
:1077700009B0BDE8F0836A4A43684261DAB222B9CF
:1077800023F0FF0343F001034360F2F7C1FB052838
:1077900004BF40F201136360624B40F201112046C6
:1077A0001CF0B4FCE360604B1021236003A821F0BF
:1077B00016FA102202AB03A9204618F01BFA06465F
:1077C000102103A821F019FA204618F023FF2046C3
:1077D00021F04CFA372004F06DFB46B140F207402F
:1077E00031460EF081F84FF0FF30FFF7E1FD002643
:1077F00023E03046FFF7E0FCF0B174B21022032121
:10780000204603AB1CF0C7FC1028814620D1032181
:10781000204603AAFFF7EEFC8046494603A821F064
:10782000ECF9B8F1000F0CD040F2074041460EF0E1
:107830005BF82046FFF7BCFD01362B799E42D8D37A
:107840008CE748F2030040EA062080B204F032FBE5
:1078500010220521204603AB1CF09DFC1028814618
:1078600013D10521204603AAFFF7C4FC80464946F0
:1078700003A821F0C2F9B8F1000FD5D148F20500F4
:1078800040EA062080B204F015FB102206212046B3
:1078900003AB1CF080FC10288146CDD10621204688
:1078A00003AAFFF7A7FC8046494603A821F0A5F9E3
:1078B000B8F1000FB8D148F2060040EA062080B2C5
:1078C00004F0F8FAB8E72046FFF776FCF0B166B2AC
:1078D00004220C21304602AB1CF05DFC04280AD1C6
:1078E000029B0122C3F300238DF80C300C2130469B
:1078F00003AB1CF022FC00231022CDE90333CDE9B9
:1079000005330D21304603AB1CF017FC01342AE788
:10791000243B002018330020263B0020253B00207C
:10792000370004000044400400248000F8B5104BE8
:10793000044618790F4B00221D46D1B2884204D963
:1079400013F9017B561CA74204D10B4B1B788B42C9
:1079500002D9F8BD3246F0E70649481C20F084FA07
:107960002C702021BDE8F8403820024A04F06ABAA1
:1079700018330020263B0020253B002030B504466C
:10798000457887B02A46811C01A820F092FA01A907
:10799000207805951EF0F4FF0446034800F03AFAFB
:1079A000848007B030BD00BF2002090210B5D0F8B6
:1079B000011000781EF0F8FF0446024800F02AFA91
:1079C000848010BD2002090320F00040A0F2054091
:1079D000F8B5032817D8DFE800F0021728330C7930
:1079E0000F78A4F11B02534253414E88CD8801F118
:1079F0000802194899001CF02AFD20B10771A0F86F
:107A00000560C4710581F8BD0E784D888C8801F140
:107A10000802124800211CF01AFD0028F3D006715C
:107A2000A0F80550A0F80740EDE70D480D784C6828
:107A30001CF0D7FC0028E6D00571A0F80540E2E76D
:107A400007480C781CF0CDFC0028DCD007234371DC
:107A5000002304718371D6E730D204002CD20400D5
:107A600028D2040010B5134604460A4606480121F0
:107A700000F060F930B9054B1B681C71BDE810407F
:107A80001CF002BC10BD00BF3CD204002C3300200F
:107A900038B5054607480C4600F03CF940B9064B9E
:107AA0001B681D71C3F80540BDE838401CF0ECBBF5
:107AB00038BD00BF34D204002C330020002110B5A3
:107AC000421D03790446084621F074F8024648B185
:107AD000618820881DF0F9FE0446034800F09AF9F9
:107AE000848010BD1A24F8E720020A0237B5B0F8E6
:107AF0000140C57800781CF04EFF68B10023214694
:107B00002A46CDE900331EF076F80446034800F01B
:107B100081F9848003B030BD2524F7E720020A04F0
:107B200040F2055320F0004098422DE9F0410BD877
:107B300040F20153984209D840F2014398420DD0D7
:107B400040F20A43984214D0BDE8F081A0F20350FD
:107B5000022816D8DFE800F024495C000D784C8834
:107B60002D481CF03EFC0028EED00571A0F8054021
:107B7000EAE72A480C781CF034FC0028E4D00471B1
:107B8000E2E727480F784E880D79CC881CF029FC55
:107B90000028D9D00771A0F80560C5710481D3E72A
:107BA0008C684E880D790F7884B1B1F8068001F1A8
:107BB00008021C4800211CF04AFC0028C4D00771B0
:107BC000A0F80560C571A0F80880BDE723462246ED
:107BD000214614481CF016FC0028B5D00771A0F807
:107BE0000560C57104724472AEE70F4891F80080D9
:107BF0004F880E79CD880C891CF0F3FB0028A3D0A8
:107C000080F80480A0F80570C671058144819BE767
:107C10000D784C680548A4E76CD2040058D20400E3
:107C200068D2040064D2040060D204005CD2040074
:107C300038B505460C460748012100F07BF838B9F5
:107C4000054B1B689D80DC80BDE838401CF01CBBE8
:107C500038BD00BF78D204002C33002070B5064632
:107C600008480D46144600F055F848B9064B1B6805
:107C70001E71A3F80550DC71BDE870401CF004BB18
:107C800070BD00BF70D204002C330020044A0346AC
:107C9000106810B102789A4200D170470069F8E785
:107CA0002833002008B51CF0B8FA03F0FFFC0022CE
:107CB000014B1A6008BD00BF2833002038B5094CBD
:107CC00005462146204615F0C6FE4FF48270A847AF
:107CD000054B014618604FF482722046BDE83840DB
:107CE00015F0CEBE80D204002C330020084A136861
:107CF00033B94178036141F0010141701060704770
:107D0000197802789142FAD003F110021B69EFE76B
:107D10002833002010B504461FF012F928B9034B90
:107D200022681C60024B1B681A6010BD24330020BF
:107D30002C3300202DE9F84F046898464FEA042AB6
:107D40000AF4E06AC4F307234AEA030A0AEB0209C9
:107D5000B9F5807F83460F46154603D91D26304668
:107D6000BDE8F88F1FF0ECF806460028F7D1124B5B
:107D700024F47F44C3F800B024F0C7040F4B44EA56
:107D800019244FEA09291B681FFA89F944EA0904F2
:107D900043F8044B53442A464146184620F089F8DC
:107DA000012F04D1FF2DD9D800F8015CD7E7022FAD
:107DB00008BF20F8025CD2E7243300202C330020D7
:107DC00010B5064B064C19682268064B52F8040B96
:107DD0001B68496898472368988810BD24330020A1
:107DE0002C330020104000200022024B1A601FF0AC
:107DF000AFB800BF24330020054B186808B1C36832
:107E00001BB1003818BF012070470069F6E700BFBA
:107E10002833002010B5034C2368186003F024FFBA
:107E2000206810BD2C330020F8B504460D460146ED
:107E3000002017461CF0F2F90022174E2046336846
:107E40001A705A709A70DA701CF0C2F918B165B9DC
:107E50004368220E2BB90F250DE05979914204D0C9
:107E600008331D68002DF8D1F5E73846A847336878
:107E70001B684BB9012524F47F4020F0C70040F473
:107E80000070FFF7C7FF85803268012052F8041B9D
:107E90001CF0C4F9F8BD00BF2C33002070B50446B7
:107EA0000D461B4A13686BB393F87D10586811F0A8
:107EB000040129D110608C22184693F870601FF0DD
:107EC000EDFF034680F870602268C0F85A20A2884F
:107ED000A0F85E20A27980F860202868D864AA798A
:107EE000A98883F85220FF2283F8752083F8762032
:107EF00040F6FF72A3F86E20064AA3F850101168EE
:107F000013605960184670BD1A1D0346CBE700BFC9
:107F10003433002030330020054A0346106800B98E
:107F20007047B0F86E209A42FAD04068F7E700BF79
:107F300030330020054A0346106800B9704790F8B6
:107F400070209A42FAD04068F7E700BF3033002033
:107F500038B50546064B1C680CB9204638BD294685
:107F600004F14C0000F0ACF90028F6D16468F3E7A6
:107F70003033002010B9024B1868704740687047D2
:107F8000303300200023114A2DE9F0418C21136089
:107F90008046024601200BF067FF044620B90546E3
:107FA0000B4E3060454502D32046BDE8F0810120EC
:107FB0000BF0C0FF07468C22002101351FF06EFF39
:107FC00087F8705037603E1DECE700BF303300206B
:107FD00034330020012310B58B4090F87110044613
:107FE00021EA030149B280F87110002949D11EF03D
:107FF000B6FF204621F0A0FB102104F1180020F06C
:10800000FCFD204601F07AFF04F1380020F0E3FA8D
:10801000204621F0E2F9214A13681BB19C425968BD
:1080200030D11160A36859050BD51A0509D443F462
:108030000063A18994F87000A36004F1780203F052
:10804000F3F800232046636020F0DFF91CF037FAD4
:108050004FF48072B2FBF0F2424394F87030034464
:10806000B3FBF2F102FB1133DBB2591EC9B2FD2999
:10807000F5D884F8703000236360094B1A6852B950
:108080001C6010BD1A465B68002BCBD09C42F9D116
:1080900063685360C6E7131D5268F0E73033002071
:1080A0003433002010B5084C206830B9BDE81040CA
:1080B000064B186001200BF01BBF436890F871104D
:1080C0002360FFF787FFEFE73033002034330020D1
:1080D00090F8743003F00B03013BDBB20A2B9ABF1C
:1080E000014AD05C002070478ED204001FB50146C3
:1080F00090F870308DF80430FFF7EAFFB1F8623085
:108100008DF80C00ADF80630B1F8643001AAADF876
:108110000A30B1F86630054840F20311ADF8083076
:1081200020F087F905B05DF804FB00BF783300202C
:1081300007B590F870308DF8051001AA40F20721BC
:1081400003488DF8043020F074F903B05DF804FBA7
:108150007833002038B50A4B04461B680D462BB116
:1081600043699B0702D51CF09DFB30B12A4620686D
:108170000421BDE838401EF09CBCA3699D6138BD58
:1081800038330020014B1860704700BF383300209F
:10819000024B1868003818BF0120704738330020A0
:1081A00013B50446019120B901A820F014FA21204A
:1081B00012E008460029FAD020F092FA80B2002896
:1081C000F2D0094B20461B6801994BB1984728B95A
:1081D0002046019901F09AF902B010BD0020FBE79A
:1081E0001DF0CCFDF3E700BF383300200048704796
:1081F0008B330020044890F82B1000F10F02083058
:10820000012918BF104670477C33002038B58379A8
:10821000044613F0280F25D00368134DC5F80F301E
:108220008388A5F81330837900206B750CF0BCF9B6
:1082300040B96B68032043F004036B60BDE838402D
:108240000CF04CBC436A13F4404FEFD1226843F06A
:108250000803C0F80120A288A0F80520A279436293
:10826000C271E3E7212038BD7C3300204379024A04
:108270009B09D05C704700BFA9D204000B6810B501
:1082800003608B88FF2A0446838002D10723A371F1
:1082900009E0032A08D8054B9B5C072B837102D1A8
:1082A000FFF7E4FFA07110BD0023F0E7ADD204009A
:1082B0008379024A03F00703D05C7047A1D204001F
:1082C00010B582798B79094C02F0070203F007039D
:1082D000A25CE35C9A4206D106221FF0B5FDB0FA1B
:1082E00080F0400910BD0020FCE700BF99D20400D7
:1082F000044908B5084615F0AEFBF722024B1A8078
:1083000008BD00BFB1D204008841002010B504466A
:1083100070B30068836CA34222D1636883642246F1
:10832000144920F04EF804F10C0020F06EF804F12E
:10833000440020F050F9FFF72BFF58B1A06948B175
:10834000143020F048F9A069183020F044F9A069F1
:1083500020F08CFC2046BDE8104020F087BC13467E
:10836000002BDCD05A68A242F9D162685A60D6E785
:1083700010BD00BF3549040070B5054648200E46C3
:1083800020F072FC044601464822264815F078FB8E
:1083900084B1FFF7FDFE90B11C2020F065FC1C228B
:1083A0000146A0611F4815F06BFBA3692BB920465D
:1083B00020F05CFC0024204670BD00221A700321CE
:1083C00028461CF074F8AB6C22466360AC6417233B
:1083D0002681002663811449284625602677666435
:1083E0000BF0AAFC02F016FD3246014604F10C0027
:1083F0000BF0A2FC02232374FFF7CAFE0028DAD098
:108400000A4B19881729D6D920461CF0DFF8002816
:10841000D1D1132120461CF052FA636943F00203C4
:108420006361C8E7B1D204003549040088410020E7
:10843000F8B5054610B3002920DB114C2468247ED2
:108440008C421BDD3F2919DC032701F0030600EBFA
:10845000A10191F831407600B74002F0030224EA0E
:108460000704B240224381F8312013B100211CF0EF
:10847000E0FA2846BDE8F8401CF038BBF8BD00BF64
:108480006C33002070B5164600221A7032800A7ACA
:108490000D46072A4DD8DFE802F004090D111A1E17
:1084A000304AE86830F8023B338043E0EB68981DBF
:1084B0005B88F9E7EB68981D9B88F5E7697B1CF002
:1084C00005FB02221C4B18801846328032E0022342
:1084D0001A4833802EE01A4C2B7BE88923702B88B6
:1084E000E11C013363702B8801331B12A37000F071
:1084F0005FFB0330308020461CE0124CA889EB89DA
:10850000020AA3701B0A20706270E37000F01EFC68
:1085100058B1C3681A88022A07D19A782271DB7889
:10852000637106230748338004E00423FAE78022BE
:108530001A70002070BD00BF663B0020C1D204004D
:10854000533B00204D3B0020054A064B1860136842
:1085500043F001031360828B034B1A80704700BF06
:108560003C3300206C3300206C3A002000232DE9BE
:10857000F04FDFF8AC9191B0CDE90633CDE9083387
:10858000D9F80030054613F008080AD0614B03F112
:10859000100253F8041B934245F8041BF9D1002044
:1085A00011E00320F1F75AFF20F05EFB074648B1C7
:1085B0000620F1F753FF20F057FB064630B9384646
:1085C00020F054FB1A2011B0BDE8F08FCDE90488EB
:1085D00017F0EEFF044668B1384620F047FB3046FE
:1085E00020F044FB40F2074021460DF07DF940F2B7
:1085F0000740E8E74FF4A053DFF828A11022C6E9AE
:10860000023A454B3046336006A904AB17F0F2FA44
:108610000446A8B952463846049917F024FC04468B
:1086200070B9C3463D4B1FFA88F21B68D988914246
:1086300027D810222946384605AB17F053FC0446CC
:10864000384617F07EFB384620F010FB304617F016
:10865000E1FF304620F00AFB049816F0FDFF002CE5
:10866000C0D12C4B05F1100255F8041B954243F87C
:10867000041BF9D1D9F8003043F00803C9F80030E1
:108680008DE71A681FFA88F4210102EB04142046D2
:10869000ADF80EB0019100921CF030FE82462046EB
:1086A00000F028FB30B3DDE90021AAF5205080B2AC
:1086B000032802D9BAF5245F1FD1525A002021465F
:1086C000ADF828200DF10D030DF10E02ADF82AA032
:1086D000FFF7D8FEBDF80E2001460BA81FF0E9FBFE
:1086E000BDF80E20384604320AA917F0CCFB044628
:1086F0000028A5D108F1010894E70AF55640FF309B
:1087000080B20428F6D8525AADF82AA0ADF8282035
:10871000E6E700BF683B0020002480006C330020A7
:108720003C3300200002C0030F4B10B51968CC0782
:1087300017D40E4BDA899C89944212D9490748BF55
:108740000B499C6848BF096824F81200DA894ABFBF
:10875000C8891046801802F1010248BF80B2DA8150
:1087600010BD4FF6FF70FBE73C330020483300207C
:1087700068330020134B01461B6870B513F00403E7
:1087800006D00022104B1C68E38990B2834209D8BE
:108790000E4A14680022E58990B2854209D84FF646
:1087A000FF7005E0A56835F8125001328D42ECD11A
:1087B00070BDA66836F8126001328E42ECD10344D7
:1087C00098B2F5E73C330020683300206C3300207A
:1087D000094B1B685B070AD5084B1A68D38983428B
:1087E00003D9936833F810007047C01A80B2044B65
:1087F0001B689B68F6E700BF3C330020683300200D
:108800006C330020F0B50E4E0246F188306800232C
:1088100000EB011005464FF00B0C0A4F3C8804EBAF
:10882000030E01339BB29342A5F800E085F809C01E
:1088300005F11005F3D3144411443C80F180F0BDE0
:10884000483300206E3A00202DE9F041254C88463F
:10885000A589E3891646EB1A834213DA0A35ADB2CD
:1088600068000BF03BFD074610B90020BDE8F08121
:10887000E289A16852001FF01CFBA06820F0F6F905
:10888000A760A581A58AE38AEB1A434511DA0A3568
:10889000ADB228010BF022FD07460028E5D0E28AA0
:1088A000216912011FF005FB206920F0DFF9276123
:1088B000A582A588E388EB1AB34211DA1435ADB26C
:1088C00028010BF00BFD06460028CED0E288216877
:1088D00012011FF0EEFA206820F0C8F92660A5808A
:1088E0000120C3E748330020F8B51D4C0746A68891
:1088F000E388F31A83421DDAB0F5FA7F2CBF3618ED
:1089000006F5FA76B6B230460BF0E8FC0546B0B193
:10891000E28821681FF0CDFA124A20681368D188D6
:10892000A5EB000C03EB01118B420AD120F09EF95C
:108930002560A680E38825681D443B44E3802846E3
:10894000F8BD5A7A920704D51A7A22B1013A012A5F
:1089500001D91033E8E7DA686244DA60F9E700BF6A
:10896000403300204833002010B50E4C206820B161
:1089700020F07CF900232360A3800B4C206818B101
:1089800020F074F900232360A06818B120F06EF97C
:108990000023A360206918B120F068F90023236147
:1089A00010BD00BF403300204833002038B50546D5
:1089B0004FF4FA700BF092FC134B1860D8B14FF4DF
:1089C000FA72124C5A600021202220461FF066FAEB
:1089D00028010BF083FC206014200BF07FFCA060CA
:1089E000A0200BF07BFC2368206113B1A36803B1C6
:1089F00018B9FFF7B9FF002038BD0A232046A5802B
:108A0000A381A382F8E700BF403300204833002051
:108A10000B4B0C4A10B51888D188136803EB011171
:108A20008B4200D110BD5A7A940707D4DC882042CB
:108A300014BF42F0040222F004025A721033EFE72E
:108A40006C3A002048330020034A1368990744BF5A
:108A500023F00203136070473C33002038B50468EC
:108A600005460C22204608491FF0EEF950B90222B3
:108A7000064904F10E001FF0E7F918B902200C3482
:108A80002C6038BD1020FCE7C4D20400D2D2040010
:108A90002DE9F743102801910BD0022804D04FF69E
:108AA000FF7003B0BDE8F083019B1888FFF762FEFA
:108AB000F7E701A8FFF7D2FF0228F5D01028EED182
:108AC0001B4B019F1E6816F0040608D00024194BAA
:108AD000D3F80080B8F81660A5B2AE421AD80025C7
:108AE000154BD3F80080B8F81690ACB24C45D6D2EE
:108AF000D8F81000102200EB051039461FF0A4F939
:108B000001350028F1D1A0196FEA40406FEA5040CA
:108B100080B2C6E7D8F81000102200EB04103946E6
:108B20001FF092F901340028D6D145F40040B8E78F
:108B30003C330020683300206C33002070B50546BC
:108B40000C46FFF7A5FF4FF6FF73984229D1022D7F
:108B500004D12088BDE87040FFF7E6BD102D20D17C
:108B6000104B1D68EA071CD40F4BDE8A9A8AB2426A
:108B700017D921461A6904F1100002EB061251F8C8
:108B8000044B814242F8044BF9D1D88A421CDA8264
:108B90006B0704D5054B1B68DB8A184480B240F490
:108BA000004070BD3C330020483300206833002073
:108BB000020408B51DD5124BC0F30E001B685B07FD
:108BC00013D5104B1A68D38A98420CD2136903EB61
:108BD000001000F1100350F8042B984241F8042BC8
:108BE000F9D1102008BDC01A80B2074B1B681B6961
:108BF000EDE7FFF7EDFD0870000A48700220F1E78D
:108C00003C330020683300206C33002070B50446EC
:108C10000A4B1B68DA881D6805EB021526461034DE
:108C2000A54209D019B920461CF072FB20B9204694
:108C30001CF077FB0028F1D0304670BD6C3300206B
:108C40002DE9F0410C461146FFF7E0FF1B4E00F105
:108C50001005F2883368074603EB02139D4204D1E6
:108C60002046BDE8F041FFF7CDBD5B1BC3F30F13FA
:108C70001A0129464FEA041805EB04101FF0F4F816
:108C80004246002128461FF009F9384600230B27E9
:108C90000B49B6F806C00A8802EB030E01339BB2FB
:108CA0009C42A0F810E0477600F11000F4D822446E
:108CB000644428460A80F480BDE8F08148330020EF
:108CC0006E3A002038B50446094B1B681D68A54262
:108CD00009D2204621B91CF01BFB30B1103402E050
:108CE0001CF01FFB08B1204638BD103CEFE700BF69
:108CF0006C330020437ADA0702D5C3F38000704753
:108D0000034BC2881B881A4214BF01200020704701
:108D10006C3A00200A4B1B68DB0708D570B1094B81
:108D20001B68DB88834234BF00200120704728B1D4
:108D3000054B1B88834294BF00200120704700BF71
:108D40003C3300206C3300206E3A002070B50246A0
:108D5000FFF7E0FFE8B10F4B1968CD88954209D3C2
:108D600002F180500B680138040103EB00101B5B1B
:108D700093420ED0002398B2854201D8002008E02B
:108D80000E681C01345B06EB0310944203F10103EF
:108D9000F1D170BD6C3300202DE9F34100250E4662
:108DA000A846174F01903A68ABB2D18899421DD9B5
:108DB0001468ABB204EB0314B4F90430002B1CDAD2
:108DC0002046FFF797FFC0B1E1680B889E4214D19F
:108DD0003246019802311FF0C0FEE36882B21B8860
:108DE000934207D0114601A81FF01CFD404602B077
:108DF000BDE8F08143441FFA83F80135D3E700BF93
:108E00006C33002010B5094C2368DB070CD4FFF746
:108E1000ABFD074B1B683BB1064A1360DB88064A73
:108E20000133138001232360002010BD3C33002058
:108E3000683300206C3300206E3A0020064A136825
:108E4000D90706D413F0020003D143F002031360E4
:108E5000704741F20C0070473C3300202DE9F04F81
:108E6000924B95B01B689B0740F11D8142F60200B2
:108E70001CF00BFA8E4C8346D4F800A04FF000088B
:108E80005546B4F806900AEB09130193019BAB42D7
:108E90003AD1884FBB88434515D040460BF01EFAA7
:108EA000814680B183464FF0000AE2881FFA8AF3B8
:108EB0009A427AD838681FF0D9FEC7F80090A7F810
:108EC0000480A7F8068000250123DFF8EC8140220A
:108ED0004FF0FF3104A8A8F8003025762E461EF08A
:108EE000DDFFA946E3881FFA85FA53457DD8E68061
:108EF000FFF7AAFDB9F1000F02D004A800F016FF99
:108F0000002015B0BDE8F08F6B7ADF0638D49E07DD
:108F100005D528461CF0A9F940441FFA80F86B8853
:108F20005B452DD1AF89B9F1000F2BD053460126F7
:108F300000211A88974216D0587AC0060DD4B24242
:108F4000039208D9184602931CF0EBF9039A029B8E
:108F5000002818BF16460136B6B2013189B249451C
:108F600003F11003E5D1B74238BF3746BFB23E46E2
:108F7000013189B20AEB0113894506D8AF81EE8130
:108F8000103583E749460126EDE7184602931CF0A9
:108F9000C8F90028F2D1029B01315A7A89B2D2066F
:108FA0005CBF0136B6B21033E6E726681FFA8AF3D3
:108FB00006EB0316737A03F01203022B09D1304635
:108FC0001CF053F9054620B1337A2BB1013B012B3C
:108FD00002D90AF1010A68E758462A46F1681EF0EC
:108FE00068FFC6F80CB0AB44F3E72768A9B24FEAB4
:108FF000011B07EB01114B7AD80651D41A0744BF65
:1090000023F008034B724B7A48BF4FF001099806D2
:1090100042BF23F0200343F004034B724B7A48BF56
:109020004FF001095A0644BF23F044034B7237F84E
:109030000B30B8F8002048BF4FF00109934202936B
:109040001DD9084601921CF06CF9019AB8B1029B37
:10905000A8F80030564509D207EB061301F11002BB
:1090600051F8040B914243F8040BF9D1B8F80030E1
:1090700001360133B6B2A8F80030013532E70B7A79
:10908000032B0AD14B7B207E3E2B9EBF50336B447B
:1090900003F8400C431C2376487327F80B20D9E7CC
:1090A0004FF00109E9E741F20C002AE73C330020C8
:1090B00048330020403300206E3A00202DE9F04F65
:1090C00087B01C46BDF840309DF850A00293BDF813
:1090D0004430BAF1020F06461746BDF84890059194
:1090E00003932AD0994503D9212007B0BDE8F08F1A
:1090F000B9F1000F02D0139B002BF5D0022F06D040
:10910000102FF1D105A8FFF7A9FC02281AD10220DF
:109110000021074614F0300518D09DF85430DA07C6
:1091200013D40130A30680B2C4F3001501D545F075
:1091300002050123019303230AE0002399461393B8
:109140000393DBE701210846E4E7002502230195AC
:10915000DBB21A46C0B20493FFF776FB08B91A20B7
:10916000C3E73046FFF7F2FD83460028BCD01CF071
:10917000D8F80028B8D09BF8098018F0040F1CBF5D
:1091800008F0FB0343F02008BAF1020F51D0039B13
:10919000981D80B2FFF7A8FB06460028DFD0012209
:1091A00004995846FFF74CFD834642F603001CF035
:1091B0006CF89BF80920102F48EA02028BF809206E
:1091C000424AE4B2CBF804204FF00502ABF80200AB
:1091D0008BF808200CBF3846022005998BF80C400C
:1091E000FFF7ACFC9BF81920BAF1010F48EA020323
:1091F0008BF81930029BABF80E00ABF814304FF629
:10920000FF73ABF81200ABF8163014D0BAF1020FAE
:109210002AD107238BF818300023CBF81C30169B7B
:109220001BB1BBF81030169A1380019BF3B90020D4
:109230005BE70026B3E702238BF81830039BCBF8DB
:109240001C6034707380B9F1000FE8D0139B002BC1
:10925000E5D0BAF1010F4A46139908BFA6F8049069
:10926000B01D1EF026FEDAE70123E5E742F6021004
:109270001CF00BF840F60312029BABF8220013F42B
:10928000805F40F6030318BF1346029A8BF82C50F8
:10929000920448BF43F40073ABF82430029B0C4A9D
:1092A0005B0442BFBBF8243043F48063ABF8243046
:1092B0004FF6FF73ABF8263003238BF82830137E6C
:1092C000591C11768BF82D30B1E700BF0108FFFF64
:1092D0004833002041F6010330B58FB0ADF824309B
:1092E00042F60523ADF8283042F62A33ADF82C308B
:1092F00042F62933ADF830302A4BDB88002B4ED1B3
:10930000FFF79CFD002848D1022201200DAB09A9DE
:109310001CF037F8002840D14FF400630421BDF859
:1093200034400DF13605CDE90031CDE90505CDE933
:10933000030002902023022220460AA9FFF7BEFE66
:1093400058BB40F601031022CDE900320223CDE9DB
:109350000505CDE9030002901A4620460BA9FFF748
:10936000ADFED0B90DF1230303930123CDE9013301
:1093700040F60303CDE905058DF823000490009322
:1093800002220A2320460CA9FFF798FE28B920469E
:109390001CF045F808B9FFF761FD0FB030BD0220A1
:1093A000FBE700BF483300202DE9F047DFF8FCA0C1
:1093B000202206460D46504600211EF06FFD002378
:1093C000374ADFF8EC80C2E90033C8F800300123E7
:1093D000DFF8E090A9F80030002E52D0314F3B6802
:1093E000DB074ED5304E3368D888143080B2FFF793
:1093F000DDFA044618B91A252846BDE8F087366814
:109400000068F288316812011EF053FDF388E38092
:10941000337EBAF806202376738B6383B38BA383E2
:109420003B6823F001033B60DAF8003003EB0212E3
:109430009A421FD1FFF7ECFA3B6843F004033B600C
:10944000E3880133A9F80030174B1A681C60C8F88C
:109450000020144A136823F001031360002DCBD0C1
:10946000E388D3B9FFF736FF05460028C4D0FFF7DD
:10947000C9FCC1E7597A103341F0010103F8071C18
:10948000D6E71420FFF792FA04460028B3D0054A25
:10949000136823F004031360D6E70025ACE700BF90
:1094A000403300203C3300206C3300204833002040
:1094B000683300206E3A00207FB5134B0E460546F8
:1094C00004460393A0B11BF09DFA78B900223146FF
:1094D00020461BF0C7FB022807D101233146009329
:1094E0002046042303AA1CF01FF80DB104B070BD80
:1094F00020461BF056FA04460028F7D01BF082FAEB
:109500000028F5D1E2E700BF0100FFFF2DE9F04F91
:1095100097B0834609911BF0BBF9099883790C3306
:10952000C45CC5181FF0DCF8202C0646099F26D81D
:10953000012C28D9C74BA21ED2B2D340DA0722D5BC
:10954000384697F806801FF0CBF8BBF80A2083B2A4
:109550009A4228D214F0010240F0A78004F07F0361
:10956000522B00F0A2801E2C00F09F80099B214608
:109570000093584604231BF03AF821240CE004F031
:109580007F03522BDCD02146062300225846009749
:109590001BF02DF841F2061458461BF07EF92046C8
:1095A00017B0BDE8F08F47443A7B013B202A9BB2BD
:1095B00046D8012ACED9023A1E2ACBD801A151F8A9
:1095C00022F000BF619602005595020065960200E8
:1095D0005595020059960200559502004D960200DD
:1095E00055950200619602005595020065960200AD
:1095F0005595020069960200559502004D960200AD
:109600005595020097960200559502005595020067
:10961000559502009B960200559502009F96020008
:10962000559502005595020055950200559502008A
:1096300055950200A3960200559502006996020016
:10964000522A28D0D22A85D10D2B06E0062B11D024
:10965000142B7FF47FAF0DE0052B7FF67BAF09E085
:10966000022BF6E7042BF4E7032B7FF673AFDB073F
:109670003FF570AF022C00F00281DBF800309B68F0
:109680009F0516D40BF144001EF0A5FF099BCBF8F3
:109690004430002480E7012BDFE7032BDDE7012BBB
:1096A000D7E7002B7FF456AFE4E709A81EF093FF3D
:1096B00063E71E2C00F0368358461BF0A3F90746DB
:1096C000002840F0828058461BF097F900287CD093
:1096D00004F07F03522B00F0CE80082C68D1B6B284
:1096E000152E14BF02201020691D1BF071F90028EF
:1096F0005ED0DBF81430D8074BBF23F0010343F0F2
:1097000001033946012158464CBFCBF81430CBF841
:1097100014301BF08EF909980D901AF0D6FE04460D
:10972000B0F80180B0F803900D981EF0D9FF15280D
:1097300014BF02251025053421462846FFF7A8F955
:109740002146039028461BF043F90490B8F1000F1E
:1097500000F05281C84500F24F81022109200D9A84
:109760001AF0D6FEBBF80A708246023FBFB23E46F0
:1097700040464FF0FF354946039A1BF025FC04464E
:10978000002800F07B811BF0F5F9002800F09381A0
:109790000122214658461BF094FA03468DF82E000C
:1097A000002800F02E810D9A009222460821B2E096
:1097B000DBF8143013F001064ED023F00103002132
:1097C0005846CBF814301BF034F9202C72D8032CF7
:1097D00075D9231F1C2B72D801A252F823F000BFA9
:1097E000CD9A0200BF980200BF9B0200BF98020002
:1097F00017970200BF980200A99C0200BF980200C0
:10980000C79C0200BF980200DD9C0200BF980200C6
:10981000CB980200BF980200F59C0200BF9802009E
:10982000BF980200BF980200119D0200BF9802007D
:109830001B9D0200BF980200BF980200BF98020063
:10984000BF980200BF980200259D0200BF98020049
:10985000EB9C02005555515043F00103012158463D
:10986000CBF814301BF0E5F8122332462146584657
:1098700000961AF0BCFE09A81EF0ADFE09E7099D8E
:10988000BA4C28461AF021FE2188B0F801602A4619
:1098900058461AF0C1FE2388BBF80A10B34228BF0D
:1098A0003346172BB8BF17235846ABF80A301AF0C7
:1098B000DBFFEEE6522C00F02482D22CDBD0099B99
:1098C000002200932146062325E0099F38461AF01E
:1098D000FCFD0546B0F80180B0F803A038461EF044
:1098E000FFFE15280CBF20460220691DFFF7D0F8A7
:1098F000B5F8053004900793B8F1000F07D0D045B4
:1099000005D81BF0DDFC50B91023009701E00123BE
:1099100000974246102158461AF069FEB9E63A46C9
:10992000022111201AF0F4FD44464FF0FF35BBF838
:109930000A3005909E1E0393063B9BB2B6B2089375
:1099400051462046049A1BF03FFB814668B35146BE
:10995000079A1BF086FB044648461BF00BF940B9FA
:109960004FF6FF739C4201D00134A4B25445E7D9AD
:109970001BE04FF000030DAAADF8343049460CABA4
:1099800058461BF03BFA039ABDF83430053A9A4228
:10999000089A0690D8BF1346002DADF8343009DB85
:1099A0009D4202D1EB1CB34208DB691C1CD10A2387
:1099B0000097AEE7351F9D42A8BF1D46042211A99E
:1099C0003846ADF84490ADF846401FF0C6F82A4638
:1099D000384606991FF0C1F84FF6FF73043E761B18
:1099E0009C42B6B2C0D1E0E73946059B04355D70B4
:1099F0005846FEF7AFFB4CE60D9B00930123424611
:109A0000D4E6049B13B120461BF098F820461BF0C7
:109A1000C9F8D8B1002D54DC0DA81EF0DCFD0823D8
:109A200058468BF81C3050F80C2B40F2025192F83B
:109A300070208DF8483000238DF8442011AAADF82D
:109A40004640ADF84A301EF0F4FC22E6ADF8440082
:109A50000DF12E032146584611AA1BF0CFF9BDF88F
:109A600044300590BB4228BF3B46002DADF8443042
:109A70000ADBAB4202D16B1CB34209DB6A1C0D9BB3
:109A80001FD100930A23BAE7B51E9D42A8BF1D4609
:109A900002220CA90D98ADF830401FF05EF82A465E
:109AA00005990D981FF059F84FF6FF73023E761B8B
:109AB0009C42B6B2E2D0601C80B28145BFF45BAE7E
:109AC000DCE702350D998AF8015091E7DDF8249022
:109AD00048461AF0FAFCB0F80330B0F8018004935D
:109AE000B8F1000F44D0984542D84FF6FF774A4668
:109AF000022105201AF00CFD4546BA46BBF80A4083
:109B00000590023CA4B2294658461BF03FFB504545
:109B100006464CD04FF40062294658461BF0D1F857
:109B200000283FD130461BF0E7FB00280CBF022382
:109B300010235745039321D030461BF0DDFB0690E0
:109B400038461BF0D9FB069B834203D1039B0133AC
:109B5000A34214DB38461BF0CFFB059B01301946AE
:109B6000587058461AF02CFD93E500BF884100203C
:109B70000123CDF8009042460421CCE637460DF192
:109B800046013046ADF84450FFF712F8039B4846B3
:109B90009A1C11A91EF0E1FF039B023CE41A5545F3
:109BA000A4B2D7D0049B0135ADB2AB42ABD24FF6D5
:109BB000FF739F42CED10A23CDF80090DBE7DDF89A
:109BC0002490002448461AF080FCB0F80530B0F824
:109BD00003A0B0F801600746484603931EF080FDDD
:109BE000C51FADB2102D0C945AD82A46F91D0DA8E8
:109BF0001EF05FF9002E55D0564553D84A46012134
:109C000007201AF085FCA046074633460A249A45E9
:109C1000049307D93946BBF80A001AF05CFC032804
:109C2000049B04D8B8F1000F1CD0394699E7ADF871
:109C30004430039B5846ADF848300DAB13930023D6
:109C40000BAA009311A90DF12E03ADF846A0ADF8B3
:109C500050501BF032FA0A280446E3D0BDF82C30ED
:109C600030B11E46234632460621CDF8009052E61A
:109C7000ADF83030BDF82E300CAAADF83230394690
:109C80000423BBF80A001AF031FC4FF6FF72BDF84E
:109C90002E309342C9D001334FF001089BB2B6E792
:109CA0000424DFE70124DDE70A23099C8BF81C303C
:109CB00020461AF00AFC23460022B0F8011058464C
:109CC0001BF002FDE5E4099C20461AF0FEFB0C2384
:109CD0008BF81C30B0F803202346EEE75A460F21DC
:109CE0000E20099B1BF049FDD3E45A462121202078
:109CF000099BF7E75846099AB5F801101BF02AFEB0
:109D0000C7E45846099AB5F801101BF07EFEC0E47E
:109D1000584609991BF0B8FEBBE4584669781BF019
:109D20001EFFA8E558461BF03AFFA4E57FB5174A89
:109D30000646136842F6052023F0080313601BF063
:109D40007EF9054650B16846FEF710FC00201AF077
:109D500028FE044620B92946FFF7AEFB04B070BDCB
:109D60001022684604F121011EF06EF838B101217D
:109D700020461AF05EFE636923F0010363611EB1A1
:109D8000314620461BF033FA2046E0E73C33002002
:109D900037B505461CF00DF80446E0B9AB6912482A
:109DA0005860234628461CF01DF8044698B9A86957
:109DB0004369C28881884089019098790C300344B6
:109DC000009328464FF420531CF054FF044628B15A
:109DD00028461BF0FBFF204603B030BD0221284679
:109DE0001AF06DFDF7E700BF0100FFFF38B5124B19
:109DF00004461B8842898B4228BF0B46172BB8BFED
:109E00001723114643811AF02FFD636923F00203E3
:109E10006361A3699D693DB10022294620469A618C
:109E2000BDE83840FEF796B940F2094120461AF0E5
:109E300043FDA3691D7038BD884100200148FEF72D
:109E4000A1B900BF85A2020001481EF0E2BB00BF1D
:109E5000E033002040F6FF732DE9F3410D46B0F8E2
:109E60006E100192994205D101A81EF0B4FB02B018
:109E7000BDE8F0811146134601229BBB1E481EF02F
:109E800091FCFFF7E1FF04460028F0D01EF028FC0B
:109E90006379074603F001086FF30003637104213F
:109EA0002046A6681EF05FFD4379044668F3000370
:109EB0004371DB438179B6F86E200C31866003F084
:109EC00001036254C2F30322084442EA03124270BF
:109ED00047802246304629461DF042F82046F8F7D2
:109EE0006FFCCEE75C79986024F0030414435C7146
:109EF00000221B68C1E700BFE033002070B50546B3
:109F0000064C206800B970BD8368AB4204D1066876
:109F10000AF07EF82660F4E70446F2E7E03300201A
:109F2000014601481EF03EBCE433002001481EF00B
:109F300070BB00BFE4330020014601481EF032BC74
:109F4000DC330020034BD86818B103F10C001EF07D
:109F500060BB7047D0330020044BDA6822B95869DF
:109F6000003818BF0120704701207047D03300200F
:109F7000044B18780130C0B2012838BF0120187096
:109F8000704700BF70330020014800F0CFBA00BF17
:109F9000959F02002DE9F04F867987B00C36059029
:109FA0000546805BC0F30B00FDF7B6FF044618B909
:109FB00005A81EF010FB4EE090F87230022BF7D18E
:109FC000AB5B059AC3F30B0103F44053B3F5805F19
:109FD0009060A95342D153796FF300035371836B9F
:109FE000002BE5D0042105A804F138061EF0F3FB90
:109FF000304605991EF0D6FBA06B002301465A1C83
:10A00000A9BBDBB2012B01D91EF03DFCA06B1EF0F9
:10A0100067FB03281FD9D4F83890484699F8067092
:10A020001EF05EFB0C3709EB070539F80770A0F14D
:10A030000408474522D9524FD4F838A007F1100937
:10A0400057F804BB5346424629462046D8474F4559
:10A0500010D00028F4D007B0BDE8F08F38301EF0E3
:10A06000BAFA059A537943F001035371BAE71346DC
:10A070000968C4E70028EED130469AE7A06B1EF0CD
:10A080002FFB04378742F7D36988A1F140033F2BA8
:10A090000BD8042130461EF09EFB2046A26B698837
:10A0A0000BF010FB0023A363D5E705290BD006298D
:10A0B00061D00429E0D130461EF08DFBA16BA06C6D
:10A0C000FEF76EF8EEE7294620460BF0A1F90246AE
:10A0D0000028D1D12B79122B06D0132B36D0204655
:10A0E00069791CF006FDC7E794F87330022BF6D0AF
:10A0F00040F67A4029898B1F9BB2834224D86A8913
:10A10000931F9BB283421FD891421DD8AB89B3F5F0
:10A11000FA7F19D240F6764CEF89A7F10A0080B297
:10A12000604511D8B4F86A000290B4F86800CDE92F
:10A130000070204600F0D2FB021E18BF012220460C
:10A1400069791CF092FC97E70122F8E794F87330E4
:10A15000012B03D1204669791CF0CBFCA3681A04BB
:10A160008AD523F40043A3602B89012B84D1204698
:10A170000AF02EFE80E72046A16B1FF0B6FA91E7A9
:10A18000D4D204000138C0B20A289ABF014B185C2F
:10A1900000207047E4D20400014902481EF00DB9C6
:10A1A000144000207833002010220A4B2821DA8244
:10A1B0006422C3E906124FF6FF721A8402225A6023
:10A1C000002283F82B200F2283F82D0083F82C2007
:10A1D000704700BF7C33002038B5104C94F82B300A
:10A1E000D3B1626812F0010516D104F108000BF03A
:10A1F000FFFB1CF00BFD78B14EF6602294F82C307A
:10A200004FF48271534306482A4609F073FD18B98A
:10A21000636843F00103636038BD00BF7C330020F6
:10A220007833002022F00042052A10B50DD0B2F597
:10A23000827F13D0032A06D1114A536823F0020308
:10A2400053600AF0ABFB002010BD0D4A1B88118D36
:10A250009942F8D1002313850120F5E7084B5A688D
:10A2600093F82B4022F00102012C5A60F4D11EF029
:10A270005CFEFFF7B1FF20460AF030FCECE700BFC0
:10A280007C33002030B5044685B0084603911CF0AD
:10A29000C7FD830708D410F0010003D003A81EF007
:10A2A0009AF9012005B030BD03998B7903F10C02B6
:10A2B00088188A5C013A202A00F21781DFE812F040
:10A2C00021001501B1001501B4001501BD001501F3
:10A2D000C4001501CC001501D4001501DB001501E7
:10A2E000E9001501F100150115011501F300150133
:10A2F00001011501030115010C01150115011501DD
:10A30000E20003790BB103F588534278023A1E2A22
:10A31000C4D801A151F822F095A302009DA2020029
:10A320009FA302009DA20200ABA302009DA2020017
:10A33000B7A302009DA20200C3A302009DA20200D7
:10A34000E7A302009DA20200CFA302009DA202008B
:10A35000F3A302009DA20200FFA302009DA202003F
:10A360009DA202009DA2020009A402009DA202007B
:10A3700019A402009DA202009DA202009DA202005B
:10A380009DA202009DA202009DA202009DA20200C9
:10A39000DBA3020017212046FFF728FD7EE70022FD
:10A3A000204611461BF0A4FE78E71A4600212046FD
:10A3B0001BF04BFF72E70022204611461CF0F5F817
:10A3C0006CE70022204611461BF09EFF66E71A4606
:10A3D000002120461CF08BF860E71A460021204639
:10A3E0001CF0A4F85AE71A46002120461CF062F837
:10A3F00054E70022204611461CF0CAF94EE71946E0
:10A4000020461CF02EFA49E70093002320461A4606
:10A4100019461CF030FA41E7194620461CF07DFA37
:10A420003CE7B0F80110B6E702338B710A4600230F
:10A43000417820461BF05CFE33E7013300222046C2
:10A440008B711BF002FF2CE702338B7142780023E3
:10A4500020461CF0AAF824E701338B710023204624
:10A460001A461BF051FF1CE70133002220468B7176
:10A470001CF020F815E70133002220468B711CF0F8
:10A4800036F80EE70133002220468B711CF04EF89F
:10A4900007E702338B714278002320461CF078F9DD
:10A4A000FFE60021ACE705338B710023B0F80320F1
:10A4B000B0F8010000930B46014620461CF0DBF982
:10A4C000EFE60021A9E703338B710A46B0F80110CB
:10A4D00020461CF041FAE4E603338B710A46B0F8DB
:10A4E000011020461CF041FADBE60020DAE600BF4E
:10A4F00007B5837801916A46082104488DF8003039
:10A500001DF097FF03B05DF804FB00BF7833002017
:10A510000022054BC3E90322C3E905221A70DA6160
:10A520004FF6FF725A847047D0330020014B1860F9
:10A53000704700BFCC33002082780D4B13B55A60B2
:10A54000B0F8032091B2102910D040F60344A14284
:10A550000CD041795B8C8DF80210ADF804200521F8
:10A560006A460448ADF800301DF063FF02B010BD2C
:10A57000D03300207833002073B5837901900C33F9
:10A58000C418C35C132B0ED8042B10D9053B0E2B1B
:10A590000DD8DFE803F01E0C0C1E0C0C0C0C0C1676
:10A5A0001A0C0C0C2300302B13D03E2B1BD0F8F7C9
:10A5B000D1F8019B834202D001A81EF00CF802B032
:10A5C00070BD2046FFF7B8FFF1E7E2780E4B5A6006
:10A5D000EDE7204601A90AF00BFCE8E7204601A9B7
:10A5E0001CF0B9FCE3E70025084E019B3BB1204677
:10A5F00056F8043B01A901359847102DF5D101A863
:10A600001DF0E9FFD3E700BFD0330020F0D20400F3
:10A6100007B5FFF78BFC20B103B05DF804EBFFF743
:10A62000ABBFFFF78FFC019018B1054B1B681BB146
:10A63000984703B05DF804FB01A81DF0CCFFF8E7D4
:10A64000CC330020024610B1022804D07047032109
:10A6500002481DF0A6BEFFF7DBBF00BF7833002025
:10A66000024B1A78024B53F822301847D03300209F
:10A6700030D3040010B504460120FFF7F1FF034B6F
:10A6800000201C70BDE81040FFF7EABFD033002067
:10A6900010B50446062142F205001CF0A6F9236815
:10A6A000C0F80330A388A0F807300648F8F774F81C
:10A6B0001CF0C9F9407918B1BDE810401CF005BC88
:10A6C00010BD00BFB525040010B5044606214FF6A5
:10A6D00028401CF08AF92368C0F80330A388A0F84A
:10A6E00007300648F8F758F81CF0ADF9407918B172
:10A6F000BDE810401CF0E9BB10BD00BFA52802005A
:10A7000038B505460C4669B9022142F21B001CF01F
:10A710006CF9B5F86E30A0F803300D48BDE838404C
:10A72000F8F73AB8122142F21A001CF05EF92146FD
:10A73000B5F86E30053020F8023C04F1100351F8F2
:10A74000042B994240F8042BF9D10248E6E700BFF8
:10A75000412804007D2804002DE9F043044685B01B
:10A7600000200D46174699461EF0F9F806460028C7
:10A770005BD04FF0C8134FF000080093BDF83030A5
:10A78000ADF80430BDF83430ADF80630BDF83830DF
:10A79000ADF80830BDF83C30ADF80A30BDF84030B7
:10A7A000ADF80C30BDF84430ADF80E3047FA08F380
:10A7B000DB0704D51022694630461DF0E8FE08F19B
:10A7C0000108B8F1030FF1D132460C2142F28500A5
:10A7D0001CF016F9FF2D057118BF94F87650877399
:10A7E000C57080F8059094F8603083F00803C3F3D7
:10A7F000C003837194F8523083F00803C3F3C0039D
:10A80000C371E36C8360B4F8503083810848F7F774
:10A81000C3FF1CF018F9807820B11CF014F980787F
:10A8200040F4805005B0BDE8F0831A20FAE700BF7D
:10A83000DF29040008B5002142F20E001CF0D5F813
:10A84000BDE808400148F7F7A7BF00BFAF290400E3
:10A8500038B590F872300446032B154606D1FFF741
:10A86000E9FF0123002084F8723019E0C9B9012BF7
:10A870002DD9032140F206401CF0B7F8B4F86E3031
:10A880004571A0F803301348F7F786FF1CF0DBF89A
:10A890008378002BE5D01CF0D6F8807840F4805007
:10A8A00038BDA3B102214FF604401CF09EF8B4F865
:10A8B0006E30A0F803300848F7F76EFF1CF0C3F8BD
:10A8C0004379002BCDD01CF0BEF84079E6E702209A
:10A8D000E6E700BFC3280400F9280400F8B50746DE
:10A8E0000E4642F213000E2115461C461CF07DF860
:10A8F000B7F86E30A0F80560A0F80330BDF8183046
:10A90000A0F80750A0F80B30BDF81C30A0F80940A3
:10A91000A0F80D30BDF82030A0F80F300648F7F74A
:10A920003BFF1CF090F8807820B11CF08CF8807808
:10A9300040F48050F8BD00BF3B290400F8B507463D
:10A940000D4642F219001C211C4616461CF04DF81B
:10A95000B7F86E300F3020F80C3C2B6804F1100271
:10A9600040F80A3C6B6820F8026C40F8063C23462D
:10A9700053F8041B934240F8041BF9D10648F7F73B
:10A980000BFF1CF060F8807820B11CF05CF8807838
:10A9900040F48050F8BD00BFEB27040070B50646B8
:10A9A0000D4642F27A00042114461CF01EF8A0F86D
:10A9B0000360457184710648F7F7EEFE1CF043F81A
:10A9C000407918B1BDE870401CF091BA70BD00BF6D
:10A9D000092F040010B50446022142F230001CF099
:10A9E00004F8B4F86E30A0F803300F48F7F7D4FE3F
:10A9F0001CF029F8437963B91CF025F8C088FDF7ED
:10AA00008BFA044628B11CF01EF8017A2046FDF7A7
:10AA10008FFB1CF018F8407920B11CF014F8407935
:10AA200040F4805010BD00BF552B020038B5FDF733
:10AA3000DDFB0446FDF73CFC05460648FDF7EAF958
:10AA40000023037143712368C0F80630A38805739F
:10AA5000438138BD2009020538B54B7905465B07AF
:10AA60000C460CD414212046054A1CF07AFA2046E4
:10AA7000217919F058FC10B9A3791C44257438BD0C
:10AA800068D30400837810B5132B0C4608D1054B0E
:10AA90001B6803B198472046BDE810401DF09BBDE0
:10AAA00010BD00BFF433002010B50021044600782B
:10AAB0001CF027FA48B1617820781EF04EFA04465F
:10AAC0000348FDF7A7F9848010BD0224F8E700BF12
:10AAD0002002560110B5417800781EF096FA04461F
:10AAE0000248FDF797F9848010BD00BF200256028E
:10AAF0000020024B1870024B18707047793B002001
:10AB0000783B002010B5B0F80110B0F80320002306
:10AB1000007809F00BFF04460248FDF77BF98480BA
:10AB200010BD00BF2002050610B54178007809F07D
:10AB3000A9FF044618B9044B1A78044B1A7004484C
:10AB4000FDF768F9848010BD793B0020783B002038
:10AB5000200205032DE9F04183780D460D2B90B0BE
:10AB60004FD109AC2646821C00F11A032746106813
:10AB70005168083203C79A423C46F7D113881C211A
:10AB80003B8028461DF027FEBDF826402F6814F0B4
:10AB90000C043ED138461DF0A3FDA0F10208A045EB
:10ABA0000DDA4FF0FF3400239C428DF81C301EDB81
:10ABB00001223946A31C07A81DF0FCFC17E0631C0A
:10ABC0000122394605A81DF0F5FC9DF81430012B33
:10ABD000E9D023460122394607A81DF0EBFC9DF879
:10ABE0001C3013B101331C44D9E78DF81C3009F037
:10ABF000B5FE012808D0022837D050B928461DF0EC
:10AC0000EAFC10B0BDE8F0819DF81C3013F0010F94
:10AC1000F4D09DF82F0000F08FFD04469DF8300021
:10AC200000F08AFD0DF11C089DF828200DF1290186
:10AC3000074605A8FDF722FB40469DF836200DF19A
:10AC40003701FDF71BFB0D4B1B78DB0712D405A862
:10AC500019F09AFACDE901053A4621463046CDF879
:10AC6000008005AB00F00CF8C8E79DF81C3013F02D
:10AC7000030FCDE74FF0FF30ECE700BF783B00203B
:10AC80002DE9F74FB0F802C006461CF0100F1C4625
:10AC90000C9F9DF934A0DDF838B033D05FFA8CF505
:10ACA0001CF0080F184614BF05F0080505F00F0545
:10ACB0001EF0CEFA814638461EF0CAFA96F90F30D9
:10ACC00080465A46042113480193767819F0BFFB59
:10ACD000019BA0B105712268C0F80520A28880F808
:10ACE0000B90A0F8092080F80CA0437386733B6892
:10ACF000C0F80F30BB8880F81580A0F8133003B07F
:10AD0000BDE8F08FCDE90DAB0C9703B0BDE8F04F77
:10AD10001CF00CB9A4D3040000220068044B00F01E
:10AD20000101C0F340001A805A80FEF73DBB00BF0E
:10AD3000703A002010461946F8B522F0004340F260
:10AD40000A4293420ED8B3F5806F59D96FF48062EE
:10AD50001344092B54D8DFE803F00D101F30505076
:10AD60005050530D40F20152934234D0A3F202539B
:10AD7000032B45D8FCF7D4FE0CE00D784C688A69AB
:10AD800001F108031F48002119F03CFB10B10571C7
:10AD9000C0F805400120F8BD0E784D880C798A690D
:10ADA00001F108031848002119F02CFB0028F1D00C
:10ADB0000671A0F80550C471ECE70D784C884A691B
:10ADC0000B1D1248002119F01DFB0028E2D005716F
:10ADD000A0F80540DEE70F784E880D79CC8801F1A8
:10ADE00008020B48002119F032FB0028D2D007716D
:10ADF000A0F80560C5710481CCE7FCF7E5FDC9E763
:10AE00000020C8E7D0D30400CCD30400C8D304008A
:10AE1000C4D304000048704735AD020010B5104B94
:10AE20001B681C7FD4B1102C28BF10241DF018FB08
:10AE3000621C81B200230720D2B209F015F8044643
:10AE400050B9084908481DF0B8FA084808491DF0EB
:10AE5000B4FA084809F016FA204610BD0424E5E7C4
:10AE6000243400202C400020FC330020F833002044
:10AE70003C4000202440002030B5124B0D46994242
:10AE8000144689B01BD1930011D505A906A808F076
:10AE9000D1FF072300220393059BE1B20293069B97
:10AEA0002846CDE9003241F000511DF05BFA06481A
:10AEB00019F097FA00B10471012009B030BD0020EB
:10AEC000FBE700BFF83300200CD4040022F000425E
:10AED000B2F1A04F08B504D1034819F082FA01205D
:10AEE00008BD0020FCE700BF10D4040000200A4B7E
:10AEF00010B51871FDF73EF804463CB909F008FE9C
:10AF0000BDE81040054906481DF07BBA20461EF0FA
:10AF100052F96468F1E700BF743A00204C40002009
:10AF20007833002070B50020FDF724F80126044690
:10AF3000074D04B970BD94F8723033B12E711BF017
:10AF4000FCFF132120461EF032F96468F1E700BFD0
:10AF5000743A002038B50023094C2360A3800368AD
:10AF6000236020781EF01FF9054630B905480649D0
:10AF70001DF023FA608809F0E1FD284638BD00BFC6
:10AF8000743A0020783300204C40002022F0004228
:10AF9000B2F5887F2DE9F0471C4600F0E2800ED81C
:10AFA00040F203139A423CD040F209139A4200F057
:10AFB000C2800E2A00F0B3800020BDE8F08740F286
:10AFC00007239A4247D0B2F5037F56D040F20623BA
:10AFD0009A42F1D120684C30FDF76AF9256807469E
:10AFE000644895F8736095F870A095F9759095F898
:10AFF0007680A48819F0F5F90028DDD0EB6C436069
:10B00000B5F8503087720381731E5E425E41C6728E
:10B0100080F80CA080F80D9080F80E80A0F80F400A
:10B02000CAE72078FCF786FF0028C5D0524894F87C
:10B0300000806788A688E588247A19F0D2F900286C
:10B04000BAD080F80480A0F80570A0F80760A0F8D6
:10B050000950C472B0E72078FCF76CFF0028ABD031
:10B0600060782578FFF78EF80446444819F0B9F95E
:10B070000028A1D0057144719EE7A578012D1ED04E
:10B08000022D2DD0CDB9E37894F80080023BDBB2DD
:10B09000022B8CBF01253A4A94F90470667998BF57
:10B0A000D55C94F90640374819F09BF928B180F82F
:10B0B000048045718771C671047201207DE7E378D1
:10B0C00094F80080023BDBB2022B98BF2C4A94F923
:10B0D0000470667998BFD55C94F906402A48E3E786
:10B0E000E3782A48023BDBB2022B94BF244A0125B5
:10B0F00094F80180277898BFD55C94F9049066791C
:10B1000094F9064019F06DF90028D6D0A0F8048013
:10B110008771C57180F8089046728472CDE7234626
:10B120000822002113F8014B194819F06BF9002887
:10B13000C3D00471C1E7174894F800806788A688D7
:10B14000E588248919F04DF90028B6D080F80480EC
:10B15000A0F80570A0F80760A0F80950A0F80B400F
:10B16000ABE70D481C7819F03CF900283FF424AFF8
:10B17000047121E758D4040054D404004CD40400D2
:10B1800014D4040044D4040040D4040048D404007F
:10B190003CD4040038D4040050D4040030B587B047
:10B1A00082790146054604A81EF03FF800239DF869
:10B1B0001620039312F0180408D1212503950F4897
:10B1C000FCF728FE8580847107B030BD04A8FCF729
:10B1D000BFFE024668B903ABCDE9000304A9084BE2
:10B1E000E87909F0CFFC024618B90446BDF80C50C6
:10B1F000E5E7BDF80C5092F87040E0E72003060444
:10B20000BDB4020010B50078FCF794FE40B11321E4
:10B210001DF0CDFF04460348FCF7FCFD848010BD03
:10B220002524F8E72002060570B5144606460D46AB
:10B23000204614210A4A1BF094FE2046217919F079
:10B2400072F858B9A3790C331C44064BA6711B79CC
:10B25000A5801BB1BDE870401BF070BE70BD00BF83
:10B2600034D40400743A002010B500780AF0C2F813
:10B27000044618B9024903481DF09FF8204610BD46
:10B280005C400020143A00206FF4E06122F000429C
:10B290000A442DE9F047052A00F28280DFE802F037
:10B2A00003153556676F5A88272A79D03D481F788D
:10B2B0001E79DD881C8919F094F818B10771467160
:10B2C000C58004810120BDE8F0875C88272C67D009
:10B2D000354893F800A0B3F80490B3F808805F896C
:10B2E0009E89DD8819F07DF80028EBD080F804A055
:10B2F000A0F80540A0F80790A0F80980A0F80B700E
:10B30000A0F80D60A0F80F50DCE75A88272A47D034
:10B31000264893F800A0B3F80490B3F808805F893A
:10B320009E89DD89DC8819F05CF80028CAD080F895
:10B3300004A0A0F80590A0F80780A0F80970A0F874
:10B340000B60A0F80D50A0F80F40BBE75A88272AE1
:10B3500026D01E789D889C68154819F042F8002870
:10B36000B0D00671A0F80550A0F80740AAE75A88A7
:10B37000272A15D01E789D88DC880E48EDE75A886C
:10B38000272A0DD000210C4803F108021D789C8863
:10B3900019F05DF8002895D00571A0F8054091E7F7
:10B3A000002090E778D404008CD4040088D40400F2
:10B3B0007CD4040080D4040084D40400002330B57D
:10B3C000044685B00078ADF80E30FCF7B3FDB8B197
:10B3D0000DF10E030193B4F807300093B4F8053073
:10B3E000B4F80320B4F801101EF019F8044605481B
:10B3F000BDF80E50FCF70EFD8480C58005B030BD51
:10B400002524F4E72004430110B504460078FCF736
:10B4100091FD58B1B4F80320B4F801101EF06AF899
:10B4200004460348FCF7F6FC848010BD2524F8E7A9
:10B430002002430410B504460078FCF77BFD48B1B8
:10B44000B4F801101DF0D7FF04460348FCF7E2FCF6
:10B45000848010BD2524F8E72002430510B504467A
:10B460000078FCF767FD58B1E278B4F80110231DAD
:10B470001EF085F804460348FCF7CCFC848010BD20
:10B480002524F8E720024303024B00201A68024BF0
:10B490005A6070471C3400206C40002010B500F04A
:10B4A0009FFA044630B9044818F0B9FE044608B9BA
:10B4B00000F09CFB204610BD6C4000207FB51C4670
:10B4C00040F20A6322F000429A4206D8B2F5C06FF9
:10B4D00006D8032A20D00D2A4AD0002004B070BD1F
:10B4E0006FF4C0631A44092AF7D801A353F822F075
:10B4F000DBB5020089B50200ADB50200BDB50200A2
:10B50000D3B50200DBB40200F3B5020009B60200B5
:10B5100029B6020075B60200002402A8EEF7CCFCA2
:10B5200001A8BDF80850019412F0CFFD00B10194BC
:10B530005248019C18F055FF0028CED000234371DB
:10B540008371C371037243726FF0010383724FF012
:10B55000FF33C3721C2383744A23C3746FF0450303
:10B560000922037579230271C46005824375B4E72B
:10B5700023460422002153F8044B414818F042FFAF
:10B580000028AAD08480A8E72078FCF7D3FC002804
:10B59000A3D03C48267894F90150A47818F021FFF4
:10B5A00000289AD006714571847196E72478364850
:10B5B00018F017FF002890D004718EE725783348E3
:10B5C000646818F00EFF002887D00571C0F80540A8
:10B5D00083E725782E486468F3E72E482578646869
:10B5E00018F0FFFE00283FF478AF0571A0F8054081
:10B5F00073E729482578646818F0F3FE00283FF4C3
:10B600006CAF0571447168E7637824480D2B96BFD1
:10B61000234A0125D55C247818F0E3FE00283FF486
:10B620005CAF0471457158E7637800210D2B98BF1A
:10B630001B4A1C4898BFD55C6368A27888BF012567
:10B64000267818F0DFFE08B1067145716378012B8A
:10B650003FF643AF8DF8083001220021114802ABBC
:10B66000247818F0CFFE00283FF437AF012304718F
:10B67000437132E724780C489AE700BFCCD4040029
:10B68000C8D40400B4D40400BCD40400C0D4040062
:10B69000B8D40400B0D40400ACD40400A8D404008E
:10B6A00090D40400A4D40400A0D4040014220021E7
:10B6B00001481CF0F3BB00BF0034002070B5054604
:10B6C00020F0FBF91A4C064663795B070ED414216F
:10B6D0002046184A1BF045FC2046217918F023FE2D
:10B6E00020B13046BDE8704020F0D9B9A3790C33C1
:10B6F00023442DB91A79FF2AF3D001321A71F0E7E9
:10B70000012D05D15A79FF2AEBD001325A71E8E7B1
:10B71000022D05D19A79FF2AE3D001329A71E0E730
:10B72000032DDED1DA79FF2A1CBF0132DA71D8E7A6
:10B7300000340020C4D40400042828BF0020014B9A
:10B74000185C7047D0D4040038B5054606480C464E
:10B75000FCF7E0FA38B9054B1B681D715C71BDE858
:10B76000384018F091BD38BDDCD404002C330020E3
:10B7700038B5054606480C46FCF7CCFA38B9054BF7
:10B780001B681D715C71BDE8384018F07DBD38BD87
:10B79000D4D404002C3300202DE9F7436F4687E80A
:10B7A0000300124816461D46DDF82880FCF7B2FA61
:10B7B0000446B0B9DFF838900098D9F80010BB887B
:10B7C00048600B818E72CD72FCF7FAFA0446B8F12C
:10B7D000000F04D0D9F800309B7988F80030FCF7CE
:10B7E00003FB204603B0BDE8F08300BFECD40400A7
:10B7F0002C33002010B504460548FCF78BFA30B90D
:10B80000044B1B681C71BDE8104018F03DBD10BD15
:10B81000E4D404002C33002070B505460B480E46D6
:10B82000FCF778FA044678B9FCF7CAFA084B0446E4
:10B830001B6825B1D3F806202A605A89AA800EB168
:10B840001B7B3370FCF7D0FA204670BDF4D40400A3
:10B850002C3300202DE9F047074614488946164648
:10B860001D46DDF82480FCF755FA0446D8B9DFF808
:10B8700040A0BDF82030DAF800402771A4F8059008
:10B88000A4F80760A4F80950A4F80B30FCF798FA64
:10B890000446B8F1000F04D0DAF80030DB88A8F8CD
:10B8A0000030FCF7A1FA2046BDE8F08714D504006B
:10B8B0002C33002038B505460C4607480121FCF71B
:10B8C00039FA40B9054B1B681D71A3F80540BDE866
:10B8D000384018F0D9BC38BD0CD504002C330020FA
:10B8E00070B5064608480D461446FCF713FA50B9E1
:10B8F000064B1B681E71A3F80550A3F80740BDE86E
:10B90000704018F0C1BC70BD04D504002C33002079
:10B9100038B5054607480C46FCF7FCF940B9064B1C
:10B920001B681D71A3F80540BDE8384018F0ACBC99
:10B9300038BD00BFFCD404002C33002070B506468F
:10B9400008480D461446FCF7E5F950B9064B1B684C
:10B950001E71A3F80550A3F80740BDE8704018F029
:10B9600093BC70BD24D504002C33002038B50546A7
:10B9700006480C46FCF7CEF938B9054B1B681D711B
:10B980005C71BDE8384018F07FBC38BD1CD50400A0
:10B990002C33002070B50E4615460446A8B10DF0B4
:10B9A00061FB98B90A4B1C600A4B1E600A4B1D6074
:10B9B00012F063FB08F08CFCFCF774F90748FCF705
:10B9C0007DF9BDE87040FFF75FBD212070BD00BF6D
:10B9D00024340020203400201C340020DD420300E9
:10B9E0002DE9F041764D88B008F046FC0E207549EF
:10B9F00008F094FA2B6851215A685423B2FBF3F2F1
:10BA0000002392B2184608F02FFA0446002840F0AE
:10BA1000C18008F0C9FA0A206B4A6C4908F04CF959
:10BA200006460446002840F0B58007F0A3FF12F058
:10BA300061FB8DF80E608DF8076002AE31460DF1A6
:10BA40000700F3F7CBF8002840F0998030461BF050
:10BA5000D0F8002800F09380302800F090809DF806
:10BA60000730012B17D172238DF80E30EEF78AFACA
:10BA7000CDE90601030C8DF81230BDF81D30ADF88C
:10BA80001000ADF813309DF81F308DF815304923A4
:10BA90008DF816300AE049238DF80E3096E8030041
:10BAA000ADF81410090C04908DF816109DF80E30A6
:10BAB00013F0280F07D1DDE90401ADF80C10090CD3
:10BAC00002908DF80E102B68186900285DD12B6844
:10BAD0005A690AB93E4A12683E490A609A690AB927
:10BAE0003D4A12683D490A6093F82220D20755D496
:10BAF00012F090F904A90246074628681BF090FA54
:10BB00000446002846D101F0D5F812F0A0FA044608
:10BB100000283FD10120FEF747FB314B18681DF08C
:10BB200081F80446B0BB1DF040FB044608F05AFD06
:10BB300080461DF09DF841460246204617F021FA46
:10BB4000044638BB2B681B689B0511D4B7F5FA7FF8
:10BB50000ED91FF098FF0121054608461EF0DAFCB9
:10BB60000121204A084612F042F928461FF07EFFC4
:10BB70003046FCF74BFB1C4808F098F80AE09DF8AB
:10BB80000E3019077FF572AF88E71AF0EFF8044618
:10BB900000289CD0204608B0BDE8F08193F823200F
:10BBA00000234FF0FF3006A9CDE906338DF81A20A7
:10BBB0001BF07AFBC0B200289AD040F20C44E9E7AF
:10BBC00024340020DD420300AF6F0400EDAF040019
:10BBD00004D004001834002008D0040014340020DD
:10BBE000203400202CD5040089BC0200002203214F
:10BBF00001481CF0D6BB00BF783300202DE9F0418E
:10BC0000114818F03AFBE8B91FF0F0F905460E4666
:10BC10000D4F07F10C08284631461AF09DFF07F03A
:10BC2000E5FE0446384618F024FB10B940461CF0E7
:10BC3000D2FCFCF7E1F808B9002CECD1BDE8F041EA
:10BC40001BF07DB9BDE8F0816C40002008B5054BC4
:10BC50001B782BB91BF0C8F9B0FA80F0400908BD79
:10BC60000020FCE77A3B0020012310B5044C237030
:10BC7000044B1B6803B198470023237010BD00BF1D
:10BC80007A3B00201434002050EA010337B5044603
:10BC90000D4604D103B0BDE83040FFF7E5BFB1F178
:10BCA000FF3F08BFB0F1FF3F13D01FF09FF92218EC
:10BCB00045EB010308490948C1E9002300239D42DF
:10BCC0000CBF21464FF0FF31CDE90033044A1FF08D
:10BCD000EFFF03B030BD00BF780B00200835002017
:10BCE000E5BC0200D3B51FF0E8FE04461FF07EF964
:10BCF0000B46104AD2E90067B04273EB070107D345
:10BD0000FFF7B2FF204602B0BDE8D0401FF0C7BE2B
:10BD1000D2E900670022311A67EB03039342CDE9B1
:10BD20000022134618BF4FF0FF31034A03481FF0AB
:10BD3000BFFFE7E7780B0020E5BC020008350020D4
:10BD40000023044A52E8000F42E800310029F9D1EB
:10BD5000F6F794BF28350020054A52E8003F034318
:10BD600042E800310029F8D1024B1B68184700BF98
:10BD7000283500201834002037B51C68E10705D5A8
:10BD80001AF0DDFE164917481CF017FBA20723D551
:10BD9000FEF7E2F8D0B9144D01901FF08EFE044674
:10BDA00028461CF036FC019020461FF078FE0198D2
:10BDB00090B143799B070CD401A802211CF00BFD24
:10BDC0000198FEF7B9F81BF08CF8E6E71BF089F84C
:10BDD000DEE7FEF7A5F8F6E7002003B030BD00BFB0
:10BDE00080400020783300202C35002008B505481D
:10BDF00007F0CCFD044B01211870BDE8084007F0A6
:10BE0000D5BD00BF904000207B3B002038B50446E4
:10BE100048B11FF052FE0546214608481CF0C2FCFE
:10BE200028461FF03CFE064B022193F9000007F064
:10BE3000BDFDBDE83840FFF717BF00BF2C3500201F
:10BE40007B3B00202DE9F0410A4B0B4F04460E4688
:10BE5000386819681546EAF703FA40B933462A46A6
:10BE6000386844F48021BDE8F041EAF727BBBDE81B
:10BE7000F08100BFE43F0020C43F00202DE9F041E5
:10BE80000A4B0B4F04460E46386819681546EAF708
:10BE9000E7F940B933462A46386844F48021BDE8C2
:10BEA000F041EAF76FBBBDE8F08100BFE43F00203E
:10BEB000C43F002038B5084D084B0446196828686F
:10BEC000EAF7CEF930B9286844F48021BDE838405B
:10BED000EAF718BD38BD00BFC43F0020E43F002092
:10BEE0002DE9F043134B0E461968134B05468DB0F0
:10BEF00018681746EAF7B4F980B933460A2228468B
:10BF0000009702A90FF0C2FA4FF0000804460DF1A5
:10BF10000809444505D1002CEFD120460DB0BDE8FD
:10BF2000F083284659F8041BEAF7ECFC08F10108F5
:10BF3000EFE700BFE43F0020C43F0020F8B50B4B03
:10BF40000B4F06460C4638681968EAF789F905462A
:10BF500048B9E24316FA82F2386842F4802246F485
:10BF60008021FFF7BDFF2846F8BD00BFE43F002059
:10BF7000C43F00201046044A1368591E033102D8FA
:10BF80000021116018477047A0400020034B18683B
:10BF9000034B002808BF1846704700BF303500200B
:10BFA00060D5040008B504481BF042FA80F0010097
:10BFB000C0B2400008BD00BF3835002013B50B4C9F
:10BFC0000229226005D10A481BF032FA002002B093
:10BFD00010BD0A4600930146064B05481BF00AFABD
:10BFE000003818BF01204000F1E700BFA04000204A
:10BFF0003835002075BF020001481BF02CBA00BF85
:10C0000038350020002101481BF047BA38350020A0
:10C0100008B5064B1B68013305D0FFF7EDFF80F034
:10C020000100C0B208BD0020FCE700BFA040002016
:10C03000F0B50D4604468BB018B9002420460BB06D
:10C04000F0BD1A4E3768002FF7D12022394602A8DA
:10C050001BF024FF236801A80193154B1B88ADF842
:10C060001430144B1B68079300F0BEF804460028F8
:10C07000E3D0306000F0DEF8204639461BF02EF9A0
:10C0800020461BF06FF838B10020306000F0D2F885
:10C0900020461BF062F8D0E7204600F051FA002855
:10C0A000F2D1002DCAD02046A847C7E7343500207A
:10C0B00094D5040098D50400024B1868003818BFC6
:10C0C000012070473435002038B50C4601F046FF9A
:10C0D000A3780B4A13705A1E55425541A8420CD002
:10C0E000012B04D02846BDE8384001F019BF204696
:10C0F00001F0E8FE0028F5D038BD0020FCE700BFC5
:10C100007C3B0020002108B5024B08465B6898473D
:10C11000002008BDB440002010B5FFF737FF0D4BDD
:10C120000C461A1A534253418B4201D1002010BDD4
:10C13000094B1B683BB9094A064B002C08BF134644
:10C14000074A1360F2E71BF0B1FA0028F3D002208F
:10C15000EDE700BF38D504003435002060D5040079
:10C1600030350020431E033306D8044B984228BFC5
:10C170001846642838BF6420704700BF40420F0053
:10C1800038B505460C4641B10B6833B11B68013325
:10C1900003D0CB680BB18B684BB91BF07EFC002041
:10C1A0004FF4B672412100F0FFF9212038BD084656
:10C1B00002F098FE00230A4A85F83031C5E937437A
:10C1C000C2E9003363694BB1064A422110684FF45B
:10C1D000C572C31A5842584100F0E6F90020E5E75D
:10C1E000003F0020E4370020F8B504461FF04BFC68
:10C1F000002607460E4B1B6893B19E68AEB196F8B9
:10C200002420D20711D435460FCC0FC50FCC0FC553
:10C2100023682B6096F8243043F0010386F824301D
:10C2200038461FF023FC3046F8BD1B68E4E700BF2A
:10C23000A840002010B5044618B9054B054A136004
:10C2400010BD00F053FED4F8E830002BF6D1F4E72F
:10C2500043710400A440002008B502460868FFF7B7
:10C2600081FF08604868FFF77DFF48608868FFF736
:10C2700079FF8860C868FFF775FF0B69C860581CB4
:10C2800003D00B48834228BF03460B614B69581CFF
:10C2900003D00748834228BF034688694B61FFF7F4
:10C2A00061FFBDE808408861104601F08BBD00BF0A
:10C2B00040420F00D0F8E0302DE9F04105460C4631
:10C2C00013B1838D8B424CD0D5F8DC30002B4BD092
:10C2D0009E68002E48D0D868002845D0013800B2AA
:10C2E00000281ADB002106E0128A591CA24217D24C
:10C2F00009B2884211DB0B1803EBD3735B1003EB1D
:10C30000C30206EB8202B2F80EC003F1FF3EA44561
:10C31000EAD90FFA8EF08842EDDA2120BDE8F081EB
:10C320004FF6FF7299B29142F7D09BB203EBC30371
:10C3300006EB83062846B6F9122095F82411D5F8A5
:10C34000F080EDF769FE0746B8F1000F04D0002336
:10C35000324628461946C047AC85C5F8E06085F8E6
:10C360002D710020BDE8F0810E20BDE8F08100BFF6
:10C370002DE9F04782B004460F46164601F042FF11
:10C3800000285ED1454D2B68D4F8DCA0D4F8E080BD
:10C390000BB1534562D04FF00009AF6001F086FF4A
:10C3A0000128074651D12B68DAF80010D8F8002090
:10C3B00013B1186888425CD020461BF06DFAC5E9BD
:10C3C00000A8D4F8F0508DF80760002D58D0002256
:10C3D000204611460DF10703A847204601F04CF90D
:10C3E0000546B9F1000F0FD076B9D4F888300BBBF1
:10C3F000012F05D025B12A4B002103205B68984707
:10C40000284602B0BDE8F087B5FA85F040F21F4239
:10C410003321400900F0C8F83146204601F044FBC2
:10C42000204B05461B68414620469847D4F8883083
:10C43000002BDDD000224FF40073204600F066FD93
:10C44000D6E70023154D6B609DE70021012000F029
:10C450009DFD01F02BFF0128FBD1A4E76B68002BA9
:10C4600099D0434597D1AB689F4215D04FF0010951
:10C4700093E7696811B109689142A0D059689BE7B8
:10C4800094F8281094F82D313246994228BF194665
:10C49000204601F071F8A0E70025B1E7003F002039
:10C4A000B4400020A4400020F8B50E4605461FF019
:10C4B000EAFA314607462846FFF7FCFE044620B15B
:10C4C00038461FF0D3FA2046F8BD01F07DFE224623
:10C4D00031462846FFF74CFF044638461FF0C6FA9F
:10C4E0002046F8BD70B504460E461FF0CCFA314622
:10C4F00005462046FFF7D8FF044620B9044B014605
:10C500005B680320984728461FF0B0FA204670BDAC
:10C51000B440002013B5044669461AF00EFF2046C9
:10C520001BF0ECF8FF28024606D020469DF80010CC
:10C53000EDF784FE02B010BD0048FBE70080FFFF6E
:10C540004FF4007307B50A490DF10602ADF8063045
:10C550001AF01EFFBDF80630B3F5007F05D10228A2
:10C5600008BF002003B05DF804FB2120FAE700BFFC
:10C5700050350020024B1860024B1960FEE700BFE7
:10C5800050370020AC40002038B5044D044C054B1A
:10C59000286021601A60FFF7EDFF38BD503700209A
:10C5A000AC4000205437002010B550B90548064B68
:10C5B0000160064802601868054B18601868FFF7AC
:10C5C000E3FF10BDAC40002034350020543700207C
:10C5D00050370020054B1B680BB918467047834243
:10C5E00001D01B69F8E70120704700BF5C370020CD
:10C5F000094A13680BB918467047834207D11B6973
:10C6000001201360054A1368013B1360704703F172
:10C6100010021B69EEE700BF5C370020583700208E
:10C620002DE9F74F06461FF048FADFF8288101236D
:10C6300098F800B0DFF820910190BBF1000F06D010
:10C6400089F8003003B0BDE8F04F1FF028BA3F4F23
:10C6500088F8003089F800B01AF06DFF08B11AF0C0
:10C6600068FF3D683A495DB9DFF8F0A0DAF80020CC
:10C670000024AA423B682FD84FF0FF3134483BE0FA
:10C680006B7D8BB12B68B34202D09A1B8A420BD9C7
:10C690006A6813442B60AB68003A18BF0122003B64
:10C6A00018BF01236A75AB752D69DCE7907D20B159
:10C6B000107D88429CBF014614461269002AF5D1BC
:10C6C000002CD9D0D4E90001A275411AD4E9023274
:10C6D000204698470135C9E71A46FF21EEE75A7D03
:10C6E0004AB11A68B24224D0921B824221D89142A8
:10C6F00001D311461C461B69002BF0D15CB12046CA
:10C70000FFF776FF38B13B683C602361DAF8003010
:10C710000133CAF800303B685A7D6AB91AF007FF46
:10C72000064699F80030002B94D1019888F8003023
:10C7300088E71C460021DEE7186800F0D3F80446BD
:10C740001AF0F5FE0646002C84D1EAE75C3700209B
:10C75000FCFFFFBF7E3B00207D3B002058370020C0
:10C7600038B5054608B3182200211BF097FB1FF0CF
:10C77000A4F902462846FFF72DFF20B110461FF00E
:10C780008EF9022038BD0A4B1C6854B909491D6056
:10C790000B68104601332C610B601FF080F92046B6
:10C7A000F0E704F110032469EFE72120EAE700BF76
:10C7B0005C3700205837002038B50446FFF70AFFE1
:10C7C0001FF07BF905462046FFF704FF637D23B980
:10C7D00028461FF064F90E2038BD00236375064B10
:10C7E0001B68A34203D11AF0A2FEFFF719FF2846E7
:10C7F0001FF055F90020EFE75C3700202DE9F84FD6
:10C80000DDF82890984604460D469246FFF7E2FE72
:10C81000DDF830B01FF051F907461AF088FE0646E1
:10C820002046FFF7D7FE637D23B12046FFF7C4FF04
:10C830000023A375BAF1010F23D175B9B8F1000F28
:10C8400021D1B9F1000F03D05A4631462046C847DE
:10C8500038461FF024F9002019E035440D4BAA1B7F
:10C860009A4210D8012363759DF82C303046C4E9F4
:10C870000058C4F808902375C4F80CB0FFF7D0FE38
:10C88000E6E7AE42EAD138461FF009F92120BDE8BB
:10C89000F88F00BFFCFFFFBF2DE9F0410746884637
:10C8A000FFF798FE1FF009F93D6806461AF03FFEB3
:10C8B0007B7D7BB185420DD0094B2C1A9C4209D857
:10C8C00030461FF0ECF8B8F1010F08BF25462846A6
:10C8D000BDE8F08130461FF0E2F80025F7E700BF21
:10C8E000FCFFFFBF0023024A194600F01FBD00BF36
:10C8F000F97404000C232DE9F74F06460F46144641
:10C9000000254FF00609DFF854801370EBB209FBE5
:10C9100003F3D8F80010CA185079012804D92378F5
:10C920000C2B14D1212013E031F903B01179B2F9A5
:10C9300002A03046002201911AF0C2FD58B10199BF
:10C940002170B7F900305B4505DB534503DC00205F
:10C9500003B0BDE8F08F0135D8E700BFB04000203C
:10C9600001491AF0EABD00BFF1E4020001491AF0E2
:10C97000E4BD00BFC5E4020070B5164E03280446AE
:10C980000D4633781ED023FA04F202F00102AA42C7
:10C990001DD053B10122A240A54023EA02032B433C
:10C9A000DBB233704BB1012070BD2DB10A4B0120B9
:10C9B0001B6898473378EDE73570074B00201B68FC
:10C9C0009847F0E79A07DED003F0FC03E9E7002080
:10C9D00070BD00BF803B00209C370020F8B50546A5
:10C9E0000C461FF050F8104F06463B7833B1012D2E
:10C9F00004D01CB90D481EF039FA3C702146284677
:10CA0000FFF7BAFF0A4B04461B783BB93B782BB9BA
:10CA10001AF073FF10B1074B1B68984730461FF0A0
:10CA200025F82046F8BD00BF813B0020703700206C
:10CA3000803B0020B4400020054A0B46117831B1FC
:10CA400000211170034A012152681878104770477D
:10CA5000813B0020B440002038B5074D04462B78B8
:10CA6000834207D001F00CFC20462C70BDE8384012
:10CA7000F1F762BD38BD00BF7F3B002038B50446EA
:10CA800080B11FF000F80121044608461DF042FD68
:10CA900001210B4A084611F0AAF92046BDE83840AA
:10CAA0001EF0E4BF1EF0EFFF0546214601201DF0F9
:10CAB00031FD01202146024A11F099F92846EDE79F
:10CAC000AED504001B4B022910B5187002D0032903
:10CAD00004D010BD184B1B78002BFAD1FFF7ECFAED
:10CAE0000028F6D04FF00052144BC3F88020BFF35B
:10CAF0004F8FBFF36F8F01F09BFB0028E9D001F04F
:10CB0000F1F90028E5D10E4B1C6834B12368984731
:10CB1000BDE81040002001F0A7BB1AF067FC094BEC
:10CB200018601FF046F9084B1860204601F088FB9A
:10CB3000EEE700BFAB4100207F3B002000E100E0BA
:10CB4000C0370020983700209437002038B50446BD
:10CB50000D46FFF7B1FA80B14FF00052124B1A6048
:10CB600001F066FB48B9012D07D8012001F07CFBDC
:10CB70000E4B1B6823B15B6898470D4B1C7038BD8A
:10CB80001FF017F90B4B1A68801A18601EF0A4FAF0
:10CB90004FF47A72084B1B6802FB00301AF028FC35
:10CBA000012001F04DFBE8E700E100E0C037002084
:10CBB000AB4100209437002098370020F0B585B0B5
:10CBC0001EF061FF344D04462B7823B133481EF02C
:10CBD0004DF9002852D11EF03FFA02AA03A91AF01B
:10CBE00076FE0346002838D01AF085FE029B984254
:10CBF0001CD100202A4B03991B682A4E99423070A1
:10CC000020D90027C91A012324482B70264A33460D
:10CC1000CDE900771FF019F8002837D1234A13789F
:10CC2000D90701D53178F9B1204611E01AF061FE3B
:10CC3000029B984228D0002318461949194A0968CE
:10CC4000137003910121FFF797FE002320462B70FC
:10CC50001EF00CFF002005B0F0BD20462B701EF02A
:10CC600005FF212005B0F0BD03F0FE031370002B7B
:10CC7000DAD10F4B1B6898472046E9E720461EF0A3
:10CC8000F5FE0E2005B0F0BD0220B3E703232046D9
:10CC90002F703370F3E700BF813B00207037002016
:10CCA00090370020AA41002039CA0200803B0020B2
:10CCB0009C37002070B51EF0E6FE184D04462B7818
:10CCC00023BB174A17491370174B184A18481A60A4
:10CCD000184A194E5A60F1F7ADFB18491848F1F798
:10CCE000A9FB184B80203360EAF752FD052804BFEA
:10CCF000154B3360154B5B6F03F44073B3F5007F46
:10CD000002BF0222124B1A6001232B70F1F770FE52
:10CD100020461EF0ABFE002070BD00BF823B00200D
:10CD2000813B0020B4D50400B4400020BDCB0200FC
:10CD300060370020DDC902009C370020BCD504000C
:10CD40006837002059CA02007DCA02000040005026
:10CD50009037002037B50C46234D59B90A460121BA
:10CD600005F020FE214BEC645C6003B0BDE8304070
:10CD700005F036BE0122114605F014FE07221C4BB9
:10CD80000121DA60237901A885F84C306379019399
:10CD90001AF052FF019BC2B2D34000F00F0040EAEC
:10CDA000031085F84D00A27985F84E20E27985F8C8
:10CDB0004F202068286501939BB1012102888B4296
:10CDC00008D82379013B13440A4A136205F008FE90
:10CDD00003B030BD30F811500131AA4228BF2A46B5
:10CDE000EDE71A46EDE700BF003F00B04C3F00B052
:10CDF000006000B8004000B810B5054C237823B19E
:10CE000003F012FB0020207010BD0E20FCE700BFD5
:10CE1000843B002008B503F0D5FA0122014B002025
:10CE20001A7008BD843B0020431C07D06FF0FF023E
:10CE3000034B10405A62A3F580535862704700BFFD
:10CE400000E000B810B504234FF03A4101240A4A2B
:10CE5000D1F81801C2F81831C2F814314C634FF4FC
:10CE600000511163410742BFC2F81431A2F580524C
:10CE7000C2F8183110BD00BF002000BAF8B5044652
:10CE80000F4616461EF0FFFD0546A047044620B19A
:10CE900028461EF0EBFD2046F8BD04F03BFF0422BF
:10CEA0000549D1F8F03E23EA07033343C1F8F03EC9
:10CEB000024B1A64ECE700BF003000B0002002B85B
:10CEC00000F01803182B0AD003070AD440F201130C
:10CED00010F0100018BF1846034BD86770470020A9
:10CEE000FAE70120F8E700BF003F00B038B103685F
:10CEF000044A002B08BF1346034A13607047014BD6
:10CF0000FAE700BFFF750400C040002010B4D0E96C
:10CF1000524122400B4052EA030104D003495DF81C
:10CF2000044B096808475DF8044B7047C040002077
:10CF3000024B986E00F00F00704700BF003F00B03A
:10CF40000F2938B505460C460ED801F0AFF9012877
:10CF50000CD1074A2846936E23F00F0323439366B0
:10CF60001AF0E8FC002038BD2120FCE70220FAE797
:10CF7000003F00B0014BD86E704700BF003F00B0CB
:10CF8000014B0020D9667047003F00B003282DE90F
:10CF9000F347884656D82D4B13F800902C4B1E5C57
:10CFA0002C4B13F800A01EF06EFD074604F0D2FCD7
:10CFB000054640B100230022CDE9003301200023C3
:10CFC000002104F0F3FA04F0CDFC48B10023002264
:10CFD000CDE90033002000234FF4004104F0E6FACD
:10CFE00076B31D4BDC6C04F008041C4B31464846FC
:10CFF000DC6404F0EDFE012352463146484604F05D
:10D0000077FF174BDC646DB1164B1868D0F89010A1
:10D01000F83002F0DFFF14490868FFF705FF4FF012
:10D02000FF330B60B8F1000F04D0104B0021032038
:10D030005B689847384602B0BDE8F0471EF016BD61
:10D040003446D2E702B0BDE8F08700BFCCD504007B
:10D05000C8D50400C4D50400004000B8006000B882
:10D06000005000B834350020BC400020B4400020FF
:10D070000F4A136C13F0A00F15D1506C10F0040080
:10D0800013D10C4BD3F8F03E23F07F4323F0FF0382
:10D090005BB1D368C3F30362092A07D0B2F10C0075
:10D0A00018BF01207047002070470120704700BF63
:10D0B000000002B8003000B0F8B507460D4616462D
:10D0C00083B1FFF7BFFE29463846BC8A01F00CFB4E
:10D0D000B44228BF344629462246094801F020FCC4
:10D0E0002046F8BD4FF03A420124D368D26A03F0DB
:10D0F000070306339C40C2F30C03E41AA4B2E7E72B
:10D100000C0000BA70B50D46064620B91A4B1B68D4
:10D11000A3B10E2011E001F0C9F8012829D1174B65
:10D1200093F90040C4F12704641BC4F11C03002BD5
:10D13000B8BF5B42232B0CDD212070BDA1F10B0396
:10D14000002BB8BF5B42232BF6DC0C4B1970002080
:10D15000F3E786F826501EF096FC094AE402136AAB
:10D1600004F4FF2423F4FF231C4314621EF07EFC0E
:10D17000EDE70220E1E700BF34350020833B0020CB
:10D1800000C000B8094B08465A6A91020BD4D3F884
:10D190000021D20708D4D3F8803013F4706F14BF85
:10D1A0000120002070470120704700BF004001B8F7
:10D1B000F8B50D46D0F8903002EA010423EA0103E5
:10D1C0002343C0F890303D4A01F00B0323EA0401E9
:10D1D000D1642340A2F580526F070646D36410D570
:10D1E0000121FFF7CFFF60B104F094FD4FF400730D
:10D1F00014F0040F14BF324A324A53620422324BF5
:10D200001A64E90606D514F0100F14BF00221B2281
:10D210002E4B5A652A061DD5230616D54FF400124B
:10D22000274B1A62012203F58053C3F800211EF038
:10D230002AFC0E210746032002F054FE40F2012290
:10D24000224B3846DA621EF011FC214606F1F80046
:10D2500002F0C0FEEF0503D5E00529D502F030FE4F
:10D26000A90503D5A20526D502F036FE15F0600FFC
:10D2700009D0D6F8E41030461AF0C2F98022144BD7
:10D280009867144B1A612B0510D504F043FD124A20
:10D2900014F4006FD2F8F03E14BF43F0006323F0A3
:10D2A0000063C2F8F03E0422074B1A640020F8BD68
:10D2B00002F000FED4E702F009FED7E7006000B8F4
:10D2C000005001B8006001B8002002B8004000B86A
:10D2D000003F00B0000002B8003000B0014B1868F9
:10D2E000704700BFB037002037B51EF0CCFB0024DC
:10D2F00001230022CDE900340023054619461046DB
:10D3000004F054F9022002F0A9F9064B21461C60F2
:10D31000054B02205B68984728461EF0A7FB204675
:10D3200003B030BDB8370020B44000202DE9FF41E4
:10D3300002290D4616469846039004D1FFF7D4FF04
:10D3400004B0BDE8F0811EF09EFB1E4F04463B6812
:10D350003BB1B34205D01EF089FB002321203B6086
:10D36000EEE7194B0022C3F800803E60002301263F
:10D370004FF0000810461946CDE9006604F016F992
:10D38000124B022083F8008002F068F943462A46D7
:10D39000022003A902F080F90D4B039A1A6008B924
:10D3A0002046D8E70B4D2B689847212804D020460B
:10D3B0001EF05CFB0020C3E731466B6802209847F3
:10D3C000F5E700BFB8370020B4370020863B0020C7
:10D3D000B0370020B4400020044B5B6E5B054EBFAD
:10D3E0000120034B187800F00100704700C001B81D
:10D3F000863B002090F825305A1F012A01D9082BBE
:10D4000005D14B7C2BB1012B05D0022B05D01AF096
:10D4100050B903487047034870470348704700BF3E
:10D4200020A1070048E8010040420F000A78022AC4
:10D4300011D0101F4242424152004B781201022B80
:10D440000BD0191F4B424B415B000549054842EA8E
:10D450008312FFF713BD0122EFE70123F5E700BFB9
:10D46000F0FFFF00F5E202000B78022B10D0181F2E
:10D47000434243415B004A78022A0BD0111F4A42C3
:10D480004A4152000F21044843EA8202FFF7F6BCEA
:10D490000123F0E70122F5E721E302002DE9F8433B
:10D4A0000E780446042E0D4690F824810BD10027F7
:10D4B0005FFA87F9484601F063FD08B14E4602E085
:10D4C0000137042FF4D1304601F05AFD002849D02D
:10D4D00094F82431B34209D1AA88D4F8A4309A42EE
:10D4E00004D16A88B4F826319A4238D084F824618D
:10D4F000AB883046A4F828316B88A4F82631AB8875
:10D5000004F59275C4F8A430FF2384F829301AF08A
:10D51000CDFA84F82800284601F0F2FC18BB284612
:10D5200001F024FDF8B9D4F8E03053B194F8241197
:10D53000414506D02046B3F91220ECF76DFD84F882
:10D540002D01204601F060FD0949A4F828010123BE
:10D55000084AD1F8FC1004F1F80003F009FE00209D
:10D56000BDE8F88321200C2384F82431F8E700BFBC
:10D57000004F00B0A43F00B070B5054690F82401FC
:10D580000C460C281FD0FF2901D1212070BD1AB1F3
:10D590004FF0FF320D4B1A601AF088FA064695F8E4
:10D5A000240101F023FD844228BF0446E4B2B442C2
:10D5B00038BF3446E0B285F8290001F021FEFF288B
:10D5C000E3D00020E2E70220E0E700BFC8400020EF
:10D5D00010B590F8243104460C2B44D0D0F8E0303C
:10D5E00080F82810DBB3D0F8F020D2B990F82D31B4
:10D5F0008B421CD300222046FFF7BEFF48BB1B4BCB
:10D600001B7813F0FD0F23D1204601F0FDFC1849D3
:10D610000123184AD1F8FC1004F1F80003F0A8FD2A
:10D6200016E0B0F94020B3F912309A42E2DD002250
:10D63000204694F82D11FFF79FFF50B9C4F8E00081
:10D64000204619F0FFFD4FF6FF739842014601D1C5
:10D65000002010BD2046BDE81040FEF725BFFF2387
:10D6600080F82930F4E70220F3E700BF8C41002066
:10D67000004F00B0A43F00B0D0F89830012B01D18A
:10D680000020704770B5054650498EB01AF068FA10
:10D69000D5F8E0600146AC8DC5F8E40026B13368EA
:10D6A00013B15B68002B6BD11EF0EDF91EF0DEF9B3
:10D6B0000123D5F8E4108DF80E30B389D6E90120A6
:10D6C000E31A9BB200FB03224148ADF80C3003681B
:10D6D0000292994207D0284619F092FF80223D49D4
:10D6E0003D4B88671A613D4C3B4E00F0DFFD012841
:10D6F000FBD1236CD907F8D4336CDA01F5D4D5F813
:10D70000E41028460D919DF80E20029908AB03F015
:10D71000E9F9002831D100F0C9FD0128FBD12E4ADA
:10D720002E49136CDB01FCD40B6CDE07F9D408A97D
:10D7300001A803F0F9FB00BBAA8D294B5A6495F8A8
:10D74000243060F3410385F824301AF02CF9D5F821
:10D75000E03002465B691968431EDBB2FD2B049181
:10D7600014D9CC1C12D91F4B01311B6815D0D81C01
:10D7700010D8284604A904930AE002200EB070BD18
:10D780001A68032A90D99B6A5B0E94E7284604A97D
:10D790001AF0F1F800200EB070BDD91C04D828464C
:10D7A00004A904931AF0E7F8D5F84C319B0506D488
:10D7B00095F8243043F0020385F82430EAE7284640
:10D7C0004FF4803119F0BDFDE4E700BFFC4F00B01D
:10D7D000A4370020003F00B0000002B800C002B82B
:10D7E000008001B8D440002038B590F8305104468C
:10D7F000002D37D01EF047F91F221B4B013D5A6206
:10D800001540A3F580535D62D4F83421A3F580530D
:10D810009A66D4F83821DA66D3F80031DB071AD5D6
:10D82000D4F8E430DBB11A68102A18D9196D4FF01A
:10D83000FF3320290A4628BF202219B1C2F1200255
:10D840009340DB43084AC2F80431D4F89C201340CB
:10D85000064AC2F80431BDE838401EF007B94FF05F
:10D86000FF33EFE738BD00BF006001B8005001B8DA
:10D870002DE9F84F074615460B4611B92120BDE8A2
:10D88000F88F002AFAD0032905D8002201F078FA8F
:10D8900003460028F2D01C889A78B4F5804F02F035
:10D8A000070180F0CE80A1F1070C187993F805B03C
:10D8B000DE88DCF1000343EB0C0305292B7394BFD6
:10D8C0000023C2F30013C2F3801C6B73930985F825
:10D8D00010C003F00203C2F3C00C43EA0C03C2F30E
:10D8E0004012E8746B74AA74D7F89030AE82D806F0
:10D8F00000F193800639012900F28F80B7F8129069
:10D90000D7F81C8009F1FF394F4B083C04EA0904A1
:10D910005B6D18F804300021802B0CBF6FF07F0383
:10D92000323B04F1010418BF5BB204EA0904AB7393
:10D93000631D03EA09035A1CA96002EA090218F8E8
:10D94000022018F8036097F825A046EA022636B2AE
:10D95000BAF1000F5FD1F10456D5D7F8E43013B116
:10D960001B68022B05D841F24D624C210020FEF7C6
:10D970001BFED7F8E420C6F30B0392F82420DB004B
:10D980000AB1B3FBF2F39B4508D83BB1CBEB0B2BB1
:10D99000BBFBF3FB6FEA0B0B5FFA8BFAD7F8EC30AB
:10D9A00023B1504695F90E1098478246013485F808
:10D9B0000FA004EA090418F80410013404EA090469
:10D9C00018F80430013404EA090441EA032118F884
:10D9D0000430013404EA090441EA034118F8043030
:10D9E00041EA036116F4804305D0184BDB6EB3FAAD
:10D9F00083F35B095B0038466A7C03F081FC0623F5
:10DA00002860AB7100203AE718F804A04FEA4A0AF0
:10DA10005FFA8AFAC2E78A46C8E700230020EB7360
:10DA20000B4BDA69C2F30723120448BF63F0FF030C
:10DA30005AB212F1800F1CBF323B5AB2AA7303468E
:10DA4000DEE702201BE700BF004000B8003F00B047
:10DA500000C000B870B54FF03A434FF480640A4DEF
:10DA6000D3F818610020C5F81841C5F8144104F036
:10DA700017FA4FF400532B67730542BF034BC5F8E9
:10DA80001441C3F8184170BD002000BA001000BA5C
:10DA9000082310B1024A13647047024AFBE700BF33
:10DAA000001002B8002002B8F8B504460E4619B9B5
:10DAB00090F824305A0647D44FF6FF73218ED4F8DD
:10DAC000E470994204D0354B1B680BB1204698474F
:10DAD000334D2B68BB4255D0324B1B683BB11FB155
:10DAE0003A68002A50D0BF68394620469847072731
:10DAF000204601F089FA002E3AD004F071FF06208A
:10DB0000294B94F9262093F900302849C3F12703C3
:10DB10009B1A0A6ADB0222F4FF2203F4FF23134359
:10DB20000B62D4F8E420224B2A60986701F0D0FB06
:10DB3000002501211F4A204B1170204683F8845094
:10DB400019F0F8FE2846F8BD4FF6FF71144DD0F8D5
:10DB5000E4702A6866F386139742018680F82430C1
:10DB600017D0104B1B68002BB9D101F04DFA0727D5
:10DB700012493B46124AD1F8FC1004F1F80003F0B8
:10DB8000F7FABAE70127B3E7174620463946984720
:10DB9000ADE701F039FA0127EAE700BFAC37002012
:10DBA000A4370020A8370020833B002000C000B825
:10DBB000006000B8853B0020003F00B0004F00B07F
:10DBC000A43F00B0054A12681AB190F81E1119B9A5
:10DBD0001047084602F098B901487047A037002066
:10DBE00000FEFFFF334B2DE9F7431C6801F4007979
:10DBF00000F00103174653EA090206460D4632D0EB
:10DC00004FF0000823B30023002201200021CDE9BA
:10DC1000008803F0CBFC41462046FFF7D3FF0122EA
:10DC20004146E085104619F0DAFAD4F8901004F174
:10DC3000F80002F0CFF920490868FFF7F5F84FF037
:10DC4000FF330B6094F8243043F0040384F824304D
:10DC5000B9F1000F07D00121204619F072FB25F41D
:10DC6000007506430D432B4632462046FFF74EF91A
:10DC7000FB070FD51149124A08680021136811608B
:10DC80000121104A117003B198470F4B0021022067
:10DC90005B68984717F00E0F08D04FF4FD723B21D8
:10DCA000002003B0BDE8F043FEF77EBC03B0BDE842
:10DCB000F08300BF34350020BC400020B437002082
:10DCC000B8370020863B0020B440002008B5582219
:10DCD000002106481AF0E2F81022FF2104481AF049
:10DCE000DDF804F07DFE002008BD00BFF43E00B06A
:10DCF000383F00B00C2373B580F824316D23C0F891
:10DD000000317423A0F8143164234FF6FF724FF0F2
:10DD1000FF3500260446C0E94133C0E943331E4BBA
:10DD20008285C36300F1480343641C4B80F82A20BA
:10DD3000C0E90C3580F82660C0F8A450058503F0D2
:10DD400019FE2046FFF7C2FF94F926102046FFF780
:10DD5000D9F96023124A40F6FF71D3644FF03A427A
:10DD6000116311670F4A2946D36440220E4B2046A7
:10DD70001A64D4F89020FFF71BFA0E230022CDE995
:10DD8000003340F202231046194603F00FFC01F065
:10DD90000BF9304602B070BD0700FFFFFFFF4000E7
:10DDA000004000B8005000B8002002B8044BD3F87F
:10DDB000F03E13F0806F14BF23200020704700BF97
:10DDC000003000B00246F8B5B0F8284100F1F8057F
:10DDD000FFF7ECFF0B688E68013304BFD2F8003107
:10DDE0000B604B68013304BFD2F80C314B60771CD9
:10DDF0003BD1D2F80831CF688B607E1C3CD1D2F881
:10DE000004610F69CE60013704BFD2F8F8700F616A
:10DE10004F69013704BFD2F8FC704F618F69013739
:10DE200004BFD2F810718F618F6967BBC0F16404C1
:10DE300008688C6110B16D2838BF6D20C2F80831B8
:10DE40004B68C2E94006C2E943340B692846C2F870
:10DE5000F8304B690F49C2F8FC30D1F8FC100723A9
:10DE60000D4A03F085F90020F8BD04F16D031B1A7B
:10DE7000B34238BF3346BEE704F17406361ABE42D9
:10DE800038BF3E46BDE76D34241ABC4238BF3C461D
:10DE9000CEE700BF004F00B0A43F00B038B5044645
:10DEA000074D21462868621C003818BF012002F087
:10DEB00051FA2B680020003B18BF0123A37038BD26
:10DEC000BC37002038B5054C054B417800782568F3
:10DED000236002F08FF900B1256038BDBC37002007
:10DEE000D8D5040070B51DF0CEFD05460B4E00F0F0
:10DEF000DDF9012805D028461DF0B8FD0224204692
:10DF000070BDF36813F0706FF1D1F46814F08054B1
:10DF1000EDD128461DF0AAFDF1E700BF000002B8D0
:10DF20000A4B10B51B68044673B1094B48B1012177
:10DF3000084A1A60022003F063F80020064B1C70A8
:10DF400010BD01461860F5E70220F9E7BC37002054
:10DF5000C0370020D0D50400873B0020014B187843
:10DF6000704700BF873B002038B51DF08CFD4FF691
:10DF7000FF710A4A13888B4203D11DF077FD0E20F2
:10DF800038BD074C074D1B046566A4F580546366D5
:10DF900011801DF06BFD0020F2E700BF8A410020D8
:10DFA000006001B80000FFFF2DE9F74304460F466B
:10DFB00015461E46FFF75CF828B3204619F0FCF919
:10DFC00078B9744BD3F8F02E1EB10E2003B0BDE823
:10DFD000F08302F03003102BF7D002F0C002402A89
:10DFE000F3D0DFF8E08102F0F7FFD8F81430DE0755
:10DFF000EBD51DF048FD0646032001F02DFC20B1B5
:10E0000030461DF033FD0220E0E7D8F8142012F06E
:10E010000608F5D130461DF029FD5E4B4FF4006136
:10E020002046D3F8F09ED3F8D06E04F0CFFC40B178
:10E030004FF400720121584B08461A64424619F009
:10E04000CEF839462046FEF72FFA524BC3F8F09E21
:10E05000C3F8D06E0028B9D194F82430980601D4C2
:10E06000002D57D0C5F3400003F01AFE022315F42B
:10E07000807F1FBF494A002113644FF03A420BBF13
:10E08000454A91611364536303F044FE4FF4806387
:10E0900015F0040F14BF424A424A15F0400F536274
:10E0A0004FF004023C4B28461A644FF0400314BF63
:10E0B0003D4A3E4AC2F88830FEF702FF204619F07A
:10E0C00025FB38B14FF4807315F0010F14BF334AAC
:10E0D000314A1364A90646D54FF6FF72E38F934287
:10E0E0000FD0334A3349526E100CC2F30112013281
:10E0F000B3FBF2F308802A4A2A492F481B044866DA
:10E100005366003D18BF012594F8243065F345138C
:10E1100084F82430204619F00AFCF0B1204619F0AA
:10E12000F5FAD0B14FF40031204604F04FFC431C07
:10E1300003229BB2214801A919F075FC9DF8042027
:10E1400002F00703052B9DF8053015D112070DD4F9
:10E1500043F480731A4AC2F8D830002003B0BDE8F7
:10E16000F04319F09EBCFFF7FFFECAE713F0040F5F
:10E1700009D19DF80630EBE703F03002202A05D1E3
:10E1800013F0010FF4E74FF48073E3E79DF80630D6
:10E19000E0E700BF003000B0002002B8001002B875
:10E1A000005001B8006001B800D000B800E000B82D
:10E1B000004001B88A4100200000FFFF0C0000BAB7
:10E1C000003E00B000C001B808B50B4BD3F84C11AD
:10E1D0004B1C10D011F080410DD1084B1B6813B1BE
:10E1E0000320FEF7D3FE4FF08062054BDA64012274
:10E1F0005A6102229A6208BD0080E00F3435002087
:10E20000001002B84FF40022034B186C03F50053C2
:10E210001A64C0F3C0407047000002B8024B034AC2
:10E2200000201A60704700BFA837002055CD0200BB
:10E23000024B586900F00100704700BF00C001B8F0
:10E24000084B5A69D10707D508B901F0E3B95B69F2
:10E25000DA0706D401F0D0B95B69DB0701D40028E6
:10E26000F8D1704700C001B84FF0806310B1024A86
:10E2700053617047014AFBE7001002B8002002B862
:10E28000202350B1064AC2F8F433064B196C11F042
:10E29000020104D1032002F0B3BE034AF3E7704742
:10E2A000001002B800C002B8002002B80F4BDB68B3
:10E2B000C3F30363013B0B2B0FD8DFE803F0060623
:10E2C0000C06060606080A08080802207047042003
:10E2D00070470520704703207047054B5B6913F0BA
:10E2E000060F0CBF01200420704700BF000002B8D9
:10E2F00000C001B8094AD368C3F303630B2B08D0ED
:10E300006FF49050184100F0010080F001004000CF
:10E310007047106C10F48030EDD17047000002B8E7
:10E320000C4AD368C3F30363062B07D8042BD8B277
:10E330000BD8C31E5842584140007047072B06D1E6
:10E34000D2F844010028ECD1704702207047002029
:10E35000704700BF000002B8094BDB68C3F30363DA
:10E360009A1E012A8CBF00220122012B02701EBFBF
:10E370004FF4026222FA03F303F001030B707047BB
:10E38000000002B8F0B5CF072CD5002A14BFAA258B
:10E3900055250E461E24154F01F0030383F001039B
:10E3A0003B449B7806F0070C17F80CC0013C634413
:10E3B0004FEA5606F6D10E4E73436FF481769B0CEE
:10E3C00033448AB991FAA1F195FAA5F54A082D0FBF
:10E3D000490042EAC57201F0020480F82740C0E912
:10E3E0002723F0BDAA25D4E7024AF6E7ECD50400BE
:10E3F00036FC1000B756351230B547F6FE74174B91
:10E40000C3F83042D0F8A05004EA4504144DC5F8D2
:10E4100030420F245C66CC071ED5EAB901246C6635
:10E420004FF0FF34C3F80441D0F89C500C4CC4F8B2
:10E4300004514FF0F045C3F8105190F82730DB0637
:10E440002B40C4F8103132B1436C022219604FF0F6
:10E450003A43C3F8F42030BD0224E0E7006001B87D
:10E46000005001B813B590F825300446033BDBB2E9
:10E47000072B96BF104A0021D15CFEF781FD0120D9
:10E4800001F02EF84FF4F0620C4BDA644FF4007296
:10E49000A3F58053DA6494F82530053B012B08D8A6
:10E4A0000421074B01229B6E0DEB0100019300F04C
:10E4B000FDFA02B010BD00BFE4D50400006000B852
:10E4C000004001B8012310B580F816312823C0F8A8
:10E4D000FC300423044680F82530044B196818F0FA
:10E4E0008DFE2046FFF7BEFF002010BD30D6040091
:10E4F000012310B580F816312823C0F8FC30022320
:10E50000044680F82530044B196818F077FE204641
:10E51000FFF7A8FF002010BD34D60400012910B574
:10E52000044604D90239012915D90E2012E00C4BFA
:10E5300019680523012284F816214FF4BC7284F86F
:10E540002530C4F8FC20204618F058FE2046FFF77E
:10E5500089FF002010BD034B19680623EAE700BFBE
:10E560002CD6040028D60400012310B580F81631FB
:10E570004FF4BC73C0F8FC300823044680F8253003
:10E58000044B196818F03AFE2046FFF76BFF002095
:10E5900010BD00BF24D6040038B5184B04461D68D2
:10E5A00045B1EB6833B1286801F0C8FBAB68186867
:10E5B00001F0C4FB124B1B682BB1DA681AB19B68DF
:10E5C000186801F0BBFB0F4B1B682BB1DA681AB15E
:10E5D0009B68186801F0B2FB0B4B1B682BB1DA6823
:10E5E0001AB19B68186801F0A9FB2046FFF780FF6D
:10E5F0002046BDE83840FFF735BF00BF34D60400E1
:10E6000030D604002CD6040028D60400F8B5D0F883
:10E61000343104468B420D46164603D190F8303112
:10E62000202B0ED0324629462046FFF7ABFE202392
:10E6300084F830310023C4F83451C4F83831FFF77E
:10E64000D3F84FF00077074B32461F642946204627
:10E65000FFF7D2FE8022044B1A6103F500531F64BA
:10E66000F8BD00BF001002B8000002B810B50724C2
:10E67000144BDC6331B94FF48041A3F58053C3F8E8
:10E68000041115E04421104B59631049096891F8B1
:10E69000251007291CBF40F04000986301230C4857
:10E6A0004FF48041C363074B002AE8D0C0F804113F
:10E6B0004FF48042C3F80821C3F80C21C3F810219D
:10E6C00010BD00BF006000B8004000B83435002025
:10E6D000005000B8034BD3F8F80780F00070C0F387
:10E6E00040607047000002B810B590F82500A0B156
:10E6F000304BD3F8BC2012F0060F01D004280DD9FE
:10E700004FF470622C4BDA604FF48072A3F58053A3
:10E71000DA600022274BC3F8B82010BD02F00204D3
:10E7200012F0040202D00B789B0637D4002C39D0AB
:10E730000B7803F00F03072B34D14B78022B31D920
:10E740008B7813F03E0F2DD0CC7814F0040F29D025
:10E7500014F0010F0CBF04230A23A40748BF06339B
:10E76000CB5CFBB1002A14BF02220122042840F630
:10E77000FF7003F01F0108BF4900013940EA013171
:10E780000E4801654FF470600B491202C860A1F594
:10E790008051CA60074AC2F8B830BEE7002CC7D122
:10E7A0008B7823B90023054A13650122EAE7022288
:10E7B000DCE700BF003E00B0006000B8004000B8D9
:10E7C0000A68064B12F0802F1CBF42F20101C3F809
:10E7D0002812C3F88822C3F88C227047004001B881
:10E7E000F0B585B06C460E460B4B074615460FCB71
:10E7F00084E80F00094BD3F84822009226B16B1E23
:10E80000DBB2FD2B88BF32602A462146384619F01C
:10E81000B2F805B0F0BD00BFF4D504000080E00FF1
:10E8200030B50823054685B080B9094AC2F8FC33E3
:10E8300051B96C46074B0FCB84E80F00064B2A46B4
:10E8400021461868FFF7CCFF05B030BD034AEDE75D
:10E85000001002B804D6040034350020002002B8AD
:10E860004FF03A43D3F81421D2031ED54FF480322F
:10E870000E49C1F81421A1F58051C1F818215A6D33
:10E88000D1B2C2F30722C3F8A410C3F8A420042213
:10E89000C3F8A4200022C3F8A420C3F8A420C3F81E
:10E8A000A420C3F8A420C3F8A4207047002000BA15
:10E8B000F0220B4B01219A64A022A3F580539A64A5
:10E8C0004FF03A43426CC3F8F410FC21C3F8CC106B
:10E8D000C3F8D0204FF40052C3F8F020704700BFB7
:10E8E000006000B8F8B50D464FF03A4417460646AA
:10E8F0001DF0C9F801230421074A6363E76026611C
:10E900006561C2F81411054AC2F884311DF0AEF8F1
:10E910000DB102236363F8BD002000BA00E100E0FE
:10E920002DE9F04105460124006800F0070006309B
:10E9300004FA00F3A868EC685E1EA04262D000EA08
:10E94000060E6C6810441E430640A3EB0E000EEB4F
:10E95000040C8242644618D9D31A0EEB030298B114
:10E96000431E052B04D94B1CACEB0303022B59D8D7
:10E970000B460844ACEB010E03EB0E0113F8014B00
:10E9800083420C70F8D101466C688AB1531E052B86
:10E9900001F1010302D9E01A022812D80A44611ECB
:10E9A00000E0013313F8010C934201F8010FF8D194
:10E9B0001DF069F80223AE60AB62BDE8F0411DF0C6
:10E9C00055B80B46204622F0030E8E4453F804CB74
:10E9D000734540F804CBF9D122F00303D01A920713
:10E9E00001EB030C04EB0307E2D0CA5C0128E254FC
:10E9F000DED09CF8013002287B70D9D09CF8023020
:10EA0000BB70D5E7042A35D90878043AA86148785C
:10EA10000431A86111F8020CA86111F8010CA86179
:10EA2000A8688CE70B4620F003070F44ACEB010EFF
:10EA30001C684EF803400433BB42F9D120F00303B5
:10EA400010F0030F01EB030EA0EB03040CEB030724
:10EA500028D011F80380012C0CF8038022D09EF8F6
:10EA60000130022C7B7018BF9EF80230084418BF9A
:10EA7000BB7088E7013A032A12D8DFE802F00F15CD
:10EA800007020B4613F8012B1946AA610A4612F831
:10EA9000013BAB61114611F8013BAB610B78AB61F7
:10EAA000BDE8F08108446EE70A46F3E738B50B4647
:10EAB000154601464FF03A4468B101221048C4F8A7
:10EAC000F4201A46FFF72CFF25B14FF03A430422F9
:10EAD000C3F8F42038BD73B1D4F8D8209A4284BF6B
:10EAE0000122C4F8F4204FF03A42C2F8D430022395
:10EAF000C2F8F430E8E70123C4F8F430E4E700BFDB
:10EB0000CC0000BA38B504461CF0BDFF4FF03A42C5
:10EB10000121238F054651674BB3B3FA83F3C3F149
:10EB20001903DBB2A069C2F8B410C2F88C30072315
:10EB3000C2F89000C2F8B0304FF4A02302F50052A2
:10EB4000C2F81431A2F58052C2F8183100220C4BE1
:10EB50001A600C4B1B6C5B0209D54FF480020A4B08
:10EB600004F1F8001A64D4F8901001F033FA00238D
:10EB7000638707232846A387BDE838401CF076BF8B
:10EB8000C4370020000002B8002002B82DE9F84385
:10EB900005460C46B1B1D0F81880078F1CF073FF02
:10EBA000B5F83AC0791E01EA0C0323F00702032CE2
:10EBB0000646DFF8F8E042445ED1DEF8004024B9B2
:10EBC0001CF054FF0E20BDE8F88324F00104DEF8A9
:10EBD000000020F00100A04253D10023CEF8003005
:10EBE000238894426FEA43436FEA534323803ED124
:10EBF000AB8F08EB07091846083880B202F1080409
:10EC00004C4528BF4446082804D9B4F800E0BEF5B6
:10EC1000804F40D263440F431B1A3B409BB26B872B
:10EC2000A887947811884FF03A42C1F30C0191659E
:10EC3000C2F89830C2F8B0004FF48022174B04F0AD
:10EC40000704C3F814210122154BC3F88421FFF7F0
:10EC500007FE042C0BD14FF48002124B05F1F80093
:10EC60001B6C114B1A64D5F8901001F0B3F93046C3
:10EC70001CF0FCFE0020A6E7601E012898BF144689
:10EC8000A5E7A88F4344E31A48BFDB190838984228
:10EC9000A6DC304694E72246AEE700BF002000BA6B
:10ECA00000E100E0000002B8002002B8C4370020F4
:10ECB000154B10B519688A8F4B8F088F1344013894
:10ECC000073B8C69034023F007031C4402F108034F
:10ECD0004FF03A429BB28B87C2F8B0304FF480229B
:10ECE0000A4BC3F814210122094BC3F88421A078F0
:10ECF00000F00700042803D1064AD3681B03FCD4A4
:10ED0000054B1C6010BD00BF34350020002000BA48
:10ED100000E100E0000002B8C437002010B5064C46
:10ED2000216839B1CB0703D4044B1868FFF72EFFD5
:10ED30000023236010BD00BFC437002034350020FD
:10ED40004FF480320C4B0D49C3F818214FF03A4371
:10ED5000C1F81421D3F8AC10D3F88C20012302F0B1
:10ED6000070206329340C1F30C01083B994201D8D7
:10ED7000FFF776BD704700BF002000BA001000BA50
:10ED80002DE9F04780460C4616468769058F1CF032
:10ED90007AFEB8F83A2005F1FF3C02EA0C0323F0B2
:10EDA0000701032C82463944B8F83C0019D14A4C7B
:10EDB00024689CB90244073A02EA0C0222F00702D6
:10EDC000BC183B44E31A48BF5B19834210DB504632
:10EDD0001CF04CFE00242046BDE8F08724F001041E
:10EDE000EFE7012C02D0022CEBD108380C46E8E703
:10EDF000002E3FD08C4241D14FF03A42D2F8589089
:10EE00004FF03A41D1F8AC20B8F81270C2F30C02BE
:10EE1000934247DA2588B5F5804FD8D2A378C5F359
:10EE20000C0503F007037A1EA5EB09053A43052BF1
:10EE3000337005EA02052DD82DB2E84340F23D4279
:10EE40000421C00FFDF7B0FB7580E3783374D8F868
:10EE50001C207B1E03EA0903D118B160A9B213FA82
:10EE600085F5AF422FBF0023FF1AB780F26024BFA1
:10EE7000B180F36050461CF0F9FDACE7A4F1080244
:10EE8000974284BFED0802EBC502B2F80090C9F3C7
:10EE90000C09B5E7114B5B6D003B18BF0123A5EBD7
:10EEA000C305C9E74B6D7A1EA3EB09033A431A4029
:10EEB0000B4915B2002DCB680BDCC3F30363D81EDE
:10EEC00043424341DB0033708B6C72801B0A337406
:10EED000BDE70823F7E700BFC4370020004000B8B3
:10EEE000000002B8054BA822D3F84C013121431C85
:10EEF0000CBF0120C0F38070FDF756BB0080E00F0F
:10EF000038B5134D0446297819B92022114818F054
:10EF1000C5FF6188104A23785180002113700F4A81
:10EF2000022BC2F8CC104FF0FF010D4A0D4B1170AF
:10EF30004FF007010C4A4FF00000C2F8FC130CBF61
:10EF400004220122C3F8FC2301232B7038BD00BF2B
:10EF5000883B0020E03F00B08C410020004001B819
:10EF6000AE410020001002B8002002B8034B1A681E
:10EF700002609B8883800020704700BF8C41002086
:10EF800010B5044600F0ECFD064BD3F8F83724B971
:10EF900083F40033C3F3404010BDA31E58425841D0
:10EFA000FAE700BF000002B84FF63F720A4BD3F8F1
:10EFB000FC37934206D0094AC3F301131370E022D1
:10EFC000074B1A7041F66A02064B1B68B3FBF2F35B
:10EFD000054A1360704700BF000002B8AF4100202F
:10EFE000B0410020E4370020C837002020B10228BB
:10EFF00004D1034B18787047024BFBE700207047A1
:10F00000AF410020B04100202DE9F74FD0F8A420F7
:10F010004C21022A38BF0222064690F824B16B48E0
:10F02000013A036AD0F8CC506948C3F38213D9403F
:10F030000368DFF8C0A19342DFF8BC91654BDFF8AD
:10F04000BC8101F0010116D11C788C4213D19AF8D1
:10F0500000405C450FD1D6F8A84064B1AC420AD15B
:10F0600096F8295099F80040A54204D1B8F8040058
:10F0700003B0BDE8F08F98F8004002602046197098
:10F08000FFF7B4FF002900F0888004234FF07F4091
:10F0900000255149C1F8B830504BC3F8B80096F874
:10F0A00029301B06C1F8B8304FF080514A4B2C0470
:10F0B000C3F8B41040F27121494B1B68B3FBF1F364
:10F0C00019215343182BB3FBF1F173D8002C7BD0DB
:10F0D000B4FA84F2C2F12002C2F10F03012B38BF4F
:10F0E0000123D440A14201D2013B64086A1C03F011
:10F0F0001F0152008A403B4F121B9208C7F8B020F4
:10F100001A0242EA03121343019305EB052305EBB0
:10F110000325354B40F6970218682B21003818BF9D
:10F120000120FDF741FAFA222F4B02FB04F01B6885
:10F1300040F6FF72B0FBF3F00A2358432B4B00F567
:10F140007A74C3F8C420019AA3F58053C3F8C4208D
:10F15000A3F58053C3F8CC50D3F8CC3000F58C50D5
:10F16000C7F8FC30C6F8A850214D14302C6001F0CF
:10F1700089FF4FF47A72C7F8A400C7F8F8002B682B
:10F18000B4FBF2F0B3FBF2F3A8F8043096F82930A0
:10F190008AF800B089F800306AE7002C14BF102507
:10F1A000202596F82930834294BFED182D1805F0DC
:10F1B000FF0579E7B1FA81F234B1B4FA84F3D21AD7
:10F1C000002A89DC0F238DE70F238FE7004001B869
:10F1D000C8400020893B0020001002B8002002B87F
:10F1E000E4370020003F00B0C8370020006001B8BD
:10F1F000CC370020AD410020AC4100208C410020E4
:10F2000010B5114B01461B78104C0C2B02D1FF207E
:10F21000207010BD184618F049FC02461846FFF74A
:10F22000E5FE884228BF0846C0B2904238BF10466B
:10F230002378C0B28342ECD0054B20701868FFF7EA
:10F24000E3FE2078E5E700BF8C410020AE410020BE
:10F250003435002010B50446FCF72EFF78B1154B6D
:10F260001B786BB964B1144B1B784BB1134B1B78F3
:10F27000013B012B04D84FF40042114BDA6410BD5E
:10F28000104BDB6C1B04FAD41CF0FDFB044602F0AF
:10F2900041FD4FF400420C4B2046BDE81040DA64BB
:10F2A00002220A4BC3F87C240422054B1A641CF08A
:10F2B000DDBB00BF8A3B00208B3B0020D037002005
:10F2C000002002B8000002B8001002B800D00350BD
:10F2D0004FF48022014B9A64704700BF005000B881
:10F2E00073B5054600F03CFC01213A20E7F734FFF6
:10F2F0003E4C3F4B00201D70FFF7ACFF2378013BD5
:10F30000012B08D8E37B01A88DF80430237C8DF80D
:10F3100005300AF04AFB0022364BC3F87C24B5B90D
:10F320004FF6FF71344AC2F88410F821A2F58052DA
:10F33000C2F88410C3F87C54304B4FF08042002058
:10F34000DA644FF480222E4B9A6402B070BD62687A
:10F350005AB32C4B1B6803EB5203B3FBF2F3013B94
:10F360001B0243F0F80326782349022E244A1ED0BC
:10F37000032E4FF6FF751F4826D0012E2FD143F0E4
:10F380000203C1F88450C2F884300723C0F87C34EB
:10F39000E37B01A88DF80430237C8DF805300AF05A
:10F3A000CBFA0120FFF756FF17E0F823DBE74FF613
:10F3B000FF7043F00103C1F88400C2F884300622D4
:10F3C0000C4BC3F87C24E3E743F00503C1F88450F9
:10F3D000C2F884300423C0F87C340B4BADE7C1F88D
:10F3E0008450C2F884300023F5E700BFD0370020F6
:10F3F0008B3B002000C00350006000B8002002B822
:10F40000005000B8E4370020001002B8F0B52B4FD0
:10F4100006463D4604460FCE0FC5336885B02B60C7
:10F4200000F09EFB01213A20E7F796FE0022244BD4
:10F43000C3F87C24A17A627A42EA0142C3F88824A4
:10F44000217CE27B42EA0142C3F88424217B627B77
:10F4500041EA0240C3F880043B78032B2AD8DFE856
:10F4600003F022020C178DF8041004218DF80520FA
:10F470000DEB010000220AF00CFAE37B00228DF86C
:10F480000830237C042102A88DF809300AF001FA23
:10F49000637A01228DF80C30A37A042103A88DF839
:10F4A0000D300AF0F6F9074B187805B0BDE8F040CA
:10F4B000FFF716BF212005B0F0BD00BFD0370020F8
:10F4C00000C003508B3B0020034BDB6C002BBCBF08
:10F4D000024BC3F888007047000002B8004000B833
:10F4E0004FF0006338B1064AD364064B4FF4003244
:10F4F000C3F884207047044AD364044BF6E700BF86
:10F50000001002B8005000B8002002B8006000B837
:10F510002DE9F04700F07EFB4FF47A762D4BB0FBDF
:10F52000F6F618604FF4FA73734307462A48190E2B
:10F530001B021818294A4FF0000341F1000103F0A3
:10F5400097FA274BA0F5807205461A6320B9462228
:10F550002B21FDF729F801254FF47A724FF0000AAC
:10F560006A4353465008310203F082FA1C4B1D4A8D
:10F57000B7F57A7F9A601C4B4FEA056819601B4B00
:10F580008946044618604FEA152505D298222B219A
:10F590005046FDF709F801264FF47A73A8FB0301E2
:10F5A00003FB05117308C01841F100010023324626
:10F5B00003F05EFA0E4B023419600E4B49F100095C
:10F5C000A408186044EA8974054B013C9C63BDE8BB
:10F5D000F08700BFE437002020A1070040420F0061
:10F5E00000C001B802110100F4370020F0370020FC
:10F5F000EC370020E83700201022044BC3F88421A8
:10F600005A600122024BDA60704700BF00E100E05F
:10F6100000C001B81022064BC3F88421C3F884202F
:10F62000BFF34F8FBFF36F8F0422024BDA60704736
:10F6300000E100E000C001B810B50446A242A2EB10
:10F640000000A3EB010104D2034B01399B6B013392
:10F65000184401F0030110BD00C001B838B5012500
:10F660000A4B02019D504FF480730446084A8340C0
:10F6700053661CF008FA074AA540137823EA0503ED
:10F680001370BDE838401CF0F1B900BF00E101B8CB
:10F6900000E001B8943B00202DE9F84F16460546DE
:10F6A0008A461F461CF0EFF9022E00F0918080463A
:10F6B0001CF003FA5A4B5B4AD3F8209092F8914021
:10F6C0005A6EE4B2520744BFD3F82090013404F0DC
:10F6D00003041CF0E4F94846214600F02BF9844667
:10F6E000DAF80000012E04BF01306044ACEB000CDE
:10F6F00008BFCAF80000BCF1804F7DD300F02CF9A0
:10F700008145A1EB040188BF454BDFF838C188BFB4
:10F7100001F1FF3101F0030188BF9B6BA0EB090EE3
:10F720000CF80510A1B1F90742BF41F61F723E4B1C
:10F730005A67BA0742BF3C4B3C4A5A677B0742BFF5
:10F740000022374B9A673C0742BF0022344B9A6530
:10F7500011244FF0010A324B05F11002120103EBA4
:10F76000051BCBF80C0132499C501A6A0AFA05F4C1
:10F77000586E0B78A2EB0902E4B2234372450B707A
:10F7800025D34FF48073AB40034220D11CF80520F1
:10F79000002A40D10EB3274AF807536607D541F631
:10F7A0001F7140F20110204B596750675967B90724
:10F7B00006D51D4B1D4A1F491F485A6748675A679F
:10F7C0007A0742BF01221D4B1A613B071AD44046FB
:10F7D0001CF04CF90120BDE8F88F194A2D0142F8C0
:10F7E00005A042F89C3C1CF04EF911490B7823EA25
:10F7F00004030B701CF03AF940461CF037F9002066
:10F80000BDE8F88F2120FFF75FFE4FF48032044BF4
:10F810004046DA60DCE7074A40465366D8E700BF57
:10F8200000C001B8003E00B000E001B800001F1F9A
:10F83000943B002000D001B800000101000002B894
:10F8400000E101B88C3B0020024B1878003818BF4B
:10F8500001207047943B0020034B103000011858E2
:10F8600000F00100704700BF00C001B8044B01F078
:10F87000F071103041F0030100011950704700BFD2
:10F8800000C001B870B50646FEF7D2FC044608B1C8
:10F89000FFF7C0FE00230A4D3046AB61EB612B62DF
:10F8A00000F05AF8074BC9B283F8911028622CB1C6
:10F8B000FFF7A2FE4FF08062034B1A64002070BD78
:10F8C00000C001B8003E00B0002002B808B52220F8
:10F8D000FFF7FAFD4FF48022014BDA6008BD00BF4C
:10F8E00000C001B838B51CF0E8F8084B084A1D6A9A
:10F8F00092F891405A6EE4B2520744BF1D6A013437
:10F900001CF0CDF8284604F0030138BD00C001B852
:10F91000003E00B00346064A103302EB00111B0103
:10F92000D1F80C01D158C1F3400118F0DDB800BF87
:10F9300000C001B8064B1B68434303EB8171054BC4
:10F940001B68A3FB003013F1004341EB000070473C
:10F95000EC370020E83700200C4A20F040430146F5
:10F9600010B5002014684FF00042E4FB0320084A61
:10F97000890F126802FB0300064B9B6B984204D967
:10F9800001330131C01A01F0030110BDF03700202E
:10F99000F437002000C001B870B51646054600B324
:10F9A000F9B1F2B14268104B006803321B6892084B
:10F9B00000F130409847044688B9EA68A8680332E5
:10F9C0003146920800F1304018F0AEF8044630B9E4
:10F9D000D5E90402214600F1304018F05FFA2046D4
:10F9E00070BD2124FBE700BFD040002070B50C683B
:10F9F000651C15D0C4F302669E42C4F3074530D19E
:10FA0000A4B294422DD804EB8506B24229D2141B2D
:10FA1000A50824F003040E59340F04D0012C08D09B
:10FA20000022212402E06B1C51F82320C0E90024AD
:10FA300070BD0E4C34F8133042EA03431A686B1C55
:10FA400051F8234001EB83014B6822405E4036F0C1
:10FA5000704404D11B0F032B04BF8B681A4300248E
:10FA6000E4E7013501EB8501C1E700BF1CD60400C6
:10FA700007B501A80CF0E4FC9DF80530022B02BF8D
:10FA800040220B4BC3F8FC23C8220A4B5A650A4B91
:10FA90000A4AD3F86032DBB2FF2B08BF03239B0076
:10FAA00043F47F53C2F8F83303B05DF804FB00BFA2
:10FAB000001002B8008001B80080E00F000002B81A
:10FAC0000022012108B51E4B1A645A649A641D4A2B
:10FAD000516102219162DA68C2F303620D2A01D0FA
:10FAE000002AF8D1112218499A631848184AFFF7DA
:10FAF00053FF01F02BFC174A93685BB9164A9368D1
:10FB00009BB94FF080620F4B5A61012203F580537D
:10FB10005A6108BD1149D268096803F13043032ACC
:10FB2000ECD943F8041B043AF9E70C49D268096898
:10FB300003F13043032AE4D943F8041B043AF9E7FC
:10FB4000000002B8001002B89CD6040080D6040061
:10FB500098D6040068D6040050D60400E440002083
:10FB6000012341F6FF710D4AC2F8803291660C4ABA
:10FB700053600C4A53600C4A5360A2F580425360B4
:10FB8000A2F54042536002F5C032536002F5804254
:10FB90005360A2F500425360704700BF00900050D0
:10FBA00000D000B8001000BA005001B838B50324E6
:10FBB000FFF7D6FF114A124B124DDA64FFF758FFD8
:10FBC000114BC3F8E0400123EB6401F005FA4FF458
:10FBD00060736B614FF40073EB6417F0E4FE002177
:10FBE000FEF71EFE8022094B1C64A3F580535C6463
:10FBF000074BC3F884215A6038BD00BF0048F000AD
:10FC0000000002B8001002B8005001B800A002B80D
:10FC100000E100E008B51AF007FA044B1B6FC3F3CC
:10FC200000430133B0FBF3F008BD00BF008000507B
:10FC30002DE9F04F044687B00290894659F8043BFD
:10FC40005A1C06D12360029BE01A801007B0BDE861
:10FC5000F08F3748C3F301615FEA137B30F811007E
:10FC600008BFC3F307429BB218BF012243EA00401A
:10FC700017F063FF4FEAC20A05460AF104032D4854
:10FC8000234483421BD807230127C846CB4003F0F7
:10FC9000010301939300049307FA0BF705EB82032A
:10FCA000039307F0940304F108060593039B08F1FE
:10FCB0000408AB4208D1049954444944BDE71E4BA3
:10FCC0009C42E0D80020C1E7059B53B917F0420FD2
:10FCD00019D117F0280F0BD146F8085C58F8042CFE
:10FCE00021E040F6E61232210020FCF75DFCF3E74C
:10FCF00040F6EA1232210198FCF756FC05F58052D5
:10FD000046F8082CEAE740F6F31232210198FCF796
:10FD10004BFC05F50052BBF1010F46F8082CDDD174
:10FD200058F8042CD24346F8042C04350836BDE7B5
:10FD300014D60400DF4F00B0E04F00B0F8B506461F
:10FD4000E0B10024144B25461F46144953F8042BF8
:10FD5000AAB91348314600EB8500FFF769FF30B9B7
:10FD600040F694323621BDE8F840FCF71DBC0D4B3F
:10FD70000135281847F8246023F81400F8BDB24272
:10FD8000FCD001340C2C02D031F81450DEE740F6E0
:10FD9000AE3236210020E6E7F8370020783A00201E
:10FDA000404000B07A3A002070B5044698B1B1B135
:10FDB0003A4A52F8043B834213D10023384A116C6B
:10FDC000C907FCD4374800EB830017F0B6FE364B6A
:10FDD000106001221A6470BD01330C2B02D1334D27
:10FDE0002CE0012352F8041BA142F5D1304A32F82D
:10FDF0001330E3E7C2F3016335F81300110C93B23B
:10FE000011F0FE0F43EA0043606820D00434CAB208
:10FE1000022A216808D9D4E90160033AC3E900162F
:10FE200098600C340C33F3E704D16268C3E9001224
:10FE3000083403E0012A01D1043419602268531CFC
:10FE4000D8D10022164B1A6003F58053C1E7120F78
:10FE5000072AEDD8DFE802F00704090D1013181D7A
:10FE6000C04303F500531860E2E71A6842401A6085
:10FE7000DEE703F58053F6E717F02BFED8E7012203
:10FE800003F580538240F2E7012203F500538240DC
:10FE9000EDE71A6830EA0202FBD1C9E7F837002023
:10FEA00000C002B8404000B000D002B81CD6040028
:10FEB000783A00200122014BDA647047001002B842
:10FEC0000122014BDA647047002002B84022014B46
:10FED000DA647047002002B84022014BDA647047B0
:10FEE000001002B8064BDB68C3F30363984206D1E7
:10FEF000044A936E23F0F00343EA011191667047C0
:10FF0000000002B8003F00B02DE9F743064617F0A5
:10FF1000D9FD00248046DFF890901BF0B4FD0DF170
:10FF2000070105460DF10600FEF716FA9DF80630AA
:10FF30008BB9721C29D017F0C5FDA0EB0804284628
:10FF40001BF094FD9DF8063013B99DF807303BB3C4
:10FF5000A642E2D824E0D9F80C3013F4603FE8D090
:10FF6000D9F8180017F039FE731C074603D017F0B4
:10FF7000A9FDA0EB080428461BF078FD17F5007FCB
:10FF8000E0D0384603B0BDE8F08328461BF06EFD94
:10FF90009DF80630002BC0D19DF80730002BBCD156
:10FFA000004FEEE700FEFFFF00C000B80122024B49
:10FFB00098611A61704700BF000001B8044BD3F884
:10FFC000AC3010B1C3F30332027003F00F0070477E
:10FFD000000002B8094B01F080011B6C03F48003A0
:10FFE0000B4309D14FF40012054B1A62837F1BB1FA
:10FFF0000122044BC3F80021704700BF000002B883
:020000023000CC
:10000000006001B8005001B810B51BF03CFD084B72
:1000100004461B683BB1984728B1002200204FF4EA
:10002000806101F0ABFA2046BDE810401BF01EBD18
:10003000283800204FF604014FF60502044B01203A
:100040001B6C9BB28B4208BF1346024A1366704773
:100050000080E00F00C001B8074BD3F8483203F02E
:100060000303012B03D0022B03D0002070471BF0A9
:10007000F5BC1AF025B800BF008000502DE9F74FFD
:1000800081460F464FF0FF35FFF72CFC002601900C
:100090008A462C463046DFF8D8B006F110031B0123
:1000A0005BF8033003F00308B8F1010F15D13046B7
:1000B000FFF730FC02460B4601985146FFF7BCFAA9
:1000C000DBF8643006F10802D340DB0739D5002F96
:1000D00040D000252C463E6040460136082EDCD13B
:1000E00060B3234A0027D2F808C0916B0CF4403368
:1000F0000131A4FB0141641941F10001B3F5003F56
:1001000030D1536B0CF4405C013347F10006BCF571
:10011000805F22D1156B15F5807505FB06F647F15A
:10012000000203FB0266A5FB03323244594304FB81
:100130000212A3FB04341444C9E9003403B0BDE83F
:10014000F08FA84271EB0403C6D207B13E600546AA
:100150000C46C1E73D463C46BEE7320242EA136226
:100160001B02E3E7136B13F5807347F10002DDE731
:1001700000C001B8F8B5062017F0C7FC044617F018
:10018000A1FC42F21073041B9C42054618D94FF0A3
:1001900080624F240B4B1A6441F26F770A4E0BE0DA
:1001A00017F090FC401BB8424FF0FD0221468CBF77
:1001B00000200120FCF7F8F9336C5B01F0D5F8BDA5
:1001C0001A24E9E7002002B8000002B808B517F0C9
:1001D00018FD0122054B93F88D3002335B00DBB232
:1001E00002FA03F3024A536108BD00BF003E00B0AB
:1001F000002000B80B2870B500F29680012900F2AB
:1002000093804A4B83F88C0083F88D10484B5B68D1
:100210009D05C3F3402227D44FF038435A60454A26
:10022000506E44026CD5444B5B6803F00303022B11
:1002300066D00223C2F848320122404B9A604FF048
:1002400038435A60DA60996A0807FCD11969C9070E
:10025000F8D540F2FF323A4B9A615A614FF400727E
:10026000334BC3F884215A60304C01213B20E6F720
:1002700073FF94F88D3094F88C20324943F4402376
:10028000063243F4106341F822302F4B1D68FFF70C
:10029000E3FE6E08ED07024600232846314602F0D1
:1002A000E7FB090241EA1061C0F3C05040EA410097
:1002B000264BE067186B10F5807005D140F295125F
:1002C0002B21FCF771F902200246002300200121B6
:1002D00002F0CEFBC4F88000FFF7BEFE40F64943B3
:1002E0005843000DFF2828BFFF20022838BF0220F6
:1002F000002184F89000012000F082FE002070BDF3
:1003000010F4001006D0124B586800F003000238B9
:1003100018BF012040F22D121B21FCF745F90122E4
:10032000044BC3F8482287E72120E8E7003E00B0ED
:1003300000E100E00080005000000250001000B812
:10034000002000B800800350E437002000C001B84E
:100350000040025038B1064B93F88C00087093F8B7
:100360008D301370704707230B700123F9E700BF2E
:10037000003E00B02DE9F34105460F4668461146A0
:10038000FFF77CFE0646B0B1AFB1DDE900321B0AD3
:1003900043EA0263A5FB0384094B120A05FB0244EE
:1003A0001A6812B9FFF736FC024600234046214680
:1003B00002F05EFB3860304602B0BDE8F08100BF5D
:1003C000E437002070B5FFF7D5FE0021022000F0D1
:1003D00017FE17F077FB04460F4D104ED5F8F43397
:1003E0001B070BD51BF04FFBBDE8704002220C4BE6
:1003F000DA6001220B4B1A701BF038BB17F062FB5E
:10040000001BB04240F2FD124FF045018CBF0020AE
:100410000120FCF7C9F8E1E7000002B83F420F00F5
:1004200000C001B8953B0020244938B50B78002B5B
:1004300042D00122224C234894F88D3002335B00D5
:1004400002FA03F5DBB29A40856142614FF4007213
:100450001D4BC3F8842100230B701C4B40F2A922D2
:10046000186C3921C0F38060FCF79EF84FF480418E
:10047000174B184AC3F894100C2194F88D304B4355
:1004800003F138435B6BD4F88410994202BFD2F871
:100490006C31C4F88830D2F86431D4F8880008BFD1
:1004A000A4F89230B4F8921000F0DCF8BDE83840BF
:1004B0000121022000F0A4BD38BD00BF953B002003
:1004C000003E00B0002000B800E100E0000002B8EB
:1004D00000E001B800C001B810B50446FFF7BCFD4C
:1004E0006043044B00F5F42000F59070B0FBF3F08E
:1004F00010BD00BF40420F002DE9F74FFFF7ECFFA2
:100500000446FFF737FE1BF0BEFA0021DFF84881F2
:100510000546684688F80010FFF7B0FD4FF03843F5
:100520001E6A03F50033DB68074613F0706F1BD1BA
:10053000444B5B6913F0060A16D1D8B1424B611DDA
:100540001868A1FB00B9FFF787FD534602464946EC
:10055000584602F08DFA009B090241EA1061000240
:100560009842019B994105D3284603B0BDE8F04F5E
:100570001BF07CBA0021022000F042FD17F0A2FA25
:100580008146DFF8D8B0DFF8D8A0DBF8F4331B07DA
:1005900042D5002F4FD0DDE90079FFF75DFD390A24
:1005A00041EA09614FEA1923A0FB019700FB037799
:1005B000254B1A6812B9FFF72DFB02460023394676
:1005C000484602F055FA4FF00C0E844601211F4BAD
:1005D000013493F88D20361B931C0EFB02F25B0056
:1005E000DFB21B48664402F1384201FA07F747615F
:1005F0005663184E01FA03F3B3614FF03846366A7A
:10060000526BA4EB0C04B21AA24214D2836147616C
:10061000022000F0F5FCA7E717F054FAA0EB090060
:10062000504540F24E224FF045018CBF0020012082
:10063000FBF7BAFFA9E70222024BDA60012388F830
:10064000003091E700C001B8E4370020003E00B060
:10065000002000B8001000B8953B0020000002B850
:100660003F420F002DE9F04F4FF00C0A0027B54A2A
:10067000054692F88D4088460AFB04F303F138439F
:100680001F6392F88C20B04B87B0C3F8B4204FF4AE
:100690000032AE4B46461A610222A3F58053DA605F
:1006A0004FF03843AA4A1B6A92F82413AB46C9B2EA
:1006B000059192F829130134C9B20491012104F083
:1006C000010482F8247382F82973A21C0AFB04F443
:1006D000500001FA00F003F1FF390290019004F19B
:1006E0003844A3EB0903002B40F3FE800137022FAF
:1006F00063D9EC220D210020FBF756FF4FF0805309
:100700009449934A4B66059B934C03F0F00382F89F
:100710002433049B03F0F00382F82933894A4FF411
:100720000033C4F86CB1C2E9219BC4F86461A2F83B
:10073000926000260B61844BC3F8B4600C2392F8DE
:100740008D205A4302F1384216631BF09CF9334660
:1007500032464FF4807E276AD4F864C003F110015A
:100760000901615801F00301012910D10EFA03F1CA
:1007700011EA0C0F0BD104EB0316BD42D6F80C6145
:1007800000F2D980B54202D2B74280F0D78001335F
:10079000082BE3D1714D2C68012C40F2E5803AB171
:1007A0006849B1F88E301343A1F88E30674B5A6612
:1007B00007B0BDE8F04F1BF059B94FF0000B614E88
:1007C00096F88D300AFB03F303F13843C3F830B0D9
:1007D0001BF059F94FF080515E4B039059664FF072
:1007E000384396F88D201B6A00920AFB02F203F14F
:1007F000010902F13842C2F83490544A02331167B9
:10080000C4F830B0029A6363554B53485A61019A59
:10081000A3F580539A61016B8368DB0340F1888004
:10082000D6F88430F26FA9EB0303A3FB022CD6F8B1
:10083000803001F58071ACFB0360A2FB03E39B19E0
:10084000A1FB03E640F1000001FB0066B2EB0E02E3
:100850006CEB0606120A42EA06624244B2EB112F22
:100860004FEA112603D3013340F10000921B043EEE
:10087000964228BF16463849324A8E6192F8912036
:10088000D1F820C0EB18D2B2896B40F10000654569
:1008900084BF02F1FF32D2B2B1F1FF3F0ED04FF070
:1008A000000E01F1010C99427EEB000B08D20132DF
:1008B000B3EB0C03D2B260F10000F4E70244D2B211
:1008C0009B462049244B02F0030281F89120C3F893
:1008D00020B00222009B03980AFB03F303F1384384
:1008E0001A6322631BF0C2F84FF038431B6A00936F
:1008F0001BF0C9F81B490A6922F004020A6130BFE3
:100900004FF08051019B164A936102F5E032116766
:100910000022102122630E4AC2F884111BF0A6F8AF
:100920000D4A009B526E12F0805F3FF4DAAEE5E6AE
:100930004646AB46CDE7B542BFF426AF11438AB277
:1009400025E700BF003E00B00080035000D001B892
:1009500000E100E000E001B800C001B890370020DD
:10096000002000B800ED00E011490B78142B01BF06
:100970000023104E0B7033700B7801330B70002A7C
:100980003FF416AF0C4EB6F88E301343A6F88E30F7
:100990000A4B5A66074A13780133DBB2022B1370F5
:1009A0007FF406AF002301342C600B701370FFE658
:1009B000973B0020963B0020003E00B000D001B8DD
:1009C0004FF00052014B1A60704700BF00E100E099
:1009D0004FF00052034BC3F88020BFF34F8FBFF39B
:1009E0006F8F704700E100E037B50446FFF7B8F8B5
:1009F00001213A20E6F7B0FBE17822791B4841EA71
:100A00000243C0F8DC34E579A37943EA0543C0F832
:100A1000E03423784BB18DF8041004218DF80520C3
:100A20000DEB0100002208F034FF63785BB1042174
:100A3000A37900228DF80430E3790DEB01008DF8E5
:100A4000053008F026FF227801235AB1084AC2F87F
:100A5000D834627802233AB1054A0020C2F8D8346B
:100A600003B030BD034AF2E7024AF6E700C0035084
:100A700000D0035000E00350F8B50B46002213F8F5
:100A8000044B944225D91D68854224D106245A7905
:100A90001D79124B88181E6804FB0503104F33F8AC
:100AA000063C7B43B3420ED900238A5A7A439642CE
:100AB00002D804FB0300F8BD9D42FAD9013304FBC0
:100AC00003F2825AF2E740F244423D210020FBF754
:100AD0006BFD0020EFE708330132D2E72C3800200D
:100AE00040420F0000202DE9F84FA2FB018BC74EBA
:100AF000C74F18EB060699466BF10003B74270EB3F
:100B0000030307D240F23E220E21FBF74DFD0220E7
:100B1000BDE8F88FD9F814A00C461546BAF1000FBD
:100B200004D0DAF80030032B00F21B81B94BBA4A2B
:100B30009F6BA3F58043D3F8EC30C7F314075E0036
:100B4000B64B48BF47F400171B6ED2F8FCA05807FD
:100B50004EBF4FF440039B0503F0E0731F43B04BBF
:100B6000D3F8E430990748BF47F0807747EA4567F4
:100B700019F09AFA012D0646C9D10028C7D0A94B11
:100B8000984200F0FD8003F5122303F5F8639842C4
:100B900000F05A81A44B984200F0A781002502463C
:100BA0002B4600204FF0007101F062FF2B46013010
:100BB00008FB03F3C7F3130100FB0B33A1FB066231
:100BC000A8FB008001FB0522034420339B09C9F8E0
:100BD0000030F60C954B46EA4236FA021C6058BFCC
:100BE0007642934B934D34441E602C60BAF1000F53
:100BF00000F00881FB014FF000038F49C7F38152D9
:100C00008A5C194648BF6408002EB8BF7642920637
:100C10006008C2FB0601224601F02AFFDAF8001044
:100C20000E2908D97D4B7B4A926BDE69D3F80C31D3
:100C3000F60600F12881C0F3130017F40017C9F875
:100C4000040014BFC42040F207107C4ADAF8186090
:100C5000A2FB04C24FEA521200FB02F24FF4FA73F5
:100C6000B2FBF6F218BF002702FB03F3A4FB00C09F
:100C7000FA33A3FB063604FB07006345864138BF01
:100C80000132D2B242F4006CC9F808C0002A00F068
:100C9000BB80DAF81C70A2FB070624B1B4FA84F317
:100CA0000E2B40F3D880E303002E40F0D180B3FB3D
:100CB000F0F6700000FB0220A0FB07834FEA044E11
:100CC000C6454FEA144474EB030309D352001044A1
:100CD000A7FB0083C64574EB030306F10106F6D2B9
:100CE000C6F30E034CEA033C4CF000630629C9F836
:100CF000083049D9DAF83030002B45D00023C9F844
:100D00000C30C9F8103019F0CFF9DAF83010FFF7CD
:100D1000B3FE044618B18378002B40F0CC8019F064
:100D20007DF9DAF83010FFF7A7FE0446002869D0F5
:100D30008378002B66D040794FF4AE62003818BF3C
:100D400001203D21FBF730FC207940F27152003840
:100D50004FF03D0118BF0120FBF726FC2379627993
:100D60004BE0042BDAF828707FF402AFFB014CBF94
:100D70004FF4400307F0E07327F0E0771F43F7E6F6
:100D800000232F481D4613E719F08EF92C68002C1C
:100D900000F0AF80B4FA84F3D3F1020358BFDC4013
:100DA000284B9C4288BF6408002875D0B4FBF0F340
:100DB000642100FB134201FB02F2904203F1FF3277
:100DC00000F2A6805D085308013D1B0243EA0515A9
:100DD000C9F80C5019F028F9002800F09080B4FBF5
:100DE000F0F2642100FB124401FB04F4A04200F283
:100DF0008D80531E52085B08013A1B0243EA02131E
:100E0000C9F81030002083E6212081E6006CCA88F2
:100E1000807C814A008001B8004F00B0004001B8DA
:100E2000000002B800F04902005A62023438002083
:100E3000303800202C38002038D60400D34D621002
:100E40000A3BB2DF3FBE4025002335481D46AFE6D2
:100E50001046002630E7C3F10F0E03F1110806FA21
:100E600008F820FA0EF040EA0800AEF1200826FA51
:100E700008F840EA080026FA0EFE013004FA03F3EF
:100E80004EF1000610E702F4801203F400131A4337
:100E900008BFC0F58010CEE6631EA51E5B086D0876
:100EA000013B2D0245EA031540F2C2422B210020EE
:100EB000FBF77AFB8CE7407940F25552003818BFB7
:100EC00001203D21FBF770FB207940F2565200389B
:100ED00018BF01203D21FBF767FB237962791B02D4
:100EE00043EA0213C9F80C3019E700230D481D46E8
:100EF0005EE66FF01F0500287FF46AAFD4E740F28A
:100F0000E5422B21FBF750FB621E72E71446FBE71C
:100F10009D1E6D085308013B2D0245EA031557E756
:100F2000313641DCD694BFD610B5044686B059B9E7
:100F3000214B4168D3F8FC30827A20480593006841
:100F40006B46FFF7CFFD69461D4B0A685A631A4B83
:100F5000D3F8FC3033B34B6843B11A4B1A4AC3F889
:100F60000C214A68A3F58053C3F80C218B6843B168
:100F7000144B164AC3F8EC208A68A3F58053C3F8D3
:100F8000EC20134AC868D2F8743123F4EE630343AB
:100F9000C2F87431D2F86C31096923F4EE630B4363
:100FA000C2F86C31002022890A4B9A6203F5A03303
:100FB000186406B010BD00BF004F00B034350020EB
:100FC000008001B8006001B8FFFF0F00FFF8FF0FBD
:100FD000000002B8004000B8064B9A6E920607D592
:100FE0005B6E002B4FF48043B4BF034A034AD364C3
:100FF0000020704700800050002002B8001002B8A6
:10100000064B1A6C9207FCD4022240EA0120586079
:10101000034B1A640122034B1A70704700C002B8D8
:1010200000D002B8983B002010B590B10468012CA4
:101030000FD902696AB11168094B102C1960516807
:101040005960916888BFD268996094BFD960DA60AE
:1010500010BD10220021024816F020FFF8E700BF63
:101060003C380020064B586E5B6AC0F30112000C3E
:1010700002FB000003F01F0301331844704700BF58
:10108000004001B8084BC1171A68A2FB000302FB1D
:10109000013310F1807043F10003400E40EAC310A9
:1010A000803820EAE07070474C3800200722194B46
:1010B00070B5DA63184B194A1D68194BEC08E00546
:1010C000C0184FEA153141F10001002301F0D0FCB6
:1010D000144B154E18601548FFF7D4FF4042C6F870
:1010E000DC0049F65800FFF7CDFFC6F8A80010480D
:1010F000FEF732FC024660B1E301500818184FEACF
:1011000015714FF0000341F1000101F0B1FCC6F888
:10111000B40070BD000002B8E437002065CD1D00AA
:10112000B2E60E004C380020003F00B07011010004
:1011300040420F0010B5044698B10B4BD3F8FC00A9
:10114000FFF772FF4FF47A7303FB04F0074BA0F52F
:101150007A60DA689B681044C01ABDE81040FFF757
:1011600091BF49F64040F8E7004F00B03C380020FE
:101170002DE9F8430546084614461E46FFF754FF7E
:1011800005B306F0020716F004061DD1D7B14FF4DF
:101190007A706B685843002B40F08C80FFF772FF29
:1011A00020636B69002B00F08C804A4AD0684FF4B2
:1011B0007A7202FB0300A0F5FA50FFF763FFE062CA
:1011C000002E58D1BDE8F8832869002869D04FF473
:1011D0007A7358433F4BA0F57A609B68C01AFFF7BB
:1011E00051FFA062A88B00285ED04FF47A73584359
:1011F000384BA0F57A609B68C01AFFF743FFE061A7
:10120000354BE968D3F80080002950D04FF47A7349
:101210005943304BA1F57A619A685B68891AC91AFB
:101220002E4BC8171A68DFF8BC90A2FB011302FB13
:10123000003311F1807143F10003490E41EAC311FB
:101240008039274B2162D3F8C4306362D9F800306B
:1012500053B1404616F06BFB30B12246D9F800304E
:101260001C49D8F8D80098470021A869FFF762FF09
:101270006063002F8BD1A86830BB47F23050FFF776
:1012800001FF60614FF47A702B6858432BB1114B0A
:101290001B6803F51C5310331844FFF7F3FEA061DD
:1012A00090E749F640409AE749F64040A5E749F6FD
:1012B0004041B5E7074B1B6803F51C531033184436
:1012C0006CE747F2305078E74FF47A735843A0F553
:1012D000FA50D4E73C380020343500204C38002048
:1012E000003F00B03838002008B9FFF7BBBE034804
:1012F00081420CBF2F20BC20704700BF48E801008E
:1013000038B5054608461C4616F006FCD5F8E4300C
:10131000A3B11A68012A11D91A69094B002A08BF1A
:101320001A465368074A002BA8BF4FF4FA721A44B2
:10133000054B204492FBF3F2104438BD004AF0E71D
:1013400040D604000CFEFFFF18FCFFFF70B588B00C
:101350006D46124C0FCC0FC594E80F0085E80F00C6
:10136000D82200210E4816F099FDAC2200210D482C
:1013700016F094FD202200210B4816F08FFD16F088
:101380004BFC0A4B1B783BB16D46044E0FCD0FC68C
:1013900095E80F0084E80F0008B070BDE03F00B092
:1013A0007C3E00B0543F00B0E04F00B0883B0020CE
:1013B00008B51AF068FB0E4B1A78A2B90D4A1268EC
:1013C00012F4843F0FD10C4A1021D1641B7863B909
:1013D000084B1B68DB0508D4074B2022DA64BDE804
:1013E00008401AF043BB054AEEE7044BF5E700BF9F
:1013F0009D3B0020A80D0020002002B8001002B87C
:101400000A4B197801F0FF0229B10021197008492F
:101410009202C1F80421597801F0FF0229B100219C
:1014200059709302024AC2F808317047993B002074
:10143000005000B8064BD3F8F00E064B5B6C1A0157
:1014400003D4054B9B6E1B0401D500F580707047DB
:10145000003000B0000002B8004000B810B51AF02B
:1014600012FB0E2104460320FEF73CFD40F2012250
:10147000034B2046BDE81040DA621AF0F7BA00BF0D
:10148000004000B80022044B1A70044B197811B1C7
:101490001A70FFF78DBF70479C3B00209D3B0020DA
:1014A00038B51AF0F0FA4FF00043244C0546C4F862
:1014B0008030BFF34F8FBFF36F8F0123C4F88430A8
:1014C000BFF34F8FBFF36F8F0223C4F88430BFF395
:1014D0004F8FBFF36F8F0423C4F88430BFF34F8F57
:1014E000BFF36F8F0823C4F88430BFF34F8FBFF36F
:1014F0006F8FFFF76DFA1023C4F88430BFF34F8F5E
:10150000BFF36F8F2023C4F88430BFF34F8FBFF336
:101510006F8F4023C4F88430BFF34F8FBFF36F8FBA
:101520004FF48063C4F88430BFF34F8FBFF36F8FE5
:101530002846BDE838401AF099BA00BF00E100E043
:1015400038B51AF0A0FA05464FF000430A4C236064
:10155000012363600423636008236360FFF730FAAC
:101560001023636020236360402363602846BDE846
:1015700038401AF07BBA00BF00E100E0012370B5EB
:10158000074C2370074B1E68074B3240D3E90053CA
:1015900019402840FCF726FB0023237070BD00BFD4
:1015A0009B3B002054380020A80D00202DE9F04777
:1015B000DDF820A003EA0108099B06460D4602EA71
:1015C000000703EA0A09BAF1000F40F05281031F35
:1015D0000B4300F01281052871F1000380F0E880D0
:1015E00050EA010300F07881431E0B4300F028818C
:1015F000FFF756FFB94AD2E9004323EA050324EA7C
:1016000006043C4343EA0807B54BC2E900471E689D
:1016100026EA0A0646EA09061E60FFF7C9FE14F02C
:101620002A4F14BF48F202034FF40043AD4AB007FB
:10163000D26EAD4848BF43F4005383EA020122EA68
:101640000302C266A94A0B408166D366C4F3804296
:101650001203210348BF42F48072E30648BF42F4FC
:101660000052A34BA50648BF42F400726006D3F8AF
:101670000C3248BF42F48062210648BF42F4006247
:101680009C4882EA030123EA0203C0F80C329A4B19
:101690000A4017F4007FC0F80812C3F80C22974BD9
:1016A00007F4007200F0048101224FF4802583F8D2
:1016B0008820E30448BF45F48035A00348BF45F4C3
:1016C0008015A10748BF45F4001514F4001FDFF88A
:1016D000688206D0D8F8000016F0C0FA08B945F4C0
:1016E0000025E20248BF45F40035FB06844B48BFA5
:1016F00045F480051A6A834985EA020323F0010351
:101700001A400A621D40CB617F4B16F0010F1D622B
:101710007E4B7F4A18BF1A467E4B7D071B6F48BF22
:1017200042F000627C4882EA030123EA0203036775
:101730007A4B0A4041661A67794A04F00103926CB9
:10174000A0F5803083EA020122EA03028264754A2E
:101750000B4041649364D8F80020200248BF724BCC
:1017600092F8F62058BF714B610748BF43F480637D
:1017700022B114F4C06F18BF43F4807332074FF0E6
:101780003A42BDE8F047D2F8181148BF43F0004391
:1017900083EA010222F4A02265481140C0F8181122
:1017A0001340C0F81421634AC2F81831FFF7C8BECD
:1017B000A0F580630B4306D020F48063A3F500738B
:1017C0000B437FF415AF1AF05EF94449D1E90032BA
:1017D00023EA060322EA050242EA08023B43C1E982
:1017E0000032554A126892F8F610514A09B313F4C0
:1017F000C06F1ED04FF4807311E01AF044F9374ADD
:10180000D2E9003123F004033B4341EA080157EADF
:101810000807C2E900314FF48063454A0BD0C2F893
:101820001431A2F58052C2F81831BDE8F0471AF021
:101830001DB94FF48073C2F81831C2F81431F4E7BF
:101840001AF021F9254AD2E9003123F001033B4384
:1018500041EA0801C2E900310123384A57EA080782
:101860001BBF5364A2F580529364936408BF536412
:10187000DBE750EA01037FF4BBAEBAF1010F7FF45E
:10188000B7AE1AF000F9164A136823F0010343EAD1
:10189000090313604FF480631F4AB9F1000F04D0AD
:1018A0005366A2F580521367BFE713675366BCE720
:1018B00093F8881071B183F88820214BD3F8A410D5
:1018C00003F50053C3F8A410C3F8A0104FF0502341
:1018D000C3F8A4200025ECE6BDE8F087A80D0020A1
:1018E00054380020004000B8006000B8005000B834
:1018F000004001B8006001B8005001B8003F00B0DE
:10190000000002B8002002B8001002B8041C000356
:101910000418000300C001B800E001B800D001B80D
:1019200000C000B800D000B80D0A0A09090A0A0967
:10193000002000BA001000BA3435002000E000B8E2
:1019400000400050024B5868C0F3C000704700BF11
:10195000A80D0020024B186800F00100704700BF7E
:10196000A80D0020024B5868C0F3C030704700BF7C
:10197000A80D002010B50446FEF718F9FFF790FDFA
:101980002046FCF795FFFEF79BF8FDF7C1FDFDF73C
:1019900033FEFFF78BFB13490723134AD1F8FC10E2
:1019A00004F1F800FFF7E4FB4FF080710020FDF731
:1019B0005DFF4FF000720D4B4FF400110120C3F892
:1019C0000021FDF753FFFEF735FB20B940F26732E7
:1019D0001421FAF7E9FD16F01DF9BDE810400120C9
:1019E000FDF77EBC004F00B0A43F00B000D001B8AE
:1019F0008022074B1A64082203F580531A64054AB3
:101A0000D2F8C83E23F02003C2F8C83E704700BF9A
:101A1000001002B8003000B010B51AF034F80121FF
:101A20000446FFF7E5FF054B00201961044B5B6896
:101A300098472046BDE810401AF018B8000002B8D8
:101A4000B4400020F0B583B014460646FFF7C4FA50
:101A5000FCF7EEFB002800F0AE805B4B5D6915F0F3
:101A6000060540F0A8801AF00EF823790095022BA5
:101A700005464AD1237B022B36D00320FDF7ECFE2E
:101A800020B9524BDB685B0440F19780A37B277B36
:101A9000003B18BF0123A2684D49012F01920B7032
:101AA00072D000234B4A4C4C13702278002A76D116
:101AB0000420FDF7D3FD0420434E3A46736F0DEB2F
:101AC000000123F0F85323F4F81343F0506343F478
:101AD000803373670223FDF7DFFD002863D0012107
:101AE00030223E4B2170DA643D4E336898472128FE
:101AF000044604D101210020736898470024284639
:101B000019F0B4FF204603B0F0BD0320FDF7A4FE9A
:101B1000002852D12279D6F80031012A226830D02B
:101B2000D01A00900020284B2E4A2F495A679867F8
:101B3000637B2E4A23F040000028C3F380130B7010
:101B40000CBF012300231370294B294AD3F8C83E48
:101B50004FF003000CBF43F0200323F02003C2F832
:101B6000C83EFDF77BFD184B224A03205A676946A1
:101B700001232279FDF790FD08B301221E4B1A7054
:101B800078E79A42CDD3CBE72379022B89D0009B0B
:101B9000D6F8001100270B441344019381E723700A
:101BA000FFF706FC84E70320FDF758FD28460D4BA0
:101BB000736719F05BFF0E24A4E72846F9E728466F
:101BC00019F054FF21249DE700C001B8000002B8BD
:101BD000A03B00209C3B00209D3B0020001002B851
:101BE000B4400020000001019E3B00209F3B0020EC
:101BF000003000B0010C0100A13B00202DE9F341B1
:101C000000240D46074619F03EFF204BDFF88C807C
:101C10001C70FFF7EDFE1E4B0646C8F87430C8F87E
:101C200078406879431E58425841FBF731FF40F62F
:101C30000143C8F878302A792968012AD7F8083191
:101C400001D1994200D3CC1A042303200DEB0301E8
:101C50000194FDF721FD50B988220E4B30461A64DD
:101C600019F004FF2124204602B0BDE8F0810A4D9E
:101C70002B6898472128044604D1012100206B6875
:101C800098470024304619F0F1FEECE7A13B002014
:101C900000000101002002B8B440002000C001B8DB
:101CA000F8B5194C0546207840F2AA42B0FA80F007
:101CB0003E214009FAF778FC55B9607840F2AA4213
:101CC000BDE8F840B0FA80F03E214009FAF76CBC5C
:101CD0004FF440660D4F0E4DD7F8043140F2AA4242
:101CE000C3F381232370C5F8046160783E21B0FA04
:101CF00080F04009FAF758FCD7F80831C3F3812384
:101D00006370C5F80861F8BD993B0020004000B839
:101D1000006000B8F8B5084C084D236C0423084F48
:101D20002B64236C5B0300D4F8BD042602203E64C0
:101D300015F0CFFE2E64F4E7000002B8001002B8E0
:101D4000002002B8A82238B51A4B1D6C03F50053C9
:101D50001A6410229A60A3F5804302F100521A67B8
:101D60005A66FFF74DFB144B1B7813B90320FDF7A0
:101D700075FC0024114B9C67FFF7CCFF104A114BF8
:101D8000D2F8F01E0B40C2F8F03E04220E4B1A644B
:101D90000E4BAA06C3F8D04008D503F580739B6F9D
:101DA000B3F5817F22BF8022024B1A61BDE8384023
:101DB000FCF7DAB8000002B8A13B002000C001B86F
:101DC000003000B0DF0000FF002002B8003E00B08D
:101DD00010B528B979B94FF4C062154BDA6210BD5D
:101DE00049B9144BDB681B0E13F00E0FF3D1124BE5
:101DF0001B6CD907EFD4FFF731FB0E4C0020FEF728
:101E0000DDF8032801D0092805D1A36ADA07F5D443
:101E1000636CDB03F2D4FFF77DFF0122074B5A61AD
:101E200002229A62042203F580531A64D3E700BFAA
:101E3000006001B8000002B800C002B8001002B88B
:101E400008B503210920FEF74DF82022014B1A6145
:101E500008BD00BF000002B80D4A10B5D2F8A0308E
:101E6000D2F8A4100B40B3F1804F0CD34FF0404098
:101E70000849094CC1F8A400D467C1F8A0004FF488
:101E80008021064AD161034AC2F8A03010BD00BFCC
:101E900000400050006000500000FF01001002B838
:101EA00038B5054619F0EFFD0E4B04461868FCF7EF
:101EB00029FE35B1FFF7E6FA2046BDE8384019F0B3
:101EC000D5BD094B1B78002BF6D0084B1D78002D93
:101ED000F2D1FFF7D7FA2A464FF480400021FFF7EE
:101EE0004DFBE9E7343500209C3B00209B3B002064
:101EF0002DE9F84F5A4B06460D4614461B6C002A36
:101F000040F0AB8013F0A00F14BF4FF001094FF069
:101F10000009FCF729F8A0234FF0000ADFF85C81E4
:101F20000320C8F84030FDF799FB0420FDF796FB2D
:101F30004C4FFFF7A7FA4C4B4FF0040B7B67C7F8E9
:101F400078A0FFF7E7FE494B4FF48071D3F8C82E15
:101F500042F02002C3F8C82EFF22C8F80820404AE9
:101F60001161D3F8F02E42491140C3F8F01EC8F8B1
:101F700040B0C3F8D0AE7B6913F0060F04D0FDF774
:101F8000A5FC5846FDF76AFBB9F1000F08D04FF4E5
:101F90000062384B1A644FF40042A3F5E0339A66AE
:101FA00066B1354BDB6C180701D4FFF757FAFFF722
:101FB00047FF0420FDF752FBFFF722FA284B5A692E
:101FC000D10748D5DA6812F0706FFBD12B4B2C4A41
:101FD0001A642C4A936E23F0F003936615B12046E1
:101FE000FFF75EFF284BD3F84C315A1C01D05B0041
:101FF00002D50122214B5A616CB31F4BDA6E03F5F7
:1020000000539A6603F5D0331B6A1C4A23F0010380
:10201000D3611E4BD3F80C1203F50053C3F808121A
:1020200003F50053D3F8841003F5005399674FF07C
:102030003A43D3F8181103F50053C3F81411144BA5
:10204000996C03F500535964124903F580335966BE
:102050004FF608431364BDE8F88F4FF0000958E7C6
:10206000000002B800C001B800000101003000B05B
:10207000DF0000FF001002B8004000B8002002B8E6
:1020800010003000003F00B00080E00F004001B8B9
:1020900000C000B85000002F9C4B2DE9F04F9F6E00
:1020A000DB6E85B01F409A4B9F664FF03A43D3F8E2
:1020B0001451D3F818311D40964BC3F81451964B68
:1020C000D3F80822D3F80C3202EA0309934BC3F881
:1020D000089203F52043DA691B6A02EA0308904B71
:1020E00008F47702DA618F4BD3F80422D20605D4C4
:1020F000D3F80431C3F30016DB0651D519F0C3FC45
:10210000894B5A695E6E1B6F12F0060F06EA0306D2
:10211000864A26F0007314BF4FF0010A4FF0000A00
:1021200023F400637407536606D5814A92F8913010
:102130000133DBB282F8913019F098FC002F00F0E7
:10214000E28017F4004300F0D38019F09CFC0146B4
:10215000FFF770F90446DFF8ECB1DBF800301868DF
:102160001A689042FCD018689042FCD0FFF762F9E0
:10217000A04217D1084619F079FC6E4B1C606E4BDB
:10218000D3F840B01BF4E0520ED124F07F4424F089
:10219000DF040CB9FFF7D6FD4FF0807B002414E07C
:1021A000B246CBE70446D8E70192FFF7CBFD5C4B84
:1021B000019A1BF480541A6440F09C801BF4806FD9
:1021C0000CBF4FF0805B4FF0806BB80715D55A4AB3
:1021D0005348126C02F460410164002900F08D80C4
:1021E000110400F18D8012F4005F0CBF4FF000521B
:1021F0004FF0006200244BEA020BC7F340377F0028
:102200004E4A2A40002A4BD015F4206F0AD040F6DF
:10221000311206210020FAF7C7F90020FFF740FE2F
:1022200025F48025EB0506D5FF213D4A4BF4C06B14
:102230009160FFF713F915F0090F0BD040F6461225
:1022400008210020FAF7B0F9FFF7FAFD4FF03A4203
:102250000121516315F0106F0CD040F64F12092187
:102260000020FAF7A1F9FFF7EBFD00221146104616
:10227000FCF71CFC15F4202F0AD040F6571207215A
:102280000020FAF791F90020FFF70AFE25F48025D7
:10229000E80301D5FCF754FD002DB8BF47F008074F
:1022A00069070ED54FF03A42126B12F4005F4FF4FB
:1022B000005217BF174922490A634BF4000B08BFAD
:1022C0000A636A0548BF4BF0040B15F480230193A1
:1022D00000F0A480FCF7ECFC0138062834D8DFE8D5
:1022E00010F01A011D011A01200123012601260107
:1022F0009B4653E74FF0804B50E74FF0007279E771
:102300004FF0004276E7BB463C4679E7004000B814
:10231000006000B8002000BA004001B8006001B8B9
:10232000002002B800E100E000C001B800E001B800
:10233000003E00B050380020000002B8090B0B89A5
:10234000001000BAC440002040F68812032100208B
:10235000FAF72AF94FF03A400121D0F88C20D0F852
:10236000AC3002F00702063201FA02F2C3F30C0CA1
:10237000A2EB0C0292B2072A12D9774A126C5302CE
:102380000ED4764BC26CC06E5B6D5BB102F007027F
:1023900006329140C0F30C00091A89B2072901D80E
:1023A0004BF4007B6E4A1278002A37D04FF03A4245
:1023B000D2F8142112F4A02F30D16A4A6A49127857
:1023C0009AB9F20411D40A787AB14FEADB0267486D
:1023D00042EA447282F00102D0F8F00E02F00102EB
:1023E000520020FA02F2930718D10420FDF736F9C3
:1023F0005F4A60485067FFF745F85B490A784AB979
:102400005D4A127832B15D4A5D4912680BEA0202F8
:102410000A4201D14BF4804B26F48056B9F1000FEB
:102420001DD019F4805F18BF4BF4802B19F4807F06
:1024300018BF4BF4002B19F4005F18BF4BF0100BC2
:1024400019F4007F18BF4BF0200B19F4806F18BFF0
:102450004BF0400B19F4006F18BF4BF0800BB8F134
:10246000000F3AD018F4802F18BF44F4007418F409
:10247000803F18BF4BF4805B18F4801F18BF4BF4EB
:10248000003B18F4001F18BF4BF0020B18F4003F7C
:1024900018BF4BF4801B18F4800F18BF44F01004D1
:1024A00018F4002F19D0314AD2F8C82E12F0C00FFC
:1024B00013D02949CA68C2F30362032A01D0072A4C
:1024C00005D14A6CD00602D48A6C110732D54FF47C
:1024D00000212C4A28F40028D161002E00F0188138
:1024E000320540F18A802848DFF88490C278274975
:1024F000002A51D04FF40063013AD2B24B66C27049
:1025000032B9234A1278C2B140F60141214A5167DB
:10251000002200216EE04BF4803B1BE74BF4006B84
:1025200018E74BF4806B15E74BF4807B12E74BF018
:10253000080B0FE74BF4001BCFE7D9F8782012F413
:10254000A05F15BF4FF4807240F60142C9F85820D1
:10255000C9F87820DCE700BF000002B8004000B8EE
:102560009D3B00209C3B00209F3B0020003000B0A2
:1025700000C001B8000001019E3B0020A80D002012
:10258000088D0100002002B88C3B002000E001B85B
:10259000A13B002000D001B80320FDF75FF8D9F877
:1025A0001420A34B12F0060F04BF41F61F72A1497D
:1025B000A14808BF4A674FF400619E4A5166D9F8A6
:1025C000142012F0060208BFC9F87820B3F88E2054
:1025D00012F400615DD022F40062A3F88E2002782C
:1025E00002F0FF09002A58D1FDF770F9FFF7AAFBA6
:1025F0004A4620214BEA020B0C43B30009D52E209A
:10260000FCF762FF4FF000518A4A44F0080411675A
:102610005166F00606D52B20FCF756FF1021854A9F
:102620001167516616F0306F05D1F1045DD5BAF12E
:10263000000F00F0A780320111D52920FCF744FFDC
:10264000FFF780F948B17D4A7D487A494A660267BA
:1026500000F54050C068430422D444F0040416F04E
:10266000007A28D00420FCF7F9FF2720FCF72CFF84
:10267000FFF768FB4FF000716E4A5166714AD2F85D
:10268000F01E490678D4704A0221916044F0020499
:1026900028E002784FF40052ACE74FF4004238E7EC
:1026A0000A6720204A66FCF70FFF2D2044F00C0437
:1026B000FCF70AFFD3E716F0807FDFF8909146D051
:1026C0000420FCF7CBFF2820FCF7FEFED9F8782089
:1026D000002A39D1FFF736FB564A584944F0010425
:1026E000116751660021594A9165320405D5584A4F
:1026F000126890474BEA000B0C43730508D5554907
:102700008A78002A00F08E80013A8A7000221743EE
:102710003A4658462146FEF731FF019B0BB1FCF7C4
:10272000FDFA01224C4B05F00435C3F814514B4B14
:1027300018F4002FC3F884211EBF4FF40022424B2F
:10274000DA6105B0BDE8F08FC9F878A0C4E7F004FD
:10275000C8D50420FCF782FF414AC9F87420FDF770
:10276000B5F8D9F8642012F0407FBBD12A20FCF7DD
:10277000ABFEFFF7E7FA81E7D2F8C82E930685D4BF
:10278000384A81E733490A7952B1013AD2B20A7123
:1027900012B92B4A3449516700224BEA020BA4E7D5
:1027A0000420FCF75BFF0320FCF758FF274A2C4965
:1027B000516719F068F981460DF10F00FDF7FEFB36
:1027C0002A4A824612780AB1FEF748FEBAF1030F90
:1027D0000ED1DFF8A0A00020FDF7F0FB032807D101
:1027E000DAF82820D007F6D4DAF84420D103F2D45E
:1027F0009DF80F20032A06D101211D4A4846117079
:1028000019F034F9C8E74FF03A42D2F8142112F423
:10281000A02FF1D1FEF736FE484619F027F94FF404
:102820008042BAE70220FCF719FF01226FE700BFE0
:10283000003E00B000E001B8A13B002010000020E5
:1028400000D001B8003000B0002002B800C001B8CC
:10285000CC4000208C3B0020002000BA00E100E0CA
:1028600000000101001002B80000010DA03B002093
:102870009C3B0020000002B80122024B1A62DA6180
:10288000704700BF002002B8094A08B5D369116A31
:102890000B40084923F47F00DB07C86106D5D168E7
:1028A0004FF0FF30C1F3036115F0BFF908BD00BF61
:1028B000000002B8002002B80C4A08B5536C926CB4
:1028C00013400B4A5364DB070FD50A4B40F6E13245
:1028D0001878122100F00100F9F766FEBDE8084003
:1028E000002201200021FEF749BE08BD00C000B84B
:1028F00000E000B8A80D0020184B70B51C6C5A6C95
:102900001440174A24F002011164E10705D54FF481
:10291000446200201968F9F747FEA2071CD502227D
:102920000F4B1A64A3F500535B68DBB2A3B9FCF745
:10293000D9FF04460D460B4ED6F8F433DB060BD513
:10294000FCF7D0FF02460B4620462946FCF774FEF2
:10295000652871F10001EFD370BD00BF008002B89F
:1029600000A002B8000002B838B50B4C0B4DD4F8EB
:102970008430DB0706D4A36FD4F884201340084AC0
:10298000936738BDD5F804311A06F0D5FFF7B4FFC8
:102990008023C5F88431EAE7008001B800E100E057
:1029A00000A001B870B514460D4619F06CF8064B3E
:1029B000D3F8C86E74402C407440C3F8C84E19F068
:1029C00055F806EA050070BD003000B0034BD3F89F
:1029D000C83E99430CBF012000207047003000B072
:1029E0001E4BD3F8C83E13F001001ED01C4B93F8C9
:1029F0004C001C4A40F08073C2F8CC304FF4801376
:102A00001949C1F8B430A1F58051C1F8B830D2F8F5
:102A10000C31DBB2FF2B1FD0984294BF0020012065
:102A200040F66A523C21F9F7BFBD1A06E1D40F4ABD
:102A300092F84B1121B1DB0602D592F84801D8E794
:102A40004FF480120020084B0649C3F8B820C1F8A3
:102A5000CC00C3F8B42070470120E1E7003000B09B
:102A6000003F00B0004000B8006000B8003E00B079
:102A700053B94AB9002908BF00281CBF4FF0FF31E5
:102A80004FF0FF3000F082B9ADF1080C6DE904CED3
:102A900000F006F8DDF804E0DDE9022304B0704739
:102AA0002DE9F04F099D0C46002B4DD18A420F466F
:102AB00084469646B2FA82F360D94BB102FA03FE1D
:102AC000C3F120029F4000FA03FC20FA02F21743F0
:102AD0004FEA1E461FFA8EF44FEA1C42B7FBF6F18E
:102AE00006FB117701FB04F042EA0742904208D945
:102AF0001EEB020201F1FF3702D2904200F2318157
:102B00003946121A1FFA8CFCB2FBF6F006FB1022B3
:102B100000FB04F44CEA024C644508D91EEB0C0C93
:102B200000F1FF3202D2644500F21E81104640EAF5
:102B30000140ACEB040C002125B12CFA03F3002278
:102B4000C5E90032BDE8F08F8B4205D90DB1C5E96A
:102B5000000100210846F5E7B3FA83F100294DD1C1
:102B6000A342C0F0F380904280F0F08006462346F6
:102B70000846002DE6D0C5E90063E3E7002B40F0EE
:102B8000A3808A1A4FEA1E471FFA8EF60121B2FB74
:102B9000F7F407FB14204FEA1C4242EA004206FB0E
:102BA00004F090420FD91EEB020204F1FF382CBF53
:102BB0004FF001094FF00009904203D9B9F1000F1D
:102BC00000F0CC804446121A1FFA8CFCB2FBF7F0DE
:102BD00007FB102200FB06F64CEA024C664508D9BA
:102BE0001EEB0C0C00F1FF3202D2664500F2B380FE
:102BF0001046ACEB060C40EA04409DE7C1F120060C
:102C00008B4004FA01FE22FA06F720FA06FCF44093
:102C10008A401F434EEA0C0300FA01FE4FEA1748B0
:102C20004FEA13491FFA87FCB4FBF8F008FB104485
:102C300049EA044400FB0CF9A1450ED93C1900F106
:102C4000FF3A2CBF4FF0010B4FF0000BA14503D909
:102C5000BBF1000F00F08B805046A4EB09041FFA73
:102C600083F9B4FBF8F308FB134403FB0CFC49EABB
:102C70000444A44506D93C1903F1FF3801D2A44508
:102C80007BD8434643EA0040A4EB0C04A0FB029827
:102C90004445CC46434602D306D1CE4504D2013842
:102CA000B9EB020C68EB0703002D6CD0BEEB0C02F5
:102CB00064EB030422FA01F304FA06F6CC40002187
:102CC0001E43C5E900643DE702FA03FEC3F120019B
:102CD00004FA03F200FA03FCCC404FEA1E4720FA44
:102CE00001F11FFA8EF6B4FBF7F00A4307FB10441C
:102CF000110C41EA044100FB06F48C420ED91EEB94
:102D0000010100F1FF382CBF4FF001094FF000091D
:102D10008C4202D9B9F1000F2CD04046091B92B267
:102D2000B1FBF7F407FB141142EA014204FB06F180
:102D3000914207D91EEB020204F1FF3801D2914201
:102D40001ED84446521A44EA004120E7861A64EB32
:102D5000030301200DE7F44402384AE7023C7244C1
:102D600031E702397244CCE6F4440238DFE6023837
:102D70003C4472E702387144D0E7023B3C4481E7AF
:102D8000023C7244DEE72946DCE600BF704700BF24
:102D900008B5064B044613B10021AFF30080044B85
:102DA0001B6803B1984720460AF04DFB0000000065
:102DB00090390020002310B50446836081811946B4
:102DC0004366C28108228361C0E90033C0E904334D
:102DD0005C3015F063F80D4B246263620C4BA36208
:102DE0000C4BE3620C4B23630C4B9C4206D003F16B
:102DF0006802944202D0D0339C4205D104F15800BD
:102E0000BDE8104015F052B810BD00BF477D04006A
:102E1000697D0400A17D0400C57D040058380020B0
:102E2000024A0349034814F01BBF00BFF0400020D2
:102E3000BF8104000041002041680C4B994210B54D
:102E4000044601D015F0BBF9A168094B994202D0A4
:102E5000204615F0B4F9E168064B994204D02046AB
:102E6000BDE8104015F0ABB910BD00BF58380020C8
:102E7000C03800202839002010B50B4B04210B4C22
:102E80000B4A20461A600022FFF794FF04F1680005
:102E900001220921FFF78EFF04F1D0000222122146
:102EA000BDE81040FFF786BF903900205838002059
:102EB000212E0300014814F0FABF00BFA23B0020FE
:102EC000014814F0F5BF00BFA23B002010B5044636
:102ED000FFF7F0FF236A1BB1BDE81040FFF7F0BF1A
:102EE000044B2362044B1B68002BF5D1FFF7C4FF92
:102EF000F2E700BF392E0300903900200FB407B568
:102F0000064904AB086853F8042B8168019300F06C
:102F1000B1FA03B05DF804EB04B07047FC40002048
:102F2000024B0146186814F0B9BE00BFFC400020F7
:102F30002DE9F7431D46574B04460E461F68904641
:102F400027B13B6A13B93846FFF7C0FFB8F1020F4B
:102F500006D0B8F1010F00F29980002DC0F29680E2
:102F6000636ED90705D4A3899A0502D4A06D14F025
:102F70009EFF2146384615F022F9616B41B104F1FC
:102F80004403994202D038460AF089FE0023636365
:102F90000023A3616360A3891B0603D5216938461A
:102FA0000AF07DFEA389B8F1020F23F44A6323F0EF
:102FB0000303A38160D001AB6A462146384615F071
:102FC00026F9A3891843A0812DBB009D284600F057
:102FD0004DF90646002851D1DDF80090A9453FD1B2
:102FE0004FF0FF35B4F90C3043F00202A281002209
:102FF000A26004F147022260226101226261626ED6
:10300000D60704D4980502D4A06D14F051FF2846C9
:1030100003B0BDE8F083002ED8D03B6A13B9384620
:10302000FFF754FFB8F1010F266002BFA38943F0F8
:103030000103A381B4F90C3013F00802C4E904655C
:103040001ED0D90745BF00226D42A560A26048BFCF
:10305000A561626ED20701D49B0513D50025D6E782
:10306000484600F003F906460028B9D0A3894D462A
:1030700043F08003A381D0E70025B3E7A946F5E735
:10308000A260E6E7A06D14F013FFE7E74FF0FF350D
:10309000BDE700BFFC4000200EB400B59CB06FF04F
:1030A00000411DAB02900690079104910848094920
:1030B00053F8042B059102A90068019300F0DEF893
:1030C000029B00221A701CB05DF804EB03B070473D
:1030D000FC4000200802FFFF0B4603490246086837
:1030E000816800F0C7B900BFFC40002038B5294B0B
:1030F00005460C46186818B1036A0BB9FFF7E6FEDF
:10310000B4F90C30190722D4DA0607D409222A6050
:1031100043F040034FF0FF30A38133E0580712D54E
:10312000616B41B104F14403994202D028460AF090
:10313000B6FD00236363A38923F02403A381002346
:10314000636023692360A38943F00803A381236993
:103150004BB9A38903F42073B3F5007F03D0214654
:10316000284615F079F8B4F90C3013F001020AD0B2
:103170000022A26062695242A261226942B913F040
:103180008000C5D138BD990758BF6269A260F4E7D5
:103190000020F7E7FC40002038B50023054D044629
:1031A00008462B600AF049F9431C02D12B6803B191
:1031B000236038BD9439002038B50446064D0846D2
:1031C000114600222A601A460AF052F9431C02D125
:1031D0002B6803B1236038BD9439002038B504460C
:1031E000064D0846114600222A601A460AF048F9A0
:1031F000431C02D12B6803B1236038BD94390020F1
:1032000038B50446064D0846114600222A601A4683
:103210000AF04EF9431C02D12B6803B1236038BD7C
:103220009439002070B50D4D00260D4C641BA41080
:10323000A64209D10B4D00260B4C18F021FF641B50
:10324000A410A64205D170BD55F8043B013698473D
:10325000EEE755F8043B01369847F2E7B441002009
:10326000B4410020B4410020B8410020024B014687
:1032700018680AF007BD00BFFC4000202DE9F04FA0
:1032800098468B899DB007461B060D46144610D5FF
:103290000B6973B940210AF0F5FC2860286130B948
:1032A0000C233B604FF0FF301DB0BDE8F08F402392
:1032B0006B610023CDF80C804FF00109DFF8A0818D
:1032C000099320238DF8293030238DF82A302346A6
:1032D0009A4613F8012B0AB1252AF9D1BAEB040B4F
:1032E0000BD05B4622462946384614F0EFFD0130EC
:1032F00000F0A780099A5A4409929AF80030002BEE
:1033000000F09F8000234FF0FF320AF1010A04937E
:1033100007938DF853301A93CDE9052354460522BF
:103320004F4814F8011B14F0D3FF049AD8B9D00603
:1033300044BF20238DF85330110744BF2B238DF851
:1033400053309AF800302A2B15D0079A54460020A3
:103350004FF00A0C214611F8013B303B092B4BD9A9
:10336000B0B1079214E0A0EB0803A24609FA03F3F8
:1033700013430493D2E7039B191D1B68002B039191
:10338000BBBF5B4242F0020207930793B8BF0492AF
:1033900023782E2B0AD163782A2B32D1039B023457
:1033A0001A1D1B6843EAE37303920593DFF8C0A07C
:1033B00003222178504614F08BFF38B1A0EB0A00AD
:1033C0004022049B013482401343049314F8011BF0
:1033D000062224488DF8281014F07AFF002836D0F1
:1033E000214B1BBB039B073323F0070308330393D5
:1033F000099B334409936AE70CFB02320C46012017
:10340000A8E7002301344FF00A0C19460593204623
:1034100010F8012B303A092A03D9002BC6D00591A8
:10342000C4E70CFB012104460123F0E703AB2A4665
:1034300004A9384600930D4BAFF30080421C0646AA
:10344000D6D1AB895B063FF52DAF09982CE703ABCE
:103450002A4604A938460093044B00F023F9EDE70F
:103460000E1305001813050000000000CD7E0400B7
:10347000141305002DE9F04F0D469DB014469846F3
:10348000064618B1036A0BB9FFF720FD6B6ED9072A
:1034900005D4AB899A0502D4A86D14F008FDAB8958
:1034A0001B0701D52B699BB929463046FFF71EFE45
:1034B00070B16B6EDC0704D54FF0FF301DB0BDE876
:1034C000F08FAB899805F7D4A86D14F0F1FCF3E701
:1034D0000023CDF80C804FF00109DFF8B481099387
:1034E00020238DF8293030238DF82A3023469A4640
:1034F00013F8012B0AB1252AF9D1BAEB040B0BD032
:103500005B4622462946304614F052FD013000F059
:10351000A780099A5A4409929AF80030002B00F0CB
:103520009F8000234FF0FF320AF1010A04930793B2
:103530008DF853301A93CDE905235446052254489B
:1035400014F8011B14F0C4FE049AD8B9D10644BF84
:1035500020238DF85330130744BF2B238DF85330AD
:103560009AF800302A2B15D0079A544600204FF0C5
:103570000A0C214611F8013B303B092B4BD9B0B165
:10358000079214E0A0EB0803A24609FA03F31343E1
:103590000493D2E7039B191D1B68002B0391BBBF4B
:1035A0005B4242F0020207930793B8BF049223786C
:1035B0002E2B0AD163782A2B32D1039B02341A1D99
:1035C0001B6843EAE37303920593DFF8D4A0032258
:1035D0002178504614F07CFE38B1A0EB0A0040225E
:1035E000049B013482401343049314F8011B062208
:1035F00028488DF8281014F06BFE00283FD0264B89
:103600001BBB039B073323F0070308330393099B7A
:103610003B4409936AE70CFB02320C460120A8E701
:10362000002301344FF00A0C19460593204610F888
:10363000012B303A092A03D9002BC6D00591C4E7E3
:103640000CFB012104460123F0E703AB2A4604A941
:1036500030460093114BAFF300800746781CD6D15B
:103660006B6ED90705D4AB899A0502D4A86D14F006
:103670001FFCAB895B063FF51FAF09981EE703AB44
:103680002A4604A930460093044B00F00BF8E4E707
:103690000E1305001813050000000000B17F0400A0
:1036A000141305002DE9FF470F7E914680460C4616
:1036B000782F9A460C9E01F1430207D8622F0AD850
:1036C000002F00F0DD80582F00F0C38004F1420687
:1036D00084F842703AE0A7F16303152BF6D801A1F4
:1036E00051F823F03D37030051370300CD36030076
:1036F000CD360300CD360300CD360300513703002D
:10370000CD360300CD360300CD360300CD360300A1
:1037100067380300DF3703001F380300CD3603008E
:10372000CD36030089380300CD360300DF370300B0
:10373000CD360300CD3603002738030033681A1D49
:103740001B68326004F1420684F842300123A8E08D
:1037500031682368081D30601E0601D50D6803E03E
:103760005D06FBD5B1F90050002D616878DA2D2097
:103770000029A16084F843002DDA6D425D480A23D8
:103780001646B5FBF3F103FB1157C75D06F8017D43
:103790002F460D46BB42F4D9082B0BD12368DF0717
:1037A00008D5236961689942DEBF302306F8013CE1
:1037B00006F1FF36921B22614B4603AA2146404682
:1037C000CDF800A014F006FC01306FD14FF0FF30AF
:1037D00004B0BDE8F08723F004032360CDE721683F
:1037E0003368080653F8045B02D4490648BFADB2FB
:1037F0006F2F33603F4814BF0A230823002184F849
:1038000043106668002EA660BADB216821F004012F
:103810002160002DB4D1002EB2D11646BCE723683A
:1038200043F02003236078273348236884F84570E9
:103830001F06316851F8045B02D45F0648BFADB281
:103840003160D90744BF43F0200323601DB110232A
:10385000D4E72848E9E7236823F020032360F6E74C
:1038600024480A23CDE733682568181D6169306054
:103870002E061B6801D5196002E06806FBD5198089
:1038800000231646236197E7336800211A1D326032
:103890001E686268304614F01BFD08B1801B606032
:1038A00063682361002384F8433085E72369324647
:1038B00049464046D047013088D023689B0714D43E
:1038C000E068039B9842B8BF184681E7012332465F
:1038D00049464046D04701303FF478AF0135E368B0
:1038E00003995B1AAB42F1DCEAE7002504F1190603
:1038F000F5E700BF1F1305003013050038B500239E
:10390000064D0446084611462B6009F0A0FD431CF5
:1039100002D12B6803B1236038BD00BF9439002069
:1039200038B50023054D044608462B6009F09AFD82
:10393000431C02D12B6803B1236038BD94390020A9
:10394000BAFE400A704700BF094A5168C84390FA5E
:10395000A0F048B1B0FA80F0042805DC01238340D0
:103960000B43536040B270474FF0FF30704700BFC9
:10397000C03900200021034B28220348C3E900116D
:1039800014F08CBAC03900209839002038B50546AB
:10399000FFF7DAFF04460448294600EBC40014F0A0
:1039A0000CFD204638BD00BF98390020C3B2042B5F
:1039B00010B515D804230B4A03EBC003134453E896
:1039C000002F0A4343E80024002CF8D101220649C5
:1039D000824051E8003F134341E800300028F8D10D
:1039E00010BD00BF98390020C0390020F7B54FF056
:1039F000040C01260827184A1849194D106800B30D
:103A00000B7806FA03F420421DD0E04352E8004F41
:103A1000044042E8004EBEF1000FF7D117FB03C38C
:103A20002B4453E8000F43E800E4002CF9D1019047
:103A300048B1087801AA0B4905EBC00014F0F9FC65
:103A4000012003B0F0BD0B78506883422EBF0023E5
:103A50000133DBB20B70D1E7C0390020A33B00205B
:103A60009839002078563412024B1868003818BF75
:103A700001207047C039002038B505460C4618F0C3
:103A80001CF8084B1B6853B1D3E9042395429C41B1
:103A90002CBF0124002418F002F8204638BD1C4633
:103AA000F9E700BFD83900202DE9F0414FF0FF348D
:103AB00025460746884618F000F8144B1E68A6B93C
:103AC00017F0EDFFB5F1FF3F08BFB4F1FF3F08D09D
:103AD000BC4275EB080316D3E71B65EB08083C46B0
:103AE000454620462946BDE8F0817269D6E9033192
:103AF0005B1842F10002A34272EB05013CBF1C4679
:103B000015467668DBE734463546EAE7D8390020C3
:103B10002DE9F74F109F0E46DDE90CA915469DF8DB
:103B20003CB008B1026882B93FB129463046B84777
:103B300040F2034003B0BDE8F08F002DF8D0002E16
:103B4000F6DB284615F092F8F2E7019017F0B5FF82
:103B50008046584600F0EEF90446404617F09FFFB5
:103B6000019B8CB947B129463046B84703203146FE
:103B700000F09EFB1A20DDE7002DF7D0002EF5DBCC
:103B8000284615F073F8F1E7256200252360DFF879
:103B900080800E9BC4E906A9A660E360A762D8F8FE
:103BA000003084F824B0656098471AEB000649EBB2
:103BB000010917F082FF144B0746D3F800E0C4E96F
:103BC000046972462AB1D2E90401864279EB010107
:103BD00011D2A5B9C4F804E01C600C4B1C682CB1D0
:103BE000D8F800309847FFF75FFFA047384617F036
:103BF00056FF00209EE7516815460A46E2E76A68CC
:103C000062606C60E9E700BFD8390020C839002045
:103C1000D03900202DE9F74F4FF0000881460D46BE
:103C200092461E4617F049FF4746DFF87CB00190E8
:103C3000DBF800408CB9B8F1000F08D0184B1C68B5
:103C40002CB1184B1B689847FFF72EFFA04701982F
:103C500003B0BDE8F04F17F022BF22684A4511D1EA
:103C60002DB1A268296822F000428A420AD126B901
:103C7000626857B9CBF8002008E05146206AB04787
:103C80000028F5D027466468D4E77A60D4F8048029
:103C9000204614F03EFB44464FF00108CAE700BF3F
:103CA000C8390020D0390020D8390020014B1860D5
:103CB000704700BFC839002070B50E460949044658
:103CC0000846154609F0C7FE0023074A3021136055
:103CD000064A06201660064A15602246BDE8704076
:103CE00000F0C2B841130500D8390020D0390020B7
:103CF000CC39002070B50446164618460022002331
:103D000086B0CDE904230B4B0D461B6813B9212067
:103D100006B070BD04A998470028F8D1DDE9042356
:103D20000290CDE9002329463246204614F02BFBB1
:103D3000EEE700BFCC390020F8B5054610200F464D
:103D4000164600F0CBFA044601461022074809F057
:103D500097FE44B101230020E3602B68C4E901769B
:103D600023602C60F8BD1A20FCE700BF411305005A
:103D70002DE9F84F814688460027DFF8B4A0294E88
:103D800048464146FFF778FED8B917F096FE264B15
:103D900006461B689847FFF787FE05460C464FB15D
:103DA000B1F1FF3F08BFB0F1FF3F03D01F4B1B68CD
:103DB00003B19847304617F072FE28462146BDE809
:103DC000F88F17F07AFEDAF8004084B16368CAF819
:103DD000003017F064FEA368346033F000430AD16A
:103DE000306814F096FA002301273360C8E717F013
:103DF00056FE3460C4E72368002BF1D01D68002D07
:103E0000EED0A26832F00043EAD0D5E9007B236A05
:103E10002168A868D8470028E2D1002FE0D03D46AD
:103E2000EFE700BFD4390020D0390020C839002086
:103E3000D8390020F8B504460D4617F03EFE094B70
:103E40001B684BB1D3E90667C4E90067DB682B60E8
:103E5000BDE8F84017F023BE00260027C4E900673C
:103E6000F5E700BFD43900202DE9F0474FF6FC7884
:103E7000002416461B4F03311B4B07EB001501EACC
:103E800008084FEA001A1B686A80814627F80A80F2
:103E900002FB08F0EC60984718FB06F39BB2024661
:103EA00068602B81D8B11149284651F8291009F0D2
:103EB000D9FD21462A89686813F0F0FF2146234680
:103EC0009E4204DC002057447E80BDE8F0876A688B
:103ED000E868541850500133EC604144F0E71A2070
:103EE000F3E700BF28340020DC390020101405005F
:103EF00038B5094C04EB00156B682BB1284609F066
:103F0000BAFD686814F0B2FE2846BDE838401022B9
:103F1000002113F0C3BF00BF28340020034B02016F
:103F2000C3E900100021024813F0B8BFDC390020BB
:103F30002834002038B5094B020103EB0015EC686A
:103F4000284621469A5A09F09BFD24B12368EB606C
:103F50006B88013B6B80204638BD00BF28340020B1
:103F6000024B03EB00139878704700BF2834002001
:103F700030B4064C04EB0013DD685A880D60013242
:103F8000184630BCD9605A8009F081BD2834002021
:103F9000044A010102EB0013505A10B11B89B3FB14
:103FA000F0F07047283400200020124B10B5187034
:103FB000114B124C1860124B206018706060A060AA
:103FC000FFF7E6FF80B2A0F10E036380A0F11403B7
:103FD000013060810B49201DE38009F03CFD204643
:103FE000094909F038FD04F108000849BDE810400E
:103FF00009F031BDA53B0020FC390020923A002099
:10400000A43B002048140500511405005B14050072
:1040100070B5044680B317F050FD637905466FF321
:1040200082036371237913F0100605D010232371E6
:10403000BDE8704017F033BD104903F0030331F8B9
:1040400023203046013A21F823202146FFF790FF34
:104050000B4B0C4E1C681CB90A4B28461C70E7E73A
:10406000237A1BB933781BB92468F4E7012BFBD101
:10407000204663689847F7E770BD00BF923A00207A
:10408000FC390020A53B002010B5044617F015FDB3
:10409000034B1A6822601C60BDE8104017F0FFBC9B
:1040A000FC39002010B5064B00F0E0001A78541CD3
:1040B0001C70044B03F8320003EBC203596010BDBF
:1040C000A43B0020E43900202DE9F04F04464607C8
:1040D00089B048BF00F0F7040492029117F0EDFC9C
:1040E000604E04F0030706EB870336F827205B8851
:1040F00081469A4204F0EF0A4FEA870830D2002046
:10410000FFF718FF054638B336F827304846013325
:1041100026F8273017F0C3FC284614F014FC029B45
:10412000029AAB71049B85F804A01344EB7117F05D
:10413000C4FC80464C4B1C68002C40F08B804046F1
:1041400017F0ADFC06EB87004522294609F098FCE4
:10415000284609B0BDE8F08F01224846434B1A704B
:1041600017F09DFC25071DD51F2C1BD904F0E0037B
:10417000B044039317F0A1FCB8F8023036F827904A
:104180004FF0000B99452CBF00230123DFF8E4809A
:10419000019317F084FC06EB87030593344B1B78DF
:1041A0009B4508D384F004005146C0F3800000F022
:1041B0007FF80025C6E798F80030039A1A4204D029
:1041C000D8F80490D9F8003023B90BF1010B08F1AD
:1041D0000808E3E707935A79D00708D51A795107F9
:1041E00005D5019941B98AEA0202920704D099469D
:1041F0001B68002BEFD1E5E7484614F00AFA057971
:10420000079007A814F0E7F92946002000F050F8BD
:1042100017F053FC059B36F827205B8805469A4229
:1042200034BF01230023019309D20020FFF782FE4F
:10423000079058B136F82730013326F82730284642
:1042400017F02DFC079D002DBCD065E70122074B20
:104250001A70F4E7237A012B02D12046636898474D
:10426000246869E7923A0020FC390020A53B002031
:10427000A43B0020E43900200022014B1A60704763
:10428000003A002010B5044617F017FC074A1368DF
:104290002BB914602360BDE8104017F000BCA342A6
:1042A00002D01A461B68F3E710BD00BF003A002099
:1042B00070B505460E46054B1C6804B970BD6368B1
:1042C0003146284698472468F7E700BF003A0020A7
:1042D0000149084609F0BFBB68140500012838BF32
:1042E000012038B5C41C24F00304204609F0D5FB96
:1042F000054601462246084809F0C2FB2DB9214671
:104300000220FFF7D5FF284638BD22460021284667
:1043100013F0C4FDF7E700BF6814050010B5064CA4
:10432000237823B90CF044F918B901232370002035
:1043300010BD40F20740FBE7A63B002038B50B4B11
:1043400004461B780D464BB1214628460BF0AAFFC8
:10435000002840F2074008BF002038BD0449054846
:10436000FFF7DCFF0028EFD0F7E700BFA63B0020F7
:10437000EFBEADDEBEBAFECA436A70B5590404464C
:1043800016D4154A03F4004392F82B20012A10D1C9
:10439000826A92040DD4002B00F101010CBF53205E
:1043A000142010F0FBF918B9636A43F00803636244
:1043B00070BD002BFCD1094D661C29463046F3F731
:1043C0007FFF0028F4D12B68C4F80130AB88A4F833
:1043D0000530AB79E371E7E77C3300208B330020B5
:1043E0002DE9F041244E86F82A00002841D000EB48
:1043F000C000C100002301220420FFF735FD05465F
:1044000058B90420FFF796FD4FF048082F4630605A
:1044100096F82A30AB4203DC00252846BDE8F0813F
:104420003468002108FB05441422A76104F134001C
:1044300013F034FDA0224FF4A073C4E9072307232F
:1044400004F1100084F83130E773E77114F0C3F819
:1044500004F1140014F0BFF8204614F00BFC40F2F5
:104460000113E3857F23A76284F832306762013548
:10447000CEE73060D0E700BF7C330020084A034617
:1044800092F82A10814209D9106840B103EBC303A6
:1044900000EBC300406A00F0010070470020704745
:1044A0007C33002038B504460D46FFF7E7FF03468E
:1044B00040B10020044B04EBC4041B6803EBC403AD
:1044C0002B6038BD2120FBE77C3300202DE9F04F25
:1044D0000446344A93B0106851680FAB03C3906828
:1044E00012AA1860E37B94F82E7002EB430333F8B2
:1044F0000C1C636A94F82F60DA0444D40126374612
:1045000041F0100194F80E80C3F340495B0348BFAB
:1045100049F002098BB288F00808012F94F800A036
:1045200094F831500B9304F1080BD4E90723C8F336
:10453000C00894F9324005D0022F03D0042F14BFD5
:1045400000270327012E05D0022E03D0042E14BF0E
:10455000002603265046CDE90C2314F02FFCDDE99C
:104560000C230121CDE90760CDE900515046CDE98A
:104570000547CDE903B90B99CDF8088000F0E4FDBB
:1045800013B0BDE8F08FA26A950648BF41F0200144
:10459000500648BF41F04001DA0348BF41F0040132
:1045A000B0E700BF7214050037B5044648B104787F
:1045B0002046FFF763FF10B9002003B030BD01347F
:1045C000E4B2074D95F82A30A342F5D9204601A957
:1045D000FFF768FF08B90198EFE70134E4B2F1E7AB
:1045E0007C330020014B93F82A0070477C33002075
:1045F0002DE9F04F054600F1100A87B0504605F14D
:10460000140B0C46174613F0E6FF584613F0E3FF71
:10461000002014F0A4F90646002800F00381012FC1
:1046200040F2726818BF4FF01F08012C60D0022CB6
:104630000CBF062404240221304614F025FB01217E
:10464000304614F021FB2146304614F01DFB304665
:1046500014F046F8012384B2A8EB04010A22009367
:1046600089B242F60723304614F05EFB042304446B
:10467000A4B2A8EB04010093122242F604233046B0
:1046800089B214F051FB0719BFB2A8EB0709B9F1C1
:10469000010F04962EDC0024644F97F82B30002B7A
:1046A00000F0A080504613F096FF6B6A2E6143F035
:1046B00080026A62DB0400F1A78097F82B000028D3
:1046C00040F0A28014F04BF90590002800F09C8087
:1046D000414614F0E4FA002800F0A0805846059CFA
:1046E00013F079FF6B6A6C6143F480736B628BE04B
:1046F0000524A0E7002014F032F905900028CAD064
:104700000221F4F749FBA8F10204E41BA4B284429D
:10471000074611D224F001018BB2411A05A8039378
:1047200014F080F8039B1F4602233FB90598E0B9B7
:1047300005A813F050FFAEE70323F6E7791C0498B1
:10474000C9B2039314F0A0FA039B0498194614F01D
:104750009BFA059904A814F0DEF8002014F0FFF885
:104760000590002832D0E41BA4B2022C38BF0224EA
:10477000A31E9BB20F2B30D910210393F4F70CFB2F
:10478000039B044683421ED223F00F018BB2411AD1
:1047900005A8039314F046F8039B1C460623611CEE
:1047A0000498C9B2039314F06FFA039B0498194656
:1047B00014F06AFA059904A814F0ADF8BB1C1C4467
:1047C000A4B23FB968E740B10723E8E705A813F0B2
:1047D00002FF3C460234A4B25EE705A813F0FBFEDC
:1047E0003C46EEE7A9EB040189B2304614F057FAD3
:1047F0000446504613F0EFFE6B6A2E6143F08002D0
:104800006A62002C3FF456AF686A10F010000AD0BC
:10481000284607B0BDE8F04F14F00BBB05A813F015
:10482000DAFEF1E71A2007B0BDE8F08F7C330020F4
:104830008378F7B5122B0E4635D10B689A790C3276
:104840001344DD781F790DB145F48055384601A930
:10485000FFF728FE88B9019C636A23F010036362A6
:104860008DB93946A069621C104B00F07BFA2222F8
:1048700029460E48A56113F011FB304603B0BDE890
:10488000F04013F0A8BE204614F0F4F9636A5A060B
:1048900003D523F040036362EFE7384604F13401A7
:1048A000F6F7DAF8E9E703B0F0BD00BFAA3300205D
:1048B00073B5144D144C6A68236802F0800103F04C
:1048C00002030B431BD053064CBF0126A67AF3F715
:1048D00091FC0196837983F00803C3F3C00300932E
:1048E000E388A288217A607A00F0EAFB40B9236865
:1048F00023F0020323606B6823F080036B600020C9
:1049000002B070BD7C330020043A00200121002059
:10491000054BA3F10802C3E9000043F8081C4FF05F
:1049200010135172536070470C3A0020032910B5E0
:1049300010D9032A0ED991420CD301280AD8064C6B
:1049400020720020A3722368A18043F00203E2805A
:10495000236010BD2120FCE7043A0020014B187BA6
:10496000704700BF043A0020074BDA7A4AB95A7AF6
:1049700082421FBF1A68587242F002021A60FFF7A3
:1049800097BF0020704700BF043A0020024BD87A3E
:10499000003818BF01207047043A002070B5224E3D
:1049A000716811F002013AD1204D2B68580706D5E5
:1049B000084600F0ABFB2B6823F004032B602B6848
:1049C000726803F0080302F00402134310D0F3F7F7
:1049D00011FC83791A071FD5F5F776FE0446C8B98E
:1049E0002B6823F008032B60736823F004037360C3
:1049F000FFF75EFF044668B9EB7A5BB12B685B0793
:104A000008D40121084600F081FB50B92B6843F01F
:104A100004032B60204670BDF5F73AFEDEE7112453
:104A2000F8E70446F6E700BF7C330020043A002094
:104A300070B5124C257B637B22689D42B8BF1D4632
:104A40009207E37AEEB201D4B34215D01BB1002332
:104A5000E372FFF7A3FFE67275B1094B93F82B30B1
:104A6000012B05D1236843F002032360F5F7B4FB63
:104A7000BDE87040FFF792BF002070BD043A0020EF
:104A80007C330020022938B504460D4601D9212087
:104A900038BD14F0FCFA0028F9D00E4B1A7BB2B9DD
:104AA0001A68D10742BF22F0010242F002021A60E6
:104AB000094A525D1A735A7AA2421FBF1A685C7281
:104AC00042F002021A60BDE83840FFF7B1BF022091
:104AD000DEE700BF043A00207E140500032805D15C
:104AE0000A4A136843F00803136008E0012808D15C
:104AF000064BDA7A42B11A6842F008021A60FFF7F0
:104B00004DBF10F0FD0FEBD000207047043A00209D
:104B10000020094B10B55862F3F72CFA04461CB973
:104B2000BDE81040F3F7BEBA204641F2160114F07A
:104B3000C0FA6468F3E700BF7C330020A0F11B03D8
:104B4000E02B10B5044618D8042142F2240011F0DD
:104B50004CFF6FF06F0343714223A0F80340837151
:104B60000748EDF719FE11F06EFF407920B111F002
:104B70006AFF407940F4805010BD2120FCE700BF5F
:104B8000AD2B04002DE9F0439946002387B00F9E1A
:104B9000334C3360636A07460D46904613B10223D7
:104BA000336012E012F042F8074213D037EA0000F7
:104BB00010D1012F01D0042F0CD12846334649468D
:104BC0000E9A14F010FB054630B90025284607B0B0
:104BD000BDE8F0832123E3E73846FFF7C5FE3060E8
:104BE000002833D194F82B30012B18D16368DB07F0
:104BF00015D4DFF87090484600F0FAFE306028BB0C
:104C00006368A06843F00403B9F80420636099F86E
:104C10000630C5F85A00A5F85E2085F86030FFF729
:104C2000BDFE306090B9238C3A460593E38BFF219B
:104C30000493A38B28460393638B0293238B0193E6
:104C4000E38A00934346F5F787FD3060336823B16C
:104C500000212846F3F7BEF9B7E76562B6E700BF63
:104C60007C3300208433002037B504460D4614F011
:104C700047FA698820460FF017FC6A7E2B7E204693
:104C800043EA0223A4F862306A7F2B7F43EA0223BF
:104C9000A4F86430EA7EAB7E43EA0223A4F86630CF
:104CA0001B23A4F86C302D4BDA8B1B8CA4F86820E6
:104CB000A4F86A30022384F8723012F04FF92046CB
:104CC00014F015FD94F87330022B15D100F068FD37
:104CD00070B194F9753001330AD105212046A368DB
:104CE00043F48053A36003B0BDE8304014F05FBAD2
:104CF000002120460FF0DBFB00212046F3F73CFBB0
:104D00004FF6FF73288C984225D000F0C3F9009429
:104D100000F0AEF96A46ADF8040040F206211048F2
:104D200013F087FB002240F20221204613F039FBEA
:104D30002046F3F7DBF9204614F0E5FC2046F5F7B2
:104D400049FEA368012123F480432046A36014F0A8
:104D500036FA03B030BD0020D9E700BF7C33002015
:104D600078330020F7B504460F46164668465A7950
:104D7000991D1D46F3F782FA2CB969463046F3F7C0
:104D80008DF80446A0B140F2032384F87670A4F8AD
:104D9000723033682946C4F85A30B3882046A4F8E4
:104DA0005E30B37984F86030FFF75EFF03B0F0BD8A
:104DB000032140F2064011F018FE6B88A0F8033082
:104DC0000D2343710148EDF7E7FCEFE7C32804002A
:104DD00007B590F870304FF4887101AA03488DF838
:104DE000043013F026FB03B05DF804FB7833002099
:104DF0002DE9FF4103780446302B0E4639D006D802
:104E0000052B25D0082B41D004B0BDE8F0813E2B06
:104E1000FAD183780C2B4BD8022BF5D9033B092B05
:104E2000F2D801A252F823F0C14E0300FB4F030059
:104E3000094E0300094E0300934F0300094E03007F
:104E4000094E0300094E0300094E0300E74F03001B
:104E5000B0F80300F3F760F828B1617909B141F4C3
:104E6000805114F026F9304604B0BDE8F04113F04B
:104E7000B2BBB0F80300F3F74FF80028F3D0A178E5
:104E800009B141F4805114F06DF9ECE7B0F803007A
:104E9000F3F742F80028E6D0627990F8743022B136
:104EA00043F0010380F87430E9E703F0FE03F9E70B
:104EB000212B00F0B780292B1FD0202BD3D0A3E7C4
:104EC0008088F3F729F80028CDD0E278002ACAD1EB
:104ED000E179A27942EA0122A0F86220E17AA27A7D
:104EE00042EA0122A0F86420227A617A42EA012291
:104EF000A0F86620F3F7FAF8B5E7C778851C3C2FD1
:104F000002D114F0A8F8AEE790F80680B8F1000FCF
:104F100023D1544A546AC2F82480CFB1294620468E
:104F200047F4805714F0ECF8E76084F8728040F2A0
:104F30000121204601AACDE9014713F07AFAA368BE
:104F4000414643F480632046A360F3F743F88AE7C1
:104F500029462046FFF788FE85E74FF6FF73408C11
:104F600098420BD000F096F840B1F3F743F92B4686
:104F70000246FF210020FFF7F5FE74E73A4B22348A
:104F800055F8042BA54243F8042BF9D12A881A803E
:104F900069E7B0F80300F2F7BFFF00283FF463AF02
:104FA00040F20911B4F8053090F87020A0F86C3088
:104FB0008DF80420ADF80630227AE37943EA022323
:104FC000ADF80830A27A637A43EA0223ADF80A30DA
:104FD000227BE37A43EA0223ADF80C3001AA23488E
:104FE00013F027FA3FE78088F2F796FF00283FF496
:104FF0003AAFA179F3F79CF835E78088F2F78CFF98
:1050000000283FF430AF90F870300E218DF8043056
:10501000D4F8063001AACDF80530D4F80A30CDF81E
:105020000930DCE78088F2F777FF00283FF41BAFF8
:1050300090F870304FF403718DF80430E37801AAD2
:105040008DF80530A3798DF80630E3798DF80730B7
:10505000237A8DF80830637A8DF80930A37A8DF8B9
:105060000A30BCE77C330020AA33002078330020CC
:1050700050B10C22064B1B68C31AB3FBF2F3807AC3
:1050800040EA032080B270474FF6FF70704700BFC0
:105090004C410020024609490B7A0968FF2B01D1D7
:1050A0000020704703EB430301EB830031F823300A
:1050B000C3F30B039342F4D0C37AEFE74C410020D3
:1050C000F8B507460E4642F24100082115461C4637
:1050D00011F08BFC9DF818304771C3709DF81C309F
:1050E00086710371A0F80750A0F809400648EDF753
:1050F00053FB11F0A8FC407920B111F0A4FC4079D9
:1051000040F48050F8BD00BF0128020038B50546C4
:105110000C4642F24200062111F067FC0023C570E4
:1051200043718371C371037204710648EDF734FB58
:1051300011F089FC407920B111F085FC407940F4F0
:10514000805038BD692802002DE9F0411546064619
:105150000F4642F2360019211C46DDF8248011F07A
:1051600044FC2B0AC371230A83729DF818308571A1
:1051700003739DF81C30447243739DF820302D0C4E
:10518000240CC67087800572C4728373D8F800300F
:10519000C0F80F30B8F804308676A0F813309DF8C8
:1051A000283043759DF92C3083759DF83030C375D8
:1051B000002303769DF8343043769DF83830C3766B
:1051C0000648EDF7E9FA11F03EFC407920B111F004
:1051D0003AFC407940F48050BDE8F0810929020092
:1051E00038B505460C464FF61940052111F0FDFB78
:1051F000C57044600548EDF7CFFA11F024FC407902
:1052000018B1BDE8384014F030B838BD5525040059
:1052100038B505460C464FF61A40052111F0E5FB5E
:10522000C57044600548EDF7B7FA11F00CFC407901
:1052300018B1BDE8384014F018B838BD8525040011
:1052400070B50D4606460121DAB1FFF7C9FF0446E5
:10525000A8B9072142F2350011F0C7FBC6702B68D0
:105260004360AB8803810848EDF796FA11F0EBFB39
:10527000437923B111F0E7FB447944F4805420468C
:1052800070BDFFF7C5FFE2E7572704000A4610B5D7
:105290000421044642F2370011F0B2FB03230371EC
:1052A0000023C470437183710548EDF775FA11F05E
:1052B000CAFB407918B1BDE8104013F0D6BF10BD4D
:1052C0004B2604000A4610B50421044642F2380079
:1052D00011F096FB032303710023C47043718371A3
:1052E0000548EDF759FA11F0AEFB407918B1BDE869
:1052F000104013F0BABF10BD97260400F8B506465B
:105300000F4642F23900062114461D4611F06DFB8E
:1053100001238471240A0371C7704671C471057238
:105320000548EDF739FA11F08EFB407918B1BDE868
:10533000F84013F09ABFF8BDE32604001FB5837C44
:105340000446022B22D0042B25D0A37C033B032B45
:1053500012D8636840F2047193F870300F488DF8EA
:105360000430238A01AAADF80630A389ADF80830CD
:10537000236A039313F05DF8204613F046F82146A4
:105380000C2004B0BDE81040FEF7F2BD4FF4805190
:1053900012F0DEFFD9E741F20101F9E7143A0020EB
:1053A00038B505460C20FEF7C5FD0446E0B12422C1
:1053B000002112F073FD0D4A51882846A1F13F03E8
:1053C0003F2B8EBF4021013189B2518013F054FF31
:1053D0000028F1D1EB6BA1816560A36022462046D5
:1053E0000349EC63FEF7A8FC204638BD703300206B
:1053F000C1920400402108B5044B024659800C209C
:1054000000232421FEF730FD002008BD703300206A
:10541000F0B50B790546142B0C4689B074D009D829
:10542000062B1ED0072B57D0012B00F00A8100203D
:1054300009B0F0BD152B00F0BD80162BF7D10989FE
:1054400013F022FFB0B1028B6489C2F57F41A6B28E
:10545000FF31B14280F2E080052240F213418274B4
:105460002BE1498913F010FF21890646284613F0E5
:1054700003FF28B902222846617911F03AFB93E034
:10548000002E00F09180864240F08E8040F20D4365
:105490000C22336204210020677913F021FB0246BD
:1054A000C0B1002405214FF0080C80790C3013188E
:1054B0009970DC7002F800C00720187104205F7139
:1054C0009871B0895C701881F089DC715881284628
:1054D000F4F7C0FC304614E0498913F0CDFE0246D3
:1054E0002189284613F0D0FE002A5DD000285BD029
:1054F000824259D1937C042B56D16179137F994212
:1055000052D113F0C9FE4FE04A79C36B2BB92389FE
:10551000013BFE2B06D902233DE0597F914243D047
:105520009B68F3E76189A1F140033F2B32D82846FD
:1055300013F0AAFE002839D12846FFF731FF0646AE
:10554000002835D063794377208930826389F381DD
:10555000228A3283E189B18295F87050ADF8120049
:105560008DF81050B089ADF81630ADF81400607B9E
:10557000237BADF81A1043EA0023ADF81C2040F25B
:1055800002714F4804AAADF8183012F052FF0123FF
:10559000B37409E0092302930023CDE900331A46CE
:1055A0002846617913F0A1FE012041E70A23F2E7C2
:1055B0000423F0E74B79C66B002EF5D0327F9A4278
:1055C00065D0B668F8E7F381A089B082E1893183BC
:1055D00095F870508DF81050358AADF81250B58995
:1055E000ADF81630ADF81450A37AE57AADF81A008C
:1055F00043EA0523ADF81C10ADF81E2040F20371FC
:105600002F4804AAADF8183012F013FF238A002B9C
:105610007FF460AF0323BBE73244028395F8702028
:1056200040F205718DF81020028A8389ADF81220AE
:10563000234804AAADF81430ADF8164012F0F9FE74
:10564000B2E74B79C66B002EAED0327F9A4201D0C2
:10565000B668F8E795F8703040F201718DF81030B7
:10566000338A1748ADF81230B37F8DF81430627A60
:10567000237A43EA0223ADF81630B38904AAADF8C1
:10568000183012F0D6FEB37C022B8DD122E7B37C0A
:10569000022B89D14FF48051304612F059FE228AF4
:1056A000238991B200298ED1A3F140013F298AD9E3
:1056B000052340F216413046B37413F049FE73E7F8
:1056C000143A002070B586B00646019213F0D4FD5E
:1056D000044610460D4613F003F814B1A37C032BC7
:1056E00004D001A812F077FF06B070BD628BC2B182
:1056F000E18A83B2994214D3013A628396F87030FA
:1057000040F206718DF80C30238A0B48ADF80E304C
:10571000019B03AAADF81050059312F08AFE05A86C
:10572000E0E701A812F057FF052340F2124120469E
:10573000A37413F00DFED7E7143A00200C4B01467A
:105740001A789AB95B689B0710D490F975200132DA
:1057500018BF012291F8523013F0400005D091F8A3
:10576000600010F0400018BFD0B270470122F1E78E
:10577000183A0020024B586800F00200704700BF42
:10578000183A0020024B586800F00800704700BF2C
:10579000183A0020014B1B68184700BF58410020F1
:1057A00008B50EF0C8FC022817BF034B002058684C
:1057B00000F0100008BD00BF183A002007B50246EF
:1057C0000846042802F0010113D9B1B903200C4B9B
:1057D0005A6002F08003019302F04003009302F04C
:1057E000200302F0040200F073FB002003B05DF818
:1057F00004FB0029EBD00328E9D12120F6E700BF04
:10580000183A002038B50D490D48FEF787FD0446CB
:10581000054688B90B4B0C4A1A600C4A5A600C4A70
:105820009A600C4ADA6000F091FB03210446284696
:10583000FFF7C4FF084B1D70204638BDEFBEADDE3C
:10584000BEBAFECA58410020C55E03004F9A04004C
:10585000115F0300D9690300183A002038B50446E7
:105860000320FEF73BFD0546D0B194F8703003707D
:1058700094F8753043702046F2F72AFC2A46A87047
:1058800040F20261074812F08CFD074B2046DB68AE
:105890000121984794F97500BDE83840F1F77EBDC5
:1058A00038BD00BF783300205841002070B5054650
:1058B00008200E46FEF712FD044680B195F87030C0
:1058C00000210370064B4660DB6828469847224655
:1058D000BDE8704040F20161024812F062BD70BD47
:1058E000584100207833002038B5054608200C4682
:1058F000FEF7F4FC024638B1C0E90054BDE8384078
:105900000D21024812F04DBD38BD00BF7833002094
:1059100038B5054608200C46FEF7E0FC024650B1BB
:1059200095F8703040F20561037044600248BDE8AC
:10593000384012F036BD38BD7833002013B5044628
:105940000191114612B301A90420FEF7F7FC019B57
:10595000104A2046B3FBF2F102FB113345F2180264
:105960000021019301AB13F0DDFF0820FEF7B6FC28
:10597000024648B194F8703040F204610370019B14
:105980004360054812F00DFD02B010BD45F218024B
:1059900001ABE8E740420F007833002010B5044621
:1059A0000120FEF79BFC024648B194F8703040F2AB
:1059B00003610370BDE81040014812F0F2BC10BD55
:1059C0007833002038B5054608200C46FEF786FCE3
:1059D000024650B195F8703040F2076103704460A0
:1059E0000248BDE8384012F0DCBC38BD78330020F6
:1059F000014B5B68184700BF5841002010B50446B2
:105A0000006C30B94FF4B07013F02EF9206420B957
:105A100010BD4FF4B07113F0F0F8FF23226C82F840
:105A20005E31A3681B0603D5054B01201360EFE729
:105A300094F87300034B0449012808BF0B46F4E7B0
:105A4000019F0400A56E0300656A03002DE9F04183
:105A50008AB006AC884615460346264600F1100774
:105A6000224618685968083303C2BB421446F7D16E
:105A70001021304613F0B3F8002306200593E4F715
:105A8000EDFC13F0F1F8044610B310274FF48071C9
:105A900013F07DFE194B1A49036005ABC160324615
:105AA00028460293CDE900873B46EAF7ABFB054663
:105AB000F0B93946404613F092F83946304613F0B3
:105AC0009CF820460AF0A6FD204613F0CFF80BE024
:105AD0006FF08C0140F20740FFF706FF10213046BF
:105AE00013F08BF86FF08C0528460AB0BDE8F08102
:105AF000014640F20740FFF7F7FEDEE70024800092
:105B00000044400410B50F4C2368D3B10022D3F8F1
:105B1000A0001A7783F83D2083F85E2009F09CFDF1
:105B200020684421603013F068F8206821211D307E
:105B300013F063F820682121BDE810403E3013F0D7
:105B40005CB810BD203A002070B50E4604461546DC
:105B500092B020223046404912F076F968B92022EE
:105B600028463E4912F070F938B93D4B1B681B7D41
:105B7000002B5ED040F203401BE0246C2022304614
:105B800004F1540112F060F938B92022284604F1DA
:105B9000740112F059F90028ECD00620E4F75EFCFD
:105BA00013F062F8044630B901461A20FFF79CFE54
:105BB0001A2012B070BD00234FF48041009313F0FF
:105BC000E6FD284B06F12002C360274B0360042347
:105BD00030468DF804300DF1050350F8041B904257
:105BE00043F8041BF9D10DF10500202112F0F7FF55
:105BF00028460DF1250305F1200250F8041B9042C0
:105C000043F8041BF9D120210DF1250012F0E7FF24
:105C100001A96B464122204609F0ECFF014650B92C
:105C200020460AF0F7FC204613F020F8009809F00F
:105C300013FD0020BDE710F1870F03D040F20740AD
:105C4000FFF752FE20460AF0E5FC204613F00EF85E
:105C5000009809F001FD8DE73615050016150500C1
:105C6000203A002000000209124100012DE9F04312
:105C70009846002387B0044606200E461746CDE915
:105C80000433E4F7EBFB12F0EFFF054638B34FF4B3
:105C9000805113F07CFDDFF874901B4B21460360AC
:105CA0001022C0F80C9004AB09F0A4FF044628BBF6
:105CB00005AB029310233246CDE9008349463B46AB
:105CC00004980AF0DFF90446C0B9049809F0C4FC4E
:105CD00028460AF09FFC284612F0C8FF0AE06FF041
:105CE0008C0140F20740FFF7FFFD049809F0B4FC77
:105CF0006FF08C04204607B0BDE8F083214640F2E7
:105D00000740FFF7F1FDE0E7002480000002C00338
:105D1000036C53B983681B0609D490F87320054BB4
:105D20000548012A08BF184670471868704703489D
:105D3000704700BF656A0300A56E0300019F040061
:105D40002DE9FF41044606208846E4F787FB12F060
:105D50008BFF054648B901461A20FFF7C5FD6FF0D5
:105D60008C04204604B0BDE8F08122466C462746EC
:105D70004FF4807113F00BFD144BC360144B0360A0
:105D800002F11003264610685168083203C69A4291
:105D90003446F7D11021384612F021FF4346102235
:105DA0003946284609F026FF044620B1014640F254
:105DB0000740FFF799FD1021384612F01EFF2846D4
:105DC0000AF028FC284612F051FFCAE700444004BC
:105DD00000248000FF282DE9F74318BF354C814689
:105DE00018BF44EA00244FF006000F46164608BFCD
:105DF000314CE4F733FB12F037FF8046002855D0D2
:105E00000146204609F076FC054640460AF002FCB1
:105E1000404612F02BFF15F1880F43D1B9F1FF0F67
:105E200042D10620E4F71AFB12F01EFF044658B9CF
:105E300001461A20FFF758FD002005463C6006B1D8
:105E4000356003B0BDE8F08300231B4A019343682B
:105E50004261DAB222B923F0FF0343F00103436049
:105E6000E4F756F8052808BF40F2011340F201118B
:105E700008BF6360204613F08AFC104B01A9E36061
:105E80000F4B2360EAF7B6FA014618B140F207401B
:105E9000FFF72AFD20460AF0BDFB204612F0E6FE81
:105EA000019CC9E7002DC7D02120C8E71A206FF058
:105EB0008C05C4E706800400370004000044400459
:105EC00000248000014B1B68187A7047203A00209C
:105ED000003918BF0121003B18BF012310B50B4C3E
:105EE000003A246818BF0122A3749DF8083020707E
:105EF000003B18BF0123E3749DF80C302174003B74
:105F000018BF01236274237510BD00BF203A002022
:105F100001280AD002280ED098B90B4B1A68936951
:105F200043F00103002093617047074B1A6893699F
:105F300043F00203F6E7044B1A68936943F0040345
:105F4000F0E72120704700BF203A002010B5194C1F
:105F5000236833B9A42012F087FE206038B91A24D0
:105F600026E0FFF7CFFDA421206812F046FE0322B1
:105F70004FF0FF31236810481A70D96000221021B9
:105F80001A77197283F83D200C4983F85E201A8233
:105F90009A749A61FDF7D0FE044648B90AF008FBEE
:105FA00030B122460549044812F00BFA40F207448A
:105FB000204610BD203A0020243A0020C398040057
:105FC0002DE9F04383680446590687B040F1B48058
:105FD00023F040038360FFF79BFE734EB04203D073
:105FE000724B984240F0AB8094F9758004F134090B
:105FF000B8F1FF3F1DD10EF09EF8022872D0636BFE
:1060000004201A888DF808201A4632F8021B090A63
:106010008DF80910D3F8023002A9CDF80A30536880
:106020000A22CDF80E30F1F747F9B0F1FF3F804674
:1060300058D0A56815F4807554D10620E4F70EFAFF
:1060400012F012FE074698B901461A20FFF74CFCE1
:10605000204641F20601FFF729FC20460021F4F713
:106060004FFB04F1340007B0BDE8F04313F06FBC00
:106070002046FFF74DFE864228D14D4D394645EA70
:106080000825284609F036FB064638460AF0C2FACB
:1060900016F1880F1BD1474D394645EA0825284699
:1060A00009F028FB064638460AF0B4FA384612F0E2
:1060B000DDFD9EB9606B2A4602A90A30FFF7C6FCD7
:1060C00078B3102102A812F098FDC1E72E462046B1
:1060D000FFF71EFE354B8342E8D1DCE7314640F244
:1060E0000740B3E794F87430DA0702D4A368DB05FD
:1060F000AED5002301A904F118000193FFF720FE9B
:1061000018B1019809F0A8FAA2E7606B019A02A9F8
:106110000A30FFF79BFC0546019809F09DFA002D17
:10612000CFD1204602A9F4F7EBFA02A8102112F011
:1061300064FD484613F00BFC07B0BDE8F083636BC9
:106140001A88002A84D11C4A904203D01B4A9042EC
:106150007FF47EAF0022013313F8011F00297FF482
:1061600077AF0132082AF7D1206C019100F59870C1
:1061700001A9FFF7E5FD0028C3D1606B019A02A9D0
:106180000A30FFF763FC0546019809F065FA002D17
:1061900097D1204602A9F4F7B3FA02A8102112F011
:1061A0002CFD04F13400C5E7A56E0300656A030009
:1061B0000580040003800400A17B0300358B0300ED
:1061C00038B504460D460520022113F0F6FA0246C2
:1061D000C0B18379062103445D73204610F069FC49
:1061E000204645F49051FFF761FB94F87310064B7D
:1061F000064A2046012914BF11461946BDE8384019
:1062000013F06CBB38BD00BF656A0300A56E0300C8
:106210002DE9F043804693B006200F461646994676
:10622000E4F71CF912F020FD054648B901461A2092
:10623000FFF75AFB6FF08C04204613B0BDE8F083E3
:106240004FF4804113F0A3FA5A4BC3605A4B0360DA
:106250005A4B1A68137F022B21D102F1600302F11D
:10626000800153F8040B8B4247F8040BF9D102F17B
:10627000A00153F8040B8B4246F8040BF9D1D2F875
:10628000A0302846C9F800300AF0C4F9284612F0B8
:10629000EDFCB8F1000F40F085800024CCE7936955
:1062A000DB072DD5464B03F1200253F8041B934224
:1062B00047F8041BF9D1434B03F1200253F8041BA8
:1062C000934246F8041BF9D14B4620223E4928460A
:1062D00009F090FC044628460AF09CF9284612F082
:1062E000C5FC002CD5D0214640F20740FFF7FCFA50
:1062F000B8F1000FA0D008214046FFF761FF9BE7EF
:106300004946EAF777F8044690B1014640F2074063
:10631000FFF7EAFAB8F1000F03D008214046FFF773
:106320004FFF28460AF076F9284612F09FFC83E7D3
:106330006B46412201A9D9F8000009F005FB04468B
:1063400028460AF067F9284612F090FC4CB1214625
:1063500040F20740FFF7C8FAD9F8000009F07CF9CD
:10636000C6E73A460DF105030DF1250153F8040B7C
:106370008B4242F8040BF9D132460DF1450153F836
:10638000040B8B4242F8040BF9D101A8412112F011
:1063900034FC3846202112F022FC2021304612F035
:1063A0001EFC76E7002245F21601404613F0ACFAD7
:1063B00073E700BF0000020912710001203A0020BB
:1063C00081140500A2140500561505002DE9F743B8
:1063D00090F873700446012F056C04D195F8503184
:1063E000002B40F0AB8095F85C3195F85181032B80
:1063F00000F2F080DFE803F00286AFD318F0010F5F
:106400007BD01121062013F0D8F98146002800F036
:1064100095808679102106440D36304613F08DFAAA
:10642000014658B120460821FFF7CAFE002140F27C
:10643000074003B0BDE8F043FFF756BAA07CC0F1B7
:106440001002304411F02AFD0DF075FE022895F976
:106450005E010BD032460521F0F7CCFE90B1082149
:10646000204603B0BDE8F043FFF7AABE3346102232
:1064700005210DF062FE28B1002140F21B40FFF71C
:1064800033FAECE70DF057FE02280FD1012F0DD0A3
:1064900004F1180306F1100256F8041B964243F863
:1064A000041BF9D1A36843F48073A3604A46062114
:1064B000204610F0FEFA0B21072013F07EF98146EA
:1064C00000283BD0867995F95E310C36064443F4BA
:1064D0003F430821A6F80130F01C13F02EFA0A22DF
:1064E000042195F95E01731C0DF027FE0028C3D12D
:1064F0004A460621204610F0DCFA95F85C3101335B
:1065000085F85C3118F0020F20D01121082013F01B
:1065100054F9064690B10023817901AA01440D3156
:10652000FF20019313F074FA58B108212046FFF7B9
:1065300047FE40F207400199FFF7D6F903B0BDE8E6
:10654000F08332460621204610F0B3FA95F85C310C
:10655000013385F85C3118F0020F1BD008210920A7
:1065600013F02BF981460028E8D086790C360644D2
:10657000F1F73CFE83794A4683F00803C3F3C00376
:10658000737003680621C6F8023083882046F380C2
:1065900010F08FFA95F85C31013385F85C3118F012
:1065A000040F12D011210A2013F007F90646002823
:1065B000C4D0807910223044AB210D3011F06EFC34
:1065C00032460621204610F074FA95F85C3101330A
:1065D00085F85C31012F08D0236C93F85031002BE3
:1065E000ACD195F85C31042BA8D1A36C10220B21FF
:1065F00095F95E0131330DF0A0FD78B140F21B41F9
:106600002046FFF753F91F4B1F492046012F08BFB3
:10661000194603B0BDE8F04313F060B9A36C012242
:106620000C2195F95E0120330DF087FD0028E5D19E
:10663000A36C10220D2195F95E0121330DF07DFD33
:106640000028DBD1082295F95E01114604F1100300
:106650000DF073FD0028D1D1236C93F85E2184F8EE
:106660007520FF2283F85E210DF065FD022808BF2A
:10667000A368204604BF43F48073A360FFF7EEF8DD
:10668000C1E700BF656A0300A56E03002DE9F04F66
:1066900097B01546DDE9209804AA06468C46924636
:1066A0001C46524B229F03F1100B964618685968FE
:1066B0000833AEE803005B457246F6D16B462022F4
:1066C00061465046FFF7D2FA8346002871D1484B05
:1066D00005F11002089365238DF824300DF1250390
:1066E000184655F8041B954243F8041BF9D11021B4
:1066F00012F075FA0DF13503184604F1100254F842
:10670000041B944243F8041BF9D1102112F067FADC
:1067100099F80630062183F00803C3F3C0038DF80F
:106720004530D9F800300DF14600CDF84630B9F8C3
:1067300004300124ADF84A3012F051FA98F80630CE
:10674000062183F00803C3F3C0038DF84C30D8F85A
:1067500000300DF14D00CDF84D30B8F80430ADF8F3
:10676000513012F03CFA002335228DF8543068463F
:10677000239B08A98DF85340FFF778FA8346C0B9E8
:106780001021239812F02BFA3B463522684608A9BF
:106790008DF82040FFF76AFA834650B9B27C014673
:1067A000C2F11002384611F079FB1021384612F080
:1067B00016FA1021684612F020FA352108A812F0C6
:1067C0001CFA1021504612F018FABBF1000F06D047
:1067D00008213046FFF7F4FC17B0BDE8F08F5A46A9
:1067E00045F21201304613F08FF8F5E7C3140500A7
:1067F0000062746C70B51E460423054696B01446BC
:106800008DF8143001F120020DF1150351F8040B3D
:10681000914243F8040BF9D120210DF1150012F03B
:10682000DEF922460DF1350304F1200152F8040B84
:106830008A4243F8040BF9D120210DF1350012F002
:10684000CEF904AB0293202301931A9B31460093A7
:106850000E48412305AA09F08AFC0446412105A8F7
:1068600012F0CBF954B1214640F20740FFF73CF853
:1068700008212846FFF7A4FC16B070BD224645F259
:106880001501284613F040F8F6E700BF00000209A2
:10689000F8B50446FEF752FF266C054628B394F976
:1068A00075305F1C0BD086F85E31FEF763FF072161
:1068B000012012F082FF024638BB1A2111E0204667
:1068C000F0F750FE86F85E01236C93F95E310133D8
:1068D000EBD1FEF74FFF60B1A3685D070FD441F223
:1068E00005212046FEF7E2FF0DE0FF2386F85E312A
:1068F000EFE794F975300133EED10025D7E7052194
:106900002046FFF75DFC0020F8BD32498679096812
:106910000C3691F800C0831983F801C091F81CE08F
:10692000281E18BF0120BEF1010F0DD183F802E02F
:10693000D870487C00B3D87800071DD4A3685B07E3
:10694000DDD441F20321CCE78F69BEF1020F07F0DD
:1069500002070ED191F85EE0BEF1000F09D04FF0B2
:10696000010E83F802E0D870002FE2D140F0080059
:10697000DEE74FF0000EF4E7BCF1030F07D0096922
:1069800011F0FF1F1EBFD97841F00401D97094F8AF
:1069900074108F0708D5D978480705D4BCF1030FC8
:1069A000CFD041F00401D970002D18BF032510216C
:1069B0005D7119719D71216C9059C1F8060098881C
:1069C00048819B7920460B73062110F072F8012054
:1069D0009AE700BF203A0020204B10B51B68044600
:1069E0009B6913F0040310D141B180F8773090F81F
:1069F0007010BDE810401A4811F0AABC90F873302E
:106A0000012B03D18368580705D410BD022B02D196
:106A100083685907F9D494F9772094F87730002ADD
:106A2000F3DBB3B9012384F8773094F877305B084F
:106A3000EBD04FF47A7294F8701053430848002258
:106A4000FDF758F994F8773063F07F0384F87730D6
:106A5000DBE75A06E9D45B00E5E700BF203A0020F7
:106A6000243A002045F21E0330B5994204461546EB
:106A700089B010D845F21603994213D845F20103A4
:106A8000994200F0848145F20C03994222D0B1F57D
:106A9000A04F00F082812A46204609B0BDE8304070
:106AA00000F0AEB9A1F5A043173B072BF3D801A224
:106AB00052F823F0996B0300976A0300976A03006A
:106AC000976A0300496D0300976A0300116D030084
:106AD000856B030090F97730002B02DB8268530747
:106AE00007D520460921FFF76BFB41F2092009B0C9
:106AF00030BDAB792B44914D5B7C2D6803F00801D0
:106B00006D7CD5B121B90321FFF75AFB2120EEE7B7
:106B100013F0040F03F0010308D042F00802826072
:106B200093B9A36843F02003A36013E0002BF8D0CF
:106B3000836843F010038360F3E7580744BF42F0D3
:106B40000802A260DB0703D5A36843F01003A3602B
:106B50000029E6D1A368224643F00403A3607849E4
:106B60002046FDF7E9F8022120460DF0A0FC47F28F
:106B70003053002245F21A012046FDF7BBF8A36806
:106B80009D054AD5A368580747D594F8700009B009
:106B9000BDE8304012F040BD90F87430D90745D5BB
:106BA00090F9753001333AD094F9131001291DDCA6
:106BB000A26893060DD5614B15071B6801D4187C9C
:106BC00038B1187F10B91878032802D09B6998074C
:106BD0002CD501290AD0594B11071B6801D41A7C06
:106BE00022B11A7F12BB1B78032B1FD10023CDE9E2
:106BF0000433CDE906330DF09EFA022801AB2DD106
:106C0000A06AE16A228E03C31A802046BDF80420E0
:106C100004AB0DF10601F3F791FE002067E78368EE
:106C2000DA0616D4FEF7A6FD0028BDD0434B1B683C
:106C3000197F022929D1DA7C3AB393F85E3023BB5D
:106C4000A3685A0717D52046FFF7BAFA41F2022087
:106C50004DE7FEF773FD0028E4D0E7E70A220221A2
:106C600094F975000DF097FA0028CED1CDE9010016
:106C7000ADF80C00C9E7204641F20221FEF716FEEE
:106C800001212046FFF7A8FEE0E72046FEF7B6FE0A
:106C9000A56860B96B0705D508212046FFF790FA73
:106CA0001A2024E71A212046FEF700FEF8E715F027
:106CB000040508D0FEF766FDC8B1204694F97510AA
:106CC000FEF780FEA9E722461D492046FDF734F86D
:106CD000022120460DF0EBFB47F230532A4645F2E5
:106CE0001A012046FDF706F8A3685D07E2D4226C7E
:106CF000D2F8583143F020032046C2F85831FFF74C
:106D0000C7FD002889D020460E4912F0E7FD84E730
:106D1000FEF738FD00286AD0226C002A67D0A368ED
:106D2000580764D5D2F85831990660D429780029DB
:106D3000E0D105212046FFF743FA6EE7203A002014
:106D400025990400C981030090F87430D80707D44E
:106D50002046284912F0C2FD29462046FEF7A6FD2E
:106D6000A36859077FF559AF204645F21A0111F083
:106D7000EFFA20462246204911F023FBA3680221A6
:106D800023F03C032046A360F1F724F945E70246CF
:106D900019491A48FCF7D0FF3FE745F21A0111F0F4
:106DA000D7FAA36823F03E03A360236C6BB193F979
:106DB0005E01421C09D094F97520013203D0D3F84A
:106DC00058315B0601D5F0F7F3FA224620460A490E
:106DD00011F0F7FA22460849084811F0F2FA204665
:106DE0000221F1F7F7F8204612F0F0FD15E7022036
:106DF0007DE600BF656A0300259904007833002012
:106E000045F21703994210B5044640D01AD845F20E
:106E10000603994228D019D840F2012321F002013B
:106E2000994213D190F870101A4811F091FA94F821
:106E300073300022012B4FF4A041204608D1FFF708
:106E400011FE03E045F21A03994204D048200AE0FB
:106E500000F028F8FAE7104912F040FD072120461B
:106E6000FEF724FD002010BD93791A44517C41F4B3
:106E70009051FEF71BFD94F87310084A084B20460A
:106E8000012914BF1146194612F028FDEAE7022035
:106E9000E9E700BF243A0020019F0400A56E03002B
:106EA000656A030045F21E0399422DE9F341044649
:106EB000154611D845F21603994214D845F201033C
:106EC000994200F0468345F20203994200F09C800B
:106ED000B1F5A04F00F043832A46204602B0BDE83A
:106EE000F041FFF78DBFA1F5A043173B072BF3D867
:106EF00001A252F823F000BF196F0300D96E0300FE
:106F0000D96E0300D96E03000D750300D96E03001E
:106F1000D77003009D700300864E33681A7F022AE3
:106F200011D1DA7C7AB193F85E3063B941F2022173
:106F3000FEF7BCFC20460121FFF74EFD41F2022086
:106F400002B0BDE8F081A368590701D50220F7E738
:106F50002046FEF7F3FB3368051E1A7818BF01259B
:106F6000032A07D019696AB211F0FF1F28D042F036
:106F7000040503E094F87420920729D49A699607CF
:106F800023D41A7F012A20D045F0080502210B20C6
:106F900012F013FC024600B3837903445D7394F945
:106FA0007530013303D094F87430DD0703D5A3683E
:106FB00043F00203A360062120460FF07AFD0CE0A7
:106FC00094F874108F07D2D4D8E75B7C002BDDD007
:106FD00041F203212046FEF769FCA368224643F0F4
:106FE0000403A36054492046FCF7A6FE0221204674
:106FF0000DF05DFA47F23053002245F21A012046A7
:10700000FCF778FE00209BE78368580703D494F9C7
:107010007730002B05DB236C53B1D3F85831D906F8
:1070200006D520460921FFF7CBF841F2092087E772
:107030002046FEF7E3FC28B908212046FFF7C0F8F8
:1070400021207DE7206CD0F8583143F01003C0F8C0
:107050005831AB790C332B445A68C0F806201A8992
:10706000428101229B7A0373236C9A71A26812F009
:10707000040610D1224630492046FCF75DFE02216D
:1070800020460DF014FA47F23053324645F21A0109
:107090002046FCF72FFEA3689A05B3D5236C002B7E
:1070A000B0D0D3F85831DB06ACD5FEF76BFB94F9C2
:1070B000751030B1A3689F0703D42046FEF782FC09
:1070C000A0E70846F0F778F828B194F87430DE07A6
:1070D00001D40521B1E7236C002B3FF437AFD3F87F
:1070E0005831D8067FF532AF99063FF52FAFFEF73E
:1070F00049FB48B1A3689A0706D42B7823B9052128
:107100002046FFF75DF87DE7A368256C23F00203B6
:10711000A360D5F85831074F43F02003C5F8583124
:107120003B68AA7A1B7A934202D8A37C934205D982
:10713000062182E7203A00202599040094F9521094
:1071400094F852300029B2BF012383F00803C3F33F
:10715000C003102A28BF10222B7194F860302046FB
:1071600083F00803C3F3C0036B71A2746E7AFEF759
:10717000E5FA90B3F30730D594F97530D4F8408030
:10718000581C20D088F85E3106F00D063B689A69DD
:10719000910704D41A7F012A01D0320701D406F0E6
:1071A000F7061A78032A1BD01B6913F0FF1F01D0C2
:1071B00046F004060721022012F0FFFA0190A8B958
:1071C00040F20340BCE62046F0F7CCF988F85E01B7
:1071D000236C93F95E310133D6D106F00C06D5E766
:1071E0001B7F002BE6D106F0FB06E3E790F806C014
:1071F0003A680CF10C0C137800EB0C014B70137F08
:10720000012B06D0022B46D192F85E30003B18BF0E
:1072100001238B701023CE7016F0010608BF324692
:107220000B711FBFEB7A2A7B03F003034B71236CB6
:1072300014BF02F003024E718A7183F851214A791A
:1072400083F8502150F80C20C3F80D208A88A3F849
:1072500011208A79DA7406B3206C90F8501111F07D
:1072600002061AD194F85210062281F0080190F912
:107270005E0104F14C03C1F3C0010CF05EFF60B18C
:107280003146FEF731FB20460821FEF799FF01A8A1
:1072900011F0A1F994E70023BBE7019E002E8FD0E7
:1072A000FEF768FA95F809C018B994F975300133FA
:1072B0000FD01CF0010F04D0236C93F95E31013321
:1072C00007D105212046FEF77BFF3046FCF7A0FEE4
:1072D000B6E63B680CF00802597C29B112B12A7C51
:1072E000100703D40321EDE7002A70D02A7C110790
:1072F0006DD5D5F8581141F00401C5F85811B5F80D
:10730000501121F4807121F00101A5F85011187F6E
:10731000297A02280FD091B942EA0C0212F0040235
:1073200040D185F85D211B7C002BDBD194F87430B3
:107330009807D7D40DE021B993F85E203ABB02211B
:10734000C0E7012283F83D20DA7C32BB042385F8B4
:107350005D3194F91330022B03D1D5F858315A0717
:10736000C0D50CF0E8FE02284DD094F97500431CFE
:1073700049D0002201A9C0B2FEF72CFD002842D15D
:10738000236C93F85021910737D40A219AE783F8A8
:107390003D10DB7C002BD2D1D8E793F85E30002B78
:1073A000D4D1CCE7EA791978052A28BF03227F488F
:1073B00001EB810101448A5C85F85D211B7C1BB9CE
:1073C00094F874309907C4D5002AC2D18AE71A7F8D
:1073D000012A02D12A7A002AB8D11CF0040F03D165
:1073E0002A7C12F004029CD0EA791978052A28BF79
:1073F00003226F4801EB8101DCE793F851319A07D2
:1074000001D40A2119E694F97520531C1CD048F2C6
:107410000800216C40EA0220D1F8583180B243F0D4
:107420004003C1F85831F4F745FD052194F9750082
:107430000CF06EFE032194F975000CF069FE062134
:1074400094F975000CF064FE3246062120460FF0D8
:1074500030FB95F85D31206C042B1DD13B6800F5A5
:10746000987003F11D022D3352F8041B9A4240F824
:10747000041BF9D1D5F8583195F85D2103F00401CA
:107480008AB923F00203C5F85831E274B9B1494909
:10749000204612F023FAB5E51022002100F598707D
:1074A00010F0FCFCE6E743F00203C5F8583141B99F
:1074B0000123032AE37412D9042A7FF4A3AD3E49C1
:1074C000E6E7A37C0F2B89BF94F87430012343F0C7
:1074D000080384F8743088BF0223E374D7E7012AD5
:1074E00007D02046354912F0F9F92046FEF756FA42
:1074F00088E52046314912F0F1F93B682046D96809
:107500004D1C6A426A41FEF719FA7BE590F8743027
:10751000D80707D420462A4912F0E0F92946204628
:10752000FEF7C4F9A36859077FF56CAD45F21A015F
:10753000204610F00DFF22462046224910F041FF60
:10754000A36823F00403A36002212046F0F742FD64
:1075500058E502461B491C48FCF7EEFB52E545F294
:107560001A0110F0F5FEA36823F03E03A360236C1C
:107570006BB193F95E01421C09D094F97520013278
:1075800003D0D3F858315B0601D5EFF711FF22463F
:1075900020460C4910F015FF22460A490A4810F00F
:1075A00010FF204612F012FACEE700BFD4140500F7
:1075B000ED140500B5800300CD75030025800300A0
:1075C000A56E0300259904007833002073B545F2B9
:1075D0000406B142044615460DD045F21006B142EC
:1075E00022D0B1F5A04F38D112F0D7F8236CD3F8E0
:1075F0005831D90720D5236CD3F85821D2070BD4A2
:10760000AA7998330C3215446A1D153552F8041BBB
:10761000AA4243F8041BF9D1216CD1F8583113F078
:1076200004030CD00F4904E0016CA83112F009F9F1
:107630000D49204612F052F9002002B070BD81F8C9
:107640005C31012301F1B8020093204601F1A80347
:1076500001F5987112F06FFBEEE702B0BDE87040E3
:10766000FFF7CEBB6D76030005770300B1F5A04FA1
:10767000F7B5044608D045F21105A94236D003B04B
:10768000BDE8F040FFF7BCBB006C1021B83012F031
:1076900054F960B108212046FEF792FD40F2074000
:1076A0000021FEF721F940F2074003B0F0BD256C40
:1076B00095F85D6105F1A807013E022E01979CBF78
:1076C000D5F82C0195F85C6105F154019EBFF0409E
:1076D00000F0010040F08000009005F11402204607
:1076E00005F1B80312F09AFB0020DEE7016CA83127
:1076F00012F0A7F82046024912F0F0F8F4E700BFB4
:107700000577030045F2100330B59942044685B071
:1077100000F0A6800CD8B1F5A04F27D045F20503A4
:10772000994228D0204605B0BDE83040FFF768BB3D
:1077300045F21103994200F0B08045F212039942DC
:10774000F0D1016C91F85D3113B1043B012B03D8EA
:107750002046B83112F059F8236C93F85D31042BB0
:1077600040F2DF80052B03D16F4992E012F015F84B
:10777000002005B030BD9179036C0C310A44511DD5
:10778000C833153251F8040B914243F8040BF9D178
:10779000206CD0F8583113F0040354D090F85D31C8
:1077A000042B22D1614B1B6893F85E5065B1002118
:1077B00000F114020091114600F5A07001903E33D3
:1077C000204612F02BFBD3E71021B83012F0B5F8A9
:1077D00058B108212046FEF7F3FC40F20740294645
:1077E000FEF782F840F20740C3E7216C91F85D3163
:1077F00001F1C80213B1043B012B12D801F1F803C7
:10780000039301F59873029304F15A03019304F171
:107810005303009301F1B8032046D831FEF736FF39
:10782000A6E701F5A073019391F85C01D1F82C3122
:10783000C34003F0010343F080030093134601F1BA
:1078400054021431BCE780F85C3100F1C8020093A7
:1078500000F5987100F5A073204612F06CFA87E7E6
:10786000056C102205F1980105F5A07010F0ECFAF6
:1078700020B104212046FEF7A3FC79E7D5F8583162
:107880002B499B0742BF94F8743043F0020384F8FD
:107890007430204612F022F86AE7056C95F85D31E5
:1078A00005F5A070042B1ED1204B102219684E3113
:1078B00010F0CAFA0028DCD1102105F1B80012F04E
:1078C0003CF8216C01F1F803039301F598730293DE
:1078D00004F15A03019304F15303009301F1C80228
:1078E00001F1B80398E70146102205F1980010F065
:1078F000ABFA0028BDD105F1B801204611F085FF93
:10790000216C91F85C310133DBB2142B81F85C31CE
:10791000D8D0D1F8583123F00103C1F858310549C6
:10792000B7E70549B5E700BF3D790300203A0020DD
:10793000A17B0300CD750300F579030045F2140324
:10794000994213B504462BD00CD8B1F5A04F13D0F3
:1079500045F20E03994232D0204602B0BDE81040F5
:10796000FFF74EBA45F219039942F5D1137813BBCC
:107970000C21FEF725FC10E011F00FFF216C2046D2
:1079800001F59473019301F1B803009301F15402DE
:1079900001F1C803143112F0B9F8002002B010BD93
:1079A000036CD3F82821114BB2FBF3F103FB112137
:1079B000FDF7AEFFF1E70E4911F090FFEDE7917989
:1079C000036C0C310A44511D03F58473153251F8D0
:1079D000040B914243F8040BF9D1226CD2F85831D0
:1079E00043F00803C2F85831D7E700BF40420F0008
:1079F000F5790300F0B545F20E06B142044615468E
:107A00008DB00ED045F21306B1425CD0B1F5A04F57
:107A100040F0BD8011F0C1FE236CD3F85831190736
:107A200057D5236CD3F8582112070CD4AA7903F543
:107A300084730C3215446A1D153552F8041BAA4292
:107A400043F8041BF9D10023256CCDE90833CDE9B7
:107A50000A3385F85C3195F85D310DF1200C042B6B
:107A60002AD14D4B1B6893F83D205AB1674603F16C
:107A70001D022D333E4610685168083203C69A42F3
:107A80003746F7D105F5A073069304F15A03059321
:107A900004F153030493EB7905F1C80203932B7AA5
:107AA00002936B7ACDE900C305F1B803204605F1D6
:107AB000F80112F09FF80CE0013B022B9CBFD5F8B7
:107AC0002C310893DEE7056C95F85C3123B1012B6E
:107AD00054D000200DB0F0BD102205F5A07105F5C1
:107AE000847010F0B1F920B10B212046FEF768FB3D
:107AF000EFE7D5F858310DF1200C9B0742BF94F801
:107B0000743043F0020384F87430012385F85C314B
:107B10000023CDE90833CDE90A3395F85D31042B14
:107B200025D11D4B1B6893F85E205AB1674603F1BF
:107B30003E024E333E4610685168083203C69A42F0
:107B40003746F7D105F58C73069304F1530305937B
:107B500004F15A030493AB7B05F1B8020393EB7B6A
:107B600002932B7CCDE900C305F1C8039EE7013BDE
:107B7000022B9CBFD5F82C310893E3E705F58C71F7
:107B800011F027FE2046054911F0A8FEA1E70DB02F
:107B9000BDE8F040FFF734B9203A0020A17B030094
:107BA000B1F5A04F73B50446154677D045F21B06D4
:107BB000B14240F0F68090F87430DB0766D5056C72
:107BC000B5F850312BB1794911F088FE002002B090
:107BD00070BDD5F858315E0747D56B7AD80744D5C4
:107BE0002B7CD90741D5A36C10220B2195F95E019E
:107BF00031330CF0A2FA38B140F21B412046FDF7B8
:107C000055FE40F21B40E2E7A36C206C01220C21E0
:107C100090F95E0120330CF090FA0028ECD1A36CAF
:107C2000206C10220D2190F95E0121330CF085FAB1
:107C30000028E1D10822206C114690F95E0104F180
:107C400010030CF07AFA0028D6D1236C93F85E2149
:107C500084F87520FF2283F85E212046544911F0F4
:107C60003DFE2046FDF7FAFDB0E705F5987304F1F7
:107C7000180205F5A07553F8041BAB4242F8041B2B
:107C8000F9D1A36843F48073A360E6E7484911F093
:107C900025FE29462046FDF709FE97E7036CD3F839
:107CA000582112F0040245D05A7AD2078ED51B7C97
:107CB000DB078BD50CF03FFA0228206C0ED000F5C4
:107CC0009872032190F95E01EFF794FA00283FF4CF
:107CD0007DAF08212046FEF773FA92E700F598730E
:107CE0001022032190F95E010CF027FA28B100213F
:107CF00040F21B40FDF7F8FDEBE7206C102200F589
:107D00009873052190F95E010CF017FA0028EED166
:107D1000236C04F1180103F5987203F5A07352F86F
:107D2000040B9A4241F8040BF9D1A36843F4807321
:107D3000A3604BE7D3F8B810C3F8D010D3F8BC1049
:107D40000192C3F8D410006C01A900F59870FDF7FA
:107D5000F7FF48B1019807F07FFC20460821FEF7A5
:107D60002FFA40F2074032E7206C019A00F5987133
:107D7000C830FDF76BFE05460198002DEBD107F0EA
:107D80006BFC236CA07C03F598732946C0F11002AC
:107D9000184410F083F8216C2046B83111F035FDFD
:107DA00014E702B0BDE87040FFF72AB8B57D0300C4
:107DB000A56E0300B1F5A04F2DE9F041044615462C
:107DC00000F01E81A1F5A043DE1F042E00F21F81EA
:107DD0009279083B0C321544026C92F85021032B27
:107DE00005D8DFE813F047009300C4000A01D1076B
:107DF00040F1BB80053510222946874810F024F851
:107E0000002800F09C800CF096F90228206C27D006
:107E10002A46032190F95E01EFF7ECF900260746A8
:107E20000CF089F9022812D194F87330012B0ED18D
:107E30002B4604F1180205F1100153F8040B8B4294
:107E400042F8040BF9D1A36843F48073A3601021B6
:107E5000284610F0D2FE002E6CD0002130462FE0D4
:107E60002B461022032190F95E010CF066F90027E1
:107E70000646D5E712F0010777D00CF05CF902282E
:107E800021D0236C062093F95E81E2F7E7FA10F027
:107E9000EBFE064608B91A26DFE701465F4840EACE
:107EA000082007F027FC8046304608F0B3FB304638
:107EB00010F0DCFEB8F1000F05D0414640F207405B
:107EC000FDF712FD37E0206C05F1050843460A2254
:107ED000022190F95E010CF030F9D5F80530064624
:107EE000A362D5F80930E362B5F80D302386002887
:107EF000B3D1226C92F8503123EA070382F8503153
:107F00002046FEF763FA0020BDE8F08192072CD5E9
:107F10000CF011F9022805F10505206C16D0062198
:107F20002A4690F95E01EFF765F9102107462846C9
:107F300010F063FECFB108212046FEF741F920463C
:107F40000821FEF73DF940F20340DDE706212B460C
:107F5000102290F95E010CF0F0F806461021284638
:107F600010F04BFE002E7FF478AF0027C1E7930797
:107F7000FBD50CF0E0F802281AD0236C062093F908
:107F80005E71E2F76BFA10F06FFE0646002882D0B1
:107F90000146234840EA072007F0ACFB074630467D
:107FA00008F038FB304610F061FE0FB1394685E726
:107FB000697989B90A466B1D13F8010F60B901325E
:107FC000062AF9D194F85210206C81F0080104F1CE
:107FD0004C03C1F3C00106E000394FF0060218BFA0
:107FE0000121206CAB1D90F95E010CF0A6F806464D
:107FF00000287FF432AF02277BE702F0040778E71E
:1080000011F0CBFB0022236C83F85C2178E7BDE8FC
:10801000F041FEF7F5BE00BF061505000380040021
:108020000680040070B545F20406B14204461346CA
:1080300024D045F21806B14206D0B1F5A04F32D196
:1080400011F0ABFB002070BD11684D1C03D1012164
:10805000FEF7B6F8F6E7026CD2F85801400743BFC6
:10806000002182F85C111B68C2F8301120461049CB
:1080700048BFC2F82C3111F031FCE3E79979026C6A
:108080000C310B44591D9832153351F8040B9942A9
:1080900042F8040BF9D1226CD2F8583143F00103B5
:1080A000C2F85831CEE7BDE87040FEF7A9BE00BF68
:1080B000CD75030045F215039942F7B5044651D03A
:1080C0000CD8B1F5A04F19D045F20D0399421BD041
:1080D000204603B0BDE8F040FEF792BE45F216031D
:1080E0009942F5D1016C01F1D8030093D1F8943095
:1080F00001F134021431FEF77DFB01E011F04DFB7C
:108100000027384603B0F0BD93790C331A44551D4F
:1081100002F1250632462946FDF716FD074620B135
:108120000B212046FEF74CF8EBE72946236C14336D
:1081300051F8042BB14243F8042BF9D1236C01F11F
:108140002002343351F8040B914243F8040BF9D167
:10815000216C204601F1940301F174025431FEF7C1
:1081600057F8CDE711F089FB236C93F85D31052BAF
:10817000C6D8DFE803F0190311111E1920460E4975
:1081800011F0ACFB0D4B20461B68D9684B1C5A42C2
:108190005A41FDF7D3FBB3E72046074911F09EFB98
:1081A0002046FDF7FBFBABE70549204611F096FBA7
:1081B000A6E70449F9E700BF25800300203A002024
:1081C0006D7603000577030045F216039942F7B573
:1081D000044600F0B4810CD8B1F5A04F0FD045F2A1
:1081E0000303994210D0204603B0BDE8F040FEF7EB
:1081F00007BE45F217039942F5D1022002E011F0C3
:10820000CCFA002003B0F0BD9379056C0C33D6187E
:10821000F379DF070CD4FDF7ADFA18B994F975308E
:10822000013305D005212046FDF7CAFF2120E9E7EB
:10823000A44F337A3A68127A9A4202D8A27C9A42C0
:1082400001D90621EFE7D6F80530C5F80E30B6F8AB
:1082500009306B8202236B7394F9523094F85210F8
:10826000002BB2BF012381F00803C3F3C0036B717D
:1082700094F8603083F00803C3F3C0032B71337AA2
:10828000102B28BF1023A374F379D8072BD56B7A52
:10829000DA0728D5737AEA7A134085F85131B37A30
:1082A0002A7B134085F8503195F95E3101331ED099
:1082B000206C90F850319B0719D481F008010622F8
:1082C00090F95E0104F14C03C1F3C0010BF035FFDE
:1082D00068B140F21B412046FDF7E8FAA368590750
:1082E000A4D508219FE7002385F85131DAE73B68E0
:1082F000F079597C00F0080229B112B16A7A1207AC
:1083000003D403218FE7002A73D06A7A110770D54E
:10831000D5F8581141F00401C5F85811B5F85011BD
:1083200021F4807121F00101A5F8501193F81CC0CF
:10833000B179BCF1020F03D0002937D0022172E7D6
:1083400029B3012283F83D20DA7C52BB042385F84F
:108350005D3194F91330022B03D1D5F858315A0707
:10836000CFD50BF0E8FE02285CD094F97500431CD1
:1083700058D0002201A9C0B2FDF72CFD002851D130
:10838000236C93F85021960748D40A214BE793F8C1
:108390005E20002AD2D083F83D10DB7C002BCDD1AB
:1083A000D4E793F85E30002BD0D1C7E7024312F038
:1083B000040209D185F85D211B7C002BA1D194F822
:1083C000743098079DD4C4E772791878052A28BFBD
:1083D00003223D4902EB82020A44125C85F85D21CA
:1083E0001B7C1BB994F874309907B2D5002AB0D120
:1083F00087E71A7F012A02D1B279002AA6D1420763
:1084000003D46A7A12F00402D4D072791878052A5B
:1084100028BF03222D4902EB8202DDE793F8513198
:108420009807B2D594F97520511C1CD048F2080069
:10843000216C40EA0220D1F8583180B243F0400369
:10844000C1F85831F3F736FD052194F975000BF0AA
:108450005FFE032194F975000BF05AFE062194F992
:1084600075000BF055FE95F85D31206C042B00F57E
:10847000987021D13B6803F11D022D3352F8041B83
:108480009A4240F8041BF9D1D5F8583195F85D218E
:1084900003F00401E2B923F00203C5F85831E27495
:1084A000002947D0216C204601F1940301F17402A8
:1084B0005431FDF7ADFEA4E6102200210FF0EEFCD2
:1084C000E2E700BF203A0020D4140500ED140500B7
:1084D00043F00203C5F8583149B90123013AE37466
:1084E000032A3FF68EAEDFE802F010181025A37CB9
:1084F0000F2B89BF94F87430012343F0080384F8EC
:10850000743088BF0223E374CCE720460E4911F093
:10851000E5F92046FDF742FA73E620460A4911F0D4
:10852000DDF93B682046D9684B1C5A425A41FDF799
:1085300005FA66E60549204611F0D0F961E611F02A
:108540009CF90349F7E700BF418F03001D8E03002C
:108550005585030045F20D039942F7B5044627D02F
:108560000DD8B1F5A04F1DD045F20403994200F09B
:108570008F80204603B0BDE8F040FEF741BC45F2D5
:108580001103994200F0A68045F215039942F0D1FB
:10859000006C90F85D31052B06D8DFE803F0503A07
:1085A000423A555011F0F9F80027384603B0F0BDB3
:1085B00093790C331A44561D02F125052A4631469B
:1085C000FDF7C2FA074620B10B212046FDF7F8FD62
:1085D000EBE73146236C143351F8042BA94243F8DE
:1085E000042BF9D1236C01F12002343351F8040B30
:1085F000914243F8040BF9D1216C204601F1D803D4
:108600000093D1F8943001F134021431FEF7F2F8FE
:10861000CAE720463B4911F061F92046FDF7BEF953
:10862000C2E72046374911F059F9374B20461B68FD
:10863000D9684B1C5A425A41FDF780F9B4E73349D7
:10864000204611F04BF9AFE72F4B1B6893F85E50B3
:1086500065B1002100F1140200F5A07001900091B5
:10866000204611463E3311F0D9FB9DE71021C8305A
:1086700011F063F900283DD008212046FDF7A0FD48
:10868000294640F20740FDF72FF940F207478CE7F3
:108690009179036C0C310A44511DA833153251F8FD
:1086A000040B914243F8040BF9D1256C102205F11B
:1086B000A80105F198000FF0C7FB20B9042120465E
:1086C000FDF77EFD70E7D5F8583143F00103C5F89A
:1086D000583169E70C4B056C196810224E3105F5CD
:1086E000A0700FF0B1FB0028E8D1102105F1C800FF
:1086F00011F023F9216C2046C83111F086F80449A5
:108700009EE700BF418F0300203A0020758D0300D3
:108710001587030045F21003F0B59942044685B071
:1087200000F087800CD8B1F5A04F1CD045F20503AE
:1087300099421DD0204605B0BDE8F040FEF760BB71
:1087400045F21103994200F08D8045F212039942DF
:10875000F0D1036C93F85D31042B40F2B380052B0C
:1087600003D159497BE011F018F8002005B0F0BDA5
:108770009179036C0C310A44511DB833153251F80C
:10878000040B914243F8040BF9D1256C102205F13A
:10879000C80705F1B806314638460FF055FB20B939
:1087A00004212046FDF70CFDDFE7D5F8583113F022
:1087B000040332D095F85D31042B13D105F1F80391
:1087C000039305F59873029304F15303019304F1A5
:1087D0005A0300933A463346204605F1D801FDF787
:1087E00055FFC2E705F5A07005F1140105F154022B
:1087F00001900BB1052B06D1002300932046334690
:1088000011F00CFBB1E795F85C01D5F82C31C340B1
:1088100003F0010343F08003EFE785F85C31324653
:108820000093204605F5A07305F5987111F083FAC1
:108830009BE7056C102205F1A80105F5A0700FF06B
:1088400003FB0028ACD1D5F8583120499B0742BF23
:1088500094F8743043F0020384F87430204611F029
:108860003DF882E7056C102205F1A80105F5A0701E
:108870000FF0EAFA002893D195F85D31013B022B05
:108880000FD895F85C310133DBB2142B85F85C31DD
:1088900007D0D5F858310E4923F00103C5F85831F7
:1088A000DCE705F1F803039305F59873029304F1EF
:1088B0005303019304F15A03009305F1C80205F133
:1088C000B80389E70349CAE7D9880300358B030059
:1088D0001D8E03005989030073B545F21406B14299
:1088E00004461AD045F21906B14221D0B1F5A04F85
:1088F00028D110F052FF216C204601F594730193AA
:1089000001F1B803009301F1140201F1C8035431DD
:1089100011F0FCF8002002B070BD036CD3F82821E0
:108920000B4BB2FBF3F103FB1121FCF7F1FFF1E775
:1089300013781BB90C21FDF743FCEBE7054910F058
:10894000CDFFE7E702B0BDE87040FEF759BA00BFBF
:1089500040420F0059890300F0B5B1F5A04F05461C
:108960008DB008D045F21304A14244D00DB0BDE84B
:10897000F040FEF745BA0023046CCDE90833CDE999
:108980000A3394F85D310DF1200C042B2CD11F4BD0
:108990001B6893F85E205AB1674603F13E024E33DE
:1089A0003E4610685168083203C69A423746F7D1EE
:1089B00004F58473069305F15303059305F15A03F7
:1089C0000493E37928460393237A04F1C8020293BF
:1089D000637A04F1F801CDE900C304F1B80311F0A2
:1089E00009F900200DB0F0BD013B022B9CBFD4F86B
:1089F0002C310893DCE7016C01F5847110F0E9FE7D
:108A00002846034910F06AFFEBE700BF203A002038
:108A1000158A0300F0B545F20E06B142044613462E
:108A20008DB00BD045F21303994260D0B1F5A04F41
:108A300077D110F0B2FE00200DB0F0BD9979026C34
:108A40000C310B44591D02F58C72153351F8040B8F
:108A5000994242F8040BF9D1256C102205F58C716E
:108A600005F584700FF0F0F920B90B212046FDF7D1
:108A7000A7FBE0E70023CDE90833CDE90A3395F8F9
:108A80005D310DF1200C042B2AD1284B1B6893F883
:108A90003D205AB1674603F11D022D333E46106852
:108AA0005168083203C69A423746F7D105F5A073DC
:108AB000069304F15A03059304F153030493AB7B2B
:108AC00020460393EB7B05F1B80202932B7C05F162
:108AD000F801CDE900C305F1C80311F08BF8AAE74E
:108AE000013B022B9CBFD5F82C310893DEE7056CC7
:108AF000102205F5A07105F58C700FF0A5F900287E
:108B0000B3D1D5F8583120469B0748BF94F874304C
:108B1000074944BF43F0020384F8743010F0DEFECE
:108B200089E70DB0BDE8F040FEF76AB9203A0020B1
:108B3000358B030070B5B1F5A04F0446154688B0DB
:108B400077D045F21B06B14240F00A8190F87430AC
:108B5000DB0766D5056CB5F850312BB1834910F0B1
:108B6000BDFE002008B070BDD5F858315E0747D56E
:108B70006B7AD80744D52B7CD90741D5A36C10223A
:108B80000B2195F95E0131330BF0D7FA38B140F281
:108B90001B412046FCF78AFE40F21B40E2E7A36C33
:108BA000206C01220C2190F95E0120330BF0C5FAF4
:108BB0000028ECD1A36C206C10220D2190F95E01ED
:108BC00021330BF0BAFA0028E1D10822206C1146BB
:108BD00090F95E0104F110030BF0AFFA0028D6D132
:108BE000236C93F85E2184F87520FF2283F85E21C0
:108BF00020465F4910F072FE2046FCF72FFEB0E7DA
:108C000005F5987304F1180205F5A07553F8041BD7
:108C1000AB4242F8041BF9D1A36843F48073A3600C
:108C2000E6E7534910F05AFE29462046FCF73EFE7F
:108C300097E7036CD3F8582112F0040255D00022B4
:108C4000CDE90122ADF80C205A7AD2073FD51B7C22
:108C5000DB073CD50BF06FFA0228206C0CD000F536
:108C60009872032190F95E01EEF7C4FA78B30821F7
:108C70002046FDF7A5FA8FE700F59873102203212F
:108C800090F95E010BF059FA28B1002140F21B4027
:108C9000FCF72AFEEBE7206C102200F59873052103
:108CA00090F95E010BF049FA0028EED1236C04F133
:108CB000180103F5987203F5A07352F8040B9A4259
:108CC00041F8040BF9D1A36843F48073A360002337
:108CD000BDF80420CDE90433CDE906330DF10601DA
:108CE00004AB2046F1F72AFE3BE7D3F8B810C3F8EF
:108CF000D010D3F8BC100092C3F8D410006C6946B1
:108D000000F59870FDF71CF848B1009806F0A4FC37
:108D100020460821FDF754FA40F2074022E7206C74
:108D2000009A00F59871C830FCF790FE05460028BF
:108D3000EBD1009806F090FC236CA07C03F59873AF
:108D4000C0F11002294618440FF0A8F82A46CDE9D0
:108D50000155CDE90455CDE9065504AB01A9C0E79D
:108D600008B0BDE87040FEF74BB800BFFD9E0400A0
:108D7000656A0300B1F5A04F70B50446154607D0EB
:108D800045F20406B1420CD0BDE87040FEF738B899
:108D900010F003FD236CD3F85831D90701D400201B
:108DA00070BD236CD3F85821D20718D4AA79A83300
:108DB0000C3215446A1D153552F8041BAA4243F8BB
:108DC000041BF9D1206C102200F1A80198300FF09B
:108DD0003BF820B904212046FDF7F2F9DFE7206CCB
:108DE0001021C83010F0A9FD58B108212046FDF728
:108DF000E7F940F207400021FCF776FD40F207401A
:108E0000CEE7216C2046C83110F0FFFC2046024915
:108E100010F064FDC3E700BF15870300B1F5A04F54
:108E200013B504460ED0A1F5A043103B012B45D845
:108E3000016C983110F005FD2046234910F04EFDDD
:108E4000002017E0016CD1F8583101F1C80213F08D
:108E5000040328D01021104610F06FFD60B10821E6
:108E60002046FDF7ADF940F207400021FCF73CFD3C
:108E700040F2074002B010BD216C204601F198037A
:108E8000019391F85C21D1F82C31D34003F0010318
:108E900043F08003009301F1140201F1C80354313F
:108EA00010F0BCFFCCE781F85C310123009301F1A5
:108EB000980301F5987110F03EFFC1E702B0BDE8DC
:108EC0001040FDF79DBF00BFCD8E0300B1F5A04F50
:108ED00070B51346044607D045F20406B14207D0E8
:108EE000BDE87040FDF78CBF10F057FC002070BD4E
:108EF0009979026C0C310B44591DA832153351F885
:108F0000040B994242F8040BF9D1256C102205F1AB
:108F1000A80105F198000EF097FF20B90421204622
:108F2000FDF74EF9E2E7204605F1C80110F06DFCAF
:108F30002046024910F0D2FCD8E700BF1587030095
:108F4000B1F5A04F70B50346144607D045F2180698
:108F5000B14207D0BDE87040FDF752BF10F01DFCD4
:108F6000002070BD1268551C03D10121FDF728F9BE
:108F7000F6E7016CD1F85801400743BF002281F8A1
:108F80005C212268C1F8302148BFC1F82C21184665
:108F9000014910F0A3FCE3E71D8E030007B5064866
:108FA0000FF037FB042101900DEB01000FF013FCD3
:108FB000019803B05DF804FB283A0020F7B5186863
:108FC00010F0020003D0164E316811B9012003B031
:108FD000F0BD0024042223460DEB020001940FF0A3
:108FE000E9FABDF80630DB0702D4FFF7D7FF0446E5
:108FF00000250C4F57F8043B23B12146BDF804006F
:10900000984748B13368002BE0D0074B022193F911
:109010000000FAF7CBFCD9E70135062DEAD1F1E7DC
:10902000283A00202C3A0020A73B002010B5094820
:10903000FAF7ACFC0024084B0849187020200C609B
:10904000FBF730F8064BC3E90044C3E90244C3E927
:10905000044410BD68410020A73B0020283A0020AE
:109060002C3A0020074BDA69D20407D51B6A40F27C
:10907000044013F0010F18BF0020704740F2044075
:10908000704700BF0080E00F86B001900B468DF85E
:1090900003300023059348E0059B019A13441B7895
:1090A0008DF80F309DF80F30002B45D0059B013314
:1090B000019A13441B788DF80E309DF80E30032B67
:1090C00003D09DF80E30022B29D10023049320E019
:1090D000059B9A1C049B13441A46019B13441B785E
:1090E0001AB2059BD91C049B0B441946019B0B44E7
:1090F0001B781B021BB213431BB2ADF80C30BDF83A
:109100000C30B3F5C15F01D1012317E0049B02339A
:1091100004939DF80F30013B049A9A42D8DB9DF8E6
:109120000F300133059A134405939DF80330013B3A
:10913000059A9A42B0DB00E000BF0023184606B053
:10914000704786B0039002910192002305930AE0D4
:10915000039A059B1A440299059B0B4412781A70D6
:10916000059B01330593059A019B9A42F0D3029A1D
:10917000019B134400221A7000BF06B0704708B567
:1091800004F048FFD9F79AFBDAF7D6F904F04FFF5D
:10919000D9F7A2FB11F04CFA00BFF7E700B583B096
:1091A000E5F704FD0190F2F779F9019000BF03B0F3
:1091B0005DF804FB00B583B001900198DAF76EFC0E
:1091C0000198DAF7E1F90198D9F7C8FB00BF03B0BD
:1091D0005DF804FB82B001900123184602B070478D
:1091E00000B5C5B0F2F70AFD0DF0F4FE4390439BC5
:1091F000002B15D04398FFF7EDFF034683F00103E2
:10920000DBB2002B0CD101AB18460DF0CAFE429028
:10921000429B002B06D101AB1846FFF7CBFF02E0C3
:1092200000BF00E000BF45B05DF804FB08B50120B9
:10923000DBF700F82020DAF7FDFF4020DAF7FAFF2D
:1092400000BF08BD08B5DAF7F5FAE3F711F9DBF767
:10925000A5F803F032FFE3F7F7F803F0DEFEE4F7DA
:10926000F3F8DBF78FF8DBF78DFADDF72DFDE5F787
:1092700015F900BF08BD08B5DBF746FBDBF70CFCB2
:10928000DAF704FC00F0ACF800BF08BD08B500F048
:10929000A4F8E5F7B5FBE4F7B3FFE3F727FC03F029
:1092A00031FA07F085F903F026FA03F010FB03F01A
:1092B00007FB00F020F800BF08BD08B5E1F796F8FD
:1092C00003F014FAE1F7A4F8FFF768FF00BF08BD48
:1092D00008B5DAF76DFD00BF08BD00BF704708B5DF
:1092E000DAF770FE00BF08BD08B5FFF779FF00BFD1
:1092F00008BD00BF704708B5DAF774FBDAF7C8FAA3
:1093000000BF08BD00B583B00190019B1B6A019AA4
:109310001268104698470346184603B05DF804FBF0
:1093200000B585B003460A46ADF806301346ADF8E1
:1093300004304FF00003029300230393BDF806307E
:1093400007EE903AF8EE677AB7EE047A27EE877A5E
:10935000BDF80430013307EE903AF8EEE77A67EE95
:10936000277ACDED027ADDED027AB1EE047A67EE6E
:10937000877ACDED027A9DED020AFAF7E1FAF0EE76
:10938000407AFCEEE77A17EE903A0393039BB3F52D
:109390007A7F02D24FF47A730393039B184605B089
:1093A0005DF804FB10B487B002AC84E803001146FA
:1093B0001A460B468DF8073013468DF80630012308
:1093C0008DF817309DF81730184607B05DF8044B3C
:1093D000704700BF704700BF70470F2318467047A3
:1093E00008B5082000F017FADAF7E0FF082000F0CF
:1093F00025FA00BF08BD84B001900B468DF80330FC
:1094000000230393019B23F07F43039A13430393A9
:109410009DF803309B07039A13430393039B18465D
:1094200004B0704784B001900B468DF803301346AA
:109430008DF802300023029302238DF80F309DF83F
:109440000330012B02D103238DF80F30019B23F051
:109450007F43029A134302939DF80F30DB0603F01B
:109460006053029A134302939DF802309B07029ABD
:1094700013430293029B184604B0704700B585B0B1
:1094800001900B468DF8033001238DF808309DF8CC
:10949000033019460198FFF7AEFF0346039302AB72
:1094A0000821184600F004F800BF05B05DF804FB81
:1094B00000B587B001900091019B039300238DF8C4
:1094C0001230009B09330293002305935AE0059B59
:1094D000002B03D15B238DF813304AE0059B012B51
:1094E00005D1009BDBB204338DF8133041E0059BBE
:1094F000022B03D1D1238DF813303AE0059B032BC7
:1095000003D180238DF8133033E0059B042B03D166
:1095100000238DF813302CE0059B052B07D19DF817
:1095200012305A1C8DF812208DF8133021E0029B66
:10953000033B059A9A4203D15A238DF8133018E061
:10954000029B023B059A9A4203D15A238DF81330AD
:109550000FE0029B013B059A9A4203D15D238DF8EF
:10956000133006E0059B063B039A13441B788DF8E5
:1095700013309DF8133019460820DBF757FA059B86
:1095800001330593059A029B9A42A0D30023184603
:1095900007B05DF804FB84B003900291019207E0EC
:1095A000039A131D0393029B191D029112681A60FE
:1095B000019B5A1E0192002BF2D100BF00BF04B0E4
:1095C000704700BFFDE782B00190019BB3F5903F6B
:1095D00001D2012300E00023184602B0704782B098
:1095E0000190019B00221A6000BF02B0704782B058
:1095F00001900091009B002B01D0019B002B019B4F
:109600001A68009B1A60019B009A1A6000BF02B0A2
:10961000704784B001900091009B002B01D0019B0A
:10962000002B019B03930FE0039B1B68009A9A4257
:1096300007D1009B1A68039B1A60009B00221A60E6
:1096400006E0039B1B680393039B1B68002BEBD175
:1096500004B0704700B583B00190019B5B68002B9C
:1096600005D0019B5B6801989847034600E02223E0
:10967000184603B05DF804FB82B0019000BF02B051
:10968000704700B587B0034600918DF80730009B06
:109690000593059B1B680493049B1B798DF80C3084
:1096A000049B5B798DF80D30049B1B78022B11D045
:1096B0000DF10B0203AB1146184600F0AFF99DF80F
:1096C0000B3083F00103DBB21A46049B1A70059835
:1096D000FFF7D2FF00BF07B05DF804FB84B0019034
:1096E000019B0393039B1B680293029B1B78184604
:1096F00004B0704700B587B00190019B0593059BAE
:109700001B680493049B1B798DF80830049B5B79DC
:109710008DF80930049B1B78022B44D00DF10B020D
:1097200002AB1146184600F079F99DF80B308DF820
:109730000F30049B9B79012B28D1049B5B88ADF8EB
:109740000C30BDF80C305B009AB29DF80F309BB224
:1097500013439BB24FF6C0721343ADF80C304FF673
:10976000E072BDF80C30934202D1049B01221A70C2
:109770004FF6DF72BDF80C30934202D1049B0022F9
:109780001A70049BBDF80C205A800DE0049B9B7955
:10979000002B09D19DF80F3083F00103DBB21A468C
:1097A000049B1A7000E000BF07B05DF804FB00B531
:1097B00085B00190019B0393039B1B680293029B5E
:1097C0001B78022B06D1029B00225A800198DBF7FE
:1097D0003BF800E000BF05B05DF804FB00B585B0C4
:1097E0000190019B0393039B1B680293029B1B78D0
:1097F000022B0CD0029B9B79022B04D1029B5B793C
:109800001846DBF713FA029B02221A7000E000BF31
:1098100005B05DF804FB82B001904FF06043D3F8CF
:10982000002E0121019B01FA03F34FF06041134325
:10983000C1F8003E0023184602B0704782B0019084
:109840004FF06043D3F8002E0121019B01FA03F38E
:10985000DB434FF060411340C1F8003E002318463F
:1098600002B0704784B001900023039305E0039B8E
:1098700001330393019B5B080193039B1F2B04D8C7
:10988000019B03F00103002BF1D0039B184604B0A9
:10989000704700B585B001900B468DF80330134634
:1098A0008DF80230019B002B01D1222340E09DF86E
:1098B000033003F00F029DF803309A4220D1019B40
:1098C0001B78002B13D0019B1B78012B0DD0019B23
:1098D0001B78022B07D0019B1B78032B01D10F2390
:1098E00007E0002305E0FF2303E01F2301E040F22F
:1098F000FF13019A5278D34003F00103002B01D1EA
:10990000212315E0E0F700F80346002B01D00223E5
:109910000EE012F0D2F803909DF802209DF803307B
:1099200019460198E0F7DCF8039812F0B8F8002324
:10993000184605B05DF804FB00B585B00190019BA9
:10994000002B01D122232CE0019B1B78002B13D08C
:10995000019B1B78012B0DD0019B1B78022B07D09C
:10996000019B1B78032B01D10F2307E0002305E0A7
:10997000FF2303E01F2301E040F2FF13019A527816
:10998000D34003F00103002B01D1212309E012F0A1
:1099900094F80390019810F04DFC039812F07FF8B2
:1099A0000023184605B05DF804FB00B585B00190B2
:1099B000019B002B01D122232CE0019B1B78002B63
:1099C00013D0019B1B78012B0DD0019B1B78022B20
:1099D00007D0019B1B78032B01D10F2307E0002345
:1099E00005E0FF2303E01F2301E040F2FF13019A8B
:1099F0005278D34003F00103002B01D1212309E069
:109A000012F05BF803900198DFF786FF039812F0DD
:109A100046F80023184605B05DF804FB00B585B094
:109A200001900091019B002B02D0009B002B01D1E3
:109A3000222330E0019B1B78002B13D0019B1B7865
:109A4000012B0DD0019B1B78022B07D0019B1B78AB
:109A5000032B01D10F2307E0002305E0FF2303E0E0
:109A60001F2301E040F2FF13019A5278D34003F024
:109A70000103002B01D121230DE012F01EF8039009
:109A80000198DFF773FF03461A46009B1A7003988C
:109A900012F005F80023184605B05DF804FB00B588
:109AA00083B0DFF7C3FF034603F0553323F05023A1
:109AB00001930198DFF7A4FF0198DBF777F900BF66
:109AC00003B05DF804FB00B583B0DFF7AFFF0346DA
:109AD00003F0AA3323F0A02301930198DFF790FF4E
:109AE0000198DBF763F900BF03B05DF804FB00B534
:109AF0008DB00B900A9109920893129B0793119BCA
:109B000006939DF8403005930F9B04939DF83830E1
:109B1000039300230293089B0193099B00930A9BE4
:109B20000B9A01210020DBF7A3FB034618460DB07A
:109B30005DF804FB86B0019001230593019B5A69EF
:109B4000019B5B69D91C019B5B6C143BB1FBF3F37C
:109B50000133DB0013445A1F019B5B6C143BB2FBC7
:109B6000F3F30133049300230393059A049B1A44EF
:109B7000039B1344184606B0704782B001900091D1
:109B8000009BDA1D019B5B6C143BB2FBF3F30133CA
:109B9000DA00009B1344184602B0704700B583B04A
:109BA00001900198FFF7C6FF0246019B5B6C143BD6
:109BB00002FB03F3184603B05DF804FB00B585B063
:109BC000019000910198FFF7E9FF0390009BDA1DD7
:109BD000019B5B6C143BB2FBF3F30133DB00009A97
:109BE00013440293039A029B1344184605B05DF890
:109BF00004FB00B585B00190019B5B691946019893
:109C0000FFF7DCFF0390019B5A69019B5B69D91D3B
:109C1000019B5B6C143BB1FBF3F30133DB0013449A
:109C20000293039A029B1344184605B05DF804FBA7
:109C300000B583B001900198FFF7DBFF0246019B5E
:109C40009B691344184603B05DF804FB00B585B06A
:109C500001900198FFF7ECFF039004230293039A0D
:109C6000029B1344184605B05DF804FB10B582B0A2
:109C700001900091019B1C6B00990198FFF77DFFFB
:109C800003469C422CBF01230023DBB2184602B0DE
:109C900010BD10B582B001900091019B1C6B009922
:109CA0000198FFF78BFF03469C422CBF0123002342
:109CB000DBB2184602B010BD10B582B00190019B16
:109CC0001C6B0198FFF795FF03469C422CBF0123B4
:109CD0000023DBB2184602B010BD82B00190019B98
:109CE000033323F00303184602B0704782B001909B
:109CF0000091019A009B1344184602B0704782B04D
:109D000001900091019B1A68019B5B6C009901FB1B
:109D100003F31344184602B0704784B001900091D9
:109D2000019B1B68009AD31A0393019B5B6C039AF7
:109D3000B2FBF3F3184604B0704788B00390029169
:109D40000192039B5B6C013B0793029B0693019B73
:109D50000593069A059B5A40079BDB431340002B53
:109D60000CBF01230023DBB2184608B0704782B055
:109D700001900091009B0133019AD269B3FBF2F18B
:109D800001FB02F29B1A184602B0704782B00190A4
:109D90000091009B002B02D0009B013B02E0019B45
:109DA000DB69013B184602B0704700B58BB00190EB
:109DB00000910023099322E000990198FFF7D7FF53
:109DC000009000990198FFF79AFF0890019BDB6BC8
:109DD0005B6902A905220898984702AB184601F072
:109DE00082FF03468DF81F309DF81F30184601F0A2
:109DF000BDFF0346002B09D1099B01330993019B49
:109E0000DB69013B099A9A42D6D300E000BF009B70
:109E100018460BB05DF804FB00B58BB001900091C3
:109E20000023099322E000990198FFF7AFFF00900B
:109E300000990198FFF763FF0890019BDB6B5B695A
:109E400002A905220898984702AB184601F04BFF7B
:109E500003468DF81F309DF81F30184601F086FF2D
:109E60000346002B09D1099B01330993019BDB6950
:109E7000013B099A9A42D6D300E000BF009B1846E6
:109E80000BB05DF804FB84B001900091009B03933C
:109E9000019B5A6C019B5B6C591E039B0B40D31AB0
:109EA000184604B0704782B001900091019B5B6C32
:109EB0005A1E009B1340184602B0704700B587B089
:109EC0000190009100990198FFF727FF05900599EF
:109ED0000198FFF76AFF059005990198FFF70FFFBA
:109EE0000490049801F06CFF0390039B184607B0A0
:109EF0005DF804FB10B58CB0019000230B93019B1F
:109F0000DA6A019B9B6A9A420AD1019B5968019BBC
:109F1000DA6913469B0013449B00CB1A0B9334E081
:109F2000019BDB6A0A932BE00A990198FFF7F5FE83
:109F3000099009990198FFF7E2FE0890019BDB6BFD
:109F40005B6902A905220898984702AB184601F000
:109F5000CAFE03468DF81F309DF81F30012B0AD032
:109F6000019B5C6C0A990198FFF79DFF0346E31A79
:109F70000B9A13440B930A990198FFF79FFF0A90DD
:109F8000019B9B6A0A9A9A42CED10B9B18460CB051
:109F900010BD00B587B001900091009B0593002390
:109FA000049313E0019BDB6B5B6903A90122059815
:109FB0009847039BB3F1FF3F02D0002304930DE0C9
:109FC000049B04330493059B04330593059A00997D
:109FD0000198FFF7B2FE0346002BE3D1049B18461D
:109FE00007B05DF804FB82B00190019B13F1020FF2
:109FF0000CBF01230023DBB2184602B0704782B0C9
:10A000000190019BC3F31303019A9A420CBF0123F1
:10A010000023DBB2184602B0704782B00190019B6A
:10A0200093F84230012B01D1642300E0322318461B
:10A0300002B0704782B00190019B93F84230012B2F
:10A0400001D1022300E00123184602B0704700B599
:10A0500087B00390029101920093029A019B1A44E7
:10A06000009B23F0030313440593009B03F00303B9
:10A07000002B02D0059B04330593029A059903989F
:10A08000FFF75BFE034683F00103DBB2002B06D033
:10A0900002990398FFF712FF0290029B0593059B1C
:10A0A000184607B05DF804FB00B5A1B00590049117
:10A0B0000392029300231F93049B1B691E930023AA
:10A0C0001D9300238DF87330049BDB681B930023E2
:10A0D00018930023179300238DF85B309DF88C3084
:10A0E000022B04D11E9BCC2B01D07023E4E19DF800
:10A0F0008C30022B0ED19DF88830002B06D00499AD
:10A10000059801F040F80346089303E0049BDB68E0
:10A110001B68089302990598FFF7B5FE12901E9BE5
:10A12000782B03D8049BDB7D002B01D0012300E0BA
:10A1300000238DF867309DF8673003F001038DF838
:10A1400067309DF88830002B0ED0059BDB6B5B6978
:10A15000049A506807A90122984707AB184601F0F6
:10A160001DFC03468DF867309DF86730002B01D049
:10A17000082300E0042311931E9B782B8CBF01233E
:10A1800000238DF866309DF8663083F00103DBB262
:10A19000002B10D01E9B0433129A9A420BD21E9BA6
:10A1A000002B06D0129B082B03D901238DF86630B3
:10A1B00001E0042318939DF86630002B01D008239A
:10A1C00000E004231093049B1A68039B1A60039B0E
:10A1D0001E9A1A619DF866209DF88C30114618462B
:10A1E00001F022FC03461A46039B1A750299059852
:10A1F000FFF749FE12901E9B002B09D0109A189B66
:10A200001344129A9A428CBF01230023DBB206E06A
:10A21000129A109B9A422CBF01230023DBB28DF8C7
:10A220003F30002318939DF83F30002B00F0308121
:10A23000129A109BD31A12931E9A129B934228BF14
:10A2400013460E93029B0D9310990298FFF74EFD53
:10A2500002900E9A1E9B9A4212D0039B0122DA753D
:10A26000039B1B691E9A9A4206D101238DF8733015
:10A27000039B0D9A5A600EE002238DF873300AE0BA
:10A280009DF87330002B03D003238DF8733002E068
:10A2900000238DF87330039BDB7D002B21D0039BC3
:10A2A0001B7E039A0333DB0013440D9A5A60039B11
:10A2B0001B7E0E9A91B2039A0333DB0013440A46C5
:10A2C0001A81039B1B7E039A0333DB0013449DF822
:10A2D00073209A72039B1B7E0133DAB2039B1A76BA
:10A2E00002E0039B0D9A5A600E9B002B00F08A80BF
:10A2F0009DF88C30022B1BD19DF85B3083F001035D
:10A30000DBB2002B7ED0179A0E9B1344032B79D916
:10A31000059BDB6B9B6908A90122029898471F9057
:10A320001F9B002B40F0C48001238DF85B3069E057
:10A330009DF8883083F00103DBB2002B3ED01B9BDD
:10A340001593029B14930E9B1393139B9B080C93E2
:10A350000C9B002B16D0059BDB6B9B690C9A159907
:10A36000149898471F900C9B9B00159A13441593C3
:10A370000C9B9B00149A134414930C9B9B00139A00
:10A38000D31A13931F9B002B13D1139B002B10D0B8
:10A390004FF0FF33069306AB139A159918460DF04C
:10A3A00088FD059BDB6B9B6906A9012214989847E1
:10A3B0001F901B9A0E9B13441B9323E00E9B1A9332
:10A3C0001D9B049A1199059800F09DF903460B9383
:10A3D0001D9B04331D93059BDB6B9B690BA901221D
:10A3E000029898471F901A9B042B0BD91F9B002B98
:10A3F00008D11A9B043B1A9304210298FFF776FCBC
:10A400000290DDE71F9B002B02D0249B029A1A606A
:10A410001F9B002B1CD1049B1968039B1A7D09A864
:10A420009DF8733001939DF8663000930E9B01F008
:10A43000A0F9059BDB6B9B69109A920809A90D98FE
:10A4400098471F901F9B002B02D0249B0D9A1A60E7
:10A450000E9B109A0D990598FFF7F9FD0246039B94
:10A460009A600E98FFF739FC0246109B1344059A38
:10A47000126BD21A059B1A631F9B002B1AD11E9ACE
:10A480000E9BD31A1E93179A0E9B1344179305E045
:10A49000059B1A6B129BD21A059B1A6302990598A9
:10A4A000FFF70CFD02901E9B002B7FF49FAE02E095
:10A4B00000BF00E000BF1F9B184621B05DF804FB01
:10A4C00000B599B003900291019200931A9B5B68CA
:10A4D0001793029B1393009B12931A9B1B69129A6A
:10A4E0009A4240F2D7806323D9E0039BDB6B5B6920
:10A4F00009A901221798984709AB184601F044FAB8
:10A500000E901A9B1B680E9A9A4201D06F23C6E0E8
:10A5100009AB184601F04DFA0D900D9B042B05D1A7
:10A5200009AB184601F054FA15900BE0039BDB6B66
:10A530005B6907A902221798984707AB184601F0F4
:10A5400047FA15900D991798FFF7D0FB16909DF8D4
:10A550006C30002B53D1019A159B9A4206D90023E7
:10A560001493019A159BD31A019315E0169A019B37
:10A5700013441693159A019BD31A0C93009B0B93CB
:10A580000B9A0C9B934228BF13461493002301930C
:10A59000009A149BD31A0093149B1193119B9B0850
:10A5A0000A930A9B002B15D0039BDB6B5B690A9A0D
:10A5B0001399169898470A9B9B00119AD31A1193E6
:10A5C0000A9B9B00169A134416930A9B9B00139AAE
:10A5D00013441393119B002B53D0039BDB6B5B69DC
:10A5E00006A901221698984706AB119A19461398A6
:10A5F0000DF05FFC139A119B1344139341E0159BDC
:10A600001493149B1093109B9B080F931DE0039BC6
:10A61000DB6B5B6905A901221698984705AB0422FC
:10A62000194613980DF010FC0346002B01D0362379
:10A6300035E00F9B013B0F93109B043B1093169B3F
:10A6400004331693139B043313930F9B002BDED11B
:10A65000109B002B15D0039BDB6B5B6905A90122C6
:10A660001698984705AB109A194613980DF0ECFB15
:10A670000346002B01D0362311E0139A109B13449C
:10A680001393129A149BD31A129317990398FFF7F6
:10A6900015FC1790129B002B7FF427AF0023184660
:10A6A00019B05DF804FB00B589B0059004910293E0
:10A6B00013468DF80F30049B00221A76049B5968CC
:10A6C0009DF80F20029B00931346049A0598DAF731
:10A6D000FDFF03468DF81F309DF81F30002B0CD076
:10A6E000049BDB7D002B03D0049B9B7E002B01D0C1
:10A6F000012200E00022049B9A75049B9B7D184672
:10A7000009B05DF804FB00B589B003900291019295
:10A710000093019B5B680793019BDB7D83F0010342
:10A72000DBB2002B09D0019B5868029A009B1344AE
:10A730001946FFF7DBFA079035E0009B06930023EC
:10A740008DF8173029E09DF81730019A0333DB00AC
:10A7500013441B891A46069B93420ED29DF817306C
:10A76000019A0333DB0013445868029A069B134492
:10A770001946FFF7BBFA079015E09DF81730019ACC
:10A780000333DB0013441B891A46069B9B1A06936E
:10A790009DF8173001338DF81730019B1B7E9DF813
:10A7A00017209A42CFD3039BDB6B5B6904A901227C
:10A7B00007989847049B184609B05DF804FB00B55C
:10A7C0008BB00190019B00221A620023099322E0C2
:10A7D00009990198FFF793FA0890019BDB6B5B697D
:10A7E00002A905220898984702AB184601F07BFAA7
:10A7F00003468DF81F309DF81F30184601F0B6FA59
:10A800000346002B04D0019B1B6A5A1C019B1A6251
:10A81000099B01330993019BDB69099A9A42D7D3BB
:10A82000019B1B6A18460BB05DF804FB00B58FB0A6
:10A8300001904FF0FF330C934FF0FF330B93002345
:10A840000A93019B4FF6FF725A62019B00221A6223
:10A8500000230D933CE00D990198FFF750FA099001
:10A86000019BDB6B5B6902A905220998984702AB43
:10A87000184601F038FA03468DF81F3002AB18462F
:10A8800001F0ECF908909DF81F30184601F06EFABF
:10A890000346002B19D0019B1B6A5A1C019B1A62AC
:10A8A000089A0C9B9A4202D2019B0D9A5A62089A0E
:10A8B0000B9B9A4201D2089B0B93089A0A9B9A42DF
:10A8C00001D9089B0A93089B0C930D9B01330D93B0
:10A8D000019BDB690D9A9A42BDD30A9A0B9BD31A4E
:10A8E000012B1FD9019B4FF6FF725A6200230D9373
:10A8F00013E00D990198FFF702FA0990019BDB6BB9
:10A900005B6902A905220998984702AB184601F035
:10A91000A5F908900D9B01330D93019BDB690D9AFE
:10A920009A42E6D300BF0FB05DF804FB00B58DB0CE
:10A93000019000230A9300230B932FE00B990198B9
:10A94000FFF7DDF90990019BDB6B5B6902A905222A
:10A950000998984702AB184601F0C5F903468DF8EF
:10A9600023309DF82330184601F000FA0346002BEF
:10A9700011D0099801F024FA034619460198FFF70F
:10A9800008FB0790019B5B6C143B079A9A4202D12B
:10A990000A9B01330A930B9B01330B93019BDB69E9
:10A9A0000B9A9A42CAD30A9B18460DB05DF804FB75
:10A9B00000B585B00190019B5B6A19460198FFF7CD
:10A9C0009EF90390039801F0FBF90246019B9A62FD
:10A9D00000BF05B05DF804FB00B58DB0019000919B
:10A9E00000990198FFF78BF90A90019BDB6B5B697B
:10A9F00003A905220A98984703AB184601F073F99A
:10AA000003468DF827309DF82730184601F0AEF93F
:10AA10000346002B05D003AB184601F01FF90B903D
:10AA200020E000990198FFF7F7F90890089901983C
:10AA3000FFF765F90A90019BDB6B5B6903A90522AF
:10AA40000A98984703AB184601F008F90B900B9B46
:10AA5000B3F1FF3F06D0089A009B9A4202D90B9BA4
:10AA600001330B930B9B18460DB05DF804FB00B54A
:10AA700087B003900291019202990398FFF7ACFF0F
:10AA80000590059BB3F1FF3F01D1019B0593059B09
:10AA900001330593059B184607B05DF804FB00B52C
:10AAA00087B003900291019202990398FFF727F96A
:10AAB0000590039BD86B039B4033019A059901F0E5
:10AAC00086F904900398FFF77AFE049B184607B0B6
:10AAD0005DF804FB00B587B0039002910093134624
:10AAE0008DF80730089B05939DF80730032B0DD197
:10AAF000059B9B6A1A4600990598FFF71EF90346C5
:10AB0000002B03D002990398DCF700F801231846C4
:10AB100007B05DF804FB00B587B003900291009385
:10AB200013468DF80730039B03F10800029B1B6856
:10AB30000DF113021946DCF719F805909DF807305E
:10AB4000032B0DD1029B5B68059A9A4208D1039BA7
:10AB500003F10802029B1B6819461046DBF7D6FF7B
:10AB60000123184607B05DF804FB00B58FB00190D3
:10AB70000091019B5B6A4FF6FF7293420CBF012369
:10AB800000238DF82B309DF82B30002B01D00023B3
:10AB900001E0019B5B6A0C9300230B9338E00C9956
:10ABA0000198FFF7ACF80990019BDB6B5B6903A987
:10ABB00005220998984703AB184601F094F803461C
:10ABC0008DF823309DF82330022B12D09DF82B30C6
:10ABD000002B03D0009B01330D9305E0009A0C99E4
:10ABE0000198FFF744FF0D900D9A0C990198FFF71B
:10ABF00056FF0C9B01330C93019BDA690C9BB3FB52
:10AC0000F2F101FB02F29B1A0C930B9B01330B93A5
:10AC1000019BDB690B9A9A42C1D300BF00BF0FB002
:10AC20005DF804FB00B58DB0019000230B9332E07A
:10AC30000B990198FFF763F80990019BDB6B5B6947
:10AC400003A905220998984703AB184601F04BF871
:10AC500003468DF823309DF82330012B07D09DF853
:10AC60002330184601F097F80346002B10D00B99BB
:10AC70000198FFF7B1FE0A909DF82330012B02D115
:10AC80000A9B01330A930A9A0B990198FFF707FF71
:10AC90000B9B01330B93019BDB690B9A9A42C7D341
:10ACA00000BF00BF0DB05DF804FB00B58DB0039090
:10ACB000029113468DF80730039B9A6B039B1B6B25
:10ACC0009A4203D9039B1A6B039B9A63039B5B6AAB
:10ACD00019460398FFF713F80A90039BDB6B5B6937
:10ACE00004A905220A98984704AB184600F0FBFF18
:10ACF00003461A46029B1A70029B1B78012B07D051
:10AD00009DF8073019460398DBF7CAF90B9007E066
:10AD10000398DBF73FFA0B900398FFF7EBF80990E5
:10AD2000039BDB6B5B6904A905220A98984704AB77
:10AD3000184600F0D8FF03461A46029B1A70039B80
:10AD40009A6B039B1B6B9A4203D9039B1A6B039B61
:10AD50009A630B9B18460DB05DF804FB00B587B0F5
:10AD600001900023059300238DF80F3000230493F6
:10AD70000DE00DF10F03002219460198FFF795FF32
:10AD80000490049B002B12D1059B0133059301987D
:10AD9000FEF792FF034683F00103DBB2002B07D0DE
:10ADA000019B1B6A5B00059A9A42E2D300E000BF58
:10ADB0009DF80F30012B07D10DF10F03002219462A
:10ADC0000198FFF772FF0490049B184607B05DF8E6
:10ADD00004FB00B58BB00390029101920093002315
:10ADE000099308230693039B93F84230012B01D16A
:10ADF000022300E004230593009B00221A70029BAB
:10AE0000DB7D83F00103DBB2002B1BD0019B059A95
:10AE100002FB03F304330893089B03F00303002BA6
:10AE200006D0089B23F003030893009B01221A70AD
:10AE3000029B5868069A089B13441946FEF756FF72
:10AE4000099045E0019B059A02FB03F30433089344
:10AE5000089B03F00303002B06D0089B23F0030399
:10AE60000893009B01221A7000238DF81F3029E0FF
:10AE70009DF81F30029A0333DB0013441B891A46E6
:10AE8000089B93420ED29DF81F30029A0333DB00D9
:10AE900013445868069A089B13441946FEF726FF88
:10AEA000099015E09DF81F30029A0333DB0013442C
:10AEB0001B891A46089B9B1A08939DF81F30013383
:10AEC0008DF81F30029B1B7E9DF81F209A42CFD326
:10AED000099B18460BB05DF804FB00B589B00390E0
:10AEE0000291019200930DF11B03019A02990398BC
:10AEF000FFF76FFF0790039B93F84230012B12D1AD
:10AF0000039BDB6B5B6905A90122079898479DF8B5
:10AF10001B30002B02D0059B1B0C0593059B9AB29E
:10AF2000009B1A6006E0039BDB6B5B6901220099C2
:10AF30000798984700BF09B05DF804FB00B587B0DB
:10AF400003900291019200238DF81730039B93F830
:10AF50004230012B15D10398FFF75FF80346023BFF
:10AF6000019A9A4222D204AB019A02990398FFF700
:10AF7000B4FF049BDBB2002B18D101238DF81730EE
:10AF800014E00398FFF749F80346013B019A9A42FF
:10AF90000CD204AB019A02990398FFF79EFF049B21
:10AFA0009BB2002B02D101238DF817309DF817308A
:10AFB000184607B05DF804FB00B589B00390029114
:10AFC0000192009300238DF81F30039B93F84230C9
:10AFD000012B40D10398FFF720F80346023B019A6A
:10AFE0009A4267D206AB019A02990398FFF775FF60
:10AFF000019B5A1C05AB02990398FFF76EFF019B5A
:10B000009A1C04AB02990398FFF767FF08238DF899
:10B010001E3005A90DF11E031022184600F0FDFE9A
:10B0200004A90DF11E031022184600F0F6FE069B3F
:10B03000DBB2002B3ED1069B1B0A9DF81E209342DB
:10B0400038D1049B1A04059B1A44009B1A60012303
:10B050008DF81F302EE00398FEF7DFFF0346013B1B
:10B06000019A9A4226D206AB019A02990398FFF7F9
:10B0700034FF019B5A1C05AB02990398FFF72DFF83
:10B0800010238DF81E3005A90DF11E03202218464D
:10B0900000F0C3FE069B9BB2002B0BD1069B1B0C42
:10B0A0009DF81E20934205D1059A009B1A6001234A
:10B0B0008DF81F309DF81F30184609B05DF804FB6D
:10B0C00000B587B0039002910192009300238DF8A0
:10B0D0001630009B00221A6004AB019A0299039873
:10B0E000FFF7FBFE039B93F84230012B23D1049B17
:10B0F0004FF6FF72934203D100238DF817303CE0E6
:10B1000004A90DF116030822184600F086FE049BE0
:10B110001B0ADAB29DF816309A420CBF01230023B5
:10B120008DF817309DF81730002B26D0049BDAB22B
:10B13000009B1A6021E0049BB3F1FF3F03D1002381
:10B140008DF8173019E004A90DF1160310221846E6
:10B1500000F063FE049B1B0CDAB29DF816309A4295
:10B160000CBF012300238DF817309DF81730002BFA
:10B1700003D0049B9AB2009B1A609DF817301846C2
:10B1800007B05DF804FB00B589B001900091002381
:10B19000039308230693009B5B6806991846FEF705
:10B1A000A5FD0590019BDB6B5B6903A90122059856
:10B1B00098470023079330E0079A00990198FFF71A
:10B1C000BDFE03468DF813309DF81330002B10D0D0
:10B1D00003AB079A00990198FFF7EEFE03468DF83E
:10B1E00011300198FEF726FF0246079B1344079390
:10B1F00010E002AB079A00990198FFF761FF034640
:10B200008DF812309DF81230002B03D0039A029B68
:10B2100013440393079B013307930198FEF7FDFE48
:10B220000246079B9342C7D3039B184609B05DF8BB
:10B2300004FB00B585B003900291009313468DF88E
:10B240000730039B03F10800029B1968029B5A68B0
:10B250009DF80730DBF7C2FC0123184605B05DF806
:10B2600004FB00B591B001900091019B4FF6FF7275
:10B270005A62019B4FF0FF329A62019B4FF0FF32FE
:10B28000DA62019B00221A62019B00221A63019B71
:10B2900008331846DBF720FC0198FFF790FA0F906F
:10B2A0000F9B002B06D00198FFF7BCFC0198FFF71D
:10B2B00086FA0F900F9B002B07D100990198FFF79A
:10B2C00054FC0198FFF77BFA0F900F9B002B74D072
:10B2D0000198FFF7ABFA019B5B6A4FF6FF7293424E
:10B2E00068D0019B5B6A19460198FEF708FD0B9038
:10B2F000019BDB6B5B6903A905220B98984703ABA5
:10B30000184600F0ABFC0A900198FFF751FB01983A
:10B31000DAF70CFD019BDB6A19460198FEF7FDFC8C
:10B32000034619460198FEF7EAFC0B900198FEF7D8
:10B3300001FC09900198FFF7F9FA0890089A099B17
:10B340009A4234D2019B5B6A19460198FEF764FD6C
:10B350000D9000230C9324E00C9A089B9A4218D37A
:10B360000D990198FEF7CBFC0B90019BDB6B5B69A1
:10B3700003A905220B98984703AB184600F06EFC12
:10B380000A90019BD86B019B40330A9A0B9900F0FD
:10B390001EFD0D990198FEF73FFD0D900C9B0133AA
:10B3A0000C930C9A099B9A42D6D364230EE0002397
:10B3B0000E9304E067230E9301E05E230E930E9B31
:10B3C000002B02D10198DAF737FF0E9B184611B017
:10B3D0005DF804FB00B583B001900B468DF8033097
:10B3E000DBF782FC019BDB6BDB689DF803201046DA
:10B3F000984700BF03B05DF804FB00B583B001902F
:10B40000019BDB6BDB6800209847DBF777FC00BF14
:10B4100003B05DF804FB86B00390029100931346DD
:10B420008DF80730069B05939DF80730032B0CBF62
:10B4300001230023DBB21A46059B1B7E9A4221D1D1
:10B44000059B1B68029A9A421CD3059B5B68029A73
:10B450009A4217D8059B5B695A1C059B5A61059B4C
:10B460001A69059BDB689A420CD2059B9A68059B7A
:10B470001B699B001344029A1A60059B1B695A1CA6
:10B48000059B1A610123184606B0704700B587B0C6
:10B49000059004910392029300230193089B00936B
:10B4A000029B039A04990598DBF7D8F903461846DE
:10B4B00007B05DF804FB00B587B0059004910392D6
:10B4C000029301230193089B0093029B039A049922
:10B4D0000598DBF7C3F90346184607B05DF804FB8F
:10B4E00084B003468DF807309DF90730B3F1FF3F74
:10B4F00004D0002B05D10023039305E06E230393B2
:10B5000002E07123039300BF039B184604B0704709
:10B5100086B001900091019B0493009B9B080393CC
:10B52000002305930CE0049B1B68B3F1FF3F01D09F
:10B5300000230AE0049B04330493059B0133059325
:10B54000059A039B9A42EED30123184606B0704732
:10B5500000B583B001900091DEF72AF80023184669
:10B5600003B05DF804FB08B5DEF73AF800BF08BD8C
:10B5700000B585B0019003AB184600F061FF9DF85F
:10B580000E301A46019B1A80019B0122DA70019B42
:10B5900000229A70DEF7A8F80246019B5A60002349
:10B5A000184605B05DF804FB82B003468DF80730FD
:10B5B00000BF02B0704700B587B0039002910192BE
:10B5C000039B0593029B0493059B03F00303002B4D
:10B5D00014D1049B03F00303002B0FD10AE0059A5A
:10B5E000131D0593049B191D049112681A60019B99
:10B5F000013B0193019B002BF1D106E0019B9B00D5
:10B600001A46039902980CF054FC0023184607B020
:10B610005DF804FB00B58BB0039002910192029B90
:10B620000893039B0793019B9B000693069A089936
:10B63000079810F031FD03468DF817309DF917304B
:10B640001846FFF74DFF0990099B002B09D1069A78
:10B65000089907980CF0F8FB0346002B01D03D2316
:10B660000993099B18460BB05DF804FB00B585B043
:10B670000190019810F014FD03468DF80B309DF9F0
:10B680000B301846FFF72CFF0390039B002B0ED1C5
:10B69000DEF72AF8034619460198FFF739FF0346FB
:10B6A00083F00103DBB2002B01D03E230393039B05
:10B6B000184605B05DF804FB00B583B00190009119
:10B6C0000198019A009B1344013B009A1946E2F746
:10B6D00003FE00BF03B05DF804FB82B00190019B44
:10B6E0001B68DB0E184602B0704782B00190019BC8
:10B6F0005B689B0E184602B0704784B00190019BB6
:10B700000393039BDBB2184604B0704784B00190EA
:10B71000019B0393039BDBB2184604B0704700B54E
:10B7200083B00190019B1B6803F07F031846FFF76D
:10B73000E4FF0346184603B05DF804FB00B585B08E
:10B7400001900198FFF7EBFF03468DF80F309DF84D
:10B750000F30012B03D09DF80F30002B01D10123B6
:10B7600000E0002303F00103DBB2184605B05DF8EA
:10B7700004FB00B587B003900291009313468DF847
:10B78000073000238DF81730029BDB0123F078434C
:10B7900023F07F03039A1360009B23F07C42039BFA
:10B7A0005A609DF80730012B02DC002B04DA23E0FD
:10B7B000023B012B20D817E0039B1A689DF8073045
:10B7C0001A43039B1A60039B1B6843F06042039B70
:10B7D0001A60039B1A689DF82430DB0603F0C053FF
:10B7E0001A43039B1A6011E0039B1A689DF8073007
:10B7F0001A43039B1A6009E0039B1A68009B0733F6
:10B8000003F07F031A43039B1A6000BF9DF82030AA
:10B81000002B17D003990DF117032022184600F0D2
:10B82000FCFA039B191D0DF117031A22184600F0AC
:10B83000F4FA039B5A689DF817309B061A43039B42
:10B840005A600EE003990DF117031B22184600F011
:10B85000E4FA039B1A689DF81730DB061A43039B32
:10B860001A609DF82030184600F005F80346184687
:10B8700007B05DF804FB82B003468DF807309DF8F1
:10B880000730002B01D0082300E00423184602B043
:10B89000704700B585B0019000238DF80D3000236E
:10B8A0008DF80F3001990DF10D031B22184600F0A1
:10B8B000B4FA0198FFF711FF03468DF80E309DF89A
:10B8C0000D309DF80E209A4202D101238DF80F30E1
:10B8D0009DF80F30184605B05DF804FB00B585B043
:10B8E000019000238DF80D3000238DF80F30019961
:10B8F0000DF10D032022184600F08FFA019B191D4F
:10B900000DF10D031A22184600F087FA0198FFF78F
:10B91000ECFE03468DF80E309DF80D309DF80E209C
:10B920009A4202D101238DF80F309DF80F3018464E
:10B9300005B05DF804FB82B00190019B1B68B3F178
:10B94000FF3F0CBF01230023DBB2184602B0704753
:10B9500000B585B00190019B1B68DB0E03F003036B
:10B960001846FFF7D3FE03468DF80F300198FFF716
:10B97000E5FE0346002B02D09DF80F3000E00023C7
:10B98000184605B05DF804FB82B00190019B1B686E
:10B99000DB09C3F31303184602B0704700B583B048
:10B9A00001900198FFF7CAFE0346184603B05DF800
:10B9B00004FB00B583B001900198FFF7BFFE03467A
:10B9C0001846FFF758FF0346184603B05DF804FB1E
:10B9D00000B585B001900198FFF7B0FE0346002B3B
:10B9E00005D0019B5B6823F07C4303930CE0019B33
:10B9F0001B6803F07F030393039B072B02D9039B70
:10BA0000073B00E000230393039B184605B05DF855
:10BA100004FB00B583B001900198FFF780FE034658
:10BA2000184603B05DF804FB84B003460A468DF85F
:10BA3000073013468DF806309DF80730032B03D1ED
:10BA400003238DF80F3016E09DF80730022B09D143
:10BA50009DF80630002B01D0012300E002238DF871
:10BA60000F3008E09DF80630002B01D0002300E0E5
:10BA700007238DF80F309DF80F30184604B070473B
:10BA800082B00190019B1B68B3F1FF3F0CBF012303
:10BA90000023DBB2184602B0704784B00190019BCE
:10BAA0001B681B0CADF80E30019B1B68ADF80C3009
:10BAB000BDF80E304BF29A22934205D1BDF80C30FE
:10BAC000012B01D1012300E0002303F00103DBB2CD
:10BAD000184604B0704784B00190019BDB681B0CD2
:10BAE0000393039B4FF6FF72934214BF012300237D
:10BAF000DBB2184604B0704784B00190019BDB684C
:10BB0000ADF80E30BDF80E304FF6FF72934214BF01
:10BB100001230023DBB2184604B0704782B00190C5
:10BB2000019BDB0E184602B0704784B001900B46B3
:10BB30008DF803309DF80330012B02D1019BDB43CC
:10BB400000E0019B0393039B23F07843184604B065
:10BB5000704700B585B001900B468DF803309DF815
:10BB60000330012B02D1019BDB430193019B23F0A6
:10BB70007843019300238DF80F3001A90DF10F03D5
:10BB80001B22184600F049F99DF80F30DA06019B98
:10BB90001343184605B05DF804FB84B00190002300
:10BBA000ADF80E30019B5B0A0193019B5B0801938A
:10BBB000019B002B05D0BDF80E300133ADF80E30DF
:10BBC000F3E700BFBDF80E30184604B0704700B56B
:10BBD00087B001900091009B0C330593019B5B693A
:10BBE00004A9012205989847049B9BB20393039BE9
:10BBF0000393019B9B6903A901220598984700BF05
:10BC000007B05DF804FB00B587B0019000910023F8
:10BC10000593009B0C330493019B5B6903A90122EC
:10BC200004989847039B9BB24FF6FF72934210D142
:10BC3000039B1B0C1B040293029B43F4254343F01C
:10BC4000A5030293019B9B6902A9012204989847CE
:10BC50000590059B184607B05DF804FB10B584B04D
:10BC6000019000238DF80F30019B191D0DF10F037A
:10BC70001B22184600F0D1F89DF80F301C46019B9E
:10BC80005B681846FFF74AFF03469C4207D1019BB9
:10BC90005B6800211846FFF748FF034620E00023B9
:10BCA0008DF80F30019B03F108010DF10F031B22EA
:10BCB000184600F0B2F89DF80F301C46019B9B68B7
:10BCC0001846FFF72BFF03469C4207D1019B9B6858
:10BCD00001211846FFF729FF034601E04FF0FF332B
:10BCE000184604B010BD00B587B001904FF0FF3387
:10BCF00004930198FFF7D1FE03468DF80F309DF8AD
:10BD00000F30002B03D00198FFF7A8FF0490049B8D
:10BD1000B3F1FF3F17D00198FFF7DDFE0346002B7C
:10BD200003D002238DF817301AE00198FFF7E4FEE4
:10BD30000346002B03D001238DF8173010E00023B9
:10BD40008DF817300CE00198FFF79AFE0346002BA0
:10BD500003D003238DF8173002E004238DF8173049
:10BD60009DF81730184607B05DF804FB82B0034613
:10BD70008DF807309DF80730002B03D09DF8073071
:10BD8000012B01D1012300E0002303F00103DBB20A
:10BD9000184602B0704782B003468DF807309DF810
:10BDA0000730032B03D09DF80730042B01D101236A
:10BDB00000E0002303F00103DBB2184602B0704735
:10BDC00082B00190019B1433184602B0704700B551
:10BDD00087B00390029101920093039B1B69029824
:10BDE00098470590059B002B0ED1009B019A029964
:10BDF0000398DAF7F3FF0590059B002B08D0029912
:10BE00000398FFF7E4FE03E002990398FFF7DFFED3
:10BE1000059B184607B05DF804FB88B003900291BB
:10BE200013468DF80730029B1B6807939DF8073077
:10BE30001F2B0AD89DF80730012202FA03F3013BB9
:10BE40000693079A069B13400793079B5B0803F032
:10BE50005533079AD31A0793079B03F03332079B96
:10BE60009B0803F0333313440793079B1A09079B7E
:10BE7000134403F00F3213461B0213441A041344F5
:10BE80001B0E8DF81730039B1A789DF807109DF84C
:10BE90001730CB1ADBB21344DAB2039B1A7000BF1F
:10BEA00008B0704786B0039002910192019B002B6D
:10BEB00004D0039B03F58053059303E0039B03F534
:10BEC00000530593059B0121029A01FA02F21A60C0
:10BED00000BF06B0704782B001900091019B1A68C4
:10BEE000009B22FA03F303F00103184602B07047E7
:10BEF00000B583B001900091009B002B04DD01216F
:10BF00000198DCF7C1FA03E000210198DCF7BCFAE4
:10BF100000BF03B05DF804FB00B585B0019000914F
:10BF2000002303930EF080F803900D230293019BEE
:10BF3000002B02D0019B039A1A60009B002B02D0B9
:10BF4000009B029A1A6000BF05B05DF804FB08B5BB
:10BF500002214FF42070DBF76FF800BF08BD08B571
:10BF60000EF096F8034600211846DCF78DFA00BF64
:10BF700008BD82B001900091019B1A68009B22FAD3
:10BF800003F303F00103184602B0704782B0034682
:10BF90008DF807309DF80730013B4FF4806202FABC
:10BFA00003F3184602B0704700BF704700BF7047E8
:10BFB00008B50020DCF7B4FC00BF08BD08B50120BF
:10BFC000DCF7AEFC00BF08BD82B003468DF8073039
:10BFD00000BF02B0704782B00190019B1B6C1846F5
:10BFE00002B0704782B00190009100BF019BDA6CF3
:10BFF000009B1340002BF9D100BF00BF02B0704777
:10C0000000B583B0019000910023002200990198AF
:10C01000DCF7D8FF00BF03B05DF804FB00B583B0C8
:10C0200001900091009B1B8AB3F5805F03D0009BB9
:10C030001B8AB3F5405F009B9B68B3F5165F02D87F
:10C04000009B9B68002B0023002200990198DCF7DD
:10C05000B9FF00BF03B05DF804FB00B585B00190E7
:10C060000B468DF80330002303939DF80330002B1B
:10C0700003D1019800F04FF836E0019B03F580539F
:10C080001A46012353609DF8033003F00F03039316
:10C0900040F2FF710198FFF7A5FF019B039A1A6315
:10C0A00078210198FFF79EFF002303939DF803304A
:10C0B00003F00103DBB2002B03D0039B43F0010329
:10C0C00003939DF8033003F00403DBB2002B03D08D
:10C0D000039B43F00203039300BF019B1B6C03F01F
:10C0E0000303039A9A42F8D100BF05B05DF804FB40
:10C0F00082B001900B468DF8033000BF019B1B6C92
:10C1000003F04003002BF9D09DF80320019BDA6374
:10C1100000BF02B0704700B583B00190019B5B681F
:10C1200003F00103002B24D0019B0A221A63502143
:10C130000198FFF757FF00BF019B1B6C03F003033F
:10C14000002BF9D1019B9A6A019B9A620121019807
:10C15000FFF748FF01E0019B5B6B019B1B6C03F049
:10C160008003002BF7D1019B03F500531A460123EE
:10C17000536000BF03B05DF804FB00B587B00390C7
:10C18000029101920FF07FFC0590039B1A68029BBD
:10C19000DB431A400199029B0B401A43039B1A6030
:10C1A00005980FF063FC00BF07B05DF804FB00B515
:10C1B00085B002910192009303468DF80F309DF8EF
:10C1C0000F30002B0AD09DF80F30012B06D09DF8C0
:10C1D0000F30022B02D09DF80F30032B019B002B58
:10C1E0000FD0009B002B06D09DF80F300299184607
:10C1F000DDF738F805E09DF80F3002991846DDF7B5
:10C2000009F8029B072B19D89DF80F2013465B00F5
:10C2100013441B01043303F1A04303F57033029A66
:10C2200092000F2101FA02F0029A9200019901FA9C
:10C2300002F201461846FFF7A0FF1AE09DF80F2012
:10C2400013465B0013441B010C3303F1A04303F5B9
:10C250007033029A083A92000F2101FA02F0029A12
:10C26000083A9200019901FA02F201461846FFF7D6
:10C2700084FF019B002B0FD1009B002B06D09DF863
:10C280000F3002991846DCF7EDFF05E09DF80F30FE
:10C2900002991846DCF7BEFF00BF05B05DF804FB4D
:10C2A00086B0039002910192019B002B04D0039B66
:10C2B00003F58053059303E0039B03F500530593B7
:10C2C000059B0121029A01FA02F21A6000BF06B032
:10C2D000704784B001900091019B03F58053039354
:10C2E000039B009A1A6000BF04B0704784B00190AD
:10C2F0000091019B03F500530393039B009A1A607E
:10C3000000BF04B0704700BF4FF0B0435B68002B24
:10C3100004D04FF0B0439B6A002BF5D100BF7047AB
:10C3200008B5FFF7F0FF4FF0B0430122DA6000BF1D
:10C3300008BD08B5FFF7E7FF4FF0B0430222DA600F
:10C3400000BF08BD00B583B003468DF807304FF03D
:10C35000B0435B68002B06D19DF8073083F00103E2
:10C36000DBB2002B20D14FF0B0435B68002B01D033
:10C37000FFF7C9FF9DF80730002B09D04FF0B043FD
:10C3800003F580531A4601235360FFF7C9FF0CE001
:10C39000FFF7CFFFFFF7B7FF4FF0B04303F50053B0
:10C3A0001A460123536000E000BF03B05DF804FBB0
:10C3B00000B583B001904FF0B0435B68002B01D013
:10C3C000FFF7A1FF4FF0B04303F500531A460123D6
:10C3D0005360019B5B78002B01D0012200E000221A
:10C3E000019B9B78002B01D0022300E00023134324
:10C3F000019AD278002A01D0042200E000221A43D8
:10C40000019B1B791B011A43019B5B79DB004FF0F9
:10C41000B04113438B604FF0B04303F580531A468D
:10C4200001235360019B1B78002B01D0012300E006
:10C4300002234FF0B042D36000BF03B05DF804FBAD
:10C4400000B585B00190DDF715F90390039B9B09BA
:10C45000DBB203F03F03DAB2019B9A70039BDBB2BD
:10C4600003F03F03DAB2019B5A70039B1B0BDAB255
:10C47000019B1A7000BF05B05DF804FB00B587B0E2
:10C48000039002910192029B002B04D14FF4207083
:10C49000DAF794FE0290029B5A1E019B5B00B2FBEE
:10C4A000F3F30593059B1B020593039B059ADA6141
:10C4B00000BF07B05DF804FB82B001900B468DF819
:10C4C000033000BF019B9B6903F04003002BF9D0B0
:10C4D0009DF80320019BDA6300BF019B9B6903F079
:10C4E0002003002BF9D0019B5B6ADBB2184602B037
:10C4F000704786B0034600918DF807309DF80720FD
:10C5000040F6FC73134003934FF0FF330593002371
:10C510008DF8133019E09DF807209DF8133013446F
:10C5200003F00303039A13440293009A029B22FA36
:10C5300003F303F00103002B02D1029B059308E0F3
:10C540009DF8133001338DF813309DF81330032B11
:10C55000E1D9059B184606B0704784B00190019B55
:10C560001B78002B06D1019B5B78052B02D10023A1
:10C57000039344E0019B1B78012B06D1019B5B7860
:10C58000012B02D10323039339E0019B1B78012B7C
:10C5900006D1019B5B78032B02D1042303932EE089
:10C5A000019B1B78022B06D1019B5B78002B02D1EB
:10C5B0000623039323E0019B1B78022B06D1019BEA
:10C5C0005B78052B02D10723039318E0019B1B78AE
:10C5D000022B06D1019B5B78072B02D10823039322
:10C5E0000DE0019B1B78032B06D1019B5B78022B8E
:10C5F00002D10923039302E04FF0FF330393039B1F
:10C60000184604B0704700B587B0039002910192BC
:10C610000FF039FA0590039B1A68029BDB431A401E
:10C620000199029B0B401A43039B1A6005980FF077
:10C630001DFA00BF07B05DF804FB00B589B0039098
:10C64000029113468DF80730039B1B78002B0AD00C
:10C65000039B1B78012B06D0039B1B78022B02D077
:10C66000039B1B78032BDDF74FF90398FFF775FF4A
:10C670000790029BB3F1FF3F01D1079B0293079BF9
:10C68000B3F1FF3F03D0029A079B9A4202D04FF0CA
:10C69000FF3327E0029BB3F1FF3F22D09DF8073024
:10C6A000002B14BF01230023DBB283F00103DBB2B4
:10C6B00003F00103DBB21A4603210398DDF710FAF9
:10C6C0009DF80720029B103302FA03F30693029BA6
:10C6D0001033012202FA03F3059306990598DDF75A
:10C6E000BFFB029B184609B05DF804FB08B5F0F7E4
:10C6F000E1FA00BF08BD82B000230193019B1846F8
:10C7000002B0704700B583B0FFF7F5FF019000BF9E
:10C7100003B05DF804FB00B593B00A910992089349
:10C7200003468DF82F3049238DF8303000231193C4
:10C730000CE0149A119B1A44119B01331278483370
:10C740006B4403F8182C119B01331193119B0C2B94
:10C75000EFD9099BDBB21B12DBB28DF83E30099B8F
:10C76000DBB28DF83F3000238DF8403001238DF887
:10C7700041309DF854308DF842309DF82F0004234D
:10C780000693169B0593132304930CAB0393089B0A
:10C790000293099B01930A9B00930A9B00220021AC
:10C7A000DDF7D0FE0346184613B05DF804FB00B574
:10C7B00097B002910192009303468DF80F30019BD0
:10C7C000B3F5807F0AD0019BB3F5807F10D8019B21
:10C7D000802B09D0019BC02B04D009E04FF4827359
:10C7E000159307E00F2337E04FF48073159301E0B2
:10C7F000292331E09DF80F3083F00103DBB21A46A4
:10C80000159B13431593189B119301231293102327
:10C81000139321231493009B0D9301230E93102354
:10C820000F932123109315AB09930DAB0A930423A7
:10C830000B9311230C93029B059309AB0693019B69
:10C84000DB08079340F61103089311AA05AB1146C4
:10C850001846DDF72FFE0346184617B05DF804FBB7
:10C8600000B589B007900691059204930B9B029343
:10C870009DF828300193049B0093059B069A079925
:10C880000020FFF748FF0346184609B05DF804FB97
:10C8900000B589B007900691059204930B9B029313
:10C8A0009DF828300193049B0093059B069A0799F5
:10C8B0000120FFF730FF0346184609B05DF804FB7E
:10C8C00008B5DEF725F8DEF753F800BF08BD82B0E3
:10C8D00000230193019B184602B0704700B585B054
:10C8E00001900FF0D0F803904FF0A8431A68019B15
:10C8F0001A604FF0A8431A69019B5A6003980FF021
:10C90000B5F80023184605B05DF804FB00B585B006
:10C9100001900FF0B8F803904FF0A842019B1B68FC
:10C9200013604FF0A842019B5B68136103980FF0FE
:10C930009DF80023184605B05DF804FB00BF704762
:10C9400000BF704782B00190019BA3F50623A3F5B9
:10C9500050635B09184602B0704782B00190019B9A
:10C9600003F01F03184602B0704786B0CDE90001FE
:10C97000009B0593DDE900014FF000024FF000033A
:10C980000A000023059B534002930123039316E002
:10C99000039BDB00029A22FA03F3029A53400493AA
:10C9A000049B03F00303002B02D0049B9B00049321
:10C9B000059A049B13440593039B01330393039B44
:10C9C000032BE5D9059B184606B0704700B593B018
:10C9D000CDE906010592059B002B02D16FF086037D
:10C9E0002CE06FF0960311930CAB00221A605A6092
:10C9F0009A60DA6000230B9300230A93FFF79EFFEF
:10CA00000CAA09AB02930BAB01930AAB009313463C
:10CA10000022DDE90601DEF79DF91190119B002B44
:10CA200003D0FFF78DFF119B08E00D9A059B5A601C
:10CA30000B9A059B1A60FFF783FF0023184613B07B
:10CA40005DF804FB10B489B0039002910192029B3F
:10CA50000593019B069300230793039B1C4605AB9C
:10CA600093E8070084E80700039809B05DF8044BD9
:10CA7000704782B001900091019A009B9A4201D2C6
:10CA8000019B00E0009B184602B0704700B583B0E0
:10CA9000002301931AE0019B03F00E03082B8CBFC7
:10CAA00001220022D2B2002A0DD14FF48A7222FA5A
:10CAB00003F303F00103002B14BF01230023DBB2B7
:10CAC000002B00D002E06FF092030FE0E2F744F990
:10CAD0000190019B03F00E03062BDCD1019B03F4B4
:10CAE0008073002B01D0E2F783F90023184603B0CE
:10CAF0005DF804FB00B583B00023019300238DF89B
:10CB00000330E2F729F90190019BDBB203F00E0339
:10CB10008DF803309DF80330002BF2D09DF80330E0
:10CB2000022BEED0019B03F48063002B02D06FF048
:10CB3000920300E00023184603B05DF804FB00B543
:10CB400083B0042301930FE0012002F025F903468E
:10CB5000002B06D1FFF7CEFF0346002B03D10023A5
:10CB600009E000BF00E000BF019B5A1E0192002BAC
:10CB7000EAD16FF09203184603B05DF804FB00B5EC
:10CB800085B0E2F7EFF8034603F00103002B01D173
:10CB9000012318E06B4600221A605A609A60DA603E
:10CBA0006B461846E2F77AF9009B002B08D0019BF0
:10CBB000002B05D0029B002B02D0039B002B01D140
:10CBC000012300E00023184605B05DF804FB00B522
:10CBD00085B00390684680E80E006B4693E8070036
:10CBE000DEF7F0FA0346002B03D002F0EAF800F07B
:10CBF000BAFA00BF05B05DF804FB00B587B001903C
:10CC00000091DDF7C3FE0590059B002B01D0059B2D
:10CC100017E002AB009A01991846FFF713FF02AB29
:10CC200093E80700DEF7CEFA0590059B002B05D0B0
:10CC300002F0C7F8DDF7BEFE059B02E0DDF7BAFEA5
:10CC40000346184607B05DF804FB10B489B00390A2
:10CC500002910192029B0593019B06930023079387
:10CC6000039B1C4605AB93E8070084E80700039884
:10CC700009B05DF8044B704782B00190019B1B889E
:10CC8000184602B0704782B00190019B5B8818463D
:10CC900002B0704710B489B0039002910192029BD8
:10CCA0000593019B069300230793039B1C4605AB4A
:10CCB00093E8070084E80700039809B05DF8044B87
:10CCC000704782B00190019B1B88184602B07047E4
:10CCD00082B00190019B5B88184602B0704784B017
:10CCE00001900091009B002B01D100230DE0019BDE
:10CCF000039304E0039B5A1C039200221A70009BCA
:10CD00005A1E0092002BF5D10023184604B070473C
:10CD100010B489B0039002910192029B0593019B8C
:10CD2000069300230793039B1C4605AB93E807007B
:10CD300084E80700039809B05DF8044B704782B09F
:10CD40000190019B1B88184602B0704782B0019089
:10CD5000019B5B88184602B0704788B0039002912F
:10CD6000019200238DF81F300023069300230493C3
:10CD7000002305932BE0019A059BD31A013B039AEC
:10CD800013441A789DF81F3013438DF81F30019A11
:10CD9000059BD31A013B039A13441B781946019A49
:10CDA000059BD31A013B029A13441B78CB1A0493B8
:10CDB000049B002B0CBF01230023DBB25A42069BCD
:10CDC0001340049A13430693059B01330593059A78
:10CDD000019B9A42CFD39DF81F30002B02D0069BB7
:10CDE000002B02DB6FF0860300E00023184608B03A
:10CDF000704710B489B0039002910192029B059391
:10CE0000019B069300230793039B1C4605AB93E805
:10CE1000070084E80700039809B05DF8044B7047E9
:10CE200082B00190019B1B88184602B0704782B007
:10CE30000190019B5B88184602B0704700B587B02F
:10CE40000590049103920293089B0093029B039A1E
:10CE500004990598DEF710FF0346184607B05DF801
:10CE600004FB00B591B0039002910192039B191D40
:10CE7000039B5A6A0BAB1846FFF7BBFF08AB019A3E
:10CE800002991846FFF7B5FF039B03F13C0105AB80
:10CE900010221846FFF7ADFFDDF778FD0F900F9BCE
:10CEA000002B01D00F9B15E005AB05AA08A90BA824
:10CEB000E2F796F90E90DDF77DFD0F900E9B002BAB
:10CEC00002D06FF0920305E00F9B002B01D00F9B67
:10CED00000E00023184611B05DF804FB00B583B0F4
:10CEE0000190019B002B02D16FF0860305E04C22DC
:10CEF000002101980AF0D2FF0023184603B05DF824
:10CF000004FB00231846704700B587B003900291D8
:10CF1000019200936FF096030593009B00221A6024
:10CF200001990298FFF769FE0590059B002B02D13D
:10CF3000009B019A1A60059B184607B05DF804FB38
:10CF400000B587B00590049103920293059B9A68FF
:10CF5000099B01939DF820300093029B039904984C
:10CF6000FFF77EFC0346184607B05DF804FB00B5EA
:10CF700087B00590049103920293059B9A68099BE0
:10CF800001939DF820300093029B03990498FFF7CA
:10CF90007FFC0346184607B05DF804FB00B587B078
:10CFA0000590049103920293049B802B05D0049B6F
:10CFB000C02B02D0049BB3F5807F059B9868099B2A
:10CFC0000193089B0093029B039A0499DDF706FCEA
:10CFD0000346184607B05DF804FB00B587B004911E
:10CFE0000392029303468DF81730039B802B05D0E4
:10CFF000039BC02B02D0039BB3F5807F049B9968F1
:10D000009DF81700089B0093029B039AFFF7CFFB44
:10D010000346184607B05DF804FB08B500F04AF86F
:10D020000346184608BD00B583B0034600918DF84D
:10D030000730009B002B01D1222306E09DF807302A
:10D0400000991846DEF782FF0346184603B05DF8E4
:10D0500004FB00B583B0019001210198DFF774F85B
:10D060000346184603B05DF804FB00B583B0019099
:10D0700000210198DFF768F80346184603B05DF811
:10D0800004FB86B0039002910192019B002B04D017
:10D09000039B03F58053059303E0039B03F50053C3
:10D0A0000593059B0121029A01FA02F21A6000BF62
:10D0B00006B0704700231846704708B500F015F811
:10D0C0000346184608BD82B000230193019B184611
:10D0D00002B0704708B501213520DAF73DF800208D
:10D0E000DAF792FF0023184608BD00B583B0DFF7DA
:10D0F000C3F80190019B002B01D0019B28E0DFF7D2
:10D1000059F80190019B002B01D0019B20E0FFF713
:10D11000DAFF0190019B002B01D0019B18E0DFF7A3
:10D12000EDF80190019B002B01D0019B10E0FFF76F
:10D13000D1FF0190019B002B01D0019B08E0DFF79C
:10D14000E7F80190019B002B01D0019B00E0002338
:10D15000184603B05DF804FB82B00190019B1B6888
:10D16000184602B0704708B5D7F75AFB00BF08BD94
:10D1700000B583B00190019B002B01DB019B402B8C
:10D180000198DFF7EFF900BF03B05DF804FB00B5CD
:10D1900083B00190019B002B01DB019B402B019888
:10D1A000DFF7CAF900BF03B05DF804FB00B583B038
:10D1B00001900091019B13F1100F01DB019B402BAB
:10D1C00000990198DFF7EAF900BF03B05DF804FBAE
:10D1D00000B585B0039002910192039B002B02D110
:10D1E000DFF712FA0390039B002B0CD0039B5B68C4
:10D1F000002B08D0039B5B68039A1068019A029980
:10D200009847034600E02323184605B05DF804FB69
:10D2100010B586B0039002910192009304AB059380
:10D22000039B002B02D1DFF7EFF90390009B002B4B
:10D2300001D0009B0593039B002B0DD0039B9B68A3
:10D24000002B09D0039B9C68039B1868059B019ADF
:10D250000299A047034600E02323184606B010BDFC
:10D2600000B589B0039002910192039B06930023BD
:10D270000593069B002B05D1DFF7C6F90790079BA6
:10D28000069309E0DFF7C0F90790079A069B9A42D8
:10D2900002D00698DFF7A4F901990298F5F71CFF70
:10D2A0000490079A069B9A4202D00798DFF798F9F4
:10D2B000049B002B01DC37230593059B184609B01E
:10D2C0005DF804FB0EB400B584B0019006AB029388
:10D2D000029A05990198FFF7C3FF0390039B184634
:10D2E00004B05DF804EB03B0704782B00190019B7D
:10D2F0001B6C184602B0704782B001900091019BF0
:10D3000003F500531A46009B536400BF02B07047F8
:10D3100082B001900091019B03F500531A46009BD7
:10D32000936400BF02B0704782B001900091019BEE
:10D3300003F580531A46009B936400BF02B0704708
:10D3400082B003468DF807309DF80730022B0BD0D2
:10D35000022B0CDC002B02D0012B02D007E00023B3
:10D3600006E04FF4007303E04FF4407300E0002345
:10D37000184602B0704700B585B00190019B1B684C
:10D380000393039B9B6D1846FFF7E6FE0290029BFA
:10D390005B6C03F00103002B10D001210298FFF712
:10D3A000ABFF0298FFF7A1FF034603F02003002B19
:10D3B00003D0039B184600F046F900BF05B05DF8A6
:10D3C00004FB00B585B001900B468DF80330019B3E
:10D3D0000393039B9B6D1846FFF7BEFE02909DF8DA
:10D3E000033019460298FEF783FE0023184605B065
:10D3F0005DF804FB00B585B001900B468DF8033055
:10D40000019B0393039B9B6D1846FFF7A5FE0290BB
:10D410009DF80330002B04D001210298FFF784FF10
:10D4200007E001210298FFF773FF01210298FFF73F
:10D4300063FF00BF05B05DF804FB82B001900023DC
:10D44000184602B0704782B0019000BFFDE782B07D
:10D4500001900091009B4FF400525A60002318463F
:10D4600002B0704782B001900123184602B07047A5
:10D4700084B00390029101920023184604B07047D3
:10D4800000B587B003900291019200230593019AA1
:10D4900005AB02990020FFF7BBFE059B002B02D1D4
:10D4A0004FF0FF3300E0059B184607B05DF804FB22
:10D4B00000B587B0039002910192019B1A46029930
:10D4C0000020FFF785FE0590059B022B00BF019B06
:10D4D000184607B05DF804FB00B583B00190019BCE
:10D4E0001B681846DFF7C6FE00BF03B05DF804FBFB
:10D4F00000B585B00190019B002B01D1012334E0E0
:10D50000019B03930198DFF75DFC0346002B03D0DA
:10D51000039B042283F85420039B93F85030DBB222
:10D52000002B10D0039B93F85430022B0BD1039B9C
:10D5300093F854308DF80B30039B012283F854206C
:10D540009DF80B3011E0039B93F85430042B0BD162
:10D55000039B93F854308DF80A30039B012283F823
:10D5600054209DF80A3000E00123184605B05DF80C
:10D5700004FB84B001900B468DF80330019B0393AC
:10D58000039B9DF8032083F8442000BF04B070473C
:10D5900084B00190019B0393039B93F844308DF872
:10D5A0000B309DF80B30184604B0704700B585B0BD
:10D5B00001900B468DF80330019B03930EF07DFA2A
:10D5C00002909DF80330002B12D0039B93F851304A
:10D5D00083F00103DBB2002B0AD0039B93F8523097
:10D5E00018460EF0BBFA039B012283F8512015E088
:10D5F0009DF8033083F00103DBB2002B0ED0039BB8
:10D6000093F85130002B09D0039B93F85230184601
:10D610000EF0B9FA039B002283F8512002980EF015
:10D620003EFA00BF05B05DF804FB84B00190019B99
:10D630000393039B93F851308DF80B309DF80B301A
:10D64000184604B0704700B585B00190019B039364
:10D650000EF033FA0290039B93F85030DBB283F064
:10D660000103DBB2002B12D0039BDB6B002101987E
:10D670009847039B012283F85020039B93F8533073
:10D6800018460EF080FA039B022283F85420029879
:10D690000EF005FA00BF05B05DF804FB00B585B0DB
:10D6A0000190019800F0FFF80346002B3FD101984C
:10D6B000DFF79EFC0346013B0393019BDB6A039A61
:10D6C0009A4206D2019BDA6A019B1B6B013B134411
:10D6D0000393039B029321E0029B1B78112B03D041
:10D6E000029B1B78132B0AD1029B1B78112B0CBFBA
:10D6F00001230023DAB2019B83F84C2013E0029B44
:10D70000013B0293019BDB6A029A9A4206D2019B7B
:10D71000DA6A019B1B6B013B13440293019B9B6CD8
:10D72000029A9A42D8D1019B039A9A6400E000BF02
:10D7300005B05DF804FB00B58DB003900291019235
:10D74000039B0893029B0B9300238DF81F3001234A
:10D750000A93089B93F844308DF81F300EF0ADF912
:10D760000690089B93F85030DBB2002B09D0089B41
:10D77000002283F85020089B93F8533018460EF08F
:10D78000EDF906980EF08BF9002309933AE0002397
:10D790008DF81730089B93F84530002B08D00EF019
:10D7A0008CF906900898FFF779FF06980EF077F944
:10D7B000089B93F84C308DF817309DF81730002BEC
:10D7C00020D09DF81F30002B09D00B9B1B780A2B13
:10D7D00005D1089B9B6B0D21089898470A90089BE0
:10D7E0009B6B0B9A12781146089898470A900A9BEF
:10D7F000002B01D00A9B0FE00B9B01330B93099B7D
:10D8000001330993099A019B9A42C0D3089BDB6BB1
:10D810000121039898470A9B18460DB05DF804FB58
:10D8200000B585B0039002910192019A0299039884
:10D83000FFF781FF0023184605B05DF804FB00B533
:10D8400087B00390029101920093039B0593009B84
:10D8500000221A600AE0009B1A68049B1A44009B8D
:10D860001A60009B1B68019A9A4210D9009B1B68A2
:10D87000029AD118009B1B68019AD31A1A46059880
:10D8800000F049F80490049B002BE4D100E000BFB5
:10D89000009B1B68002B01D11B2300E000231846CE
:10D8A00007B05DF804FB00B585B00190019B1B7AC1
:10D8B0001846D7F703FC03900198DFF75BFB03469C
:10D8C0008DF80B30019B1B7A1846D7F729FC039083
:10D8D0009DF80B30184605B05DF804FB00B585B027
:10D8E00001900198DFF784FB0390019B5B6B039A27
:10D8F0009A4204D9019B5B6B039AD31A07E0019B00
:10D90000DA6A019B1B6B1A44019B5B6BD31A1846A6
:10D9100005B05DF804FB00B589B003900291019257
:10D920000023059300230793019B002B02D0029B49
:10D93000002B01D1002380E00398FFF7B4FF0346DA
:10D94000002B01D0002378E00398FFF7C7FF059074
:10D95000059A019B934228BF13460593059B0793A5
:10D96000039B93F84530002B5BD00023069338E0EF
:10D97000039B5B6B1B78112B04D0039B5B6B1B78A9
:10D98000132B14D1039B5A6B039B9B6C9A420AD1B5
:10D99000039B5B6B1B78112B0CBF01230023DAB2B6
:10D9A000039B83F84C20079B013B079306E0039BF6
:10D9B0005A6B029B591C029112781A70039B5A6B86
:10D9C000039B9B6C9A4204D1039B9B6C5A1C039B48
:10D9D0009A64039B5B6B5A1C039B5A63069B01333F
:10D9E0000693069A059B9A42C2D3039B9A6C039BAB
:10D9F000D96A039B1B6B0B449A4203D1039BDA6ADF
:10DA0000039B9A64039B9A6C039BDB6A9A420FD335
:10DA1000039B9A6C039BD96A039B1B6B0B449A4232
:10DA200006E0039B5B6B059A194602980AF041FADF
:10DA300005990398DFF71EFB079B184609B05DF8B0
:10DA400004FB86B0039002910192019B0593002391
:10DA5000184606B0704782B0019000910E23184618
:10DA600002B0704784B003900291019200930E239C
:10DA7000184604B0704782B0019000BF02B07047F2
:10DA800084B003900291019200BF04B0704782B04D
:10DA90000190009100BF02B0704700B585B00190C1
:10DAA0000023039303AB00224FF0FF310198DFF70F
:10DAB00001FD039B184605B05DF804FB00B587B077
:10DAC00003900B4601928DF80B309DF80B20019BC3
:10DAD0004FF0FF310398DFF7EDFC0590059B1846EA
:10DAE00007B05DF804FB00B583B001900198DFF743
:10DAF00051FE00BF03B05DF804FB00B585B0019096
:10DB000000910023039303AB00220099019800F0D9
:10DB100005F8039B184605B05DF804FB00B587B017
:10DB200003900291009313468DF80730002305936C
:10DB3000009B002B01D1222326E0009B00221A60CB
:10DB4000029B002B02D0039B002B01D121231BE061
:10DB5000039B029A02FB03F304939DF80730009A9B
:10DB600019460498FFF7AAFF0590059B002B0AD1E0
:10DB7000009B1B68002B06D0009B1B68049A0021A9
:10DB800018460AF08BF9059B184607B05DF804FBB0
:10DB900000B585B0019000910023039303AB1A46B2
:10DBA00000990198DFF716FF039B184605B05DF852
:10DBB00004FB00B589B001900091019B08330793E5
:10DBC000019B0693079A009B13445A1E009B5B42DD
:10DBD00013400793079B083B0193019800F079F8E5
:10DBE000019A069BD31ADB10ADF81630069B5A88B3
:10DBF000BDF81630D31A9AB2019B5A80069B9A88B8
:10DC0000BDF8163013449AB2019B9A80069B9B88FC
:10DC1000002B13D0069B9B88DB005B42069A1344C3
:10DC20000493019B9A88049BDA80049B5A88BDF870
:10DC3000163013449AB2049B5A8004E0019A137878
:10DC400043F002031370069BDB88002B12D0069B67
:10DC5000DB88DB00069A13440393069BDA88BDF841
:10DC60001630D31A9AB2019BDA80019BDA88039BA3
:10DC70009A8002E0019B0022DA80019B184609B0DD
:10DC80005DF804FB00B585B0019000910098FFF7A6
:10DC900004FF0390039B184605B05DF804FB00B534
:10DCA00083B0019000910098FFF71DFF00BF03B003
:10DCB0005DF804FB00B587B00390029101920199D1
:10DCC0000298FFF765FF0590059B184607B05DF8C1
:10DCD00004FB82B00190019A13786FF30003137074
:10DCE000019A13786FF341031370019A13886FF34D
:10DCF0008F031380019B00225A80019B00229A808F
:10DD0000019B0022DA8000BF02B0704786B001900C
:10DD10000B468DF8033013468DF802309DF8033022
:10DD20009B088DF817309DF8033003F00303DB00E8
:10DD30000493FF22049B02FA03F303939DF8173028
:10DD4000012B19D89DF81720019B0C3253F8222083
:10DD5000039BDB4302EA03019DF80220049B02FAC5
:10DD600003F31A46039B13409DF817201943019BA8
:10DD70000C3243F8221000E000BF06B0704784B0B8
:10DD80000390029101920093039B029A9A60039B75
:10DD9000019ADA60039B009A1A6100BF04B07047D1
:10DDA00008B5E0F7B5F908B5FFF7FAFF00BF08BD01
:10DDB00000B583B06B4600221A601A7100238DF8FB
:10DDC00004306B461846DAF7C1FE00BF03B05DF8B9
:10DDD00004FB00B583B00DF056FE01900CF0BCFEC4
:10DDE00001980DF043FE00BF03B05DF804FB82B064
:10DDF000034600928DF807300B468DF8063000BFC1
:10DE000002B0704708B54FF4C870E0F7FFFB034657
:10DE1000184608BD08B500F0EFF80346184608BDDF
:10DE200082B001904FF0B041019A13465B00134459
:10DE30009B000B4434331B68184602B0704782B015
:10DE4000019000914FF0B041019A13465B001344DA
:10DE50009B000B443433009A1A6000BF02B0704735
:10DE600000B583B001900198FFF7DAFF034618462A
:10DE700003B05DF804FB00B583B0019000910099F8
:10DE80000198FFF7DCFF00BF03B05DF804FB00BFA3
:10DE90004FF0B0439B6A03F00803002BF8D14FF01A
:10DEA000B0431B6A1846704782B0019000BF4FF024
:10DEB000B0439B6A03F00803002BF8D14FF0B04247
:10DEC000019B136200BF02B0704782B001904FF017
:10DED000B04303F500531A46019B536100BF02B0E3
:10DEE000704782B001904FF0B0439A69019BDB43C9
:10DEF0004FF0B04113408B6100BF02B0704782B059
:10DF000001904FF0B0439A694FF0B041019B134329
:10DF10008B6100BF02B070474FF0B0435B69184699
:10DF2000704782B001904FF0B04303F580531A461A
:10DF3000019B536100BF02B0704782B00190012283
:10DF4000019B02FA03F3184602B0704700B585B092
:10DF50000190019B01330293029B002B01D12023EE
:10DF600003E0029BB3FA83F3DBB2C3F11F03039315
:10DF70000398FFF7E2FF039B184605B05DF804FB2A
:10DF800000B585B000238DF80F300DF096FD02909E
:10DF9000FFF7C2FF0190019B03F00103002B05D0A6
:10DFA0009DF80F3043F001038DF80F30019B03F013
:10DFB0004003002B05D09DF80F3043F002038DF88D
:10DFC0000F30019B03F051031846FFF77EFF9DF8C9
:10DFD0000F3018460DF0B8F902980DF060FD00BF43
:10DFE00005B05DF804FB82B001900091019A009B9E
:10DFF000D31A184602B0704700B583B00DF106037E
:10E0000019461220FFF70FF8BDF80630184603B086
:10E010005DF804FB08B5FBF715F9FBF72CF9FBF7E6
:10E0200035F9FBF74AF9FBF753F900BF08BD08B50E
:10E03000FBF753F9FBF753F9FBF756F9FBF759F9DF
:10E0400000BF08BD08B5D6F7D5FB00BF08BD00B5B9
:10E0500083B00023019303F06AF8E6F70DF804F0AB
:10E060007FF804F083FF019B184603B05DF804FBC2
:10E0700008B5EDF765FE00BF08BD08B504212120F5
:10E08000FFF794F804212220FFF790F804212320C1
:10E09000FFF78CF804212620FFF788F804212520BB
:10E0A000FFF784F804212020FFF780F804212420C2
:10E0B000FFF77CF805216FF00100FFF777F86FF0AC
:10E0C0000100DEF723FA00BF08BD00B587B001905C
:10E0D00003AB0C220021184609F0E0FE03AB184602
:10E0E000D6F71AFB049A019B1A600023184607B062
:10E0F0005DF804FB00BF704700B587B00590049140
:10E1000003920293039B002B09D0089B0093029B70
:10E11000039A0499059800F0C8F9034600E0059BAE
:10E12000184607B05DF804FB00B583B0E0F7A0FD2A
:10E130000190019B1B0C03F00103184603B05DF82E
:10E1400004FB08B500BFFFF7EFFF0346002BFAD131
:10E15000E0F78EFD02464FF6F0731340184608BDF7
:10E1600010B58CB005AC84E807000493069B049AB4
:10E170009A4201D2049B0693069B002B32D0049B4B
:10E18000002B2FD000230B93049B0A930E9B03F5C7
:10E19000381303F241135A02069BD31A0993069BC4
:10E1A00002936A4606AB93E8030082E80300059BEE
:10E1B00009AA07CA00F031FC069B049A9A4212D9B8
:10E1C0000E9B03F5381303F241135A02049BD31A32
:10E1D00009930998069B049AD31A1A46002100F065
:10E1E0000AFC00E000BF0CB010BD10B592B003AC4B
:10E1F00084E8070002930399059B03F08053002BEA
:10E2000004D0049B033323F0030201E0029B5A0075
:10E21000059B0EA800240094FFF76EFF0EAB184676
:10E2200000F06FF9149B03F5381303F241135A02FF
:10E23000029BD31A194606A8002300930023029AD2
:10E24000FFF75AFF149B03F5381303F5A1735A0225
:10E25000029BD31A194606AB03F11000002300936A
:10E260000023029AFFF748FF06AB1033184600F070
:10E2700048F906AA0EAB1146184600F0F9F800BF9F
:10E2800012B010BD10B592B003AC84E80700029341
:10E29000149B03F5381303F241135A02029BD31A5D
:10E2A00019460AA8002300930023029AFFF724FFCF
:10E2B000149B03F5381303F5A1735A02029BD31A7A
:10E2C00019460AAB03F11000002300930023029AC1
:10E2D000FFF712FF0AAB1033184600F012F903994A
:10E2E000059B03F08053002B04D0049B033323F0E1
:10E2F000030201E0029B5A00059B06A8002400943B
:10E30000FFF7FAFE06AB184600F0FBF806AA0AABC8
:10E310001146184600F0ACF800BF12B010BD10B5A1
:10E320008CB005AC84E8070004930E9B03F538130A
:10E3300003F5A0735B020993049B0A9300230B93DC
:10E34000049B02936A4606AB93E8030082E803004D
:10E35000059B09AA07CA00F060FB00BF0CB010BD06
:10E3600000B583B0E0F778FCFFF7EBFE0190019B6E
:10E37000184603B05DF804FB10B58AB003AC84E81E
:10E3800007000293039B0693029B0793059B089348
:10E390000023099326E00D9B002B05D1099B022B3E
:10E3A00014D0099B032B11D00C9B002B07D0099B89
:10E3B0000093029B06AA07CAFFF7D2FE06E0099B5C
:10E3C0000093029B06AA07CAFFF7A9FF089B03F068
:10E3D0008053002B03D1069A079B13440693099B95
:10E3E00001330993099B029A03FB02F2049B9A42B0
:10E3F000D1D300BF00BF0AB010BD84B0019000911E
:10E40000002303930CE00099039B5A01039B9B009C
:10E410000198034421FA02F21A60039B013303932B
:10E42000039B002BEFD000BF00BF04B0704710B5B6
:10E43000E0F71CFE0446E0F727FE03462343002BCB
:10E4400001D0E0F77FFD00BF10BD84B003900291C2
:10E4500001920093019B039A1A60009B029A1A6032
:10E4600000BF04B0704782B0019000BF02B0704797
:10E4700000B585B00190009102AB03AA0099019804
:10E48000FFF7E3FF039B029A11461846E0F766FD8B
:10E49000E0F7CEFDE0F7DEFDFFF7C9FF0098FFF7DC
:10E4A000E2FF00BF05B05DF804FB86B00390029167
:10E4B00001920093039B10330593039B059A5A60C6
:10E4C000039B029A1A60019B23F07042039B9A609F
:10E4D000029B002B08D0039B9A68009B03F07043BB
:10E4E0001A43039B9A6005E0039B9B6843F08042BC
:10E4F000039B9A60039B069ADA60059B184606B058
:10E50000704782B00190019B01225A60019BDB6839
:10E5100043F02002019BDA60019B9B6843F00052AC
:10E52000019B9A6000BF02B0704710B489B003909D
:10E5300002910192029B0593019B0693002307938E
:10E54000039B1C4605AB93E8070084E8070003988B
:10E5500009B05DF8044B704700B587B00590049191
:10E5600003920293039B002B09D0089B0093029B0C
:10E57000039A04990598FFF798FF034600E0059B6E
:10E58000184607B05DF804FB00B587B0059004910C
:10E5900003920293049B1968049B5868049B9A6831
:10E5A000039B1A43029B0093134602460598FFF70C
:10E5B000D3FF0346184607B05DF804FB82B0019014
:10E5C000019B5B4203F00F03184602B0704710B581
:10E5D000DCB004465CA8A0F5AC7001605CA9A1F5B4
:10E5E000AE710A605CAAA2F5B07213605CABA3F2D4
:10E5F000511322461A7054AB06A904221846FFF79D
:10E6000094FF5CABA3F5AE731A6851AB07CA83E8FD
:10E61000070006AA51AB11461846E0F749FD5A908B
:10E620005A9B002B01D05A9B29E15CABA3F58C735C
:10E630005F9A07CA83E80700619B5A68629B5B6820
:10E6400013441846FFF7BAFF59905F9B5B68184662
:10E65000FFF7B4FF5B90639B5B681846FFF7AEFF64
:10E660005890609B9B6803F08053002B06D0609B02
:10E670005B68033323F00302609B5A60649B9B68D2
:10E6800003F08053002B06D0649B5B68033323F0B8
:10E690000302649B5A60619B5A68629B5B681A44E0
:10E6A000599B1A445CABA3F5927300211846FFF7FF
:10E6B0003CFF609B5B681846FFF780FF02465CAB3F
:10E6C000A3F5987300211846FFF72FFF649B5B6842
:10E6D0001846FFF773FF02465CABA3F59E7300215B
:10E6E0001846FFF722FF5CABA3F5A67300221A6061
:10E6F000043300221A605A609A605F9B5B68002BAB
:10E700001DD1639B5B68002B19D1619B5B68002B5B
:10E7100015D1629B5B68002B11D110235B935CAB1E
:10E72000A3F58C746B4609A95B9A1846FFF7FDFEAA
:10E730005CABA3F5B872234607CA83E8070031AB88
:10E740005793012343F0100354A94FF000525798F8
:10E75000FFF71AFF5790012343F4016351A94FF0CB
:10E7600000525798FFF710FF5790012343F42053AE
:10E7700043F010034FF000525E995798FFF704FFE3
:10E780005790012343F4904343F010035CAAA2F591
:10E79000B0714FF0005209685798FFF7F5FE579097
:10E7A000012343F04003002261995798FFF7ECFEE4
:10E7B00057900122599B1B0203F4F853134343F073
:10E7C00040034FF0005262995798FFF7DDFE5790D3
:10E7D00001225B9B1B0203F4F853134316A94FF06D
:10E7E00000525798FFF7D0FE57900122589B1B020A
:10E7F00003F4F85313434FF0005263995798FFF70F
:10E80000C3FE5790579B103B1846FFF77AFE19AB93
:10E81000579313A9002300225798FFF7B5FE57908E
:10E820000023002260995798FFF7AEFE579010A979
:10E83000002300225798FFF7A7FE579000230022DD
:10E8400064995798FFF7A0FE57900DA90023002266
:10E850005798FFF799FE5790002300226599579823
:10E86000FFF792FE5790579B103B1846FFF749FE63
:10E8700019AA31AB11461846FFF7FAFD00231846D6
:10E880005CB010BD82B010B588B005AC84E807005C
:10E890000B93069B202B01D9012311E002AA0EAB9A
:10E8A00093E8030082E803006A4606AB93E803009E
:10E8B00082E80300059B0BAA07CA00F06FF9034624
:10E8C000184608B0BDE8104002B0704782B010B5DD
:10E8D00088B003AC84E807000B93119B202B01D96F
:10E8E00001234BE00C9A119B5B009A4212D10F9BC3
:10E8F000119A9A420ED10499119A13465B0013445F
:10E900005B00994208D00499119A13469B00134466
:10E91000994201D0072331E0129B01221199222054
:10E92000E0F7CEF90790079B002B01D0079B25E06D
:10E930000123019301230093119B03AA07CAFFF748
:10E940001BFD0F9B0E2200920EAA07CAFFF708FCC0
:10E95000002306220E210220E0F790F9FFF700FDC8
:10E960000790079B002B01D0062307E006230093A6
:10E97000119B0BAA07CAFFF785FC0023184608B0B5
:10E98000BDE8104002B0704788B003900291134672
:10E990008DF807309DF907300793029B013B0693E2
:10E9A00014E0069B039A13441B780593059A079B72
:10E9B00013440493069B039A1344049AD2B21A7028
:10E9C000049B1B120793069B013B0693069B002B9F
:10E9D000E7DA079B184608B0704700B585B003908A
:10E9E00002910192019A0299039809F062FA00BF1C
:10E9F00005B05DF804FB00B585B003900B460192AD
:10EA00008DF80B309DF90B30019A1946039809F0E7
:10EA100045FA00BF05B05DF804FB82B010B58CB0BC
:10EA200005AC84E807000F93079B03F08043002B9D
:10EA300056D1069B129A9A4201D9069B1293119BBA
:10EA400003F08053002B05D1109B129A9A4201D9F2
:10EA5000109B1293129B002B44D010230A93129AFE
:10EA60000A9B9A4213D3129B02936A4610AB93E817
:10EA7000030082E803000F9B05AA07CAE0F788FAA3
:10EA8000E0F7D6FAE0F7E6FAFFF7D1FC2BE0119BAE
:10EA900003F08053002B1CD000230B9314E00F9B3A
:10EAA0001B680893069A0B9BD31A042B28BF0423D8
:10EAB0000993059A0B9B134408A9099A1846FFF776
:10EAC0008CFF0B9B04330B930B9A129B9A42E6D359
:10EAD00009E0059B0F99129A1846FFF77EFF02E0A6
:10EAE00000BF00E000BF0CB0BDE8104002B07047AE
:10EAF00082B010B588B003AC84E807000B930C9A81
:10EB00000E9B5B009A4201D007232AE00F9B012253
:10EB10000E992620E0F7D4F80790079B002B01D030
:10EB2000079B1EE001230193012300930E9B03AA80
:10EB300007CAFFF721FC062300930E9B0BAA07CA06
:10EB4000FFF753FB0023002200210620E0F796F890
:10EB5000FFF706FC0790079B002B01D0052300E080
:10EB60000023184608B0BDE8104002B0704710B44A
:10EB700089B0039002910192029B0593019B069339
:10EB800000230793039B1C4605AB93E8070084E82A
:10EB90000700039809B05DF8044B704782B010B5C8
:10EBA0008EB001AC84E807001193029A129B9A423E
:10EBB00008D1119A129B013B13441B7803F0010307
:10EBC000002B01D10723C2E000230D9302E00D9B2F
:10EBD00001330D93119A0D9B13441B78002BF6D033
:10EBE000FF238DF8333004E09DF833305B008DF85F
:10EBF0003330119A0D9B13441A789DF8333013402B
:10EC0000DBB2002BF0D1019B0D9A0021184609F0D0
:10EC100045F9019A0D9BD118029A0D9BD21A05ABAA
:10EC20001846FFF7A4FF159C149805AB0ECBA04720
:10EC3000019A0D9B13441B785AB29DF93330DB4384
:10EC40005BB2134059B2019A0D9B1344CAB21A70B9
:10EC500000238DF8323001238DF8313000238DF8F8
:10EC6000303000230B934DE0019A0B9B13441B782B
:10EC70000893119A0B9B13441B780A93029B013B48
:10EC80000B9A9A4203D10A9B03F0FE030A939DF864
:10EC900032200A99089BCB1A1B0A002B14BF0123B0
:10ECA0000023DBB219469DF831300B401343002B93
:10ECB00014BF012300238DF832309DF831300A99BA
:10ECC000089A4A40013A120A002A14BF012200227F
:10ECD000D2B21340002B14BF012300238DF8313032
:10ECE0009DF830300A9A002A14BF01220022D2B2C5
:10ECF0001343002B14BF012300238DF830300B9BEE
:10ED000001330B93029B0B9A9A42ADD39DF830309E
:10ED100083F00103DBB2002B01D0072317E09DF83D
:10ED200032209DF831301343DBB2002B14BF012396
:10ED300000238DF827309DF82730002B7FF473AF28
:10ED4000019B029901221846FFF71EFE0023184678
:10ED50000EB0BDE8104002B0704700B583B0DFF7D9
:10ED6000FBFF0190019BDBB203F00E038DF8033033
:10ED70009DF80330002BF2D09DF80330022BEED02B
:10ED8000019B03F48063002B01D0062300E00023E5
:10ED9000184603B05DF804FB00B585B00190E0F7BC
:10EDA00013F80198E0F738FC0390039B002B01D087
:10EDB000039B02E0E0F75CFC0346184605B05DF8F3
:10EDC00004FB08B5E0F734F8E0F780FC00BF08BDAD
:10EDD00000B583B001900091019B002B03D00099F6
:10EDE0000198E0F77BFC0198FEF77DFE00BF03B0C1
:10EDF0005DF804FB82B001900091019B002B03D0D1
:10EE0000019A009B134400E00023184602B07047AB
:10EE100082B00190019B002B0CBF01230023DBB2C9
:10EE2000184602B0704782B00190019B5B6918469A
:10EE300002B0704782B00190019B5B68184602B037
:10EE4000704782B00190019B1B88184602B0704742
:10EE500082B00190019B5B88184602B0704700B5F4
:10EE600083B06FF096030193FEF74BF80190019B7E
:10EE7000002B01D0019B00E00023184603B05DF891
:10EE800004FB00BF704700B587B003900291019268
:10EE900000930398FFF7CEFF03461B0A05930398E0
:10EEA000FFF7CFFF0346ADF81230009B00221A6037
:10EEB0006FF08603184607B05DF804FB00B58DB00F
:10EEC00007900691059204936FF096030B930798B1
:10EED000FFF7B0FF03461B0A0A93012309930A9B1D
:10EEE000002B24D10798FFF7ACFF034603F48043BF
:10EEF000B3F5804F0DD1099B002B0AD0109B0F9AC0
:10EF00000E990798DCF77EFB0B900B9B13F1860F95
:10EF100011D1109B02930F9B01930E9B0093049BB6
:10EF2000059A0699079801F008FA0B9004E06FF033
:10EF300086030B9300E000BF0B9B18460DB05DF8F5
:10EF400004FB00B58BB007900691059204936FF017
:10EF5000960309930798FFF76DFF03461B0A089372
:10EF6000089B002B20D10E9B02930D9B01930C9BC1
:10EF70000093049B059A06990798DCF7BDFC09905D
:10EF8000099B13F1860F01D0099B0FE00E9B0293A2
:10EF90000D9B01930C9B0093049B059A069907987F
:10EFA00000F061FA034601E06FF0860318460BB0EB
:10EFB0005DF804FB00B589B00590049103920293BB
:10EFC0006FF0860307930598FFF734FF03461B0A8B
:10EFD0000693069B002B0BD10B9B01930A9B00937E
:10EFE000029B039A0499059800F0D0FB034600E0C9
:10EFF000079B184609B05DF804FB00B58FB00B9075
:10F000000A91099208936FF096030D930B98FFF7FE
:10F0100011FF03461B0A0C930C9B002B1DD1169B62
:10F020000693159B0593149B0493139B0393129BC8
:10F030000293119B0193109B0093089B099A0A99D4
:10F040000B98DCF70DF90D900D9B13F1860F01D095
:10F050000D9B04E06FF0850301E06FF08603184616
:10F060000FB05DF804FB00B58DB0099008910792D0
:10F0700006936FF096030B930998FFF7DBFE0346A8
:10F080001B0A0A930A9B002B19D1129B0493119B14
:10F090000393109B02930F9B01930E9B0093069B7F
:10F0A000079A08990998DCF74DFD0B900B9B13F11B
:10F0B000860F01D00B9B04E06FF0850301E06FF039
:10F0C000860318460DB05DF804FB00B589B00590C5
:10F0D0000491039202936FF0960307930498FFF74D
:10F0E000A9FE03461B0A0693069B002B19D1059B1C
:10F0F00003F108000A9B0093029B039A0499DCF732
:10F10000BBFD0790079B002B02D1059B06221A60CE
:10F11000079B13F1860F01D0079B04E06FF0850376
:10F1200001E06FF08603184609B05DF804FB00B5F6
:10F1300089B005900491039202936FF096030793B0
:10F140000498FFF777FE03461B0A0693069B002BE5
:10F1500019D1059B03F108000A9B0093029B039AB7
:10F160000499FDF76BFE0790079B002B02D1059BCE
:10F1700006221A60079B13F1860F01D0079B04E05B
:10F180006FF0850301E06FF08603184609B05DF863
:10F1900004FB00B585B0039002910192039B1B68AC
:10F1A000062B08D1039B0833019A02991846DCF715
:10F1B000BFFD034601E06FF08603184605B05DF819
:10F1C00004FB00B585B00390029101920093039B6C
:10F1D0001B68062B09D1039B03F10800009B019AD1
:10F1E0000299DCF737FE034601E06FF0860318460C
:10F1F00005B05DF804FB00B583B00190019B1B686E
:10F20000062B06D1019B08331846FDF767FE03461F
:10F2100001E06FF08603184603B05DF804FB00B50B
:10F220008DB009900891079206936FF096030B93A7
:10F230000998FFF7FFFD03461B0A0A930A9B002B60
:10F2400029D1129B0493119B0393109B02930F9B54
:10F2500001930E9B0093079B089A09990698DCF787
:10F26000D7F80B900B9B13F1860F01D00B9B14E08A
:10F27000129B0493119B0393109B02930F9B01938A
:10F280000E9B0093069B079A0899099800F035FF9A
:10F290000B900B9B01E06FF0850318460DB05DF8F5
:10F2A00004FB82B001900B468DF8033013468DF8B5
:10F2B0000230019B1B7E9DF803209A4202D06FF022
:10F2C000960304E0019B9DF802201A76002318465D
:10F2D00002B0704782B00190019B1B0A002B14BF43
:10F2E00001230023DBB2184602B0704782B0034608
:10F2F000ADF80630BDF8063003F4E043B3F5805FA7
:10F3000006D0BDF8063003F4E043B3F5005F01D149
:10F31000012300E00023184602B0704700B587B013
:10F32000039002910192009300230593019B002B0F
:10F330000FD0029B002B01D1009B0593039A059BE4
:10F34000D018019A059BD31A1A46212108F0A6FD70
:10F3500000E000BF07B05DF804FB82B003460091F7
:10F36000ADF80630BDF80630B3F5105F20D0B3F528
:10F37000105F2ADC41F20522934226DCB3F5905F50
:10F3800007DA41F20102934222D0B3F5885F1FD021
:10F390001BE0A3F59053292222FA03F303F00103A3
:10F3A000002B14BF01230023DBB2002B0DD00FE094
:10F3B000009B802B0ED0009BC02B0BD0009BB3F585
:10F3C000807F07D06FF086030EE06FF085030BE0BF
:10F3D00000BF00E000BF009B03F00703002B02D03A
:10F3E0006FF0860300E00023184602B0704700B5B6
:10F3F00083B001900091019B1B6A002B02D06FF03B
:10F400008A0311E000990120FEF777FB0246019B79
:10F410001A62019B1B6A002B02D16FF08C0303E080
:10F42000019B009A5A620023184603B05DF804FB62
:10F4300000B587B003900291019201990398FFF7FC
:10F44000D6FF0590059B002B01D0059B07E0039B91
:10F450001B6A019A0299184608F02BFD00231846F2
:10F4600007B05DF804FB00B587B0039002910192EC
:10F4700000936FF096030593039B1B88ADF8123041
:10F48000019B002B02D16FF0850344E0BDF81230E0
:10F490001846FFF72BFF0346002B3AD00A9B1B6848
:10F4A000002B03D1019BDA000A9B1A60039B1A8888
:10F4B0000A9B1B6819461046FFF74FFF0590059BF6
:10F4C000002B01D0059B26E00A9B1B680733DB0855
:10F4D000019A9A4202D06FF086031CE00A9B1B68D7
:10F4E0000733DB08089A9A4202D26FF0890312E0D0
:10F4F0000A9B1B680733DB081A460299009808F03C
:10F50000D8FC0A9B1B680733DA08099B1A600023A2
:10F5100001E06FF08503184607B05DF804FB00B505
:10F5200087B003900291019200936FF096030593C8
:10F53000002304930299039801F090FA0590059B2B
:10F54000002B01D0059B32E0029B1B680493049BB7
:10F550001B8803F4E043B3F5804F03D1019B23F0F4
:10F5600001030193049B9A68019B1340019A9A42FC
:10F5700003D06FF08403059312E0009B002B0CD0A6
:10F58000049B03F10800049B1B88009A1946E0F7CE
:10F59000ADFB0590059B002B01D1002307E000BFC8
:10F5A000029B00221A60049801F0F5FA059B1846A8
:10F5B00007B05DF804FB00B583B00190019B1B6AA6
:10F5C000002B07D0019B1A6A019B5B6A1946104603
:10F5D000FFF7FEFB019B00221A62019B00225A6288
:10F5E0000023184603B05DF804FB00B585B0019018
:10F5F0000198FFF7E0FF0390019B1B7E032B1ADCB1
:10F60000022B04DA002B12D0012B08D013E0019B4F
:10F61000DB69012B13D06FF0960303930FE0019B7E
:10F62000DB69002B0DD06FF09603039309E06FF0B8
:10F630009603039306E06FF09603039302E000BF86
:10F6400000E000BF28220021019808F027FC039B5E
:10F65000184605B05DF804FB00B587B001900023A3
:10F6600005930198FFF7D4FB0346002B01D000233C
:10F670003CE003AB1946019801F0F0F90490049BBB
:10F68000002B01D0049B31E0039B0322022118468A
:10F69000FFF707FE0590059B002B19D1039B5B68C4
:10F6A000DBB2FF2B03D16FF08403059313E0039BC0
:10F6B0005B68DBB2002B0DD0039B5B69184601F041
:10F6C00037FB0490059B002B04D1049B059302E0BB
:10F6D00000BF00E000BF039B184601F029FA049028
:10F6E000049B002B01D0049B0593059B184607B093
:10F6F0005DF804FB30B585B0019000916FF0960382
:10F700000393009800F086FF02A9002300220198CD
:10F71000FFF705FF0390039B002B01D0039B0EE036
:10F72000029B009A14461D460FCD0FC495E80300B6
:10F7300084E80300029B184601F02DFA03461846A0
:10F7400005B030BD00B585B00390029101920093E1
:10F75000029A009B9A4202D96FF0890312E0029A42
:10F760000399019808F0A5FB019A029BD018009A12
:10F77000029BD31A1A46002108F090FB069B029ABE
:10F780001A600023184605B05DF804FB00B589B087
:10F790000590049103920293059B1B88ADF81E30DF
:10F7A000BDF81E301846FFF7A1FD0346002B19D106
:10F7B000BDF81E3023F4405344F20102934211D0AD
:10F7C000BDF81E3023F4435323F03F03B3F5824FBB
:10F7D00008D0BDF81E3023F4435323F03F03B3F5A4
:10F7E000844F09D10B9B00930A9B029A03990498BA
:10F7F000FFF7A8FF034601E06FF08503184609B044
:10F800005DF804FB00B58BB0059004910392029360
:10F810006FF0960309936FF0960308930023079304
:10F82000039B002B02D16FF089032BE0029B002287
:10F830001A6006A9002301220598FFF770FE0990BF
:10F84000099B002B01D0099B1CE0049B0793069B9E
:10F850001846069B196A069B5A6A029B0193039BF2
:10F860000093079BFFF7A6FB0990069B184601F043
:10F8700092F9089000230793099B002B01D1089B64
:10F8800000E0099B18460BB05DF804FB00B589B099
:10F890000590049103920293059B1B88ADF81E30DE
:10F8A000BDF81E3003F4E043B3F5804F23D1BDF81B
:10F8B0001E3023F4405344F20102934211D0BDF8AC
:10F8C0001E3023F4435323F03F03B3F5824F08D097
:10F8D000BDF81E3023F4435323F03F03B3F5844FA8
:10F8E00009D10B9B00930A9B029A03990498FFF796
:10F8F00029FF034624E0BDF81E3023F4405344F2B0
:10F900000102934202D16FF0850319E0BDF81E3069
:10F9100023F4435323F03F03B3F5824F02D16FF03A
:10F9200085030DE0BDF81E3023F4435323F03F035D
:10F93000B3F5844F02D16FF0850301E06FF08503CA
:10F94000184609B05DF804FB00B58BB00590049132
:10F95000039202936FF0960309936FF09603089356
:10F9600000230793039B002B02D16FF0890335E03E
:10F97000029B00221A6006A9002300220598FFF7C7
:10F98000CEFD0990099B002B01D0099B26E0049B2A
:10F990000793069B1B8803F48043002B03D16FF071
:10F9A000860309930DE0069B1846069B196A069B81
:10F9B0005A6A029B0193039B0093079B00F0EFFEA2
:10F9C0000990069B184601F0E6F80890002307937B
:10F9D000099B002B01D1089B00E0099B18460BB046
:10F9E0005DF804FB82B00190019B1B6823F47F4308
:10F9F00023F00303002B02D06FF0860300E0002306
:10FA0000184602B0704700B587B0019000916FF0C2
:10FA1000860305930198FFF70DFA04900198FFF70C
:10FA200002FA03900099049801F0C4F80590059B30
:10FA3000002B01D0059B37E0049801F0CCF805902D
:10FA4000059B002B01D0059B2EE0049BDBB2002B15
:10FA500005D1039B002B10D06FF0860324E00198A2
:10FA6000FFF7E1F903460021184600F044FF034682
:10FA7000002B02D16FF0860316E0019B0833184675
:10FA8000FFF7B0FF0590059B002B01D0059B0BE015
:10FA90000198FFF7DDF903464FF6F872934202D959
:10FAA0006FF0850300E00023184607B05DF804FB03
:10FAB00030B589B002910192009303468DF80F3062
:10FAC000009B00221A6000990298FFF79CFF0790A4
:10FAD000079B002B01D0079B2CE0029B5B68DBB2ED
:10FAE000002B0CBF01230023DBB20693069B002BE7
:10FAF00001D004AB00E0002301991846E0F7D6FDE1
:10FB00000790079B002B01D0079B13E0019B1B680C
:10FB10000593059A029B14461D460FCD0FC495E828
:10FB2000030084E80300069B002B02D0049A059B87
:10FB30005A610023184609B030BD00B587B0039064
:10FB40000291019200230593039B5B68DBB2002BBB
:10FB500008D00398039B196A039B5B6A1A4601F05D
:10FB6000D7F90590059B002B0FD1039B5A69019B88
:10FB70001A60022201210398FFF793FB0590059B71
:10FB8000002B02D0019B00221A60059B184607B08B
:10FB90005DF804FB00B583B001900091019B002B40
:10FBA00003D00198FFF721FD00E000BF03B05DF82E
:10FBB00004FB82B001900091009B1B88002B08D0B1
:10FBC000009B1A88019B1B889A4202D06FF0860323
:10FBD0000DE0009B5B88002B08D0009B5A88019B9E
:10FBE0005B889A4202D06FF0860300E0002318463B
:10FBF00002B0704700B58FB007900691059204934C
:10FC000000230C9300230B9300230A93059B089376
:10FC1000049B00221A60059B002B02D16FF0860323
:10FC20008BE0059BB3F1005F02D36FF0850384E0A6
:10FC3000069B0C930AAB0BAA07990020FFF738FF2D
:10FC40000D900D9B002B63D10B9B1B6A002B1BD1CE
:10FC5000079B5B681846FFF73DFB0346002B09D066
:10FC600008AB059A0C990798FFF70DF90D900D9BBD
:10FC7000002B4FD10B9B089A11461846FFF7B7FB94
:10FC80000D900D9B002B47D10B9B5B8809930B9B21
:10FC9000186A0B9B5B6A0B9A243209A902910192A4
:10FCA00000930346059A0C990798FFF74AF90D90BF
:10FCB0000D9B002B32D10B9B5B88002B04D1099A42
:10FCC0000B9B92B25A8009E00B9B5B881A46099BFA
:10FCD0009A4203D06FF086030D9322E0099B4FF602
:10FCE000F872934203D96FF085030D9319E00B9BD3
:10FCF00007991846FFF75DFF0D900D9B002B0FD164
:10FD00000B9B0A99049A1846FFF717FF0D9008E01D
:10FD100000BF06E000BF04E000BF02E000BF00E05B
:10FD200000BF00230C930D9B002B05D00B9B0A9A60
:10FD300011461846FFF72EFF0D9B18460FB05DF8D1
:10FD400004FB00B585B00190019B1B68002B01D11D
:10FD500000230FE00198FFF74EFA0390019B002269
:10FD60001A71019A53796FF300035371019B0022BA
:10FD70001A60039B184605B05DF804FB00B58BB014
:10FD800005900491039202936FF0960309936FF02C
:10FD90009603089300230793059B1B68002B03D051
:10FDA0006FF08803099349E0029B002B02D04FF4C7
:10FDB000806201E04FF4006207A9039B0498FFF7FB
:10FDC000AEFB0990099B002B35D1079B1946059B7B
:10FDD00004331A460398E0F751F80990099B002B69
:10FDE0002BD1029B03F00103D9B2059A537961F339
:10FDF00000035371029B002B0ED0079B1846079BF4
:10FE00001A6A079B596A039B00930B4601460598A3
:10FE1000FFF75BF9099011E0079B1846079B1A6AE8
:10FE2000079B596A039B00930B4601460598FFF711
:10FE30007EF9099002E000BF00E000BF099B002BA3
:10FE400002D00598FFF77DFF079B184600F0A3FE40
:10FE50000890099B002B01D1089B00E0099B1846E4
:10FE60000BB05DF804FB00B585B0039002910192E0
:10FE70000123019A02990398FFF780FF0346184671
:10FE800005B05DF804FB00B587B0039002910192C4
:10FE90006FF09603059300230493039B1B68002BCC
:10FEA00004D16FF088030593059B17E0019B002B9D
:10FEB00003D100230593059B10E0029B0493019A54
:10FEC00004990398FFF765F90590059B002B02D074
:10FED0000398FFF736FF00230493059B184607B0ED
:10FEE0005DF804FB00B589B0039002910192009384
:10FEF0006FF0960307936FF0960306930023059324
:10FF0000029B0593039B1B68002B03D16FF08803B2
:10FF1000079325E0039B5B7903F00103DBB2002B21
:10FF200003D16FF0880307931AE0039B1B79002B22
:10FF300003D16FF08803079312E0039B1B791A46E5
:10FF4000019B934203D26FF08903079308E0039B60
:10FF50001B791A46009B05990398FFF732F9079021
:10FF6000079B002B05D0009B019A1A60039B00227F
:10FF70001A71059B002B06D0009B1B68019A0799FC
:10FF80000598FFF7CBF90398FFF7DBFE06900023F7
:10FF90000593079B002B01D1069B00E0079B1846A9
:10FFA00009B05DF804FB10B58EB009900891079276
:10FFB00006936FF096030D936FF096030C93002356
:10FFC0008DF82B30139B002B02D04FF4806201E0A0
:10FFD0004FF400620BA9089B0998FFF7A0FA0D9057
:10FFE0000D9B002B2DD10B9B19460DF12B031A46AF
:10FFF0000898DFF743FF0D900D9B002B23D19DF850
:020000024000BC
:100000002B301A46119B934203D26FF089030D9354
:100010001AE00B9B1C460B9B196A0B9B5A6A9DF8B6
:100020002B301846129B04930390109B0293069B5F
:100030000193079B0093089B2046FFF714F80D904F
:1000400002E000BF00E000BF0D9B002B05D0129B1B
:10005000119A1A6000238DF82B30129B1B68119A9D
:100060000D991098FFF75AF90B9B184600F093FD75
:100070000C900D9B002B01D10C9B00E00D9B1846B2
:100080000EB010BD00B58DB0079006910592049397
:100090006FF096030B9300230A9300230993059BAB
:1000A0000A930E9B099301230393109B02930F9BCA
:1000B0000193099B0093049B0A9A06990798FFF7FE
:1000C00072FF0B9000230A93002309930B9B1846A1
:1000D0000DB05DF804FB82B001900091019B1B689C
:1000E000002B01D0002305E0009B002B01D0002352
:1000F00000E00123184602B0704784B003900291DB
:10010000019200936FF08503184604B0704700B564
:100110008BB00990089107920693099B03F0FE4368
:10012000B3F1106F09D1099B23F01F6323F47023EF
:1001300043F00063B3F1006F02D06FF0850312E06B
:100140000898089B196A089B5A6A0E9B04930D9B9A
:1001500003930C9B0293069B0193079B0093099BBF
:10016000FFF75DF8034618460BB05DF804FB00B5D9
:100170008FB007900691059204936FF096030D934C
:100180006FF096030C930023089300230B93002336
:100190000A93109B0A93079B03F0FE43B3F1106F81
:1001A00003D06FF086030D9338E008A9079B4FF446
:1001B00080420698FFF7B3F90D900D9B002B2CD1D0
:1001C000089B1B8823F0FF03B3F5E24F06D0089B82
:1001D0001B8823F0FF03B3F5E44F04D1089B5B8831
:1001E0000733DB0800E000230993119A099B9A4228
:1001F00003D26FF089030D9310E0059B0B930899D0
:10020000129B0293119B01930A9B0093049B0B9AF0
:100210000798FFF77CFF0D9000E000BF0A9B002BC2
:1002200009D00D9B002B06D011990A98DFF7C2FF69
:10023000129B119A1A600A9B002B02D1129B00227A
:100240001A60089B184600F0A6FC0C9000230B9344
:1002500000230A930D9B002B01D10C9B00E00D9B0A
:1002600018460FB05DF804FB00B583B0019008227A
:100270000021019807F012FE00BF03B05DF804FBF7
:1002800000B583B0019008220021019807F006FE16
:1002900000BF03B05DF804FB82B001900023184654
:1002A00002B0704700B585B0019000910023039320
:1002B000019B039300990398DFF77CFF02900023D2
:1002C0000393029B184605B05DF804FB00B585B0AA
:1002D00003460091ADF806306FF096030393BDF826
:1002E00006301846FFF702F80346002B0BD0BDF886
:1002F000063000991846FFF730F80390039B002B57
:1003000016D0039B15E0BDF8063023F4435323F0C9
:100310003F03B3F5824F08D1BDF8063003F4E04344
:10032000B3F5E04F01D1002303E06FF0850300E057
:100330000023184605B05DF804FB00B587B00390B4
:100340000291019200936FF096030593039B1B8823
:10035000ADF81230BDF812301846FEF7C7FF03465D
:10036000002B09D009990898DFF724FF0590059B19
:10037000002B04D0059B03E06FF0850300E0002311
:10038000184607B05DF804FB00B58DB007900691E4
:100390000592049300230A93002309930E9B0022E5
:1003A0001A600798FEF754FD0346002B02D16FF048
:1003B0008603F9E0079B1B8803F4E043B3F5804F05
:1003C00002D16FF08603EFE004990698FFF783FEF1
:1003D0000346002B02D16FF08603E5E009AB0AAAC1
:1003E00007990120FFF764FB0B900B9B002B40F05B
:1003F000BE800A9B1B6A002B40F0A180079B5B68B4
:100400001B0A002B40F08880079B1A88079B5B889B
:1004100019461046FFF75AFF0B900B9B002B40F03C
:10042000A880079B1B8803F4E043B3F5805F06D0E8
:10043000079B1B8803F4E043B3F5005F04D1079BDF
:100440005B880733DB0865E0079B1B8823F4435375
:1004500023F03F03B3F5844F04D1079B5B88073338
:10046000DB0857E0079B1B8847F2010293420AD141
:10047000079B5B885B089BB20133DA081346DB00FD
:1004800013443B3346E0079B1B8844F2010293422E
:1004900005D1079B5B88DB089BB210333AE0079BD2
:1004A0001B8847F20202934209D1079B5B88DB0855
:1004B0009BB21A4613465B0013445A332AE0079B4B
:1004C0001B8844F20202934209D1079B5B88DB0838
:1004D0009BB21A4613465B0013444A331AE0079B4B
:1004E0001B8823F0FF03B3F5E24F04D1079B5B8821
:1004F0000733DB080EE0079B1B8823F0FF03B3F5EF
:10050000824F06D1079B5B880733DB085B00013312
:1005100000E00023089308E008AB1946079800F0B4
:100520009AF80B900B9B002B25D10A9B089A114639
:100530001846FEF75CFF0B900B9B002B1DD10A9B0E
:100540001B6A0A9A526A0A99243102910192009315
:10055000049B059A06990798FEF7B0FC0B900B9B3D
:10056000002B0CD00A9B1846FFF725F808E000BFC7
:1005700006E000BF04E000BF02E000BF00E000BFF3
:100580000B9B002B06D10A9B09990E9A1846FFF780
:10059000D4FA0B900B9B002B05D00A9B099A1146AD
:1005A0001846FFF7F7FA0B9B18460DB05DF804FBF1
:1005B00000B583B0DFF7B4F80346002B01D0002369
:1005C00024E00120DFF76AFF0190019B002B12D18C
:1005D0000220DFF763FF0190019B002B0DD1032068
:1005E000DFF75CFF0190019B002B08D10420DFF7AF
:1005F00055FF019004E000BF02E000BF00E000BF33
:10060000019B002B01D0DFF709FF019B184603B0C7
:100610005DF804FB00B583B0019018220021019819
:1006200007F03CFC00BF03B05DF804FB82B0019012
:10063000019B5B68184602B0704782B00190019B35
:100640001B88184602B0704782B00190019B5B88FE
:10065000184602B0704700B587B00190009101982C
:10066000FFF7E4FF03461B0A05930198FFF7E5FF38
:100670000346ADF812300198FFF7E6FF0390002320
:100680000293059B002B40F08180BDF8123003F4EB
:10069000E043B3F5805F06D0BDF8123003F4E043C9
:1006A000B3F5005F03D1039B0733DB0858E0BDF8C7
:1006B000123023F4435323F03F03B3F5844F03D1A7
:1006C000039B0733DB084BE0BDF8123047F2010211
:1006D000934208D1039B5B080133DA081346DB0021
:1006E00013443B333CE0BDF8123044F20102934224
:1006F00003D1039BDB08103332E0BDF8123047F220
:100700000202934206D1039BDA0813465B001344AE
:100710005A3325E0BDF8123044F20202934206D16A
:10072000039BDA0813465B0013444A3318E0BDF814
:10073000123023F0FF03B3F5E24F03D1039B0733DD
:10074000DB080DE0BDF8123023F0FF03B3F5824F54
:1007500005D1039B0733DB085B00013300E0002376
:100760000293029B002B09D0BDF8123023F0FF0347
:10077000B3F5824F05D1029B012B02D16FF08503A7
:1007800009E0009B029A1A60002304E0009B00220B
:100790001A606FF08603184607B05DF804FB00B5D9
:1007A00089B005900491039202936FF0860307933A
:1007B0000598FFF73BFF03461B0A0693069B002B99
:1007C0001CD10B9B01930A9B0093029B039A0499F3
:1007D0000598DAF7C1FF0790079B13F1860F01D048
:1007E000079B0CE00B9B01930A9B0093029B039ACF
:1007F00004990598FFF74AF8034600E0079B18465E
:1008000009B05DF804FB82B001900091019A009B51
:100810009A420CBF01230023DBB2184602B0704796
:1008200082B00190019B1B6803F48053002B05D01C
:10083000019B1B6843F48062019B1A60019B1B684B
:1008400003F40053002B05D0019B1B6843F40062A6
:10085000019B1A6000BF02B0704782B00190019BFB
:10086000DB69002B14BF01230023DBB2184602B062
:10087000704782B001900B468DF8033013468DF817
:100880000230019B1B7E9DF803209A4202D06FF03C
:10089000960304E0019B9DF802201A760023184677
:1008A00002B0704782B00190019B1B7E022B04D1E5
:1008B000019BDB69B3F1FF3F02D16FF0960305E0C6
:1008C000019BDB695A1C019BDA610023184602B0C8
:1008D000704782B00190019B1B0A002B14BF0123BB
:1008E0000023DBB2184602B0704782B001900423A7
:1008F000184602B0704784B001900091019B0393A9
:10090000039B002B05D0039BB3F1804F01D2012341
:100910000CE0009B002B08D0039BB3F1804F04D365
:10092000039B002B01DB012300E00023184604B0E9
:10093000704700B587B0019000916FF09603059362
:10094000019B0293002303930298DFF727FE0346DF
:10095000002B1AD00298DFF741FE0390039B002B77
:100960000FD0039B1B7E022B0BD1039B5B691946A7
:100970000198FFF748FF0346002B02D000230593A0
:1009800031E06FF08B0305932DE001210198FFF713
:10099000B2FF0346002B02D16FF0870331E0002342
:1009A000049313E00498DFF729FE0390039B1B7E5A
:1009B000022B08D1039B5B6919460198FFF723FFBF
:1009C0000346002B06D1049B01330493049B032BA5
:1009D000E8D900E000BF049B032B01D8002301E00D
:1009E0006FF08B030593059B002B09D10398FFF74C
:1009F00059FF0590059B002B02D1009B039A1A60BA
:100A0000059B184607B05DF804FB00B587B0019060
:100A1000002305930023049300230393019B03AA5F
:100A200004A9184600F0BAFA0590059B002B09D1DD
:100A3000049B039A19460198FEF7FAFC0590059B62
:100A4000002B00E000BF049B039A1146184600F0FB
:100A500099FA059B184607B05DF804FB00B585B010
:100A6000019000916FF096030393009B00221A609F
:100A7000DFF7A6FD0346002B02D16FF0880353E099
:100A800000990198FFF755FF0390039B13F18C0F1A
:100A900001D0039B48E000990020DFF707FE039098
:100AA000039B002B01D0039B3EE0009B1B68019A37
:100AB0005A61009B1B6801225A606FF08B030393FD
:100AC000039B13F18C0F05D1009B1B681846FFF7A1
:100AD0009CFF0390039B002B0CD0009B1B681846C7
:100AE000FEF783FD039B13F18C0F16D16FF0870384
:100AF000039312E0009B1B6808331846FFF790FE33
:100B0000009B1B68022201211846FFF7B2FE009BE2
:100B10001B681846FFF7C6FE0390039B002B02D00C
:100B2000009B00221A60039B184605B05DF804FB89
:100B300000B583B00190019B002B01D1002326E07A
:100B4000019B1B7E022B06D0019B1B7E032B02D038
:100B50006FF096031BE0019B1B7E032B08D1019BCA
:100B6000DB69012B04D10198FEF73FFD03460EE03F
:100B70000198FFF772FE0346002B06D0019BDB694C
:100B80005A1E019BDA61002301E06FF096031846BC
:100B900003B05DF804FB00B585B001906FF09603DB
:100BA00003930198FFF7C4FF0390039B184605B019
:100BB0005DF804FB00B583B0019000910198FFF748
:100BC00088FE0346002B01D0002300E000231846D6
:100BD00003B05DF804FB82B00190019BDBB2002BF7
:100BE00001D1002307E0019BDBB2FF2B02D16FF0A4
:100BF000860300E00023184602B0704730B482B08C
:100C00000190019B00221C46154622462B461046A9
:100C1000194602B030BC704700B58DB00590049104
:100C200003920598FFF7EAFFCDE90A010023069336
:100C300007AB1A46DDE90A01FBF7C8FE0990099BDC
:100C4000002B01D0099B12E006AB0193049B00939B
:100C5000039B0022DDE90A01DAF7CAF90990069B35
:100C6000039A9A4202D06FF0980300E0099B18465D
:100C70000DB05DF804FB00B589B001900198FFF755
:100C8000BDFFCDE9060103AB1A46DDE90601FBF71E
:100C90009DFE0590059B13F18C0F01D1002300E010
:100CA0000123184609B05DF804FB00B58DB005902E
:100CB000049103920598FFF7A1FFCDE9080105987B
:100CC000FFF7D9FF0346012B02D16FF08A032BE017
:100CD00000230093049B039ADDE90801DAF7F0F89A
:100CE0000B900B9B002B02D06FF098031CE006AB1F
:100CF0001A46DDE90801FBF769FE0B900B9B002B00
:100D000007D1069B039A9A4205D06FF098030B9384
:100D100002E000BF00E000BF0B9B002B03D0DDE929
:100D20000801DAF7FFF90B9B18460DB05DF804FBDC
:100D300000B589B001900198FFF760FFCDE9060189
:100D400003AB1A46DDE90601FBF740FE0590059B63
:100D500013F18C0F01D1002318E0DDE90601DAF769
:100D6000E1F90346002B02D06FF098030EE003ABCD
:100D70001A46DDE90601FBF729FE0590059B13F1F4
:100D80008C0F02D06FF0980300E00023184609B0E2
:100D90005DF804FB00B589B0019000910198FFF760
:100DA0002DFFCDE9060103AB1A46DDE90601FBF78D
:100DB0000DFE0590059B002B01D0059B03E0039AD7
:100DC000009B1A600023184609B05DF804FB00B5CB
:100DD00097B00390029101920093039B1593029B9D
:100DE000232B02D86FF098038EE00398DFF756FDAF
:100DF0001490149B002B01D0149B85E0159B0833A5
:100E00001293129B1B680493049B1393139B002B58
:100E100002D06FF0980377E0159B20331193119B5C
:100E20001B680593059A009B1A60009B1A68029B39
:100E3000243B9A4204D8009B1B68B3F5005F02D3A1
:100E40006FF0980360E0009B1B68002B03D1019BAF
:100E500000221A6019E0009B1B6819460120FCF76C
:100E60004CFE0246019B1A60019B1B68002B02D1BD
:100E70006FF08C0348E0019B1868159B03F1240177
:100E8000009B1B681A4607F014F8159B0C330B9354
:100E90000B9B1B680A930A9A189B5A60159B103388
:100EA0000C930C9B1B889BB2ADF82630BDF8262016
:100EB000189B1A80159B12330D930D9B1B889BB2B8
:100EC000ADF82430BDF82420189B5A80159B1433AC
:100ED0000E930E9B1B680893089A189B9A60159BAB
:100EE000143304330F930F9B1B680793079A189BC7
:100EF000DA60159B143308331093109B1B6806931C
:100F0000069A189B1A610023184617B05DF804FB77
:100F100000B589B0039002910192029B002B02D090
:100F2000019B002B02D16FF0860327E0019BB3F5F4
:100F3000005F02D36FF08D0320E0019B2433079301
:100F400007990120FCF7D9FD0690069B002B02D1E2
:100F50006FF08C0312E0069B039A01990298DFF769
:100F600029FC039B5B69079A06991846FFF79DFECB
:100F7000059007990698FDF72BFF059B184609B0C9
:100F80005DF804FB00B583B00190009100990198D1
:100F9000FDF71EFF00BF03B05DF804FB00B58BB08A
:100FA0000590049103920023099300230693059B67
:100FB0005B69089306AB19460898FFF7EBFE0990AA
:100FC000099B002B01D0099B36E0069B19460120A6
:100FD000FCF793FD0790079B002B02D16FF08C0369
:100FE0002AE0069B1A4607990898FFF715FE099014
:100FF000099B002B17D10699059B0093039B049A2C
:101000000798FFF7E4FE0990099B002B0DD1049B84
:101010001B68002B03D0039B1B68002B05D16FF0CE
:101020009103099302E000BF00E000BF069B194650
:101030000798FDF7CDFE099B18460BB05DF804FB41
:1010400050E8003F0B4340E80032002AF8D17047D7
:10105000C94350E8003F0B4040E80032002AF8D175
:101060007047431E032B06D8DFE803F00204020496
:1010700003207047042070477047CB6918477047BA
:1010800070470020704770474FF000007047002005
:10109000704770477047002070470020704700205D
:1010A00070470020704700207047002070470020E4
:1010B00070477047704700207047002070477047A6
:1010C0007047704770470020704700207047704796
:1010D000704770471120704700207047704700200C
:1010E00070470020704770477047002070471120FC
:1010F000704770474FF0FF307047002070477047CF
:10110000704700207047002070474FF0FF30704755
:101110001120704700207047012070470020704761
:10112000002070470020704770477047704701F0FB
:1011300010BA38B504460AF0C0FCD4E90C120546D2
:101140002046DFF7C1FBA18CE28CE060521A40F22E
:10115000712101FB020303F59C53083328462361E8
:10116000BDE838400AF09BBC08B52030FFF768FFA7
:10117000BDE808404FF08050EAF7EEBD38B50D46A7
:1011800004460830E1F744FA294600252046E3F7F3
:10119000ABFD606CE56110B1E0F7CCFB656404F178
:1011A0005400BDE8384007F016BA38B5044619B304
:1011B00090F828208AB190F829300133DBB29A42A6
:1011C00080F8293009D10121FFF7D8FF4FF0807155
:1011D0002046BDE83840FFF7C7BF236ADA030BD5C6
:1011E000E36A62689B1A002B06DA01212046FFF7AA
:1011F000C5FF4FF08061EBE7236A1B0426D402F0A1
:101200007BFE1123B0FBF3F303EB0313C01A94F935
:10121000613085B213FA80F0102888BFC5F110053F
:101220006DB2083B2B4484F8613020460121E3F77E
:101230005BFD40F27121A28C63682A4401FB0233FA
:1012400020466360BDE83840E3F700BD0025ECE7C9
:101250002DE9F84F1D46C3698846044616460C9F83
:101260009DF838909DF840B09DF848109DF850A02A
:10127000002B40F0C880EB0600F1B68005F00303B8
:10128000032B08BF05F0FD0505F0F705BDF83C3060
:10129000A806A4F862309DF8540048BF05F0FC058C
:1012A000FFF7DFFE47F6FF731BF0020F84F86600BE
:1012B000A4F87C3040F09B801BF0040F00F0998074
:1012C00000F0FD00012814BF0323042394F88320B9
:1012D0009DF8580063F3030284F88320FFF7C1FEF2
:1012E00047F6FF738A0784F86700A4F88C3000F192
:1012F00082804B0740F1818000F0FD00012814BF7F
:101300000321042194F89330A06E61F3030384F861
:101310009330FFF7DEFE00222046216BDFF7D4FA80
:1013200040F27123734398426FD849F6FF7104F17C
:101330002000FFF78DFEFF2384F84B30BAF1000F39
:1013400003D0236A43F480532362290705D5062678
:10135000B046236A43F484132362236A6A0723F4A2
:10136000C04323620CD419F0010F1CBF43F4005397
:101370002362236A19F0020F1CBF43F480432362E7
:10138000236AA4F848502B43236204F15B03B7B3EC
:101390003A68C4F85B20BA889A809DF82C30012BFB
:1013A00003D14FF48061FFF74BFE236A9DF828209C
:1013B00023F4407343EA0223236202F09DFD9DF86B
:1013C0004C30C0F30B0040EA03309DF83430A4F8F1
:1013D0007000A4F824802046E68484F82A30FFF7C1
:1013E000A8FE0020BDE8F88F01218B464EE70223BE
:1013F0006CE701236AE7022184E7012182E7C4F850
:101400005B709F80D1E70C20ECE74520EAE72DE9EF
:10141000F743894617460446019330B901A807F0FF
:10142000DAF8422003B0BDE8F083012920D0022978
:1014300010D089B9C369C3B900F130054FF4003643
:10144000236AD9061ED55A0726D501A807F0C3F886
:101450000020E7E7806E20B901A807F0BCF80C2057
:10146000E0E71946FFF736FEDCE700F13805E5E76F
:10147000C36923B900F134054FF48026E0E700F199
:101480003C05F9E79B0707D5B9F1000F04D101A886
:1014900007F0A1F81220C5E704F1200840463146C4
:1014A000FFF7D6FDF80702D5284607F094F8019912
:1014B00021B1284607F076F900230193286807F048
:1014C0000FF9236AD90605D51F2801DC032F16D092
:1014D0002846DDE740F27262904204DD284607F0BC
:1014E0007AF807209EE7B9F1000F08D1BF2806DD82
:1014F0009A0704D0284607F06EF8452092E7204668
:10150000D4E90E12DFF7E0F9E3696BB140F2712222
:10151000A38C5343984207D9E38C8342EAD300F566
:101520001C70B0FBF2F0A0840AF0C7FAE36905462C
:101530007BB1BB070DD531464046FFF781FD63689F
:10154000C3F57A7602F014FDF04202D52046E3F7A7
:10155000E7FC28460AF0A3FA7AE708B548B1CB07BA
:1015600001D4002008BD4FF400112030FFF768FDC2
:10157000F7E74220F6E708B548B1CB0701D40020D1
:1015800008BD4FF400112030FFF762FDF7E742205D
:10159000F6E7DFF785BC38B5C36904460D463BB1B5
:1015A000036A13F0010010D194F84A30FE2B0BD0DF
:1015B00004F120004FF48001FFF742FD01202B6869
:1015C000E364AB88A4F8503038BD0020FCE7036A20
:1015D00010B5044613F4602025D09A0307D504F112
:1015E000300006F0F8FFA36B23630023A363236A94
:1015F0005B0307D504F1340006F0EDFFE36B636392
:101600000023E3634FF4602104F12000FFF720FD85
:101610002046FFF78EFD0120B4F870305A1C62F3AB
:101620000B03A4F8703010BD10B50446543007F019
:10163000B9F82046BDE810404FF00071FFF794BDA7
:10164000012313B54189009304468389C289084662
:1016500001F04CFDE0B1E279531E072B1AD86389E3
:10166000934217D922899A4214D8237C43B9637CC8
:1016700033B9A37C23B9E07C10B9237D0F2B07D9A4
:10168000607D1B3000F01F000B288CBF0020012064
:1016900002B010BD0020FBE7F8B58D790C460C3583
:1016A0004B5D4F1903F0400343F004034B550623F1
:1016B000B91C7B70164600F00FF8635D002E60F3D6
:1016C00086136355A3797A7803F102031344E37117
:1016D000A4BF06367E70F8BD37B50246136A0846C9
:1016E00003F4007403F40015DB0505D474B9E1F7C5
:1016F00071FA204603B030BD44B9B5FA85F4D16C17
:1017000064090160B2F850208280F2E7019092F9FA
:101710004B30B5FA85F4009300231A461946184653
:10172000FFF7F6FC6409E4E750E8003F0B4340E8AC
:101730000032002AF8D17047C94350E8003F0B40FF
:1017400040E80032002AF8D1704738B50446D0F896
:10175000A00010B9D4F8A40058B194F8375106F09D
:101760006BFF05F00F0581B206312846E4F7C4FB94
:1017700080B240F27122B4F8783000F548705343DB
:101780009842B8BF184638BD38B505460C4602F039
:1017900067FC20B149F640439C4228BF1C46EA68DA
:1017A000A2420BD240F27121B5F87A304B439342FA
:1017B00038BF1346A34228BF23461A462A6138BDC4
:1017C00003469A6A4430920404D5D3F82821998FAD
:1017D000E5F774BC93F86F10E5F766BC002070471E
:1017E000012070470020704700207047012070479B
:1017F000C82070470020704700207047704770472E
:1018000011207047704770470020704770470020D4
:1018100070477047012070477047704790F88520E7
:1018200010B5531C03F00F03072B28BF00230446F9
:1018300063F30302034480F8852083F87E1090F858
:1018400085306F2B4FEA13129EBF013262F30713EC
:1018500080F88530FFF7E1FF94F83711204601F05A
:101860000F01FFF7CCFF10BD704770477047002095
:101870007047002070470020704710B101F1B000A0
:10188000704701F1D4007047F8307047806A7047A4
:101890002830FFF749BF2830FFF74EBFC06A7047B6
:1018A0002C30FFF741BF2C30FFF746BF00F59C708E
:1018B000704708B50B79DB0702D4FFF7D5FF08BDE9
:1018C00091F90510BDE80840FFF7A8BF70B540F2D8
:1018D000712606FB01F345685643826A1D441207D0
:1018E000044645600ED500F14005294600F134025A
:1018F000E1F7B8FA334629462046BDE87040012298
:1019000001F0DBBB05EB5605456070BD836A5905E8
:1019100005D4D0F8A03013B15B799A0708D4D0F879
:10192000A40000B9704743799B0701D40068F8E729
:101930000120704780F87710704738B504460D468F
:10194000DFF710FD80B2FFF7B2FB78B14288022DBD
:10195000A08F11D0032D0BD0012D06D1238F626BE8
:101960001B01B3FBF2F3184480B238BD0122EEE74D
:101970004FF47A43626BF4E7638F5B00073313FB2A
:101980000200F1E738B5044601F091FD04F1A4002E
:1019900006F021FE04F1A80006F01DFE04F1AC00E3
:1019A00006F019FE04F1A00006F015FE2046DFF750
:1019B000D9FCC4B22046FFF76EFB05462046FFF770
:1019C0006CFB01462846FFF765FB38BD38B5836AD6
:1019D00004461B0713D50246B0F87C3052F8341F7A
:1019E0004B4340F271214B4300F14001E1F73AFAD9
:1019F000236C20469D08FFF7A8FE2844E06040F2D3
:101A00007125616B204601396943FFF7BDFE204611
:101A10000121E3F769F9636BB4F87C2020465A434F
:101A2000636805FB02336360BDE83840E3F70EB935
:101A3000B0F8303110B5A0F834310446DFF792FC2D
:101A4000C0B2FFF7D5FE94F8373194F8362103F091
:101A50000F0304F1440102F0FCFA014604F594700E
:101A600002F098FAB4F93421B4F930319A4209D02D
:101A7000A36A9B0306D52046BDE810404FF4004101
:101A8000DFF786BC10BDFFF7D3BF836A0A4600F1BB
:101A90004401C3F34030E5F7BDBA10B5A0F87810A3
:101AA000A0F87A200446FFF750FE2169E060204646
:101AB000BDE81040FFF768BE38B504460D463AB998
:101AC0004FF4C0212830FFF737FE9DB9002038BD04
:101AD000FFF79AFE98B128344FF4C0212046FFF753
:101AE0002BFE1DB14FF40031FFF71EFE4FF4802195
:101AF000204601E04FF40031FFF716FEE6E7112023
:101B0000E5E72DE9FF41836A04469B032CD5B0F934
:101B10003081B0F934710020E5F758F98045CCBF29
:101B20000025012502F09AFA94F83711C82201F035
:101B30000F01E5F755F906462046DFF713FCB045DF
:101B4000B4BF00260126002394F83711A8EB07073D
:101B50003FB245EA46051A46CDE90085029701F0F5
:101B60000F0180B200F0A7FC04B0BDE8F081FFF7E0
:101B7000C8BF86307047F8B504460E4600295AD0D3
:101B800040F27123476B30465F43A7F28A277F08F4
:101B90003946E4F7C1F994F88E30851FADB29D4205
:101BA00039463046A8BF1D46E4F7B6F994F88F20B1
:101BB000831F9BB29342A8BF1346F21E012AB4F8BA
:101BC0008610B4F888202BD8B1F5296F44F2902004
:101BD000B8BF4FF429618142A8BF0146B2F5296F11
:101BE000B8BF4FF429628242A8BF02461B2DB8BF7E
:101BF0001B251B2BB8BF1B23304684F8913084F87B
:101C00009050A4F88A10A4F88C20E4F785F9831F7B
:101C10009BB2AB42A8BF2B46DBB284F89230F8BD32
:101C2000B1F5A47FB8BF4FF4A471B2F5A47FB8BFDB
:101C30004FF4A472DAE71B23EFE72DE9F341476B7A
:101C4000490089B28F42044616461D463BD040F2F9
:101C500071224368416302FB073302FB1133436087
:101C6000DFF780FB4FF0000887B233464246012180
:101C700038460195CDF80080FFF721FA3846FFF786
:101C800026FA41463846FFF71BFA0123618F228F5F
:101C9000B1421AD09542668700D02587238F626BA8
:101CA0001B01B3FBF2F394F837112046A4F89C30E3
:101CB00001F00F01FFF75FFF0421204602B0BDE8ED
:101CC000F041DFF765BB0023E0E79542E5D1A26A6A
:101CD0001207E3D5002BE1D102B0BDE8F081F0B5E9
:101CE00085B004460E466A4600F1860300F18E0771
:101CF000154618685968083303C5BB422A46F7D110
:101D00001868314628609B882046AB80FFF733FF78
:101D10009DF80B2094F891309A4211D1BDF806201D
:101D2000B4F88C309A420BD19DF80A2094F8903088
:101D30009A4205D1BDF80420B4F88A309A4207D0FF
:101D40004FF48141204605B0BDE8F040DFF720BBED
:101D500005B0F0BD37B5044694F88E50BDF81800B4
:101D60008D420BD1B4F88650954207D194F88F502C
:101D70009D4203D1B4F8885085421DD08DF80610DD
:101D8000ADF80420019D84F88E1094F8371184F882
:101D90008F30A4F88800C4F840512046A4F886206B
:101DA00001F00F01FFF79BFFB4F88A30A4F88630EA
:101DB000B4F88C30A4F8883003B030BD90F83731D7
:101DC00070B503F00F03044616460D46D9B18B4299
:101DD00019D00122FFF716FD294600222046FFF701
:101DE0000FFD94F83731204665F3030384F837314B
:101DF00005F00F01FFF773FF2046BDE870404FF478
:101E00008441DFF7C5BA19462046FFF768FF002E68
:101E1000F2D170BDF8B51D46C36A04465B070F4694
:101E2000164610D404212C30FFF77EFC84F89A70FB
:101E30002046A4F89660A4F898504FF40061BDE8DD
:101E4000F840DFF7A5BAF8BD10B511B190F89A4087
:101E50000C7012B1B0F89610118013B1B0F8982040
:101E60001A80C06AC0F3800010BD4FF400412830D2
:101E7000FFF75ABC00F5A270704790F8370100F0E8
:101E80000F00704770B5044609F017FE65680646F6
:101E900002F06EF82D1AB5F5FA7504D53046BDE896
:101EA000704009F0FCBD40F27122636B94F8701031
:101EB0005343B5FBF3F5A38FAAB29B1AA38794F8FB
:101EC0006F30154602FB1133252193FBF1F001FB26
:101ED0001033002BB8BF5B1884F86F30B4F89C3017
:101EE00020469B1AA4F89C300021E2F7FDFE40F248
:101EF0007122636B20465D43636802FB15336360A8
:101F0000E2F7A4FECAE700232DE9F3474E79044621
:101F1000B20758BF06F00106084648BF0326ADF8D1
:101F2000043058BF01360D46FFF7AEF8074607F0FC
:101F30001F03002BE36A15BF4FF001084FF00008A4
:101F40004FF003094FF002099B050CD59DF80430B2
:101F5000294666F3010368F345138DF804302046E3
:101F6000019A00F097F9284606F0BAFB82464946E6
:101F7000284606F070FB9DF80430AA7966F3010349
:101F800068F345138DF804308DF805A0BDF80430D2
:101F90000C32AB529DF80430A91898066B7948BFF3
:101FA0008F7043F001036B7109F087FD06462046F0
:101FB000294650F8A47F06F0F5FB94F846312046F8
:101FC000013384F84631DFF7CDF980B2FFF76FF8BF
:101FD00080B14388A26A12070ED5B4F87C209A42D9
:101FE00002D92046FFF74EFF304602B0BDE8F04769
:101FF00009F055BD0123EDE7656801F0B9FF8046A2
:10200000E2F788FF8442EFD1A5EB0805B5F57A7FAA
:10201000EADD1FB1D4F8A030002BE5D1E3F7F6F9E3
:10202000E2E708B5022006F09AFC10B100F01AFFB2
:10203000012008BD10B504464FF440712830FFF769
:102040007BFB2046BDE810400021DFF785BE012361
:1020500010B5A1F12002C1F1200423FA04F403FA1F
:1020600002F222438B40D0E9084123400A40134347
:1020700014BF0120002010BDC36A10B5044613F040
:10208000080012D00123A1F12002C1F1200023FA9F
:1020900000F003FA02F202438B40D4E90801034046
:1020A0000A40134314BF0120002010BD10B50C4698
:1020B000C9B2FFF7E1FF70B1E0F7C0FEC4F1200242
:1020C000A4F12003E04001FA02F2104321FA03F3E5
:1020D000184300F0010010BD70B504460E46E1F74C
:1020E00085F809F0EAFC05460221204684F877606D
:1020F000DFF74EF920460021E2F7F6FD2846BDE85D
:10210000704009F0CCBC70B504460D4609F0D5FC12
:102110000646E2F7FFFE844201D1E3F757F9304665
:1021200009F0BDFC29462046BDE87040FFF7D4BF4A
:102130000B68C0F84031704738B540F64805D0F814
:1021400040310C460B609BB2AB4204D90B21FFF728
:10215000ADFF08B9258038BD44F290232380FAE70B
:1021600008B500F0C8F8DFF7B1FA00F034FB00F072
:1021700008F8E0F73BFFE1F767FDBDE80840E1F74D
:10218000E3BD704770B515460E461C46FFF77CFB55
:102190002B684EB103606B6843602368C0F825303C
:1021A0002368C0F8153070BD83606B68C360236816
:1021B000C0F829302368C0F81930F4E770B5054637
:1021C000FFF762FB044609F078FC06464FF4807185
:1021D0002846FFF75DFB4FF400612846FFF760FBE0
:1021E000304609F05CFC00232846236123752362F6
:1021F00084F82430FFF74AFB802310F0080F14BF47
:10220000237584F8243070BD10B50446FFF712FF23
:102210002046BDE810401021DFF7BAB810B50446DB
:102220004FF46061FFF73FFB2046BDE81040FFF729
:1022300001BF7FB506460C46FFF726FB4FF4C06191
:1022400005463046FFF72CFB4FF400613046FFF7A0
:102250002AFB4FF48060E0F797FD224670B969468B
:102260002846E4F77FFC6B4605F1100213F8011BCA
:1022700002F8011DAA42F9D104B070BD6C4602F10A
:102280001006234610685168083203C3B2421C4648
:10229000F7D1E8E737B50D46ADF80420FFF7F4FABB
:1022A000044600F12003024601992846E4F78AFB20
:1022B000236A0133236223B994F82430013384F86C
:1022C000243003B030BD37B50D46ADF80420FFF71C
:1022D000DBFA01990446024600F110032846E4F7B0
:1022E000D5FB30B123690133236113B9237D013359
:1022F000237503B030BD08B54FF40060E0F744FD2E
:1023000040B94FF48050E0F73FFD40B9BDE80840C8
:10231000E4F71EBFFFF7ABFA0028F2D008BDFFF7C5
:10232000AAFA0028F2D0F9E741F0004141F4E02197
:102330000160704707B501A8019106F04CF9002033
:1023400003B05DF804FB704770470020704770478A
:10235000704710B5DC1D043383734379C47123F0D7
:10236000030343F003030E24437101234473837179
:10237000C3730182827410BDD31CC3713E234373A7
:102380004379827323F0030343F003034371012372
:10239000C173837170470F2343730423837343799D
:1023A000A0F8111023F0030343F00303437140F23C
:1023B0000173C3800123C27303747047D31CC371BC
:1023C0004379417323F0030343F003034371012373
:1023D00082738371704708B50023FFF7BAFFBDE829
:1023E0000840E0F777B92DE9F84380460220894696
:1023F00017461E4606F0B3FAD0B10C2343730823E8
:10240000837340F601334579C38025F003059DF8B9
:10241000203045F003054571A0F8108080F8129037
:10242000A0F81370A0F81560C373E0F753F901200A
:10243000BDE8F88308B5022006F091FA30B1012218
:102440001121FFF799FFE0F745F9012008BDF8B524
:1024500004460F46164613211D460922FFF78CFF3E
:1024600083790C331C44A170E77026712B68C4F883
:102470000530AB88A4F80930BDE8F840E0F72AB988
:1024800070B5064602200D4606F069FA044668B1AA
:1024900014210422FFF770FF83790C331C44A170D0
:1024A000A4F803606571E0F715F9012070BD08B567
:1024B00004F002FE08BD2DE9F041074602200D465A
:1024C00090461E4606F04BFA0446E0B1092221214F
:1024D000FFF752FF0A2283790C331C44BDF91830F0
:1024E00084F8038093FBF2F323729DF81C30A780DD
:1024F0006372BDF92030A67193FBF2F3E571A3720C
:10250000E0F7E8F80120BDE8F08137B5044606F0B1
:10251000E7F83E22A379C0B20C33E518E254831EDB
:102520006B700D23AB70AB791C38012BE8768DF8FE
:10253000073009D10023E91D1A460DF10700FEF707
:10254000DEFD9DF80730AB712046E0F7C3F803B01D
:1025500030BD704710B5E0F7F7F8837900210C33F0
:10256000C418E078DEF71AFA6168FEF7F6FF044651
:10257000E0F7F0F82246BDE8104000234FF619417D
:10258000FFF7E7BE10B5E0F7DFF8837900210C33E1
:10259000C418E078DEF702FA6168FEF7ECFF044643
:1025A000E0F7D8F82246BDE8104000234FF61A4164
:1025B000FFF7CFBE70B5E0F7C7F800218679044673
:1025C000FE20DEF7EBF90546E1F7E8FD50B10C24FB
:1025D000E0F7C0F82246BDE87040002342F2050152
:1025E000FFF7B7BEE1F720FE0028F0D10C363444E7
:1025F000237AE61C9B09022BE9D0012B18D9237AF8
:10260000A11C03F03F02073443F0C00311F8010F8F
:102610008C4242EA000203EA0003F7D1002AD6D036
:10262000FF2BD4D055B93046E0F7FAFA0024CFE7B3
:102630003146E0F7BBFA0028E1D0C8E7314628462A
:10264000FEF7A9FF0028EED1C1E72DE9F041E0F740
:102650007BF8837900250C33C418E678E0F774F82A
:102660000768E0F771F8A6F1FE0359425941056089
:102670003046DEF793F93B4629462279FEF7C7FE3E
:102680000446E0F767F82B462246BDE8F04142F2E7
:102690003701FFF75EBE2DE9F041E0F755F8837989
:1026A00000250C33C418E678E0F74EF80768E0F729
:1026B0004BF8A6F1FE035942594105603046DEF75A
:1026C0006DF93B4622790121FEF7A1FE0446E0F7B1
:1026D00041F82B462246BDE8F04142F23801FFF7AF
:1026E00038BE2DE9F047E0F72FF883790C33C41892
:1026F000277994F8038027B9B8F1010F27D0DEF7C6
:10270000B7FB00260534BE420ADB0025E0F722F8BD
:102710002A46BDE8F047002342F23901FFF719BE0F
:102720002078B4F80150A0F1FE035942594194F8C1
:1027300003900434DEF732F958B12A464B4641463D
:10274000DEF790FA05460028E0D10136DBE71225D6
:10275000DCE74225DAE710B5DFF7F6FF83790021E1
:102760000C33C418E078DEF719F980B1211DFEF7AB
:1027700012FF00280CBF0C240024DFF7EBFF2246D9
:10278000BDE81040002342F23501FFF7E2BD4224CC
:10279000F3E7FE282DE9F8430646894690461F4692
:1027A00016D0022006F0DBF8044690B10622122172
:1027B000FFF7E2FD1223A57920460C352544AB70C6
:1027C00085F803902E71A5F80580EF71DFF782FF81
:1027D0000120BDE8F883704710B5E1F7DFFC04463F
:1027E000FEF783FC2043C0B210BD38B5DFF7ACFF65
:1027F0008379C17903F10C020244CB1A0220002133
:10280000B2F8035006F0D6F9044640B9DFF7A2FF4C
:102810000722BDE8384042F21901FFF7BCBD284647
:10282000DEF78CFD38B12146E1F722FA0446DFF7E6
:1028300091FF2246EDE72046F1F7EAFB0224F6E796
:1028400070B5DFF781FF83791844B0F80F60B0B23C
:10285000DEF774FD80B1002100F0C0FF0546DFF710
:1028600079FF044602232A4642F21B01FFF771FD5D
:10287000A3791C44668270BD0225F0E770B5DFF7CE
:1028800063FF83790C33C418B4F803502846DEF78D
:1028900055FDA0B1611D00F0A1FF0646DFF75AFF0C
:1028A00004460223324642F21A01FFF752FDE37951
:1028B00023449D72E3792D0A1C44E57270BD022603
:1028C000ECE710B5DFF740FF83790C331844447907
:1028D000B0F80300DEF732FD60B12146E0F7A4FF57
:1028E0000446DFF737FFE2B240F20641BDE8104090
:1028F000FFF751BD0224F4E770B5DFF725FF8379B8
:102900001844B0F80F5009F0D8F804462846DEF70E
:1029100015FD80B11621FFF7F6FB0025204609F0D2
:10292000BEF8DFF717FF2A46BDE8704000234FF6D8
:102930000441FFF70EBD0225F0E7F8B5DFF704FF0D
:10294000847905460C340444B4F80300DEF7F6FC41
:10295000064640B9DFF7FEFE0222BDE8F84042F22B
:102960001301FFF718BDAB79E97903F10C020220DE
:10297000CB1A2A44002106F01DF9014618B9DFF7E9
:10298000E9FE0722E9E78379033383713046B4F81F
:102990000D50B4F80F70E0F7F5FE04463A462946AC
:1029A0003046FFF77AF8DFF7D5FE2246D5E738B58F
:1029B00009F083F80446FFF70FFF00280CBF0C2531
:1029C0000025DFF7C7FE2A4642F20E01FFF703FD9E
:1029D000E1F764FF2046BDE8384009F060B82DE912
:1029E000F04F8BB0DFF7B0FE42F2850290F8068020
:1029F000064608F10C0830F8081000EB0803914275
:102A0000026810D1002193F8039093F804A0B9F163
:102A1000FF0F016003F1050504921CD1BAF1FF0F0D
:102A200005D0122408E0DD1C0023036004926B7AB9
:102A3000013B062B31D91124049B13B104A805F0E6
:102A4000CAFDDFF787FE224636F80810FFF7A3FC21
:102A50000BB0BDE8F08FBAF1FF0F0AD19B7B013BB1
:102A6000062BE8D809F11003DBB20E2B0AD842245A
:102A7000E2E709F11003DBB20E2BF8D98AF08003EC
:102A80007E2BCED9DEF700FF074650B9049B13B169
:102A900004A805F0A0FD0724D3E74FF0FF0AD146B4
:102AA000F0E7FFF799FE30B1049B13B104A805F0DD
:102AB00092FD0C2535E06B7803F0FD03012B09D165
:102AC000E0F7C4F830B9049B13B104A805F083FD06
:102AD000122526E005F1030B5946A81CFEF724FB3E
:102AE0005846A978DEF754FF044630B1049B13B171
:102AF00004A805F070FD254613E0B9F1FF0FAA7890
:102B000014D004A96B783846CDE901B1009249464A
:102B10005246FEF7ECFA049B0546002B42D1002DED
:102B20008FD03846DEF706FF2C468AE76B7A8DF8A1
:102B300014008DF826302B788DF816208DF815307E
:102B4000DBF800303846CDF81730BBF80430ADF86C
:102B50001B306B788DF81D30049B9A790C3213442E
:102B600059791A7942EA0122ADF81E20D9799A7969
:102B700042EA0122ADF82020597A1A7A42EA01226B
:102B8000ADF82220D97A9A7A42EA0122ADF82420BF
:102B9000DA899989FEF781FF2246394605A8E1F7CF
:102BA00057FFB8E704A805F016FDB8E710B5DFF742
:102BB000CBFD83791844B0F80F00C0B2DEF75EFF9A
:102BC000DFF7C8FDBDE81040002342F224011A4699
:102BD000FFF7BFBB2DE9F843814602208846174620
:102BE0001E4605F0BCFE044690B10A220321FFF701
:102BF000C3FB0023A57920460C352544EB70A5F8CE
:102C00000490A5F806802F816E81DFF763FD012017
:102C1000BDE8F8832DE9F043814685B002200E46D9
:102C20001F469DF844808DF80F2005F098FE05465C
:102C3000002844D022222921FFF79EFB0022AC79F4
:102C400030460C342C4404F10E0304F11401C4F892
:102C50000E209A806261228300913A460DF10F01A5
:102C6000FEF74EFA9DF84030A4F80490E37006F0A9
:102C70000103A3719DF80F3016F0FD0FE3713B685F
:102C8000A360BB88A3814FF6FF7304D0032E08BF57
:102C900043464FF0FF08BDF8302028466283BDF858
:102CA000342084F82180A283BDF838206384E28335
:102CB0009DF83C2084F82020DFF70CFD012005B0B2
:102CC000BDE8F083F8B50746022016461D4605F01C
:102CD00046FE044690B10C220421FFF74DFBA1797A
:102CE0009DF818300C31214420468F80C1F80660D1
:102CF000C1F80A50CB70DFF7EDFC0120F8BD70B5CC
:102D0000064602200D4605F02AFE044668B103225D
:102D10003021FFF753FBA37920460C332344A3F85B
:102D200003609D70DFF7D6FC012070BD70B50646CC
:102D300002200D4605F013FE044688B10422082146
:102D4000FFF73CFBB5FA85F2A37952090C33234413
:102D50002046A3F803605A719D70DFF7BBFC012089
:102D600070BD2DE9F84381460220884617461E466D
:102D700005F0F5FD0446B0B10B220721FFF7FCFA80
:102D8000A579BDF820300C3525442046A5F80390E0
:102D9000A5F80580A5F80770A5F80960A5F80B301F
:102DA000DFF798FC0120BDE8F883F8B5074602205C
:102DB0000E46154605F0D3FD0446A0B10D220521AF
:102DC000FFF7DAFAA37920460C332344A3F8037003
:102DD000A3F80D602A68C3F805206A68C3F80920C3
:102DE000DFF778FC0120F8BD2DE9FF4116466A4661
:102DF00080460F4615460A9C03F1100E944618684B
:102E000059680833ACE8030073456246F6D124B92B
:102E1000022005F0A4FD044608B31D22ED21204642
:102E2000FFF7AAFAA3790C332344A3F80380A3F88D
:102E30000D702EB13268C3F805207268C3F80920FE
:102E40000F3304AE2A4603CAB242186059601546D1
:102E500003F10803F6D12046DFF73CFC012004B063
:102E6000BDE8F08113B51321827901900C328418EA
:102E700081544FF44072C280DFF72CFAA07020B961
:102E800001A805F0A8FB02B010BD80000130607001
:102E90000198DFF71FFCF6E770B5064602200D46E5
:102EA00005F05DFD044678B104220521FFF786FA9E
:102EB0000022A37920460C332344A3F803605D71FC
:102EC0009A70DFF707FC012070BD13B5837901907C
:102ED0000C33C418C05CDEF731FA20B901A805F044
:102EE0007AFB02B010BD6378019913F0300F0CBF6C
:102EF000012200228B7904338B714B7962F300033A
:102F00004B71DEF729FFECE72DE9F041DFF71CFC00
:102F100083790C33C418B4F803801FFA88F0DEF705
:102F20000DFA054600B3A2796179FEF7C5FD0646A4
:102F3000DFF710FC07460223324642F27A01FFF720
:102F400008FABB7938463B44A3F81280DFF7C2FB8E
:102F500046B9A37933B12846FEF78FFF01462846CC
:102F6000FEF754FCBDE8F0810226E1E700F0CBBE9D
:102F700050E8003F0B4340E80032002AF8D1704788
:102F8000704770B50E461546DEF7CCFB044648B9CF
:102F90003046DEF737F8044620B92846E3F7F8FF55
:102FA000044640B10020DEF7BDFB0020DEF72AF822
:102FB0000020E3F7EDFF204670BD4FF40010E8F766
:102FC000CBBEE3F707B9DFF70DBE38B5044601F015
:102FD00045F8054658B9C820E3F742FFC822022148
:102FE0002846E3F7FDFE8442A8BF044624B22046EB
:102FF000E3F736FF01F032F8BDE83840C82202217D
:10300000E3F7EEBEB0F90020B1F900302DE9F0474A
:103010009A4204460D4648DC08F04FFD8046DEF734
:103020002DFC00283ED1E3F7D1FE824601F016F8D0
:10303000C8220221E3F7D4FE47F6FF73B5F900205A
:1030400081469A4202D1E3F7E5FE288047F6FF73F6
:10305000B4F900209A4202D1E3F7D6FE2080B5F9F8
:103060000000FFF7B2FFB4F9003007468342C8BF43
:103070002080B4F90000E3F7D3FEFEF7BBFB064661
:1030800058B15046E3F7CCFE4846E3F7E9FE404628
:1030900008F005FD3046BDE8F087E3F797FE208095
:1030A0002F80F4E741F20C06F1E72126F2E74368AE
:1030B000143B4360A0230B6070471AB94268A2EB2F
:1030C000530242600A6802EB83020A60704713B53C
:1030D00004210DEB0100E0F75FFF019C2046DFF7C4
:1030E0000FFF0028F4D0204602B010BD884210B572
:1030F0001BD8052819D9B1F5486F16D8B3F5FA7F52
:1031000013D240F67644A2F10A0080B2A0420CD855
:10311000BDF8080001339BB243434B435B00B3EB64
:10312000C20F94BF0120002010BD0020FCE7C9435E
:1031300050E8003F0B4040E80032002AF8D17047C9
:10314000002070472DE9F04104460E460025012776
:10315000214685F00100FEF790FB4FF48051FFF708
:10316000E6FF8368804633B938460DB1BDE8F0818B
:1031700001250746ECE7028AB24206D1002201216E
:10318000204698470028EFD1EFE70268D10502D525
:1031900000221146F4E79307E6D52046FEF7B6FB7A
:1031A00002460028E0D10521D8F80830E8E708B544
:1031B000FEF77CFB00230380436008BD70B5064624
:1031C0000C4608F07AFC05463046FEF76FFB30B13E
:1031D00003781C4304704FF40070E8F7BDFD2846E7
:1031E000BDE8704008F05BBCDEF7B6BD07B54279BC
:1031F0008DF8071022F0030242F00302427140F200
:1032000003320DF10701C280012205F0C0F903B0BD
:103210005DF804FB70B50C460546072120461646AE
:10322000FFF7E4FF2046DFF751FF214646702846AE
:10323000BDE87040DEF790BD38B50C46002105466C
:10324000FEF77BFB47F6FE73241AA4B29C4205D915
:1032500028462821FEF740FF002038BD0120FCE76A
:1032600038B504460D4601460020FEF706FB03680C
:103270009B0505D429462046BDE83840FFF7DCBF52
:10328000002038BD2DE9F04115461F469DF81880F5
:10329000FEF7F3FA044608F010FCB8F1010F0646F9
:1032A00023D154E8003F43F4807344E80032002AFD
:1032B000F7D105B354E8002F42F4007244E800232C
:1032C000002BF7D1FF212046FFF731FF54E8002FF4
:1032D00048EA020244E80023002BF7D13046A560FB
:1032E0002782BDE8F04108F0DABB4FF48071204638
:1032F000FFF71DFFDDE74FF400712046FFF717FFD2
:10330000E0E773B5064601200C46FEF7B6FA002347
:1033100005461A46009321463046FFF7B3FF6B6817
:1033200063B14FF480712046DEF732F855E8003F74
:1033300043F4007345E80032002AF7D108F0BDFBE2
:1033400005462046FEF7B2FA28B103881BB14FF4B8
:103350000070E8F701FD284602B0BDE8704008F0B3
:103360009EBB38B505460C46FEF787FA83684BB11D
:10337000022120460022984721462846BDE83840D1
:10338000FFF7BFBF38BD012938B505460C4608D048
:10339000CC1E012C03D801460120FFF7E2FF0120DB
:1033A00038BD2221FEF7C6FA20462946FFF7D9FF8D
:1033B0000020F5E708B5FEF760FA006800F0F000BD
:1033C00008BD10B5014604460120FFF7F3FF20B900
:1033D0002146BDE81040FFF7EDBF10BD70B50646B1
:1033E0000C4601460120FEF748FA3146054600200A
:1033F000FEF743FA2B680268014643EA0200C00563
:103400001ED49B0502F4007203D49AB94FF0FF302A
:1034100070BD2B8A1B1B98B27AB1098A091B89B22D
:103420008842A8BF08464FF6FF73984208BF4FF086
:10343000FF30EDE74FF6FF70EFE74FF6FF71EFE774
:103440000120E5E72DE9F341044601910146012001
:103450001546FEF712FA214606460020FEF70DFA41
:1034600080462046FEF712FA810606D501A805F02F
:10347000B2F80C2002B0BDE8F08108F01EFB336802
:1034800007469A0503D4D8F800309B0509D5019961
:10349000301D8D6005F086F9384608F000FB0020ED
:1034A000E8E708F0FCFA20460199A847E2E738B5BA
:1034B000014604460120FEF7E0F905460C3005F010
:1034C0008AF8281D05F087F821460020FEF7D5F977
:1034D00004460C3005F07FF8201DBDE8384005F0AB
:1034E0007AB870B5014605460120FEF7C6F90646D2
:1034F000043005F0EDF8044670B14FF40071304629
:10350000FFF715FE21462846A368984720B12046BC
:10351000BDE87040F0F77CBD70BD00238260C0E95B
:103520000031704708B50B4601461846FEF7A5F96D
:103530000068C0F3402008BDFFF725BFCB1E012B5C
:1035400070B504460D46164606D81A21FEF7F2F964
:1035500040212046DDF71CFF324629462046BDE8C3
:103560007040FFF710BF38B504460D46FEF7CEF9A0
:1035700028B1012D04D122212046FEF7DBF90020DD
:1035800038BDF8B50C468B7907460B44D3F80D606F
:10359000D3F811303246DEF7C1FB09212046FFF790
:1035A00025FE2046DFF792FDA579DFF747FC0C35B5
:1035B00066F0FF0625440640C5F80160DFF73EFCD3
:1035C0003846C5F805102146FFF70EFE02213846A1
:1035D000FFF7F4FDF8BD70B50E4605460146002024
:1035E000FEF74BF9012E044603D0022E11D0012024
:1035F00070BDC16828468B7919440D31FEF745FA34
:10360000E068F0F705FD00202946E060FFF779FE4D
:10361000EDE7C068F0F7FCFC0023E360E7E738B5AE
:103620000D46044601460120FEF727F9012D08D179
:1036300000F112012046FEF728FA21462846FFF73E
:1036400060FE012038BD08B5FEF720F9C0F3C000C8
:1036500008BD08B5FEF722F900F0010008BD38B535
:103660000C4602210546FEF71BF90C212046FFF708
:10367000BDFD2046DFF72AFD4FF0FF3383700223A4
:10368000C3700E2343706FF02F030371052321468F
:1036900043712846BDE83840FFF7A6BDF8B504469B
:1036A0000D46DDF75FFE4FF0FF3180B2FDF710FDF4
:1036B0002046FFF7C8FF80F00107FFB221463846D9
:1036C000FEF7DBF80646C068012D837903D0022D92
:1036D00020D00120F8BD0C33C5182B892046EA887C
:1036E000A988FEF7AAFA69886A784900520020463C
:1036F00089B2FEF7EBF8F068F0F78AFC0023204669
:103700004FF48031F360FEF7CEF821463846FFF7DC
:10371000F8FDDEE7F0F77CFC00234FF48031204613
:10372000F360FEF7C0F8D4E7042910B5044601D0D1
:10373000002010BDFFF787FFC0F10200DFF724FB78
:103740000028F5D105F00BF9014608B90220F0E791
:103750002046E0F73BF80028F8D10120E9E708B55A
:10376000FEF794F8C0F3C00008BD2DE9F0410F4604
:1037700004469046FFF7F3FF80F00105EDB22146C5
:103780002846FEF77AF8012F064603D0032F0FD004
:1037900001200BE02046FEF741FD22212046FEF7E6
:1037A000C9F828462146FFF7DCFD0020BDE8F0817E
:1037B000C068F0F72DFC00232046F360FEF72EFDD5
:1037C00020465FFA88F1FEF7B5F820462021DDF7A4
:1037D000DFFD21462846FFF7C4FDD9E737B504468B
:1037E0000D46FEF75BF803054CD5022005F0B7F84F
:1037F0000190002848D0204645B3FFF7B0FF50B1F4
:1038000005210198FFF7F2FC0198DFF75FFC2046E5
:103810000199FFF7E9FC20462946FEF70AFD2046FC
:10382000FFF79DFF78B94FF400612046FEF733F8AB
:1038300006210198FFF7DAFC0198DFF747FC2046E4
:103840000199FFF7D1FC002003B030BDFFF787FFDF
:1038500068B10199032306222046DFF749FC204680
:10386000FEF7DCFC21462846FFF77BFDEBE701A8CD
:1038700004F0B1FE20463D21FEF72EFC2046FEF767
:10388000CDFCE0E70C20DFE70720DDE7F7B50146D8
:1038900004460020FDF7F1FF054600F112074FF442
:1038A0008060DFF771FA50B92046DDF75BFD3A46DC
:1038B000698B80B203B0BDE8F040FFF776BA2046CE
:1038C000DDF750FD064620466D8BFDF7DDFF00223B
:1038D0000346009229463A46B0B2FFF785FA03B094
:1038E000F0BD83781A2B09D81B2383700288B2F5A8
:1038F000A47F07D24FF4A473038007E0FB2BF5D914
:10390000FB23F2E744F290239A42F5D87047F0B5D2
:103910000446CA798B7987B043EA0223ADF80C30AC
:103920008B8803A88DF80E30CA788B7840F648054E
:1039300043EA0223ADF810300B8805A98DF8123048
:10394000FFF7CFFF04A8FFF7CCFF2046FEF7F4FBFC
:103950000B212046FEF7AAFB44F29023002818BF53
:103960001D46BDF80C709DF80E30BDF81460BDF812
:1039700010209DF816009DF81210AF42D4BF00979A
:103980000095FB2BA8BFFB23B242A8BF3246814261
:10399000A8BF01462046FEF7DDF907B0F0BD37B5F8
:1039A000144605461046FFF721FC2046DFF78EFB44
:1039B00001A904462846FEF7BFFB0B212846FEF767
:1039C00075FB6FF004036370002344F29022A37030
:1039D00040F64803002818BF1346A4F803309DF8AA
:1039E0000630A4F80530BDF80430A4F8073003B061
:1039F00030BDFFF7C8BC022973B505460C4603D09D
:103A00000024204602B070BD0521FEF720FB0028EF
:103A1000F6D0DEF739F81B28F2D94FF40040DFF773
:103A2000B3F90028ECD104F09AFF06460028E8D04C
:103A3000284601A9FEF780FB314628469DF806304E
:103A4000BDF80420E0F796F90028D9D10124D8E781
:103A500030B190FAA0F00123B0FA80F08340D8B2E0
:103A6000704770B50646FDF719FF80F04004020666
:103A70000546C4F3801406D408213046FEF7FCFA4C
:103A800008B144F00204EB0506D40B213046FEF7E2
:103A9000F3FA08B144F00404204670BD2DE9F84360
:103AA000044691460F46FDF7F9FEC0F34015204647
:103AB000FEF7E0F9214680462846FDF7DEFE49463E
:103AC00006462046FDF736FF98F80110384601F00B
:103AD0000F0100F005FA062814BF014600212A460E
:103AE0002046FEF76BF921462846FFF70AFC202105
:103AF0002046FDF7D8FE56E8003F43F4805346E8E1
:103B00000032002AF7D1BDE8F883F8B50E46044626
:103B10001546FDF7C3FE032EC0F340170DD0042E4B
:103B200016D0012E12D122212046FDF703FF384680
:103B30002146FFF716FC0020F8BDEAB2002120461E
:103B4000FFF7ACFF21463846FFF70BFC0120F3E7F7
:103B50000C22F3E7012910B504460BD1FDF79EFEB8
:103B60002146C0F34010FDF788FE0022817C2046EC
:103B7000FFF794FF012010BD2DE9F7430F460546DE
:103B8000FDF78CFE00F02009C0F340182846FEF730
:103B900071F9BB790C333B445E789B781E40037807
:103BA000C3F3030000EA13103040FFF751FF04464F
:103BB00048B9B9F1000F06D12846FFF752FF30404F
:103BC000FFF746FF04462846FEF757F9E2F7B8F933
:103BD000A04223D01CB302212846FDF7AEFE0021EF
:103BE00006462846FDF7C7FF18213846FFF7FEFABC
:103BF0003846DFF76BFAB6B2394644708470A0F8E5
:103C000003602846FFF7F0FA23462246294640463D
:103C10000096E0F7E9F803B0BDE8F08300242646FB
:103C2000E2E770B504460D46FFF7CBFB28B92946FD
:103C30002046BDE87040FFF79FBF40282946204638
:103C4000BDE870404FF0160314BF2A222322DFF78D
:103C50004FBA38B505460C46FDF720FE830604D45E
:103C60002046BDE83840F0F7D3B921462846BDE8E4
:103C70003840FFF781BF73B58C7906460C340C448D
:103C80000D46FDF70BFEA278C0F34010032A14D0B6
:103C9000052A28BF00226378032B10D0052B28BFEC
:103CA0000023B4F8031000913146E0F79DF8284650
:103CB00002B0BDE87040F0F7ABB90022EBE700239B
:103CC000EFE708B58B790B441B7B162B03D0172B22
:103CD00005D0002008BDFFF7A4FF0120FAE7FFF799
:103CE000B8FFFAE708B58B790B441B7B162B03D082
:103CF000182B05D0002008BDE0F7A0F80120FAE756
:103D0000FFF7B9FFFAE770471FB54A1E042A0346BA
:103D10000C465FD8012902D1008804B010BD0229E9
:103D200005D100885B88984238BF1846F5E74A00FD
:103D3000014601A804F0BDF8032C07D10023ADF81B
:103D40000A304FF6FF73ADF80C3001E0042CF8D0C8
:103D5000BDF80620BDF80430934284BFADF80630AC
:103D6000ADF80420BDF80A30BDF80C20934288BF9E
:103D7000ADF80A20BDF80A2088BFADF80C30BDF8B8
:103D80000430934288BFADF80A30BDF80620BDF874
:103D90000C309A4288BFADF80630BDF80820BDF857
:103DA0000630934284BFADF80830ADF80620BDF868
:103DB0000A30BDF808209A4288BFADF80830BDF837
:103DC0000820BDF806309A4238BFADF80830BDF87B
:103DD0000800A2E74FF6FF709FE7830705D410F0B5
:103DE000040F14BF032001207047022070470128F0
:103DF00004D0022804D030B9E1F70ABDE1F7F8BCDD
:103E00000020E0F711BD704710B1012803D07047C2
:103E10000120E0F709BD0020FBE7F7B51F468B1E28
:103E2000012B05460C46164613D8FDF763F900230F
:103E3000CDE90005F01A18BF01201A463946FDF7F2
:103E400067F980B1022C0BD12846DEF7C3FE0020B3
:103E500004E00029F8D0012902D0FF2003B0F0BD12
:103E60002846DEF7FBFE0120F8E770B50D4600217D
:103E70009DF810600446817106F10C014173111E1A
:103E800018BF012103F00F00237B40EAC11003F0AB
:103E90004003184320732B469DF8141004F10E00C4
:103EA000FFF7BBFF237B0E3660F3861323732B686B
:103EB0006361AB882383A3793344E37170BD08B594
:103EC000E2F7EEFCBDE808400020E2F757BDC94329
:103ED00050E8003F0B4040E80032002AF8D170471C
:103EE000022808D0042803D0012818BF06207047F4
:103EF00001F00101C81C7047E2F746BD0A2802D84C
:103F00000130C0B27047242801D80230F9E72528D3
:103F100005D0262805D0272818BFFF20704700208D
:103F200070470C20704708B5E2F786F8BDE80840F6
:103F30004FF00060E7F710BF08B5E2F72BFD20B1A6
:103F4000BDE808401020FFF7EEBF08BD704770477E
:103F50007047704770470020704770477047704740
:103F6000704770471046194670470020002170477F
:103F700003F03CBAE8F7FABC03F0F1BA08B5E2F78F
:103F800083FA20B1BDE808400420FFF7CCBF08BD8C
:103F9000D5F780BB10B504460846E1F7F3FFB4F946
:103FA0000820824203D02081E2F720FE608110BD0C
:103FB000F0B587B00D4616468DF8070002B9A3B3D9
:103FC00029469DF80700FDF7A9F80446B8B9294627
:103FD0009DF80700FDF7A6F840BB16B39DF8071043
:103FE000003918BF012128460DF10F02E2F790FFBA
:103FF000F8B99DF80F40013418BF012416E004AF52
:10400000012239460DF10700FDF78AF804464EB14A
:104010009DF80730191E18BF0121002818BF3D4622
:10402000E1E70124FDF769F800B90124204607B053
:10403000F0BD4FF0FF34DEE7CB08C25C012301F096
:1040400007018B401A4214BF0120002070477047BF
:104050007047024619460020E2F7C2BE00207047B2
:104060000020704707B500214FF0FF336A4608462D
:1040700000938DF80430E2F7CDFF03B05DF804FB48
:1040800038B50546006804F031F90446287900F097
:104090001F0004F02BF92044C0B2012894BF002077
:1040A000012038BD7047F8B58788C38804469F4211
:1040B0000E4615460BD2FFF71FFFA288E3889B1A16
:1040C000013390FBF3F202FB13000744BBB23380D1
:1040D000FFF712FF33880133B0FBF3F202FB130347
:1040E0009BB22B80228961898A4208D839B19342D8
:1040F00038BF13462B8062899A4238BF2A80F8BDA8
:104100007047704770470120704770478160704763
:1041100041EA002008B540F49020FBF79DFA0146E3
:1041200040B110F1880F05D0BDE8084040F20740CB
:10413000F1F7DABB08BD0120704770B50C460646A2
:1041400011461D46E3F738F858B144EA06206FEAF5
:1041500040406FEA50402A46BDE8704080B2E7F721
:1041600071BE40F2064070BD837901461A0703D53F
:1041700006220020E3F7A0B89B0602D50622012004
:10418000F8E74FF0FF3070478379532B01D1E3F705
:10419000C5B8FFF7E9BF70B5064614461D46E3F7FC
:1041A0000BF810B90024204670BD41EA06206FEAE2
:1041B00040406FEA50402A46214680B2E7F75EFE53
:1041C0000028F0D0EEE708B5E5F738FE002008BD7E
:1041D000014608B500F03800E3F758FD78B1D0E9A2
:1041E00001324078C1F3074110F0020F08BF1346B7
:1041F000043B53F8040F10B102788A42F9D108BD8C
:1042000038B505460C4604B938BD013C55F8243094
:104210001B69002BF7D09847F5E770477047F8B552
:1042200043780546DB0701D4E3F760FD00266B7891
:104230006F6823F00C0343F002036B7057F82640BD
:104240002CB9202005F10C01EFF72CFF0FE0A3683B
:104250000136002BF2D0984704460028EED03146B4
:104260003846FFF7CDFF6B7823F002036B702046D2
:10427000F8BD4078C0F340007047437813F00E0F4C
:104280000CBF01200020704710B5E3F799FD0446EC
:10429000E3F7AAFD204610BD08B5E3F7F7FCC068B8
:1042A000003818BF012008BD08B5E3F7EFFC20B1C6
:1042B000BDE80840C06804F0BFB908BD38B5E3F7F1
:1042C000E5FC044650B107F0F8FB054604F10C008C
:1042D00004F09FF90446284607F0E1FB204638BD6C
:1042E00037B50D461446C2B1B1F5827F17D3FFF73B
:1042F000E5FF01460190A0B100232A46204604F0C4
:1043000059F901A804F067F92246022052F8041B6B
:10431000FFF784FF002003B030BD2220FBE72120FF
:10432000F9E72D20F7E737B5837901900344044678
:10433000D86800F03800E3F7A9FC054628B901A8C1
:1043400004F049F9022003B030BD204604F04DF9D5
:1043500007F0B3FB0446019905F10C0004F022FAC2
:10436000204607F09CFBE7F77FFC0020EBE72DE9F8
:10437000F04104461F462502C4F3072305F4E06517
:1043800024F47F441D4324F0C704EE1944F0800454
:104390008B7944EA16243602B6B20C33344308460D
:1043A00001EB0308CC501146FFF7BDFF20B945448F
:1043B000EF704046BDE8F0814FF00008F9E7427821
:1043C00010B50432044601F00400D2B2002140F0DE
:1043D000290004F085FB18B1837922680344DA6070
:1043E00010BD10B50021FFF7EAFF044608B9002010
:1043F00010BD0179FFF797FF0028F8D1A3790C339E
:10440000E018F5E72DE9F04117461A46036801F078
:1044100004011C0204F4E064C3F307231C4341F0CD
:104420002905043406463B462146284604F0C2FBD3
:10443000804650B1E1B204F00EF93B462A464146AF
:104440003068BDE8F041FFF792BFBDE8F0812DE98B
:10445000F341002401F004010768064641F02905F4
:10446000106829461460019004F0BFF8019804F028
:1044700037F9390201F4E061C7F307273943804671
:104480000122043101A804F0A7FA30B101A804F018
:10449000A2F8204602B0BDE8F08143462A460199C1
:1044A0003068FFF764FFF5E7A0F86E10704701234E
:1044B0008B4090F87110194380F87110704708B55F
:1044C0000120EFF765FDC0B208BD83790C331844B5
:1044D00070471438704710B50446A1F1140004F079
:1044E000FFF8201A20EAE07080B210BD70B51C46BB
:1044F0000D461646FFF7EFFFA04207D3224631468E
:10450000A5F1140004F029FB012070BD0020FCE798
:1045100070B506460D4614467AB90A46204608216B
:1045200004F0DEFA044690B92A460821292004F056
:10453000D7FA044658B9204670BD104604F04BF82F
:10454000204604F000FA08231D44A371E571A37905
:104550000C331C442670EEE72DE9F0411646069A0E
:10456000074688461D46FFF7D3FF0446F0B11438CE
:104570002A463146069004F0F0FA854217D9069B88
:1045800006A81C7904F0200404F025F874B942460A
:104590000821292004F0A4FA2A463146069004F0A6
:1045A000DCFA854206D906A804F015F80024204656
:1045B000BDE8F081069A93790C33D418D754F6E706
:1045C00011B11439E3F7C6BD1A20704738B500227F
:1045D00004460D4602200321FFF79AFF014608B169
:1045E000A0F801502046BDE83840FFF7E9BFF8B514
:1045F00004460F46164605210120069A1D46FFF780
:1046000087FF014638B14770468005712046BDE8F6
:10461000F840FFF7D5BFF8BD38B50D460321044675
:104620000846FFF775FFA0F8015001462046BDE897
:104630003840FFF7C5BF73B50546084611466C897B
:104640001A46641ABDF81830A4B29C4228BF1C4612
:10465000079B089E00932346FFF77EFF014630B17B
:104660002846348002B0BDE87040FFF7A9BF1A2089
:1046700002B070BD012110B5002204461320FFF7DF
:1046800047FF014620B12046BDE81040FFF798BF24
:1046900010BDF7B54489054618460F4616460193E6
:1046A00004F01EF8053CA4B2844203DA011B01A801
:1046B00004F0B8F80521019804F055F9014628B92D
:1046C00001A803F088FF1A2003B0F0BD83790C33F2
:1046D000C2181720C8542846A2F80170A2F8036037
:1046E000E3F738FDF0E7012110B500220446192058
:1046F000FFF70EFF014620B12046BDE81040FFF74E
:104700005FBF10BD73B50E46002144890546033CCA
:10471000A4B2A342009128BF234603211B20FFF728
:104720001BFF014670B1012210F80F3CA0F8016098
:1047300062F3071300F80F3C284602B0BDE8704052
:10474000FFF73EBF1A2002B070BD73B50E460021C0
:1047500044890546033CA4B2A342009128BF2346E6
:1047600003211D20FFF7F8FE014638B1A0F80160D3
:10477000284602B0BDE87040FFF722BF1A2002B001
:1047800070BD4B88042B07D1836C08885B899842E5
:104790008CBF00200120704700207047532838B597
:1047A00005460C4604D1BDE838400846F1F720B96B
:1047B0000620EFF7C3FD68B96379142D03F03F03BA
:1047C000637104D0722D08D163F03F036371002040
:1047D000A57138BD40F20740FBE72120F9E74FF013
:1047E000FF33F7B50093ADF804308379DA060CD5C2
:1047F000532B08BF00234FF03F0208BFADF8003035
:104800008DF8052008BF8DF802300021451E431D9C
:104810006A46084615F8016F12F8014B9D4206EAF8
:10482000040724EA060440EA070041EA0401F1D142
:1048300010B1081E18BF012003B0F0BD00230360B3
:1048400083808371704710B5044660B1806C50B1AD
:10485000E3F75CFDA06C0028FAD12046BDE81040CB
:104860000321E3F7B7BB10BD438907B58B420CD0DA
:1048700050F80C2B40F2014192F87020ADF8063050
:104880008DF8042001AA03F0D4FD03B05DF804FB09
:10489000436943F0040343617047436923F0040311
:1048A000436170474069C0F38000704747F230535E
:1048B00000220068EFF71EBA006803F049BD38B562
:1048C000436904469B070D4603D540F20941FFF7B3
:1048D000F3FFE3F75DFC08B1A3691D702046BDE856
:1048E000384040F20941FFF7E1BF07B5027C012AD9
:1048F00009D00122027440F20942914206D040F2EE
:104900000A4291420ED003B05DF804FB4FF481617E
:1049100050F80C3B01AA93F870308DF8043003F086
:1049200088FDF0E750F80C3B01AA93F870308DF841
:104930000430F4E738B522F000430D46114640F24A
:104940000322934204461AD0B3F5017F09D240F204
:104950000122934213D040F20222934209D0002058
:1049600038BD6FF481621344012BF8D8FFF7BDFF07
:10497000F5E700F020F9204601F0A2F9EFE76369BE
:104980009B0704D540F209412046FFF795FF2846D2
:10499000FFF759FFE3E708B5E3F7CCFA00B1806C05
:1049A00008BD08B500B10068E3F7E4FA08B90346AA
:1049B00002E0836C002BF7D0184608BD10B5044602
:1049C00042F62A3000F03BFB031B5842584110BD11
:1049D000022806D142F62A330888C31A58425841A1
:1049E00070470020704710B5044642F6293000F0A9
:1049F00026FB031B5842584110BD90F8200000F0E0
:104A0000010070471FB504466846E3F7AFFD10226A
:104A1000694604F1210003F017FAB0FA80F040096A
:104A200004B010BD08B5FFF7EDFFB0FA80F0400903
:104A300008BD70B5044600F1210591B92846E3F799
:104A400095FD236893F97500E2F7B6FB78B120680D
:104A50002B46BDE8704010220D2190F97500FFF73C
:104A60006CBB10220021284603F018FAE9E770BD5C
:104A700038B50446002390F8202041FA03F0C5071A
:104A800003D442FA03F0C0071ED40133082BF4D13B
:104A900001F0010523682A4384F8202093F975006A
:104AA000E2F78AFB40B1234653F8200B01220C2188
:104AB00090F97500FFF741FB0DB9002038BD0021CA
:104AC0002046FFF7B6FFF8E71320F7E768B13F2964
:104AD0000AD800EBA10090F8310001F00301490071
:104AE000084100F0030070470020704710B50368CC
:104AF000044693F97500E2F75FFB50B12346BDE829
:104B0000104053F8310B10220B2190F97500FFF77C
:104B100014BB10BD10B590F87430DB0706D490F9C3
:104B20007530013314BF0F20052010BD847CF0F7D1
:104B300031FE844234BF0C200020F6E730B5044635
:104B400085B06846E3F712FD1021684604F047F887
:104B50002046E4F7FBF86B46C26804AD06321C46FB
:104B600003CCAC4210605160234602F10802F6D13A
:104B700005B030BD08B5E4F7E9F808B1E4F7BAF8D4
:104B8000C0B208BD013810B580B2E4F7DFF80446C2
:104B900008B9002010BD408800F0A1FB0028F8D023
:104BA000207BF7E708B5E4F7D1F818B1007AC31F06
:104BB0005842584108BD70B5054655F8213B04469A
:104BC00093F97500E2F7F8FA20B92846BDE870407D
:104BD000E3F7CCBC234653F8310B10220B2190F99C
:104BE0007500FFF7D8FA234653F8200B01220C2159
:104BF00090F97500FFF7CFFA20682B46BDE87040AA
:104C000010220D2190F97500FFF7C5BA01302DE98A
:104C1000F04185B228460E46E4F798F842F60217AE
:104C2000044642F603089CB12046E4F763F878B1E5
:104C3000204600F063FBB84205D10EB123883380D3
:104C4000607BBDE8F081204600F058FB404502D172
:104C50004FF0FF30F5E70135ADB22846E4F776F8BE
:104C60000446E0E72DE9F04707460E4690460D461C
:104C700042F6021942F6030A0135ADB22846E4F7BE
:104C800065F8044678B1E4F735F860B1204600F0E5
:104C900035FB484505D1237A072B04D10320BDE815
:104CA000F0875045E8D141463046FFF7AFFF431C3F
:104CB000014604D03846BDE8F047FFF707BF0020A3
:104CC000EDE770B5054608461646E4F73FF804469A
:104CD00008B9012070BDE4F70DF80028F9D0F007FD
:104CE00013D4B10734D4720702D5A3885B0732D539
:104CF00016F0060F31D116F40060EBD0A38813F440
:104D0000006F14BF00200620E4E7A388DA0743D52C
:104D100013F0700F0AD1980610D45806E1D52B680D
:104D200093F975300133DCD10820D3E72868FFF709
:104D3000F1FEA388990608D50028CBD12A6892F8FD
:104D400074209207E9D40520C4E70028C2D1E4E723
:104D5000A3889907C7D40320BCE7A38813F4E06FA6
:104D600009D198050FD45B05C5D52B6893F975302B
:104D70000133C0D1D8E72868FFF7CCFEA388990596
:104D800007D50028A6D12A6892F874209207EAD4A1
:104D9000D9E700289ED1E6E702209BE738B5044614
:104DA0000846E3F7D3FF054608B9012038BDE3F70D
:104DB000A1FF0028F9D0AB8813F4E04F0CD1980480
:104DC00012D413F48040F1D0236893F97500431C8A
:104DD00058425841C000E9E72068FFF79BFEAB88C6
:104DE000990408D50028E1D1226892F8742092072E
:104DF000E7D40520DAE70028D8D1E2E72DE9F0472B
:104E00004FF00009044683F800900846A2F800908D
:104E1000884616461D46E3F799FF074620B9012349
:104E200000202B70BDE8F08774B1E3F763FF002822
:104E3000F5D04046FFF7D7FD30B1012385F800904B
:104E400004F120003380EDE72B46324639462046F8
:104E5000BDE8F047E3F716BB2DE9FF4107460846DA
:104E6000884616460393E3F771FF044638B903A852
:104E700003F0B1FB0125284604B0BDE8F0811FB165
:104E8000E3F738FF0028F2D0237A072B05D8DFE8B4
:104E900003F017262F381C17172126BB039800286C
:104EA00035D13246257A022D62D0032D64D0012DF2
:104EB0003BD0002F7FD1002503A803F08CFBDAE75D
:104EC00003A803F088FB0325D5E703A803F083FBC1
:104ED0000625D0E703A803F07EFB8025CBE7E36837
:104EE0005D88B54209DA03A803F075FB0725C2E720
:104EF000E3689A88B242F6D35D88039840B90246C7
:104F000009E0022EEFDC039868B90246CAE735468D
:104F100003F0E6FB82B29319AB42C3DD03A803F0B2
:104F20005AFB0D25A7E70225F2E7E06806300023CB
:104F30000399304403F03EFB002FBCD0237A032BAF
:104F400039D103A803F047FB00212046E3F7BAFE5E
:104F500068B30588617B3846FFF7B8FD0122034638
:104F600029463846CDF8008000F0DCFC002582E7B9
:104F7000E068B3188380D9E7039B9A79D979891AB5
:104F8000C9B2481E012810D8134402291A7B04BF55
:104F90005B7B42EA0322237B32EA03038CD10123A9
:104FA0003846617BE3F744FAC6E70D2584E708F14C
:104FB000FF35ADB2CEE7039B4146009338463346FA
:104FC0003A7F00F095FCD1E7884270B504460D4663
:104FD000164611D8012838BF01242046E3F7B6FE53
:104FE00010B14388B34208D00134A4B22046E3F79D
:104FF00091FE08B1A542F0D20024204670BD70B5E4
:105000000C4616461D460146B8B1B3B1022C01D07C
:10501000102C12D1E0B2E3F73BFD4FF6FF7188424E
:10502000024602D141F20A1070BD3046FFF7CCFFB4
:105030000028F7D028800020F6E72120F4E700239D
:1050400007B50122ADF80400ADF8063002210DF1DC
:10505000060301A8FFF7D3FFBDF8060003B05DF813
:1050600004FBF8B50F461646441CA4B22046E3F7ED
:105070006DFE10B9013CA0B2F8BD00F03FF9054645
:10508000304600F017F920B1284600F013F9002847
:10509000F0D1304600F007F920B1284600F003F9BE
:1050A0000028E7D10134A4B22046E3F733FE08B16B
:1050B000BC42DBD94FF6FF70DEE72DE9F04F9A4690
:1050C00087B08B880D460C88814604A90220ADF874
:1050D00010309046E3F7DCFCAB680090A888AF89FD
:1050E000059300F0E0F838B1102F05D105A8E3F7DB
:1050F000B5FC022808BF02279DF840B00BF0010B59
:1051000038E02046009AFFF75FFF0646A8B3AA885A
:105110006988FFF7A6FF04463046FFF72BFD40EAFB
:105120000B00C0B200B30DF10F03314648460DF13C
:105130001202FFF763FE9DF80F302BB1A8F8006054
:10514000184607B0BDE8F08FBDF81220BA420BD167
:105150003A460599019302F077FE019B20B9A8F821
:105160000060AAF80040EBE74FF6FF739C4201D0C5
:105170000134A4B26988A142C3D20A23E0E708B58A
:10518000E3F7E4FDBDE8084000F0B8B838B50546DF
:105190000846E3F7DBFD044610B94FF6FF7038BD53
:1051A0000DB96088FBE7E3F7A5FD0028F9D1F4E726
:1051B00070B5044642F60520FFF741FFB0B100216B
:1051C000FFF724FD054601462046FFF77FFC064613
:1051D0001022002104F1310002F060FE324629461F
:1051E0002046BDE870400023E3F722B970BD7FB5CB
:1051F00004460D4610220021684602F04FFE0026AC
:10520000AB575A1C1BD031462046FFF75FFC1946AE
:10521000002BB8BFD91C04AA02EBA10100F00302C5
:10522000584200F0030003F0030358BF43425B0001
:1052300002FA03F311F8102C134301F8103C013665
:10524000402EDDD16B4604F1310504AE1A4603CA87
:10525000B24228606960134605F10805F6D1204680
:1052600004B0BDE87040FFF741BC037A23B1013BB5
:10527000012B06D900207047C3681888023080B21D
:105280007047C36858880630F9E710B50446E3F75D
:1052900071FA4FF6FF73984204D12046BDE81040E2
:1052A000E3F742BA10BDA0F5205001288CBF0020C2
:1052B0000120704742F60303C31A58425841704711
:1052C00008B5030409D4E3F783FAA0F5205080B2AF
:1052D00001288CBF0020012008BD0020FCE702044B
:1052E00008B507D4E3F774FA42F60303C31A584229
:1052F000584108BD0020FCE7C00B70470346B3F9D6
:1053000002304088002B01DBE3F762BA00207047CF
:1053100008B5FFF7F3FF42F60303C31A584258419A
:1053200008BD08B5FFF7EAFFA0F5205080B20128BC
:105330008CBF0020012008BD70B51D4604461646EE
:10534000E3F764FCEB43844200D970BD617A3143DA
:1053500005B1194061721034F5E770B50D46164677
:10536000E3F7F4FC044650B1FFF7DBFF38B1204609
:1053700033462A460121FFF7DFFF002070BD2120C0
:10538000FCE72DE9F3411E46C3071446019116D5EB
:1053900040F6010310F0020F48F601074FF42058C1
:1053A00008BF1F46022C0FD1022401220021104603
:1053B000E3F74AFA80B91A2002B0BDE8F08140F65E
:1053C000010742F60108EDE7102C26D101A8E3F70A
:1053D00045FB0228E9D1E7E7A01CE3F785FA05467B
:1053E0000028E8D02246019920F8024B02F061FD26
:1053F0000120E3F707FA04464046FFF746FF4FF661
:10540000FF73E38000236080A7802372E5600EB9FC
:105410000020D1E723883380FAE72120CCE740221F
:105420002021FFF79ABF1FB550F80C4BADF80A309A
:1054300094F87040069BADF806108DF8082040F2F5
:10544000035101AA8DF80440039302F0F2FF10B952
:1054500006A803F0C0F804B010BD2DE9F0414FF0EC
:10546000000886B004460E461546CDF80C8000F1C3
:10547000440712B303A803F0AEF8384603F0ABF8C4
:1054800084F81C8000233246009318212B462046C6
:10549000FFF7ADF805F58855204650F80C3B40F273
:1054A000055193F8703004AA8DF81030059502F07C
:1054B000C0FF002006B0BDE8F08143691A0710D490
:1054C000A846384603F0A5F803460390C0B903A8E0
:1054D00003F081F8384603F07EF80023237755B1B6
:1054E000D0E723F00803436103A803F074F83846BB
:1054F00003F071F825772046FFF7F5F80025CBE794
:105500009979204601F10C021A44B2F80160053184
:10551000B2F8032099713146FFF79EFCCDF80C805C
:105520000028CED00546D2E72DE9F84F0E46914629
:105530009A4605469DF828B010B1037C012B60D037
:105540002846FFF7A5F93046FFF71CFB002231463D
:1055500080462846FFF786FB07463046FFF70FFEDA
:1055600042F6052398421CD118F0300F26D1BBF12A
:10557000000F33D018F0200F3FD0BA073FD5EB8B88
:10558000002B38D153464A4631462846FFF7DDF80E
:105590000446E8B940F20A412846EE83FFF786F94F
:1055A00016E02846FFF729FA0028DDD02846FFF745
:1055B00039FA0028D8D041F2121409E0B907D6D040
:1055C00031462846FFF7EAFB0028D0D000F5885482
:1055D0002846FFF762F92046BDE8F88F18F0100F53
:1055E0000BD0FB070BD553464A4631462846FFF7FA
:1055F00089F80446ECE70524EAE72124E8E70224D9
:10560000E6E70724E7E72DE9F047002586B09DF897
:10561000389090F81CA004460F4690460F9E0577E0
:10562000B9F1000F09D00A464B4651460096FEF7E5
:10563000DEFF284606B0BDE8F087BAF1080FADF8E6
:10564000169026D145893246043DADB29D424FF0B9
:1056500002014FF00900A8BF1D46FEF759FF0222C4
:10566000814605A93046ADF8147003F076FA2A4653
:105670004146304603F071FA0546831C3146204608
:1056800089F80130E2F766FDADF81650BDF8160056
:10569000D0E7BAF10A0F0DF116020CBF0B210D2154
:1056A000CDE90162009301224346FEF7C4FF1A28A8
:1056B000ECD111233A4651462046CDF80090ADF882
:1056C0001690FEF794FFE1E7F0B5002589B0174684
:1056D000012204460E460393ADF81650FFF7F1FA87
:1056E0008DF81500002846D13046FFF767F910B154
:1056F0003046FFF723FA3046FFF754FAB8B103A853
:1057000002F069FF204650F80C2B237F92F870209E
:1057100040F202518DF8182006AAADF81A608DF8F3
:105720001C30ADF81E7002F084FE09B0F0BD0DF122
:1057300015030DF1160231462046FFF75FFB9DF879
:10574000153002465BB9BDF81630BB4235BF0723A2
:10575000DB1B8DF81530D21928BFADF81630039B2E
:10576000314601939DF8153020460093BDF8163060
:10577000FFF749FFD9E72A46F1E72DE9F04F89B055
:1057800002901846154605930C46FEF79EFE80468D
:10579000059802F0A5FF0023B0F1010AB5F80A90C0
:1057A0008DF81D3000F089801AF0010740F08580E7
:1057B0005046EEF793FD0646002800F084805246DE
:1057C00008F1010102F075FB01212046059AFEF760
:1057D0009FFEB8460AEBDA7A09F1FF3B03904FEAE5
:1057E0006A0ABA4544DD36F81740012221462846A8
:1057F000FFF767FA8DF81D0068B92046FFF7DEF85D
:1058000010B12046FFF79AF92046FFF7CBF978B19F
:1058100080238DF81D30304603F028FA059B224680
:10582000009328469DF81D300299FEF7E0FE26E021
:105830000DF11D03214628460DF11E02FFF7DEFA89
:105840009DF81D300490002BE5D1029B202B1BD12D
:10585000ABEB0803012B0BDD0DF11E0102220598B5
:1058600003F07BF9012801460CD805A802F0DAFF05
:10587000304603F0FBF928460399FEF7A1FE09B074
:10588000BDE8F08F08F10208BDF81E20ABEB08035D
:105890009A42C2BF09F1FF33A3EB0803ADF81E30F3
:1058A000BDF81E20DDE9041003F057F9BDF81E30E5
:1058B0009842DDD39844013793E7042300248DF800
:1058C0001D302646A7E71123F8E770B504460D46BC
:1058D0001646FFF773F840B933462A462146FFF7CC
:1058E000BBFA08B100F5885070BD41F20310FBE728
:1058F0001FB550F80C4BADF80A3094F87040069B79
:10590000ADF806108DF8082040F2015101AA8DF87B
:105910000440039302F08DFD10B906A802F05BFE6F
:1059200004B010BD1FB550F80C4BADF80A3094F818
:105930007040BDF81830ADF806108DF8082040F220
:10594000045101AA8DF80440ADF80C3002F071FD4D
:1059500004B010BDF0B5122785B00392077702227C
:1059600005460E46FFF7ADF9044668B103A802F0FC
:1059700032FE00232B770023324600931221234668
:105980002846FEF734FE0FE0039A3046937903333E
:105990009371FFF707F948B1039B3A4600933146EC
:1059A00023462846FFF73FFD05B0F0BD42F62930FB
:1059B000FFF745FBB04220D1039830B903A802F0AD
:1059C0000AFE00230D242B77D5E702F089FE80B272
:1059D0000128F3D1039B28469A791344197BFFF7DA
:1059E00047F8044603A802F0F6FD00232B77002CAD
:1059F000C1D12846FEF73EFED6E72246314628466C
:105A0000039BFFF729FA0446EFE72DE9FF410392D4
:105A1000042204460D46FFF754F9074628B103A8AF
:105A200002F0D9FD04B0BDE8F0814FF05208039AAE
:105A3000284693790333937184F81C80FFF7B2F8FA
:105A4000064640B1039B4246009329463B4620460A
:105A5000FFF7E9FCE6E742F62930FFF7F0FAA84243
:105A6000039B0BD19A7920461344197BFFF700F86A
:105A700003A802F0B0FD00232377D3E7324629467E
:105A80002046FFF7E9F9F6E72DE9FF418B79044657
:105A90000C330B44B3F801700E463846B3F803805C
:105AA000FFF768F8002858D0022239462046FFF751
:105AB00008F90546E8B93846FFF774F868B11622C8
:105AC0002277B37939460533B371204643460096B1
:105AD000FFF7A9FC04B0BDE8F081EEF741FA3346C8
:105AE0001B680135EDB2002BFAD10635A8421DDC4A
:105AF000092504F1440002F06EFD2B463A461621BA
:105B000020460096FEF773FD092DE3D1204650F89C
:105B10000C3B40F2055193F8703002AA8DF8083022
:105B200041F20913039302F084FCD3E701213046CC
:105B300002F0DEFF01460028DAD004F1440002F052
:105B400031FEB37942460533B371394633462046B8
:105B500004B0BDE8F041FEF79CBD0125C9E713B5CF
:105B6000044641B9443002F036FD204602B0BDE89B
:105B70001040FEF7B8BD18224369027713F00803FE
:105B800006D0002319460093FFF74DFC02B010BD6C
:105B90001A46194602B0BDE81040FFF75EBC7FB55B
:105BA000C58B04462DB342F60520FFF748FAA842FC
:105BB00007D100212046FEF73CFF636923F0010373
:105BC0006361002640F20A412046FEF775FE294631
:105BD0000DF10E022046ADF80E60FFF743F8BDF858
:105BE0000E2003460092294602222046FFF79AFE25
:105BF000E68304B070BDF7B504461F460E46154651
:105C0000FEF746FE237C012B58D0237F182B2CD087
:105C100063691B0713D5217F16292DD008D81229B7
:105C200014D002252046FEF738FE284603B0F0BD0A
:105C300018291AD05229F4D10023237713E03046D3
:105C4000FEF7B0FF0028E6D12125EBE700232377FC
:105C500035B1009332462B462046FEF7C8FC02E0E1
:105C60002046FEF707FD0025DCE72A4631462046A0
:105C7000FFF7F3FB0546D5E700232377002DE8D196
:105C800005211720BDF82430089A0095FEF764FC22
:105C900020B91123324612210095DDE7FEF719FCE9
:105CA0006269034642F00802626182793146053238
:105CB00082713A462046FEF7ECFCD4E70725B1E7AF
:105CC0002DE9F041054688B042F60520FFF7B7F907
:105CD000064604A8E2F74AFC102205F121010DEB6B
:105CE000020002F0B1F850B101212846FEF7A1FEF2
:105CF0002846FFF75DFA6B6923F001036B6142F6FA
:105D00000303022003A9ADF80C30E2F7C1FE012421
:105D100007464FF0000820463A464FF6FF71FFF75E
:105D200053F9044610B908B0BDE8F081FEF722FF30
:105D30000134A4B20028EED0A64203D13146284651
:105D4000E3F7BAFB214628460DF10E02ADF80E80AE
:105D5000FEF788FF03460028DDD0BDF80E2021465F
:105D6000009228460122FFF7DDFDD4E708B5E2F7EF
:105D7000EBFB0020E3F7DAFF002008BD13B58B79B9
:105D800004460B441B7B0A4613F0010001910AD024
:105D90001D2B0AD101211E20FEF7BAFB0146204629
:105DA000FEF70EFC012002B010BD01A802F013FCAA
:105DB000F8E7037C012B07D08369187828B11328F2
:105DC0000CBF0020052070470720704710B504461F
:105DD0008069143002F0FFFBA069BDE81040183064
:105DE00002F0F9BB2DE9F0410F46144605461E4668
:105DF000FFF7ECFF23463A4608210020D5F818802B
:105E000002F0D8FEAA69C8F81400536923B1002033
:105E100054811682BDE8F0811A20FBE71FB50A46BF
:105E20008369090C92B29980DA8042F60303ADF8D7
:105E30000C300223009303AB00F038FF05B05DF88F
:105E400004FB70B50446084602F04AFCA16986B21C
:105E50008A894D8912B1521B96420CDA6389581E09
:105E600080B225B90A78082A04BF043B98B2831B84
:105E70005842584170BD0020FCE730B5044654F844
:105E80000C0B8DB09DF8405090F8700042EA014232
:105E90008DF804001946029203A82A46079502F0DD
:105EA00008F840F20241204601AA02F0C2FA0DB001
:105EB00030BD10B550F80C4B86B094F87040ADF87A
:105EC0000E10ADF8102040F2064103AA01938DF8A0
:105ED0000C40059302F0ADFA10B901A802F07BFB6B
:105EE00006B010BD37B504460D46FFF76FFF2046DC
:105EF00040F20941FEF7E0FC00222046A36940F28F
:105F000007411A7050F80C3B6A4693F870300195BF
:105F10008DF8003002F08DFA03B030BD13B5019159
:105F20000021044600F06CFF0422002320460DEB04
:105F30000201FFF757FF02B010BDF0B504460F464F
:105F40001E46154685B052B983691B78072B30D0A1
:105F5000082B14BF15460925002E18BF0D250A98D9
:105F600002F0BEFBA3699A894AB15B8981B2D21A59
:105F7000914204DD92B2891A0AA802F053FC20462D
:105F800050F80C3B40F2054193F8703001AA8DF8AF
:105F900004300A9BADF806708DF80850ADF80A6021
:105FA000039302F046FA10B90AA802F014FB05B0F8
:105FB000F0BD0B25D0E7B0F80AC02DE9F041ACF1F7
:105FC000020C9C4505460E4617461C4603DDBDE8FF
:105FD000F04100F0C2BE8369224619810023394690
:105FE000FFF700FF044658B9AB6902463146284620
:105FF0000E3300F0CBFE044610B12846FFF7E6FE54
:106000002046BDE8F0812DE9F043202A8FB00546F7
:1060100017461C4603910BD941F204142146284629
:10602000FFF760FF03A802F0D6FA0FB0BDE8F083D7
:10603000002B46D10846A2F1060802F051FB4FF6AC
:10604000FF765FFA88F81FFA80F94C4510D3AB69E8
:10605000DA88B24239D942F60203ADF8143002238D
:10606000711C0093284605AB89B200F01FFE25E0A5
:1060700023463A46039906A802F09CFAAB69BDF89C
:1060800018609A88B242C7D8DA88B242C4D3BDF841
:106090001A10BDF81C20B8F1000F09D02846CDF821
:1060A00000800DF11E033C44FFF7E7FEA4B2CCE7ED
:1060B00028469E8019815A8100F011FE044600286E
:1060C000B0D041F20A139C42A8D10024A6E738B50B
:1060D0000546FFF76EFE044640B92846FFF79EFED0
:1060E000044618B904212846FEF7E9FB204638BDCE
:1060F0002DE9F0471C4696B0836901921B7806464D
:10610000062B03D0112B60D001A81CE001291046FA
:1061100014BF4FF010084FF002080392002C4CD12E
:1061200002F0DEFA4FF6FF7508F1020987B2A742C6
:106130000ED8B369DA88AA4237D8002421463046FF
:10614000FFF7D0FE03A802F046FA16B0BDE8F087CC
:1061500023464A46039904A802F02CFAB369BDF815
:1061600010509A88AA422DD8DB88AB422AD39DF8DA
:106170001330282BE1D0B2465AF80C3B424693F834
:1061800070300DF112010DA88DF83030ADF832509D
:10619000CDF844804C4401F08CFE40F2044150465E
:1061A0000CAA02F046F9A4B2C1E7691C304689B2D4
:1061B00000F04CFD04460028C4D041F20A139C4272
:1061C000BBD0BBE741F20414B8E70129104614BF65
:1061D00012270427049284BB02F082FA42F60218C6
:1061E0004FF6FF7185B2A5420DD8B369DB888B42AB
:1061F00021D901314FF6FF72304689B200F026FDF9
:106200000446A0B119E023463A4604990CA802F0CE
:10621000D1F9BDF83220BDF8301042459DF8333039
:1062200007D1B269022330460A32FFF7C4FE04A840
:1062300089E7282B06D141F20A1421463046FFF7A0
:1062400051FEF4E73C44A4B2CDE7F0B5836987B0D2
:1062500003911B780546022B144653D1084604913E
:10626000002A47D102F03CFA4FF6FF7687B2A742E8
:106270000DD8A869C288B2422BD8002421462846EE
:10628000FFF730FE04A802F0A6F907B0F0BD042223
:106290000499234605A802F08DF9AA69BDF81410E7
:1062A0009088BDF81660814229D3D388994226D8B8
:1062B000864224D39E4222D85069927A837904344C
:1062C0000C330092034432462846FFF7D6FDA4B2B1
:1062D000CDE743694089711C0190987989B20C30EF
:1062E0000344009328464FF4205300F0C3FC0446B7
:1062F0000028C7D041F20A139C42BFD1BDE741F24A
:106300000414BBE703A8BEE7F0B587B005461746FF
:106310001C46039153B9FFF794FD38B1012322467F
:106320002846039900F084F807B0F0BDA9690B78FE
:10633000082B05D8062B44D8032B0FD003A83DE02B
:106340000F2BFBD1039B0593002C6DD1002B6BD041
:10635000224628460989FFF7ACFD59E003980590CD
:1063600018B3ECB9102683794A890C3309890344A0
:1063700000962846FFF781FDAB699988DA8891423B
:1063800017D242F60203ADF8103002230131009318
:1063900028460DEB060389B200F088FC044660B184
:1063A00041F20A139C4204D101E0002CF8D141F2E1
:1063B0001F0421462846FFF795FD05A802F00BF9BA
:1063C000B2E7039805907CBB70B302F089F90FB374
:1063D00086B2B7421ED2394605A802F05DFB38B935
:1063E00005A802F0F8F81A212846FFF77BFD9BE785
:1063F0008379F61BC218023391898371AB6900223D
:106400005B89B6B200902846FFF797FDB742E2D904
:106410002146E9E7AA69284653891189059A00921D
:106420000022FFF78AFDF3E705A802F0D4F8EFE7B2
:10643000F0B585B006461F461446039132BB0846A8
:1064400002F04EF9054608B3B1690B784A89082B6A
:106450000BD8062B0BD9039B0989304600931346B2
:106460002246FFF76AFD039401E00F2B19D0B169B2
:106470004B89EA1892B2B2F5007F4A8117D82FB142
:106480003046098900F03CFC044628B1002223462E
:1064900011463046FFF738FF03A802F09CF805B01C
:1064A000F0BD3046039B0989FFF703FDDBE741F2AE
:1064B0000414EBE773B5836901911B780446082B3C
:1064C00015460ED8062B0ED9019E20463146FFF701
:1064D000B8FC2A46034631462046FFF7A9FF02B022
:1064E00070BD0F2BF0D001A802F075F8F7E730B5BA
:1064F000836987B003911B780546092B144611D197
:1065000005915AB9134600910F222146FFF715FD58
:1065100021462846FFF7E6FC07B030BD05A802F08B
:106520005AF8F5E703A802F056F8F5E770B5836965
:1065300086B003911B7805460A2B144631D105918C
:1065400032BB059802F0CCF808B9044620E00023DD
:10655000022205A90DF1120002F036F8012815D922
:10656000BDF8126096B1059802F0BAF886420FD8CD
:10657000BDF8121005A802F08FFA48B10023009070
:10658000212219462846FFF7D8FCDAE741F20D141C
:1065900005A802F020F821462846FFF7A3FC06B024
:1065A00070BD03A802F017F8F9E72DE9F04F8769ED
:1065B0009FB003913F780546052F16461C4604D828
:1065C000032F16D810D003A867E0082FFBD1084688
:1065D0001391002B00F0C28013A801F0FCFF2146AC
:1065E0002846FFF77FFC01E0FFF70DFD1FB0BDE877
:1065F000F08F202A0846049148D8002B40F0A8804C
:10660000571F02F06DF84FF6FF78FFB21FFA80FABD
:106610000DF11C0BA24506D8AB69DA88424500F2A1
:106620008780002434E02346324604990BA801F009
:10663000C1FFAB69BDF82C809A88424526D8DA881C
:10664000424523D35969F1B9A94659F80C1BBDF845
:106650002F2091F870109DF82E308DF84C10ADF869
:106660004E200DF131013A4615A88DF8503019979A
:1066700001F01FFC40F20341484613AA01F0D9FE85
:106680003444A4B2C6E75A89102A09D941F2041445
:1066900021462846FFF726FC04A801F09CFFA5E749
:1066A0000023584601F086FFAB690DF13101102F30
:1066B000CDE9051B93F80A902BD1B9F1020F34D123
:1066C00005A8E2F7CBF90228DAD14A46DDE9051040
:1066D00001F0BAFB0028D3D12B4653F80C0BBDF8C0
:1066E0002F1090F870009DF82E208DF84C00ADF81A
:1066F0004E108DF8502059464A4615A80293CDF801
:10670000649001F0D6FB029B40F20341184613AAA5
:10671000B4E7022F09D1B9F1100F06D106A8E2F7AC
:106720009DF90228ACD13A46D0E73A465846CFE721
:1067300042F60303ADF84C30022308F10101009347
:10674000284613AB89B200F0B1FA04460028A3D062
:1067500041F20A139C423FF464AF99E759B9002112
:106760000023AA69284693815381118113993246E7
:10677000FFF7CAFD3AE701F0B3FF16B180B28642D7
:10678000EDD1139A9379D118023389899371E7E790
:106790002DE9F0431C468FB0836903911B780546B1
:1067A000012B17465BD10846059101F099FF202F78
:1067B0000BD941F2041421462846FFF793FB05A8A4
:1067C00001F009FF0FB0BDE8F083002C42D105981D
:1067D00001F086FF4FF6FF76A7F104081FFA88F84C
:1067E0001FFA80F95FFA88F8A14505D8AB69DA8805
:1067F000B24220D80024DEE723463A46059906A88F
:1068000001F0D8FEAB69BDF818109A88BDF81A607F
:106810009142CED3DB889942CBD89642C9D39E42CF
:10682000C7D832462846CDF8008007AB3C44FFF776
:1068300024FBA4B2D8E74FF42053ADF81030022364
:10684000711C0093284604AB89B200F06DFA04462F
:106850000028B4D041F20A139C42CBD0ABE703A886
:10686000AEE783691B780B2B02D0103B012B01D8BC
:10687000FFF738BB7047F0B585B0019383691746C1
:106880001A7804460B3A0A9E072A42D8DFE802F03B
:1068900004413041410441290198039001F020FF57
:1068A00085B203A801F097FE26B131462046FFF7D6
:1068B00035FB0FE0A1697A194B8992B293420BD94B
:1068C0000A8201F10E032046098900F05FFA0146B1
:1068D0000028EBD105B0F0BD0121204600F090FA70
:1068E000F5E72EB91A8A0198BA420BD04FF48166A7
:1068F000019B03A8039301F06EFE31462046FFF78B
:10690000F1FAE7E7DA89596901F0F5FE0028EDD1DF
:10691000EEE701A801F05FFEDCE738B582690446C6
:1069200013780D460E2B12D0102B01D00B2B12D149
:10693000536933B1997902F114000B44DD6801F019
:106940004AFE29462046BDE83840FFF78ABFBDE829
:106950003840FFF7C7BA38BD07B5002300921B22A5
:10696000FFF7EBFA03B05DF804FB07B583695980C4
:10697000009200231D22FFF7E0FA03B05DF804FB4C
:1069800010B50C46FEF707F850B12269022A01D073
:10699000102A07D12146BDE81040D2B2E3F7F8B97A
:1069A000252010BD2120FCE710B50C46FDF7F3FFB4
:1069B00020B12146BDE81040FFF789BB252010BD5E
:1069C00070B506460D461446DBF7BEFE4379C57525
:1069D00023F0030343F00303437140F60943C380EC
:1069E000A0F815602060153070BD13B50C4601AAE3
:1069F000FFF7E6FF019BDA791444DC7102B010BDA9
:106A000073B5064610460C46154601F069FE21187E
:106A100001AA3046C9B2FFF7D3FF019B0646DA79D7
:106A20001444DC712B4633B901A8294601F0BAFEA3
:106A3000304602B070BD5C7924F0030444F00204D7
:106A40005C711B68EFE708B5DBF784FE83790C33D4
:106A5000184408BD4B88052B05D108880E288CBF2B
:106A600000200120704700207047F8B505460F460A
:106A7000164604210A22002002F032F80246B8B17C
:106A8000847905210C3403194FF0060C002099700D
:106A9000D87002F804C013241C7102245F7158706E
:106AA000D8719C7128461E81BDE8F840E3F7D2B941
:106AB000F8BD73B50546104601920C4601F010FE74
:106AC000042186B2019801F04EFF024628B901A8C0
:106AD00001F081FD1A2002B070BD837901900C3362
:106AE000C1184C80C65221462846E3F7B3F900206E
:106AF000F1E72DE9F04106468846174604210A22AF
:106B0000002001F0EDFF0246B8B1857900240C3574
:106B10004319052106209970DC7050550120187129
:106B200002205C70987183F805803046DC711F810B
:106B3000E3F790F92046BDE8F0811A20FBE708B59D
:106B4000E3F7E6FCE3F720FAE3F726FBE1F7D0FBF7
:106B5000BDE8084000F0C8B938B505460C46E3F773
:106B6000FBF928B928462146BDE83840EDF700B9C1
:106B700028462146EDF7FCF800F0B3F9EFE773B5CE
:106B80000E46FCF73FFA044600BB42F60720FEF72C
:106B900056FA0546D0B10A22B6F900300021002B82
:106BA000CBBF0533053BB3FBF2F393FBF2F35BB2D0
:106BB0008DF8073001230DF10702184601F0FAFFA6
:106BC0000022034629461046FEF746F9204602B049
:106BD00070BD430803F05503C01A00F03303C0F33F
:106BE000850000F03300184400EB101000F00F0097
:106BF0007047002110B5421D441E14F8010FFFF725
:106C0000E8FF94420144F8D1084610BD10B5EDF7F5
:106C1000BDFE044628B10124204610BD436ADB06B0
:106C2000F9D4EDF7C1FC0028F8D1F5E710B5DFF78E
:106C3000D7FA002814BF03240124DFF7E1FA08B1D2
:106C400044F00404204610BD0020704770B504468F
:106C50000E461546052100220420FDF759FC014689
:106C600018B1A0F80160A0F803502046BDE87040BC
:106C7000FDF7A6BCF7B51D460023044600930F465A
:106C8000164607210620BDF82430089AFDF764FC5B
:106C9000014628B1A0F80170A0F80360A0F80550E3
:106CA000204603B0BDE8F040FDF78ABC73B5154639
:106CB0001A460023044600930E46082005219DF83D
:106CC0001830FDF749FC014618B1A0F80160A0F8A2
:106CD0000350204602B0BDE87040FDF771BC38B5E6
:106CE000002204460D460A200321FDF711FC01464F
:106CF00008B1A0F801502046BDE83840FDF760BC5F
:106D000070B504460E461546052100220C20FDF7FD
:106D1000FFFB014618B1A0F80160A0F8035020461F
:106D2000BDE87040FDF74CBC73B515461A4600230C
:106D3000044600930E46102005219DF81830FDF7FB
:106D40000BFC014618B1A0F80160A0F803502046E2
:106D500002B0BDE87040FDF733BC73B50E460021AC
:106D600044890546033CA4B2A342009128BF2346B0
:106D700003211220FDF7F0FB014608B1A0F80160E5
:106D8000284602B0BDE87040FDF71ABC2DE9F3417A
:106D90000546984683690F465869164601F0A0FCDF
:106DA0006C8980B2053CA4B2844228BF0446A8691D
:106DB0002146143001F070FE009048B105220821F0
:106DC000002001F08DFE019030B9684601F003FC0F
:106DD0001A2002B0BDE8F081009901A801F0E2FCA0
:106DE0001620019A93790C33D118D054A8F800409A
:106DF0002846A1F80170A1F80360FDF7E1FBE8E780
:106E000038B5002204460D4618200221FDF780FB0C
:106E1000014600B145702046BDE83840FDF7D0BBC3
:106E200070B5857904460C35461901F059FC625D50
:106E3000431E013A9BB2202A12D8DFE802F0131158
:106E400018111A112B113111421142114211351131
:106E5000271111113B11271140114011111142004E
:106E6000002070BD042B14BF01200320F9E7022B82
:106E7000F9E743B37278022A0AD0012A23D1022209
:106E8000013B0232B3FBF2F102FB1133002BEAE7C4
:106E90001022F5E713F0030F14BF01200320E0E7F1
:106EA0008BB17278013BEDE76BB17278032A0AD996
:106EB000013BE7E7042B34BF01200320D1E7022B7D
:106EC000F9E70320CDE70120CBE708B5FFF7BBFDCD
:106ED000407940F4805008BD10B90120E3F7CABBE7
:106EE00070470220E3F7BCBB0020E3F7B9BB08B54D
:106EF000FFF7A9FD407940F4805008BD0078EDF718
:106F00006FBA13B50C460DF107020DF1060101F041
:106F100072FF30B19DF80600031B5842584102B081
:106F200010BD0120FBE77047EDF7F0BC7047EEF7AE
:106F300069BCE4F7C3BB7047704770477047704740
:106F400008B503F0C3F8002814BF1420002008BDC2
:106F50007047704770477047002070477047704710
:106F60007047F8B504460F46164613680A461D0AD0
:106F70000021043500F092FFEDB22122204639466F
:106F800001F070FA2046294601F0F5FAA27933683B
:106F90001444E360F8BD704770477047704770470E
:106FA000704702464FF482712020FDF799B913B55E
:106FB0000C4601A904F056F810B9019BC4E9003051
:106FC00002B010BD08B52020FDF766F9003818BFE3
:106FD000012008BD08B5FFF7F5FF20B1BDE8084066
:106FE0002020FDF761B908BD08B5ECF73DFD08B1FB
:106FF000012008BD03F0FAFFECF73EFD0028F7D1B1
:10700000E0F7FAFE003818BF0120F2E708B5E4F710
:107010001DFE00280CBF0420012008BD0020704781
:1070200030B50446154687B00846FBF7CCFF122260
:1070300000210DF1060000F031FFA368ADF8045007
:107040000293E3680393E38BADF81030238CADF823
:107050001230FFF7E3FF029B8DF8140043F4105346
:107060000293FFF779FF18B1029B43F004030293E8
:10707000029B01A843F480330293DBF797FE10F0E4
:10708000FF0516D1A38C0DF10201ADF80030E38CA1
:107090006846ADF80230FFF772FDE4F7A7FEFBF794
:1070A00090FF012100F015F8F1F7C0FF284607B066
:1070B00030BD40F20C40FAE7E4F7A8BE022070476A
:1070C0000020704701207047002070470020704763
:1070D000704737B504460D4601A8E6F7DFFE01A864
:1070E000FFF7F6FF204601A98DF80650E4F7ECFF04
:1070F00003B030BD08461146012200F070B80146C9
:1071000008B54FF0FF30E5F707F8B0FA80F0400916
:1071100008BD00F0F4BB00F0FCBB7FB56C46054633
:107120000E460FCA84E80F009DF80D30224643F04A
:107130004003314628468DF80D3000F0BAF804B00F
:1071400070BD7047431E012B03D9031F584258419D
:1071500070470120704700F0A2BC4FF4D4720021A8
:1071600000F09CBE70B50446E6F7C4FD0546A8B91C
:10717000A169F1B1238AD3B1204604F1100200F0D5
:1071800061FB48BBE16929B3638AA3B1204604F1DE
:10719000120200F02CFB78B1054603E00023A36146
:1071A0002361E361002328466361236270BDA0610F
:1071B000E8E72082E6E7E361216A0029F2D0A38AAA
:1071C000002BEFD02046E38A04F11402BDE87040A2
:1071D00000F0DDBA6182EFE76582E561DCE710B5BA
:1071E0000C461146E5F7D2FEE7F760F8012801D119
:1071F000002010BD002CF7D10520FAE7F8B50646AF
:107200000D46E4F7BDFFD8B94FF6FF734FF0240CDD
:10721000EF68C1B28F4208D81C4621463046E5F7D8
:1072200043F900F042FC2046F8BDAA680CFB01229D
:10723000D4899C4202D2002CEFD023460130E8E7EB
:107240000024F0E7808D70470A7838B5054610466F
:10725000FFF778FF60B14C782046FFF773FF38B135
:107260002243530704D42846BDE83840E6F7DEB889
:10727000212038BDFFF7E8BF10B504460878FFF7B6
:1072800061FF58B14A781046FFF75CFF30B1042A1D
:1072900004D02046BDE81040E6F7E6B8212010BD36
:1072A000FFF7EABF00F0C5B9084600F07ABBE5F782
:1072B0007FBF70B504460D46164600F07DF858B104
:1072C00029462046E5F7F0F838B9324629462046E7
:1072D000BDE87040EAF7B6BB0E2070BDE6F79EBF72
:1072E00008B5E4F7E9FE18B1BDE80840E9F774BE57
:1072F00008BD38B5044600200D4600F0D2FBD4F896
:10730000F0302BB929462046BDE83840E6F760B991
:10731000022038BD38B5044648880D4600F0C1FB50
:10732000D4F8F0302BB929462046BDE83840E6F7BE
:10733000B5B8022038BD00F0B6BB00F0D6B900F0F9
:10734000BDBB38B505460C4604F09DFBD5F88C3026
:107350001C40D5F888302343C5F8883004F086FBFC
:10736000211E18BF01210020490238BDE5F7A4BE47
:1073700007B5ADF8063013460DF1060200F007FA26
:1073800020B9BDF8060003B05DF804FB0020FAE761
:1073900000F02DBAE7F7F4BCE6F76ABA00F0BAB924
:1073A00038B50446154609B100F074FA15B1204607
:1073B000E6F750FB002038BD0346408A18B1188A12
:1073C000003818BF0120704700F072BA00F07CBA94
:1073D0000846E8F71BB810B5044600F08BF820B952
:1073E0002046BDE81040E5F7BBB910BD00F06ABB10
:1073F000E8F748BA2DE9FF41984604460E4617467D
:1074000004F05BFB05462046FFF7E5FF0A9B3A4682
:10741000029300233146CDE900832046E5F7EEF9DB
:107420000446284604F03BFB204604B0BDE8F0814A
:1074300038B5044604F041FB05462046FFF7CBFF74
:107440002046E5F7B9F90446284604F028FBB4FACB
:1074500084F0400938BD38B5044604F02EFB0546DB
:107460002046FFF7B8FF204600F053F804462846B0
:1074700004F015FB204638BD38B5044604F01DFB6A
:1074800005462046FFF7A7FF204600F048F80446CF
:10749000284604F004FB204638BD70B504460E466D
:1074A00004F00BFB05462046FFF795FF31462046CA
:1074B000E5F7F2F90446284604F0F1FA204670BDDB
:1074C000134607B500228DF807100DF10700194685
:1074D00000F0B2FA03B05DF804FB084611461A4604
:1074E00000F0AABA0020704701207047E7F7F2B811
:1074F00000F03FBAE5F76EB810B504F0DEFA0446C6
:1075000000F015F8E5F78CF82046BDE8104004F0CF
:10751000C6BA024608B5E5F75DF8507D08BD0246DB
:1075200008B5E5F757F8507D80F0010008BD00F080
:10753000C9BAE5F7D9BE00F0B9B890F8253003B163
:1075400008470220704710B50446E7F725F82046A3
:10755000BDE810400321E5F7F3BCFFF7F4BF90F856
:1075600025300BB1E6F7DABF0220704790F82530DE
:107570000BB1E6F7F9BF0220704738B590F8254007
:107580000D46BCB1053C012C8CBF00240124496888
:107590002246E7F73BF8286890FAA0F0000AE8F7DF
:1075A00005FDA97A2889224681F00101E7F75EF8F6
:1075B000002038BD0220FCE730B585B005460FC974
:1075C0006C4684E80F0021462846FFF7D6FF05B039
:1075D00030BD1FB5ADF808309DF81830CDE9001268
:1075E0008DF80A3000236946ADF80C30FFF7E4FF50
:1075F00005B05DF804FB002070470020704770471D
:10760000D0F8903003F06003402B0DD0602B03D0F6
:10761000203B58425841704749B10B68012B06D9AD
:10762000486940F00100704740F2011070470020A7
:107630007047F7B504461046D4E952C7DDE908267D
:107640008CEA020587EA06010540194085EA0C0527
:107650007940C4E95251002523F4004106EA0103B0
:1076600020F0010043F40073024043F00203CDE92F
:107670000055E9F79BFF94F824309A0713D5D4F806
:107680004C319B050FD54FF488112046FFF759FE6A
:1076900094F82430024665F3410384F824302046F0
:1076A0000B46E5F733FC002003B0F0BD0220E8F7FD
:1076B000D3B8D0F8E42008B57AB11368022B0CD9FE
:1076C000536A13F47F4FC3F3072106D0126ADBB26B
:1076D00053438B42B3FBF1F006D2002040F6144234
:1076E0004C21E4F761FF002008BD0346D0F82401D7
:1076F0000860B3F8283100208B80704790F824315F
:107700000C2B14BF90F82900FF2070474FF48071B4
:10771000EBF75CB9F8B507460E468C88E5F76AFECC
:1077200097F825700546082F737C0CD1012B0AD8D9
:1077300001460120E9F7D8FD421C01D10220F8BD25
:10774000E30003330EE0053FFFB2012F8CBF0020A2
:1077500001202946E9F7C8FD431CEFD0012F4FEA6D
:10776000C403EED903220344B271002DE6D0B3F571
:10777000803FE3D84FF224416A0901FB03232D091E
:10778000B3FBF5F332680020D21A3260D7E72DE957
:10779000F0410D4615F0030807461446194623D15B
:1077A00012B310883F281FD9B0FA80F0C0F1190237
:1077B000D2B2062A01D8192814D0062A28BF0622D8
:1077C0000126931DDBB29E40B6B2B14228BF3146BE
:1077D00028462680E7F786F823883D62BB8240462C
:1077E000BDE8F0814246EBE74FF02108F7E7F8B536
:1077F00011F0030607460D46144621D102B3138843
:107800003F2B1DD9B3FA83F3C3F11901C9B206297D
:1078100001D8192B12D0062928BF062101238A1D61
:10782000D2B293402846238000F0F3F823883846EC
:10783000FD617B82E7F766F93046F8BD3146EDE73A
:107840002126F9E738B5148811F003054FEAC4047E
:107850001ED13F2C1CD9B4FA84F4C4F11903DBB255
:10786000052B01D8192C11D0052B28BF0523012485
:107870000633DBB204FA03F3C3F3CF04148081614F
:1078800004820387E7F73EF9284638BD2B46EEE72A
:107890002125F9E7E5F7D6BA10B5144608460121C7
:1078A000E8F782FA2046BDE810400121E8F77CBAEB
:1078B00010B50A011021EBF775F80446EBF790F8C4
:1078C000201E18BF012010BD1021EBF77FB8F8B5BE
:1078D00004460E46174604F0D6F83A4605463146A9
:1078E0002046E8F747FD0446284604F0BFF8204646
:1078F000F8BD0220704703207047E7F7A5BF10B519
:107900000023E6F751FB044608B9EAF785F820465C
:1079100010BD38B51D4600230446E6F745FB28B9DF
:1079200029462046BDE83840EAF768B938BD8021CD
:10793000EBF74CB838B50546E5F71CFB044628467E
:10794000E5F7F6FA072811D1D5F8E03024F47F41A5
:10795000DB6921F0080103B15B7841EA032141F0C2
:1079600020012846BDE83840E5F70ABB24F0200195
:10797000F7E7E6F7AFBE38B5054610460C46E6F722
:107980001FFF65B1D5F8E0304BB15B693BB12268B0
:10799000013204BF6FF00102226022681A600020E9
:1079A00038BDE9F721B8002070472DE9F74F0125D0
:1079B0001C469DF83030064601930368174603F0D5
:1079C000070306339D4005F1FF380B46A1B141681E
:1079D00004EA080BA5EB0B0A41F00059524509EBEC
:1079E0000B0114D95246184600F063FA49467A1B37
:1079F0005A44504400F05DFA019B2BB13C4448EAE4
:107A0000050804EA0804F46003B0BDE8F08F1846E6
:107A1000F0E74FF03A4301225A6740F6FF72D9640B
:107A200018651A67704737B5002514460095FFF7AB
:107A3000BCFF204603B030BD70B50E461546044667
:107A400008B9002070BD0378042B18D02078E7F720
:107A500097FAB0B923780C2BF3D10EB1FF23337012
:107A6000CDB1FF232B7016E020780130C0B203287F
:107A70002070EBD8E7F784FA0028F5D0E6E700207D
:107A8000F5E71EB12078E7F7B1FA30701DB1207824
:107A900000F00CF828700120D4E7E6F795BB002031
:107AA00070470020704700207047704710F0FD0FAE
:107AB00014BF4FF0FF300020C0B270477047002065
:107AC0000021704708B5E7F70DFFBDE80840E7F76C
:107AD00031BF38B50446FFF7F5FF0546FFF7F2FF63
:107AE000431BA342FAD338BD38B50D460446E7F729
:107AF000F9FE35B1844200D90139204601F0030175
:107B000038BD844238BF0131F7E708B5E7F702FF17
:107B1000BDE80840E7F70EBF08B50121FFF7E4FF15
:107B2000BDE80840E7F706BF08B521B1920000F0B4
:107B3000C0F9002008BD2120FCE700F06F43B3F13D
:107B4000804F02D0B3F1204F02D120F07040704737
:107B500000F06043B3F1204F08BF20F08050704721
:107B60000B0CB3F5384FF7B506460D468FB216D05D
:107B70004BF60102934214D04BF60202934212D00C
:107B8000B3F5304F14BF04240324D6F8E0300BB112
:107B9000196851B9D6F8DC3093B928680EE0002492
:107BA000F3E70124F1E70224EFE7234668463A466B
:107BB000E7F71CFFDDE90003002BEBD103B0F0BDBC
:107BC00019680029E9D0234668463A46E7F70EFFD0
:107BD000DDE90003002BE0D1F0E70204C0F38913D4
:107BE00007D56FEA83536FEA935313F5007F18B2FA
:107BF00006D0A3F1C8006FF4FF739842B8BF1846CF
:107C000070474FF0384359699A6903F500530A40A9
:107C10005A6170470E2070477047EAF73DBAEAF79D
:107C20003BBAEAF739BAEAF737BA08B50846EAF7CD
:107C300023FE08BDEAF730BA00228A4202D14FF093
:107C4000FF30704750F8223093FAA3F30BB901329A
:107C5000F3E7B3FA83F000EB42107047002070475F
:107C60002DE9F8430746884614460026D4E90195D5
:107C7000B9F1010905D52468002CF7D13046BDE8DB
:107C8000F883AB89012B07D9B5F90E30013303D046
:107C900029463846C04706436835E9E7036A70B5A8
:107CA00005460E4684680BB9EBF710F9636EDB07E7
:107CB00005D4A389980502D4A06D00F0F8F8A38933
:107CC000190702D52369002B35D121462846EBF749
:107CD0000DFA80B34FF0FF35636EDA0705D4A38940
:107CE0009B0502D4A06D00F0E3F8284670BD002B80
:107CF00015DB23685A1C22601970A36816F8011F4F
:107D0000013BA3600029F2D1002B16DA22460A219A
:107D1000284600F05BF80130DCD00A25DCE7A269D8
:107D20009A4201DC0A29E4D12246284600F04EF8A6
:107D30000130E2D1CEE7013EDFE723685A1C226022
:107D40000A221A70E9E710B50C46B1F90E10EBF7EC
:107D500045FA0028ABBF636DA3891B1823F4805339
:107D6000ACBF6365A38110BD2DE9F0411F468B892F
:107D700005460C46DB05164605D502230022B1F95F
:107D80000E10EBF719FAA3893246B4F90E10284603
:107D900023F48053A3813B46BDE8F041EBF730BAB2
:107DA00010B50C46B1F90E10EBF706FA431CA38987
:107DB00015BF606523F4805343F48053A38118BF3B
:107DC000A38110BDB1F90E10EBF7E6B9F8B50E4678
:107DD0001446054618B1036A0BB9EBF777F8A369A7
:107DE000A360A3891A0701D5236943B92146284610
:107DF000EBF77CF918B14FF0FF373846F8BD236830
:107E0000F6B222693746981A6369834205DC214637
:107E1000284600F0D4F90028EDD1A368013BA36007
:107E200023685A1C22601E70431C62699A4204D067
:107E3000A389DB07E1D50A2EDFD12146284600F0D1
:107E4000BEF90028D9D0D6E70139024410B59042D6
:107E500001D1002005E0037811F8014FA34201D0C1
:107E6000181B10BD0130F2E7884210B501EB020487
:107E700002D98442234607D8431EA14208D011F8F4
:107E8000012B03F8012FF8E7024401468A4200D192
:107E900010BD13F8014D02F8014DF7E70244034607
:107EA000934200D1704703F8011BF9E77047704710
:107EB00070470A44431E914200D1704710B511F833
:107EC000014B914203F8014FF9D110BD2DE9F04764
:107ED0001F468E6882460C46BE4290460B682DD8DF
:107EE000B1F90C2012F4906F26D06569096905EB91
:107EF0004505A3EB01097B1C05EBD5754B446D10C3
:107F00009D4238BF1D46530527D52946F5F7BAFED1
:107F1000064660B34A462169FFF7CBFFA38923F4E5
:107F2000906343F08003A38126614E446561A5EB15
:107F3000090526603E46A560BE4200D93E4632464F
:107F400041462068FFF790FFA36800209B1BA360B9
:107F5000236833442360BDE8F0872A46F5F7AAFE7C
:107F600006460028E0D121695046F5F798FE0C231B
:107F70004FF0FF30CAF80030A38943F04003A381DB
:107F8000E9E79368013B002B936010B408DA946929
:107F9000A34201DB0A2903D15DF8044BFFF716BFAA
:107FA0001368581C1060084619705DF8044B704740
:107FB000F8B506460F461446D518AC4201D100204C
:107FC00007E03A4614F8011B3046FFF7DAFF431C7E
:107FD000F3D1F8BD2DE9F047164698468A68074662
:107FE0000B690C46DDF820909342B8BF134633600E
:107FF00091F843200AB1013333602368990642BFE8
:10800000336802333360256815F0060506D104F1A4
:10801000190AE36832689B1AAB422BDC94F84330B0
:108020002268003B18BF0123920630D404F14302BA
:1080300041463846C847013023D023681A3454F8E3
:108040000A2C03F00603042B0ABF54F80E5C00252B
:1080500033684FF0000608BFED1A54F8123C08BF11
:1080600025EAE5759342C4BF9B1AED18B5421AD1B3
:10807000002008E00123524641463846C8470130F7
:1080800003D14FF0FF30BDE8F0870135C1E7E118BB
:108090005A1C30200233224481F8430094F84510E2
:1080A00082F84310C2E70123224641463846C847BA
:1080B0000130E6D00136D9E7B1F90C202DE9F041C5
:1080C000170705460C4656D44B68002B02DC0B6C98
:1080D000002B3DDDE66A002E3AD0002312F48052D8
:1080E0002F68216A2B6025D0626DA389580705D5BA
:1080F0006368D21A636B0BB1236CD21A216A002316
:10810000E66A2846B047411C24D0002363602369F7
:108110002360A389DA0400D56065616B2F60B9B173
:1081200004F14403994202D02846F5F7B8FD002334
:1081300063630DE001232846B047461C0246D4D1B4
:108140002B68002BD1D01D2B01D0162B2AD12F60EC
:1081500000202EE02A68B4F90C3042B11D2A01D06B
:10816000162A21D10023636023692360D5E762606A
:1081700022692260CEE70F69002FE9D093070E68CD
:108180000F600CBF4B690023A6EB07088B60B8F1AA
:10819000000FDDDD43463A46216A2846A66AB0470D
:1081A000002808DCB4F90C3043F040034FF0FF30F6
:1081B000A381BDE8F0810744A8EB0008E7E738B5E4
:1081C0000B6905460C4613B90025284638BD18B181
:1081D000036A0BB9EAF77AFEB4F90C30002BF3D03E
:1081E000626ED00704D4990502D4A06DFFF75FFE3C
:1081F00028462146FFF760FF636E0546DA07E4D4A0
:10820000A3899B05E1D4A06DFFF752FEDDE770B5B1
:108210000C46B1F90E1096B0154600291E460CDA30
:10822000A389002113F0800F14BF40234FF4806313
:10823000002031602B6016B070BD6A46EBF75EFB24
:108240000028EDDB019901F47041A1F5005359427A
:1082500059414FF48063EBE78B89F7B59D070646DC
:108260000C4607D504F147032360236101236361B2
:1082700003B0F0BD01AB6A46FFF7C9FF009F05469A
:1082800030463946F5F7FEFC48B9B4F90C309A058A
:10829000EED423F0030343F00203A381E2E7A389B2
:1082A000206043F08003A381019BC4E904075BB114
:1082B000B4F90E103046EBF733FB28B1A38923F055
:1082C000030343F00103A381A3891D43A581CFE7E5
:1082D000C9B20346024410B59342184601D10020AA
:1082E00003E0047801338C42F6D110BD430803F05B
:1082F0005533C01A00F03333800800F0333018448F
:108300004FF0013300EB101000F00F305843000E17
:10831000704710B5044688B1836A016A7BB18068F2
:108320009847002394F8240023620D28636005D841
:108330002146EBF71DFE0E2384F8243010BD0029E2
:10834000EFD08368002BECDB084600F08FFCE8E7F9
:10835000002307B51A46019101A9EBF75BFC03B0B6
:108360005DF804FB002330B587B004939DF83430EA
:10837000DDE90A4503930C9BCDE900450293EBF739
:10838000C7FB07B030BD062330B585B003930A9B09
:10839000DDE908450293CDE90045FFF7E3FF05B0AD
:1083A00030BD30B500230024002585B0CDE900455F
:1083B0000293FFF7E8FF05B030BD03680B60016072
:1083C00070472DE9F0410E46174600240546006827
:1083D00008B9BDE8F081D0E90083B3420BD18368CE
:1083E000BB4208D154B9C5F80080C368DB0701D58A
:1083F00000F03CFC204604464046E9E7C4F8008013
:10840000F3E7D1E90112FFF7DCBF002370B51A468C
:10841000194605460468EBF7FDFB0CB92C6070BDEE
:10842000E3682668DB0702D5204600F01FFC3446CF
:10843000F3E72DE9F8430E461746054610B900202C
:10844000BDE8F8830468002CF9D0D4E900893B46E4
:1084500032462946A068C8470028F1D14446F2E7D1
:108460003020704738B5054614460A460021FFF70C
:1084700015FD24F01C046B7944F0100443F0040350
:108480002C716B7138BD2DE9F74F1F469DF83030C8
:108490008A4680460093002850D0002967D00C6897
:1084A000002C66D04FF0000BE679A179761AF6B26F
:1084B000BE4208D30C31394408EB02094546214439
:1084C000F61BC84537E02068A346BF1B002835D0FF
:1084D0000446E9E7AB19994538BFA9EB05063246D2
:1084E0002846FFF7E6FC009B002B3DD0E279A079FF
:1084F000F3B237BB1844A071E279A37927689A4296
:1085000032D1DAF80030A34208BFCAF80070BBF1DC
:10851000000F01D0CBF800702046EBF779FD3C4608
:1085200035444CB10027A379E67903F10C01F61A22
:108530002144F6B24D45CDD3A5EB080003B0BDE80C
:10854000F08F121AD2B2F918914209DA0C30204495
:10855000D21BD21A014438440193FFF785FC019BDA
:10856000E279D31AE371C7E7A3462468D8E708463F
:10857000E4E72046E2E710B5C4790246C4F14503BA
:10858000D8B2884228BF08460444D47110BD38B51B
:108590000546C079C0F14504E4B2944288BFD4B224
:1085A0000C3022462844FFF784FCEB792046234414
:1085B000EB7138BD1FB503910021009103A9FFF7AE
:1085C00062FF05B05DF804FB13B501240094FFF7CA
:1085D0005AFF02B010BD38B50446206800B938BD56
:1085E0000568EBF715FD2560F7E7034610B501F0C8
:1085F000EC0103B910BD1A7902F013020A431A7193
:108600001A1A544254415A7964F300025A711B6891
:10861000EFE710B558B1016802685AB1136823B189
:108620005C79E40704D5002414600360084610BD9B
:108630000360F1E71346F8E7034658B10020DA7902
:1086400099791B68521A50FA82F01BB15A79D207F5
:10865000F5D57047704770B50D460446E8B1867988
:108660008E4203D3751A8571012070BDC27906F15F
:1086700045039B1ADBB299420FD806F10C01014465
:10868000921BA81BD2B20844FFF7EEFB0023A37194
:10869000E3791D44AD1BE571E6E70020E5E710B581
:1086A0000C4698B191B18979E279C379521AC3F134
:1086B0004503D2B2DBB2934208D30C312144FFF719
:1086C00066FF2046EBF7A4FC012010BD0020FCE76C
:1086D0000346006818B102681A60002303607047FF
:1086E0000346002003B97047DA7999791B68521A5A
:1086F00050FA82F0F6E72DE9F84F89461446824693
:10870000FFF7EEFF05464846FFF7EAFFA54207469A
:1087100001D3A04208D2BD4208D10024A346A046FE
:10872000264647B9384604E02746F6E738D24FF0E8
:10873000FF30BDE8F88F5EB99AF806809AF80760B6
:10874000A6EB080608F10C08D044DAF800A0F6B24F
:10875000BBF1000F0BD199F8064099F807B0ABEBCD
:10876000040B0C344C44D9F800905FFA8BFB5E4547
:10877000354628BF5D46BD4228BF3D4621462A46B4
:108780004046FFF761FB0028D3D1A8442C447F1B4F
:10879000EDB2761BABEB0505F6B25FFA85FBC0E7E1
:1087A0000120C6E703680BB9016070471A461B68D1
:1087B000002BFBD111607047036803B10B600160AF
:1087C000704739B10B461A461B68002BFBD1036872
:1087D00013600160704770B5046806460D4644B1E9
:1087E0002046FFF77DFFA84211D8236813B9E3792B
:1087F000A37170BD20463360EBF70AFC3468F4E7E0
:10880000ED1A236820463360EBF702FC3468002D34
:10881000EFD0A279E3799B1ADBB2AB42F0D92A44BC
:10882000A271E6E7F8B5066805460C4646B1304643
:10883000FFF756FFA0421DD8336813B9F379B3711F
:10884000F8BD30462B60EBF7E3FB2E68F4E70646F5
:1088500038460768002FFAD1C2798379D31ADBB280
:10886000A34202D9121BC271EAE7E41AEBF7D0FB6C
:108870003EB13760002CE3D028680028E0D0002605
:10888000E7E72E60F6E7F8B504460F46BC4200D194
:10889000F8BDA179E5796D1AEDB2C5F14506B6B21C
:1088A0000EB92468F2E749B10C312A46214404F19B
:1088B0000C00FFF7D9FA0023E571A3712368BB42CE
:1088C000EFD05A79D207ECD49979DD79A0796D1A75
:1088D000EDB2B54228BF3546E2790C3010440C3178
:1088E0002A4619442044FFF7E4FAE379206853FA52
:1088F00085F3E3718379761B53FA85F5C379EDB27D
:10890000AB42B6B2857103D103682360EBF780FBFD
:10891000002ED3D1C5E738B50C46016809B904600B
:1089200038BD0D4609680029FBD1236823B12046D4
:10893000FFF7A9FF2C60F3E721462846FFF7AFFEBB
:108940000028EDD1F6E748B10023027943600360C7
:1089500083604379027143F004034371704700223E
:108960001146EBF7B1BB38B504460D46FFF773FE71
:1089700098B984B12079FFF7F2FF58B16379427951
:10898000C3F3400363F3410245235D1B046042715E
:10899000C371857138BD0120EDE72046FAE738B58F
:1089A000036804460D469BB11879FFF7D8FF88B1DC
:1089B0002368427903605B79C3F3400363F34102A8
:1089C00045235D1B4271C37185712060002038BD55
:1089D0000120EAE71920FAE738B50C46054640B30E
:1089E000006830B309B9002038BD4AB9C9B2FFF7F1
:1089F00032FE0028F7D12B689A799871A41A06E004
:108A0000452918D8C9B2FFF726FE0028EBD1442C1F
:108A100007D8002CE7D02846E1B2BDE83840FFF780
:108A2000BEBF45212846FFF7BAFF0028DCD1453CF0
:108A3000EDE72220D8E72120D6E72DE9F84390F88A
:108A4000078090F806900446A8EB0907FFB2B942E8
:108A50000D4602D30020BDE8F8830079FFF77FFFC1
:108A600006460028F6D0A17980790C317F1B294475
:108A70000C30BAB221443044FFF71BFAF3790120DD
:108A80003B44F371E37999444D442368A5EB080511
:108A9000E57133602660DEE7F8B5076806460D46E7
:108AA0003C46002305B12CB90BB100221A6034609A
:108AB0003846F8BDE379A2799B1ADBB2AB4207D8FE
:108AC000E379A2799B1ADBB2ED1A23462468E9E721
:108AD0002046E9B2FFF7B1FF0028F1D10746E7E7EA
:108AE0005318452B02DCC9B2EBF7EEBA00207047F1
:108AF000F7B5002605460F4601960DB9019C09E021
:108B0000002238461146EBF7DFFA044628B901A8DF
:108B1000FFF761FD204603B0F0BDAB798371EA79C0
:108B2000C27168796179D21A60F300016171697963
:108B30006079C1F3400161F34100607103F10C0001
:108B40002918D2B22044FFF7B4F9019B03B901946C
:108B500006B1346026462D68CFE72DE9F8430D466F
:108B60001446064610B319B3DAB1034699461B689A
:108B7000002BFBD12746C8463A4629464046FFF718
:108B800006FDC145A7EB0007054418BFC9F80080E2
:108B900037B10022B1793079EBF796FAC14618B9AE
:108BA000E41B2046BDE8F8838046E5E70446F8E785
:108BB0000C46F6E737B51546C9B200221C46EBF75E
:108BC00083FA019040B122462946FFF7C6FF84424E
:108BD00002D901A8FFF7FFFC019803B030BD03469E
:108BE00010B501391A1A914200D810BD445C1A78A8
:108BF00003F8014B42540139F4E700230144884251
:108C000000D1704700F8013BF9E738B505460C463E
:108C100004B938BD013C55F834305B68002BF7D0FF
:108C20009847F5E72DE9F0410446002654F8363020
:108C30002BB904F10408B34203D100250FE001363B
:108C4000F4E754F833205F1C12685AB158F8330027
:108C50009047054630B139462046FFF7D6FF2846F3
:108C6000BDE8F0813B46E6E7EBF738BBF4F73BBFE6
:108C70000020704710B50446806920B10021DFF75D
:108C8000A9F90023A36110BD07B501228DF80710D3
:108C90000DF10701FFF761FF03B05DF804FBF7B5C5
:108CA00005464FF428500C46FCF7C9F90646FBF779
:108CB00061FFB0B3022C02D8002003B0F0BD002742
:108CC00031460DF105030DF106023846ADF8067088
:108CD000FCF794F8BDF80620631E934206461EDC9E
:108CE000072C1AD9023CADF806400824BDF806301E
:108CF000002BE1D00133D9B22846FFF7C5FF21464A
:108D00002846FFF7C1FF31462846BDF80620FFF789
:108D100024FFBDF806000230CFE7ADF80670092445
:108D2000E4E74FF0FF30C8E702292DE9F34104469C
:108D30000D461746184603D8002002B0BDE8F08162
:108D4000FCF77DF90646FBF715FF0028F4D04FF03D
:108D5000000831460DF105030DF106024046ADF85D
:108D60000680FCF74BF8BDF80630BDF8202006461B
:108D7000934228BF1346AB4228BF2B469DF80500FF
:108D8000ADF80630C0B9002BD7D001339AB2954266
:108D9000D3D9D9B22046FFF777FF39462046FFF7EF
:108DA00073FF31462046BDF80620FFF7D6FEBDF81A
:108DB00006000230C0B2C0E74046BEE707B501A9D1
:108DC000EBF770FB30B9019B586AC0F3C02003B0C9
:108DD0005DF804FB0020FAE7002008B5EBF7E4FBA0
:108DE00008B9FF2006E0C37B012BF7D1436ADB06FD
:108DF000F4D5007808BD73B50E4601A91546EBF70A
:108E000051FB90B9019A546A14F010030FD0C4F3C7
:108E100000343470D37B5A1E042A02D8D81E18BFDF
:108E200001202870012002B070BD0020FBE7184629
:108E3000F9E738B5436A04465B0705D50023007897
:108E40001A461946ECF75AFA636A9D0706D520467A
:108E5000EBF73CFB636A23F002036362636A180763
:108E60000DD52146E27911F8010BC2F3C002ECF7EF
:108E7000E7F90546E8B9636A23F008036362204610
:108E800000F0F1F90546A0B9626AD10611D5D30404
:108E900004D52046FDF7D8FE40B11BE01206E37B67
:108EA00009D4E37B626A023B012B15D9616A48074A
:108EB0001FD4284638BD03F0FB03012BF6D02169EF
:108EC0002078ECF7E3F9636A256123F0800363629D
:108ED0000028E6D00546ECE7D305E7D561692078A0
:108EE000ECF7F0F900236361636A23F48073636233
:108EF000D2E7E37BA28D012B03D1A2B1802A28BF48
:108F0000802211F0400F94F830304FF0010118BF6B
:108F100001232078ECF7F2F90028DBD1636A23F013
:108F200004036362C5E74022EBE7002010B5EBF7CE
:108F30003BFB044600B910BD636ADA060BD55B043F
:108F400009D42046EBF718FA636A204643F006037B
:108F50006362FFF76EFF2046E9E713B50C4601A9EF
:108F6000EBF7A0FA50B9022C07D802462146019827
:108F700002B0BDE81040EBF73BBB212002B010BDB2
:108F800090F8393037B55B0704460D462AD4EBF725
:108F9000F3F96B1E042B14D8032D12D0E379142B94
:108FA00022D0A3696BB96846FBF748FCDFF722F9CA
:108FB0006946DEF773FF18B91A25284603B030BD9D
:108FC000A061636AE57343F016036362E1F704F995
:108FD0002046FFF72EFF05460028EED02046FFF77B
:108FE00049FEEAE70225E8E72125E6E707B501A9FA
:108FF000EBF758FA30B90198C17B03B05DF804EB88
:10900000FFF7BEBF03B05DF804FB37B50C4601A9FE
:10901000EBF748FA18B9052C019D02D9212003B0BD
:1090200030BD2869FFF75CFB1F28F7D86869FFF798
:1090300057FB1F28F2D8012CF0D0231F012BEDD9AC
:10904000214628466B6A23F482536B6203B0BDE865
:109050003040FFF795BF37B5FFF7BEFEFF28044647
:1090600013D001A9EBF71EFA78B9019D6B6A284667
:1090700023F010036B62FFF7FDFD204605F134017C
:1090800003B0BDE83040E1F7E7BC03B030BD10B538
:109090000446FDF7CBFD0346204009D014F005003F
:1090A00006D0DB4363F0050323420CBF0120002000
:1090B00010BD002337B580F8723040F6FF73A0F87A
:1090C0006E3083680446DA040D46C16010D443F460
:1090D00080636A46A36040F203212046CDE9004543
:1090E000FFF7A7F900212046DEF774FF03B030BD7B
:1090F00090F87600FFF77AFFA36823F48053E8E73F
:1091000073B56E4604464A7930460D460631DFF7A0
:10911000B5F896E80300A4F85010090C11F0800F80
:10912000E06484F8521004F1530312D0012218466F
:1091300005F11201DFF7A2F80C352846FDF759FDBD
:1091400028B10122294604F15A00DFF797F802B04E
:1091500070BDB4F8501094F85220C4F853009980B0
:109160009A71E9E71FB590F87420044602F00103F4
:1091700001908DF808300BB102F002038DF8093030
:1091800094F8753020468DF80A30039100F097FA74
:109190004FF4017101AA2046FFF74BF92046DEF794
:1091A000A5FF04B010BDDEF7EDBEFBF788B90A4697
:1091B0000021E1F74DBB13220121E1F749BB826891
:1091C00038B5C2F380320446B0F86E000D46E1F7C0
:1091D000E5FB20B9A3681DB143F40053A36038BD7B
:1091E00023F40053FAE7F8B504460E4617461D4629
:1091F000DFF700F82146DEF751FE044698B1002162
:10920000FBF755F93A4631462046EAF795FDA36843
:1092100043F00103A36040F20313A4F8723000236B
:1092200020462B60F8BD1A23FAE710B504460B68F8
:10923000084623608B88A38042B1DFF717F8A0713E
:109240002046FBF7CCFA00B9A07110BD4920F6E723
:1092500083791A0705D413F0100F0CBFFF200120EB
:109260007047002070470020704708B5FDF7EBFB02
:10927000407940F4805008BDC06B00B970478389C5
:109280008B42FBD08068F8E7C06B00B97047C38998
:109290008B42FBD08068F8E788B14268D36B1BB182
:1092A000834205D18368D363ECF748B8002BFBD029
:1092B0001A469B688342F9D183689360F4E770474C
:1092C00022F00042B2F5805F08B505D041F20103FB
:1092D0009A4206D0002008BD0622827440F2154250
:1092E0000262FFF7D9FF0120F5E72DE9F0470746B5
:1092F000894690460421122200209A46FFF7F0FB8F
:10930000024618B3002505210E2386790C368419F0
:10931000A170E5708355152323710A23A371BDF84D
:1093200020303846A381BDF824306570E381BDF854
:10933000283084F80590E571A4F80880A4F80AA004
:109340002382E0F787FD2846BDE8F0871A20FBE777
:109350002DE9F84304460E464FF00609D0F8048084
:10936000E0F706FE0C22207707460421002084F84F
:109370001E90FFF7B5FB024630B940F20E439E4205
:1093800027D11A20BDE8F883002505214FF0080CED
:1093900080790C3013189970DD7002F800C05F718D
:1093A000042783F80490E0895D701881A0899F717B
:1093B0005881DD714046E0F74DFD47F230532A46B3
:1093C00041F2010120462662A774EAF793FC284681
:1093D000D8E72046FFF760FFD3E770B54FF482650A
:1093E0000446C06B08B9E06370BD86680562EBF7A0
:1093F000A5FF3046F6E708B5FFF73EFF60B1837C76
:10940000032B05D1BDE8084040F20E41FFF7A0BF95
:10941000FFF742FF002008BD40F20F40FBE72DE9B7
:10942000F74F17461E46A2F117034FF6E6729BB29E
:1094300093428846BDF830B0019059D8A6F1170381
:10944000E52B55D8EBF7ACFF044618B91A2003B04A
:10945000BDE8F08FA0F81080C682A0F81AB0E0F73F
:1094600087FD4FF0140A1222207781460421002044
:1094700084F81EA0FFF734FB024618B92046FFF718
:109480000BFFE3E7002505214FF00E0E0A2380793C
:109490000C3002EB000C8CF802108CF8035002F830
:1094A00000E08CF804A08CF805908CF80630A389B5
:1094B0000198ACF80A308CF801508CF80750ACF8E1
:1094C0000880ACF80C70ACF80E60ACF810B0E0F7A7
:1094D000C1FC02232A46A3744FF4805147F2305353
:1094E0002046EAF707FCA2890D9B28461A80AEE7C2
:1094F0002120ACE72DE9F84380461646AAB3FFF7D2
:10950000BBFE054698B3837C032B33D1E0F730FDD7
:109510004FF016090C22287707460421002085F811
:109520001E90FFF7DDFA024638B36B8B00243344FC
:109530006B8390F806C005210CF10C0C00EB0C03BA
:1095400008209970DC7002F80C00042083F8049065
:109550005F719871A8895C701881DC7140465E81EA
:10956000E0F778FC2046BDE8F8832120FBE740F2D5
:109570000F40F8E740F21740F5E71A20F3E770B51F
:10958000064615461A46FFF777FE0446C0B1837CAF
:10959000032B18D1038BCBB1DDB1838AAB4218D337
:1095A0002B4604210020FFF705FB024698B1304608
:1095B000E189FDF77EFA10B9238B013B238370BD4F
:1095C00040F20F40FBE740F21740F8E740F214404A
:1095D000F5E72120F3E71A20F1E708B50A464988A4
:1095E000A1F140033F2B0CD8FFF746FE48B111888C
:1095F000C28A914207D9052240F212418274FFF7D4
:10960000A7FE002008BD0120FCE7002070470F20C6
:1096100070470F207047704710B588B0DEF78AFC9E
:109620000446002847D090F87200022845D1A3686C
:1096300013F4407F2AD094F87330012B2FD194F982
:109640007500DDF7B9FD10B9A368DB0527D594F8DF
:10965000743013F0010322D1CDE90133CDE9043395
:10966000CDE90633ADF80C30A36813F4807F01AB6D
:109670000ED0A06AE16A228E03C31A802046BDF88C
:10968000042004AB0DF10601E1F758F908B010BD54
:109690000A22022194F97500FAF77DFDEEE7002316
:1096A00045F217021946204600F03CF9B0FA80F066
:1096B00040094000EAE72120E8E70220E6E738B564
:1096C00045F21B020C460B460021054600F02AF924
:1096D00030B92CB121462846BDE83840ECF7E6B851
:1096E00038BD00F041B900F05ABC00F063BC10B5C1
:1096F00004464C30FAF748FD84F875002046BDE872
:10970000104000F027BC10B50446FAF714FD0228FB
:109710000DD194F8733094F97000012B14BF05211A
:10972000032184F83210BDE8104000F057BCA36854
:1097300043F40073A36010BD00F048B938B5037856
:1097400004463E2B0D4604D18378052B02D0ED2B29
:109750000FD038BDB0F80300DEF7DEFB20B1B4F85F
:109760000D10621D00F098F92846BDE83840FEF75C
:1097700032BFB0F80300DEF7CFFB0028F4D0B4F816
:109780000D1004F10F03621D00F089F9ECE7CB0422
:1097900048BF41F480618160704710B5044645F2CE
:1097A0001A01FEF7D5FD2046BDE8104047F23053C0
:1097B000002245F21A01EAF79DBA10B50A4604469E
:1097C00008210020FFF78CF910B1837903441C7342
:1097D00010BD38B505460C460D201121FFF7EDFFF1
:1097E000024688B12146837903440D3304F1100009
:1097F00051F8044B814243F8044BF9D12846BDE8A7
:1098000038400621FDF755B938BD38B505460C4638
:1098100004201121FFF7D1FF024688B12146837948
:1098200003440D3304F1100051F8044B814243F816
:10983000044BF9D12846BDE838400621FDF739B977
:1098400038BD38B505460C4603201121FFF7B5FF9A
:10985000024688B12146837903440D3304F1100098
:1098600051F8044B814243F8044BF9D12846BDE836
:1098700038400621FDF71DB938BD37B50022054631
:1098800008211046FFF72CF90446C0B10C23012231
:109890000DF107018DF80730FFF75FF9296C2022E1
:1098A00054312046FFF759F9296C202274312046A3
:1098B000FFF753F9224606212846FDF7FAF803B0D0
:1098C00030BD08B5D0B2DEF735FB28B190F877305F
:1098D00003F07F0380F87730012008BD70B505469E
:1098E000ECF716FA0C4606460A46284645F20101F0
:1098F000B0472B6C03B11C60324628462346BDE8B6
:1099000070404FF4A041184770B51546044638B171
:10991000ECF7FEF92A4603462046BDE8704018479A
:10992000022070BD114608B51A4621F00041FFF72C
:10993000EBFFB0FA80F0400908BD08B50B460146C0
:109940001846EAF7FBFC003818BF012008BD10B527
:109950000446006838B11A21FFF74FF92068FFF775
:1099600085F90023236010BD30B58BB00D46002271
:1099700001A9C0B2ECF72EFA044620BB01460D2225
:109980000DF10B00FEF78AFAB5F803206B79ADF8FC
:10999000082006A9019A02A88DF80A30ECF756F8BB
:1099A00040F20343BDF81820002818BF1C469DF85C
:1099B0001A30102102A82A80AB70FFF71EF910217F
:1099C00006A8FFF71AF920460BB030BD10B50446C3
:1099D000ECF798F804F13400FFF7B9FFA3685A06D2
:1099E00006D523F0400300212046A360E0F788FE5F
:1099F000236C63B1D3F89400F5F72EFE0421206C9C
:109A0000FFF7FBF8206CFFF731F90023236410BD4A
:109A1000F7B50D4669461646ECF7DCF9044698B9E9
:109A200029461022009801ABF5F7ECFE07461021FD
:109A30002846FFF7D4F82FB110212846FFF7DDF8AC
:109A400040F2074406B13760204603B0F0BD38B598
:109A50000446C51C03212846FFF76FFFC8B9E2780A
:109A600063797AB922791A43F4D003F07F0343F083
:109A7000400363715323A3712146BDE83840FF20A2
:109A8000FFF772BFFF2AF0D122791A40FF2AE1D0F6
:109A9000EBE740F2074038BD0021E0F731BEF8B5F2
:109AA0001D46836804465B060F4616462DD41A20D1
:109AB000FFF7DAF80146606320B92046BDE8F840B8
:109AC000E0F71EBE034623F8027B326805F1100161
:109AD000C0F8022072685A602A46636B0A3352F853
:109AE000040B8A4243F8040BF9D110212846FFF7F2
:109AF00084F8A36843F0400213F4407FA26004D0CE
:109B00002046BDE8F840ECF75BBAF8BD2DE9F0411E
:109B10009CB0154608AA1C4606460B469046239F55
:109B200001F1200E9446186859680833ACE8030028
:109B300073456246F6D120214046FFF750F810AB3E
:109B40002A469C4605F1200E1D46106851680832D1
:109B500003C572452B46F7D160462021FFF73FF839
:109B600018AA9446229B03F1100E154618685968EE
:109B7000083303C573452A46F7D160461021FFF725
:109B80002EF804AA2346154604F1100C1446186852
:109B90005968083303C463452246F7D1102128468B
:109BA000FFF71DF86B46502241462846ECF75EF859
:109BB000044610212846FFF720F850214046FFF7C1
:109BC0001CF834B108213046ECF7FAFA1CB0BDE8B5
:109BD000F081039B38463B600421FFF700F868469C
:109BE0001021FFF70AF8224645F214013046FFF72C
:109BF0008BFEEBE72DE9F04796B01D46DDE9229795
:109C000005AB06460C469E46DDF8908002F1100A30
:109C10009C46106851680832ACE803005245634620
:109C2000F6D170461021FEF7DAFF09AA2B469446BA
:109C300005F1100E154618685968083303C57345B9
:109C40002A46F7D160461021FEF7C9FF0DAA9446B7
:109C50001E9B03F1100E154618685968083303C59A
:109C600073452A46F7D160461021FEF7B8FF9DF8EC
:109C70007C30D9F800008DF844309DF88030062102
:109C80008DF845309DF8843012908DF8463099F863
:109C9000063012A883F00803C3F3C0038DF84730E1
:109CA000B9F80430ADF84C30FEF799FFBB790621C6
:109CB00083F00803C3F3C0038DF84E303B680DF109
:109CC0004F00CDF84F30BB8804F11007ADF853308A
:109CD000FEF785FF01AA2346154614461868596801
:109CE000083303C4BB422246F7D110212846FEF7B1
:109CF00076FF4346412205A92846EBF7B7FF044605
:109D000010212846FEF779FF412105A8FEF775FFCF
:109D100034B108213046ECF753FA16B0BDE8F087AD
:109D200040461021FEF75BFF224645F21301304604
:109D3000FFF7EAFDF1E72DE9F3411D46089B0446D4
:109D40008846164690F873705BB110211046FFF7F5
:109D5000F4FD30B10821204602B0BDE8F041ECF737
:109D60002FBA236C013EDA1C681E133312F8011F50
:109D700016F801CF9A4281EA0C0100F8011FF5D1D3
:109D80000023404601A90193EBF7DAFF48B101989F
:109D9000F5F762FC08212046ECF712FA02B0BDE8A4
:109DA000F08129462846019AEBF750FE0028EED1B3
:109DB000022F0CBF0023062304F159022B4404F1A7
:109DC0005F0012F8016F1978904281EA060103F8EA
:109DD000011BF6D1022F14BF0023062304F1520207
:109DE0002B4404F1580012F8016F1978904281EA6F
:109DF000060103F8011BF6D129462846019AEBF724
:109E000025FE05460198002DC2D1F5F725FC2A460E
:109E100045F210012046FFF777FDBFE72DE9F0413D
:109E200096B0154605AA1C4606460B4690461D9F51
:109E300001F1200E9446186859680833ACE8030015
:109E400073456246F6D120214046FEF7C8FE0DABB1
:109E50002A469C4605F1200E1D46106851680832BE
:109E600003C572452B46F7D120216046FEF7B7FEA9
:109E7000AEB3336C93F85D31013B022B2FD89DF8C4
:109E8000703043F0800301AA8DF854301546234604
:109E900004F1100C144618685968083303C463456C
:109EA0002246F7D110212846FEF799FE3B46412273
:109EB00041462846EBF7DAFE044610212846FEF715
:109EC0009CFE41214046FEF798FE54B11EB1082188
:109ED0003046ECF775F9204616B0BDE8F081002356
:109EE000D1E710213846FEF77AFE002EF3D0224645
:109EF00045F211013046FFF707FDECE7EDF75ABFD9
:109F0000B1F5A04F70B504460D4616460AD045F28D
:109F10000603994216D0324629462046BDE87040D5
:109F2000ECF76EBF836843F08003836090F8733072
:109F3000012B03D1BDE87040ECF794BDBDE8704043
:109F4000ECF7B0BF93791344597C41F49051EBF78F
:109F5000ADFCE0E7002310B50364044690F97500FA
:109F6000431C13D0DDF7E2FC082204F11003114674
:109F700094F97500FAF70FF994F91330012B07D112
:109F800094F8743043F0020384F87430002010BD5C
:109F9000022BFBD194F8743043F00A03F4E74B88AA
:109FA000062B05D1088841288CBF0020012070476E
:109FB0000020704707B58B790A460B440191197C44
:109FC0004B1E0D2B04D801F5A0410131FFF79CFC7D
:109FD00001A8FEF700FB03B05DF804FB704700002A
:109FE00000B583B000F020F801900A4B1B6F1B0BEB
:109FF00003F00F030093009B0133019AB2FBF3F3CC
:10A000000193054A019B1360019B184603B05DF85C
:10A0100004FB00BF00800050C03F0020014B1B68C4
:10A0200018467047BC3F002000B583B00023019361
:10A03000134B1B6F03F00703013B032B19D801A23D
:10A0400052F823F06BA0040055A004005DA00400AA
:10A0500065A00400FFF7E2FF01900BE0094B1B68CD
:10A06000019307E0084B019304E0084B019301E0E2
:10A07000FFE7FDE7019B184603B05DF804FB00BF56
:10A0800000800050B43F002080D54302002D3101F4
:10A09000014B1846704700BF00B4C404014B18467A
:10A0A000704700BF002D3101014B1B6818467047F7
:10A0B000B43F0020014B1846704700BF80D54302D3
:10A0C000014B1B6818467047B83F0020054B5B6882
:10A0D000C3F30803002B14BF01230023DBB218468F
:10A0E000704700BF00ED00E000B583B00190124B57
:10A0F0001B7883F00103DBB2002B01D00F4B16E07D
:10A10000019B072B01D90E4B11E00E4A019B1B014D
:10A1100013440C331B7883F00103DBB2002B01D016
:10A12000094B04E0019B1846CFF7C6F900231846F7
:10A1300003B05DF804FB00BFAC3A0020028000F0E1
:10A14000018000F0C0230020078000F000B583B03C
:10A1500001900091154B1B7883F00103DBB2002BBB
:10A1600001D0134B1DE0019B072B02D8009B002B55
:10A1700001D1104B15E0104A019B1B0113440C3315
:10A180001B7883F00103DBB2002B01D00B4B08E0FE
:10A19000019B1846CFF7B0F903461A46009B1A7088
:10A1A0000023184603B05DF804FB00BFAC3A002062
:10A1B000028000F0018000F0C0230020078000F042
:10A1C00000B583B001900091154B1B7883F001031B
:10A1D000DBB2002B01D0134B1DE0019B072B02D8F3
:10A1E000009B002B01D1104B15E0104A019B1B0175
:10A1F00013440C331B7883F00103DBB2002B01D036
:10A200000B4B08E0019B1846CFF7A0F903461A460E
:10A21000009B1A600023184603B05DF804FB00BFE2
:10A22000AC3A0020028000F0018000F0C023002042
:10A23000078000F082B00190019B1B78002B0AD0B0
:10A24000019B1B78012B06D0019B1B78022B02D0AF
:10A25000019B1B78032B019B5B781A460949019BE4
:10A260001B781846012303FA02F203465B000344FD
:10A270001B010B4403F5805310331A6000BF02B07A
:10A28000704700BF00C0035000B585B00346009181
:10A290008DF807300023039301F00FFC02909DF826
:10A2A00007301C2B00F2BC8001A252F823F000BF43
:10A2B00025A3040031A3040021A4040041A3040049
:10A2C00051A3040061A3040021A4040071A30400AD
:10A2D00081A3040091A3040021A4040021A404008C
:10A2E000A1A30400B1A3040021A40400C1A304009D
:10A2F000D1A3040021A40400E1A3040021A40400CC
:10A30000F1A3040021A4040011A4040021A404006A
:10A3100021A4040021A4040021A4040021A4040019
:10A3200001A40400FFF780FE0246009B1A607DE056
:10A330004FF4C070CCF742FF0246009B1A6075E0F4
:10A340004FF42070CCF73AFF0246009B1A606DE094
:10A350004FF44070CCF732FF0246009B1A6065E074
:10A360004FF46070CCF72AFF0246009B1A605DE054
:10A370004FF40070CCF722FF0246009B1A6055E0B4
:10A380004FF48060CCF71AFF0246009B1A604DE044
:10A390004FF49060CCF712FF0246009B1A6045E034
:10A3A0004FF4C060CCF70AFF0246009B1A603DE004
:10A3B0004FF4F060CCF702FF0246009B1A6035E0D4
:10A3C0004FF4B060CCF7FAFE0246009B1A602DE015
:10A3D0004FF4D060CCF7F2FE0246009B1A6025E0F5
:10A3E0004FF4E060CCF7EAFE0246009B1A601DE0E5
:10A3F0004FF4A060CCF7E2FE0246009B1A6015E025
:10A400004FF48070CCF7DAFE0246009B1A600DE034
:10A410004FF40860CCF7D2FE0246009B1A6005E0BC
:10A42000009B00221A602123039300BF029801F0D1
:10A4300036FB039B184605B05DF804FB00B585B0FC
:10A4400003460A468DF8073013468DF80630002380
:10A4500002939DF80630032B16D801A252F823F080
:10A4600071A4040077A404007DA4040083A4040064
:10A470000123029308E00423029305E010230293D2
:10A4800002E04023029300BF9DF80730032B1FD842
:10A4900001A252F823F000BFA9A40400B3A4040051
:10A4A000BDA40400C7A40400029B43F0020302936E
:10A4B0000EE0029B43F00803029309E0029B43F085
:10A4C0002003029304E0029B43F08003029300BF49
:10A4D0000F4B1B68039312E0039B5B681A68029B97
:10A4E0001340002B08D0039B5B685B689DF8061047
:10A4F0009DF8072010469847039B1B680393039B16
:10A50000002BE9D100BF00BF05B05DF804FB00BF20
:10A51000C02C002000B585B003460A468DF80730F0
:10A5200013468DF806309DF80730002B02D09DF8B9
:10A530000730022B9DF80730013B3B4AD35CFF2BD1
:10A5400005D19DF8063083F00103DBB2002B9DF8A6
:10A550000730013B344AD35CFF2B03D19DF8063012
:10A56000002B5BD19DF80730013B2F4AD35C002BB9
:10A5700002D19DF80630002B9DF80730013B2A4A96
:10A58000D35C002B06D19DF8063083F00103DBB2CB
:10A59000002B45D19DF80730013B234AD25C9DF842
:10A5A0000630002B01D0012100E0FF219DF807308B
:10A5B000013B0A44D1B21C4AD1549DF80630002B0D
:10A5C0002FD01A4B1B78012B2BD900F07FF90346B3
:10A5D0008DF80F309DF80F30012B02D800F078FA7B
:10A5E00009E0124B1B78032B05D19DF80F30022B8D
:10A5F00001D101F028FB0D4B1B789DF80F209A42EA
:10A600000FD00A4B1B789DF80F2011461846FFF714
:10A6100015FF064A9DF80F30137002E000BF00E0FE
:10A6200000BF05B05DF804FBC42C0020B33A002045
:10A6300000B583B001F0BCFA0190AFF3008001F0E7
:10A6400055F9034683F00103DBB2002B05D0AFF3CD
:10A650000080019801F0B8FAD7E06D4B1B78002B11
:10A6600005D0002000F0C4F9694B00221A7000F0F8
:10A670002DF903468DF803309DF80330184600F09D
:10A680003FF900F023F903468DF803309DF80330BD
:10A69000012B09D95F4B1B78DBB283F00103DBB2DE
:10A6A000002B01D000F090FA5B4B1B789DF8032043
:10A6B0009A4216D0594B00221A70594B1B78DBB2C4
:10A6C00083F00103DBB2002B07D0534B1B789DF8BE
:10A6D000032011461846FFF7B1FE4F4A9DF803309C
:10A6E00013704E4B1B78002B08D04B4B1B78022B62
:10A6F00004D14A4B00221A7001F0BAFC9DF80330D5
:10A70000012B13D9434B1B78DBB283F00103DBB27F
:10A71000002B0BD0434B1B78002B04D100F06EFABA
:10A72000414B01221A703B4B01221A703A4B1B78A5
:10A73000184601F068FA3A4B1B78DBB2002B03D0C5
:10A740003A4B1A78344B1A70AFF30080019801F03D
:10A7500048FA0190364B1B78DBB2002B11D0344BFA
:10A7600000221A702C4B1A78304B1B789A4208D171
:10A77000294B01221A702D4B1B7801211846FFF737
:10A780005DFE2C4800F072FB01F0DCF80346002B64
:10A790007FF463AF214B00221A701E4B1B78DBB293
:10A7A000002B21D01E4B00221A701F4B1B78002B50
:10A7B0000CD000F02BFA1C4B00221A7006E001208E
:10A7C00001F021FA019801F00CFA0190002000F04C
:10A7D000A7FA034683F00103DBB2002BEFD100F0B0
:10A7E000B3FA0C4B00221A70002000F089F80A4BD3
:10A7F0001B7800211846FFF721FE074B00221A7034
:10A80000AFF30080019801F0DFF903B05DF804FBBD
:10A81000B93A0020B83A0020B33A0020B53A0020F7
:10A82000B73A0020B43A0020BA3A0020B63A0020E5
:10A83000BD3A0020CC2C002000B583B001F023F9F4
:10A8400001900F4B1B788DF803300D4B00221A70CE
:10A85000019801F00BF900F0E9FC03461A469DF857
:10A8600003301343DBB2002B14BF012300238DF808
:10A8700003309DF80330184603B05DF804FB00BFB9
:10A88000BC3A002000B583B00023019301F0FBF82F
:10A8900000900D4B1B78012B04D8009801F0E6F8CE
:10A8A000019B0DE0D3F7A8FE0346019300F08EFA5A
:10A8B0000246019B13440193009801F0D7F8019BD5
:10A8C000184603B05DF804FBB33A002082B00123C0
:10A8D000019302E0019B01330193019B022B05D8F8
:10A8E000019B013B054AD35C002BF3D0019B8DF803
:10A8F00003309DF80330184602B07047C42C002086
:10A9000000B58BB003468DF80F309DF80F30032B48
:10A9100060DC022B0EDA002B01D0012B5AE02F4B0A
:10A920001B78002B53D0002000F062F82B4B002244
:10A930001A704CE005AB1946002000F009FB0890A6
:10A94000089B002B45D1059A254B1B689A4206D8D7
:10A95000012000F04DF8214B01221A7039E000234C
:10A960000793002306931F4B1B680693079A069BC9
:10A970001344079300F02AFA0246079B13440793F7
:10A98000059A079B9A4206D8012000F031F8134B34
:10A9900001221A701DE00023ADF8263000F010FAF5
:10A9A0000346002B02D00423ADF82630059A079BFE
:10A9B000D11ABDF8263043F002039BB20193002365
:10A9C00000930023084A094801F072F901E000BF32
:10A9D00000E000BF00BF0BB05DF804FBB93A0020F7
:10A9E000EC2C0020F02C00209DAA0400CC2C002090
:10A9F00000B583B003468DF80730254B1B78FF2B3D
:10AA000005D19DF8073083F00103DBB2002B204B0A
:10AA10001B78FF2B03D19DF80730002B31D11C4B45
:10AA20001B78002B02D19DF80730002B184B1B78A8
:10AA3000002B06D19DF8073083F00103DBB2002B19
:10AA400021D1134B1B789DF80720002A01D0012249
:10AA500000E0FF221344DAB20D4B1A709DF8073064
:10AA6000002B11D00B4B1B78012B0DD90A4B1B78F7
:10AA7000DBB283F00103DBB2002B05D000F06CF8F1
:10AA800002E000BF00E000BF03B05DF804FB00BFC0
:10AA9000C42C0020B33A0020B73A002000B585B09E
:10AAA0000190009100F0EFFF0390084B1B78002B02
:10AAB00003D0039800F0DAFF04E000F04DF80398AB
:10AAC00000F0D4FF05B05DF804FB00BFBB3A0020E6
:10AAD00000B583B000F0D7FF01901B4B1B78DBB2B1
:10AAE000002B2AD0194B1B7883F00103DBB2002B1B
:10AAF00005D0164B01221A70154B00221A70154B07
:10AB00001B78002B04D000F081F8124B00221A7041
:10AB1000019800F0ABFF012000F002F900F0B3FF54
:10AB200001900A4B1B78002B04D000F00DF9074B65
:10AB300000221A70044B00221A70019800F096FF50
:10AB400000BF03B05DF804FBB83A0020BB3A002018
:10AB5000B73A0020BA3A002008B5164B1B78DBB292
:10AB6000002B24D0144B1B78002B04D000F04EF89F
:10AB7000114B00221A70002000F0D2F80346002B7F
:10AB80000ED000F0E1F80B4B00221A700B4B1B7833
:10AB900001211846FFF752FC084B01221A7006E00B
:10ABA000074B01221A70054B1A78064B1A7000BF2A
:10ABB00008BD00BFB83A0020BA3A0020B33A0020DE
:10ABC000B73A0020B63A002008B5094BD3F8203137
:10ABD00003F00303074A1360054BD3F8243103F055
:10ABE0000703054A1360F1F7E3F900BF08BD00BF92
:10ABF00000800050F42C0020F82C0020024B012291
:10AC00001A7000BF704700BFC03A002000B583B083
:10AC1000384B1B7883F00103DBB2002B64D1364B39
:10AC20001B7883F00103DBB2002B20D0334B9B6DEC
:10AC300003F48033002B05D0314B1B6803F0020373
:10AC4000002B53D12D4B9B6D03F00103002B4DD1F5
:10AC500001F0AFF803462B4A13602B4B1B6F23F018
:10AC60000703294A43F00303136700F0C7FF01F00D
:10AC7000A0F80246234B1B68D31A0193234B1B6891
:10AC8000234A12781146234A52F821201146019A8C
:10AC90008A1A9B1A1D4A13601D4B1B7819461D4AC0
:10ACA000019B42F82130194B1B6809331A4AA2FB59
:10ACB0000323DB08194A1360154B1B780133DAB202
:10ACC000134B1A70124B1A78134BA3FB0213D908BB
:10ACD0000B469B000B445B00D31ADAB20C4B1A7084
:10ACE000054B00221A7002E000BF00E000BF03B075
:10ACF0005DF804FBBE3A0020C13A002000C00050BD
:10AD00005CC00050082D002000800050342D002031
:10AD1000C23A00200C2D0020CDCCCCCC382D002008
:10AD200082B003468DF80730064B1B7883F0010391
:10AD3000DBB2002B01D0012300E00123184602B052
:10AD4000704700BFBE3A002008B5F1F737F9164B3F
:10AD50001B6F23F00702154B1B68134913430B6746
:10AD6000114BD3F8203123F00302114B1B680E491D
:10AD70001343C1F820310C4BD3F8243123F00702E0
:10AD80000C4B1B6808491343C1F824310A4B1B784C
:10AD9000002B05D0094B03F500531A46012393629B
:10ADA00000F02CFF00BF08BD00800050002D0020E7
:10ADB000F42C0020F82C0020BE3A002000C00050E7
:10ADC000014B1B7818467047BE3A002082B0002322
:10ADD00001930A4B1B78002B07D0094B1B6801938A
:10ADE000019BDB08019A13440193064B1B68019AEF
:10ADF00013440193019B184602B07047BE3A0020ED
:10AE0000382D0020042D002008B5154B1B78002B91
:10AE10001ED0134B00221A70124B1B6F23F0070336
:10AE2000104A43F0010313670E4BD3F820310D4A4B
:10AE300043F00303C2F820310A4BD3F8243123F046
:10AE40000703084A43F00303C2F8243100F0D6FE9A
:10AE5000054B03F500531A460123536700BF08BD95
:10AE6000C03A00200080005000C0005000B587B0FC
:10AE7000019000238DF81730019B002B01D1222374
:10AE800029E000F000FE049000F0B2FB144B1B68B8
:10AE9000019A9A4202D101238DF81730019800F0EF
:10AEA0003DFB0390039B002B04D0049800F0DEFDD3
:10AEB000039B10E09DF81730002B08D000F06CFBCE
:10AEC0000390039B222B02D1022000F0D9FC0498AE
:10AED00000F0CCFD0023184607B05DF804FB00BF6E
:10AEE000442D002000B585B001900091019B002BFE
:10AEF00002D0009B002B01D1222322E0009B0022E4
:10AF00001A7000F0DAFD0290104B1B6803930AE000
:10AF1000039A019B9A4203D1009B01221A7002E01E
:10AF2000039B9B680393039B002B06D0009B1B781D
:10AF300083F00103DBB2002BEAD1029800F0AFFDF1
:10AF40000023184605B05DF804FB00BF442D002027
:10AF500000B587B003460091ADF806300023049396
:10AF600000F0ABFD03901F4B1B6805932EE0059B83
:10AF70005B69049A13440493059BDB88BDF80620A3
:10AF80009A4203D0BDF80630FF2B1CD101F014F813
:10AF90000246154B1B68D31A049A9A4209D901F04C
:10AFA0000BF80246104B1B68D31A049AD31A049369
:10AFB00001E000230493009B049A1A60039800F0B8
:10AFC0006EFD002309E0059B9B680593059B002B04
:10AFD000CDD1039800F063FD1B23184607B05DF840
:10AFE00004FB00BF442D0020482D00202DE9F04334
:10AFF00085B000F062FD019000F0DEFF0390154B7C
:10B000001B680293012000F0ABFF0346002B05D024
:10B0100000F0D2FF0390029B01330293019800F0ED
:10B020003EFD029B0022984691464FF000024FF0F1
:10B03000000343460022039900200C46054642EADD
:10B04000040643EA050732463B461046194605B05A
:10B05000BDE8F0833C2D0020014B1B68184670476B
:10B06000402D00202DE9F04383B001900091184954
:10B0700009680198884225D8019900200E460746A4
:10B080001449096800200C46054604FB07F006FB3E
:10B0900005F10144A6FB042319440B4640F2E731B5
:10B0A00012EB010843F100094FF47A724FF00003EC
:10B0B00040464946E7F7DCFC02460B46009B1A6017
:10B0C000002300E02123184603B0BDE8F08300BF51
:10B0D0004C2D0020402D00202DE9F04F8DB009901F
:10B0E00000230B93504B1B68002B00F098804E4BB5
:10B0F0001B68184600F07FFE0346002B4FD0099BCB
:10B10000002200930192DDE9004522462B464FF0D4
:10B1100000004FF00001590141EAD261500102469E
:10B120000B462146561A294663EB01074FF00002F1
:10B130004FF00003BB0043EA9673B20016461F4669
:10B140002346F31804932B4647EB030305934FF074
:10B1500000024FF00003DDE904452946CB002146FB
:10B1600043EA51732146CA0014461D462E4B1B6804
:10B17000184600F02EFE0346C3F12001A3F1200281
:10B1800024FA03F805FA01F148EA010825FA02F267
:10B1900048EA020825FA03F943460B933FE0099B6E
:10B1A00000229A46934652465B464FF000004FF00D
:10B1B0000001590141EAD261500102460B46B2EB4F
:10B1C0000A0463EB0B054FF000024FF00003AB00E5
:10B1D00043EA9473A20014461D4614EB0A03069337
:10B1E00045EB0B0307934FF000024FF00003DDE93E
:10B1F00006452946CB00214643EA51732146CA0041
:10B2000010461946084B1B68002202930392DDE9A1
:10B210000223E7F72DFC02460B4613460B930B9BCC
:10B2200018460DB0BDE8F08F402D002000B583B06A
:10B2300000F043FC0190064B1B788DF80330019819
:10B2400000F02DFC9DF80330184603B05DF804FBB8
:10B25000C53A002000B58DB0079006910592049381
:10B2600000238DF82B30079B002B01D1222345E0D2
:10B270000DF12B0319460798FFF734FE9DF82B308C
:10B28000002B01D0022339E009AB19460698FFF7DD
:10B29000E9FE0B900B9B002B01D00B9B2EE0FFF7E0
:10B2A000DBFE0246069B03FB02F2164BA3FB0213D6
:10B2B0009B094FF47A7101FB03F3D31A9BB2C3F5D8
:10B2C0007A739AB2079B9A83079B9B8BB3F57A7F1D
:10B2D00002D1079B00229A83079B0022DA830999F7
:10B2E000099ABDF83C3002939DF838300193049BD5
:10B2F0000093059B079800F0B3F9034618460DB07C
:10B300005DF804FBD34D621000B583B00C4B1B7885
:10B310008DF807309DF80730002B0BD000F049FD69
:10B320000246084B1B689B69D31A022B02D90023E3
:10B330008DF807309DF80730184603B05DF804FB20
:10B34000C43A0020442D002000B589B003468DF892
:10B3500007309DF8073003F00103002B08D0374B6E
:10B360001B680133354A136000F042F900F014F90C
:10B370009DF8073003F00203002B5BD000230693F7
:10B38000002305930023ADF8123000F096FB0790E0
:10B3900000F02EF92AE02A4B1B680393284B1B6808
:10B3A00006930AE0069B1A79039B1B799A4201D9FE
:10B3B000039B0693039B9B680393039B002B03D083
:10B3C000039B5B69002BEDD0079800F068FB0698A3
:10B3D00000F022FD069BDB88ADF81230059B01339F
:10B3E000059300F06AFB079000F002F9144B1B680C
:10B3F000002B04D0124B1B685B69002BCBD0114B88
:10B4000000221A70059B012B08D1BDF8123003F001
:10B410000203002B02D00B4B01221A7000F0BCF883
:10B420000290029B222B02D1022000F029FA0798F9
:10B4300000F035FB00BF09B05DF804FB3C2D002097
:10B44000442D0020C53A002000B587B0019000913E
:10B45000009B0593019BDB88002B0AD1FFF712FAB2
:10B460000290059A029B9A4203D2029B0593F2F73F
:10B47000B0FC019B059A5A61274B1B68002B40D0FA
:10B4800000230493244B1B6803930CE0039B5B692C
:10B49000059AD31A0593019B059A5A61039B04935D
:10B4A000039B9B680393039B002B13D0039B5B6957
:10B4B000059A9A42EAD2039B5B69002BE6D0039B74
:10B4C0005B69059A9A4205D1019B1A79039B1B7906
:10B4D0009A42DBD8049B002B03D0049B019A9A600C
:10B4E00002E00D4A019B1360019B039A9A60039B43
:10B4F000002B0CD0039B5A69059BD21A039B5A61FF
:10B5000005E0054A019B1360019B00229A6000BF81
:10B5100007B05DF804FB00BF442D002084B001900B
:10B52000002303931B4B1B680293019B002B06D146
:10B5300022232BE0029B0393029B9B680293029BB6
:10B54000002B03D0029A019B9A42F3D1029A019BED
:10B550009A4201D0022319E0039B002B04D0019BE7
:10B560009A68039B9A6003E0019B9B68094A1360F9
:10B57000019B9B68002B08D0019B9B685969019B2C
:10B580005A69019B9B680A445A610023184604B01B
:10B59000704700BF442D002000B583B0124B1B68DC
:10B5A000002B1CD0104B1B685B69002B0DD00E4B81
:10B5B0001B685A690D4B1B6813440193022000F06D
:10B5C00008FD019800F0ECF805E0022000F001FD14
:10B5D000022000F020FD00F0A3F8002300E0222369
:10B5E000184603B05DF804FB442D0020482D0020D0
:10B5F00000B585B000F0E0FC0190174B1B68039389
:10B60000164B1B68019AD31A029318E0039B5B69DF
:10B61000029A9A4208D8039B5A69029BD21A039B4A
:10B620005A610023029307E0039B5B69029AD31AD5
:10B630000293039B00225A61039B9B680393039B25
:10B64000002B02D0029B002BE0D1044A019B136027
:10B6500000BF05B05DF804FB442D0020482D0020FC
:10B6600000B587B00390029101920093039B9DF86F
:10B6700024201A71039B089A1A60039B00229A6087
:10B68000039B019A1A61039B009ADA60039BBDF841
:10B690002820DA80019B002B07D100F08DFC0246A8
:10B6A000029B1A44039B9A6106E000F085FC024667
:10B6B000019B1A44039B9A61029B002B15D1039BAB
:10B6C00000225A61039BDB68002B06D0039BDB68DA
:10B6D000039A1268114603989847019B002B02D0E9
:10B6E000019B029301E0002313E000F0CCF90590E8
:10B6F000FFF77EFF02990398FFF7A6FE074B1B6832
:10B70000039A9A4201D1FFF747FF059800F0AEF97E
:10B710000023184607B05DF804FB00BF442D00204D
:10B7200082B0144B1B68019300230093124B00223C
:10B730001A7015E0019BDB8803F00203002B04D094
:10B740000D4B01221A7000BF10E0019B9B68019312
:10B75000019B002B04D0019B5B69009A134400936A
:10B76000009B012B02D8019B002BE3D100BF02B04C
:10B77000704700BF442D0020C43A002008B5074B95
:10B78000D3F8403203F00303013B012B03D802201E
:10B7900000F053FC00E000BF00BF08BD0080005077
:10B7A00000B587B00190019B059300F06CF90490FF
:10B7B00000F002FC039000F005FC0290F2F7ACFBF5
:10B7C000034603F04003002B0AD103990298F2F7D5
:10B7D0000AFC0346032B03D8029A039B9A421BD10F
:10B7E00003990598F2F7FFFB0346022B02D8039B4F
:10B7F00003330593059BB3F1FF3F2CBF01220022C9
:10B8000052429B1A0593059B013B19460120F2F712
:10B8100032FB022000F0DDFB049800F027F9094B11
:10B820001B78002B0AD04FF0B043DB6B4FF0B042D7
:10B8300043F00203D363034B00221A7000BF07B02A
:10B840005DF804FB9841002010B582B00B4800F071
:10B850007EF903468DF807306A469DF80730114699
:10B86000184600F05EF9009C0020F2F76FFB0346DB
:10B8700024FA03F3184602B010BD00BFECCE04005A
:10B8800000B585B003468DF80730002303939DF87B
:10B89000073003F00103002B03D0039B43F00103A7
:10B8A00003939DF8073003F00203002B0ED0039B97
:10B8B00043F040030393094B01221A704FF0B04349
:10B8C000DB6B4FF0B04223F00303D3630398F2F72E
:10B8D00008FB00BF05B05DF804FB00BF98410020E5
:10B8E00001231846704701231846704700B583B0FE
:10B8F00001238DF80730C8F793FB034683F001035B
:10B90000DBB2002B02D000238DF80730E0F79EF960
:10B91000034683F00103DBB2002B02D000238DF835
:10B920000730FFF7DDFF034683F00103DBB2002B96
:10B9300002D000238DF807309DF80730184603B079
:10B940005DF804FB00B583B000238DF807300023B9
:10B950008DF80630FEF770FF03468DF80730C8F704
:10B960004DFB03468DF805309DF80530042B03D1BF
:10B9700001238DF8063006E09DF80530022B02D138
:10B9800001238DF80730FBF741FB03468DF80530A6
:10B990009DF80530042B03D101238DF8063006E015
:10B9A0009DF80530022B02D101238DF80730C8F72E
:10B9B00037F803468DF805309DF80530042B03D188
:10B9C00001238DF8063006E09DF80530022B02D1E8
:10B9D00001238DF80730FFF786FF03468DF8053009
:10B9E0009DF80530042B03D101238DF8063006E0C5
:10B9F0009DF80530022B02D101238DF807309DF808
:10BA00000630002B02D000238DF807309DF8073058
:10BA1000184603B05DF804FB00B589B005900491A9
:10BA20000392029306AB19460498FFF71BFB07909D
:10BA3000079B002B01D0079B0CE00699BDF82C302A
:10BA400001939DF828300093029B039A059800F01B
:10BA5000FCF80346184609B05DF804FB4FF40043B8
:10BA6000184670474FF47A731846704782B00190B9
:10BA7000019B002B04D162B600BFBFF36F8F00BFE4
:10BA800000BF02B0704782B0EFF310830093009BB9
:10BA9000019372B600BF019B184602B0704784B094
:10BAA0000190019B0393039B83F3118800BFBFF3B5
:10BAB0006F8F00BF00BF04B0704784B0EFF31183F5
:10BAC0000193019B039330230293029B83F311881C
:10BAD00000BF039B184604B0704708B5FEF780FA14
:10BAE0000346184608BD08B5FEF77AFA00BF08BD40
:10BAF00086B0039002910192019B002B04D0039B1E
:10BB000003F58053059303E0039B03F5005305936E
:10BB1000059B0121029A01FA02F21A6000BF06B0E9
:10BB2000704700B583B0034600918DF80730009B45
:10BB3000002B01D1222306E09DF80730009918461A
:10BB4000FEF7A2FB0346184603B05DF804FB82B083
:10BB50000190019B1B79184602B0704700B585B073
:10BB600003468DF80730FFF78EFF03909DF80730EE
:10BB700001211846FEF7CEFC0398FFF777FF00BFC0
:10BB800005B05DF804FB00B585B003468DF80730BD
:10BB9000FFF779FF03909DF8073000211846FEF764
:10BBA000B9FC0398FFF762FF00BF05B05DF804FB26
:10BBB00082B0EFF310830093009B019372B600BF35
:10BBC000019B184602B0704782B00190019B002B88
:10BBD00004D162B600BFBFF36F8F00BF00BF02B0D9
:10BBE000704700B583B001900198FFF7EDFFFFF7B4
:10BBF000DFFF0346184603B05DF804FB08B5FEF707
:10BC0000EFF900BF08BD00B583B003468DF80730DB
:10BC10009DF80730032B0DD0032B0FDC012B02D036
:10BC2000022B03D00AE0D2F707FD08E00020CCF792
:10BC300005FF04E00020CCF747FF00E000BF00BF95
:10BC400003B05DF804FB00BF704700B58BB00790F0
:10BC500006910592049300238DF82730079B002B53
:10BC600001D1222320E0079B00229A83079B002218
:10BC7000DA830DF1270319460798FFF733F99DF88A
:10BC80002730002B01D003230EE0BDF8343002939F
:10BC90009DF830300193049B0093059B0022069988
:10BCA0000798FFF7DDFC034618460BB05DF804FB70
:10BCB00000B589B00790069105920493079B002B6D
:10BCC00001D1222317E0079B00229A83079B0022C1
:10BCD000DA830798FFF7CAF8BDF82C3002939DF875
:10BCE00028300193049B0093059B00220699079836
:10BCF000FFF7B6FC0346184609B05DF804FB00B533
:10BD00008BB0079006910592049300238DF827309D
:10BD1000079B002B01D1222320E0079B00229A835E
:10BD2000079B0022DA830DF1270319460798FFF7D6
:10BD3000D9F89DF82730002B01D002230EE0BDF882
:10BD4000343002939DF830300193049B0093059B9F
:10BD5000069A06990798FFF783FC034618460BB02E
:10BD60005DF804FB00B589B0079006910592049335
:10BD7000079B002B01D1222317E0079B00229A8307
:10BD8000079B0022DA830798FFF770F8BDF82C3084
:10BD900002939DF828300193049B0093059B069A1B
:10BDA00006990798FFF75CFC0346184609B05DF852
:10BDB00004FB00B583B0FFF780FE019000F0FCF8B3
:10BDC00000900198FFF76BFE009B184603B05DF8EA
:10BDD00004FB84B00190019B0393039B002B01D1D2
:10BDE000202303E0039BB3FA83F3DBB2C3F11F0309
:10BDF000184604B0704782B00190019B002B07D019
:10BE0000019B5A1E019B1340002B01D1012300E02E
:10BE10000023184602B070472DE9F04F8BB0039015
:10BE2000002309934FF000024FF00003CDE90623F1
:10BE300000238DF81730039B1B69002B23D0039B35
:10BE40001B69002200930192DDE90023CDE906235E
:10BE500000F0B2F80246039B9B69D31A0993099B31
:10BE6000DA171E461746DDE90623964277EB0303F1
:10BE700009DB01238DF81730039B9A69039B1B692B
:10BE80001A44039B9A619DF8173083F00103DBB2DB
:10BE9000002B08D0FFF711FE04900398FFF73EFB3C
:10BEA0000498FFF7FCFD039B1B69002B49D09DF80C
:10BEB000173083F00103DBB2002B42D0099BDA1765
:10BEC0001C461546DDE90623B2EB040A63EB050BBD
:10BED000CDE906AB039B9B8B002B20D0039BDA8B19
:10BEE000039B9B8B13449AB2039BDA83039BDB8BEC
:10BEF000B3F57A7F13D3039BDB8BA3F57A739AB2E6
:10BF0000039BDA83DDE9062312F1FF3843F1FF39A1
:10BF1000CDE90689039B9B695A1E039B9A61FFF733
:10BF2000CCFD0490069B19460398FFF78DFA039BFE
:10BF30009A69039B1B691A44039B9A610498FFF753
:10BF4000AEFD039BDB68002B06D0039BDB68039AE6
:10BF5000126811460398984700BF0BB0BDE8F08FF8
:10BF600000B585B003468DF8073000238DF80F30FB
:10BF7000F1F7D2FF02909DF80730012B0BD0022B76
:10BF800013D1029B03F04003002B14BF01230023B5
:10BF90008DF80F300AE0029B03F00103002B14BF61
:10BFA000012300238DF80F3000E000BF9DF80F3013
:10BFB000184605B05DF804FB08B5F1F768FF0346C5
:10BFC000184608BD08B50120F1F74AFF0346184698
:10BFD00008BD00B585B003468DF8073000230393F4
:10BFE0009DF8073003F00103002B03D0039B43F0BF
:10BFF000010303939DF8073003F00203002B03D0E5
:10C00000039B43F0400303930398F1F778FF00BFCD
:10C0100005B05DF804FB00B583B003468DF807302A
:10C020009DF8073003F00203002B02D04020F1F707
:10C0300078FF00BF03B05DF804FB00B585B0034690
:10C040008DF80730FFF71FFD03909DF807300121A1
:10C050001846FEF75FFA0398FFF708FD00BF05B02A
:10C060005DF804FB08B5FDF7BBFF0346184608BDA5
:10C0700002210120E0F726BD0000000000000000C2
:10C08000F8B500BFF8BC08BC9E467047F8B500BFC5
:10C09000F8BC08BC9E4670475FF800F0F53C0020F5
:10C0A0005FF800F0593C00205FF800F0C13B002031
:10C0B000201800001B5B33316D43454E202D204C72
:10C0C000324341502073656E64206F7065726174F5
:10C0D000696F6E20686173206661696C65642077A2
:10C0E000697468206572726F7220636F6465203AAC
:10C0F0002030582530346C780A1B5B306D0000000E
:10C100000A3E20426567696E0000000043454E20EC
:10C110002D20426F6F74696E672063656E74726163
:10C120006C2E2E0043454E202D20426567696E6EB1
:10C13000696E67207363616E2E2E000025303258C1
:10C140002D253032582D253032582D253032582D9E
:10C15000253032582D253032580000001B5B333219
:10C160006D43454E202D202D3E20426C7565746F29
:10C170006F7468206F6E6C696E652E0A1B5B306D84
:10C180000000000009096C6F63616C2061646472D7
:10C19000657373203A2025730A0000001B5B33335C
:10C1A0006D43454E202D202D3E20506572697068EC
:10C1B0006572616C20666F756E642E0A1B5B306D54
:10C1C00000000000090972656D6F74652061646488
:10C1D00072657373203A2025730A000043454E2090
:10C1E0002D204F70656E696E6720424C4520636F4D
:10C1F0006E6E656374696F6E2E2E00001B5B3331AB
:10C200006D43454E202D202D3E20426C7565746F88
:10C210006F746820636F6E6E656374696F6E206300
:10C220006C6F7365642E0A1B5B306D001B5B3332D1
:10C230006D43454E202D202D3E20426C7565746F58
:10C240006F746820636F6E6E656374696F6E2065CE
:10C25000737461626C69736865642E0A1B5B306D70
:10C26000000000000909636F6E6E656374696F6E8C
:10C270002068616E646C65203A2025750A00000014
:10C2800043454E202D205363616E6E696E672066B4
:10C290006F72207072696D61727920736572766950
:10C2A0006365732E2E2E00001B5B33326D43454EAB
:10C2B000202D202D3E204C3243415020636F6E6E66
:10C2C000656374696F6E2065737461626C6973680D
:10C2D00065642E0A1B5B306D0000000009096C6F5D
:10C2E00063616C20636964203A2025750A000000B0
:10C2F000090972656D6F746520636964203A2025B1
:10C30000750A000009096C6F63616C205044552068
:10C3100073697A65203A2025750A0000090972655B
:10C320006D6F7465205044552073697A65203A20FA
:10C3300025750A0009096C6F63616C205344552010
:10C3400073697A65203A2025750A0000090972652B
:10C350006D6F7465205344552073697A65203A20C7
:10C3600025750A000909696E697469616C20637238
:10C370006564697420636F756E74203A2025750AB0
:10C38000000000001B5B33316D43454E202D202DF6
:10C390003E204C3243415020636F6E6E656374697A
:10C3A0006F6E204641494C45442E0A1B5B306D00A0
:10C3B00009096572726F7220636F6465203A2025E7
:10C3C000750A00001B5B33336D43454E202D202D35
:10C3D0003E204372656469742072656365697665A1
:10C3E000642E0A1B5B306D000909616D6F756E74F8
:10C3F000203A202568750A001B5B33336D43454E98
:10C40000202D202D3E204461746120667261676D8D
:10C41000656E742023257520726563656976656491
:10C420002E0A1B5B306D00001B5B33366D43454E9F
:10C43000202D202D3E2044617461207472616E7342
:10C440006D697373696F6E2066696E697368656480
:10C450002E0A1B5B306D0000090964617461207352
:10C460007472696E673A20272573270A000000005E
:10C470001B5B33316D43454E202D204C32434150E0
:10C4800020636C6F7365206368616E6E656C206FEE
:10C490007065726174696F6E20686173206661698E
:10C4A0006C65642077697468206572726F722063AE
:10C4B0006F6465203A2030582530346C780A1B5B55
:10C4C000306D000043454E202D204C32434150201A
:10C4D000636F6E6E656374696F6E20636C6F7365F6
:10C4E00064202853544F5020434F4D4D414E44201B
:10C4F00052454345495645442900000043454E20D6
:10C500002D20232053656E64696E67206164646921
:10C5100074696F6E616C202575206372656469743F
:10C520002873292E0A0000001B5B33316D43454EF2
:10C53000202D204C324341502073656E642063727D
:10C5400065646974206F7065726174696F6E2068CC
:10C550006173206661696C65642077697468206521
:10C5600072726F7220636F6465203A2030582530F4
:10C57000346C780A1B5B306D000000001B5B3333AA
:10C580006D43454E202D202D3E2053657276696304
:10C590006520646973636F76657265642E0A1B5B40
:10C5A000306D0000090975756964203A20307825DE
:10C5B0003034580A00000000090968616E646C6537
:10C5C000203A20256C750A001B5B33336D43454EC2
:10C5D000202D202D3E20436861726163746572696D
:10C5E0007374696320646973636F76657265642E22
:10C5F0000A1B5B306D000000090975756964203AFB
:10C6000020253032582530325825303258253032E6
:10C61000582D25303258253032582D2530325825A6
:10C620003032582D25303258253032582D253032B1
:10C63000582530325825303258253032582530327E
:10C6400058253032580A0000090968616E646C652B
:10C65000203A2025750A00001B5B33336D43454E9D
:10C66000202D202D3E2043686172616374657269DC
:10C67000737469632076616C7565207265636569A2
:10C680007665642E0A1B5B306D0000000909766137
:10C690006C75652061742030203A2025750A0000F1
:10C6A0001B5B39306D43454E202D202D3E204741E8
:10C6B00054542070726F636564757265207375637E
:10C6C0006365737366756C2E0A1B5B306D0000002A
:10C6D0001B5B33326D43454E202D202D3E204741BC
:10C6E00054542049646C652E0A1B5B306D000000B9
:10C6F0001B5B33326D43454E202D202D3E2053656C
:10C70000727669636520646973636F7665727920F8
:10C710007375636365737366756C2E0A1B5B306D8E
:10C720000000000043454E202D205363616E6E696A
:10C730006E6720666F7220636861726163746572F0
:10C740006973746963732E2E2E00000009097461E9
:10C75000726765742068616E646C65203A20257587
:10C760000A0000001B5B33326D43454E202D202D07
:10C770003E204368617261637465726973746963B2
:10C7800020646973636F766572792073756363657E
:10C79000737366756C2E0A1B5B306D0043454E202B
:10C7A0002D204F70656E696E67204C3243415020DA
:10C7B000636F6E6E656374696F6E2E2E2E000000BF
:10C7C0001B5B33316D43454E202D204C324341508D
:10C7D000206368616E6E656C206F70656E206F708F
:10C7E00065726174696F6E20686173206661696C3F
:10C7F00065642077697468206572726F7220636F58
:10C800006465203A2030582530346C780A1B5B3040
:10C810006D0000001B5B39306D43454E202D202DEF
:10C820003E20474154542070726F63656475726591
:10C83000206661696C65642E0A1B5B306D00000028
:10C840001B5B33336D43454E202D202D3E204D5430
:10C85000552065786368616E6765642E0A1B5B30DE
:10C860006D00000009094D54552073697A65203A1E
:10C87000202568750A00000043454E202D20544FA6
:10C88000444F202D204F7074696D697A696E67205E
:10C890006C6F63616C204D545520627566666572DD
:10C8A00020746F206D617463682072656D6F7465AC
:10C8B000205044552073697A6520284C3320636FDB
:10C8C0006E73747261696E74206F66206D696E6933
:10C8D0006D756D2031323830206279746573292E80
:10C8E0002E2E000042524434313834410000000002
:10C8F0000A0000005B435D20000000002E2E2F7315
:10C900006C5F676174745F736572766963655F6499
:10C9100065766963655F696E666F726D6174696F74
:10C920006E2E630025733A2564203A25733A200061
:10C93000736300005374617475733A202573203D4E
:10C940002030782530347820000000004173736572
:10C950007274696F6E206661696C65640000000026
:10C9600041303100392E302E30000000736C5F678B
:10C970006174745F736572766963655F6465766917
:10C9800063655F696E666F726D6174696F6E5F6F0C
:10C990006E5F6576656E7400002801280328002A02
:10C9A000012A292A242A272A262A232A052A2A2B49
:10C9B000292B0229636032E0375EA488534E6DFB59
:10C9C0006435BFF71000F01921B4478FA4BFA14F01
:10C9D00063FDEED6141D0000020020180C00536900
:10C9E0006C69636F6E204C616273000002000A186C
:10C9F00002000000020000180200011801000000FF
:10CA00000108FFFF00000000F8C904000200020056
:10CA10000108FFFF0500000020000A0003000A00D3
:10CA20000008FFFF010000007C3F002004000D0013
:10CA30000308FFFF030000000200000005000200E1
:10CA40000108FFFF0500000002000B0006000B00BC
:10CA50000108FFFF01000000643F00200700020002
:10CA60000108FFFF050000000A000C0008000C0090
:10CA70000308FFFF010000005C3F002009000000E8
:10CA80000108FFFF00000000F4C904000A000200D2
:10CA90000108FFFF050000000A0003000B0003006F
:10CAA0000308FFFF01000000483F00200C000200C7
:10CAB0000108FFFF05000000020004000D00040053
:10CAC0000108FFFF00000000F0C904000E00000094
:10CAD0000108FFFF00000000ECC904000F00020085
:10CAE0000108FFFF0500000002000500100005001E
:10CAF0000108FFFF00000000DCC904001100020073
:10CB00000108FFFF050000000200060012000600F9
:10CB10000108FFFF01000000383F00201300020061
:10CB20000108FFFF050000000200070014000700D5
:10CB30000108FFFF010000002C3F0020150002004B
:10CB40000108FFFF050000000200080016000800B1
:10CB50000108FFFF01000000203F00201700020035
:10CB60000108FFFF0500000002000900180009008D
:10CB70000108FFFF01000000103F00201900000025
:10CB80000108FFFF00000000D8C904001A000000DF
:10CB90000108FFFF00000000C4C904001B000200E0
:10CBA0000108FFFF05000000080000801C00008055
:10CBB0000208FFFF0700000000000000FCC904009D
:10CBC0001C001C0098C904000E000E00B4C904002B
:10CBD000010001000100FFFFFFFF000076636F6DA1
:10CBE00000000000E0CE04000000000000100E0075
:10CBF00000020301D0CE0400000500060008000773
:10CC0000000010003400035AA83F002049480100EA
:10CC1000F5960300AF970300DD970300DD96030050
:10CC20000A0000005B435D2000000000433A2F55DE
:10CC3000736572732F4D53492F53696D706C69631F
:10CC400069747953747564696F2F53444B732F73F0
:10CC5000696D706C69636974795F73646B2F61705F
:10CC6000702F626C7565746F6F74682F636F6D6D74
:10CC70006F6E2F696E5F706C6163655F6F74615F6B
:10CC80006466752F736C5F62745F696E5F706C6150
:10CC900063655F6F74615F6466752E6300000000FA
:10CCA00025733A2564203A25733A20007363000007
:10CCB0005374617475733A202573203D20307825B4
:10CCC0003034782000000000417373657274696F1E
:10CCD0006E206661696C6564000000000000000061
:10CCE00000000000736C5F62745F696E5F706C615E
:10CCF00063655F6F74615F6466755F6F6E5F6576B5
:10CD0000656E740064656C61795F74696D65725FEE
:10CD10006362000028000000292000003F0000009E
:10CD200001040000020300000500000000000000F4
:10CD300040420F000501000000000000000000005C
:10CD400000000000020100000202000013B779FA9F
:10CD5000C925DDB7ADF3CFE0F1B614B8010200008C
:10CD600000000000FFFFFFFF2000000001000000A6
:10CD700000000000000000000000000000000000B3
:10CD800000000000000000000000000000000000A3
:10CD90000000000000000000000000001E00000372
:10CDA00051B5030067B5030071B50300A9B50300D1
:10CDB0006DB60300B7B5030015B60300020000000E
:10CDC0002C000000000201005500EDFEFF00640091
:10CDD0001E0000007F001B0DD063FDFF3600B7036F
:10CDE0004DDAFFFF1C005901EC3600001100BD00B8
:10CDF000C83B00000B00710014350000070049001B
:10CE0000352C000005003700052600000300140043
:10CE1000FF140000E1FE59FF8FFFADFFC1FFD0FFFF
:10CE2000DCFFE4FFEBFFF2FFF6FFFAFFFDFF00007F
:10CE3000030005000009007FC8CD04000100000FB9
:10CE400014CE0400000000000000000000200000DC
:10CE500001200000FFFFFFFFFFFFFFFFFFFFFFFFBD
:10CE6000FFFFFFFF5C2C00200100000004000020F9
:10CE700011680000000000000040025C000000009B
:10CE80000000001000000000CFCB03000B000000EA
:10CE90000B00000002000000000020200000000045
:10CEA000030000008C8C3C0000000000000000002B
:10CEB0000000000001260000040000000000000047
:10CEC000000100000000000001030401010109034A
:10CED000180000001A0000001E00000008000000FA
:10CEE0000000035A14000000D0CE040000000058D7
:10CEF00012000000D8CE0400050000000000000071
:10CF000000C201000002000000100000000000004C
:10CF1000000000000000000005000000000000000C
:10CF2000802500008002000000100000000000408A
:10CF300000000000000000000100000005000000EB
:10CF40000200000300000000000000004E0C000082
:10CF50000000000000000000BCCB04000000000046
:10CF6000000000000400000000000000E2FF50008C
:10CF700004D4040000000000E8D304000000000016
:10CF800004D204000000000094D30400000000005C
:10CF90009CD304000000000060D30400F8CF04001C
:10CFA00070D404000CD004002CD40400FCCF040086
:10CFB000BCD3040000D0040020D204000000000014
:10CFC0000000000000000000F0D3040038D304008B
:10CFD000D4D304004CD304006CD3040080D30400E9
:10CFE0005CD4040018D404000CD20400A8D30400BC
:10CFF00044D2040000000000010000000400FB0017
:10D0000003000000CDEB0100000000000200000062
:10D0100000000000000000000000004000000000D0
:10D0200001000000FFFFFFFF000000010000000002
:10D030000000000000000000FFFFFFFFFFFFFFFFF8
:10D04000FFFFFFFFFFFFFFFF00000000FFFFFFFFEC
:10D05000FFFFFFFFBCE6FAADA7179E84F3B9CAC273
:10D06000FC6325516B17D1F2E12C4247F8BCE6E591
:10D0700063A440F277037D812DEB33A0F4A1394501
:10D08000D898C2964FE342E2FE1A7F9B8EE7EB4AA6
:10D090007C0F9E162BCE33576B315ECECBB64068DD
:10D0A00037BF51F5FFFFFFFF000000010000000047
:10D0B0000000000000000000FFFFFFFFFFFFFFFF78
:10D0C000FFFFFFFC5AC635D8AA3A93E7B3EBBD552C
:10D0D000769886BC651D06B0CC53B0F63BCE3C3E80
:10D0E00027D2604B24D00400C000000000000000E4
:10D0F00000001000200000006BC0BCE12A4599919F
:10D10000E134741A7F9E1925AE2D8A571E03AC9CFC
:10D110009EB76FAC45AF8E5130C81C46A35CE4117E
:10D12000E5FBC1191A0A52EFF69F2445DF4F9B1702
:10D13000AD2B417BE66C37103FF1CAA1681FAC09EB
:10D14000120ECA307586E1A72B7E151628AED2A620
:10D15000ABF7158809CF4F3C000000005053410049
:10D160004B45590000010102010202030102070BB5
:10D170000B0701160C00000108080000050108FF5C
:10D18000FF02FFFF0808020204FF010022FFFF2345
:10D19000080F030304040A0AFFFF2AFFFF141919EA
:10D1A0001B011C15120400480C1404131510801ADE
:10D1B000801280800001020404000000F4010000DD
:10D1C000FA00000096000000640000004B00000020
:10D1D000320000001E0000001400000000000000EB
:10D1E00001010F0E0C080C080D1810005000400033
:10D1F00008005000240004009001500240009001FB
:10D20000AE01100049760200000000000900000095
:10D21000000000000000000000000000000000000E
:10D22000C741040000000000A0030906A00609058C
:10D23000A007090420050903AD79020020020902B4
:10D240007D7902000A0000000000000000000000DC
:10D250000000000000000000A0010A05A0030A046D
:10D26000A0080A03A0070A02A0060A01A0030900F9
:10D2700020040A04ED7A020020050A02BD7A0200A9
:10D2800062676170695F627566666572730001004E
:10D2900002000000000000000300497253144972AC
:10D2A00007FF000102030405FF145300724907CD74
:10D2B000F66761747420636F6E6E656374696F6E78
:10D2C00000000000FB349B5F800000800010000025
:10D2D00000000000556A040083470400E79604003C
:10D2E000DB95040001020C000000040000000800AF
:10D2F00055AB020085AA020031480300276F0400E5
:10D30000A16F04009B6F0400F14D03003D970400E2
:10D31000536F04009D6F04009F6F0400376F04007B
:10D32000976F0400396F0400556F0400F1A40200E8
:10D33000D96E040045A602000200000000000000B3
:10D3400000000000000000000000000004000000D9
:10D3500000000000000000000000000000000000CD
:10D36000FD6E040000000000A00104015600000052
:10D3700000000000000000000000000000000000AD
:10D380000500000000000000000000000000000098
:10D3900000000000F1AA020000000000296F040054
:10D3A00000000000A013050046000000000000007F
:10D3B00000000000000000000000000019AD0200A5
:10D3C00000000000A0070A00A0040903A00509024C
:10D3D000A00609010F00000000000000000000008E
:10D3E00000000000000000002F6F0400000000009B
:10D3F000010000000000000000000000000000002C
:10D40000000000001DAE020000000000A0010107A6
:10D41000A000010402040800060000000000000053
:10D420000000000025AF0200EDAE020055AF020083
:10D4300000000000A0030601A0090609A0020608DA
:10D44000A0050607A0050606A0070605A00206041B
:10D45000A0010610A0080602A00D0600430000006F
:10D4600000000000000000000000000000000000BC
:10D4700069B2020000000000A0064306A0054305B3
:10D48000A0054304A0044303A00D4302A00D4301E3
:10D49000000004020503060107010108090A000053
:10D4A000A0015C02A0035C01A0025C00A0020F09C5
:10D4B000A0030F04A0030F03A0050F02A0010F019A
:10D4C000A0050F00A0040108A0030106A01201009E
:10D4D0000101020420025602D5AA020020025601D0
:10D4E000A9AA02002001060505B2020020080604D0
:10D4F0009DB10200200002052DAA02002003430571
:10D5000035B402002005430409B40200200443039B
:10D510005DB4020020094301BDB3020020020503EF
:10D5200029AB02002005050605AB0200424C455F11
:10D53000535441434B000000BDBF020005C0020030
:10D54000A5BF020011C00200F9BF0200F57304007C
:10D550003174040057740400797404009B7404004F
:10D560002DD30200DDD20200E9D20200D9D302009D
:10D57000AD760400BD700400C1700400CD700400DD
:10D58000C5700400C970040000000000A80100007C
:10D59000800B002010000000280D0020E1FE00009C
:10D5A00002000080FF7F00000080FF7F0C025241DC
:10D5B000494C0000A00000004DCB020050000000CC
:10D5C000C5CA0200000000010000010100010101C4
:10D5D00015CE0200F9CD0200F5010300F9040300A5
:10D5E0002904030001010203000400011F150F15A7
:10D5F000150F151FFFFFFFFFFFFFFFFFFFFFFFFFDF
:10D60000FFFFFFFFFFFFFFFFFFFFFFFFFFFFFFFF2A
:10D61000FFFFFFFF00A801A802A8000000B801B8A2
:10D6200002B800B0D0050500E805050000060500B9
:10D63000180605003006050003040408080500006C
:10D6400000000000000000000000000000000000DA
:10D650002C340000000400002C38000018000000EA
:10D66000383E000008000000342F0000F8040000DD
:10D670004438000004000000343E000003000000B5
:10D6800000000000342F00004838000001000000B6
:10D69000403E00003900000001000000343E000060
:10D6A000F52900000D2A00000D2A00000D2A0000B7
:10D6B0000D2A00000D2A00000000000000000000FC
:10D6C00000000000000000000D2A00000D2A0000EC
:10D6D0000D2A00004D2E00000D2A000071230000CD
:10D6E000812300000D24000055240000E1240000E7
:10D6F0005126000001250000F12600004D25000004
:10D70000952500000D260000652800003529000041
:10D7100043230000972B00005D200000B52B000084
:10D72000312C00000D2A00000D2D0000D52C00002A
:10D730000D2A00000D2A0000552D00000D2A0000C2
:10D740000D2A00000D2A00006D100000631000007B
:10D7500077100000811000008B1000008C4880685A
:10D76000000200D4704780B580208002A84908607C
:10D77000CF2000F04BFA01BDF8B586480068864C12
:10D78000802292032260854E316809051DD5110B58
:10D79000A023034001D0216017E002403FD1802741
:10D7A0007F4A17607F4A1760084038D0784D287A42
:10D7B000400705D501207C49086000027B490860CC
:10D7C0002878002801D0062801DB0020F2BD00F0F7
:10D7D00057FB716889684E682978052907D1B90512
:10D7E000A1606E60B668CC218901704A116000F0BA
:10D7F00050FB012E00DA0226BC2080058549086016
:10D80000942080058449086065480021C94301646B
:10D810007142416481490F6040210160D5E7B14800
:10D820000160FFF79BFF0120F2BD5A48016889059E
:10D8300004D5C06E0004000F022801D000207047FC
:10D840000120704738B580245548046000F018FB6B
:10D8500005007348006800F065F9280000F019FB26
:10D86000FFF77CFF4A48007A000705D5A0004A4927
:10D87000086000F004FC31BD60039A490860B048BC
:10D88000046031BDFEB50500CC208001964948609A
:10D89000012696480660FFF7C8FF002877D03C4C69
:10D8A0002078002873D031020195052802D02A463D
:10D8B0000A406CD1CC27BF018B4A1760A14A12687D
:10D8C00053075B0F022805D1022B5ED308013749AD
:10D8D0000860F7BD4D01032804D1022B55D9334808
:10D8E0000560F7BD042802D111404ED0F7BD0528D0
:10D8F0004BD10198002848D0C005C10F684641703F
:10D900000198C004C10F6846017000F0B9FA029096
:10D91000606869464978002903D006688021214A59
:10D9200011602C0488496A461278002A0CD0C2681B
:10D930000B68D21AA74B1B68234001D0066800E091
:10D940004668964200DD1600684640786A461278BE
:10D95000024308D008684242B01E824202DA704296
:10D96000886000E00026029800F093FA0198800594
:10D9700001D5994804600198054001D0974804609A
:10D98000002E02D009480760F7BDFFF75BFFF7BD27
:10D99000403E0000400002A8402002A8C83E00000F
:10D9A0000CC001A890E001A894D000A8505201A892
:10D9B00038B580248A48046001204C490860894DAC
:10D9C0002878052802D0600087490860FFF72DFFFE
:10D9D000002812D012480068000A80214140A8683F
:10D9E000000EC9B2814208D2564800684007400F75
:10D9F000022802D2FFF726FF31BD7C480168C02211
:10DA00000A4002D1C06F204001D00448046031BDFB
:10DA10001C1002A808E001A808D001A894D001A811
:10DA200018C000A8F1B582B00F008026B600A02073
:10DA3000384002D06E48066052E000F021FA0090B3
:10DA40006C480468F80202D5A0680069029000F0F2
:10DA500067FBB102606800F06FF9227820000021B6
:10DA6000521C4378934200D2002218235343C51816
:10DA70000C352B78082BF3DA1400027085602878B7
:10DA8000584A10703E400CD000F0FAF95949096824
:10DA90008968CE6800F0FDF9F80201D403208643BE
:10DAA00031005048816001260846304003D100F023
:10DAB000F8FB00F0B6FFF104686900F03DF93C2086
:10DAC00000F0A4F8E0B200F0A1F8009800F0E1F94D
:10DAD000300547490860484806603002024908603E
:10DAE0000298FEBD401002A84C6201A894E000A874
:10DAF00010B542480068800501D4FE2010BDC0204A
:10DB000080033F49086000F0BBF93A4909688A7808
:10DB1000D20702D589688C7800E00C7800F0B9F95A
:10DB2000200010BD334909688A688B78DB0704D56B
:10DB3000927818235A438A180C329060704700007C
:10DB4000100002A8084001A848C001A8F1B582B0A1
:10DB50002C4F3C680026200F000702D1E001029004
:10DB60002AE000F05EFF00F08BF9019080210903AC
:10DB7000606800F0E1F825786D1C6078A84200D25A
:10DB80000025E80020180C300090006802908021E9
:10DB900009030098406800F0CFF83D2000F036F807
:10DBA000E8B200F033F825700098A060019800F00A
:10DBB00070F902A800F09AFF13480068800407D5A6
:10DBC000786901F050FC02990818029000D502967D
:10DBD0000298FEBD480002A8481002A8482002A8EA
:10DBE00094E001A8403E0000506201A814C001A8C2
:10DBF000402002A8CC3E000090E000A8400002A80F
:10DC0000401002A8D03E0000FC0302A84149096868
:10DC1000002901D5404908607047F3B581B03F4FF6
:10DC2000B9683F4C4A004CD50125090100D5212592
:10DC300001003C4A1068566822689206920E94468B
:10DC40003A689300802213406246134380225200B8
:10DC50001A4300920A0023D0890601D5012008E06A
:10DC6000F021014007D16946097A0C220A4002D00E
:10DC7000022000F03FF82C49096809040AD53968E8
:10DC8000090701D5022605E03968490301D50026B8
:10DC900000E003264835009A24490968890003E01A
:10DCA000009A2249C96909094023194011439A0081
:10DCB000002E02D0164326660835216602432266EE
:10DCC0002566E06D4407640F00F0C4F8A0070BD090
:10DCD000052C09D0B868000406D400F0D1F8022160
:10DCE000134A116000F0D5F800F0BDF8002000F0F4
:10DCF00001F8F7BD0B490A68F0239A43000110436D
:10DD00000860C0B270478020C0020A4908607047AE
:10DD1000000000004C0002A8884000A8440002A8AF
:10DD2000284000A8683F0000384101A8084001A829
:10DD30007CD40350485000A880B5664A116001F0B9
:10DD4000BDFBFFF7E0FF01BDFEB500F099F80290C2
:10DD50001020614908600023604803600220604988
:10DD600008606048C0684005C20DD52A01D2D5229E
:10DD700004E0D1204000824200D9020010000100DE
:10DD8000594C0194843C246864011DD5574C00947F
:10DD9000251D574E367806277E43AA530024019D41
:10DDA0002D7CE540ED070CD5009D06266643AD1998
:10DDB000AD888FB2BD4200D2290086B2AE4200D2F9
:10DDC0002800641C022CEAD389B246310904494C6C
:10DDD0000C404638C005C00D204342490860C020B1
:10DDE0000006454908604048017D00290CD04349A0
:10DDF000D52A02D98024E4050C60D1246400A24213
:10DE000002D2802424060C6010213D4C21603D4943
:10DE10000B604188002900D10280029800F039F897
:10DE2000F7BD80B53848394908603948C1680902EA
:10DE3000090A19225143416005210160FFF784FF5F
:10DE400001BD33480068C00300D4704780B5FFF7B8
:10DE50007BFF01BD8020C0021E4908602D4800687C
:10DE60004007FBD470478020C0022B4908607047F0
:10DE700001E02A4908602A4909680140F9D1704740
:10DE8000284800682021284A11601021274A116083
:10DE900070473021014002D11020234908607047AB
:10DEA0002048006830210140102901D1012070472D
:10DEB000002070471E4800780621014007D01D4809
:10DEC0000068022803D0032801D0012070470020F9
:10DED00070470000401002A8F41302A8048002A8B2
:10DEE000409002A87C400050743F0000643E000057
:10DEF000603E00000000FF01A0600050A4500050F0
:10DF0000F42302A818E000E07F1A0601500002A8DE
:10DF100010E000E0400002A8402002A8282002A84B
:10DF2000280002A85C0002A85C2002A85C1002A8DD
:10DF3000BC3E00006C3F0000FEB553488021490202
:10DF400081610221514A51600021514A1160514AB8
:10DF5000118003214D4A1160022101604E4804687E
:10DF600020204E49086080204D490860CC20800167
:10DF70004C49086001204C4908604548806F019079
:10DF80000F26000B3040009048480068C505ED0D95
:10DF9000103DC0202843C0B2FFF738FEE0050BD586
:10DFA0000098092808D0FFF785FF002802D04048D4
:10DFB0000068804701F0D8F8019806403D480468A1
:10DFC000032E04D0022E06D10098032838D000F08A
:10DFD00003FA032E04D00098062831D1062D2FD045
:10DFE000354800680127C00B384001D001F084FBA0
:10DFF00032480068000108D5052D06D101253048BA
:10E0000007606805FFF734FF00E000252100009855
:10E0100000F0E4F904002B4E002D05D000F08AFB3F
:10E020003760022028490860780570658009274913
:10E030000860FFF73FFF002802D0254800688047AE
:10E04000124880214902C1610099002908D10221AA
:10E05000416000200E490861C020C0001D490860D1
:10E060002000FEBD80B5FFF7F5FE1B480078800656
:10E0700002D4022019490860FFF7F5FE01BD022015
:10E0800017490860704700002C1002A8282002A839
:10E09000340002A8743E0000B40002A894E001A875
:10E0A0000CC001A8506201A894E000A804ED00E0B3
:10E0B0003C380000B44000A800E200E0F03E000060
:10E0C000645000A8646000A82C4000A880E200E032
:10E0D000383800002C6001A8C83E0000081002A8D3
:10E0E000082002A87B480068800700D4704730B53C
:10E0F00081480421904A0123E024E40085682540FA
:10E1000002D01360D160D3600068044002D0136075
:10E110005160536030BD89480121816001607047C2
:10E1200010B5012075498A680240FCD1844A042355
:10E13000D3600C680440FCD15360106010BD81496D
:10E1400008680122104200D1704710B5E023DB00BF
:10E150000340FF24A41CA34204D37B4B1B689B06F3
:10E1600000D54868024001D000F0B6F810BDFEB5F9
:10E170000700C8207549086006207549086080209E
:10E1800040037449086074480168744A0A40802159
:10E19000090111430160724CC020C00020600225BB
:10E1A000A56168036F4908606F4E7048F0664C20A7
:10E1B0006F49C86638686F498968814201D2009109
:10E1C00000E000900099401A38600121380000F00A
:10E1D00055FB01903868009940183860FFF782FFBE
:10E1E000634800686349086063480168490601D5CF
:10E1F000624900E0624931670199002908D1032191
:10E20000E16100683068054002D080208002206112
:10E210000198FEBDF1B55B4C8020C00120605A4DD5
:10E220000126AE62594F3E601D2028605620686668
:10E23000072001F00FFB02202860062129665449BF
:10E240000968002902D408212966696651492965AF
:10E25000C021C900504A1268F823DB01134001D1E4
:10E26000A96700E07961E16B314008D0216BC907F3
:10E2700005D44A490968084001D101F0F3FA484839
:10E2800048490860206B064001D1FFF72BFF00983A
:10E2900001F0CEFA206B8001FCD4206A424908606C
:10E2A000F1BD30B53748414B0121026B0A4001D125
:10E2B0005961D9603E4A3F4C54663F4C1465032473
:10E2C0001C600023CE4D2B6014609162C903016075
:10E2D00030BD00004C0002A8F0210901374A11604E
:10E2E00001403748016020203649086036490968F6
:10E2F0000840C849086070476C0102A8700102A874
:10E3000080B532480821324A13680B4001D00161C0
:10E3100041611178C90602D5862109010160FFF724
:10E320000EFF14202B490860BB480168490701D043
:10E33000FF21416101BD0000681102A86C2102A803
:10E34000682102A8783F0000400002A8548001A87C
:10E350000C9001A8942002A8680102A8FFF1FFFF19
:10E36000441102A8A01002A8E40002A8294E060049
:10E37000300002A8A03F0000FC0302A8CC3F000030
:10E38000C43F0000100002A8E01002A8442102A827
:10E3900028C000A80C1E0000A88001A8483E00006C
:10E3A000FFFF7F7FB46000A89C3F0000602102A8AF
:10E3B000E02002A85E060000041E00002C6001A8F8
:10E3C0002C5001A8442002A8084001A8301102A83E
:10E3D000F84F0000703F000070470000F8B586B0AD
:10E3E00005000C008D48866AFFF74AFD0590B005D0
:10E3F00003D58B480068FFF795FB002001900122B0
:10E400007306DB0F87498F688860B8204000864E0E
:10E4100030606608B82030400978F0260E40402E63
:10E4200002D10100402008430D2D02D139000427FC
:10E430000F43790704D501001420084310218C43B1
:10E440007A4909686D462A7004930500784EC8051C
:10E4500006D5802040007749086028000125054343
:10E460000498002811D10C20284008280DD028003D
:10E470006A49496BCA0601D410229043890601D427
:10E4800020218843B121014067D0684600780028E8
:10E4900065D0B26BB06D012101235207520F921D5E
:10E4A0009340C004C00C181A80B2082809D28025F5
:10E4B00006205A4A106008049D4A106000206A46EF
:10E4C0001070812028404DD00820049A002A00D1E5
:10E4D00030623A0008271743102084430420039039
:10E4E0000005984A10604008974A106097480160FC
:10E4F00068460078002832D00398062838D394481C
:10E50000806BC00634D593480068000E0190904897
:10E51000006880B202908F48006A000604D002981A
:10E520008021490101430291FFF7C4FC002809D072
:10E5300089480078C00605D002988021C9010143AE
:10E5400089B2029102983061029800123061374816
:10E550000168C80500D57AE70AE008203062009417
:10E56000049732E090A06906C90E405C0390BFE7B3
:10E570000094049703982949CB6A764A1268346854
:10E580006F463C8128241C400443980CC001204362
:10E590001C001B0E23401024234003439000402204
:10E5A0001040184302AA9070086B000A02A9C870B4
:10E5B000FFF79EFA02A90871019848716748006840
:10E5C000C8800298F0660398F0660598FFF761FC32
:10E5D00008240098400601D55A488460FFF76AFC79
:10E5E000002805D05E480078002801D05D4804600E
:10E5F0000498C1B2E8B2FFF710FB009807B0F0BD75
:10E60000400102A8081A03D2574909684018401C63
:10E6100070470000441002A80C4000A8180002A88F
:10E620001CC000A8683F0000B46000A81C0100AA3C
:10E63000540000AA1C2100AAF8B54C4E0F24012555
:10E640004B491027706B38401BD001200870494897
:10E65000006849490968FFF7D5FF4849096840182B
:10E6600001284BDB01F0AAF945490968090B0C4068
:10E67000022C41D16905434A11604349CF6335609B
:10E680003AE0F06BC0001ED540480068E0218905E3
:10E69000014033D03A4D286821030140780281427D
:10E6A0002CD1FFF7EDFB3A4A3A490968C90502D572
:10E6B0003949096811602968090B21400229F3D002
:10E6C000FFF7E7FBF1BD354E3068002816D00D701E
:10E6D00001F0AEF8002811D101F070F9284909685D
:10E6E000090B0C40022C07D12904264A1160022193
:10E6F000254A11600021316001F064F9F1BD8020EC
:10E70000800427490860704780204004244908603D
:10E7100070478020C00422490860704780200005AF
:10E720001F4908607047802040051D4908607047F8
:10E73000141100AA1B480168490701D0FF2141615B
:10E7400070470000401002A8205001A8006101A8F5
:10E750001C4000A8084001A8C43E0000448001A855
:10E7600048380000845000A838C001A8100002A852
:10E77000773E00001CC101A820C001A8E03E0000B7
:10E78000AC0002A81C1002A8082002A8204001A882
:10E79000800000AA084000A8904000A84C3E00005D
:10E7A000382002A80C4000A8030107060301070651
:10E7B0000501060605010606030207060302070611
:10E7C0000502060605020606FF2807D0032805D223
:10E7D000A9490978C140C807C00F70470020704799
:10E7E000F0B5802000020821A44A11600A2301210B
:10E7F000A34A01249C400443B6A5ED5C25439560E3
:10E80000F025A04E35609D4DB5A6F65C0227374336
:10E810002F6004262E609C4D2D680D4006D1CD0240
:10E820006D1E03D0966C3603FAD401E00220F0BDD1
:10E83000956CD66C6D036D0BAE4200D220005B1E52
:10E84000D7D508238F4C23609060904B1B685B01E9
:10E8500012D58F4C63785D1C01262E4066701D001A
:10E860000626754365191268AA80E88023708248DD
:10E8700002789940114301700020F0BDF1B582B0DB
:10E88000FFF749FC002481480068400102D40120C0
:10E8900001901DE07F48826B00207D49C3B20625B0
:10E8A0006B43CB189B8895B2AB4204D0401CC3B2DB
:10E8B000022BF3D3FF2008700120019073480068F9
:10E8C000400105D50878FFF77FFF002800D00194AC
:10E8D0007148006871498861714D02980068296D1E
:10E8E0004618002E15DD00F072FD2860C001301AB8
:10E8F00000280EDDFFF714FC00F093F80298006882
:10E90000296D401800F094FF050002D002980460C1
:10E9100085E0644E802080003060604A10680728DF
:10E920002ED005210840052805D011600C2000F0EC
:10E9300091FF050073D15C4D5C482862FFF7F0FB46
:10E9400002202860E020C0025949086000025949AD
:10E95000486080208004706002203060012000F058
:10E9600079FF802040002862022000F073FF902091
:10E9700040012862022000F06DFF8020C000286264
:10E980004D4EE02040003060042000F063FF0500A1
:10E990003CD10220474908608002B062C001B062E9
:10E9A00010203C4908600127F7654026434800686D
:10E9B00030401BD135480068400113D534480078F9
:10E9C0006946087068460078FFF7FEFE002809D007
:10E9D0002F4869460978062251434018C0882D49BE
:10E9E000086403E0FFF7FCFE05000FD1294807602B
:10E9F000C467022000F02EFF314C2660B00020607A
:10EA0000022000F027FF8120C002A06201980028A8
:10EA100005D02A480068800101D4FFF712FA2800C7
:10EA2000FEBD70B5FFF777FBFFF77AFB02261948AA
:10EA30000660244DF0022862C4082C62012000F018
:10EA400009FF600828622E601F482862E02040000D
:10EA50001B490860174D2E60FFF7FCF91B4E3078FC
:10EA6000002800D005200D490860FFF7FCF92C6054
:10EA700017480068706370BD843F0000889001A84B
:10EA8000448001A888A001A8140002A8F03E00005C
:10EA9000603E00000C8001A8F80302A83C0102A817
:10EAA0008C3F0000941002A83C1102A8BD08000091
:10EAB000142102A8942002A82C9001A84C0002A8BE
:10EAC0002CA001A83C2102A8FD680000603F0000C6
:10EAD000300002A8000000010102040810202000FC
:10EAE000505050404040403020202000F8B50400F5
:10EAF000FFF716FB2948C021C900294A1268F823EC
:10EB0000DB01134002D1274A116000E0016000944C
:10EB10002549AC2252008A640A220A6023498022D5
:10EB200052030A60224C626A224B13408022D200B8
:10EB30001A43626280222260022242605003C8604F
:10EB40001D48E0601D4E4C20F0661D4D6869962101
:10EB5000C901471800980068874200D30700C01B0E
:10EB60000099086000210098FFF788FE0099096865
:10EB7000C919009A1160316829601249096849066B
:10EB800001D5114900E011492161F2BD8020000149
:10EB90000F49086000010F4908607047582102A81A
:10EBA000AC8001A8581102A80C8001A8941002A8FA
:10EBB000440102A8FFF1FFFF286E0600300002A802
:10EBC000903F0000FC0302A8CC3F0000C43F0000BF
:10EBD000401002A8685000A8F1B584B0B44800689D
:10EBE0000390B448006B9621C901401804998842EB
:10EBF00005D2081A00F01CFE002800D013E2AE4C2B
:10EC00006068C00700D50EE20420AC49886280032A
:10EC1000AB494862AB480568606B8607B60F032EA8
:10EC200003D01020A549886224E00846802189028B
:10EC30004162A16B890601D5012062E0290610D549
:10EC4000A26B02210A400CD19F4A05231360A36BDB
:10EC500010273B401943116000211160616B090AC4
:10EC6000116004218162A06B002803D5C803934979
:10EC700048620026606B400705D5606BC0008021AC
:10EC80004900084003E08B488068C10701D5FFF7C1
:10EC900023FB0122154008D0B748B1014018006A93
:10ECA000C004C00C401EB549086000200021B44BD0
:10ECB000DB6E1B0417D5B34B1B68002B13D401214B
:10ECC000AE4B5B69002B0ED0AF4B1A70AF4A106091
:10ECD0001022AF4B1A60CA06AE4B9A670723AD4DA0
:10ECE0002B60AB4B5A65AC4AC0239B0013603502C6
:10ECF000002901D0190000E02900CC4E316053609A
:10ED00007560E16B942292050A40150000D0012540
:10ED100080263602284300062CD06A482821405C11
:10ED2000C0210140402902D1FFF79CF901E0FFF723
:10ED3000A6F9202020602D0600D174E1944D606B6F
:10ED4000400708D570085E4948620220686000F0FC
:10ED500059FA002806D004205849886240025849D0
:10ED600048626E6057480078000600D45BE13001CD
:10ED70005249FEE00125606828405AD1AC4800683D
:10ED8000C005400F022803D0032801D0062802D175
:10ED900069464D7005E0002069464870A548A649BF
:10EDA0004860680446498862FFF754F87348406E2B
:10EDB000E16B0E4008D1C00606D5FFF761F80221CD
:10EDC0009E4A1160FFF765F8FFF74DF828032060B1
:10EDD0009B4EC02000067060280497490860606B55
:10EDE0004007C10F684601703020039949072CD5B0
:10EDF0004021A24A1162904F490139660321916472
:10EE00000021116030607D6580207060062000F078
:10EE100021FD00280DD12802F866022000F01AFD1D
:10EE200028029749886618207060082000F012FDBB
:10EE3000002800D0F7E024207060E020C002904954
:10EE4000C865A020C00238666FE0E16BC90246D5F4
:10EE5000BE4949680902090E01914909022901DBED
:10EE6000884A01E0B32292000199302937D3114931
:10EE70000B88E72B33D395277F00BB4205D8FB1ABD
:10EE80001B095A43920A534204E07F4FDB191B09C6
:10EE90005A43930A5BB2019AD2180F6BBC46CF6BF0
:10EEA0007B436746FB180B639F2A0FD39F2210E01A
:10EEB000FC0302A8743F0000100002A81C2002A856
:10EEC0001C1002A8C83E0000E40000AA202A00D8B6
:10EED00021221102114312040A4329490A60674999
:10EEE000AA020A629A4A8A6414220A603060524F67
:10EEF0007D65E020C0026249C865A803B86640028B
:10EF00007060062000F0A6FC002833D12D06FD66B7
:10EF1000022000F09FFC5A4885666809706008204E
:10EF200000F098FC002825D17560032000F092FCC9
:10EF300088481849886700F04AFA874D401DC0018B
:10EF4000296B401801908548406F8021C901084015
:10EF500002900846824908600198049988421FD2AD
:10EF60000846296B401A00F063FC002816D002986E
:10EF70007C49086057E000BF0C0000AA204000A8B0
:10EF8000CC4001A8784201A8763E0000703E000007
:10EF9000645000A83C6000A8046100A80498019097
:10EFA000206AE86204270398384001D0402002E03C
:10EFB000F8057060C0087060012000F04BFCB801DB
:10EFC0001D490860019800F033FC8A4E68460078BD
:10EFD000002805D161480068F0613805864908605D
:10EFE000029860490860854885490860244879028C
:10EFF000416669464978002900D10760206A686245
:10F0000068460078002808D0012000F023FC307802
:10F01000000602D5780492490860E06BC00202D570
:10F020004A480068286305B0F0BD00BF045100A83D
:10F03000204001A8040000FFB41002A87CE40350A3
:10F04000441102A810B5FEF71BFF864900240C608E
:10F050000A22CA61FEF71DFF8348C02189020160B0
:10F0600082494160824810210160C9054165402004
:10F07000804908608048047010BD0000400102A86B
:10F08000B82002A833070000D6FEFFFF7B48406B84
:10F09000800300D47047F8B5794804680027002041
:10F0A00000257849E20706D5C02080028025ED03BF
:10F0B000EA0A0A6003E0A20701D40320402528439E
:10F0C000C862012000F0C6FB802040006E4908673E
:10F0D00008206E4908606E490968090203D46D4929
:10F0E00009680140FBD0012000F0B4FB6A4EE00744
:10F0F00002D58020800430643564042000F0AAFB2F
:10F10000600702D5E020C002F0606448306401204E
:10F1100000F0A0FB62483064C320000630645A4807
:10F120008021490201671021B163890271615D4943
:10F130000F60012232603022F2638F6280218901E8
:10F140004E4A116009010160F1BD0000F83F000066
:10F15000F3070000FFFF7F7F743F000020C001A87D
:10F1600094E001A894D001A8F8B54F4800680D2795
:10F1700007400424002F00D104274C4810256603C3
:10F1800008214B4A4B4B1B682340126814D0426045
:10F19000394004D00220FEF7ADFD474806603C40F0
:10F1A00007D046480068054344480560B008424916
:10F1B00008600220424915E00260394005D0022073
:10F1C000FEF798FDA0023C4908603C4006D03B4851
:10F1D00001680D43056070093749086038480660CA
:10F1E000300329490860FFF751FF00210020FEF796
:10F1F00014FDF1BDC83E00001C1002A8030003006E
:10F20000482102A810B580202E490A6802400AD081
:10F210002D4B1A680624144005D15C6E2B4A2240FF
:10F220001B6D9C0101D5002010BD096808400DD060
:10F230002748824203D1180501D5012010BD254879
:10F240000068C107C90F481E8041C00F10BD224889
:10F250000321C163A8218163102101607047000070
:10F260001C2002A8D80000AA402002A804000080A8
:10F27000646000A82C4000A8763E0000100002A8A0
:10F28000FC0302A81C1102A8442002A84C6201A899
:10F29000C44001A84C4201A8082102A82400000192
:10F2A00098008800600102A8B44000A8E83E000071
:10F2B0001CC101A8440002A8401002A8683F000039
:10F2C000685000A8400002A814C001A81F1F000039
:10F2D000010C000030C101A8082002A86C48006899
:10F2E0000121084209D16B4A12686B4B000C18408F
:10F2F000F03291400B40984201D00220704700202C
:10F300007047F8B507000F386A461080604CA06857
:10F310000A0004D16B461B8882B29A423AD200227C
:10F320006B461A80012502263A0013D0226832402B
:10F3300007D000292ED059480088401C5749088022
:10F3400000203900E16056490E6080B2B84201D316
:10F3500069460D805348456000E030BF206830406A
:10F3600003D1FFF7BBFF0028F7D04D4845603900B7
:10F3700010D02168314005D048490A886B461B8867
:10F38000D2180A8006600020E060A068B84201D26E
:10F3900044480660FFF7A2FFF2BD38B5050000F053
:10F3A0000DFB0400012199204543A8093E4A12683B
:10F3B0008018123880B2FFF7A4FF05008020C0013A
:10F3C0003A490860200000F0FDFA280032BD3348B9
:10F3D00003883549096802889342F9D11004081856
:10F3E0007047FEB51238070C6946088000F0E6FA4F
:10F3F0000190274C294D2888B8421ADA01202C495F
:10F400000860274E30BF02202168014006D03060DE
:10F410004003264908602888401C2880FFF75EFFCB
:10F42000002802D12988B942ECDB01217160002853
:10F430000DD12888B8420AD1A06869460988884257
:10F4400005D2002168460088FFF75BFF01E0FFF767
:10F4500045FF04008020C00114490860019800F0B5
:10F46000B1FA2000FEBD10B512490A680E4B1B68A8
:10F470000C689442FAD0DB014033141A02D2886936
:10F480002418641C0C4800684443181B10BD00007D
:10F49000280002A804ED00E0FF3F0000743E0000D9
:10F4A000282002A8281002A8300002A880E200E06C
:10F4B0002C1002A820C001A8B43F0000F0B502E063
:10F4C0000A601C602E607EC84F1C07D05F1C04D0F1
:10F4D0006F1CF5D10A601C60F0BD0A60F0BD000031
:10F4E00080B5FEF707FC01207F49086001BD80B5AB
:10F4F000EB2000F001F801BD30B57C490B681840E5
:10F500001022134210D07A4B7A4C2468224008D043
:10F51000AA4A14682402FF252D022540DD6200243A
:10F520001460802252031A60086030BDF3B50100F8
:10F5300016001C0000250095A148019A3300002701
:10F540000BE0BC464F5D4743AE009E597E40575D81
:10F5500047433740664637436D1CA542F1D339090E
:10F5600039438A080A43510811430840C10901433D
:10F570000F208A0B0A4302405040F6BDF1B582B01D
:10F580000E0000208D490860FD25AD01EF7AA87AB4
:10F5900001900F21394000910ED00B46894A8A49CB
:10F5A0000298FFF7C3FF0199014084480160874832
:10F5B00041438748084001D1012400E04401380953
:10F5C00015D032003B0929000298009E6D7A75190A
:10F5D0004019FFF7ABFF0199091101407748026814
:10F5E0000B0113430360002901D0480044437948CC
:10F5F0000068204001D10420FEBD0020FEBD80B582
:10F600000A0000211180744952888018FFF7B6FF64
:10F6100002BD70B50F22714B5C7905780F20204038
:10F62000C5402009284001259C79C4402C4001D1C7
:10F63000032070BD2F4C2468254005D09D684600EE
:10F64000AD5B6D1E664E3560DD78DE79C640F00735
:10F6500011D5E0060FD5002D0DD06248486008880E
:10F66000488008881C7800192A4080185A78801829
:10F670002A09801800E000200880002070BD80B5B5
:10F6800059480168594A0820014201D0506110616F
:10F69000C90602D58621090111605549554A1268EB
:10F6A00012040CD5544A1268530401D5C00305E076
:10F6B000C0239B0113404202934200D008600D48D2
:10F6C0000078C022024002D18020400508604B48EB
:10F6D000006820221040086049480068C00101D439
:10F6E000FFF705FF01BD00002C4000A8703F00009F
:10F6F0001C1002A8C83E0000F8B5424F38687E686A
:10F70000064041483040414908608024A403404DF0
:10F71000F00228D53F480168080606D53E48006833
:10F72000A86001202870022015E00120014202D0CB
:10F730003A49A9600FE00020C9060CD52949A96003
:10F74000374A91780B071B0F12789A18090951183C
:10F75000A980E880A888A880A888002801D026432E
:10F7600001E0FFF7C4FE264026D0284E74603460C6
:10F77000A88800280ED0F96981420BD3291D294899
:10F78000AA6890470100F3D0FEF7B4FA0120264999
:10F790000860F1BD01000CD0FC218902B161234950
:10F7A00002038A6134604C60FA69824204D30C60BF
:10F7B000F1BDEB20FFF7A0FEF1BD0000503E0000C0
:10F7C00001010101F83E0000383F00001111000066
:10F7D00021840000F43E0000183F0000483F000074
:10F7E000204000A8631F0000F84F0000302102A84D
:10F7F000441002A8384101A8204201A8084001A8ED
:10F80000CC4000A8B44000A8FFFFDFFFB46000A810
:10F81000543E0000C83E000044380000771F00003E
:10F82000493F0000D44000A82C4000A8B45000A8D4
:10F8300010B5C409FFF7CBFD201A312806DAC00045
:10F84000183801D4C01EFDD5002010BD2000FFF7E0
:10F85000C8FD10BDC32148436F3801D41E38FDD503
:10F8600000207047FEB5C020C00436490860364805
:10F870003649C8651024364804601020FFF7EAFFB7
:10F8800000285ED1FF200005324908603248334924
:10F89000086033482D49086025042E48056031482A
:10F8A00007680820FFF7D6FF00284AD108262E480F
:10F8B00006600120FFF7CEFF2A48806802902B489F
:10F8C00006602B4821490860224805600820FFF7A0
:10F8D000C1FF002835D1244806600120FFF7BAFF98
:10F8E000204DA868019021480660184E21483060DC
:10F8F0000299019800F046F80104FC2080030840BA
:10F9000000900298C10B0198C00B00F03BF8000674
:10F91000FC21890501400098014317480A0C424028
:10F92000FF239B1CD2181040084330602F60E00377
:10F9300008490860286828601048046010498164FC
:10F940000020FEBD20E000A8F71700002C0102A84F
:10F95000401102A8B02002A80000380EB01002A882
:10F9600010103030E04001A8E05001A8E06001A88C
:10F9700030301010202020203F3F0000402102A8FE
:10F98000F7FFF00010B54904CA104004C310991ADB
:10F9900000209A18D30F9A18521052188B115B0E30
:10F9A0005B18DB11D2182023541A01D4220018430B
:10F9B000CC0F611849105B08F6D110BDEFF3108031
:10F9C00072B67047002800D162B6704780B5FEF766
:10F9D00071FA002802D0BE480068804701BD80B59A
:10F9E000FEF7AAFABB48006800030AD4FEF7F4FC4D
:10F9F000FFF74CFBFEF755FC0120FFF723FBFFF759
:10FA000010F880208005FEF733FA01BD80B5FEF7BF
:10FA100093FA80204002FEF72BFA01BDF8B5FEF7FD
:10FA200019FA052080490860FEF71DFA7F4806682C
:10FA30000124264201D1FEF76EFBFEF77DFA9848BD
:10FA400001680091974A40681060B105C80F002115
:10FA500026420FD00091A04B5D6815601D689F4A3B
:10FA600017687B1BBD4202D39769DB195B1C9C4F57
:10FA7000BB42F5D39B4D2960002804D0310000988B
:10FA8000FDF7D0FF00902868204004D16846FEF7BB
:10FA90006EFB002802D10098FEF7BCFBAF48046063
:10FAA0006004FEF7E5F9F1BD38B58F4CE06BC00599
:10FAB00006D580200006206000BF00BF40082060FF
:10FAC000FEF71EFCFEF738FAFDF756FE0500A448C7
:10FAD000A4490860FFF77AFF8020C002FEF7C8F94A
:10FAE000002D01D08020206001209F49087031BD89
:10FAF000F8B5FEF721FAFEF7ADF99C48006802243C
:10FB00007949C96B090407D4000705D5FEF7B8F990
:10FB100097490C60FEF7BDF9FEF7A5F91020C04328
:10FB20009449086000257048856393480560FEF796
:10FB3000C1F90700914E002F03D09148006880471B
:10FB400000E035602C20305C0521014002D0FEF73A
:10FB500089FA01E0FEF793FAF06A044002D001202E
:10FB600061490860FFF78BFD002F02D085480068CF
:10FB7000804780200003FEF77BF9F1BD80B5FEF7DA
:10FB8000DBF954480068000303D4FEF78AFBFEF754
:10FB900048FF80204003FEF76BF901BD38B5FEF742
:10FBA000CBF9514C2025FFF72DFB002806D0206B08
:10FBB000000704D5FFF74BFBFEF7E8FF2560FEF7D3
:10FBC00070FBFEF72EFF704800780C2101400429DD
:10FBD00002D1FEF747FA01E0FEF751FA6804FEF79A
:10FBE00047F94020206031BD1CB5FEF733F90520F0
:10FBF0000D490860FEF737F9FEF79EF9FFF727FB7E
:10FC0000B948006800906846FEF770FF0400FFF7EF
:10FC1000DDFE002C02D10098FEF7DEFF80204004BC
:10FC2000FEF726F913BD00003C1102A8400002A80F
:10FC3000F8B5FEF781F9AD4C256A5020284002D076
:10FC4000FEF710FA01E0FEF71AFA274FFFF7DAFA8B
:10FC500000281BD1786B40071DD4386BE021490187
:10FC6000014018D1A80611D4FEF7F4F8256AA04E79
:10FC7000354207D0FF20C0432D18256280200005A3
:10FC80009C490860FEF7EFF82E4002D00120386052
:10FC900001E00020206080208004FEF7E9F8F1BD3B
:10FCA000B83F00004C3E000080B5FEF745F9924891
:10FCB0000068400601D5FEF7F4FA0120FFF7C2F90B
:10FCC000FEF7AFFE8020C004FEF7D2F801BD0000B1
:10FCD0002C3800000C0002A8D43E000020C001A86F
:10FCE00001FF0000483E0000100002A810B52648A1
:10FCF0000468FEF721F981490968090328D4032122
:10FD0000C00601D5214001E0A0080140012902D12F
:10FD1000FEF7A8F90BE0200107D50E20FFF7E0FB66
:10FD2000A7480421016008210160FEF7A8F9A54C4D
:10FD30002069A5490860FFF749FE2068002807D020
:10FD40004000122802D2FFF785FD01E0FFF725FBF6
:10FD500080208003FEF78CF810BD0000402002A830
:10FD600070012000B46000A8773E0000844000A825
:10FD70007CE40350442002A8503E0000C43E000032
:10FD80003038000034380000F03E0000F8B584B090
:10FD900001266846067000270297FEF7CDF803900B
:10FDA000564C2068000300D597E00320A849C8639B
:10FDB00086480068FB25AD010F210F220240032A6F
:10FDC00003D0000B014006294DD1A2480068A2498A
:10FDD0008E6DE16B890701D59F49CE6DFFF743FB1F
:10FDE0008619FEF767F800280ED02879C1060BD0D7
:10FDF0002868090D4143890B76189749096800293D
:10FE000002D10002400C3618002E01D5019700E007
:10FE10000196606B0107C80F03212A6B0A40022A72
:10FE20001BD1039AD20618D5AA68D30513D5A66BA1
:10FE30008A4B1E409E4203D11021854AD1630CE0BB
:10FE400092050AD4E26B2823134006D16B461F703B
:10FE5000284A116001E06A461770029068460678E9
:10FE6000002E03D10FE07C48406D0190FFF7CAF9E6
:10FE7000002808D0FFF7EBF90298002802D0FEF71F
:10FE800085FE00E00026022071490860002E10D097
:10FE90003020285C0C210140042902D0A06BC00650
:10FEA00002D5FEF7DFF801E0FEF7E9F820206060F8
:10FEB00013E0FEF7F6F9802000060E490860684856
:10FEC0006849086001A8FEF711FE0400FFF77EFDF7
:10FED000002C02D10198FEF77FFE80200004FDF780
:10FEE000C7FF05B0F0BD0000CC3F0000D03E0000D1
:10FEF00000FFFF00441002A8440102A80C0002A861
:10FF0000FEB500240194FEF717F8FFF75FFD564E8B
:10FF1000F06E564D0007000F072807D170680028C3
:10FF200004D40020FFF78EF8286841E00121032067
:10FF30004F4A73685B070BD44E4B1B680B4007D0CE
:10FF40001368DF050BD55B0502D43368DB0503D4EA
:10FF50000191916A890904E01021474B1960916A67
:10FF60000909084000900020FFF76CF8009800286D
:10FF700005D17068C00602D4FEF781F801E0FEF7F3
:10FF800071F800200199002903D13C480068FFF76F
:10FF90006AFA6969401801D5009400E0009068464B
:10FFA000FEF7E5F8002805D10098FEF733F9A869B7
:10FFB0000549086080200005FDF75AFFF7BD0000E5
:10FFC00080E200E0AC3F00004C3E0000AC0002A824
:10FFD000F8B5FDF7B1FF002400252948066B8027FE
:10FFE0007F05300606D5300709D5FFF730F9FEF753
:10FFF000CDFD29E001251F480068284019D00020C8
:020000025000AC
:10000000FFF720F80220064002D01E490C60C861AC
:100010001D480468002D03D02000FDF797FD040063
:10002000FFF715F92000FEF7D7FD3800FDF720FF98
:10003000F1BD16480078C0210140402902D1FEF7E9
:1000400011F801E0FEF71BF820200D490860ECE7ED
:10005000082002A80CC101A86C3F0000100000108D
:10006000FFFF7F7FB46000A8400002A8BC3F0000F3
:10007000C83E0000B44000A8441002A81CC101A85A
:10008000100002A8180000AAD83F0000F03E0000AF
:1000900000F03CF802480349486000F052F800BF05
:1000A000A72A00000000000080B5EFF305800B28B0
:1000B00001D23A2100E02921FF221632002000F06F
:1000C0003FFAFEE710B5C20018231340FF249C40FE
:1000D000E2438907090E9940030004D470489B0845
:1000E0009B00C01806E0AE4B0007000F08388008E0
:1000F0008000181803681A401143016010BD80B5D4
:1001000073225421002000F01BFA01BD10B5FFF747
:1001100055FC0121634A1160634B644A1360644AD1
:1001200013600323634C2360634C2360634B1960AB
:10013000634B196080239B4C2360D160FFF742FC26
:1001400010BDFFF73BFC05000024012160B2FFF762
:10015000B9FF641C0E2CF8D301210F20FFF7B2FF6A
:1001600001211120FFF7AEFF01211320FFF7AAFFA5
:1001700001211720FFF7A6FF03210120C043FFF74D
:10018000A1FF01211B20FFF79DFF4E484E4908604B
:100190007348C16AC1620168016002207149086048
:1001A00001208A49086047046F4C20693840FCD020
:1001B0002068800101D4FDF734FE2800FFF702FC1F
:1001C0006A4D0AE000281BD0FDF75AFE18E02069AE
:1001D0003840FCD03000FFF7F5FB206E0004000F24
:1001E000022801D1FEF728FAFFF7E8FB0600FDF729
:1001F00057FE0028A878E5D0002801D1FDF749FE78
:1002000001206978002909D12978002905D1704990
:100210000968890601D45349086030BF002169701C
:1002200029780029D6D102214E4A11606749086019
:10023000CDE76848016842680A40674810401B499A
:100240000860800703D5A4480188491C01807047D5
:1002500070B56248016840680840000E00066049B9
:1002600080221205104218D05E4B1C68641C1C6072
:100270005D4C5E4D2D682D0407D5A568002D04D07A
:1002800007250D600125AC4E3560402525601B68B3
:10029000012B02D910238B62CA67886770BD0000EA
:1002A00000E400E0040002A80000FF3F282002A8AC
:1002B0002C1002A840E002A844C002A804C001A873
:1002C000044001A8FFFF9B0800E100E0F8B5834C63
:1002D000206B616B01400091814D084628600098B9
:1002E0008049014007D0FDF7E5FD002803D00098C4
:1002F0009249096888478020009901401CD0F82164
:10030000C90123680B4017D0C0221201934213D8B1
:1003100080231B06EB6226680E40924F3F683F0425
:100320003F0F022F01D0032F03D1002E01D09642A0
:10033000F1D38D490B6028608C48007806280DDACF
:100340000098CC218901014008D0FFF737FB040059
:100350000098FDF797FA2000FFF734FBF1BD00008D
:10036000E04001A85C2002A84C0002A8763E0000F4
:1003700010B57F48016844680C407E4804608021C5
:100380000C4205D041607C4801600020FDF77AFAFC
:10039000600403D5802040057849086010BD000046
:1003A0001CED00E0505201A838B57548016844685A
:1003B0000C40E00707D5FFF701FB0500FDF7F8FA51
:1003C0002800FFF7FFFA6F48046031BD5C1002A8F7
:1003D000F40302A8280002A8FFFF00C0B44000A850
:1003E0003C6000A8703E00002C4000A8384101A8E5
:1003F000FEB5654C206C666C064001273E4216D067
:100400003D0662480560206861490F60002802D0FF
:100410000021FDF791FC5F480068A021C9018842D6
:100420008041C043C00F5C4988705C480560FDF79F
:1004300027FD029002210E4049D06068C2B20192AD
:10044000000A009008224B4B4C03554D0020019EA2
:10045000012E27D0022E38D1009E012E24D1EE7815
:100460000096504E2F780C2047430020F0512878FA
:10047000400590277F04C719032038434A4F38604E
:100480001C604A480460301D2B780C246343484CA0
:100490002468009FE419C45028780C235843315035
:1004A000444811E00091DCE7002E0ED1424E376047
:1004B0003C4E361D2D780C277D4370515C601C60CE
:1004C000C8043E4B18603E48026031480160029803
:1004D000FDF7DFFCF7BD0000743E00001C4201A8E0
:1004E0004C6201A80200060070B5FDF7C9FC0400CB
:1004F000FFF764FA2C490A68D20717D5294A121D5A
:10050000304B5D7A0C2675435659294D2D681E6077
:10051000CE685E604968D9818021C9041B4E316074
:10052000197B69185B7A0C256B43D150FFF74AFAA7
:100530002000FDF7AEFC70BD3C5000A84038000024
:10054000002800D0704710B50C00FDF799FC1E493B
:100550000C6001221D4B1A600B6C1340FCD1FDF79F
:1005600098FC10BDAC0002A8785201A8403E0000E3
:1005700090C001A890E001A80CC001A804ED00E023
:1005800090C000A890E000A800C002A8401002A8F7
:1005900040E002A8404000A8763E0000402002A8AB
:1005A0008D3E0000300000A860C101A894D001A8D1
:1005B000200000A8F42302A860E101A880E200E086
:1005C000F41302A8843E0000008002A8409002A814
:1005D000900E050000000000480605000100000024
:1005E0000000000000F04902900E0500000000002D
:1005F0006C060500010000000000000000F0490248
:10060000900E0500000000009006050001000000AB
:100610000000000000F04902900E050000000000FC
:10062000B4060500060000000000000000F04902CA
:10063000900E0500000000008C070500010000007E
:100640000000000000F04902B0070500809C2B8FDD
:1006500080841E00000000002700FF7FE84000208B
:10066000000000004812050000000000100905000D
:10067000809C2B8F80841E00000000002700FF7FDD
:10068000E8400020000000004812050000000000C3
:10069000700A0500809C2B8F80841E0000000000E3
:1006A0002700FF7FE84000200000000048120500FE
:1006B00000000000D00B0500809C2B8F80841E0062
:1006C0000000000022002C01E84000200000000093
:1006D0004A12050000000000D00B0500809C2B8F03
:1006E00080841E00000023002300B600E8400020A4
:1006F000000000004A12050000000000D00B0500B9
:10070000809C2B8F80841E000000240024009D000C
:10071000E8400020000000004A1205000000000030
:10072000D00B0500809C2B8F80841E0000002500CC
:1007300025007D00E8400020000000004A1205006E
:1007400000000000D00B0500809C2B8F80841E00D1
:100750000000260026003A00E840002000000000CB
:100760004A12050000000000D00B0500809C2B8F72
:1007700080841E000000270027002C01E840002094
:10078000000000004A12050000000000300D0500C6
:10079000809C2B8F80841E00000000002700FF7FBC
:1007A000E8400020000000004C120500000000009E
:1007B000FC4F0103B810050010400100004100008B
:1007C0003C400100000000004840010020070400F8
:1007D00050400100000000005C4001000D0F0000CF
:1007E00004410100FF4C000020400301000000868E
:1007F0001FC001000020000038400101000000007F
:1008000058400401180005004008000009000000DD
:100810009200040080400F018C002C0200000000B8
:100820001200120000808C19000000000002050E6A
:100830001C2F4353626968615543320416100E0E33
:100840000D0C0A0807060504030302020201010158
:1008500001010100EC40010180B0B18CFC400301BA
:100860009C200B00055B60804737414A0C41030127
:10087000B85512002A1949290908404028410101A8
:10088000FFDD0000384107014CD4E83B04196F102C
:10089000080E141A20262C32383E10325476980A4C
:1008A0001D00000070410101C0030000344201013D
:1008B0000008000E4842010158AA1EC078420101FA
:1008C0000000008038800101114910009C80030164
:1008D000EB40020070380300D0000000A880011136
:1008E000F0010000A8800131055AFD01AC80011122
:1008F000F0010000AC800131053EFD00E400010282
:100900006C2C511154010102C43F0000FFFFFFFF96
:10091000FC4F0103081105001040010000410000D8
:100920003C40010010000000484001002017040076
:1009300050400100010400005C4001000D0F000068
:100940000441010003C001002040030130000046C3
:100950001FC8010000200010384001010000000005
:10096000584004011800050040080000090000007C
:1009700092000A0080400F018C002C020000000051
:10098000120012005B808C1B000000000002050EAC
:100990001C2F4353626968615543320416100E0ED2
:1009A0000D0C0A08070605040303020202010101F7
:1009B00001010100EC40010180B0B18CFC40030159
:1009C0009C200A0001612080B75635120C410301BA
:1009D000B8551200A01B0429088840402841010195
:1009E00000000000384107014CD4E83B04196F3087
:1009F0000A10161C22282E343A4010325476980AD7
:100A00001D5F80A47041010100000000344201011B
:100A10000008000E48420101F4811F0078420101E4
:100A20000000000038800101114910009C80030182
:100A3000EB40020070380300D0000000A8800111D4
:100A4000F0010000A8800131055AFD01AC800111C0
:100A5000F0010000AC800131053EFD00E400010220
:100A60006C2C511154010102C43F0000FFFFFFFF35
:100A7000FC4F010358110500104001000041000027
:100A80003C40010010000000484001002007040025
:100A900050400100000400005C4001000D0F000008
:100AA0000441010003C00100204003013000004662
:100AB0001FC80100002000103840010100000000A4
:100AC000584004011800050040080000090000001B
:100AD00092000A0080400F018C002C0200000000F0
:100AE000120012005B808C1B000000000002050E4B
:100AF0001C2F4353626968615543320416100E0E71
:100B00000D0C0A0807060504030302020201010195
:100B100001010100EC40010180B0B18CFC400301F7
:100B20009C200A0001612080B75635120C41030158
:100B3000B8551200A01B0429088840402841010133
:100B400000000000384107014CD4E83B04196F3025
:100B5000080E141A20262C32383E10325476980A89
:100B60001D5F0000704101010000000034420101DE
:100B70000008000E48420101F4811F007842010183
:100B80000000000038800101114910009C80030121
:100B9000EB40020070380300D0000000A880011173
:100BA000F0010000A8800131055AFD01AC8001115F
:100BB000F0010000AC800131053EFD00E4000102BF
:100BC0006C2C511154010102C43F0000FFFFFFFFD4
:100BD000FC4F0103A8110500104001000141000075
:100BE0003C4001000000000048400100A007040054
:100BF00050400100000000005C40010000000000C7
:100C000004410100FF4C0000204003010000008669
:100C10001FC00100006000003840010100000040DA
:100C2000584004016402FF00400800000100000079
:100C30009200080080400F018C000C0200000000B0
:100C4000D703220000000000000000000002050D94
:100C50001A2D3F506068696357463525150D090800
:100C6000070605050404040303030302020202024B
:100C700001010101EC40010190382C8CFC40030182
:100C80009C200A00055B58804737414A0C4103010C
:100C9000B85552002A194929893B40402841010191
:100CA000FFDD000038410701E853FA0000000000B2
:100CB0000000000000000000000000000000000034
:100CC0000000000070410101C10300003442010135
:100CD0000000000E4842010158AA1EC078420101DE
:100CE0000000000038800101114910009C800301C0
:100CF0000000000070780300FFC00200A88001110E
:100D0000F0010000A88001310542CB01AC80011147
:100D1000F0010000AC800131050A0D00E400010281
:100D20006C2C511154010102C43F0000FFFFFFFF72
:100D3000FC4F0103F81105001040010001410000C3
:100D40003C4001000000000048400100A0070400F2
:100D500050400100000000005C4001000000000065
:100D600004410100FF4C0000204003010000008608
:100D70001FC0010000600000384001010000004079
:100D800058400401C804FF004008000001000000B2
:100D90009200040080400F018C000C020000000053
:100DA000B603220000000000000000000002050E53
:100DB0001C2F4353626968615543320416100E0EAE
:100DC0000D0C0A08070605040303020202010101D3
:100DD00001010100EC40010190E82B8CFC40030173
:100DE00090200A00055B58804737414A0C410301B7
:100DF000F56252002A194929893B404028410101E6
:100E0000FFDD000038410701E853FA000000000050
:100E100000000000000000000000000000000000D2
:100E20000000000070410101C103000034420101D3
:100E30000000000E4842010158AA1EC0784201017C
:100E40000000000038800101552510009C8003013E
:100E50000000000070780300D0000000A88001119D
:100E6000F0010000A88001310542CB01AC800111E6
:100E7000F0010000AC800131053EFD00E4000102FC
:100E80006E2C511354010102C43F0200FFFFFFFF0B
:100E90000C40010001810100204002000000000020
:100EA00001000000304003000000000000000000CE
:100EB0000000000040400200000000000040000070
:100EC0006040010001010000A8400100070000008F
:100ED000BC40040000000000000000000000000012
:100EE0000000000008410300FF4C0000FF4D00001F
:100EF000FF4D000020C0011000F8070020C00130A5
:100F0000F502080024C00110FF00000024C00130D9
:100F10000013000028C00700EC80B38343754051E4
:100F2000A00F00483040000000000000000000005A
:100F30002E02000050C00400511130040E2D09E6AD
:100F400054060708D1B6020064C00A000430001C31
:100F5000403018090D647920EBFCFB017FF6E803B3
:100F6000BD4B721511A3180510325476980A000073
:100F7000000000000800010108070000180001013E
:100F8000AAAAAA00200001010060DA001C400101A9
:100F9000100000002C40030100800000000000034E
:100FA0000000000068400201294176710000000045
:100FB000BC4002010000000000000000E04002010F
:100FC0003300000000000000F440020164048307C5
:100FD0008813C83A24410101000000003041020199
:100FE0006406660C0C01000054410101010100007F
:100FF00068410201640483078813820030420101C2
:101000000000000038420201000000000000000063
:1010100044420101000000005442090100000000A8
:1010200000003C0000000000000000005555555530
:10103000170000000000000000000000AAAA06003F
:101040007C4202010000000000000000108001014D
:10105000030000003C80010101000000B08002019B
:10106000000300023700000198000202000C000497
:101070004C000000A400010200040000D0000202A5
:10108000050040AA88010000F400020200000000F0
:101090003D210811FC0001123F000000FC0001325C
:1010A0000054040030010102600051026801010295
:1010B00000040000FFFFFFFF12000000000080009E
:1010C00000000000F4120500A4120500000000005A
:1010D000802596000048E80140420F000108F50015
:1010E00011495002000000004E12050000000000EF
:1010F00000000000000000003E420F000000000061
:10110000000000000000000012000000000080004D
:1011100000000000F4120500B412050000000000F9
:10112000802596000048E80140420F000102F500CA
:1011300011495002000000004E120500000000009E
:1011400000000000000000003E420F000000000010
:1011500000000000000000001200000000008000FD
:1011600000000000F4120500C41205000000000099
:10117000802596000048E80140420F000108F50074
:1011800011495002000000004E120500000000004E
:1011900000000000000000003E420F0000000000C0
:1011A00000000000000000001200000000008000AD
:1011B00000000000F4120500D41205000000000039
:1011C000004786000048E80180841E000101F50008
:1011D00011495002000000004E12050000000000FE
:1011E000000000000000000055841E000000000008
:1011F000000000000000000012000000000080005D
:1012000000000000F4120500E412050000000000D8
:10121000841743000024F40040420F000101F50050
:1012200055255003000000004E120500000000008C
:10123000000000000000000038420F000000000025
:101240000000000000000000030003020301020090
:10125000000000F049020614000000E09304053885
:101260000000A00800000000580901040706100A49
:1012700001040707C80A00040807800B00040808D7
:10128000380C00040908610800000000680800002C
:101290000000C709010404032C0B01040404920C90
:1012A0000104050450C30000E62D0000D007000033
:1012B000D0070000E5BF000010270000C2010000B9
:1012C000C2010000F5DA0200102700002C01000026
:1012D0002C01000050C3000050140000FA00000070
:1012E000FA00000050C30000FC210000B301000020
:1012F000B3010000193F01060410010000010106BE
:1013000000102700000C0000000000000000232D4A
:10131000302B2000686C4C006566674546470030FE
:10132000313233343536373839414243444546004B
:10133000303132333435363738396162636465664B
:101340000062675F6D6573736167652072656365D1
:1013500069766572730062676275660061636C002E
:101360006C6C5F636F6E6E656374696F6E006C6C3E
:101370005F6164765F736574006761705F636F6E51
:1013800074657874006C6C5F76616C696461746F0D
:10139000720062675F6D65737361676500736F6686
:1013A000745F74696D65725F6D6573736167650005
:1013B0006C6C5F6164765F73796E63006C6C5F73F5
:1013C00063616E5F73796E63006761705F706572F1
:1013D000696F6469635F616476006761705F7065FF
:1013E00072696F6469635F73796E63006C32636105
:1013F000705F636F635F6368616E6E656C006D62E2
:101400006564746C735F636F6E746578740000005C
:10141000561305005C130500601305006E130500EC
:101420007913050085130500921305009D1305002F
:10143000B0130500BC130500C9130500DA1305003D
:10144000EC130500FE13050062676275665F696E46
:101450000062676275665F6F7574006267627566C9
:101460005F6E6F666C6F770062675F6D616C6C6F4B
:10147000630000000D0003000200010005000102EE
:1014800003E69D350E480103CCDBFDF4AC1191F46D
:10149000EFB9A5F9E9A7832C5E2CBE97F2D203B071
:1014A00020008BD28915D08E1C742430ED8FC2455C
:1014B00063765C15525ABF9A32636DEB2A65499C7C
:1014C00080DC006C888391AAF5A53860370BDB5A65
:1014D0006083BE000000010001000501000502025A
:1014E00003000200000000000205010005000001E9
:1014F00000010000010001020203000200000000E0
:10150000000202010002BF01FB9D4EF3BC36D874FD
:10151000F5394138684C8BD28915D08E1C74243033
:10152000ED8FC24563765C15525ABF9A32636DEBFC
:101530002A65499C80DCE69D350E480103CCDBFD25
:10154000F4AC1191F4EFB9A5F9E9A7832C5E2CBE98
:1015500097F2D203B0203F49F6D4A3C55F3874C9CF
:10156000B3E3D2103F504AFF607BEB40B7995899E4
:08157000B8A6CD3C1ABD000035
:08157800C810FC7F0100000017
:0C1580008C150500003F0020AF000000AB
:10158C000000000000000000FFFF0000FF00000052
:10159C000200080000000000000000000000000035
:1015AC00020005000000302E302E30000200030037
:1015BC000000303030000000020008000000303025
:1015CC0030303030303000000A000D000000456D26
:1015DC00707479204578616D706C65000A000100AB
:1015EC0000000000020010000000000000000000DD
:1015FC0000000000000000000000000020000400BB
:10160C000000000000000000983F002003000000D4
:10161C00353A01006021002060210020DCCB040061
:10162C00020000003139010000000000010102003D
:10163C00E803000000F0490200800000C0EA21012C
:10164C00C0EA2101C80A00200040070000A00000E9
:10165C0048250020C8000000FE000000000000002B
:10166C00A0CD0400C83F00200400080702000000C1
:10167C00A000000091CA01009D7E04000000000043
:10168C00010000000000000010000000100000002D
:10169C00297E02000000000025A2020000000000CC
:1016AC000000000000000000336F04000000000088
:1016BC00CDAE0200000000000000000000000000A1
:1016CC0079AE0200000000000000000000000000E5
:1016DC008DAF0200000000000000000000000000C0
:1016EC0089B2020000000000000000002000000091
:1016FC0000000000000000000000000000000000DE
:10170C0000000000BDB4020000000000000000005A
:10171C000000000079BD0200000000000000000085
:10172C00FFFFFFFF4371040088D50400FFFFFFFF9C
:10173C009CD50400FB750400F7750400FFFFFFFF48
:10174C00FF75040020C001B8FFFFFFFFBF7A040043
:10175C00297B0400FFFFFFFFFFFFFFFFFFFFFFFFE1
:10176C00FFFFFFFF632A0000FFFFFFFF00000000E8
:10177C000000000003000000583800200041002049
:10178C000000000058380020C03800202839002004
:10179C00000000000000000000000000000000003D
:1017AC00000000000000000000000000000000002D
:1017BC00000000000000000000000000000000001D
:1017CC00000000000000000000000000000000000D
:1017DC0000FFFFFFFF0000000B9604000F960400B3
:1017EC00139604001796040000000000BD8F030040
:1017FC00000000000000000000050005FC001000C7
:10180C002300FF00FFFFFFFF1700FFFF0C0000008D
:10181C000000FFFF01041F0101BF8FAF7F8700375E
:10182C000F10100004040F05140A0301FF0CFF0F26
:0C183C007F0000001D260100F5250100C2
:04000003100045ADF7
:00000001FF
